identifier,path,target,kind,n_metal,n_lattice,normalization_denominator,prediction,residual,absolute_error,validation_prediction,validation_residual,validation_absolute_error,split
0,/tmp/FeCoNiPdPt_CE_fc2lj8yk/FeCoNiPdPt_CE/fcc100/data/structures/0.cif,-0.028297689687500238,bulk,32,32,32.0,-0.02835867528447679,6.098559697655104e-05,6.098559697655104e-05,-0.02809047568079974,-0.0002072140067004985,0.0002072140067004985,fit
1,/tmp/FeCoNiPdPt_CE_fc2lj8yk/FeCoNiPdPt_CE/fcc100/data/structures/1.cif,-0.04416209687499961,bulk,32,32,32.0,-0.03864957614297796,-0.0055125207320216515,0.0055125207320216515,-0.04035926924832498,-0.0038028276266746305,0.0038028276266746305,fit
2,/tmp/FeCoNiPdPt_CE_fc2lj8yk/FeCoNiPdPt_CE/fcc100/data/structures/2.cif,-0.05609643906250028,bulk,32,32,32.0,-0.07214887754560756,0.01605243848310728,0.01605243848310728,-0.06999938134866784,0.013902942286167563,0.013902942286167563,fit
3,/tmp/FeCoNiPdPt_CE_fc2lj8yk/FeCoNiPdPt_CE/fcc100/data/structures/3.cif,-0.06481020499999968,bulk,32,32,32.0,-0.048198617782552924,-0.016611587217446752,0.016611587217446752,-0.04846931821703534,-0.016340886782964338,0.016340886782964338,fit
4,/tmp/FeCoNiPdPt_CE_fc2lj8yk/FeCoNiPdPt_CE/fcc100/data/structures/4.cif,-0.08179324406250021,bulk,32,32,32.0,-0.08124933293166281,-0.0005439111308374045,0.0005439111308374045,-0.08248236474827504,0.0006891206857748272,0.0006891206857748272,fit
5,/tmp/FeCoNiPdPt_CE_fc2lj8yk/FeCoNiPdPt_CE/fcc100/data/structures/5.cif,-0.06553184187499994,bulk,32,32,32.0,-0.04961119465567057,-0.01592064721932937,0.01592064721932937,-0.049330833299515736,-0.016201008575484205,0.016201008575484205,fit
6,/tmp/FeCoNiPdPt_CE_fc2lj8yk/FeCoNiPdPt_CE/fcc100/data/structures/6.cif,-0.03967267250000006,bulk,32,32,32.0,-0.014390235289555301,-0.02528243721044476,0.02528243721044476,-0.012900909768526769,-0.026771762731473293,0.026771762731473293,fit
7,/tmp/FeCoNiPdPt_CE_fc2lj8yk/FeCoNiPdPt_CE/fcc100/data/structures/7.cif,-0.054829518750000084,bulk,32,32,32.0,-0.027747165270294527,-0.027082353479705557,0.027082353479705557,-0.02596856794241774,-0.028860950807582345,0.028860950807582345,fit
8,/tmp/FeCoNiPdPt_CE_fc2lj8yk/FeCoNiPdPt_CE/fcc100/data/structures/8.cif,-0.04628054312499952,bulk,32,32,32.0,-0.054935596204208154,0.008655053079208636,0.008655053079208636,-0.055698230025985604,0.009417686900986086,0.009417686900986086,fit
9,/tmp/FeCoNiPdPt_CE_fc2lj8yk/FeCoNiPdPt_CE/fcc100/data/structures/9.cif,-0.047911892187499916,bulk,32,32,32.0,-0.040437579702556806,-0.00747431248494311,0.00747431248494311,-0.04039617123747706,-0.0075157209500228556,0.0075157209500228556,fit
10,/tmp/FeCoNiPdPt_CE_fc2lj8yk/FeCoNiPdPt_CE/fcc100/data/structures/10.cif,-0.06157206843750007,bulk,32,32,32.0,-0.0451689470065358,-0.01640312143096427,0.01640312143096427,-0.04666317524528671,-0.014908893192213363,0.014908893192213363,fit
11,/tmp/FeCoNiPdPt_CE_fc2lj8yk/FeCoNiPdPt_CE/fcc100/data/structures/11.cif,-0.07859635093749961,bulk,32,32,32.0,-0.07366040954546625,-0.004935941392033363,0.004935941392033363,-0.07388001288832685,-0.0047163380491727636,0.0047163380491727636,fit
12,/tmp/FeCoNiPdPt_CE_fc2lj8yk/FeCoNiPdPt_CE/fcc100/data/structures/12.cif,-0.0623151703125,bulk,32,32,32.0,-0.061705821086078444,-0.0006093492264215572,0.0006093492264215572,-0.06097846708615591,-0.0013367032263440909,0.0013367032263440909,fit
13,/tmp/FeCoNiPdPt_CE_fc2lj8yk/FeCoNiPdPt_CE/fcc100/data/structures/13.cif,-0.06589441781250027,bulk,32,32,32.0,-0.05035639952490084,-0.015538018287599431,0.015538018287599431,-0.04711352981808799,-0.018780887994412285,0.018780887994412285,holdout
14,/tmp/FeCoNiPdPt_CE_fc2lj8yk/FeCoNiPdPt_CE/fcc100/data/structures/14.cif,-0.01903371875000026,bulk,32,32,32.0,-0.04082598278458997,0.02179226403458971,0.02179226403458971,-0.04486989204271398,0.02583617329271372,0.02583617329271372,holdout
15,/tmp/FeCoNiPdPt_CE_fc2lj8yk/FeCoNiPdPt_CE/fcc100/data/structures/15.cif,0.08221234468750005,bulk,32,32,32.0,0.01644455462428633,0.06576779006321372,0.06576779006321372,0.015604312256781439,0.06660803243071861,0.06660803243071861,fit
16,/tmp/FeCoNiPdPt_CE_fc2lj8yk/FeCoNiPdPt_CE/fcc100/data/structures/16.cif,-0.08394338156249948,bulk,32,32,32.0,-0.07359091921106059,-0.010352462351438885,0.010352462351438885,-0.07344817239161544,-0.010495209170884034,0.010495209170884034,fit
17,/tmp/FeCoNiPdPt_CE_fc2lj8yk/FeCoNiPdPt_CE/fcc100/data/structures/17.cif,-0.059822348124999536,bulk,32,32,32.0,-0.045239101523913375,-0.014583246601086161,0.014583246601086161,-0.04536924438739676,-0.01445310373760278,0.01445310373760278,fit
18,/tmp/FeCoNiPdPt_CE_fc2lj8yk/FeCoNiPdPt_CE/fcc100/data/structures/18.cif,-0.004509854687499981,bulk,32,32,32.0,-0.03892284721315693,0.03441299252565695,0.03441299252565695,-0.03832637187881179,0.03381651719131181,0.03381651719131181,fit
19,/tmp/FeCoNiPdPt_CE_fc2lj8yk/FeCoNiPdPt_CE/fcc100/data/structures/19.cif,-0.07841004656250039,bulk,32,32,32.0,-0.07203346879611909,-0.0063765777663813,0.0063765777663813,-0.07024218249224695,-0.008167864070253439,0.008167864070253439,fit
20,/tmp/FeCoNiPdPt_CE_fc2lj8yk/FeCoNiPdPt_CE/fcc100/data/structures/20.cif,-0.06736898531250013,bulk,32,32,32.0,-0.0557164048604009,-0.011652580452099229,0.011652580452099229,-0.05382312781107898,-0.013545857501421149,0.013545857501421149,holdout
21,/tmp/FeCoNiPdPt_CE_fc2lj8yk/FeCoNiPdPt_CE/fcc100/data/structures/21.cif,0.025828195312500135,bulk,32,32,32.0,-0.025254375257967407,0.05108257057046754,0.05108257057046754,-0.0277110101130274,0.053539205425527536,0.053539205425527536,holdout
22,/tmp/FeCoNiPdPt_CE_fc2lj8yk/FeCoNiPdPt_CE/fcc100/data/structures/22.cif,-0.05516046906250072,bulk,32,32,32.0,-0.048478155852984844,-0.006682313209515872,0.006682313209515872,-0.04890800954318178,-0.006252459519318937,0.006252459519318937,fit
23,/tmp/FeCoNiPdPt_CE_fc2lj8yk/FeCoNiPdPt_CE/fcc100/data/structures/23.cif,-0.017895325937500317,bulk,32,32,32.0,-0.01840754255804844,0.0005122166205481227,0.0005122166205481227,-0.016549808631253538,-0.0013455173062467789,0.0013455173062467789,fit
24,/tmp/FeCoNiPdPt_CE_fc2lj8yk/FeCoNiPdPt_CE/fcc100/data/structures/24.cif,-0.06317617843749979,bulk,32,32,32.0,-0.060382742734533534,-0.0027934357029662515,0.0027934357029662515,-0.061419761735512064,-0.0017564167019877217,0.0017564167019877217,fit
25,/tmp/FeCoNiPdPt_CE_fc2lj8yk/FeCoNiPdPt_CE/fcc100/data/structures/25.cif,-0.04951581718750031,bulk,32,32,32.0,-0.01916642140825085,-0.03034939577924946,0.03034939577924946,-0.018662973055732023,-0.030852844131768288,0.030852844131768288,fit
26,/tmp/FeCoNiPdPt_CE_fc2lj8yk/FeCoNiPdPt_CE/fcc100/data/structures/26.cif,-0.015517930625000176,bulk,32,32,32.0,-0.022127111171698174,0.006609180546697999,0.006609180546697999,-0.0218094062497342,0.006291475624734023,0.006291475624734023,fit
27,/tmp/FeCoNiPdPt_CE_fc2lj8yk/FeCoNiPdPt_CE/fcc100/data/structures/27.cif,-0.033532909999999916,bulk,32,32,32.0,-0.028384868911840215,-0.005148041088159701,0.005148041088159701,-0.03039079334444775,-0.003142116655552165,0.003142116655552165,holdout
28,/tmp/FeCoNiPdPt_CE_fc2lj8yk/FeCoNiPdPt_CE/fcc100/data/structures/28.cif,-0.08108511343750013,bulk,32,32,32.0,-0.05639439555551395,-0.024690717881986186,0.024690717881986186,-0.05566841381002261,-0.025416699627477522,0.025416699627477522,fit
29,/tmp/FeCoNiPdPt_CE_fc2lj8yk/FeCoNiPdPt_CE/fcc100/data/structures/29.cif,-0.021132864687500863,bulk,32,32,32.0,-0.03715393996357658,0.016021075276075714,0.016021075276075714,-0.03445641617972604,0.01332355149222518,0.01332355149222518,fit
30,/tmp/FeCoNiPdPt_CE_fc2lj8yk/FeCoNiPdPt_CE/fcc100/data/structures/30.cif,-0.04645163468750013,bulk,32,32,32.0,-0.023872282157108203,-0.02257935253039193,0.02257935253039193,-0.022546144253793587,-0.023905490433706544,0.023905490433706544,fit
31,/tmp/FeCoNiPdPt_CE_fc2lj8yk/FeCoNiPdPt_CE/fcc100/data/structures/31.cif,-0.0698146387499996,bulk,32,32,32.0,-0.05619672110069869,-0.013617917649300912,0.013617917649300912,-0.0577801785642198,-0.012034460185779805,0.012034460185779805,fit
32,/tmp/FeCoNiPdPt_CE_fc2lj8yk/FeCoNiPdPt_CE/fcc100/data/structures/32.cif,-0.06413769343749998,bulk,32,32,32.0,-0.05899770838953297,-0.005139985047967005,0.005139985047967005,-0.06258431939403689,-0.0015533740434630905,0.0015533740434630905,holdout
33,/tmp/FeCoNiPdPt_CE_fc2lj8yk/FeCoNiPdPt_CE/fcc100/data/structures/33.cif,-0.03592786125000025,bulk,32,32,32.0,-0.03620625887626303,0.00027839762626278436,0.00027839762626278436,-0.03913974186264088,0.003211880612640633,0.003211880612640633,fit
34,/tmp/FeCoNiPdPt_CE_fc2lj8yk/FeCoNiPdPt_CE/fcc100/data/structures/34.cif,-0.0493690546875003,bulk,32,32,32.0,-0.04086249371864381,-0.008506560968856491,0.008506560968856491,-0.0405238257429617,-0.008845228944538604,0.008845228944538604,holdout
35,/tmp/FeCoNiPdPt_CE_fc2lj8yk/FeCoNiPdPt_CE/fcc100/data/structures/35.cif,-0.011054090312500264,bulk,32,32,32.0,-0.00627045388208991,-0.004783636430410354,0.004783636430410354,-0.007223213945866539,-0.0038308763666337255,0.0038308763666337255,fit
36,/tmp/FeCoNiPdPt_CE_fc2lj8yk/FeCoNiPdPt_CE/fcc100/data/structures/36.cif,-0.05796609000000075,bulk,32,32,32.0,-0.05228421532454434,-0.0056818746754564095,0.0056818746754564095,-0.053378597989607535,-0.004587492010393213,0.004587492010393213,fit
37,/tmp/FeCoNiPdPt_CE_fc2lj8yk/FeCoNiPdPt_CE/fcc100/data/structures/37.cif,0.026013584687500035,bulk,32,32,32.0,-0.017705836857014545,0.04371942154451458,0.04371942154451458,-0.015966103700951993,0.04197968838845203,0.04197968838845203,fit
38,/tmp/FeCoNiPdPt_CE_fc2lj8yk/FeCoNiPdPt_CE/fcc100/data/structures/38.cif,-0.07991071874999989,bulk,32,32,32.0,-0.054740017588006604,-0.025170701161993284,0.025170701161993284,-0.054182463537130854,-0.025728255212869033,0.025728255212869033,fit
39,/tmp/FeCoNiPdPt_CE_fc2lj8yk/FeCoNiPdPt_CE/fcc100/data/structures/39.cif,-0.07301160375000038,bulk,32,32,32.0,-0.06315400319845607,-0.009857600551544304,0.009857600551544304,-0.06255547205625882,-0.010456131693741558,0.010456131693741558,fit
40,/tmp/FeCoNiPdPt_CE_fc2lj8yk/FeCoNiPdPt_CE/fcc100/data/structures/40.cif,-0.07499678624999984,bulk,32,32,32.0,-0.05848200528073666,-0.016514780969263176,0.016514780969263176,-0.05680818576927087,-0.018188600480728963,0.018188600480728963,holdout
41,/tmp/FeCoNiPdPt_CE_fc2lj8yk/FeCoNiPdPt_CE/fcc100/data/structures/41.cif,-0.04227043437499933,bulk,32,32,32.0,-0.051249743932016686,0.008979309557017354,0.008979309557017354,-0.050082491462740256,0.007812057087740923,0.007812057087740923,fit
42,/tmp/FeCoNiPdPt_CE_fc2lj8yk/FeCoNiPdPt_CE/fcc100/data/structures/42.cif,-0.06319106343749947,bulk,32,32,32.0,-0.04973858361420047,-0.013452479823299002,0.013452479823299002,-0.05020819653962374,-0.012982866897875735,0.012982866897875735,fit
43,/tmp/FeCoNiPdPt_CE_fc2lj8yk/FeCoNiPdPt_CE/fcc100/data/structures/43.cif,-0.07207936906250012,bulk,32,32,32.0,-0.04611653788784802,-0.025962831174652097,0.025962831174652097,-0.04599961734628093,-0.026079751716219193,0.026079751716219193,fit
44,/tmp/FeCoNiPdPt_CE_fc2lj8yk/FeCoNiPdPt_CE/fcc100/data/structures/44.cif,0.03160316156249987,bulk,32,32,32.0,-0.02541288928362245,0.057016050846122324,0.057016050846122324,-0.024052835317719398,0.05565599688021927,0.05565599688021927,fit
45,/tmp/FeCoNiPdPt_CE_fc2lj8yk/FeCoNiPdPt_CE/fcc100/data/structures/45.cif,-0.0353250081250005,bulk,32,32,32.0,-0.012593968126061922,-0.02273103999893858,0.02273103999893858,-0.013446708713886275,-0.021878299411114226,0.021878299411114226,fit
46,/tmp/FeCoNiPdPt_CE_fc2lj8yk/FeCoNiPdPt_CE/fcc100/data/structures/46.cif,-0.025731147812499522,bulk,32,32,32.0,-0.026127281191105307,0.0003961333786057855,0.0003961333786057855,-0.024570954685741643,-0.0011601931267578788,0.0011601931267578788,fit
47,/tmp/FeCoNiPdPt_CE_fc2lj8yk/FeCoNiPdPt_CE/fcc100/data/structures/47.cif,-0.010689038749999824,bulk,32,32,32.0,-0.02596532660749775,0.015276287857497926,0.015276287857497926,-0.02590511415667196,0.015216075406672136,0.015216075406672136,holdout
48,/tmp/FeCoNiPdPt_CE_fc2lj8yk/FeCoNiPdPt_CE/fcc100/data/structures/48.cif,0.012027742187500579,bulk,32,32,32.0,-0.02925893369985194,0.04128667588735252,0.04128667588735252,-0.029019337891812266,0.04104708007931285,0.04104708007931285,fit
49,/tmp/FeCoNiPdPt_CE_fc2lj8yk/FeCoNiPdPt_CE/fcc100/data/structures/49.cif,0.06537327968749995,bulk,32,32,32.0,-0.029181730653250137,0.09455501034075009,0.09455501034075009,-0.027805011923095924,0.09317829161059588,0.09317829161059588,fit
50,/tmp/FeCoNiPdPt_CE_fc2lj8yk/FeCoNiPdPt_CE/fcc100/data/structures/50.cif,-0.04724082781249983,bulk,32,32,32.0,-0.025625293590547556,-0.021615534221952275,0.021615534221952275,-0.024024086679680305,-0.023216741132819525,0.023216741132819525,fit
51,/tmp/FeCoNiPdPt_CE_fc2lj8yk/FeCoNiPdPt_CE/fcc100/data/structures/51.cif,0.0058355587500003026,bulk,32,32,32.0,-0.04089659638823539,0.04673215513823569,0.04673215513823569,-0.039334896789718285,0.04517045553971859,0.04517045553971859,fit
52,/tmp/FeCoNiPdPt_CE_fc2lj8yk/FeCoNiPdPt_CE/fcc100/data/structures/52.cif,-0.02120172718750002,bulk,32,32,32.0,-0.06129318999902861,0.04009146281152859,0.04009146281152859,-0.05853267364111311,0.03733094645361309,0.03733094645361309,fit
53,/tmp/FeCoNiPdPt_CE_fc2lj8yk/FeCoNiPdPt_CE/fcc100/data/structures/53.cif,0.009638427812499906,bulk,32,32,32.0,-0.009345116316219598,0.018983544128719505,0.018983544128719505,-0.00715985284750102,0.016798280660000928,0.016798280660000928,fit
54,/tmp/FeCoNiPdPt_CE_fc2lj8yk/FeCoNiPdPt_CE/fcc100/data/structures/54.cif,0.05340877406249955,bulk,32,32,32.0,-0.034569859523782054,0.08797863358628161,0.08797863358628161,-0.03597498133531678,0.08938375539781633,0.08938375539781633,fit
55,/tmp/FeCoNiPdPt_CE_fc2lj8yk/FeCoNiPdPt_CE/fcc100/data/structures/55.cif,-0.007780567500000224,bulk,32,32,32.0,-0.000514087177730797,-0.007266480322269427,0.007266480322269427,-0.001965918893335401,-0.005814648606664823,0.005814648606664823,fit
56,/tmp/FeCoNiPdPt_CE_fc2lj8yk/FeCoNiPdPt_CE/fcc100/data/structures/56.cif,-0.06750158499999959,bulk,32,32,32.0,-0.04862398225869009,-0.018877602741309493,0.018877602741309493,-0.048181264297630935,-0.01932032070236865,0.01932032070236865,fit
57,/tmp/FeCoNiPdPt_CE_fc2lj8yk/FeCoNiPdPt_CE/fcc100/data/structures/57.cif,-0.05049907593750014,bulk,32,32,32.0,-0.05283187940788447,0.00233280347038433,0.00233280347038433,-0.05219617049909371,0.0016970945615935734,0.0016970945615935734,fit
58,/tmp/FeCoNiPdPt_CE_fc2lj8yk/FeCoNiPdPt_CE/fcc100/data/structures/58.cif,-0.04884467531250092,bulk,32,32,32.0,-0.037290461841932826,-0.011554213470568092,0.011554213470568092,-0.03832763667752426,-0.010517038634976661,0.010517038634976661,fit
59,/tmp/FeCoNiPdPt_CE_fc2lj8yk/FeCoNiPdPt_CE/fcc100/data/structures/59.cif,-0.03848162843750025,bulk,32,32,32.0,-0.023735051811653023,-0.014746576625847226,0.014746576625847226,-0.023959967421425223,-0.014521661016075025,0.014521661016075025,fit
60,/tmp/FeCoNiPdPt_CE_fc2lj8yk/FeCoNiPdPt_CE/fcc100/data/structures/60.cif,-0.07172911187499942,bulk,32,32,32.0,-0.055351375116123536,-0.016377736758875883,0.016377736758875883,-0.05358401366754925,-0.018145098207450167,0.018145098207450167,fit
61,/tmp/FeCoNiPdPt_CE_fc2lj8yk/FeCoNiPdPt_CE/fcc100/data/structures/61.cif,-0.0425507537500005,bulk,32,32,32.0,-0.05012689445245067,0.0075761407024501695,0.0075761407024501695,-0.05036054172480153,0.00780978797480103,0.00780978797480103,fit
62,/tmp/FeCoNiPdPt_CE_fc2lj8yk/FeCoNiPdPt_CE/fcc100/data/structures/62.cif,-0.05926066812499986,bulk,32,32,32.0,-0.0516098543293179,-0.007650813795681957,0.007650813795681957,-0.0503793387841701,-0.00888132934082976,0.00888132934082976,fit
63,/tmp/FeCoNiPdPt_CE_fc2lj8yk/FeCoNiPdPt_CE/fcc100/data/structures/63.cif,-0.05471906468750021,bulk,32,32,32.0,-0.029710869670546806,-0.0250081950169534,0.0250081950169534,-0.027775206957268657,-0.02694385773023155,0.02694385773023155,fit
64,/tmp/FeCoNiPdPt_CE_fc2lj8yk/FeCoNiPdPt_CE/fcc100/data/structures/64.cif,-0.0033090709375001026,bulk,32,32,32.0,-0.012805665161895703,0.0094965942243956,0.0094965942243956,-0.0116266809542976,0.008317610016797497,0.008317610016797497,holdout
65,/tmp/FeCoNiPdPt_CE_fc2lj8yk/FeCoNiPdPt_CE/fcc100/data/structures/65.cif,0.02217217187499987,bulk,32,32,32.0,-0.04187968869570491,0.06405186057070478,0.06405186057070478,-0.04141574619529262,0.06358791807029249,0.06358791807029249,fit
66,/tmp/FeCoNiPdPt_CE_fc2lj8yk/FeCoNiPdPt_CE/fcc100/data/structures/66.cif,-0.04206929999999964,bulk,32,32,32.0,-0.0484371147490682,0.006367814749068557,0.006367814749068557,-0.048639255407529176,0.006569955407529533,0.006569955407529533,fit
67,/tmp/FeCoNiPdPt_CE_fc2lj8yk/FeCoNiPdPt_CE/fcc100/data/structures/67.cif,-0.006817145625000798,bulk,32,32,32.0,-0.04834083277208122,0.04152368714708042,0.04152368714708042,-0.04701093703853737,0.04019379141353657,0.04019379141353657,fit
68,/tmp/FeCoNiPdPt_CE_fc2lj8yk/FeCoNiPdPt_CE/fcc100/data/structures/68.cif,-0.05238215968750026,bulk,32,32,32.0,-0.06318165675280746,0.010799497065307195,0.010799497065307195,-0.06332002323008948,0.010937863542589216,0.010937863542589216,fit
69,/tmp/FeCoNiPdPt_CE_fc2lj8yk/FeCoNiPdPt_CE/fcc100/data/structures/69.cif,-0.033242263750000056,bulk,32,32,32.0,-0.0381681459893707,0.004925882239370641,0.004925882239370641,-0.03751970478959319,0.004277441039593134,0.004277441039593134,fit
70,/tmp/FeCoNiPdPt_CE_fc2lj8yk/FeCoNiPdPt_CE/fcc100/data/structures/70.cif,-0.047628113124999594,bulk,32,32,32.0,-0.04703956622659565,-0.0005885468984039438,0.0005885468984039438,-0.047883678011718334,0.0002555648867187399,0.0002555648867187399,fit
71,/tmp/FeCoNiPdPt_CE_fc2lj8yk/FeCoNiPdPt_CE/fcc100/data/structures/71.cif,-0.04258461687500059,bulk,32,32,32.0,-0.03108176940721781,-0.011502847467782781,0.011502847467782781,-0.03182293377093969,-0.0107616831040609,0.0107616831040609,fit
72,/tmp/FeCoNiPdPt_CE_fc2lj8yk/FeCoNiPdPt_CE/fcc100/data/structures/72.cif,-0.030590358437500242,bulk,32,32,32.0,-0.04143630387323223,0.010845945435731988,0.010845945435731988,-0.03984897595909778,0.00925861752159754,0.00925861752159754,fit
73,/tmp/FeCoNiPdPt_CE_fc2lj8yk/FeCoNiPdPt_CE/fcc100/data/structures/73.cif,-0.04820347875000053,bulk,32,32,32.0,-0.04331046485710177,-0.0048930138928987565,0.0048930138928987565,-0.042992303271036855,-0.005211175478963673,0.005211175478963673,fit
74,/tmp/FeCoNiPdPt_CE_fc2lj8yk/FeCoNiPdPt_CE/fcc100/data/structures/74.cif,-0.030838125625000323,bulk,32,32,32.0,-0.030630816940166887,-0.00020730868483343629,0.00020730868483343629,-0.030276895980421614,-0.0005612296445787097,0.0005612296445787097,fit
75,/tmp/FeCoNiPdPt_CE_fc2lj8yk/FeCoNiPdPt_CE/fcc100/data/structures/75.cif,-0.08857493125000016,bulk,32,32,32.0,-0.07303845677529906,-0.015536474474701092,0.015536474474701092,-0.07274646904678767,-0.01582846220321249,0.01582846220321249,fit
76,/tmp/FeCoNiPdPt_CE_fc2lj8yk/FeCoNiPdPt_CE/fcc100/data/structures/76.cif,-0.09877572374999932,bulk,32,32,32.0,-0.08714428027494345,-0.011631443475055875,0.011631443475055875,-0.08506841501454784,-0.013707308735451479,0.013707308735451479,fit
77,/tmp/FeCoNiPdPt_CE_fc2lj8yk/FeCoNiPdPt_CE/fcc100/data/structures/77.cif,-0.04029091874999935,bulk,32,32,32.0,-0.027053750820419407,-0.013237167929579942,0.013237167929579942,-0.027347721173064284,-0.012943197576935066,0.012943197576935066,fit
78,/tmp/FeCoNiPdPt_CE_fc2lj8yk/FeCoNiPdPt_CE/fcc100/data/structures/78.cif,-0.0733078081249996,bulk,32,32,32.0,-0.07033461012901822,-0.0029731979959813776,0.0029731979959813776,-0.06953241591915368,-0.003775392205845912,0.003775392205845912,fit
79,/tmp/FeCoNiPdPt_CE_fc2lj8yk/FeCoNiPdPt_CE/fcc100/data/structures/79.cif,-0.040613953124999824,bulk,32,32,32.0,-0.02854193798973417,-0.012072015135265655,0.012072015135265655,-0.029981890670069202,-0.010632062454930622,0.010632062454930622,fit
80,/tmp/FeCoNiPdPt_CE_fc2lj8yk/FeCoNiPdPt_CE/fcc100/data/structures/80.cif,-0.037501659687499966,bulk,32,32,32.0,-0.028531659179626804,-0.008970000507873162,0.008970000507873162,-0.027421850213051557,-0.01007980947444841,0.01007980947444841,fit
81,/tmp/FeCoNiPdPt_CE_fc2lj8yk/FeCoNiPdPt_CE/fcc100/data/structures/81.cif,0.009601804687499715,bulk,32,32,32.0,-0.04283348887051213,0.052435293558011846,0.052435293558011846,-0.04208777645946677,0.051689581146966486,0.051689581146966486,fit
82,/tmp/FeCoNiPdPt_CE_fc2lj8yk/FeCoNiPdPt_CE/fcc100/data/structures/82.cif,-0.06007166593750046,bulk,32,32,32.0,-0.038128125992652584,-0.02194353994484788,0.02194353994484788,-0.0368183097410593,-0.023253356196441165,0.023253356196441165,fit
83,/tmp/FeCoNiPdPt_CE_fc2lj8yk/FeCoNiPdPt_CE/fcc100/data/structures/83.cif,-0.028085047500000293,bulk,32,32,32.0,-0.03268126549886091,0.004596217998860619,0.004596217998860619,-0.031785646750529487,0.0037005992505291935,0.0037005992505291935,fit
84,/tmp/FeCoNiPdPt_CE_fc2lj8yk/FeCoNiPdPt_CE/fcc100/data/structures/84.cif,-0.0471174128125007,bulk,32,32,32.0,-0.04203219077949798,-0.005085222033002726,0.005085222033002726,-0.04301515927915529,-0.00410225353334541,0.00410225353334541,fit
85,/tmp/FeCoNiPdPt_CE_fc2lj8yk/FeCoNiPdPt_CE/fcc100/data/structures/85.cif,-0.05828225093750028,bulk,32,32,32.0,-0.04366407890369662,-0.01461817203380366,0.01461817203380366,-0.042084058104844564,-0.016198192832655715,0.016198192832655715,fit
86,/tmp/FeCoNiPdPt_CE_fc2lj8yk/FeCoNiPdPt_CE/fcc100/data/structures/86.cif,-0.01257864093749994,bulk,32,32,32.0,-0.0446874707352569,0.032108829797756956,0.032108829797756956,-0.043540256489212226,0.030961615551712285,0.030961615551712285,fit
87,/tmp/FeCoNiPdPt_CE_fc2lj8yk/FeCoNiPdPt_CE/fcc100/data/structures/87.cif,-0.057917235937499534,bulk,32,32,32.0,-0.05231837022496273,-0.005598865712536802,0.005598865712536802,-0.050749550596718415,-0.007167685340781119,0.007167685340781119,holdout
88,/tmp/FeCoNiPdPt_CE_fc2lj8yk/FeCoNiPdPt_CE/fcc100/data/structures/88.cif,-0.06453024718750022,bulk,32,32,32.0,-0.043543700788508714,-0.020986546398991508,0.020986546398991508,-0.04289046828573165,-0.021639778901768575,0.021639778901768575,fit
89,/tmp/FeCoNiPdPt_CE_fc2lj8yk/FeCoNiPdPt_CE/fcc100/data/structures/89.cif,-0.060601179375000314,bulk,32,32,32.0,-0.05699524215876589,-0.0036059372162344228,0.0036059372162344228,-0.05850355933033953,-0.0020976200446607834,0.0020976200446607834,fit
90,/tmp/FeCoNiPdPt_CE_fc2lj8yk/FeCoNiPdPt_CE/fcc100/data/structures/90.cif,-0.057422716562499865,bulk,32,32,32.0,-0.04488856249414961,-0.012534154068350255,0.012534154068350255,-0.04537963273204518,-0.012043083830454687,0.012043083830454687,fit
91,/tmp/FeCoNiPdPt_CE_fc2lj8yk/FeCoNiPdPt_CE/fcc100/data/structures/91.cif,-0.029766555312500387,bulk,32,32,32.0,-0.023241028520490946,-0.006525526792009441,0.006525526792009441,-0.02093860946556962,-0.008827945846930765,0.008827945846930765,holdout
92,/tmp/FeCoNiPdPt_CE_fc2lj8yk/FeCoNiPdPt_CE/fcc100/data/structures/92.cif,-0.05048039718750008,bulk,32,32,32.0,-0.04771036955817423,-0.0027700276293258497,0.0027700276293258497,-0.047636438411208515,-0.0028439587762915663,0.0028439587762915663,fit
93,/tmp/FeCoNiPdPt_CE_fc2lj8yk/FeCoNiPdPt_CE/fcc100/data/structures/93.cif,-0.09611941500000043,bulk,32,32,32.0,-0.07654061200459045,-0.019578802995409983,0.019578802995409983,-0.07663313240924545,-0.01948628259075498,0.01948628259075498,fit
94,/tmp/FeCoNiPdPt_CE_fc2lj8yk/FeCoNiPdPt_CE/fcc100/data/structures/94.cif,-0.023760933437499965,bulk,32,32,32.0,-0.023909018117685643,0.00014808468018567833,0.00014808468018567833,-0.023213961722263463,-0.0005469717152365022,0.0005469717152365022,fit
95,/tmp/FeCoNiPdPt_CE_fc2lj8yk/FeCoNiPdPt_CE/fcc100/data/structures/95.cif,-0.06919485750000032,bulk,32,32,32.0,-0.05115040827163381,-0.01804444922836651,0.01804444922836651,-0.05189984636256928,-0.017295011137431038,0.017295011137431038,fit
96,/tmp/FeCoNiPdPt_CE_fc2lj8yk/FeCoNiPdPt_CE/fcc100/data/structures/96.cif,0.008124740937500263,bulk,32,32,32.0,-0.0028125622047551063,0.01093730314225537,0.01093730314225537,-0.0034081822706654146,0.011532923208165678,0.011532923208165678,fit
97,/tmp/FeCoNiPdPt_CE_fc2lj8yk/FeCoNiPdPt_CE/fcc100/data/structures/97.cif,0.06227324062499928,bulk,32,32,32.0,0.01655197699354844,0.04572126363145084,0.04572126363145084,0.014905015836600897,0.04736822478839839,0.04736822478839839,fit
98,/tmp/FeCoNiPdPt_CE_fc2lj8yk/FeCoNiPdPt_CE/fcc100/data/structures/98.cif,-0.03751011156249984,bulk,32,32,32.0,-0.042527011842294765,0.005016900279794928,0.005016900279794928,-0.042919015225023,0.005408903662523161,0.005408903662523161,holdout
99,/tmp/FeCoNiPdPt_CE_fc2lj8yk/FeCoNiPdPt_CE/fcc100/data/structures/99.cif,-0.038562058437499935,bulk,32,32,32.0,-0.033978351780775434,-0.004583706656724501,0.004583706656724501,-0.03584180015200704,-0.0027202582854928964,0.0027202582854928964,fit
100,/tmp/FeCoNiPdPt_CE_fc2lj8yk/FeCoNiPdPt_CE/fcc100/data/structures/100.cif,0.008232275937499978,bulk,32,32,32.0,-0.02106745715517759,0.02929973309267757,0.02929973309267757,-0.020564729244681782,0.02879700518218176,0.02879700518218176,fit
101,/tmp/FeCoNiPdPt_CE_fc2lj8yk/FeCoNiPdPt_CE/fcc100/data/structures/101.cif,-0.04736712625000017,bulk,32,32,32.0,-0.027749178928796008,-0.01961794732120416,0.01961794732120416,-0.027043679226077998,-0.02032344702392217,0.02032344702392217,fit
102,/tmp/FeCoNiPdPt_CE_fc2lj8yk/FeCoNiPdPt_CE/fcc100/data/structures/102.cif,-0.06341979249999952,bulk,32,32,32.0,-0.04646741481809348,-0.016952377681906036,0.016952377681906036,-0.045066334521930054,-0.018353457978069462,0.018353457978069462,fit
103,/tmp/FeCoNiPdPt_CE_fc2lj8yk/FeCoNiPdPt_CE/fcc100/data/structures/103.cif,0.07060848875000048,bulk,32,32,32.0,-0.01521873599670113,0.08582722474670161,0.08582722474670161,-0.01653628552669535,0.08714477427669583,0.08714477427669583,fit
104,/tmp/FeCoNiPdPt_CE_fc2lj8yk/FeCoNiPdPt_CE/fcc100/data/structures/104.cif,-0.05707939718749966,bulk,32,32,32.0,-0.04714580007968676,-0.0099335971078129,0.0099335971078129,-0.04837208012737103,-0.00870731706012863,0.00870731706012863,fit
105,/tmp/FeCoNiPdPt_CE_fc2lj8yk/FeCoNiPdPt_CE/fcc100/data/structures/105.cif,-0.052903806562500044,bulk,32,32,32.0,-0.03479909830982281,-0.018104708252677237,0.018104708252677237,-0.03527348385752335,-0.017630322704976692,0.017630322704976692,fit
106,/tmp/FeCoNiPdPt_CE_fc2lj8yk/FeCoNiPdPt_CE/fcc100/data/structures/106.cif,-0.0205763396875005,bulk,32,32,32.0,-0.02020234037340602,-0.00037399931409447945,0.00037399931409447945,-0.02037533929328985,-0.00020100039421065002,0.00020100039421065002,fit
107,/tmp/FeCoNiPdPt_CE_fc2lj8yk/FeCoNiPdPt_CE/fcc100/data/structures/107.cif,-0.011682021250000396,bulk,32,32,32.0,-0.031564686221916036,0.01988266497191564,0.01988266497191564,-0.030472323595122825,0.01879030234512243,0.01879030234512243,fit
108,/tmp/FeCoNiPdPt_CE_fc2lj8yk/FeCoNiPdPt_CE/fcc100/data/structures/108.cif,-0.046792531875000876,bulk,32,32,32.0,-0.03959956747486039,-0.007192964400140486,0.007192964400140486,-0.04035354870121012,-0.006438983173790755,0.006438983173790755,fit
109,/tmp/FeCoNiPdPt_CE_fc2lj8yk/FeCoNiPdPt_CE/fcc100/data/structures/109.cif,-0.0441027571874999,bulk,32,32,32.0,-0.024912530579894447,-0.01919022660760545,0.01919022660760545,-0.02577776140394217,-0.018324995783557726,0.018324995783557726,fit
110,/tmp/FeCoNiPdPt_CE_fc2lj8yk/FeCoNiPdPt_CE/fcc100/data/structures/110.cif,-0.06411375843750022,bulk,32,32,32.0,-0.05470580989362116,-0.009407948543879066,0.009407948543879066,-0.05442723609739084,-0.009686522340109381,0.009686522340109381,fit
111,/tmp/FeCoNiPdPt_CE_fc2lj8yk/FeCoNiPdPt_CE/fcc100/data/structures/111.cif,0.037071377812499584,bulk,32,32,32.0,-0.03890866472587558,0.07598004253837516,0.07598004253837516,-0.03724862039461512,0.07431999820711471,0.07431999820711471,fit
112,/tmp/FeCoNiPdPt_CE_fc2lj8yk/FeCoNiPdPt_CE/fcc100/data/structures/112.cif,-0.012547164062500116,bulk,32,32,32.0,-0.014285090849304488,0.0017379267868043724,0.0017379267868043724,-0.01332551128993539,0.0007783472274352742,0.0007783472274352742,fit
113,/tmp/FeCoNiPdPt_CE_fc2lj8yk/FeCoNiPdPt_CE/fcc100/data/structures/113.cif,-0.021614374374999912,bulk,32,32,32.0,-0.03577856439303233,0.014164190018032416,0.014164190018032416,-0.03484375552969823,0.013229381154698315,0.013229381154698315,fit
114,/tmp/FeCoNiPdPt_CE_fc2lj8yk/FeCoNiPdPt_CE/fcc100/data/structures/114.cif,-0.08086156874999961,bulk,32,32,32.0,-0.06358256025658049,-0.017279008493419123,0.017279008493419123,-0.06438226048628173,-0.01647930826371788,0.01647930826371788,fit
115,/tmp/FeCoNiPdPt_CE_fc2lj8yk/FeCoNiPdPt_CE/fcc100/data/structures/115.cif,-0.06275400093749983,bulk,32,32,32.0,-0.06215031488509167,-0.0006036860524081603,0.0006036860524081603,-0.06178227750066459,-0.0009717234368352423,0.0009717234368352423,fit
116,/tmp/FeCoNiPdPt_CE_fc2lj8yk/FeCoNiPdPt_CE/fcc100/data/structures/116.cif,-0.05367663812500023,bulk,32,32,32.0,-0.04326062291541828,-0.01041601520958195,0.01041601520958195,-0.04376992278638303,-0.0099067153386172,0.0099067153386172,fit
117,/tmp/FeCoNiPdPt_CE_fc2lj8yk/FeCoNiPdPt_CE/fcc100/data/structures/117.cif,-0.03815671781250085,bulk,32,32,32.0,-0.03365324253073021,-0.004503475281770641,0.004503475281770641,-0.03262318673781645,-0.005533531074684399,0.005533531074684399,fit
118,/tmp/FeCoNiPdPt_CE_fc2lj8yk/FeCoNiPdPt_CE/fcc100/data/structures/118.cif,-0.057428964062499865,bulk,32,32,32.0,-0.05893675063194978,0.0015077865694499148,0.0015077865694499148,-0.059042674654327415,0.0016137105918275496,0.0016137105918275496,fit
119,/tmp/FeCoNiPdPt_CE_fc2lj8yk/FeCoNiPdPt_CE/fcc100/data/structures/119.cif,-0.07523644656249928,bulk,32,32,32.0,-0.07094485565829667,-0.0042915909042026135,0.0042915909042026135,-0.06984920756103769,-0.005387239001461597,0.005387239001461597,fit
120,/tmp/FeCoNiPdPt_CE_fc2lj8yk/FeCoNiPdPt_CE/fcc100/data/structures/120.cif,-0.019112791250000427,bulk,32,32,32.0,-0.017540947664562014,-0.0015718435854384129,0.0015718435854384129,-0.019303753188793793,0.00019096193879336587,0.00019096193879336587,fit
121,/tmp/FeCoNiPdPt_CE_fc2lj8yk/FeCoNiPdPt_CE/fcc100/data/structures/121.cif,-0.04433953968749993,bulk,32,32,32.0,-0.03570808162024205,-0.008631458067257881,0.008631458067257881,-0.035734570098490265,-0.008604969589009664,0.008604969589009664,holdout
122,/tmp/FeCoNiPdPt_CE_fc2lj8yk/FeCoNiPdPt_CE/fcc100/data/structures/122.cif,-0.07195994156250052,bulk,32,32,32.0,-0.05868211421021269,-0.01327782735228783,0.01327782735228783,-0.05882679791201794,-0.013133143650482577,0.013133143650482577,fit
123,/tmp/FeCoNiPdPt_CE_fc2lj8yk/FeCoNiPdPt_CE/fcc100/data/structures/123.cif,-0.06689006031249978,bulk,32,32,32.0,-0.05719976573539825,-0.009690294577101528,0.009690294577101528,-0.05533276870751214,-0.01155729160498764,0.01155729160498764,fit
124,/tmp/FeCoNiPdPt_CE_fc2lj8yk/FeCoNiPdPt_CE/fcc100/data/structures/124.cif,-0.05898207656250065,bulk,32,32,32.0,-0.04382275821231342,-0.015159318350187231,0.015159318350187231,-0.042913008354771014,-0.016069068207729638,0.016069068207729638,fit
125,/tmp/FeCoNiPdPt_CE_fc2lj8yk/FeCoNiPdPt_CE/fcc100/data/structures/125.cif,-0.05035489281249905,bulk,32,32,32.0,-0.022412978931400377,-0.027941913881098675,0.027941913881098675,-0.023522253617719993,-0.02683263919477906,0.02683263919477906,fit
126,/tmp/FeCoNiPdPt_CE_fc2lj8yk/FeCoNiPdPt_CE/fcc100/data/structures/126.cif,-0.03721264593750018,bulk,32,32,32.0,-0.03282580054829219,-0.004386845389207986,0.004386845389207986,-0.032484904895179356,-0.004727741042320821,0.004727741042320821,fit
127,/tmp/FeCoNiPdPt_CE_fc2lj8yk/FeCoNiPdPt_CE/fcc100/data/structures/127.cif,-0.05713769374999966,bulk,32,32,32.0,-0.03891158847589573,-0.018226105274103933,0.018226105274103933,-0.038984315698559854,-0.01815337805143981,0.01815337805143981,fit
128,/tmp/FeCoNiPdPt_CE_fc2lj8yk/FeCoNiPdPt_CE/fcc100/data/structures/128.cif,-0.03398716406250024,bulk,32,32,32.0,-0.036073290125972955,0.002086126063472714,0.002086126063472714,-0.03609394358052783,0.002106779518027589,0.002106779518027589,fit
129,/tmp/FeCoNiPdPt_CE_fc2lj8yk/FeCoNiPdPt_CE/fcc100/data/structures/129.cif,-0.08266252031249977,bulk,32,32,32.0,-0.0673235823539059,-0.015338937958593868,0.015338937958593868,-0.0685760455507664,-0.014086474761733359,0.014086474761733359,fit
130,/tmp/FeCoNiPdPt_CE_fc2lj8yk/FeCoNiPdPt_CE/fcc100/data/structures/130.cif,-0.04854074062500047,bulk,32,32,32.0,-0.04564415871025254,-0.0028965819147479255,0.0028965819147479255,-0.043628792236090695,-0.004911948388909772,0.004911948388909772,holdout
131,/tmp/FeCoNiPdPt_CE_fc2lj8yk/FeCoNiPdPt_CE/fcc100/data/structures/131.cif,-0.047151375937500184,bulk,32,32,32.0,-0.045376828708335495,-0.0017745472291646885,0.0017745472291646885,-0.045389327519740015,-0.001762048417760169,0.001762048417760169,fit
132,/tmp/FeCoNiPdPt_CE_fc2lj8yk/FeCoNiPdPt_CE/fcc100/data/structures/132.cif,-0.0262541746874998,bulk,32,32,32.0,-0.037790675631645815,0.011536500944146016,0.011536500944146016,-0.037704403545648454,0.011450228858148656,0.011450228858148656,fit
133,/tmp/FeCoNiPdPt_CE_fc2lj8yk/FeCoNiPdPt_CE/fcc100/data/structures/133.cif,-0.05733917062500016,bulk,32,32,32.0,-0.04670823712238904,-0.010630933502611115,0.010630933502611115,-0.04518392318677225,-0.012155247438227906,0.012155247438227906,fit
134,/tmp/FeCoNiPdPt_CE_fc2lj8yk/FeCoNiPdPt_CE/fcc100/data/structures/134.cif,-0.010416931874999591,bulk,32,32,32.0,-0.015148472807765514,0.004731540932765923,0.004731540932765923,-0.015620540461209448,0.005203608586209857,0.005203608586209857,holdout
135,/tmp/FeCoNiPdPt_CE_fc2lj8yk/FeCoNiPdPt_CE/fcc100/data/structures/135.cif,-0.058656584687500235,bulk,32,32,32.0,-0.07344672251835241,0.014790137830852174,0.014790137830852174,-0.07550020139921956,0.016843616711719328,0.016843616711719328,fit
136,/tmp/FeCoNiPdPt_CE_fc2lj8yk/FeCoNiPdPt_CE/fcc100/data/structures/136.cif,-0.059015043125000055,bulk,32,32,32.0,-0.047126430870362016,-0.01188861225463804,0.01188861225463804,-0.043710204693301974,-0.015304838431698081,0.015304838431698081,fit
137,/tmp/FeCoNiPdPt_CE_fc2lj8yk/FeCoNiPdPt_CE/fcc100/data/structures/137.cif,0.0075792978124997745,bulk,32,32,32.0,-0.009936812762321763,0.01751611057482154,0.01751611057482154,-0.011080931596906752,0.018660229409406526,0.018660229409406526,fit
138,/tmp/FeCoNiPdPt_CE_fc2lj8yk/FeCoNiPdPt_CE/fcc100/data/structures/138.cif,0.028410353750000006,bulk,32,32,32.0,-0.014573023849745768,0.04298337759974577,0.04298337759974577,-0.014004719753328333,0.042415073503328335,0.042415073503328335,fit
139,/tmp/FeCoNiPdPt_CE_fc2lj8yk/FeCoNiPdPt_CE/fcc100/data/structures/139.cif,0.06424754250000042,bulk,32,32,32.0,-0.0007391578524487703,0.06498670035244919,0.06498670035244919,0.0015210579490296606,0.06272648455097075,0.06272648455097075,fit
140,/tmp/FeCoNiPdPt_CE_fc2lj8yk/FeCoNiPdPt_CE/fcc100/data/structures/140.cif,-0.01562597843749991,bulk,32,32,32.0,-0.025682371539754705,0.010056393102254795,0.010056393102254795,-0.02472868720901408,0.00910270877151417,0.00910270877151417,fit
141,/tmp/FeCoNiPdPt_CE_fc2lj8yk/FeCoNiPdPt_CE/fcc100/data/structures/141.cif,-0.007342417499999421,bulk,32,32,32.0,-0.057734827758792656,0.050392410258793235,0.050392410258793235,-0.05651465725062734,0.04917223975062792,0.04917223975062792,fit
142,/tmp/FeCoNiPdPt_CE_fc2lj8yk/FeCoNiPdPt_CE/fcc100/data/structures/142.cif,0.031110983749999654,bulk,32,32,32.0,-0.05154111928117328,0.08265210303117293,0.08265210303117293,-0.05226649816627449,0.08337748191627414,0.08337748191627414,fit
143,/tmp/FeCoNiPdPt_CE_fc2lj8yk/FeCoNiPdPt_CE/fcc100/data/structures/143.cif,0.017055236875000546,bulk,32,32,32.0,-0.031258780110060266,0.04831401698506081,0.04831401698506081,-0.030528828615594188,0.04758406549059473,0.04758406549059473,fit
144,/tmp/FeCoNiPdPt_CE_fc2lj8yk/FeCoNiPdPt_CE/fcc100/data/structures/144.cif,0.054289977187500504,bulk,32,32,32.0,0.005942227485007537,0.04834774970249297,0.04834774970249297,0.007023352121500405,0.0472666250660001,0.0472666250660001,fit
145,/tmp/FeCoNiPdPt_CE_fc2lj8yk/FeCoNiPdPt_CE/fcc100/data/structures/145.cif,-0.034861090624999314,bulk,32,32,32.0,-0.03432536675408278,-0.0005357238709165352,0.0005357238709165352,-0.03523246797420855,0.00037137734920923704,0.00037137734920923704,fit
146,/tmp/FeCoNiPdPt_CE_fc2lj8yk/FeCoNiPdPt_CE/fcc100/data/structures/146.cif,-0.07234451625000027,bulk,32,32,32.0,-0.04973162367482214,-0.02261289257517813,0.02261289257517813,-0.05361699887422307,-0.0187275173757772,0.0187275173757772,fit
147,/tmp/FeCoNiPdPt_CE_fc2lj8yk/FeCoNiPdPt_CE/fcc100/data/structures/147.cif,-0.03517031500000023,bulk,32,32,32.0,-0.03707407075090076,0.0019037557509005293,0.0019037557509005293,-0.03756207965328963,0.0023917646532893994,0.0023917646532893994,fit
148,/tmp/FeCoNiPdPt_CE_fc2lj8yk/FeCoNiPdPt_CE/fcc100/data/structures/148.cif,-0.06527146250000015,bulk,32,32,32.0,-0.0518399896029038,-0.013431472897096355,0.013431472897096355,-0.04961004435411708,-0.015661418145883073,0.015661418145883073,fit
149,/tmp/FeCoNiPdPt_CE_fc2lj8yk/FeCoNiPdPt_CE/fcc100/data/structures/149.cif,0.06514346218749978,bulk,32,32,32.0,0.009700385748256019,0.05544307643924376,0.05544307643924376,0.00973128758341986,0.05541217460407992,0.05541217460407992,fit
150,/tmp/FeCoNiPdPt_CE_fc2lj8yk/FeCoNiPdPt_CE/fcc100/data/structures/150.cif,-0.06747650468749988,bulk,32,32,32.0,-0.058884419448725314,-0.008592085238774569,0.008592085238774569,-0.05944708630136429,-0.008029418386135592,0.008029418386135592,fit
151,/tmp/FeCoNiPdPt_CE_fc2lj8yk/FeCoNiPdPt_CE/fcc100/data/structures/151.cif,-0.06847721156249964,bulk,32,32,32.0,-0.04964036144910837,-0.01883685011339127,0.01883685011339127,-0.0488041742782033,-0.01967303728429634,0.01967303728429634,fit
152,/tmp/FeCoNiPdPt_CE_fc2lj8yk/FeCoNiPdPt_CE/fcc100/data/structures/152.cif,-0.06281576499999986,bulk,32,32,32.0,-0.059039993140448,-0.0037757718595518575,0.0037757718595518575,-0.059421031756826684,-0.003394733243173173,0.003394733243173173,fit
153,/tmp/FeCoNiPdPt_CE_fc2lj8yk/FeCoNiPdPt_CE/fcc100/data/structures/153.cif,-0.0406682743750002,bulk,32,32,32.0,-0.0317245023628083,-0.008943772012191903,0.008943772012191903,-0.03006937631364212,-0.01059889806135808,0.01059889806135808,fit
154,/tmp/FeCoNiPdPt_CE_fc2lj8yk/FeCoNiPdPt_CE/fcc100/data/structures/154.cif,-0.04155516437500051,bulk,32,32,32.0,-0.04057706113789076,-0.0009781032371097495,0.0009781032371097495,-0.04153489625259281,-2.026812240769893e-05,2.026812240769893e-05,fit
155,/tmp/FeCoNiPdPt_CE_fc2lj8yk/FeCoNiPdPt_CE/fcc100/data/structures/155.cif,-0.06029990999999946,bulk,32,32,32.0,-0.055894007836225224,-0.0044059021637742335,0.0044059021637742335,-0.056372565465207816,-0.003927344534791641,0.003927344534791641,fit
156,/tmp/FeCoNiPdPt_CE_fc2lj8yk/FeCoNiPdPt_CE/fcc100/data/structures/156.cif,-0.047056422187499614,bulk,32,32,32.0,-0.03863078373218544,-0.008425638455314174,0.008425638455314174,-0.039582458593226774,-0.007473963594272839,0.007473963594272839,fit
157,/tmp/FeCoNiPdPt_CE_fc2lj8yk/FeCoNiPdPt_CE/fcc100/data/structures/157.cif,-0.07264535031249952,bulk,32,32,32.0,-0.05834659716506597,-0.014298753147433556,0.014298753147433556,-0.05828878431480308,-0.014356565997696441,0.014356565997696441,fit
158,/tmp/FeCoNiPdPt_CE_fc2lj8yk/FeCoNiPdPt_CE/fcc100/data/structures/158.cif,-0.05017519843750051,bulk,32,32,32.0,-0.048769080812710336,-0.0014061176247901763,0.0014061176247901763,-0.04951677600712595,-0.0006584224303745612,0.0006584224303745612,fit
159,/tmp/FeCoNiPdPt_CE_fc2lj8yk/FeCoNiPdPt_CE/fcc100/data/structures/159.cif,-0.06674627312500014,bulk,32,32,32.0,-0.05786724371903574,-0.008879029405964405,0.008879029405964405,-0.0575905442299922,-0.009155728895007945,0.009155728895007945,fit
160,/tmp/FeCoNiPdPt_CE_fc2lj8yk/FeCoNiPdPt_CE/fcc100/data/structures/160.cif,-0.0344392253125001,bulk,32,32,32.0,-0.025750345882054028,-0.008688879430446071,0.008688879430446071,-0.0235246282034562,-0.0109145971090439,0.0109145971090439,fit
161,/tmp/FeCoNiPdPt_CE_fc2lj8yk/FeCoNiPdPt_CE/fcc100/data/structures/161.cif,-0.08940906843749996,bulk,32,32,32.0,-0.07133526656112334,-0.018073801876376624,0.018073801876376624,-0.07093281565682377,-0.01847625278067619,0.01847625278067619,holdout
162,/tmp/FeCoNiPdPt_CE_fc2lj8yk/FeCoNiPdPt_CE/fcc100/data/structures/162.cif,-0.016071880937500005,bulk,32,32,32.0,-0.024715472465674026,0.008643591528174021,0.008643591528174021,-0.02705099820403035,0.010979117266530346,0.010979117266530346,fit
163,/tmp/FeCoNiPdPt_CE_fc2lj8yk/FeCoNiPdPt_CE/fcc100/data/structures/163.cif,-0.02580268531250063,bulk,32,32,32.0,-0.030378089834637058,0.0045754045221364295,0.0045754045221364295,-0.029299326292196552,0.003496640979695924,0.003496640979695924,fit
164,/tmp/FeCoNiPdPt_CE_fc2lj8yk/FeCoNiPdPt_CE/fcc100/data/structures/164.cif,-0.0066594456250008705,bulk,32,32,32.0,-0.027778671555124833,0.021119225930123962,0.021119225930123962,-0.02686777006624527,0.0202083244412444,0.0202083244412444,fit
165,/tmp/FeCoNiPdPt_CE_fc2lj8yk/FeCoNiPdPt_CE/fcc100/data/structures/165.cif,-0.05940621281249925,bulk,32,32,32.0,-0.05766633774076971,-0.0017398750717295408,0.0017398750717295408,-0.058638172728818744,-0.0007680400836805046,0.0007680400836805046,fit
166,/tmp/FeCoNiPdPt_CE_fc2lj8yk/FeCoNiPdPt_CE/fcc100/data/structures/166.cif,-0.03958145343750008,bulk,32,32,32.0,-0.03668571395268485,-0.002895739484815231,0.002895739484815231,-0.03587201353729297,-0.003709439900207112,0.003709439900207112,holdout
167,/tmp/FeCoNiPdPt_CE_fc2lj8yk/FeCoNiPdPt_CE/fcc100/data/structures/167.cif,-0.06659656468749997,bulk,32,32,32.0,-0.04946807095578462,-0.01712849373171535,0.01712849373171535,-0.050722137028713636,-0.015874427658786334,0.015874427658786334,fit
168,/tmp/FeCoNiPdPt_CE_fc2lj8yk/FeCoNiPdPt_CE/fcc100/data/structures/168.cif,-0.04303186437500006,bulk,32,32,32.0,-0.04253646104604421,-0.000495403328955854,0.000495403328955854,-0.041859412675392615,-0.0011724516996074463,0.0011724516996074463,fit
169,/tmp/FeCoNiPdPt_CE_fc2lj8yk/FeCoNiPdPt_CE/fcc100/data/structures/169.cif,-0.07193838343749981,bulk,32,32,32.0,-0.061510292499929564,-0.010428090937570245,0.010428090937570245,-0.062030482512340404,-0.009907900925159405,0.009907900925159405,fit
170,/tmp/FeCoNiPdPt_CE_fc2lj8yk/FeCoNiPdPt_CE/fcc100/data/structures/170.cif,-0.023978865624999735,bulk,32,32,32.0,-0.03783964439159357,0.013860778766593834,0.013860778766593834,-0.039229846464175176,0.015250980839175442,0.015250980839175442,fit
171,/tmp/FeCoNiPdPt_CE_fc2lj8yk/FeCoNiPdPt_CE/fcc100/data/structures/171.cif,-0.035427313437500274,bulk,32,32,32.0,-0.024629434710766424,-0.01079787872673385,0.01079787872673385,-0.024299159216119786,-0.011128154221380488,0.011128154221380488,fit
172,/tmp/FeCoNiPdPt_CE_fc2lj8yk/FeCoNiPdPt_CE/fcc100/data/structures/172.cif,-0.06573009781249972,bulk,32,32,32.0,-0.05250504679290894,-0.013225051019590782,0.013225051019590782,-0.051851694827404975,-0.013878402985094747,0.013878402985094747,fit
173,/tmp/FeCoNiPdPt_CE_fc2lj8yk/FeCoNiPdPt_CE/fcc100/data/structures/173.cif,-0.013347332187500172,bulk,32,32,32.0,-0.02852747293307438,0.015180140745574208,0.015180140745574208,-0.029530970719377204,0.016183638531877032,0.016183638531877032,fit
174,/tmp/FeCoNiPdPt_CE_fc2lj8yk/FeCoNiPdPt_CE/fcc100/data/structures/174.cif,-0.04471532937500022,bulk,32,32,32.0,-0.038792627375208145,-0.005922701999792078,0.005922701999792078,-0.03600437019513984,-0.00871095917986038,0.00871095917986038,fit
175,/tmp/FeCoNiPdPt_CE_fc2lj8yk/FeCoNiPdPt_CE/fcc100/data/structures/175.cif,-0.052700729062500784,bulk,32,32,32.0,-0.03757576066924192,-0.015124968393258865,0.015124968393258865,-0.03721598493622395,-0.015484744126276831,0.015484744126276831,fit
176,/tmp/FeCoNiPdPt_CE_fc2lj8yk/FeCoNiPdPt_CE/fcc100/data/structures/176.cif,-0.04076432718749956,bulk,32,32,32.0,-0.06600541631848038,0.025241089130980818,0.025241089130980818,-0.06605492082634128,0.025290593638841716,0.025290593638841716,fit
177,/tmp/FeCoNiPdPt_CE_fc2lj8yk/FeCoNiPdPt_CE/fcc100/data/structures/177.cif,-0.047893031250000107,bulk,32,32,32.0,-0.007725207202939836,-0.04016782404706027,0.04016782404706027,-0.007581827741064282,-0.04031120350893583,0.04031120350893583,fit
178,/tmp/FeCoNiPdPt_CE_fc2lj8yk/FeCoNiPdPt_CE/fcc100/data/structures/178.cif,0.00992375062500006,bulk,32,32,32.0,-0.026545670300867658,0.03646942092586772,0.03646942092586772,-0.025983172231337025,0.035906922856337085,0.035906922856337085,fit
179,/tmp/FeCoNiPdPt_CE_fc2lj8yk/FeCoNiPdPt_CE/fcc100/data/structures/179.cif,-0.06277918375000002,bulk,32,32,32.0,-0.04068921599269912,-0.022089967757300905,0.022089967757300905,-0.04025636780584312,-0.0225228159441569,0.0225228159441569,fit
180,/tmp/FeCoNiPdPt_CE_fc2lj8yk/FeCoNiPdPt_CE/fcc100/data/structures/180.cif,-0.023434085937499738,bulk,32,32,32.0,-0.011081417426461054,-0.012352668511038684,0.012352668511038684,-0.013960387920174767,-0.00947369801732497,0.00947369801732497,fit
181,/tmp/FeCoNiPdPt_CE_fc2lj8yk/FeCoNiPdPt_CE/fcc100/data/structures/181.cif,-0.05995830812500014,bulk,32,32,32.0,-0.05582184292377229,-0.004136465201227846,0.004136465201227846,-0.05655075900786264,-0.003407549117137497,0.003407549117137497,fit
182,/tmp/FeCoNiPdPt_CE_fc2lj8yk/FeCoNiPdPt_CE/fcc100/data/structures/182.cif,-0.0383878528124999,bulk,32,32,32.0,-0.02199466813465528,-0.016393184677844622,0.016393184677844622,-0.020493225718849314,-0.017894627093650587,0.017894627093650587,fit
183,/tmp/FeCoNiPdPt_CE_fc2lj8yk/FeCoNiPdPt_CE/fcc100/data/structures/183.cif,-0.02969764843749978,bulk,32,32,32.0,-0.03931706532322273,0.009619416885722952,0.009619416885722952,-0.03988317427434442,0.010185525836844643,0.010185525836844643,fit
184,/tmp/FeCoNiPdPt_CE_fc2lj8yk/FeCoNiPdPt_CE/fcc100/data/structures/184.cif,-0.04963786062499942,bulk,32,32,32.0,-0.04646396113950635,-0.00317389948549307,0.00317389948549307,-0.046602591206193394,-0.0030352694188060247,0.0030352694188060247,fit
185,/tmp/FeCoNiPdPt_CE_fc2lj8yk/FeCoNiPdPt_CE/fcc100/data/structures/185.cif,-0.06820086968749983,bulk,32,32,32.0,-0.04549248649249214,-0.02270838319500769,0.02270838319500769,-0.04513730935556154,-0.023063560331938293,0.023063560331938293,fit
186,/tmp/FeCoNiPdPt_CE_fc2lj8yk/FeCoNiPdPt_CE/fcc100/data/structures/186.cif,0.019589398749999987,bulk,32,32,32.0,0.024004893607424655,-0.0044154948574246684,0.0044154948574246684,0.024137567147154128,-0.004548168397154141,0.004548168397154141,fit
187,/tmp/FeCoNiPdPt_CE_fc2lj8yk/FeCoNiPdPt_CE/fcc100/data/structures/187.cif,-0.03486248937499958,bulk,32,32,32.0,-0.027957087148308267,-0.0069054022266913165,0.0069054022266913165,-0.02484692419062112,-0.010015565184378464,0.010015565184378464,holdout
188,/tmp/FeCoNiPdPt_CE_fc2lj8yk/FeCoNiPdPt_CE/fcc100/data/structures/188.cif,-0.05033279374999999,bulk,32,32,32.0,-0.04694380680186913,-0.003388986948130862,0.003388986948130862,-0.04571192233662129,-0.004620871413378705,0.004620871413378705,fit
189,/tmp/FeCoNiPdPt_CE_fc2lj8yk/FeCoNiPdPt_CE/fcc100/data/structures/189.cif,-0.06835941156250058,bulk,32,32,32.0,-0.050850705499695,-0.017508706062805586,0.017508706062805586,-0.049272807471692215,-0.019086604090808368,0.019086604090808368,holdout
190,/tmp/FeCoNiPdPt_CE_fc2lj8yk/FeCoNiPdPt_CE/fcc100/data/structures/190.cif,-0.029931239375000196,bulk,32,32,32.0,-0.029343191311034834,-0.0005880480639653615,0.0005880480639653615,-0.02887748782300517,-0.0010537515519950247,0.0010537515519950247,fit
191,/tmp/FeCoNiPdPt_CE_fc2lj8yk/FeCoNiPdPt_CE/fcc100/data/structures/191.cif,-0.04918797437500011,bulk,32,32,32.0,-0.0537117121849799,0.0045237378099797915,0.0045237378099797915,-0.051199976652400586,0.0020120022774004764,0.0020120022774004764,fit
192,/tmp/FeCoNiPdPt_CE_fc2lj8yk/FeCoNiPdPt_CE/fcc100/data/structures/192.cif,-0.07884848937499989,bulk,32,32,32.0,-0.06571953664908962,-0.013128952725910262,0.013128952725910262,-0.06688205607697673,-0.01196643329802316,0.01196643329802316,fit
193,/tmp/FeCoNiPdPt_CE_fc2lj8yk/FeCoNiPdPt_CE/fcc100/data/structures/193.cif,-0.029384175937499535,bulk,32,32,32.0,-0.020243326261134384,-0.009140849676365151,0.009140849676365151,-0.020541648788874135,-0.0088425271486254,0.0088425271486254,fit
194,/tmp/FeCoNiPdPt_CE_fc2lj8yk/FeCoNiPdPt_CE/fcc100/data/structures/194.cif,-0.02934663375000035,bulk,32,32,32.0,-0.01296982549851082,-0.01637680825148953,0.01637680825148953,-0.013123897224817577,-0.016222736525182774,0.016222736525182774,fit
195,/tmp/FeCoNiPdPt_CE_fc2lj8yk/FeCoNiPdPt_CE/fcc100/data/structures/195.cif,-0.06465137031249935,bulk,32,32,32.0,-0.056320442848991834,-0.008330927463507512,0.008330927463507512,-0.05513767143172827,-0.009513698880771075,0.009513698880771075,fit
196,/tmp/FeCoNiPdPt_CE_fc2lj8yk/FeCoNiPdPt_CE/fcc100/data/structures/196.cif,-0.03314037343749998,bulk,32,32,32.0,-0.03555991690077163,0.0024195434632716464,0.0024195434632716464,-0.037337808070414834,0.004197434632914852,0.004197434632914852,fit
197,/tmp/FeCoNiPdPt_CE_fc2lj8yk/FeCoNiPdPt_CE/fcc100/data/structures/197.cif,-0.054180544062499614,bulk,32,32,32.0,-0.051284328485000044,-0.0028962155774995696,0.0028962155774995696,-0.04965378083707034,-0.0045267632254292756,0.0045267632254292756,fit
198,/tmp/FeCoNiPdPt_CE_fc2lj8yk/FeCoNiPdPt_CE/fcc100/data/structures/198.cif,0.0005165271875000599,bulk,32,32,32.0,-0.008116693017773933,0.008633220205273993,0.008633220205273993,-0.009137640768911,0.00965416795641106,0.00965416795641106,fit
199,/tmp/FeCoNiPdPt_CE_fc2lj8yk/FeCoNiPdPt_CE/fcc100/data/structures/199.cif,-0.07095995625000029,bulk,32,32,32.0,-0.07080382123642179,-0.00015613501357850113,0.00015613501357850113,-0.0705978510993461,-0.000362105150654185,0.000362105150654185,fit
200,/tmp/FeCoNiPdPt_CE_fc2lj8yk/FeCoNiPdPt_CE/fcc100/data/structures/200.cif,-0.03574182281249971,bulk,32,32,32.0,-0.06199665181409535,0.026254829001595634,0.026254829001595634,-0.06433578446166593,0.028593961649166222,0.028593961649166222,holdout
201,/tmp/FeCoNiPdPt_CE_fc2lj8yk/FeCoNiPdPt_CE/fcc100/data/structures/201.cif,-0.02806768625,bulk,32,32,32.0,-0.02736973972471777,-0.0006979465252822323,0.0006979465252822323,-0.02802892208520537,-3.876416479463296e-05,3.876416479463296e-05,holdout
202,/tmp/FeCoNiPdPt_CE_fc2lj8yk/FeCoNiPdPt_CE/fcc100/data/structures/202.cif,-0.010959789687499999,bulk,32,32,32.0,-0.027103405638597904,0.016143615951097905,0.016143615951097905,-0.026012660884783215,0.015052871197283216,0.015052871197283216,fit
203,/tmp/FeCoNiPdPt_CE_fc2lj8yk/FeCoNiPdPt_CE/fcc100/data/structures/203.cif,-0.04120387093750022,bulk,32,32,32.0,-0.03695423150613879,-0.004249639431361432,0.004249639431361432,-0.0368877134413423,-0.004316157496157921,0.004316157496157921,fit
204,/tmp/FeCoNiPdPt_CE_fc2lj8yk/FeCoNiPdPt_CE/fcc100/data/structures/204.cif,-0.04968715437499949,bulk,32,32,32.0,-0.03703415873814177,-0.01265299563685772,0.01265299563685772,-0.036554750463907854,-0.013132403911091634,0.013132403911091634,fit
205,/tmp/FeCoNiPdPt_CE_fc2lj8yk/FeCoNiPdPt_CE/fcc100/data/structures/205.cif,0.0035372490625000808,bulk,32,32,32.0,-0.008923062351043613,0.012460311413543694,0.012460311413543694,-0.007976326665140131,0.011513575727640212,0.011513575727640212,holdout
206,/tmp/FeCoNiPdPt_CE_fc2lj8yk/FeCoNiPdPt_CE/fcc100/data/structures/206.cif,-0.08256430156249994,bulk,32,32,32.0,-0.08187974831233275,-0.0006845532501671969,0.0006845532501671969,-0.0813652093967416,-0.0011990921657583364,0.0011990921657583364,fit
207,/tmp/FeCoNiPdPt_CE_fc2lj8yk/FeCoNiPdPt_CE/fcc100/data/structures/207.cif,-0.049399455312499896,bulk,32,32,32.0,-0.04976077721090531,0.0003613218984054173,0.0003613218984054173,-0.051611280988751077,0.0022118256762511807,0.0022118256762511807,fit
208,/tmp/FeCoNiPdPt_CE_fc2lj8yk/FeCoNiPdPt_CE/fcc100/data/structures/208.cif,0.02973490031249959,bulk,32,32,32.0,-0.04766078757402285,0.07739568788652244,0.07739568788652244,-0.045966828390061804,0.0757017287025614,0.0757017287025614,fit
209,/tmp/FeCoNiPdPt_CE_fc2lj8yk/FeCoNiPdPt_CE/fcc100/data/structures/209.cif,-0.02154384749999938,bulk,32,32,32.0,-0.010104177120142764,-0.011439670379856616,0.011439670379856616,-0.010420950854060404,-0.011122896645938976,0.011122896645938976,fit
210,/tmp/FeCoNiPdPt_CE_fc2lj8yk/FeCoNiPdPt_CE/fcc100/data/structures/210.cif,0.06359138468750025,bulk,32,32,32.0,-0.006997884048306513,0.07058926873580676,0.07058926873580676,-0.00827709385733958,0.07186847854483983,0.07186847854483983,fit
211,/tmp/FeCoNiPdPt_CE_fc2lj8yk/FeCoNiPdPt_CE/fcc100/data/structures/211.cif,-0.05598398406249938,bulk,32,32,32.0,-0.053498447825880716,-0.0024855362366186656,0.0024855362366186656,-0.05467161392403637,-0.001312370138463012,0.001312370138463012,fit
212,/tmp/FeCoNiPdPt_CE_fc2lj8yk/FeCoNiPdPt_CE/fcc100/data/structures/212.cif,-0.047568844687499556,bulk,32,32,32.0,-0.048084305197071686,0.0005154605095721299,0.0005154605095721299,-0.04795917996444968,0.00039033527695012116,0.00039033527695012116,fit
213,/tmp/FeCoNiPdPt_CE_fc2lj8yk/FeCoNiPdPt_CE/fcc100/data/structures/213.cif,-0.05961072437499926,bulk,32,32,32.0,-0.05415995611291572,-0.005450768262083537,0.005450768262083537,-0.05294471415360141,-0.0066660102213978445,0.0066660102213978445,fit
214,/tmp/FeCoNiPdPt_CE_fc2lj8yk/FeCoNiPdPt_CE/fcc100/data/structures/214.cif,-0.08623942124999928,bulk,32,32,32.0,-0.06911370049888904,-0.01712572075111024,0.01712572075111024,-0.06919354873624457,-0.01704587251375471,0.01704587251375471,fit
215,/tmp/FeCoNiPdPt_CE_fc2lj8yk/FeCoNiPdPt_CE/fcc100/data/structures/215.cif,-0.05409012531250035,bulk,32,32,32.0,-0.0527173251319565,-0.0013728001805438511,0.0013728001805438511,-0.05183384497072725,-0.0022562803417730953,0.0022562803417730953,fit
216,/tmp/FeCoNiPdPt_CE_fc2lj8yk/FeCoNiPdPt_CE/fcc100/data/structures/216.cif,-0.06051638156249961,bulk,32,32,32.0,-0.04681048195836241,-0.0137058996041372,0.0137058996041372,-0.04620069542095208,-0.014315686141547532,0.014315686141547532,holdout
217,/tmp/FeCoNiPdPt_CE_fc2lj8yk/FeCoNiPdPt_CE/fcc100/data/structures/217.cif,0.044477805000000536,bulk,32,32,32.0,-0.026340993284315786,0.07081879828431632,0.07081879828431632,-0.024106559592259234,0.06858436459225978,0.06858436459225978,fit
218,/tmp/FeCoNiPdPt_CE_fc2lj8yk/FeCoNiPdPt_CE/fcc100/data/structures/218.cif,-0.025240728124999556,bulk,32,32,32.0,-0.02843879511545861,0.0031980669904590545,0.0031980669904590545,-0.028003477745522424,0.0027627496205228676,0.0027627496205228676,fit
219,/tmp/FeCoNiPdPt_CE_fc2lj8yk/FeCoNiPdPt_CE/fcc100/data/structures/219.cif,-0.058882375625000094,bulk,32,32,32.0,-0.047244621680660986,-0.011637753944339108,0.011637753944339108,-0.04741491773787913,-0.011467457887120967,0.011467457887120967,fit
220,/tmp/FeCoNiPdPt_CE_fc2lj8yk/FeCoNiPdPt_CE/fcc100/data/structures/220.cif,-0.015323734062500094,bulk,32,32,32.0,-0.012104924205940752,-0.003218809856559342,0.003218809856559342,-0.009306610142622098,-0.006017123919877996,0.006017123919877996,fit
221,/tmp/FeCoNiPdPt_CE_fc2lj8yk/FeCoNiPdPt_CE/fcc100/data/structures/221.cif,-0.03671165281249955,bulk,32,32,32.0,-0.02425589257035627,-0.012455760242143281,0.012455760242143281,-0.023659909785301386,-0.013051743027198165,0.013051743027198165,fit
222,/tmp/FeCoNiPdPt_CE_fc2lj8yk/FeCoNiPdPt_CE/fcc100/data/structures/222.cif,-0.061004938750000015,bulk,32,32,32.0,-0.07131846784056445,0.010313529090564433,0.010313529090564433,-0.0724669385472625,0.011461999797262479,0.011461999797262479,fit
223,/tmp/FeCoNiPdPt_CE_fc2lj8yk/FeCoNiPdPt_CE/fcc100/data/structures/223.cif,-0.04453458124999976,bulk,32,32,32.0,-0.03186457145543943,-0.01267000979456033,0.01267000979456033,-0.030720175975385535,-0.013814405274614226,0.013814405274614226,fit
224,/tmp/FeCoNiPdPt_CE_fc2lj8yk/FeCoNiPdPt_CE/fcc100/data/structures/224.cif,-0.021981274062500056,bulk,32,32,32.0,-0.03561721778172716,0.013635943719227106,0.013635943719227106,-0.035238849082869436,0.01325757502036938,0.01325757502036938,fit
225,/tmp/FeCoNiPdPt_CE_fc2lj8yk/FeCoNiPdPt_CE/fcc100/data/structures/225.cif,-0.05636271062499976,bulk,32,32,32.0,-0.04268743589749978,-0.013675274727499978,0.013675274727499978,-0.03908867544857787,-0.017274035176421884,0.017274035176421884,fit
226,/tmp/FeCoNiPdPt_CE_fc2lj8yk/FeCoNiPdPt_CE/fcc100/data/structures/226.cif,0.03955749718749946,bulk,32,32,32.0,-0.03400392128224499,0.07356141846974446,0.07356141846974446,-0.03193516286466945,0.07149266005216891,0.07149266005216891,fit
227,/tmp/FeCoNiPdPt_CE_fc2lj8yk/FeCoNiPdPt_CE/fcc100/data/structures/227.cif,-0.04689205531250007,bulk,32,32,32.0,-0.032418573828651986,-0.014473481483848083,0.014473481483848083,-0.03379948661990366,-0.01309256869259641,0.01309256869259641,fit
228,/tmp/FeCoNiPdPt_CE_fc2lj8yk/FeCoNiPdPt_CE/fcc100/data/structures/228.cif,-0.034294123750000516,bulk,32,32,32.0,-0.025809529479532668,-0.008484594270467848,0.008484594270467848,-0.026037098395893844,-0.008257025354106672,0.008257025354106672,fit
229,/tmp/FeCoNiPdPt_CE_fc2lj8yk/FeCoNiPdPt_CE/fcc100/data/structures/229.cif,-0.03568053374999991,bulk,32,32,32.0,-0.032785411396749314,-0.0028951223532505954,0.0028951223532505954,-0.03490218385031739,-0.0007783498996825206,0.0007783498996825206,fit
230,/tmp/FeCoNiPdPt_CE_fc2lj8yk/FeCoNiPdPt_CE/fcc100/data/structures/230.cif,-0.04672792406250004,bulk,32,32,32.0,-0.05660909054278228,0.009881166480282241,0.009881166480282241,-0.05508530797418049,0.008357383911680456,0.008357383911680456,holdout
231,/tmp/FeCoNiPdPt_CE_fc2lj8yk/FeCoNiPdPt_CE/fcc100/data/structures/231.cif,-0.02724988406249995,bulk,32,32,32.0,-0.046791539359402876,0.019541655296902924,0.019541655296902924,-0.0448504768821579,0.01760059281965795,0.01760059281965795,fit
232,/tmp/FeCoNiPdPt_CE_fc2lj8yk/FeCoNiPdPt_CE/fcc100/data/structures/232.cif,-0.05672298812500021,bulk,32,32,32.0,-0.04534340573222835,-0.011379582392771856,0.011379582392771856,-0.047279215204537116,-0.00944377292046309,0.00944377292046309,fit
233,/tmp/FeCoNiPdPt_CE_fc2lj8yk/FeCoNiPdPt_CE/fcc100/data/structures/233.cif,-0.07729313843750063,bulk,32,32,32.0,-0.0632412024861726,-0.014051935951328032,0.014051935951328032,-0.06274852819745633,-0.014544610240044303,0.014544610240044303,fit
234,/tmp/FeCoNiPdPt_CE_fc2lj8yk/FeCoNiPdPt_CE/fcc100/data/structures/234.cif,-0.06222313750000019,bulk,32,32,32.0,-0.037172596527692,-0.02505054097230819,0.02505054097230819,-0.03655791979985122,-0.02566521770014897,0.02566521770014897,fit
235,/tmp/FeCoNiPdPt_CE_fc2lj8yk/FeCoNiPdPt_CE/fcc100/data/structures/235.cif,-0.018740681249999724,bulk,32,32,32.0,-0.049619239639133055,0.03087855838913333,0.03087855838913333,-0.05006593382143677,0.03132525257143705,0.03132525257143705,fit
236,/tmp/FeCoNiPdPt_CE_fc2lj8yk/FeCoNiPdPt_CE/fcc100/data/structures/236.cif,-0.061463286250000415,bulk,32,32,32.0,-0.06617733027873038,0.004714044028729963,0.004714044028729963,-0.06725329222116,0.005790005971159584,0.005790005971159584,fit
237,/tmp/FeCoNiPdPt_CE_fc2lj8yk/FeCoNiPdPt_CE/fcc100/data/structures/237.cif,0.011789138750000205,bulk,32,32,32.0,-0.06798279342259872,0.07977193217259892,0.07977193217259892,-0.0654653350754072,0.0772544738254074,0.0772544738254074,fit
238,/tmp/FeCoNiPdPt_CE_fc2lj8yk/FeCoNiPdPt_CE/fcc100/data/structures/238.cif,-0.028821445312499527,bulk,32,32,32.0,-0.024075281483838164,-0.004746163828661363,0.004746163828661363,-0.024176919729493214,-0.004644525583006313,0.004644525583006313,fit
239,/tmp/FeCoNiPdPt_CE_fc2lj8yk/FeCoNiPdPt_CE/fcc100/data/structures/239.cif,-0.07418237468750011,bulk,32,32,32.0,-0.06320163629690452,-0.010980738390595587,0.010980738390595587,-0.06251720680649367,-0.011665167881006439,0.011665167881006439,fit
240,/tmp/FeCoNiPdPt_CE_fc2lj8yk/FeCoNiPdPt_CE/fcc100/data/structures/240.cif,-0.06265187218749979,bulk,32,32,32.0,-0.04528608277736323,-0.017365789410136563,0.017365789410136563,-0.04603073504895575,-0.01662113713854404,0.01662113713854404,fit
241,/tmp/FeCoNiPdPt_CE_fc2lj8yk/FeCoNiPdPt_CE/fcc100/data/structures/241.cif,-0.01973220156250033,bulk,32,32,32.0,-0.0169961459596058,-0.0027360556028945306,0.0027360556028945306,-0.015970692705548132,-0.003761508856952197,0.003761508856952197,holdout
242,/tmp/FeCoNiPdPt_CE_fc2lj8yk/FeCoNiPdPt_CE/fcc100/data/structures/242.cif,-0.09178050562500051,bulk,32,32,32.0,-0.05803148279219496,-0.03374902283280555,0.03374902283280555,-0.05604502644787192,-0.03573547917712859,0.03573547917712859,fit
243,/tmp/FeCoNiPdPt_CE_fc2lj8yk/FeCoNiPdPt_CE/fcc100/data/structures/243.cif,-0.08801855187499985,bulk,32,32,32.0,-0.06083709315338925,-0.027181458721610603,0.027181458721610603,-0.061160743726568684,-0.026857808148431167,0.026857808148431167,fit
244,/tmp/FeCoNiPdPt_CE_fc2lj8yk/FeCoNiPdPt_CE/fcc100/data/structures/244.cif,-0.07412187812500015,bulk,32,32,32.0,-0.05900139298632128,-0.01512048513867887,0.01512048513867887,-0.05986022911827718,-0.01426164900672297,0.01426164900672297,fit
245,/tmp/FeCoNiPdPt_CE_fc2lj8yk/FeCoNiPdPt_CE/fcc100/data/structures/245.cif,-0.0692827203125006,bulk,32,32,32.0,-0.039329572838560534,-0.029953147473940067,0.029953147473940067,-0.04113510971163932,-0.02814761060086128,0.02814761060086128,fit
246,/tmp/FeCoNiPdPt_CE_fc2lj8yk/FeCoNiPdPt_CE/fcc100/data/structures/246.cif,-0.07481787531250017,bulk,32,32,32.0,-0.07625869417313952,0.001440818860639348,0.001440818860639348,-0.07774548290167418,0.002927607589174014,0.002927607589174014,fit
247,/tmp/FeCoNiPdPt_CE_fc2lj8yk/FeCoNiPdPt_CE/fcc100/data/structures/247.cif,-0.016077200312500928,bulk,32,32,32.0,-0.02298836536434227,0.006911165051841341,0.006911165051841341,-0.02122105477462178,0.005143854462120852,0.005143854462120852,fit
248,/tmp/FeCoNiPdPt_CE_fc2lj8yk/FeCoNiPdPt_CE/fcc100/data/structures/248.cif,-0.01602920906250027,bulk,32,32,32.0,-0.015721469009778104,-0.0003077400527221677,0.0003077400527221677,-0.016884965552489455,0.0008557564899891838,0.0008557564899891838,fit
249,/tmp/FeCoNiPdPt_CE_fc2lj8yk/FeCoNiPdPt_CE/fcc100/data/structures/249.cif,-0.04148732406249955,bulk,32,32,32.0,-0.0509579465793526,0.009470622516853044,0.009470622516853044,-0.05062041857045777,0.009133094507958218,0.009133094507958218,fit
250,/tmp/FeCoNiPdPt_CE_fc2lj8yk/FeCoNiPdPt_CE/fcc100/data/structures/250.cif,0.03428775531249961,bulk,32,32,32.0,-0.02817129945704569,0.0624590547695453,0.0624590547695453,-0.02564786811023187,0.05993562342273148,0.05993562342273148,fit
251,/tmp/FeCoNiPdPt_CE_fc2lj8yk/FeCoNiPdPt_CE/fcc100/data/structures/251.cif,-0.04559560031249976,bulk,32,32,32.0,-0.03224644692332185,-0.013349153389177915,0.013349153389177915,-0.03272580132489883,-0.012869798987600933,0.012869798987600933,fit
252,/tmp/FeCoNiPdPt_CE_fc2lj8yk/FeCoNiPdPt_CE/fcc100/data/structures/252.cif,-0.0821749246875001,bulk,32,32,32.0,-0.09042232743924901,0.008247402751748914,0.008247402751748914,-0.09130293177838857,0.00912800709088847,0.00912800709088847,holdout
253,/tmp/FeCoNiPdPt_CE_fc2lj8yk/FeCoNiPdPt_CE/fcc100/data/structures/253.cif,-0.05472283562500024,bulk,32,32,32.0,-0.00950502695804607,-0.04521780866695417,0.04521780866695417,-0.009024116818089413,-0.04569871880691083,0.04569871880691083,fit
254,/tmp/FeCoNiPdPt_CE_fc2lj8yk/FeCoNiPdPt_CE/fcc100/data/structures/254.cif,-0.051433958750000563,bulk,32,32,32.0,-0.0605845331882232,0.009150574438222633,0.009150574438222633,-0.059114655157136056,0.007680696407135493,0.007680696407135493,fit
255,/tmp/FeCoNiPdPt_CE_fc2lj8yk/FeCoNiPdPt_CE/fcc100/data/structures/255.cif,-0.041700257500000504,bulk,32,32,32.0,-0.061063028584512326,0.019362771084511822,0.019362771084511822,-0.0612597935774887,0.0195595360774882,0.0195595360774882,fit
256,/tmp/FeCoNiPdPt_CE_fc2lj8yk/FeCoNiPdPt_CE/fcc100/data/structures/256.cif,-0.023544338124999342,bulk,32,32,32.0,-0.02001661893238351,-0.0035277191926158316,0.0035277191926158316,-0.019665725506641918,-0.0038786126183574243,0.0038786126183574243,fit
257,/tmp/FeCoNiPdPt_CE_fc2lj8yk/FeCoNiPdPt_CE/fcc100/data/structures/257.cif,-0.06554924406249985,bulk,32,32,32.0,-0.04227873726782051,-0.023270506794679333,0.023270506794679333,-0.04632717221447401,-0.019222071848025837,0.019222071848025837,fit
258,/tmp/FeCoNiPdPt_CE_fc2lj8yk/FeCoNiPdPt_CE/fcc100/data/structures/258.cif,-0.02624026093749965,bulk,32,32,32.0,-0.048687175900054995,0.022446914962555346,0.022446914962555346,-0.049967001121542655,0.023726740184043006,0.023726740184043006,fit
259,/tmp/FeCoNiPdPt_CE_fc2lj8yk/FeCoNiPdPt_CE/fcc100/data/structures/259.cif,-0.05084675187500043,bulk,32,32,32.0,-0.046203983757913285,-0.004642768117087144,0.004642768117087144,-0.046007532989241526,-0.004839218885758903,0.004839218885758903,fit
260,/tmp/FeCoNiPdPt_CE_fc2lj8yk/FeCoNiPdPt_CE/fcc100/data/structures/260.cif,-0.058744514687500526,bulk,32,32,32.0,-0.05967002196489428,0.0009255072773937528,0.0009255072773937528,-0.05921705945941338,0.00047254477191285144,0.00047254477191285144,fit
261,/tmp/FeCoNiPdPt_CE_fc2lj8yk/FeCoNiPdPt_CE/fcc100/data/structures/261.cif,0.06684752906249969,bulk,32,32,32.0,-0.01789292962201257,0.08474045868451226,0.08474045868451226,-0.018550983611520168,0.08539851267401985,0.08539851267401985,fit
262,/tmp/FeCoNiPdPt_CE_fc2lj8yk/FeCoNiPdPt_CE/fcc100/data/structures/262.cif,0.027306370937500546,bulk,32,32,32.0,-0.03578888499380729,0.06309525593130784,0.06309525593130784,-0.03492186999651709,0.06222824093401764,0.06222824093401764,fit
263,/tmp/FeCoNiPdPt_CE_fc2lj8yk/FeCoNiPdPt_CE/fcc100/data/structures/263.cif,0.004211024374999539,bulk,32,32,32.0,-0.02656059918623756,0.0307716235612371,0.0307716235612371,-0.0262749097760697,0.03048593415106924,0.03048593415106924,fit
264,/tmp/FeCoNiPdPt_CE_fc2lj8yk/FeCoNiPdPt_CE/fcc100/data/structures/264.cif,0.0035724756250008483,bulk,32,32,32.0,0.012792863293029583,-0.009220387668028735,0.009220387668028735,0.012993526676423041,-0.009421051051422193,0.009421051051422193,fit
265,/tmp/FeCoNiPdPt_CE_fc2lj8yk/FeCoNiPdPt_CE/fcc100/data/structures/265.cif,-0.04190308499999951,bulk,32,32,32.0,-0.03582922474152688,-0.006073860258472626,0.006073860258472626,-0.035996229840859956,-0.005906855159139551,0.005906855159139551,fit
266,/tmp/FeCoNiPdPt_CE_fc2lj8yk/FeCoNiPdPt_CE/fcc100/data/structures/266.cif,0.11051938093750024,bulk,32,32,32.0,0.012230400308125581,0.09828898062937466,0.09828898062937466,0.014457691617403737,0.09606168932009651,0.09606168932009651,fit
267,/tmp/FeCoNiPdPt_CE_fc2lj8yk/FeCoNiPdPt_CE/fcc100/data/structures/267.cif,0.07757073750000032,bulk,32,32,32.0,0.015366242930332095,0.06220449456966823,0.06220449456966823,0.014040493810469436,0.06353024368953089,0.06353024368953089,fit
268,/tmp/FeCoNiPdPt_CE_fc2lj8yk/FeCoNiPdPt_CE/fcc100/data/structures/268.cif,0.012541953437500197,bulk,32,32,32.0,-0.0570050059939611,0.0695469594314613,0.0695469594314613,-0.056961945122286264,0.06950389855978646,0.06950389855978646,fit
269,/tmp/FeCoNiPdPt_CE_fc2lj8yk/FeCoNiPdPt_CE/fcc100/data/structures/269.cif,-0.02564780281250023,bulk,32,32,32.0,-0.027689732607404337,0.0020419297949041057,0.0020419297949041057,-0.02608186249979372,0.00043405968729349,0.00043405968729349,holdout
270,/tmp/FeCoNiPdPt_CE_fc2lj8yk/FeCoNiPdPt_CE/fcc100/data/structures/270.cif,-0.051904298125000636,bulk,32,32,32.0,-0.05334924235175896,0.001444944226758324,0.001444944226758324,-0.053477032839280424,0.0015727347142797873,0.0015727347142797873,fit
271,/tmp/FeCoNiPdPt_CE_fc2lj8yk/FeCoNiPdPt_CE/fcc100/data/structures/271.cif,-0.035971705624999295,bulk,32,32,32.0,-0.03864579302821238,0.0026740874032130865,0.0026740874032130865,-0.03788494185669328,0.0019132362316939822,0.0019132362316939822,fit
272,/tmp/FeCoNiPdPt_CE_fc2lj8yk/FeCoNiPdPt_CE/fcc100/data/structures/272.cif,-0.018277936875000123,bulk,32,32,32.0,-0.06507837380637856,0.046800436931378434,0.046800436931378434,-0.06388569648731306,0.045607759612312934,0.045607759612312934,fit
273,/tmp/FeCoNiPdPt_CE_fc2lj8yk/FeCoNiPdPt_CE/fcc100/data/structures/273.cif,0.03770430125000068,bulk,32,32,32.0,-0.03279753295831235,0.07050183420831303,0.07050183420831303,-0.03209054063731172,0.0697948418873124,0.0697948418873124,fit
274,/tmp/FeCoNiPdPt_CE_fc2lj8yk/FeCoNiPdPt_CE/fcc100/data/structures/274.cif,-0.05966825249999985,bulk,32,32,32.0,-0.051337137377568426,-0.008331115122431426,0.008331115122431426,-0.05235710779326778,-0.007311144706732074,0.007311144706732074,fit
275,/tmp/FeCoNiPdPt_CE_fc2lj8yk/FeCoNiPdPt_CE/fcc100/data/structures/275.cif,-0.02502364812499991,bulk,32,32,32.0,-0.018639476609761882,-0.006384171515238027,0.006384171515238027,-0.017760187645344948,-0.007263460479654961,0.007263460479654961,fit
276,/tmp/FeCoNiPdPt_CE_fc2lj8yk/FeCoNiPdPt_CE/fcc100/data/structures/276.cif,-0.01964023781249935,bulk,32,32,32.0,-0.056614941653631914,0.036974703841132564,0.036974703841132564,-0.06005558852305702,0.04041535071055767,0.04041535071055767,holdout
277,/tmp/FeCoNiPdPt_CE_fc2lj8yk/FeCoNiPdPt_CE/fcc100/data/structures/277.cif,-0.05563581406249973,bulk,32,32,32.0,-0.042956532043558565,-0.012679282018941168,0.012679282018941168,-0.04144859010664728,-0.014187223955852452,0.014187223955852452,fit
278,/tmp/FeCoNiPdPt_CE_fc2lj8yk/FeCoNiPdPt_CE/fcc100/data/structures/278.cif,-0.0599477946875,bulk,32,32,32.0,-0.044792580170320895,-0.015155214517179105,0.015155214517179105,-0.04580430429992435,-0.014143490387575647,0.014143490387575647,fit
279,/tmp/FeCoNiPdPt_CE_fc2lj8yk/FeCoNiPdPt_CE/fcc100/data/structures/279.cif,-0.056790456875000395,bulk,32,32,32.0,-0.020706945240468545,-0.03608351163453185,0.03608351163453185,-0.02007935371450946,-0.036711103160490935,0.036711103160490935,fit
280,/tmp/FeCoNiPdPt_CE_fc2lj8yk/FeCoNiPdPt_CE/fcc100/data/structures/280.cif,-0.015247411249999843,bulk,32,32,32.0,-0.020135523409763698,0.004888112159763855,0.004888112159763855,-0.020650622284142967,0.005403211034143124,0.005403211034143124,fit
281,/tmp/FeCoNiPdPt_CE_fc2lj8yk/FeCoNiPdPt_CE/fcc100/data/structures/281.cif,-0.05746840124999952,bulk,32,32,32.0,-0.06999868804065033,0.01253028679065081,0.01253028679065081,-0.06762221394621194,0.01015381269621242,0.01015381269621242,fit
282,/tmp/FeCoNiPdPt_CE_fc2lj8yk/FeCoNiPdPt_CE/fcc100/data/structures/282.cif,-0.09208547312500048,bulk,32,32,32.0,-0.07797857598388254,-0.014106897141117944,0.014106897141117944,-0.08007625232887379,-0.012009220796126693,0.012009220796126693,fit
283,/tmp/FeCoNiPdPt_CE_fc2lj8yk/FeCoNiPdPt_CE/fcc100/data/structures/283.cif,-0.05873737906250032,bulk,32,32,32.0,-0.07795424967183306,0.019216870609332748,0.019216870609332748,-0.07827295677780804,0.019535577715307728,0.019535577715307728,fit
284,/tmp/FeCoNiPdPt_CE_fc2lj8yk/FeCoNiPdPt_CE/fcc100/data/structures/284.cif,-0.06671582718750102,bulk,32,32,32.0,-0.05106589735444116,-0.015649929833059857,0.015649929833059857,-0.05150873098574238,-0.01520709620175864,0.01520709620175864,fit
285,/tmp/FeCoNiPdPt_CE_fc2lj8yk/FeCoNiPdPt_CE/fcc100/data/structures/285.cif,0.039610557187500284,bulk,32,32,32.0,-0.008400774757775847,0.04801133194527613,0.04801133194527613,-0.009938473757697628,0.049549030945197914,0.049549030945197914,fit
286,/tmp/FeCoNiPdPt_CE_fc2lj8yk/FeCoNiPdPt_CE/fcc100/data/structures/286.cif,-0.051431710937499986,bulk,32,32,32.0,-0.05030872265292149,-0.001122988284578498,0.001122988284578498,-0.047438047874920945,-0.003993663062579041,0.003993663062579041,fit
287,/tmp/FeCoNiPdPt_CE_fc2lj8yk/FeCoNiPdPt_CE/fcc100/data/structures/287.cif,-0.04209777968750039,bulk,32,32,32.0,-0.03694087482286766,-0.00515690486463273,0.00515690486463273,-0.036523469527264096,-0.0055743101602362954,0.0055743101602362954,fit
288,/tmp/FeCoNiPdPt_CE_fc2lj8yk/FeCoNiPdPt_CE/fcc100/data/structures/288.cif,-0.04666122718749932,bulk,32,32,32.0,-0.044103857043144734,-0.002557370144354587,0.002557370144354587,-0.04317305347111414,-0.0034881737163851845,0.0034881737163851845,holdout
289,/tmp/FeCoNiPdPt_CE_fc2lj8yk/FeCoNiPdPt_CE/fcc100/data/structures/289.cif,-0.057764361249999396,bulk,32,32,32.0,-0.06549930640254303,0.0077349451525436375,0.0077349451525436375,-0.06431383333975893,0.006549472089759534,0.006549472089759534,fit
290,/tmp/FeCoNiPdPt_CE_fc2lj8yk/FeCoNiPdPt_CE/fcc100/data/structures/290.cif,-0.08292878062500009,bulk,32,32,32.0,-0.07204373137068651,-0.010885049254313578,0.010885049254313578,-0.07179644253201124,-0.011132338092988844,0.011132338092988844,fit
291,/tmp/FeCoNiPdPt_CE_fc2lj8yk/FeCoNiPdPt_CE/fcc100/data/structures/291.cif,-0.034778642812500316,bulk,32,32,32.0,-0.02916938788447332,-0.0056092549280269965,0.0056092549280269965,-0.027998928736884657,-0.006779714075615659,0.006779714075615659,fit
292,/tmp/FeCoNiPdPt_CE_fc2lj8yk/FeCoNiPdPt_CE/fcc100/data/structures/292.cif,-0.07094500749999977,bulk,32,32,32.0,-0.06648467097366298,-0.004460336526336789,0.004460336526336789,-0.065649798321115,-0.005295209178884763,0.005295209178884763,fit
293,/tmp/FeCoNiPdPt_CE_fc2lj8yk/FeCoNiPdPt_CE/fcc100/data/structures/293.cif,-0.03414649812500059,bulk,32,32,32.0,-0.051982818469330776,0.017836320344330185,0.017836320344330185,-0.05238390904266457,0.018237410917663982,0.018237410917663982,fit
294,/tmp/FeCoNiPdPt_CE_fc2lj8yk/FeCoNiPdPt_CE/fcc100/data/structures/294.cif,0.004468096562500357,bulk,32,32,32.0,-0.02455944100650529,0.029027537569005647,0.029027537569005647,-0.024425726583490993,0.02889382314599135,0.02889382314599135,fit
295,/tmp/FeCoNiPdPt_CE_fc2lj8yk/FeCoNiPdPt_CE/fcc100/data/structures/295.cif,-0.05328981656249976,bulk,32,32,32.0,-0.045778818747049504,-0.007510997815450254,0.007510997815450254,-0.043986889307886586,-0.009302927254613173,0.009302927254613173,holdout
296,/tmp/FeCoNiPdPt_CE_fc2lj8yk/FeCoNiPdPt_CE/fcc100/data/structures/296.cif,-0.04488771375000056,bulk,32,32,32.0,-0.015723737147275152,-0.029163976602725405,0.029163976602725405,-0.01203065912200122,-0.03285705462799934,0.03285705462799934,fit
297,/tmp/FeCoNiPdPt_CE_fc2lj8yk/FeCoNiPdPt_CE/fcc100/data/structures/297.cif,-0.0803569637499999,bulk,32,32,32.0,-0.049038611178784934,-0.031318352571214965,0.031318352571214965,-0.0492273375917391,-0.0311296261582608,0.0311296261582608,fit
298,/tmp/FeCoNiPdPt_CE_fc2lj8yk/FeCoNiPdPt_CE/fcc100/data/structures/298.cif,-0.04002127250000065,bulk,32,32,32.0,-0.02221716218476558,-0.01780411031523507,0.01780411031523507,-0.019847585244645485,-0.020173687255355163,0.020173687255355163,fit
299,/tmp/FeCoNiPdPt_CE_fc2lj8yk/FeCoNiPdPt_CE/fcc100/data/structures/299.cif,-0.04864104062500019,bulk,32,32,32.0,-0.054371497180469144,0.005730456555468957,0.005730456555468957,-0.054516940689109436,0.005875900064109249,0.005875900064109249,fit
300,/tmp/FeCoNiPdPt_CE_fc2lj8yk/FeCoNiPdPt_CE/fcc100/data/structures/300.cif,-0.0649054178124997,bulk,32,32,32.0,-0.052520016876455466,-0.012385400936044233,0.012385400936044233,-0.05208196115149606,-0.012823456661003638,0.012823456661003638,fit
301,/tmp/FeCoNiPdPt_CE_fc2lj8yk/FeCoNiPdPt_CE/fcc100/data/structures/301.cif,-0.05976053062500064,bulk,32,32,32.0,-0.03919783584022174,-0.0205626947847789,0.0205626947847789,-0.03867590578181066,-0.02108462484318998,0.02108462484318998,fit
302,/tmp/FeCoNiPdPt_CE_fc2lj8yk/FeCoNiPdPt_CE/fcc100/data/structures/302.cif,-0.05701904093749999,bulk,32,32,32.0,-0.04310105463799736,-0.013917986299502624,0.013917986299502624,-0.042793900086467974,-0.014225140851032013,0.014225140851032013,fit
303,/tmp/FeCoNiPdPt_CE_fc2lj8yk/FeCoNiPdPt_CE/fcc100/data/structures/303.cif,-0.006657552500000108,bulk,32,32,32.0,-0.013218005994464384,0.006560453494464276,0.006560453494464276,-0.012381968263638972,0.005724415763638864,0.005724415763638864,fit
304,/tmp/FeCoNiPdPt_CE_fc2lj8yk/FeCoNiPdPt_CE/fcc100/data/structures/304.cif,-0.04305103812499933,bulk,32,32,32.0,-0.042579395711553364,-0.00047164241344596625,0.00047164241344596625,-0.043647362356847144,0.000596324231847814,0.000596324231847814,fit
305,/tmp/FeCoNiPdPt_CE_fc2lj8yk/FeCoNiPdPt_CE/fcc100/data/structures/305.cif,-0.03736596937500014,bulk,32,32,32.0,-0.02643323901396251,-0.010932730361037632,0.010932730361037632,-0.027039085953889087,-0.010326883421111054,0.010326883421111054,fit
306,/tmp/FeCoNiPdPt_CE_fc2lj8yk/FeCoNiPdPt_CE/fcc100/data/structures/306.cif,-0.05651905156249981,bulk,32,32,32.0,-0.03514508214431714,-0.02137396941818267,0.02137396941818267,-0.035534939217912766,-0.020984112344587046,0.020984112344587046,fit
307,/tmp/FeCoNiPdPt_CE_fc2lj8yk/FeCoNiPdPt_CE/fcc100/data/structures/307.cif,-0.008900195312500081,bulk,32,32,32.0,-0.0038070993054087864,-0.005093096007091295,0.005093096007091295,-0.004611615794677402,-0.004288579517822679,0.004288579517822679,fit
308,/tmp/FeCoNiPdPt_CE_fc2lj8yk/FeCoNiPdPt_CE/fcc100/data/structures/308.cif,-0.04302520124999987,bulk,32,32,32.0,-0.03438536240854753,-0.008639838841452335,0.008639838841452335,-0.035387602857050095,-0.007637598392949772,0.007637598392949772,fit
309,/tmp/FeCoNiPdPt_CE_fc2lj8yk/FeCoNiPdPt_CE/fcc100/data/structures/309.cif,-0.0679670540624997,bulk,32,32,32.0,-0.051273840336520715,-0.016693213725978984,0.016693213725978984,-0.05173236811990164,-0.01623468594259806,0.01623468594259806,fit
310,/tmp/FeCoNiPdPt_CE_fc2lj8yk/FeCoNiPdPt_CE/fcc100/data/structures/310.cif,-0.045513223749999554,bulk,32,32,32.0,-0.030238376142434117,-0.015274847607565437,0.015274847607565437,-0.029029686104991608,-0.016483537645007946,0.016483537645007946,fit
311,/tmp/FeCoNiPdPt_CE_fc2lj8yk/FeCoNiPdPt_CE/fcc100/data/structures/311.cif,-0.059032141562499696,bulk,32,32,32.0,-0.05874315150160929,-0.0002889900608904067,0.0002889900608904067,-0.058273074816847736,-0.0007590667456519595,0.0007590667456519595,fit
312,/tmp/FeCoNiPdPt_CE_fc2lj8yk/FeCoNiPdPt_CE/fcc100/data/structures/312.cif,-0.08293783250000075,bulk,32,32,32.0,-0.07444211764216616,-0.008495714857834596,0.008495714857834596,-0.07551201862354204,-0.0074258138764587145,0.0074258138764587145,fit
313,/tmp/FeCoNiPdPt_CE_fc2lj8yk/FeCoNiPdPt_CE/fcc100/data/structures/313.cif,-0.03379161843749934,bulk,32,32,32.0,-0.028894439756022933,-0.004897178681476405,0.004897178681476405,-0.027516260116137004,-0.006275358321362334,0.006275358321362334,fit
314,/tmp/FeCoNiPdPt_CE_fc2lj8yk/FeCoNiPdPt_CE/fcc100/data/structures/314.cif,-0.08731963843750012,bulk,32,32,32.0,-0.07388424623004632,-0.013435392207453808,0.013435392207453808,-0.07199015263026701,-0.015329485807233117,0.015329485807233117,fit
315,/tmp/FeCoNiPdPt_CE_fc2lj8yk/FeCoNiPdPt_CE/fcc100/data/structures/315.cif,-0.07703431437500008,bulk,32,32,32.0,-0.06851759222201073,-0.008516722152989348,0.008516722152989348,-0.06934681436458498,-0.007687500010415099,0.007687500010415099,holdout
316,/tmp/FeCoNiPdPt_CE_fc2lj8yk/FeCoNiPdPt_CE/fcc100/data/structures/316.cif,-0.01570964343749992,bulk,32,32,32.0,-0.027604685062980167,0.011895041625480246,0.011895041625480246,-0.027776343682737084,0.012066700245237164,0.012066700245237164,fit
317,/tmp/FeCoNiPdPt_CE_fc2lj8yk/FeCoNiPdPt_CE/fcc100/data/structures/317.cif,-0.05553254031249999,bulk,32,32,32.0,-0.04447223506819021,-0.01106030524430978,0.01106030524430978,-0.044344830926710516,-0.011187709385789474,0.011187709385789474,fit
318,/tmp/FeCoNiPdPt_CE_fc2lj8yk/FeCoNiPdPt_CE/fcc100/data/structures/318.cif,-0.011964984062499795,bulk,32,32,32.0,-0.028141900511265538,0.016176916448765743,0.016176916448765743,-0.02579004076151481,0.013825056699015015,0.013825056699015015,fit
319,/tmp/FeCoNiPdPt_CE_fc2lj8yk/FeCoNiPdPt_CE/fcc100/data/structures/319.cif,-0.06828518499999969,bulk,32,32,32.0,-0.05895524542463972,-0.00932993957535997,0.00932993957535997,-0.057414029991013096,-0.010871155008986597,0.010871155008986597,fit
320,/tmp/FeCoNiPdPt_CE_fc2lj8yk/FeCoNiPdPt_CE/fcc100/data/structures/320.cif,-0.07096756031249996,bulk,32,32,32.0,-0.08181244168346524,0.010844881370965287,0.010844881370965287,-0.0784396072917989,0.007472046979298944,0.007472046979298944,fit
321,/tmp/FeCoNiPdPt_CE_fc2lj8yk/FeCoNiPdPt_CE/fcc100/data/structures/321.cif,-0.042460744375000026,bulk,32,32,32.0,-0.03705396598522526,-0.005406778389774769,0.005406778389774769,-0.03722141678592666,-0.005239327589073368,0.005239327589073368,fit
322,/tmp/FeCoNiPdPt_CE_fc2lj8yk/FeCoNiPdPt_CE/fcc100/data/structures/322.cif,-0.06973384031249985,bulk,32,32,32.0,-0.06951566861997968,-0.00021817169252016932,0.00021817169252016932,-0.07111400825127444,0.0013801679387745874,0.0013801679387745874,fit
323,/tmp/FeCoNiPdPt_CE_fc2lj8yk/FeCoNiPdPt_CE/fcc100/data/structures/323.cif,-0.04383520718750056,bulk,32,32,32.0,-0.027210042533285628,-0.01662516465421493,0.01662516465421493,-0.026766230178977182,-0.017068977008523376,0.017068977008523376,fit
324,/tmp/FeCoNiPdPt_CE_fc2lj8yk/FeCoNiPdPt_CE/fcc100/data/structures/324.cif,-0.037347506562499966,bulk,32,32,32.0,-0.02767535959384098,-0.009672146968658986,0.009672146968658986,-0.02720691359099225,-0.010140592971507715,0.010140592971507715,fit
325,/tmp/FeCoNiPdPt_CE_fc2lj8yk/FeCoNiPdPt_CE/fcc100/data/structures/325.cif,-0.06208232999999996,bulk,32,32,32.0,-0.05687465865357334,-0.0052076713464266206,0.0052076713464266206,-0.05662493925565887,-0.005457390744341095,0.005457390744341095,fit
326,/tmp/FeCoNiPdPt_CE_fc2lj8yk/FeCoNiPdPt_CE/fcc100/data/structures/326.cif,-0.059405957500000106,bulk,32,32,32.0,-0.05660897133373555,-0.002796986166264559,0.002796986166264559,-0.05609298636994642,-0.003312971130053688,0.003312971130053688,fit
327,/tmp/FeCoNiPdPt_CE_fc2lj8yk/FeCoNiPdPt_CE/fcc100/data/structures/327.cif,0.027490630624999568,bulk,32,32,32.0,-0.014256478136703008,0.041747108761702574,0.041747108761702574,-0.014662856192955903,0.04215348681795547,0.04215348681795547,fit
328,/tmp/FeCoNiPdPt_CE_fc2lj8yk/FeCoNiPdPt_CE/fcc100/data/structures/328.cif,-0.07947064218750022,bulk,32,32,32.0,-0.056251264481525176,-0.02321937770597504,0.02321937770597504,-0.056424011969494446,-0.02304663021800577,0.02304663021800577,fit
329,/tmp/FeCoNiPdPt_CE_fc2lj8yk/FeCoNiPdPt_CE/fcc100/data/structures/329.cif,-0.006640730624999591,bulk,32,32,32.0,-0.021438000742982154,0.014797270117982562,0.014797270117982562,-0.021413101381829027,0.014772370756829436,0.014772370756829436,fit
330,/tmp/FeCoNiPdPt_CE_fc2lj8yk/FeCoNiPdPt_CE/fcc100/data/structures/330.cif,-0.05240572406249999,bulk,32,32,32.0,-0.03766747789646763,-0.014738246166032365,0.014738246166032365,-0.03413579061548285,-0.01826993344701714,0.01826993344701714,holdout
331,/tmp/FeCoNiPdPt_CE_fc2lj8yk/FeCoNiPdPt_CE/fcc100/data/structures/331.cif,-0.09505843625000043,bulk,32,32,32.0,-0.04634662264384115,-0.04871181360615928,0.04871181360615928,-0.046787202545643246,-0.04827123370435719,0.04827123370435719,fit
332,/tmp/FeCoNiPdPt_CE_fc2lj8yk/FeCoNiPdPt_CE/fcc100/data/structures/332.cif,-0.06294962656250025,bulk,32,32,32.0,-0.05881738746101048,-0.004132239101489771,0.004132239101489771,-0.057535854334375365,-0.005413772228124884,0.005413772228124884,fit
333,/tmp/FeCoNiPdPt_CE_fc2lj8yk/FeCoNiPdPt_CE/fcc100/data/structures/333.cif,-0.012492212500000655,bulk,32,32,32.0,-0.021891741519871166,0.009399529019870512,0.009399529019870512,-0.021923228245084678,0.009431015745084023,0.009431015745084023,fit
334,/tmp/FeCoNiPdPt_CE_fc2lj8yk/FeCoNiPdPt_CE/fcc100/data/structures/334.cif,-0.06280295562500093,bulk,32,32,32.0,-0.05725146940140177,-0.005551486223599161,0.005551486223599161,-0.057971393446452635,-0.004831562178548299,0.004831562178548299,fit
335,/tmp/FeCoNiPdPt_CE_fc2lj8yk/FeCoNiPdPt_CE/fcc100/data/structures/335.cif,-0.05895487312499981,bulk,32,32,32.0,-0.06283248945555928,0.003877616330559469,0.003877616330559469,-0.06256493466824617,0.0036100615432463623,0.0036100615432463623,fit
336,/tmp/FeCoNiPdPt_CE_fc2lj8yk/FeCoNiPdPt_CE/fcc100/data/structures/336.cif,-0.062157639062500714,bulk,32,32,32.0,-0.04437004523239178,-0.01778759383010893,0.01778759383010893,-0.04345404974406893,-0.01870358931843178,0.01870358931843178,fit
337,/tmp/FeCoNiPdPt_CE_fc2lj8yk/FeCoNiPdPt_CE/fcc100/data/structures/337.cif,-0.050555725312499966,bulk,32,32,32.0,-0.04171017309854627,-0.008845552213953695,0.008845552213953695,-0.04304994049776641,-0.007505784814733553,0.007505784814733553,holdout
338,/tmp/FeCoNiPdPt_CE_fc2lj8yk/FeCoNiPdPt_CE/fcc100/data/structures/338.cif,-0.06665852562499985,bulk,32,32,32.0,-0.06517133213254178,-0.001487193492458072,0.001487193492458072,-0.06561325717253312,-0.0010452684524667327,0.0010452684524667327,fit
339,/tmp/FeCoNiPdPt_CE_fc2lj8yk/FeCoNiPdPt_CE/fcc100/data/structures/339.cif,0.04727507218750038,bulk,32,32,32.0,-0.01718386539817217,0.06445893758567255,0.06445893758567255,-0.018697168989822092,0.06597224117732248,0.06597224117732248,fit
340,/tmp/FeCoNiPdPt_CE_fc2lj8yk/FeCoNiPdPt_CE/fcc100/data/structures/340.cif,-0.03824972500000001,bulk,32,32,32.0,-0.05931271055541698,0.02106298555541697,0.02106298555541697,-0.05883513543079118,0.020585410430791165,0.020585410430791165,fit
341,/tmp/FeCoNiPdPt_CE_fc2lj8yk/FeCoNiPdPt_CE/fcc100/data/structures/341.cif,-0.06537936500000008,bulk,32,32,32.0,-0.054968336983551795,-0.010411028016448283,0.010411028016448283,-0.055644653783499996,-0.009734711216500082,0.009734711216500082,fit
342,/tmp/FeCoNiPdPt_CE_fc2lj8yk/FeCoNiPdPt_CE/fcc100/data/structures/342.cif,-0.0588310609375009,bulk,32,32,32.0,-0.0509601944132483,-0.007870866524252604,0.007870866524252604,-0.05086574511380321,-0.007965315823697694,0.007965315823697694,fit
343,/tmp/FeCoNiPdPt_CE_fc2lj8yk/FeCoNiPdPt_CE/fcc100/data/structures/343.cif,-0.04212206999999957,bulk,32,32,32.0,-0.04304630616176558,0.0009242361617660122,0.0009242361617660122,-0.04337300552719498,0.001250935527195414,0.001250935527195414,holdout
344,/tmp/FeCoNiPdPt_CE_fc2lj8yk/FeCoNiPdPt_CE/fcc100/data/structures/344.cif,-0.00026459249999977175,bulk,32,32,32.0,0.005571389001249162,-0.0058359815012489335,0.0058359815012489335,0.00628135908894603,-0.006545951588945801,0.006545951588945801,fit
345,/tmp/FeCoNiPdPt_CE_fc2lj8yk/FeCoNiPdPt_CE/fcc100/data/structures/345.cif,-0.06780879781249993,bulk,32,32,32.0,-0.06247935515356473,-0.005329442658935202,0.005329442658935202,-0.0621274801842875,-0.005681317628212432,0.005681317628212432,fit
346,/tmp/FeCoNiPdPt_CE_fc2lj8yk/FeCoNiPdPt_CE/fcc100/data/structures/346.cif,-0.04272768156249995,bulk,32,32,32.0,-0.030945006978053635,-0.011782674584446318,0.011782674584446318,-0.030170059117435248,-0.012557622445064705,0.012557622445064705,fit
347,/tmp/FeCoNiPdPt_CE_fc2lj8yk/FeCoNiPdPt_CE/fcc100/data/structures/347.cif,-0.09452312843750033,bulk,32,32,32.0,-0.06489324436796327,-0.029629884069537052,0.029629884069537052,-0.06354637522330789,-0.030976753214192437,0.030976753214192437,fit
348,/tmp/FeCoNiPdPt_CE_fc2lj8yk/FeCoNiPdPt_CE/fcc100/data/structures/348.cif,-0.051179299062500405,bulk,32,32,32.0,-0.05545116872979601,0.004271869667295605,0.004271869667295605,-0.05601116266575422,0.004831863603253814,0.004831863603253814,fit
349,/tmp/FeCoNiPdPt_CE_fc2lj8yk/FeCoNiPdPt_CE/fcc100/data/structures/349.cif,-0.05907428437499984,bulk,32,32,32.0,-0.04777895849005871,-0.01129532588494113,0.01129532588494113,-0.04728171645513496,-0.011792567919864883,0.011792567919864883,fit
350,/tmp/FeCoNiPdPt_CE_fc2lj8yk/FeCoNiPdPt_CE/fcc100/data/structures/350.cif,-0.01665085187500015,bulk,32,32,32.0,-0.017559131748704486,0.000908279873704336,0.000908279873704336,-0.017887354387635522,0.001236502512635372,0.001236502512635372,fit
351,/tmp/FeCoNiPdPt_CE_fc2lj8yk/FeCoNiPdPt_CE/fcc100/data/structures/351.cif,-0.046316149062500145,bulk,32,32,32.0,-0.03960070791738175,-0.006715441145118392,0.006715441145118392,-0.0396537056840054,-0.0066624433784947465,0.0066624433784947465,fit
352,/tmp/FeCoNiPdPt_CE_fc2lj8yk/FeCoNiPdPt_CE/fcc100/data/structures/352.cif,-0.08528241750000021,bulk,32,32,32.0,-0.05477954141392252,-0.030502876086077685,0.030502876086077685,-0.05175353621346301,-0.0335288812865372,0.0335288812865372,fit
353,/tmp/FeCoNiPdPt_CE_fc2lj8yk/FeCoNiPdPt_CE/fcc100/data/structures/353.cif,0.039720254062499905,bulk,32,32,32.0,-0.01816573897929203,0.057885993041791935,0.057885993041791935,-0.01867931057539039,0.0583995646378903,0.0583995646378903,fit
354,/tmp/FeCoNiPdPt_CE_fc2lj8yk/FeCoNiPdPt_CE/fcc100/data/structures/354.cif,-0.039889590000000474,bulk,32,32,32.0,-0.042138716167460614,0.00224912616746014,0.00224912616746014,-0.04233035341101998,0.0024407634110195087,0.0024407634110195087,fit
355,/tmp/FeCoNiPdPt_CE_fc2lj8yk/FeCoNiPdPt_CE/fcc100/data/structures/355.cif,-0.013023542812500288,bulk,32,32,32.0,-0.029742751853592157,0.016719209041091868,0.016719209041091868,-0.0276884830551306,0.014664940242630313,0.014664940242630313,fit
356,/tmp/FeCoNiPdPt_CE_fc2lj8yk/FeCoNiPdPt_CE/fcc100/data/structures/356.cif,-0.059752938437500625,bulk,32,32,32.0,-0.028992251995510643,-0.03076068644198998,0.03076068644198998,-0.029164891219545346,-0.03058804721795528,0.03058804721795528,fit
357,/tmp/FeCoNiPdPt_CE_fc2lj8yk/FeCoNiPdPt_CE/fcc100/data/structures/357.cif,-0.06829875468750046,bulk,32,32,32.0,-0.049800904708036775,-0.018497849979463687,0.018497849979463687,-0.050501895196250826,-0.017796859491249636,0.017796859491249636,fit
358,/tmp/FeCoNiPdPt_CE_fc2lj8yk/FeCoNiPdPt_CE/fcc100/data/structures/358.cif,-0.028886365624999577,bulk,32,32,32.0,-0.009430529994871241,-0.019455835630128336,0.019455835630128336,-0.009578824004548467,-0.01930754162045111,0.01930754162045111,fit
359,/tmp/FeCoNiPdPt_CE_fc2lj8yk/FeCoNiPdPt_CE/fcc100/data/structures/359.cif,-0.03576978593750013,bulk,32,32,32.0,-0.024129701291092306,-0.011640084646407825,0.011640084646407825,-0.02383441924808124,-0.011935366689418893,0.011935366689418893,fit
360,/tmp/FeCoNiPdPt_CE_fc2lj8yk/FeCoNiPdPt_CE/fcc100/data/structures/360.cif,-0.04916598937500005,bulk,32,32,32.0,-0.0605041747518784,0.011338185376878349,0.011338185376878349,-0.061187339134231744,0.012021349759231692,0.012021349759231692,fit
361,/tmp/FeCoNiPdPt_CE_fc2lj8yk/FeCoNiPdPt_CE/fcc100/data/structures/361.cif,-0.034514535625000065,bulk,32,32,32.0,-0.04053586169910506,0.006021326074104993,0.006021326074104993,-0.03957192709086117,0.005057391465861108,0.005057391465861108,fit
362,/tmp/FeCoNiPdPt_CE_fc2lj8yk/FeCoNiPdPt_CE/fcc100/data/structures/362.cif,0.033684652499999856,bulk,32,32,32.0,-0.02321381802712434,0.0568984705271242,0.0568984705271242,-0.02305852833176309,0.05674318083176295,0.05674318083176295,fit
363,/tmp/FeCoNiPdPt_CE_fc2lj8yk/FeCoNiPdPt_CE/fcc100/data/structures/363.cif,0.018496703437500095,bulk,32,32,32.0,-0.007550366827227103,0.026047070264727197,0.026047070264727197,-0.0076463907052457805,0.026143094142745876,0.026143094142745876,fit
364,/tmp/FeCoNiPdPt_CE_fc2lj8yk/FeCoNiPdPt_CE/fcc100/data/structures/364.cif,-0.0505102737500005,bulk,32,32,32.0,-0.04001324879060176,-0.010497024959398742,0.010497024959398742,-0.0387153064999428,-0.0117949672500577,0.0117949672500577,fit
365,/tmp/FeCoNiPdPt_CE_fc2lj8yk/FeCoNiPdPt_CE/fcc100/data/structures/365.cif,-0.08094747500000032,bulk,32,32,32.0,-0.07751465983480851,-0.0034328151651918104,0.0034328151651918104,-0.07911415759198814,-0.0018333174080121806,0.0018333174080121806,fit
366,/tmp/FeCoNiPdPt_CE_fc2lj8yk/FeCoNiPdPt_CE/fcc100/data/structures/366.cif,-0.05259349499999999,bulk,32,32,32.0,-0.05177557485017077,-0.0008179201498292182,0.0008179201498292182,-0.051264451651008375,-0.0013290433489916154,0.0013290433489916154,fit
367,/tmp/FeCoNiPdPt_CE_fc2lj8yk/FeCoNiPdPt_CE/fcc100/data/structures/367.cif,0.012203186875000327,bulk,32,32,32.0,-0.050377234115600814,0.06258042099060114,0.06258042099060114,-0.049978733392393754,0.06218192026739408,0.06218192026739408,fit
368,/tmp/FeCoNiPdPt_CE_fc2lj8yk/FeCoNiPdPt_CE/fcc100/data/structures/368.cif,-0.06835055781249988,bulk,32,32,32.0,-0.03535269303086067,-0.032997864781639206,0.032997864781639206,-0.0331834484540943,-0.03516710935840558,0.03516710935840558,fit
369,/tmp/FeCoNiPdPt_CE_fc2lj8yk/FeCoNiPdPt_CE/fcc100/data/structures/369.cif,-0.058142554687500514,bulk,32,32,32.0,-0.047146910387058,-0.010995644300442517,0.010995644300442517,-0.04681677840615649,-0.011325776281344027,0.011325776281344027,fit
370,/tmp/FeCoNiPdPt_CE_fc2lj8yk/FeCoNiPdPt_CE/fcc100/data/structures/370.cif,-0.03225762312500002,bulk,32,32,32.0,-0.028109375780204306,-0.004148247344795717,0.004148247344795717,-0.028517255854317424,-0.0037403672706825992,0.0037403672706825992,fit
371,/tmp/FeCoNiPdPt_CE_fc2lj8yk/FeCoNiPdPt_CE/fcc100/data/structures/371.cif,-0.03624135250000027,bulk,32,32,32.0,-0.03251270818100245,-0.0037286443189978175,0.0037286443189978175,-0.032031819038471396,-0.004209533461528872,0.004209533461528872,fit
372,/tmp/FeCoNiPdPt_CE_fc2lj8yk/FeCoNiPdPt_CE/fcc100/data/structures/372.cif,-0.04017987749999996,bulk,32,32,32.0,-0.040648634364299295,0.0004687568642993342,0.0004687568642993342,-0.03882760903094611,-0.001352268469053848,0.001352268469053848,fit
373,/tmp/FeCoNiPdPt_CE_fc2lj8yk/FeCoNiPdPt_CE/fcc100/data/structures/373.cif,-0.07865879718749991,bulk,32,32,32.0,-0.04768733021041816,-0.030971466977081745,0.030971466977081745,-0.05060654058682029,-0.028052256600679615,0.028052256600679615,fit
374,/tmp/FeCoNiPdPt_CE_fc2lj8yk/FeCoNiPdPt_CE/fcc100/data/structures/374.cif,-0.06353039062499999,bulk,32,32,32.0,-0.05717417996125215,-0.0063562106637478355,0.0063562106637478355,-0.05659691705022312,-0.0069334735747768675,0.0069334735747768675,fit
375,/tmp/FeCoNiPdPt_CE_fc2lj8yk/FeCoNiPdPt_CE/fcc100/data/structures/375.cif,-0.061221872499999996,bulk,32,32,32.0,-0.06668942825822244,0.005467555758222442,0.005467555758222442,-0.06599282727274391,0.004770954772743918,0.004770954772743918,fit
376,/tmp/FeCoNiPdPt_CE_fc2lj8yk/FeCoNiPdPt_CE/fcc100/data/structures/376.cif,-0.06563741593750017,bulk,32,32,32.0,-0.06490322008144163,-0.0007341958560585365,0.0007341958560585365,-0.06388952859940336,-0.001747887338096804,0.001747887338096804,fit
377,/tmp/FeCoNiPdPt_CE_fc2lj8yk/FeCoNiPdPt_CE/fcc100/data/structures/377.cif,-0.04906953343749976,bulk,32,32,32.0,-0.025086548956706773,-0.023982984480792984,0.023982984480792984,-0.025544397192295742,-0.023525136245204015,0.023525136245204015,fit
378,/tmp/FeCoNiPdPt_CE_fc2lj8yk/FeCoNiPdPt_CE/fcc100/data/structures/378.cif,-0.010539498437499795,bulk,32,32,32.0,-0.017265440472212693,0.006725942034712898,0.006725942034712898,-0.01877245618283265,0.008232957745332857,0.008232957745332857,holdout
379,/tmp/FeCoNiPdPt_CE_fc2lj8yk/FeCoNiPdPt_CE/fcc100/data/structures/379.cif,-0.0718219324999998,bulk,32,32,32.0,-0.06577045132461751,-0.0060514811753822895,0.0060514811753822895,-0.06440812090157237,-0.007413811598427425,0.007413811598427425,holdout
380,/tmp/FeCoNiPdPt_CE_fc2lj8yk/FeCoNiPdPt_CE/fcc100/data/structures/380.cif,-0.054403385624999245,bulk,32,32,32.0,-0.03290754292474071,-0.021495842700258533,0.021495842700258533,-0.03412247452141915,-0.020280911103580095,0.020280911103580095,fit
381,/tmp/FeCoNiPdPt_CE_fc2lj8yk/FeCoNiPdPt_CE/fcc100/data/structures/381.cif,0.012529930000000356,bulk,32,32,32.0,-0.010460929993932899,0.022990859993933254,0.022990859993933254,-0.009698154428065502,0.022228084428065856,0.022228084428065856,fit
382,/tmp/FeCoNiPdPt_CE_fc2lj8yk/FeCoNiPdPt_CE/fcc100/data/structures/382.cif,-0.04597709593750032,bulk,32,32,32.0,-0.039372861987389665,-0.006604233950110658,0.006604233950110658,-0.040504832640344074,-0.005472263297156249,0.005472263297156249,fit
383,/tmp/FeCoNiPdPt_CE_fc2lj8yk/FeCoNiPdPt_CE/fcc100/data/structures/383.cif,-0.0068018806249998676,bulk,32,32,32.0,-0.05640049458227452,0.049598613957274655,0.049598613957274655,-0.054992701380719225,0.04819082075571936,0.04819082075571936,fit
384,/tmp/FeCoNiPdPt_CE_fc2lj8yk/FeCoNiPdPt_CE/fcc100/data/structures/384.cif,-0.047125815312500485,bulk,32,32,32.0,-0.031083996964480713,-0.016041818348019772,0.016041818348019772,-0.03050549861839339,-0.016620316694107094,0.016620316694107094,fit
385,/tmp/FeCoNiPdPt_CE_fc2lj8yk/FeCoNiPdPt_CE/fcc100/data/structures/385.cif,0.018206240312499844,bulk,32,32,32.0,0.019148854020349895,-0.0009426137078500513,0.0009426137078500513,0.021712410278358074,-0.00350616996585823,0.00350616996585823,holdout
386,/tmp/FeCoNiPdPt_CE_fc2lj8yk/FeCoNiPdPt_CE/fcc100/data/structures/386.cif,-0.014796130000000574,bulk,32,32,32.0,-0.011895060610917399,-0.0029010693890831746,0.0029010693890831746,-0.012285917319764469,-0.002510212680236105,0.002510212680236105,fit
387,/tmp/FeCoNiPdPt_CE_fc2lj8yk/FeCoNiPdPt_CE/fcc100/data/structures/387.cif,-0.036854190000000564,bulk,32,32,32.0,-0.03641903926681992,-0.0004351507331806434,0.0004351507331806434,-0.03512495813644693,-0.001729231863553636,0.001729231863553636,holdout
388,/tmp/FeCoNiPdPt_CE_fc2lj8yk/FeCoNiPdPt_CE/fcc100/data/structures/388.cif,-0.020631064999999893,bulk,32,32,32.0,-0.012428995303295633,-0.00820206969670426,0.00820206969670426,-0.013611309141973595,-0.007019755858026298,0.007019755858026298,fit
389,/tmp/FeCoNiPdPt_CE_fc2lj8yk/FeCoNiPdPt_CE/fcc100/data/structures/389.cif,-0.05250976468750057,bulk,32,32,32.0,-0.04482578301249514,-0.007683981675005433,0.007683981675005433,-0.043776732418305875,-0.008733032269194696,0.008733032269194696,fit
390,/tmp/FeCoNiPdPt_CE_fc2lj8yk/FeCoNiPdPt_CE/fcc100/data/structures/390.cif,-0.04934983625000022,bulk,32,32,32.0,-0.013281961145473435,-0.03606787510452679,0.03606787510452679,-0.01461960140982741,-0.03473023484017281,0.03473023484017281,fit
391,/tmp/FeCoNiPdPt_CE_fc2lj8yk/FeCoNiPdPt_CE/fcc100/data/structures/391.cif,-0.039872853437499245,bulk,32,32,32.0,-0.03861695219491276,-0.0012559012425864824,0.0012559012425864824,-0.035826930519624836,-0.004045922917874409,0.004045922917874409,holdout
392,/tmp/FeCoNiPdPt_CE_fc2lj8yk/FeCoNiPdPt_CE/fcc100/data/structures/392.cif,-0.07468729562499998,bulk,32,32,32.0,-0.066296579525915,-0.008390716099084983,0.008390716099084983,-0.06601853348195315,-0.008668762143046835,0.008668762143046835,fit
393,/tmp/FeCoNiPdPt_CE_fc2lj8yk/FeCoNiPdPt_CE/fcc100/data/structures/393.cif,-0.037503817187499955,bulk,32,32,32.0,-0.03820945206555373,0.0007056348780537722,0.0007056348780537722,-0.039671245852310966,0.002167428664811011,0.002167428664811011,fit
394,/tmp/FeCoNiPdPt_CE_fc2lj8yk/FeCoNiPdPt_CE/fcc100/data/structures/394.cif,-0.08094058562500006,bulk,32,32,32.0,-0.0745239131419824,-0.006416672483017666,0.006416672483017666,-0.07504374410112946,-0.0058968415238705996,0.0058968415238705996,fit
395,/tmp/FeCoNiPdPt_CE_fc2lj8yk/FeCoNiPdPt_CE/fcc100/data/structures/395.cif,-0.04378305187499976,bulk,32,32,32.0,-0.06786367789094272,0.024080626015942963,0.024080626015942963,-0.06779084216573589,0.02400779029073613,0.02400779029073613,fit
396,/tmp/FeCoNiPdPt_CE_fc2lj8yk/FeCoNiPdPt_CE/fcc100/data/structures/396.cif,-0.06223204156249995,bulk,32,32,32.0,-0.047237998467290744,-0.014994043095209207,0.014994043095209207,-0.046727890479755965,-0.015504151082743986,0.015504151082743986,fit
397,/tmp/FeCoNiPdPt_CE_fc2lj8yk/FeCoNiPdPt_CE/fcc100/data/structures/397.cif,0.027821090625000267,bulk,32,32,32.0,-0.02695032032740592,0.05477141095240619,0.05477141095240619,-0.025142892481731932,0.0529639831067322,0.0529639831067322,fit
398,/tmp/FeCoNiPdPt_CE_fc2lj8yk/FeCoNiPdPt_CE/fcc100/data/structures/398.cif,-0.04927013312499984,bulk,32,32,32.0,-0.05775138437790174,0.008481251252901903,0.008481251252901903,-0.059727203660538096,0.010457070535538258,0.010457070535538258,fit
399,/tmp/FeCoNiPdPt_CE_fc2lj8yk/FeCoNiPdPt_CE/fcc100/data/structures/399.cif,-0.05636809750000005,bulk,32,32,32.0,-0.051429620610039195,-0.004938476889960852,0.004938476889960852,-0.0530187308842127,-0.003349366615787344,0.003349366615787344,fit
400,/tmp/FeCoNiPdPt_CE_fc2lj8yk/FeCoNiPdPt_CE/fcc100/data/structures/400.cif,-0.05800820968750031,bulk,32,32,32.0,-0.05205693102207051,-0.005951278665429799,0.005951278665429799,-0.052120312440217836,-0.005887897247282475,0.005887897247282475,fit
401,/tmp/FeCoNiPdPt_CE_fc2lj8yk/FeCoNiPdPt_CE/fcc100/data/structures/401.cif,-0.04280112312499984,bulk,32,32,32.0,-0.027492266382014525,-0.015308856742985315,0.015308856742985315,-0.025834622410944745,-0.016966500714055095,0.016966500714055095,holdout
402,/tmp/FeCoNiPdPt_CE_fc2lj8yk/FeCoNiPdPt_CE/fcc100/data/structures/402.cif,0.030424917812499785,bulk,32,32,32.0,-0.007304721212057469,0.037729639024557254,0.037729639024557254,-0.006861095150103781,0.03728601296260357,0.03728601296260357,fit
403,/tmp/FeCoNiPdPt_CE_fc2lj8yk/FeCoNiPdPt_CE/fcc100/data/structures/403.cif,-0.09215063093750064,bulk,32,32,32.0,-0.06924821632704431,-0.022902414610456334,0.022902414610456334,-0.07022494276761472,-0.021925688169885924,0.021925688169885924,fit
404,/tmp/FeCoNiPdPt_CE_fc2lj8yk/FeCoNiPdPt_CE/fcc100/data/structures/404.cif,-0.07844308343749962,bulk,32,32,32.0,-0.06649514578158158,-0.011947937655918034,0.011947937655918034,-0.06740642069846411,-0.011036662739035502,0.011036662739035502,fit
405,/tmp/FeCoNiPdPt_CE_fc2lj8yk/FeCoNiPdPt_CE/fcc100/data/structures/405.cif,-0.0710195681250001,bulk,32,32,32.0,-0.06098893700930758,-0.010030631115692516,0.010030631115692516,-0.06288916856312797,-0.008130399561872129,0.008130399561872129,fit
406,/tmp/FeCoNiPdPt_CE_fc2lj8yk/FeCoNiPdPt_CE/fcc100/data/structures/406.cif,-0.03223181437499978,bulk,32,32,32.0,-0.03901197020551628,0.006780155830516499,0.006780155830516499,-0.04113262289340003,0.00890080851840025,0.00890080851840025,holdout
407,/tmp/FeCoNiPdPt_CE_fc2lj8yk/FeCoNiPdPt_CE/fcc100/data/structures/407.cif,-0.04203026531249954,bulk,32,32,32.0,-0.025196292371498404,-0.016833972941001134,0.016833972941001134,-0.024775049616009247,-0.01725521569649029,0.01725521569649029,fit
408,/tmp/FeCoNiPdPt_CE_fc2lj8yk/FeCoNiPdPt_CE/fcc100/data/structures/408.cif,-0.06890767062499936,bulk,32,32,32.0,-0.043520081344881674,-0.025387589280117688,0.025387589280117688,-0.043225945685833655,-0.025681724939165707,0.025681724939165707,fit
409,/tmp/FeCoNiPdPt_CE_fc2lj8yk/FeCoNiPdPt_CE/fcc100/data/structures/409.cif,-0.04207479562500005,bulk,32,32,32.0,-0.03150838508721733,-0.01056641053778272,0.01056641053778272,-0.029550379042575254,-0.012524416582424796,0.012524416582424796,fit
410,/tmp/FeCoNiPdPt_CE_fc2lj8yk/FeCoNiPdPt_CE/fcc100/data/structures/410.cif,-0.02264876125000015,bulk,32,32,32.0,-0.013231872510002265,-0.009416888739997884,0.009416888739997884,-0.012920361252206271,-0.009728399997793877,0.009728399997793877,fit
411,/tmp/FeCoNiPdPt_CE_fc2lj8yk/FeCoNiPdPt_CE/fcc100/data/structures/411.cif,-0.07861024468750077,bulk,32,32,32.0,-0.050442001232842704,-0.02816824345465807,0.02816824345465807,-0.048658726044629785,-0.02995151864287099,0.02995151864287099,fit
412,/tmp/FeCoNiPdPt_CE_fc2lj8yk/FeCoNiPdPt_CE/fcc100/data/structures/412.cif,-0.028244550624999754,bulk,32,32,32.0,-0.028698473282642103,0.00045392265764234926,0.00045392265764234926,-0.026600630362369274,-0.00164392026263048,0.00164392026263048,fit
413,/tmp/FeCoNiPdPt_CE_fc2lj8yk/FeCoNiPdPt_CE/fcc100/data/structures/413.cif,-0.01320386500000037,bulk,32,32,32.0,-0.013694347216583802,0.0004904822165834322,0.0004904822165834322,-0.013795143071281223,0.0005912780712808534,0.0005912780712808534,fit
414,/tmp/FeCoNiPdPt_CE_fc2lj8yk/FeCoNiPdPt_CE/fcc100/data/structures/414.cif,-0.05229841937499913,bulk,32,32,32.0,-0.04479926342400262,-0.007499155950996511,0.007499155950996511,-0.044461691575892005,-0.007836727799107122,0.007836727799107122,fit
415,/tmp/FeCoNiPdPt_CE_fc2lj8yk/FeCoNiPdPt_CE/fcc100/data/structures/415.cif,0.012240655624999874,bulk,32,32,32.0,-0.05707532250745322,0.0693159781324531,0.0693159781324531,-0.059298628143662505,0.07153928376866238,0.07153928376866238,fit
416,/tmp/FeCoNiPdPt_CE_fc2lj8yk/FeCoNiPdPt_CE/fcc100/data/structures/416.cif,0.0229348749999998,bulk,32,32,32.0,-0.03142679670122637,0.05436167170122617,0.05436167170122617,-0.03069392260473541,0.05362879760473521,0.05362879760473521,fit
417,/tmp/FeCoNiPdPt_CE_fc2lj8yk/FeCoNiPdPt_CE/fcc100/data/structures/417.cif,-0.06566673624999986,bulk,32,32,32.0,-0.05220117822941681,-0.013465558020583045,0.013465558020583045,-0.05370029223422872,-0.011966444015771134,0.011966444015771134,fit
418,/tmp/FeCoNiPdPt_CE_fc2lj8yk/FeCoNiPdPt_CE/fcc100/data/structures/418.cif,-0.05956542562500022,bulk,32,32,32.0,-0.06453943744146831,0.004974011816468088,0.004974011816468088,-0.06442895016129373,0.004863524536293504,0.004863524536293504,holdout
419,/tmp/FeCoNiPdPt_CE_fc2lj8yk/FeCoNiPdPt_CE/fcc100/data/structures/419.cif,-0.05412906718749966,bulk,32,32,32.0,-0.04402033991268574,-0.01010872727481392,0.01010872727481392,-0.04399124633379639,-0.010137820853703267,0.010137820853703267,fit
420,/tmp/FeCoNiPdPt_CE_fc2lj8yk/FeCoNiPdPt_CE/fcc100/data/structures/420.cif,-0.0445551721875006,bulk,32,32,32.0,-0.037318765035524,-0.007236407151976605,0.007236407151976605,-0.037540676677794295,-0.0070144955097063075,0.0070144955097063075,fit
421,/tmp/FeCoNiPdPt_CE_fc2lj8yk/FeCoNiPdPt_CE/fcc100/data/structures/421.cif,-0.049975175937500005,bulk,32,32,32.0,-0.04930400593125263,-0.0006711700062473763,0.0006711700062473763,-0.04819122054135351,-0.0017839553961464943,0.0017839553961464943,fit
422,/tmp/FeCoNiPdPt_CE_fc2lj8yk/FeCoNiPdPt_CE/fcc100/data/structures/422.cif,-0.08778826062499956,bulk,32,32,32.0,-0.0743185667936512,-0.013469693831348356,0.013469693831348356,-0.0744804941352086,-0.013307766489790956,0.013307766489790956,fit
423,/tmp/FeCoNiPdPt_CE_fc2lj8yk/FeCoNiPdPt_CE/fcc100/data/structures/423.cif,-0.04219485374999987,bulk,32,32,32.0,-0.04678295566034241,0.004588101910342535,0.004588101910342535,-0.045182356115442676,0.002987502365442804,0.002987502365442804,fit
424,/tmp/FeCoNiPdPt_CE_fc2lj8yk/FeCoNiPdPt_CE/fcc100/data/structures/424.cif,-0.02449155656250035,bulk,32,32,32.0,-0.01755023061677572,-0.006941325945724629,0.006941325945724629,-0.01615402357797295,-0.008337532984527399,0.008337532984527399,fit
425,/tmp/FeCoNiPdPt_CE_fc2lj8yk/FeCoNiPdPt_CE/fcc100/data/structures/425.cif,0.025220920312500006,bulk,32,32,32.0,-0.026223667636139078,0.051444587948639084,0.051444587948639084,-0.02719266940084816,0.05241358971334817,0.05241358971334817,fit
426,/tmp/FeCoNiPdPt_CE_fc2lj8yk/FeCoNiPdPt_CE/fcc100/data/structures/426.cif,-0.0531878556250005,bulk,32,32,32.0,-0.05745636482587328,0.00426850920087278,0.00426850920087278,-0.05701755645352564,0.0038297008285251358,0.0038297008285251358,fit
427,/tmp/FeCoNiPdPt_CE_fc2lj8yk/FeCoNiPdPt_CE/fcc100/data/structures/427.cif,-0.062044525937499984,bulk,32,32,32.0,-0.05269643737686513,-0.009348088560634855,0.009348088560634855,-0.05116203895890564,-0.010882486978594341,0.010882486978594341,fit
428,/tmp/FeCoNiPdPt_CE_fc2lj8yk/FeCoNiPdPt_CE/fcc100/data/structures/428.cif,-0.06471391937500037,bulk,32,32,32.0,-0.06655407686322991,0.0018401574882295352,0.0018401574882295352,-0.06512409679931756,0.0004101774243171902,0.0004101774243171902,fit
429,/tmp/FeCoNiPdPt_CE_fc2lj8yk/FeCoNiPdPt_CE/fcc100/data/structures/429.cif,-0.06451823343750007,bulk,32,32,32.0,-0.06305981365323723,-0.0014584197842628377,0.0014584197842628377,-0.06378788716565012,-0.000730346271849952,0.000730346271849952,fit
430,/tmp/FeCoNiPdPt_CE_fc2lj8yk/FeCoNiPdPt_CE/fcc100/data/structures/430.cif,-0.052797761874999516,bulk,32,32,32.0,-0.02703924070966842,-0.025758521165331096,0.025758521165331096,-0.02697875074398143,-0.025819011131018085,0.025819011131018085,fit
431,/tmp/FeCoNiPdPt_CE_fc2lj8yk/FeCoNiPdPt_CE/fcc100/data/structures/431.cif,0.008951611562499906,bulk,32,32,32.0,-0.03516384503927182,0.04411545660177173,0.04411545660177173,-0.03417165124772931,0.04312326281022921,0.04312326281022921,fit
432,/tmp/FeCoNiPdPt_CE_fc2lj8yk/FeCoNiPdPt_CE/fcc100/data/structures/432.cif,-0.06481570718749996,bulk,32,32,32.0,-0.046203313083129305,-0.018612394104370655,0.018612394104370655,-0.048413631286424,-0.01640207590107596,0.01640207590107596,fit
433,/tmp/FeCoNiPdPt_CE_fc2lj8yk/FeCoNiPdPt_CE/fcc100/data/structures/433.cif,-0.052359103750000635,bulk,32,32,32.0,-0.04693451330649642,-0.0054245904435042125,0.0054245904435042125,-0.04696684859237864,-0.005392255157621997,0.005392255157621997,fit
434,/tmp/FeCoNiPdPt_CE_fc2lj8yk/FeCoNiPdPt_CE/fcc100/data/structures/434.cif,-0.07500712374999985,bulk,32,32,32.0,-0.06996038036045227,-0.005046743389547581,0.005046743389547581,-0.06674844861065272,-0.008258675139347124,0.008258675139347124,fit
435,/tmp/FeCoNiPdPt_CE_fc2lj8yk/FeCoNiPdPt_CE/fcc100/data/structures/435.cif,-0.0412276981250006,bulk,32,32,32.0,-0.029539383160498565,-0.011688314964502036,0.011688314964502036,-0.029082747036714637,-0.012144951088285963,0.012144951088285963,fit
436,/tmp/FeCoNiPdPt_CE_fc2lj8yk/FeCoNiPdPt_CE/fcc100/data/structures/436.cif,-0.0359653196875005,bulk,32,32,32.0,-0.025229312164875256,-0.01073600752262524,0.01073600752262524,-0.026319215912976326,-0.00964610377452417,0.00964610377452417,fit
437,/tmp/FeCoNiPdPt_CE_fc2lj8yk/FeCoNiPdPt_CE/fcc100/data/structures/437.cif,-0.06875440062499916,bulk,32,32,32.0,-0.049695262683213656,-0.0190591379417855,0.0190591379417855,-0.049672241631515755,-0.0190821589934834,0.0190821589934834,fit
438,/tmp/FeCoNiPdPt_CE_fc2lj8yk/FeCoNiPdPt_CE/fcc100/data/structures/438.cif,-0.057071692812499464,bulk,32,32,32.0,-0.05594944162117338,-0.0011222511913260846,0.0011222511913260846,-0.05639083447902805,-0.0006808583334714166,0.0006808583334714166,fit
439,/tmp/FeCoNiPdPt_CE_fc2lj8yk/FeCoNiPdPt_CE/fcc100/data/structures/439.cif,-0.06116133218750086,bulk,32,32,32.0,-0.03084000091890085,-0.03032133126860001,0.03032133126860001,-0.032960047959097065,-0.028201284228403796,0.028201284228403796,fit
440,/tmp/FeCoNiPdPt_CE_fc2lj8yk/FeCoNiPdPt_CE/fcc100/data/structures/440.cif,-0.03667678031249988,bulk,32,32,32.0,-0.026431880639097783,-0.010244899673402096,0.010244899673402096,-0.027441772733276814,-0.009235007579223065,0.009235007579223065,fit
441,/tmp/FeCoNiPdPt_CE_fc2lj8yk/FeCoNiPdPt_CE/fcc100/data/structures/441.cif,-0.046068319374999334,bulk,32,32,32.0,-0.03786541588476399,-0.008202903490235343,0.008202903490235343,-0.03815608667830963,-0.007912232696689704,0.007912232696689704,fit
442,/tmp/FeCoNiPdPt_CE_fc2lj8yk/FeCoNiPdPt_CE/fcc100/data/structures/442.cif,-0.026073104687499793,bulk,32,32,32.0,-0.034720539848465515,0.008647435160965722,0.008647435160965722,-0.03398994952496996,0.007916844837470169,0.007916844837470169,fit
443,/tmp/FeCoNiPdPt_CE_fc2lj8yk/FeCoNiPdPt_CE/fcc100/data/structures/443.cif,-0.053209646875000516,bulk,32,32,32.0,-0.06049005918611222,0.007280412311111706,0.007280412311111706,-0.06256450195829136,0.009354855083290842,0.009354855083290842,fit
444,/tmp/FeCoNiPdPt_CE_fc2lj8yk/FeCoNiPdPt_CE/fcc100/data/structures/444.cif,-0.061394271562500435,bulk,32,32,32.0,-0.052171152503406204,-0.009223119059094231,0.009223119059094231,-0.051768951827310186,-0.00962531973519025,0.00962531973519025,fit
445,/tmp/FeCoNiPdPt_CE_fc2lj8yk/FeCoNiPdPt_CE/fcc100/data/structures/445.cif,-0.08572966968749984,bulk,32,32,32.0,-0.0681478147247208,-0.017581854962779045,0.017581854962779045,-0.06695918100011827,-0.01877048868738157,0.01877048868738157,fit
446,/tmp/FeCoNiPdPt_CE_fc2lj8yk/FeCoNiPdPt_CE/fcc100/data/structures/446.cif,-0.06152621781250023,bulk,32,32,32.0,-0.04646605270917324,-0.015060165103326986,0.015060165103326986,-0.04467216011479369,-0.016854057697706537,0.016854057697706537,fit
447,/tmp/FeCoNiPdPt_CE_fc2lj8yk/FeCoNiPdPt_CE/fcc100/data/structures/447.cif,-0.019875687499999906,bulk,32,32,32.0,-0.020743568895074824,0.0008678813950749181,0.0008678813950749181,-0.01973020004795499,-0.0001454874520449151,0.0001454874520449151,fit
448,/tmp/FeCoNiPdPt_CE_fc2lj8yk/FeCoNiPdPt_CE/fcc100/data/structures/448.cif,-0.029242099062499527,bulk,32,32,32.0,-0.0501626633694893,0.020920564306989776,0.020920564306989776,-0.04890773721374529,0.019665638151245765,0.019665638151245765,fit
449,/tmp/FeCoNiPdPt_CE_fc2lj8yk/FeCoNiPdPt_CE/fcc100/data/structures/449.cif,-0.04539299937500019,bulk,32,32,32.0,-0.05626719102653931,0.01087419165153912,0.01087419165153912,-0.05608671274416312,0.01069371336916293,0.01069371336916293,fit
450,/tmp/FeCoNiPdPt_CE_fc2lj8yk/FeCoNiPdPt_CE/fcc100/data/structures/450.cif,-0.06289494937499995,bulk,32,32,32.0,-0.04813658932561024,-0.014758360049389713,0.014758360049389713,-0.049373214801318156,-0.013521734573681797,0.013521734573681797,fit
451,/tmp/FeCoNiPdPt_CE_fc2lj8yk/FeCoNiPdPt_CE/fcc100/data/structures/451.cif,0.01008167031250018,bulk,32,32,32.0,-0.044887873294981596,0.054969543607481776,0.054969543607481776,-0.04444638558401043,0.05452805589651061,0.05452805589651061,fit
452,/tmp/FeCoNiPdPt_CE_fc2lj8yk/FeCoNiPdPt_CE/fcc100/data/structures/452.cif,-0.03680747499999981,bulk,32,32,32.0,-0.02488853103462352,-0.01191894396537629,0.01191894396537629,-0.024993511145738334,-0.011813963854261478,0.011813963854261478,fit
453,/tmp/FeCoNiPdPt_CE_fc2lj8yk/FeCoNiPdPt_CE/fcc100/data/structures/453.cif,0.011734231250000171,bulk,32,32,32.0,0.0032023370172738694,0.008531894232726302,0.008531894232726302,0.004406394822556409,0.007327836427443762,0.007327836427443762,fit
454,/tmp/FeCoNiPdPt_CE_fc2lj8yk/FeCoNiPdPt_CE/fcc100/data/structures/454.cif,-0.02996219156250035,bulk,32,32,32.0,-0.018572719979434327,-0.011389471583066024,0.011389471583066024,-0.017325667651482697,-0.012636523911017654,0.012636523911017654,fit
455,/tmp/FeCoNiPdPt_CE_fc2lj8yk/FeCoNiPdPt_CE/fcc100/data/structures/455.cif,-0.04179071999999984,bulk,32,32,32.0,-0.04495376671481412,0.00316304671481428,0.00316304671481428,-0.04534534743173585,0.0035546274317360127,0.0035546274317360127,holdout
456,/tmp/FeCoNiPdPt_CE_fc2lj8yk/FeCoNiPdPt_CE/fcc100/data/structures/456.cif,-0.10215266968750036,bulk,32,32,32.0,-0.07579662283065278,-0.026356046856847587,0.026356046856847587,-0.07608249759735183,-0.02607017209014853,0.02607017209014853,fit
457,/tmp/FeCoNiPdPt_CE_fc2lj8yk/FeCoNiPdPt_CE/fcc100/data/structures/457.cif,0.020529312499999897,bulk,32,32,32.0,-0.03210411285354703,0.052633425353546925,0.052633425353546925,-0.033701102910157474,0.05423041541015737,0.05423041541015737,fit
458,/tmp/FeCoNiPdPt_CE_fc2lj8yk/FeCoNiPdPt_CE/fcc100/data/structures/458.cif,0.03269648125000035,bulk,32,32,32.0,-0.014710769939503474,0.04740725118950383,0.04740725118950383,-0.014903048278787787,0.04759952952878814,0.04759952952878814,fit
459,/tmp/FeCoNiPdPt_CE_fc2lj8yk/FeCoNiPdPt_CE/fcc100/data/structures/459.cif,-0.05952128843749982,bulk,32,32,32.0,-0.052140744782252633,-0.007380543655247186,0.007380543655247186,-0.0514926755625657,-0.008028612874934123,0.008028612874934123,holdout
460,/tmp/FeCoNiPdPt_CE_fc2lj8yk/FeCoNiPdPt_CE/fcc100/data/structures/460.cif,-0.051503572187500346,bulk,32,32,32.0,-0.04263119262453753,-0.008872379562962815,0.008872379562962815,-0.04178291784524646,-0.009720654342253887,0.009720654342253887,fit
461,/tmp/FeCoNiPdPt_CE_fc2lj8yk/FeCoNiPdPt_CE/fcc100/data/structures/461.cif,-0.017022024687499915,bulk,32,32,32.0,-0.041066773702056386,0.02404474901455647,0.02404474901455647,-0.0435107317983836,0.026488707110883684,0.026488707110883684,holdout
462,/tmp/FeCoNiPdPt_CE_fc2lj8yk/FeCoNiPdPt_CE/fcc100/data/structures/462.cif,-0.03215371593750049,bulk,32,32,32.0,-0.037578291959174184,0.005424576021673691,0.005424576021673691,-0.0386718374650582,0.006518121527557708,0.006518121527557708,fit
463,/tmp/FeCoNiPdPt_CE_fc2lj8yk/FeCoNiPdPt_CE/fcc100/data/structures/463.cif,-0.04191731812499988,bulk,32,32,32.0,-0.032890253042830976,-0.009027065082168904,0.009027065082168904,-0.03390459973040302,-0.008012718394596857,0.008012718394596857,fit
464,/tmp/FeCoNiPdPt_CE_fc2lj8yk/FeCoNiPdPt_CE/fcc100/data/structures/464.cif,-0.05748683812499955,bulk,32,32,32.0,-0.054518557925621276,-0.0029682801993782745,0.0029682801993782745,-0.0538072360065911,-0.0036796021184084537,0.0036796021184084537,fit
465,/tmp/FeCoNiPdPt_CE_fc2lj8yk/FeCoNiPdPt_CE/fcc100/data/structures/465.cif,-0.002663688750000226,bulk,32,32,32.0,-0.03846161970717976,0.035797930957179536,0.035797930957179536,-0.03921895615939426,0.036555267409394035,0.036555267409394035,fit
466,/tmp/FeCoNiPdPt_CE_fc2lj8yk/FeCoNiPdPt_CE/fcc100/data/structures/466.cif,-0.05569132593750048,bulk,32,32,32.0,-0.04544593487283062,-0.01024539106466986,0.01024539106466986,-0.04451461886915757,-0.011176707068342909,0.011176707068342909,holdout
467,/tmp/FeCoNiPdPt_CE_fc2lj8yk/FeCoNiPdPt_CE/fcc100/data/structures/467.cif,-0.023679022187500287,bulk,32,32,32.0,-0.021626705135660722,-0.0020523170518395653,0.0020523170518395653,-0.019953716562842477,-0.00372530562465781,0.00372530562465781,fit
468,/tmp/FeCoNiPdPt_CE_fc2lj8yk/FeCoNiPdPt_CE/fcc100/data/structures/468.cif,-0.04165809499999984,bulk,32,32,32.0,-0.04285730631616942,0.0011992113161695822,0.0011992113161695822,-0.044227904190467335,0.0025698091904674952,0.0025698091904674952,fit
469,/tmp/FeCoNiPdPt_CE_fc2lj8yk/FeCoNiPdPt_CE/fcc100/data/structures/469.cif,-0.07454261500000037,bulk,32,32,32.0,-0.05300892058859418,-0.021533694411406186,0.021533694411406186,-0.05038870636495266,-0.02415390863504771,0.02415390863504771,fit
470,/tmp/FeCoNiPdPt_CE_fc2lj8yk/FeCoNiPdPt_CE/fcc100/data/structures/470.cif,-0.05295771531250004,bulk,32,32,32.0,-0.043070829212501,-0.009886886099999041,0.009886886099999041,-0.042880848471095356,-0.010076866841404686,0.010076866841404686,fit
471,/tmp/FeCoNiPdPt_CE_fc2lj8yk/FeCoNiPdPt_CE/fcc100/data/structures/471.cif,-0.03541455249999981,bulk,32,32,32.0,-0.018235765972260225,-0.017178786527739583,0.017178786527739583,-0.01867236209782734,-0.016742190402172466,0.016742190402172466,fit
472,/tmp/FeCoNiPdPt_CE_fc2lj8yk/FeCoNiPdPt_CE/fcc100/data/structures/472.cif,-0.048391695937500145,bulk,32,32,32.0,-0.035672958735606775,-0.012718737201893371,0.012718737201893371,-0.03608596614952746,-0.012305729787972688,0.012305729787972688,fit
473,/tmp/FeCoNiPdPt_CE_fc2lj8yk/FeCoNiPdPt_CE/fcc100/data/structures/473.cif,-0.08045703281250027,bulk,32,32,32.0,-0.04673708534063345,-0.033719947471866824,0.033719947471866824,-0.049747674674353363,-0.03070935813814691,0.03070935813814691,fit
474,/tmp/FeCoNiPdPt_CE_fc2lj8yk/FeCoNiPdPt_CE/fcc100/data/structures/474.cif,0.04852194093749951,bulk,32,32,32.0,-0.02231577015944066,0.07083771109694018,0.07083771109694018,-0.02642036211650773,0.07494230305400723,0.07494230305400723,holdout
475,/tmp/FeCoNiPdPt_CE_fc2lj8yk/FeCoNiPdPt_CE/fcc100/data/structures/475.cif,0.04079328687500006,bulk,32,32,32.0,-0.0413252676882406,0.08211855456324066,0.08211855456324066,-0.03932448206941796,0.08011776894441802,0.08011776894441802,fit
476,/tmp/FeCoNiPdPt_CE_fc2lj8yk/FeCoNiPdPt_CE/fcc100/data/structures/476.cif,-0.06096114687499998,bulk,32,32,32.0,-0.06135420808043868,0.00039306120543869394,0.00039306120543869394,-0.06134242029422926,0.0003812734192292777,0.0003812734192292777,fit
477,/tmp/FeCoNiPdPt_CE_fc2lj8yk/FeCoNiPdPt_CE/fcc100/data/structures/477.cif,-0.0649417846875,bulk,32,32,32.0,-0.054858922184664996,-0.010082862502835008,0.010082862502835008,-0.05756734071937722,-0.007374443968122785,0.007374443968122785,fit
478,/tmp/FeCoNiPdPt_CE_fc2lj8yk/FeCoNiPdPt_CE/fcc100/data/structures/478.cif,-0.06206092343750047,bulk,32,32,32.0,-0.07040677158502479,0.008345848147524315,0.008345848147524315,-0.07195947137726312,0.00989854793976265,0.00989854793976265,fit
479,/tmp/FeCoNiPdPt_CE_fc2lj8yk/FeCoNiPdPt_CE/fcc100/data/structures/479.cif,-0.01164824625000005,bulk,32,32,32.0,-0.024660860843387117,0.013012614593387067,0.013012614593387067,-0.024293194341564597,0.012644948091564547,0.012644948091564547,fit
480,/tmp/FeCoNiPdPt_CE_fc2lj8yk/FeCoNiPdPt_CE/fcc100/data/structures/480.cif,-0.05287267593749956,bulk,32,32,32.0,-0.04931734436433071,-0.0035553315731688476,0.0035553315731688476,-0.04892199377231418,-0.003950682165185376,0.003950682165185376,fit
481,/tmp/FeCoNiPdPt_CE_fc2lj8yk/FeCoNiPdPt_CE/fcc100/data/structures/481.cif,-0.07055346468750034,bulk,32,32,32.0,-0.06732771713064721,-0.003225747556853134,0.003225747556853134,-0.06633699313019309,-0.004216471557307255,0.004216471557307255,fit
482,/tmp/FeCoNiPdPt_CE_fc2lj8yk/FeCoNiPdPt_CE/fcc100/data/structures/482.cif,-0.06407196812499993,bulk,32,32,32.0,-0.0731741460220129,0.009102177897012967,0.009102177897012967,-0.07155672564681911,0.00748475752181918,0.00748475752181918,fit
483,/tmp/FeCoNiPdPt_CE_fc2lj8yk/FeCoNiPdPt_CE/fcc100/data/structures/483.cif,-0.07662265093749987,bulk,32,32,32.0,-0.07003569681550068,-0.0065869541219991945,0.0065869541219991945,-0.07039950861809283,-0.006223142319407043,0.006223142319407043,fit
484,/tmp/FeCoNiPdPt_CE_fc2lj8yk/FeCoNiPdPt_CE/fcc100/data/structures/484.cif,-0.04986015031250002,bulk,32,32,32.0,-0.03441143096957905,-0.015448719342920969,0.015448719342920969,-0.033595194888802755,-0.016264955423697262,0.016264955423697262,fit
485,/tmp/FeCoNiPdPt_CE_fc2lj8yk/FeCoNiPdPt_CE/fcc100/data/structures/485.cif,-0.045269642500000096,bulk,32,32,32.0,-0.05173880307154736,0.0064691605715472625,0.0064691605715472625,-0.0514416598065212,0.006172017306521102,0.006172017306521102,fit
486,/tmp/FeCoNiPdPt_CE_fc2lj8yk/FeCoNiPdPt_CE/fcc100/data/structures/486.cif,-0.026392591249999597,bulk,32,32,32.0,-0.022977023314754222,-0.0034155679352453755,0.0034155679352453755,-0.022891380281038473,-0.0035012109689611243,0.0035012109689611243,fit
487,/tmp/FeCoNiPdPt_CE_fc2lj8yk/FeCoNiPdPt_CE/fcc100/data/structures/487.cif,-0.033691081249999755,bulk,32,32,32.0,-0.023965171941209278,-0.009725909308790477,0.009725909308790477,-0.022643653879155342,-0.011047427370844413,0.011047427370844413,fit
488,/tmp/FeCoNiPdPt_CE_fc2lj8yk/FeCoNiPdPt_CE/fcc100/data/structures/488.cif,-0.03757871062499962,bulk,32,32,32.0,-0.042688504927626936,0.005109794302627313,0.005109794302627313,-0.04472974895569916,0.007151038330699536,0.007151038330699536,fit
489,/tmp/FeCoNiPdPt_CE_fc2lj8yk/FeCoNiPdPt_CE/fcc100/data/structures/489.cif,-0.038715728125000126,bulk,32,32,32.0,-0.02953372104622255,-0.009182007078777577,0.009182007078777577,-0.028078154527140423,-0.010637573597859704,0.010637573597859704,holdout
490,/tmp/FeCoNiPdPt_CE_fc2lj8yk/FeCoNiPdPt_CE/fcc100/data/structures/490.cif,-0.08318481531249944,bulk,32,32,32.0,-0.06390980520292507,-0.019275010109574373,0.019275010109574373,-0.0651138140416147,-0.018071001270884735,0.018071001270884735,fit
491,/tmp/FeCoNiPdPt_CE_fc2lj8yk/FeCoNiPdPt_CE/fcc100/data/structures/491.cif,-0.009106939687500315,bulk,32,32,32.0,-0.0173276934093713,0.008220753721870984,0.008220753721870984,-0.01687937760473731,0.007772437917236995,0.007772437917236995,fit
492,/tmp/FeCoNiPdPt_CE_fc2lj8yk/FeCoNiPdPt_CE/fcc100/data/structures/492.cif,-0.046616571874999124,bulk,32,32,32.0,-0.049208473334145825,0.0025919014591467004,0.0025919014591467004,-0.04896560554273536,0.0023490336677362347,0.0023490336677362347,holdout
493,/tmp/FeCoNiPdPt_CE_fc2lj8yk/FeCoNiPdPt_CE/fcc100/data/structures/493.cif,0.03236854000000022,bulk,32,32,32.0,0.024392977765134882,0.007975562234865341,0.007975562234865341,0.021826508522354304,0.01054203147764592,0.01054203147764592,fit
494,/tmp/FeCoNiPdPt_CE_fc2lj8yk/FeCoNiPdPt_CE/fcc100/data/structures/494.cif,-0.04091410093750092,bulk,32,32,32.0,-0.02724444823422065,-0.013669652703280268,0.013669652703280268,-0.026815751999142955,-0.014098348938357964,0.014098348938357964,fit
495,/tmp/FeCoNiPdPt_CE_fc2lj8yk/FeCoNiPdPt_CE/fcc100/data/structures/495.cif,0.010854339999999851,bulk,32,32,32.0,0.011363839775686339,-0.0005094997756864873,0.0005094997756864873,0.010221117511995314,0.0006332224880045371,0.0006332224880045371,fit
496,/tmp/FeCoNiPdPt_CE_fc2lj8yk/FeCoNiPdPt_CE/fcc100/data/structures/496.cif,-0.015595949375000195,bulk,32,32,32.0,-0.02457440888358447,0.008978459508584273,0.008978459508584273,-0.025370095005745302,0.009774145630745107,0.009774145630745107,fit
497,/tmp/FeCoNiPdPt_CE_fc2lj8yk/FeCoNiPdPt_CE/fcc100/data/structures/497.cif,-0.05204495156250033,bulk,32,32,32.0,-0.05284195933772764,0.0007970077752273083,0.0007970077752273083,-0.0533917755825777,0.0013468240200773668,0.0013468240200773668,fit
498,/tmp/FeCoNiPdPt_CE_fc2lj8yk/FeCoNiPdPt_CE/fcc100/data/structures/498.cif,-0.059872651562499435,bulk,32,32,32.0,-0.06802248603797773,0.00814983447547829,0.00814983447547829,-0.06807058931304227,0.008197937750542839,0.008197937750542839,fit
499,/tmp/FeCoNiPdPt_CE_fc2lj8yk/FeCoNiPdPt_CE/fcc100/data/structures/499.cif,-0.047577614375001076,bulk,32,32,32.0,-0.042787448829908925,-0.004790165545092151,0.004790165545092151,-0.04262075987066043,-0.004956854504340649,0.004956854504340649,fit
500,/tmp/FeCoNiPdPt_CE_fc2lj8yk/FeCoNiPdPt_CE/fcc100/data/structures/500.cif,-0.029978935937500673,bulk,32,32,32.0,-0.018679716685102776,-0.011299219252397897,0.011299219252397897,-0.018337979171906077,-0.011640956765594596,0.011640956765594596,fit
501,/tmp/FeCoNiPdPt_CE_fc2lj8yk/FeCoNiPdPt_CE/fcc100/data/structures/501.cif,-0.08144266499999997,bulk,32,32,32.0,-0.08923494468640454,0.007792279686404571,0.007792279686404571,-0.08736486150403641,0.005922196504036442,0.005922196504036442,fit
502,/tmp/FeCoNiPdPt_CE_fc2lj8yk/FeCoNiPdPt_CE/fcc100/data/structures/502.cif,-0.04922314156249996,bulk,32,32,32.0,-0.03617130985788875,-0.01305183170461121,0.01305183170461121,-0.03489213192807067,-0.014331009634429293,0.014331009634429293,holdout
503,/tmp/FeCoNiPdPt_CE_fc2lj8yk/FeCoNiPdPt_CE/fcc100/data/structures/503.cif,-0.05221749624999994,bulk,32,32,32.0,-0.0373559009075724,-0.014861595342427543,0.014861595342427543,-0.038216731198247464,-0.014000765051752476,0.014000765051752476,fit
504,/tmp/FeCoNiPdPt_CE_fc2lj8yk/FeCoNiPdPt_CE/fcc100/data/structures/504.cif,-0.07863404531249962,bulk,32,32,32.0,-0.05611595326024611,-0.02251809205225351,0.02251809205225351,-0.056594682271034716,-0.022039363041464907,0.022039363041464907,fit
505,/tmp/FeCoNiPdPt_CE_fc2lj8yk/FeCoNiPdPt_CE/fcc100/data/structures/505.cif,0.0019649518749993433,bulk,32,32,32.0,-0.03972416914115966,0.041689121016159,0.041689121016159,-0.03975732648956415,0.04172227836456349,0.04172227836456349,fit
506,/tmp/FeCoNiPdPt_CE_fc2lj8yk/FeCoNiPdPt_CE/fcc100/data/structures/506.cif,0.020701767187500053,bulk,32,32,32.0,-0.020415877723057956,0.04111764491055801,0.04111764491055801,-0.021040842042328978,0.04174260922982903,0.04174260922982903,fit
507,/tmp/FeCoNiPdPt_CE_fc2lj8yk/FeCoNiPdPt_CE/fcc100/data/structures/507.cif,0.04174922999999975,bulk,32,32,32.0,-0.024071170937750696,0.06582040093775045,0.06582040093775045,-0.021273300858451916,0.06302253085845166,0.06302253085845166,fit
508,/tmp/FeCoNiPdPt_CE_fc2lj8yk/FeCoNiPdPt_CE/fcc100/data/structures/508.cif,-0.05184301218750065,bulk,32,32,32.0,-0.04869218183239614,-0.0031508303551045086,0.0031508303551045086,-0.04727330475295193,-0.004569707434548716,0.004569707434548716,holdout
509,/tmp/FeCoNiPdPt_CE_fc2lj8yk/FeCoNiPdPt_CE/fcc100/data/structures/509.cif,-0.05187852937500015,bulk,32,32,32.0,-0.02708203075318477,-0.024796498621815377,0.024796498621815377,-0.025411474650894404,-0.026467054724105744,0.026467054724105744,fit
510,/tmp/FeCoNiPdPt_CE_fc2lj8yk/FeCoNiPdPt_CE/fcc100/data/structures/510.cif,-0.04302004718749952,bulk,32,32,32.0,-0.03814157354920935,-0.004878473638290172,0.004878473638290172,-0.0385383542965752,-0.004481692890924323,0.004481692890924323,holdout
511,/tmp/FeCoNiPdPt_CE_fc2lj8yk/FeCoNiPdPt_CE/fcc100/data/structures/511.cif,-0.05079814999999943,bulk,32,32,32.0,-0.04714681406420725,-0.0036513359357921785,0.0036513359357921785,-0.04808687115147471,-0.0027112788485247202,0.0027112788485247202,fit
512,/tmp/FeCoNiPdPt_CE_fc2lj8yk/FeCoNiPdPt_CE/fcc100/data/structures/512.cif,-0.041595391875000054,bulk,32,32,32.0,-0.03678394641002396,-0.004811445464976097,0.004811445464976097,-0.0376179711234383,-0.003977420751561753,0.003977420751561753,fit
513,/tmp/FeCoNiPdPt_CE_fc2lj8yk/FeCoNiPdPt_CE/fcc100/data/structures/513.cif,-0.052704328749999974,bulk,32,32,32.0,-0.05400346940071467,0.0012991406507146946,0.0012991406507146946,-0.055136531369034146,0.0024322026190341725,0.0024322026190341725,fit
514,/tmp/FeCoNiPdPt_CE_fc2lj8yk/FeCoNiPdPt_CE/fcc100/data/structures/514.cif,-0.04865896999999908,bulk,32,32,32.0,-0.028291783314202887,-0.020367186685796193,0.020367186685796193,-0.027685213825876166,-0.020973756174122914,0.020973756174122914,fit
515,/tmp/FeCoNiPdPt_CE_fc2lj8yk/FeCoNiPdPt_CE/fcc100/data/structures/515.cif,-0.054061928750000376,bulk,32,32,32.0,-0.04473058193638412,-0.009331346813616255,0.009331346813616255,-0.04488494165076413,-0.009176987099236249,0.009176987099236249,fit
516,/tmp/FeCoNiPdPt_CE_fc2lj8yk/FeCoNiPdPt_CE/fcc100/data/structures/516.cif,-0.05702793781250026,bulk,32,32,32.0,-0.04892472743778825,-0.008103210374712011,0.008103210374712011,-0.04897586021135769,-0.008052077601142571,0.008052077601142571,fit
517,/tmp/FeCoNiPdPt_CE_fc2lj8yk/FeCoNiPdPt_CE/fcc100/data/structures/517.cif,0.021241301562500148,bulk,32,32,32.0,-0.010500596197303657,0.03174189775980381,0.03174189775980381,-0.012784777466720673,0.03402607902922082,0.03402607902922082,fit
518,/tmp/FeCoNiPdPt_CE_fc2lj8yk/FeCoNiPdPt_CE/fcc100/data/structures/518.cif,-0.05339122156250031,bulk,32,32,32.0,-0.04794475497718921,-0.005446466585311102,0.005446466585311102,-0.04925466946518196,-0.0041365520973183495,0.0041365520973183495,fit
519,/tmp/FeCoNiPdPt_CE_fc2lj8yk/FeCoNiPdPt_CE/fcc100/data/structures/519.cif,-0.09196499718749962,bulk,32,32,32.0,-0.08425796928913572,-0.007707027898363902,0.007707027898363902,-0.08591754241050517,-0.006047454776994449,0.006047454776994449,fit
520,/tmp/FeCoNiPdPt_CE_fc2lj8yk/FeCoNiPdPt_CE/fcc100/data/structures/520.cif,-0.0474538528124997,bulk,32,32,32.0,-0.038299747143307916,-0.009154105669191781,0.009154105669191781,-0.03773268016003378,-0.009721172652465915,0.009721172652465915,holdout
521,/tmp/FeCoNiPdPt_CE_fc2lj8yk/FeCoNiPdPt_CE/fcc100/data/structures/521.cif,-0.02133338875000046,bulk,32,32,32.0,-0.02771716750087163,0.0063837787508711705,0.0063837787508711705,-0.026161983834212574,0.0048285950842121145,0.0048285950842121145,fit
522,/tmp/FeCoNiPdPt_CE_fc2lj8yk/FeCoNiPdPt_CE/fcc100/data/structures/522.cif,-0.068170603125,bulk,32,32,32.0,-0.05380338072474641,-0.0143672224002536,0.0143672224002536,-0.05295734825746084,-0.015213254867539168,0.015213254867539168,fit
523,/tmp/FeCoNiPdPt_CE_fc2lj8yk/FeCoNiPdPt_CE/fcc100/data/structures/523.cif,-0.03325525531250051,bulk,32,32,32.0,-0.023067241970911603,-0.010188013341588906,0.010188013341588906,-0.02234577562116558,-0.01090947969133493,0.01090947969133493,fit
524,/tmp/FeCoNiPdPt_CE_fc2lj8yk/FeCoNiPdPt_CE/fcc100/data/structures/524.cif,-0.05283968624999957,bulk,32,32,32.0,-0.04934030866325685,-0.003499377586742722,0.003499377586742722,-0.04979010734816944,-0.0030495789018301356,0.0030495789018301356,fit
525,/tmp/FeCoNiPdPt_CE_fc2lj8yk/FeCoNiPdPt_CE/fcc100/data/structures/525.cif,-0.04364914750000004,bulk,32,32,32.0,-0.028195146015219844,-0.015454001484780197,0.015454001484780197,-0.028027347332699543,-0.015621800167300498,0.015621800167300498,fit
526,/tmp/FeCoNiPdPt_CE_fc2lj8yk/FeCoNiPdPt_CE/fcc100/data/structures/526.cif,-0.05544304781250009,bulk,32,32,32.0,-0.04965013032326915,-0.005792917489230942,0.005792917489230942,-0.05038585413772686,-0.005057193674773232,0.005057193674773232,fit
527,/tmp/FeCoNiPdPt_CE_fc2lj8yk/FeCoNiPdPt_CE/fcc100/data/structures/527.cif,-0.06447821250000008,bulk,32,32,32.0,-0.06530949899483124,0.0008312864948311627,0.0008312864948311627,-0.06313643352366098,-0.0013417789763390947,0.0013417789763390947,fit
528,/tmp/FeCoNiPdPt_CE_fc2lj8yk/FeCoNiPdPt_CE/fcc100/data/structures/528.cif,-0.03305320906250042,bulk,32,32,32.0,-0.031026651524050347,-0.0020265575384500745,0.0020265575384500745,-0.030780255069105103,-0.0022729539933953186,0.0022729539933953186,fit
529,/tmp/FeCoNiPdPt_CE_fc2lj8yk/FeCoNiPdPt_CE/fcc100/data/structures/529.cif,-0.09322645343749958,bulk,32,32,32.0,-0.08566577545021765,-0.007560677987281925,0.007560677987281925,-0.08646573864907611,-0.006760714788423466,0.006760714788423466,fit
530,/tmp/FeCoNiPdPt_CE_fc2lj8yk/FeCoNiPdPt_CE/fcc100/data/structures/530.cif,-0.05480348968749915,bulk,32,32,32.0,-0.056129948823415626,0.0013264591359164746,0.0013264591359164746,-0.057049587970766036,0.002246098283266884,0.002246098283266884,fit
531,/tmp/FeCoNiPdPt_CE_fc2lj8yk/FeCoNiPdPt_CE/fcc100/data/structures/531.cif,-0.031439615937500776,bulk,32,32,32.0,-0.017032870147453485,-0.01440674579004729,0.01440674579004729,-0.017538806901288662,-0.013900809036212113,0.013900809036212113,fit
532,/tmp/FeCoNiPdPt_CE_fc2lj8yk/FeCoNiPdPt_CE/fcc100/data/structures/532.cif,-0.05481333625000051,bulk,32,32,32.0,-0.04937984963973338,-0.00543348661026713,0.00543348661026713,-0.050485773643699085,-0.004327562606301426,0.004327562606301426,fit
533,/tmp/FeCoNiPdPt_CE_fc2lj8yk/FeCoNiPdPt_CE/fcc100/data/structures/533.cif,-0.08171688687500023,bulk,32,32,32.0,-0.04755569535495434,-0.03416119152004589,0.03416119152004589,-0.045746253808249704,-0.035970633066750524,0.035970633066750524,fit
534,/tmp/FeCoNiPdPt_CE_fc2lj8yk/FeCoNiPdPt_CE/fcc100/data/structures/534.cif,-0.048792337500000116,bulk,32,32,32.0,-0.05206641556796561,0.003274078067965494,0.003274078067965494,-0.050328862130122165,0.0015365246301220492,0.0015365246301220492,fit
535,/tmp/FeCoNiPdPt_CE_fc2lj8yk/FeCoNiPdPt_CE/fcc100/data/structures/535.cif,-0.057331750624999955,bulk,32,32,32.0,-0.05575264674810884,-0.0015791038768911136,0.0015791038768911136,-0.05658139493731014,-0.000750355687689816,0.000750355687689816,fit
536,/tmp/FeCoNiPdPt_CE_fc2lj8yk/FeCoNiPdPt_CE/fcc100/data/structures/536.cif,-0.010665320624999808,bulk,32,32,32.0,-0.038032384629487034,0.027367064004487227,0.027367064004487227,-0.03697799133188971,0.026312670706889904,0.026312670706889904,fit
537,/tmp/FeCoNiPdPt_CE_fc2lj8yk/FeCoNiPdPt_CE/fcc100/data/structures/537.cif,-0.06767803937500005,bulk,32,32,32.0,-0.0493438413937248,-0.018334197981275252,0.018334197981275252,-0.048758959672105605,-0.01891907970289445,0.01891907970289445,fit
538,/tmp/FeCoNiPdPt_CE_fc2lj8yk/FeCoNiPdPt_CE/fcc100/data/structures/538.cif,-0.0719766331249998,bulk,32,32,32.0,-0.0649408804623877,-0.007035752662612096,0.007035752662612096,-0.06552636316941539,-0.006450269955584412,0.006450269955584412,fit
539,/tmp/FeCoNiPdPt_CE_fc2lj8yk/FeCoNiPdPt_CE/fcc100/data/structures/539.cif,-0.047622855000000186,bulk,32,32,32.0,-0.028063089329003515,-0.01955976567099667,0.01955976567099667,-0.025954399750771764,-0.021668455249228422,0.021668455249228422,fit
540,/tmp/FeCoNiPdPt_CE_fc2lj8yk/FeCoNiPdPt_CE/fcc100/data/structures/540.cif,-0.08645466781250022,bulk,32,32,32.0,-0.05600633100927407,-0.03044833680322615,0.03044833680322615,-0.05449503961772304,-0.03195962819477718,0.03195962819477718,fit
541,/tmp/FeCoNiPdPt_CE_fc2lj8yk/FeCoNiPdPt_CE/fcc100/data/structures/541.cif,-0.022389695312500457,bulk,32,32,32.0,-0.029720672368707554,0.007330977056207097,0.007330977056207097,-0.027137565380803797,0.00474787006830334,0.00474787006830334,fit
542,/tmp/FeCoNiPdPt_CE_fc2lj8yk/FeCoNiPdPt_CE/fcc100/data/structures/542.cif,-0.0056318296875002005,bulk,32,32,32.0,-0.005178928823290553,-0.0004529008642096474,0.0004529008642096474,-0.005979220412819189,0.0003473907253189884,0.0003473907253189884,fit
543,/tmp/FeCoNiPdPt_CE_fc2lj8yk/FeCoNiPdPt_CE/fcc100/data/structures/543.cif,-0.06556295500000076,bulk,32,32,32.0,-0.04702084608381318,-0.01854210891618758,0.01854210891618758,-0.04649511563614673,-0.019067839363854026,0.019067839363854026,fit
544,/tmp/FeCoNiPdPt_CE_fc2lj8yk/FeCoNiPdPt_CE/fcc100/data/structures/544.cif,-0.04352605937499998,bulk,32,32,32.0,-0.029514807550228325,-0.014011251824771656,0.014011251824771656,-0.030819991868419126,-0.012706067506580855,0.012706067506580855,fit
545,/tmp/FeCoNiPdPt_CE_fc2lj8yk/FeCoNiPdPt_CE/fcc100/data/structures/545.cif,-0.05010088750000019,bulk,32,32,32.0,-0.041747268552527986,-0.008353618947472205,0.008353618947472205,-0.04169984428189281,-0.008401043218107383,0.008401043218107383,fit
546,/tmp/FeCoNiPdPt_CE_fc2lj8yk/FeCoNiPdPt_CE/fcc100/data/structures/546.cif,-0.042366527499999584,bulk,32,32,32.0,-0.03910174267820629,-0.003264784821793293,0.003264784821793293,-0.03930954340161917,-0.0030569840983804136,0.0030569840983804136,holdout
547,/tmp/FeCoNiPdPt_CE_fc2lj8yk/FeCoNiPdPt_CE/fcc100/data/structures/547.cif,-0.006735752187499777,bulk,32,32,32.0,-0.059177349413373784,0.052441597225874007,0.052441597225874007,-0.057464292348076214,0.05072854016057644,0.05072854016057644,fit
548,/tmp/FeCoNiPdPt_CE_fc2lj8yk/FeCoNiPdPt_CE/fcc100/data/structures/548.cif,-0.08514809593749995,bulk,32,32,32.0,-0.06974668046190965,-0.015401415475590291,0.015401415475590291,-0.06965088330260674,-0.015497212634893204,0.015497212634893204,fit
549,/tmp/FeCoNiPdPt_CE_fc2lj8yk/FeCoNiPdPt_CE/fcc100/data/structures/549.cif,0.0903930487500002,bulk,32,32,32.0,-0.03850694616746461,0.12889999491746482,0.12889999491746482,-0.036884503774478605,0.1272775525244788,0.1272775525244788,fit
550,/tmp/FeCoNiPdPt_CE_fc2lj8yk/FeCoNiPdPt_CE/fcc100/data/structures/550.cif,0.031730804999999584,bulk,32,32,32.0,-0.001092645769832739,0.03282345076983233,0.03282345076983233,-0.0009979454250061207,0.032728750425005705,0.032728750425005705,fit
551,/tmp/FeCoNiPdPt_CE_fc2lj8yk/FeCoNiPdPt_CE/fcc100/data/structures/551.cif,0.004995794062500281,bulk,32,32,32.0,-0.03815500708989132,0.0431508011523916,0.0431508011523916,-0.03776653284888219,0.04276232691138247,0.04276232691138247,fit
552,/tmp/FeCoNiPdPt_CE_fc2lj8yk/FeCoNiPdPt_CE/fcc100/data/structures/552.cif,-0.08585952187500023,bulk,32,32,32.0,-0.07430285346518557,-0.01155666840981466,0.01155666840981466,-0.07363437020420367,-0.01222515167079656,0.01222515167079656,fit
553,/tmp/FeCoNiPdPt_CE_fc2lj8yk/FeCoNiPdPt_CE/fcc100/data/structures/553.cif,-0.06331621937500032,bulk,32,32,32.0,-0.04885411738915667,-0.014462101985843648,0.014462101985843648,-0.046966970514479,-0.016349248860521318,0.016349248860521318,fit
554,/tmp/FeCoNiPdPt_CE_fc2lj8yk/FeCoNiPdPt_CE/fcc100/data/structures/554.cif,-0.0297115028124999,bulk,32,32,32.0,-0.04837546004800429,0.01866395723550439,0.01866395723550439,-0.05203141125154942,0.02231990843904952,0.02231990843904952,fit
555,/tmp/FeCoNiPdPt_CE_fc2lj8yk/FeCoNiPdPt_CE/fcc100/data/structures/555.cif,-0.05880444687499953,bulk,32,32,32.0,-0.050986375597319014,-0.007818071277680513,0.007818071277680513,-0.0514662724450573,-0.0073381744299422305,0.0073381744299422305,fit
556,/tmp/FeCoNiPdPt_CE_fc2lj8yk/FeCoNiPdPt_CE/fcc100/data/structures/556.cif,-0.06648157343750061,bulk,32,32,32.0,-0.061522887857779,-0.004958685579721608,0.004958685579721608,-0.0609184582171782,-0.005563115220322407,0.005563115220322407,fit
557,/tmp/FeCoNiPdPt_CE_fc2lj8yk/FeCoNiPdPt_CE/fcc100/data/structures/557.cif,-0.0464888240625001,bulk,32,32,32.0,-0.045698656019141186,-0.0007901680433589145,0.0007901680433589145,-0.04436342312294142,-0.0021254009395586804,0.0021254009395586804,fit
558,/tmp/FeCoNiPdPt_CE_fc2lj8yk/FeCoNiPdPt_CE/fcc100/data/structures/558.cif,0.04580729500000036,bulk,32,32,32.0,-0.011698465292125386,0.05750576029212574,0.05750576029212574,-0.009904751421183952,0.05571204642118431,0.05571204642118431,fit
559,/tmp/FeCoNiPdPt_CE_fc2lj8yk/FeCoNiPdPt_CE/fcc100/data/structures/559.cif,-0.0814431815625003,bulk,32,32,32.0,-0.06279698808566378,-0.01864619347683652,0.01864619347683652,-0.06202437924329936,-0.019418802319200942,0.019418802319200942,fit
560,/tmp/FeCoNiPdPt_CE_fc2lj8yk/FeCoNiPdPt_CE/fcc100/data/structures/560.cif,-0.03322740468750052,bulk,32,32,32.0,-0.03213364189137598,-0.0010937627961245394,0.0010937627961245394,-0.03250609375331974,-0.0007213109341807772,0.0007213109341807772,fit
561,/tmp/FeCoNiPdPt_CE_fc2lj8yk/FeCoNiPdPt_CE/fcc100/data/structures/561.cif,-0.05748624468749952,bulk,32,32,32.0,-0.05060363432904677,-0.006882610358452751,0.006882610358452751,-0.051250532466633844,-0.006235712220865677,0.006235712220865677,fit
562,/tmp/FeCoNiPdPt_CE_fc2lj8yk/FeCoNiPdPt_CE/fcc100/data/structures/562.cif,-0.03421845375000032,bulk,32,32,32.0,-0.03748185971071122,0.0032634059607108967,0.0032634059607108967,-0.03869024619274662,0.0044717924427463,0.0044717924427463,holdout
563,/tmp/FeCoNiPdPt_CE_fc2lj8yk/FeCoNiPdPt_CE/fcc100/data/structures/563.cif,-0.07083801187499983,bulk,32,32,32.0,-0.05551315449572972,-0.015324857379270106,0.015324857379270106,-0.05345826122045628,-0.01737975065454355,0.01737975065454355,fit
564,/tmp/FeCoNiPdPt_CE_fc2lj8yk/FeCoNiPdPt_CE/fcc100/data/structures/564.cif,-0.03817491843749998,bulk,32,32,32.0,-0.025003653374201105,-0.013171265063298878,0.013171265063298878,-0.023863618373163996,-0.014311300064335987,0.014311300064335987,holdout
565,/tmp/FeCoNiPdPt_CE_fc2lj8yk/FeCoNiPdPt_CE/fcc100/data/structures/565.cif,-0.08289974156249968,bulk,32,32,32.0,-0.05611206928082288,-0.026787672281676805,0.026787672281676805,-0.053430409896860494,-0.02946933166563919,0.02946933166563919,holdout
566,/tmp/FeCoNiPdPt_CE_fc2lj8yk/FeCoNiPdPt_CE/fcc100/data/structures/566.cif,-0.07466707031249964,bulk,32,32,32.0,-0.05168551611762916,-0.022981554194870482,0.022981554194870482,-0.052686572313111274,-0.021980497999388365,0.021980497999388365,fit
567,/tmp/FeCoNiPdPt_CE_fc2lj8yk/FeCoNiPdPt_CE/fcc100/data/structures/567.cif,-0.01817306999999957,bulk,32,32,32.0,-0.051916697512418286,0.03374362751241872,0.03374362751241872,-0.05142144720980123,0.03324837720980166,0.03324837720980166,fit
568,/tmp/FeCoNiPdPt_CE_fc2lj8yk/FeCoNiPdPt_CE/fcc100/data/structures/568.cif,-0.04005667125000034,bulk,32,32,32.0,-0.02925989823585951,-0.010796773014140833,0.010796773014140833,-0.02966331445157376,-0.010393356798426581,0.010393356798426581,fit
569,/tmp/FeCoNiPdPt_CE_fc2lj8yk/FeCoNiPdPt_CE/fcc100/data/structures/569.cif,-0.03819401156250013,bulk,32,32,32.0,-0.03041195211139104,-0.0077820594511090885,0.0077820594511090885,-0.02933843049427113,-0.008855581068229,0.008855581068229,fit
570,/tmp/FeCoNiPdPt_CE_fc2lj8yk/FeCoNiPdPt_CE/fcc100/data/structures/570.cif,-0.043168867187500126,bulk,32,32,32.0,-0.043389021949402265,0.00022015476190213878,0.00022015476190213878,-0.04144545759293328,-0.0017234095945668493,0.0017234095945668493,fit
571,/tmp/FeCoNiPdPt_CE_fc2lj8yk/FeCoNiPdPt_CE/fcc100/data/structures/571.cif,-0.03619937281249985,bulk,32,32,32.0,-0.024356215774805623,-0.01184315703769423,0.01184315703769423,-0.023670532872919793,-0.01252883993958006,0.01252883993958006,fit
572,/tmp/FeCoNiPdPt_CE_fc2lj8yk/FeCoNiPdPt_CE/fcc100/data/structures/572.cif,-0.004732937500000034,bulk,32,32,32.0,-0.01282659281698202,0.008093655316981986,0.008093655316981986,-0.011490735253523154,0.00675779775352312,0.00675779775352312,fit
573,/tmp/FeCoNiPdPt_CE_fc2lj8yk/FeCoNiPdPt_CE/fcc100/data/structures/573.cif,-0.0634248828125008,bulk,32,32,32.0,-0.0556442479288331,-0.007780634883667703,0.007780634883667703,-0.05772883348627654,-0.0056960493262242645,0.0056960493262242645,holdout
574,/tmp/FeCoNiPdPt_CE_fc2lj8yk/FeCoNiPdPt_CE/fcc100/data/structures/574.cif,-0.056874538749999815,bulk,32,32,32.0,-0.05262880586107504,-0.004245732888924776,0.004245732888924776,-0.05283837526582845,-0.004036163484171365,0.004036163484171365,fit
575,/tmp/FeCoNiPdPt_CE_fc2lj8yk/FeCoNiPdPt_CE/fcc100/data/structures/575.cif,-0.06016353062500013,bulk,32,32,32.0,-0.04949752206721277,-0.010666008557787356,0.010666008557787356,-0.04830035131186937,-0.011863179313130759,0.011863179313130759,fit
576,/tmp/FeCoNiPdPt_CE_fc2lj8yk/FeCoNiPdPt_CE/fcc100/data/structures/576.cif,-0.044177613437499375,bulk,32,32,32.0,-0.03303697245962861,-0.011140640977870764,0.011140640977870764,-0.0343745392253976,-0.009803074212101776,0.009803074212101776,fit
577,/tmp/FeCoNiPdPt_CE_fc2lj8yk/FeCoNiPdPt_CE/fcc100/data/structures/577.cif,-0.032130574062500195,bulk,32,32,32.0,-0.034654903374216214,0.00252432931171602,0.00252432931171602,-0.03375579835615503,0.001625224293654838,0.001625224293654838,fit
578,/tmp/FeCoNiPdPt_CE_fc2lj8yk/FeCoNiPdPt_CE/fcc100/data/structures/578.cif,-0.004291913125000768,bulk,32,32,32.0,-0.018409373421599477,0.01411746029659871,0.01411746029659871,-0.018129905596422222,0.013837992471421454,0.013837992471421454,fit
579,/tmp/FeCoNiPdPt_CE_fc2lj8yk/FeCoNiPdPt_CE/fcc100/data/structures/579.cif,-0.0425220393750001,bulk,32,32,32.0,-0.04061191581501825,-0.0019101235599818453,0.0019101235599818453,-0.04060911834095182,-0.001912921034048276,0.001912921034048276,fit
580,/tmp/FeCoNiPdPt_CE_fc2lj8yk/FeCoNiPdPt_CE/fcc100/data/structures/580.cif,-0.023837711875000167,bulk,32,32,32.0,-0.020970319711804998,-0.002867392163195169,0.002867392163195169,-0.021805455724188964,-0.0020322561508112034,0.0020322561508112034,fit
581,/tmp/FeCoNiPdPt_CE_fc2lj8yk/FeCoNiPdPt_CE/fcc100/data/structures/581.cif,-0.005399620937500238,bulk,32,32,32.0,-0.0019861059410232317,-0.0034135149964770062,0.0034135149964770062,-0.002209260710974914,-0.003190360226525324,0.003190360226525324,fit
582,/tmp/FeCoNiPdPt_CE_fc2lj8yk/FeCoNiPdPt_CE/fcc100/data/structures/582.cif,-0.07010698562500028,bulk,32,32,32.0,-0.0577893569290593,-0.012317628695940983,0.012317628695940983,-0.05769750740704119,-0.012409478217959097,0.012409478217959097,fit
583,/tmp/FeCoNiPdPt_CE_fc2lj8yk/FeCoNiPdPt_CE/fcc100/data/structures/583.cif,-0.04594544531250033,bulk,32,32,32.0,-0.04824185056584594,0.0022964052533456097,0.0022964052533456097,-0.04651737579332199,0.0005719304808216585,0.0005719304808216585,fit
584,/tmp/FeCoNiPdPt_CE_fc2lj8yk/FeCoNiPdPt_CE/fcc100/data/structures/584.cif,-0.04953214031249953,bulk,32,32,32.0,-0.04877136266221232,-0.0007607776502872102,0.0007607776502872102,-0.04824255774884657,-0.001289582563652955,0.001289582563652955,fit
585,/tmp/FeCoNiPdPt_CE_fc2lj8yk/FeCoNiPdPt_CE/fcc100/data/structures/585.cif,-0.009870065312499676,bulk,32,32,32.0,-0.05243637889172191,0.042566313579222234,0.042566313579222234,-0.05315286417010709,0.04328279885760741,0.04328279885760741,fit
586,/tmp/FeCoNiPdPt_CE_fc2lj8yk/FeCoNiPdPt_CE/fcc100/data/structures/586.cif,0.011743721562499587,bulk,32,32,32.0,-0.0014187472659602102,0.013162468828459797,0.013162468828459797,-0.001550991570338894,0.013294713132838481,0.013294713132838481,fit
587,/tmp/FeCoNiPdPt_CE_fc2lj8yk/FeCoNiPdPt_CE/fcc100/data/structures/587.cif,-0.05477435906249983,bulk,32,32,32.0,-0.02811926515876459,-0.026655093903735244,0.026655093903735244,-0.02604518878782909,-0.028729170274670743,0.028729170274670743,fit
588,/tmp/FeCoNiPdPt_CE_fc2lj8yk/FeCoNiPdPt_CE/fcc100/data/structures/588.cif,-0.021659692812500353,bulk,32,32,32.0,-0.03709637506011267,0.01543668224761232,0.01543668224761232,-0.037463392102547524,0.01580369929004717,0.01580369929004717,fit
589,/tmp/FeCoNiPdPt_CE_fc2lj8yk/FeCoNiPdPt_CE/fcc100/data/structures/589.cif,-0.038946224375000504,bulk,32,32,32.0,-0.03503992543188712,-0.0039062989431133815,0.0039062989431133815,-0.03224045554887675,-0.006705768826123754,0.006705768826123754,fit
590,/tmp/FeCoNiPdPt_CE_fc2lj8yk/FeCoNiPdPt_CE/fcc100/data/structures/590.cif,-0.0360469509375001,bulk,32,32,32.0,-0.021775862600873695,-0.014271088336626405,0.014271088336626405,-0.020789137807341818,-0.015257813130158282,0.015257813130158282,fit
591,/tmp/FeCoNiPdPt_CE_fc2lj8yk/FeCoNiPdPt_CE/fcc100/data/structures/591.cif,-0.033955204062499966,bulk,32,32,32.0,-0.05094403252640071,0.01698882846390074,0.01698882846390074,-0.05044774705544969,0.01649254299294972,0.01649254299294972,fit
592,/tmp/FeCoNiPdPt_CE_fc2lj8yk/FeCoNiPdPt_CE/fcc100/data/structures/592.cif,-0.05552674250000056,bulk,32,32,32.0,-0.06371385799897937,0.008187115498978811,0.008187115498978811,-0.06528124643371089,0.009754503933710329,0.009754503933710329,holdout
593,/tmp/FeCoNiPdPt_CE_fc2lj8yk/FeCoNiPdPt_CE/fcc100/data/structures/593.cif,-0.06292415562500064,bulk,32,32,32.0,-0.06957973198655817,0.00665557636155753,0.00665557636155753,-0.0685808220652919,0.0056566664402912525,0.0056566664402912525,fit
594,/tmp/FeCoNiPdPt_CE_fc2lj8yk/FeCoNiPdPt_CE/fcc100/data/structures/594.cif,-0.09312534312500009,bulk,32,32,32.0,-0.05919861672059948,-0.033926726404400614,0.033926726404400614,-0.05687068117484287,-0.036254661950157224,0.036254661950157224,fit
595,/tmp/FeCoNiPdPt_CE_fc2lj8yk/FeCoNiPdPt_CE/fcc100/data/structures/595.cif,-0.06888827531250019,bulk,32,32,32.0,-0.05417156348069227,-0.014716711831807922,0.014716711831807922,-0.054741904213668265,-0.014146371098831927,0.014146371098831927,fit
596,/tmp/FeCoNiPdPt_CE_fc2lj8yk/FeCoNiPdPt_CE/fcc100/data/structures/596.cif,-0.0627583659374995,bulk,32,32,32.0,-0.06635198827113825,0.0035936223336387463,0.0035936223336387463,-0.06523001581507619,0.0024716498775766843,0.0024716498775766843,fit
597,/tmp/FeCoNiPdPt_CE_fc2lj8yk/FeCoNiPdPt_CE/fcc100/data/structures/597.cif,-0.023576033437500143,bulk,32,32,32.0,-0.02915523222157905,0.0055791987840789065,0.0055791987840789065,-0.030578182859811787,0.007002149422311643,0.007002149422311643,fit
598,/tmp/FeCoNiPdPt_CE_fc2lj8yk/FeCoNiPdPt_CE/fcc100/data/structures/598.cif,-0.05377899312500034,bulk,32,32,32.0,-0.0411594722312704,-0.01261952089372994,0.01261952089372994,-0.04171959782841402,-0.012059395296586319,0.012059395296586319,fit
599,/tmp/FeCoNiPdPt_CE_fc2lj8yk/FeCoNiPdPt_CE/fcc100/data/structures/599.cif,-0.06301761000000017,bulk,32,32,32.0,-0.06011291998293082,-0.0029046900170693474,0.0029046900170693474,-0.061011992693409366,-0.0020056173065908026,0.0020056173065908026,fit
600,/tmp/FeCoNiPdPt_CE_fc2lj8yk/FeCoNiPdPt_CE/fcc100/data/structures/600.cif,0.002164384062500524,bulk,32,32,32.0,-0.04335986898807705,0.04552425305057757,0.04552425305057757,-0.046256082648428676,0.0484204667109292,0.0484204667109292,holdout
601,/tmp/FeCoNiPdPt_CE_fc2lj8yk/FeCoNiPdPt_CE/fcc100/data/structures/601.cif,-0.05744756999999989,bulk,32,32,32.0,-0.04590021716249962,-0.011547352837500274,0.011547352837500274,-0.04724116774532283,-0.01020640225467706,0.01020640225467706,fit
602,/tmp/FeCoNiPdPt_CE_fc2lj8yk/FeCoNiPdPt_CE/fcc100/data/structures/602.cif,-0.0380120125000003,bulk,32,32,32.0,-0.028595519502464126,-0.009416492997536177,0.009416492997536177,-0.02778589873541589,-0.010226113764584412,0.010226113764584412,fit
603,/tmp/FeCoNiPdPt_CE_fc2lj8yk/FeCoNiPdPt_CE/fcc100/data/structures/603.cif,-0.056507832500000355,bulk,32,32,32.0,-0.057013382673698175,0.0005055501736978205,0.0005055501736978205,-0.05672684097043618,0.00021900847043582888,0.00021900847043582888,fit
604,/tmp/FeCoNiPdPt_CE_fc2lj8yk/FeCoNiPdPt_CE/fcc100/data/structures/604.cif,-0.052507877812500325,bulk,32,32,32.0,-0.03675391454400706,-0.015753963268493265,0.015753963268493265,-0.03485619319842238,-0.017651684614077942,0.017651684614077942,fit
605,/tmp/FeCoNiPdPt_CE_fc2lj8yk/FeCoNiPdPt_CE/fcc100/data/structures/605.cif,0.018887093437499836,bulk,32,32,32.0,0.010285239557774191,0.008601853879725644,0.008601853879725644,0.009238847787728738,0.009648245649771098,0.009648245649771098,fit
606,/tmp/FeCoNiPdPt_CE_fc2lj8yk/FeCoNiPdPt_CE/fcc100/data/structures/606.cif,-0.08921131187499931,bulk,32,32,32.0,-0.07134422905703851,-0.017867082817960803,0.017867082817960803,-0.07243992692235159,-0.016771384952647725,0.016771384952647725,fit
607,/tmp/FeCoNiPdPt_CE_fc2lj8yk/FeCoNiPdPt_CE/fcc100/data/structures/607.cif,-0.06684819781249995,bulk,32,32,32.0,-0.049442664208315876,-0.01740553360418408,0.01740553360418408,-0.050403606177168006,-0.016444591635331948,0.016444591635331948,fit
608,/tmp/FeCoNiPdPt_CE_fc2lj8yk/FeCoNiPdPt_CE/fcc100/data/structures/608.cif,-0.030816337187499876,bulk,32,32,32.0,-0.0425773480819968,0.011761010894496923,0.011761010894496923,-0.04300929058374536,0.012192953396245487,0.012192953396245487,fit
609,/tmp/FeCoNiPdPt_CE_fc2lj8yk/FeCoNiPdPt_CE/fcc100/data/structures/609.cif,-0.04251057718750051,bulk,32,32,32.0,-0.05497958141548105,0.012469004227980543,0.012469004227980543,-0.054266155629677876,0.011755578442177367,0.011755578442177367,fit
610,/tmp/FeCoNiPdPt_CE_fc2lj8yk/FeCoNiPdPt_CE/fcc100/data/structures/610.cif,-0.06973173218749995,bulk,32,32,32.0,-0.04579330602527216,-0.023938426162227792,0.023938426162227792,-0.0454769123501747,-0.024254819837325248,0.024254819837325248,fit
611,/tmp/FeCoNiPdPt_CE_fc2lj8yk/FeCoNiPdPt_CE/fcc100/data/structures/611.cif,-0.053479539062499803,bulk,32,32,32.0,-0.04605385862766847,-0.007425680434831335,0.007425680434831335,-0.04653827231311445,-0.006941266749385354,0.006941266749385354,fit
612,/tmp/FeCoNiPdPt_CE_fc2lj8yk/FeCoNiPdPt_CE/fcc100/data/structures/612.cif,-0.06061825937500043,bulk,32,32,32.0,-0.05109920411140112,-0.009519055263599308,0.009519055263599308,-0.049644251712059426,-0.010974007662941002,0.010974007662941002,holdout
613,/tmp/FeCoNiPdPt_CE_fc2lj8yk/FeCoNiPdPt_CE/fcc100/data/structures/613.cif,-0.03308950687500012,bulk,32,32,32.0,-0.07198017841828981,0.03889067154328969,0.03889067154328969,-0.07155956136659092,0.0384700544915908,0.0384700544915908,fit
614,/tmp/FeCoNiPdPt_CE_fc2lj8yk/FeCoNiPdPt_CE/fcc100/data/structures/614.cif,-0.0592446065625003,bulk,32,32,32.0,-0.05801879448282307,-0.0012258120796772298,0.0012258120796772298,-0.059648564985441244,0.0004039584229409421,0.0004039584229409421,fit
615,/tmp/FeCoNiPdPt_CE_fc2lj8yk/FeCoNiPdPt_CE/fcc100/data/structures/615.cif,-0.04432710781249938,bulk,32,32,32.0,-0.042986106698662055,-0.001341001113837323,0.001341001113837323,-0.04258399949422373,-0.001743108318275649,0.001743108318275649,fit
616,/tmp/FeCoNiPdPt_CE_fc2lj8yk/FeCoNiPdPt_CE/fcc100/data/structures/616.cif,-0.08505462093750005,bulk,32,32,32.0,-0.08498985749618011,-6.476344131993439e-05,6.476344131993439e-05,-0.08777108876231923,0.0027164678248191854,0.0027164678248191854,fit
617,/tmp/FeCoNiPdPt_CE_fc2lj8yk/FeCoNiPdPt_CE/fcc100/data/structures/617.cif,-0.08061053750000013,bulk,32,32,32.0,-0.05897268944459992,-0.021637848055400213,0.021637848055400213,-0.05822250298142278,-0.022388034518577356,0.022388034518577356,fit
618,/tmp/FeCoNiPdPt_CE_fc2lj8yk/FeCoNiPdPt_CE/fcc100/data/structures/618.cif,-0.04364145406250053,bulk,32,32,32.0,-0.033796810302679066,-0.009844643759821463,0.009844643759821463,-0.03284788806897326,-0.010793565993527265,0.010793565993527265,fit
619,/tmp/FeCoNiPdPt_CE_fc2lj8yk/FeCoNiPdPt_CE/fcc100/data/structures/619.cif,-0.08815516718749983,bulk,32,32,32.0,-0.06377340822131183,-0.024381758966187994,0.024381758966187994,-0.06475124675088278,-0.023403920436617043,0.023403920436617043,fit
620,/tmp/FeCoNiPdPt_CE_fc2lj8yk/FeCoNiPdPt_CE/fcc100/data/structures/620.cif,-0.03682322031249985,bulk,32,32,32.0,-0.03892806607752835,0.0021048457650285,0.0021048457650285,-0.037932243563691834,0.0011090232511919845,0.0011090232511919845,fit
621,/tmp/FeCoNiPdPt_CE_fc2lj8yk/FeCoNiPdPt_CE/fcc100/data/structures/621.cif,-0.0684000746875002,bulk,32,32,32.0,-0.0627373060625486,-0.005662768624951603,0.005662768624951603,-0.06267199521168225,-0.0057280794758179515,0.0057280794758179515,fit
622,/tmp/FeCoNiPdPt_CE_fc2lj8yk/FeCoNiPdPt_CE/fcc100/data/structures/622.cif,-0.03228991406249904,bulk,32,32,32.0,-0.07053565446844931,0.038245740405950274,0.038245740405950274,-0.06997363467049453,0.03768372060799549,0.03768372060799549,fit
623,/tmp/FeCoNiPdPt_CE_fc2lj8yk/FeCoNiPdPt_CE/fcc100/data/structures/623.cif,-0.061824766562500244,bulk,32,32,32.0,-0.06994010522061575,0.008115338658115506,0.008115338658115506,-0.07066705909053836,0.008842292528038115,0.008842292528038115,fit
624,/tmp/FeCoNiPdPt_CE_fc2lj8yk/FeCoNiPdPt_CE/fcc100/data/structures/624.cif,-0.05666273125000032,bulk,32,32,32.0,-0.05920460434468359,0.0025418730946832682,0.0025418730946832682,-0.059485518909538126,0.0028227876595378065,0.0028227876595378065,fit
625,/tmp/FeCoNiPdPt_CE_fc2lj8yk/FeCoNiPdPt_CE/fcc100/data/structures/625.cif,-0.03975828437500084,bulk,32,32,32.0,-0.01620927198039966,-0.02354901239460118,0.02354901239460118,-0.013437051842106997,-0.026321232532893844,0.026321232532893844,fit
626,/tmp/FeCoNiPdPt_CE_fc2lj8yk/FeCoNiPdPt_CE/fcc100/data/structures/626.cif,-0.06714721375000021,bulk,32,32,32.0,-0.0430036104349279,-0.024143603315072315,0.024143603315072315,-0.045181688566795455,-0.021965525183204757,0.021965525183204757,fit
627,/tmp/FeCoNiPdPt_CE_fc2lj8yk/FeCoNiPdPt_CE/fcc100/data/structures/627.cif,-0.030727961250000213,bulk,32,32,32.0,-0.03693898486337768,0.00621102361337747,0.00621102361337747,-0.03779844100349507,0.007070479753494854,0.007070479753494854,fit
628,/tmp/FeCoNiPdPt_CE_fc2lj8yk/FeCoNiPdPt_CE/fcc100/data/structures/628.cif,0.0032032418750000957,bulk,32,32,32.0,-0.016065209772326363,0.01926845164732646,0.01926845164732646,-0.016394182843291364,0.01959742471829146,0.01959742471829146,fit
629,/tmp/FeCoNiPdPt_CE_fc2lj8yk/FeCoNiPdPt_CE/fcc100/data/structures/629.cif,-0.05845760281250012,bulk,32,32,32.0,-0.04568228668655054,-0.012775316125949579,0.012775316125949579,-0.04424322351207114,-0.01421437930042898,0.01421437930042898,fit
630,/tmp/FeCoNiPdPt_CE_fc2lj8yk/FeCoNiPdPt_CE/fcc100/data/structures/630.cif,-0.02723481718749987,bulk,32,32,32.0,-0.035137778331415834,0.007902961143915962,0.007902961143915962,-0.037515344876178136,0.010280527688678265,0.010280527688678265,fit
631,/tmp/FeCoNiPdPt_CE_fc2lj8yk/FeCoNiPdPt_CE/fcc100/data/structures/631.cif,-0.0585490287499999,bulk,32,32,32.0,-0.03349469201419587,-0.025054336735804025,0.025054336735804025,-0.03322973314522601,-0.02531929560477389,0.02531929560477389,fit
632,/tmp/FeCoNiPdPt_CE_fc2lj8yk/FeCoNiPdPt_CE/fcc100/data/structures/632.cif,-0.051027501874999714,bulk,32,32,32.0,-0.029402667918762632,-0.021624833956237082,0.021624833956237082,-0.02898183164053392,-0.022045670234465794,0.022045670234465794,fit
633,/tmp/FeCoNiPdPt_CE_fc2lj8yk/FeCoNiPdPt_CE/fcc100/data/structures/633.cif,-0.00315468656249962,bulk,32,32,32.0,-0.03814600446969664,0.03499131790719702,0.03499131790719702,-0.03795777580173611,0.03480308923923649,0.03480308923923649,fit
634,/tmp/FeCoNiPdPt_CE_fc2lj8yk/FeCoNiPdPt_CE/fcc100/data/structures/634.cif,-0.06697652312500058,bulk,32,32,32.0,-0.059391516686125745,-0.007585006438874831,0.007585006438874831,-0.05985761515023624,-0.0071189079747643325,0.0071189079747643325,fit
635,/tmp/FeCoNiPdPt_CE_fc2lj8yk/FeCoNiPdPt_CE/fcc100/data/structures/635.cif,-0.041769442812499946,bulk,32,32,32.0,-0.03855085551608746,-0.0032185872964124868,0.0032185872964124868,-0.03765393094939613,-0.004115511863103813,0.004115511863103813,fit
636,/tmp/FeCoNiPdPt_CE_fc2lj8yk/FeCoNiPdPt_CE/fcc100/data/structures/636.cif,-0.028506206250000332,bulk,32,32,32.0,-0.037092537059990174,0.008586330809989842,0.008586330809989842,-0.040198821805184665,0.011692615555184332,0.011692615555184332,fit
637,/tmp/FeCoNiPdPt_CE_fc2lj8yk/FeCoNiPdPt_CE/fcc100/data/structures/637.cif,-0.04397881312500029,bulk,32,32,32.0,-0.038825239520059736,-0.0051535736049405576,0.0051535736049405576,-0.03762870023267875,-0.006350112892321541,0.006350112892321541,fit
638,/tmp/FeCoNiPdPt_CE_fc2lj8yk/FeCoNiPdPt_CE/fcc100/data/structures/638.cif,-0.041430694374999355,bulk,32,32,32.0,-0.04039698935782403,-0.0010337050171753265,0.0010337050171753265,-0.04109114182255162,-0.0003395525524477333,0.0003395525524477333,fit
639,/tmp/FeCoNiPdPt_CE_fc2lj8yk/FeCoNiPdPt_CE/fcc100/data/structures/639.cif,-0.04668937875000001,bulk,32,32,32.0,-0.04673884075058825,4.946200058823791e-05,4.946200058823791e-05,-0.04650167446820588,-0.0001877042817941335,0.0001877042817941335,fit
640,/tmp/FeCoNiPdPt_CE_fc2lj8yk/FeCoNiPdPt_CE/fcc100/data/structures/640.cif,-0.05081297531249973,bulk,32,32,32.0,-0.04747130600836957,-0.003341669304130164,0.003341669304130164,-0.04874175469151574,-0.002071220620983992,0.002071220620983992,fit
641,/tmp/FeCoNiPdPt_CE_fc2lj8yk/FeCoNiPdPt_CE/fcc100/data/structures/641.cif,0.005224628750000626,bulk,32,32,32.0,-0.04129258051615084,0.046517209266151466,0.046517209266151466,-0.039645318724305253,0.04486994747430588,0.04486994747430588,fit
642,/tmp/FeCoNiPdPt_CE_fc2lj8yk/FeCoNiPdPt_CE/fcc100/data/structures/642.cif,-0.05104748687499949,bulk,32,32,32.0,-0.04485211439444298,-0.006195372480556516,0.006195372480556516,-0.0438984622538015,-0.007149024621197993,0.007149024621197993,holdout
643,/tmp/FeCoNiPdPt_CE_fc2lj8yk/FeCoNiPdPt_CE/fcc100/data/structures/643.cif,-0.04116164468749961,bulk,32,32,32.0,-0.047066062114858934,0.005904417427359324,0.005904417427359324,-0.048563843245305785,0.007402198557806175,0.007402198557806175,fit
644,/tmp/FeCoNiPdPt_CE_fc2lj8yk/FeCoNiPdPt_CE/fcc100/data/structures/644.cif,-0.05176610937500037,bulk,32,32,32.0,-0.03898437817509684,-0.012781731199903529,0.012781731199903529,-0.03882795936069572,-0.01293815001430465,0.01293815001430465,fit
645,/tmp/FeCoNiPdPt_CE_fc2lj8yk/FeCoNiPdPt_CE/fcc100/data/structures/645.cif,-0.01899415250000036,bulk,32,32,32.0,-0.03190143931790712,0.01290728681790676,0.01290728681790676,-0.03177980641306008,0.012785653913059719,0.012785653913059719,fit
646,/tmp/FeCoNiPdPt_CE_fc2lj8yk/FeCoNiPdPt_CE/fcc100/data/structures/646.cif,-0.027225469062499563,bulk,32,32,32.0,-0.025565663471929484,-0.0016598055905700793,0.0016598055905700793,-0.02366453795590239,-0.003560931106597172,0.003560931106597172,holdout
647,/tmp/FeCoNiPdPt_CE_fc2lj8yk/FeCoNiPdPt_CE/fcc100/data/structures/647.cif,-0.017750607187499767,bulk,32,32,32.0,-0.03833556230561872,0.020584955118118954,0.020584955118118954,-0.03978797684174271,0.022037369654242946,0.022037369654242946,holdout
648,/tmp/FeCoNiPdPt_CE_fc2lj8yk/FeCoNiPdPt_CE/fcc100/data/structures/648.cif,-0.04318485125000038,bulk,32,32,32.0,-0.04526278386084759,0.0020779326108472107,0.0020779326108472107,-0.045722029429753716,0.0025371781797533383,0.0025371781797533383,fit
649,/tmp/FeCoNiPdPt_CE_fc2lj8yk/FeCoNiPdPt_CE/fcc100/data/structures/649.cif,-0.0814644459374998,bulk,32,32,32.0,-0.05949935753855776,-0.02196508839894204,0.02196508839894204,-0.05829516179009876,-0.023169284147401034,0.023169284147401034,fit
650,/tmp/FeCoNiPdPt_CE_fc2lj8yk/FeCoNiPdPt_CE/fcc100/data/structures/650.cif,-0.04855955312500004,bulk,32,32,32.0,-0.04691364419914937,-0.0016459089258506754,0.0016459089258506754,-0.04575338526832447,-0.002806167856675576,0.002806167856675576,fit
651,/tmp/FeCoNiPdPt_CE_fc2lj8yk/FeCoNiPdPt_CE/fcc100/data/structures/651.cif,-0.06350834187499999,bulk,32,32,32.0,-0.05770555448247092,-0.0058027873925290685,0.0058027873925290685,-0.0575143450771737,-0.005993996797826286,0.005993996797826286,fit
652,/tmp/FeCoNiPdPt_CE_fc2lj8yk/FeCoNiPdPt_CE/fcc100/data/structures/652.cif,-0.08964718781249914,bulk,32,32,32.0,-0.06772387123515991,-0.02192331657733923,0.02192331657733923,-0.06630972309742067,-0.02333746471507847,0.02333746471507847,fit
653,/tmp/FeCoNiPdPt_CE_fc2lj8yk/FeCoNiPdPt_CE/fcc100/data/structures/653.cif,0.0012838740624996348,bulk,32,32,32.0,0.002131307896562386,-0.000847433834062751,0.000847433834062751,0.000729447746689451,0.0005544263158101838,0.0005544263158101838,fit
654,/tmp/FeCoNiPdPt_CE_fc2lj8yk/FeCoNiPdPt_CE/fcc100/data/structures/654.cif,0.06580153968749958,bulk,32,32,32.0,-0.014618687764079888,0.08042022745157947,0.08042022745157947,-0.013333222616015689,0.07913476230351527,0.07913476230351527,fit
655,/tmp/FeCoNiPdPt_CE_fc2lj8yk/FeCoNiPdPt_CE/fcc100/data/structures/655.cif,-0.03602378281250029,bulk,32,32,32.0,-0.03505405934252539,-0.0009697234699749049,0.0009697234699749049,-0.03501931196988106,-0.0010044708426192317,0.0010044708426192317,fit
656,/tmp/FeCoNiPdPt_CE_fc2lj8yk/FeCoNiPdPt_CE/fcc100/data/structures/656.cif,0.06688851593750034,bulk,32,32,32.0,-0.02663482395388968,0.09352333989139001,0.09352333989139001,-0.02693553033433299,0.09382404627183333,0.09382404627183333,fit
657,/tmp/FeCoNiPdPt_CE_fc2lj8yk/FeCoNiPdPt_CE/fcc100/data/structures/657.cif,-0.06279162843750008,bulk,32,32,32.0,-0.06520970946024622,0.002418081022746141,0.002418081022746141,-0.06412847623740124,0.0013368477999011613,0.0013368477999011613,fit
658,/tmp/FeCoNiPdPt_CE_fc2lj8yk/FeCoNiPdPt_CE/fcc100/data/structures/658.cif,-0.06302451156250033,bulk,32,32,32.0,-0.06102070925743344,-0.0020038023050668874,0.0020038023050668874,-0.06120664357652127,-0.0018178679859790561,0.0018178679859790561,fit
659,/tmp/FeCoNiPdPt_CE_fc2lj8yk/FeCoNiPdPt_CE/fcc100/data/structures/659.cif,-0.03931799781249978,bulk,32,32,32.0,-0.027584802705267638,-0.011733195107232145,0.011733195107232145,-0.028932696843489415,-0.010385300969010369,0.010385300969010369,fit
660,/tmp/FeCoNiPdPt_CE_fc2lj8yk/FeCoNiPdPt_CE/fcc100/data/structures/660.cif,0.03629335249999954,bulk,32,32,32.0,-0.020069048822236847,0.05636240132223639,0.05636240132223639,-0.020919444039953695,0.05721279653995324,0.05721279653995324,fit
661,/tmp/FeCoNiPdPt_CE_fc2lj8yk/FeCoNiPdPt_CE/fcc100/data/structures/661.cif,-0.0620389046874994,bulk,32,32,32.0,-0.05809748707072496,-0.00394141761677444,0.00394141761677444,-0.05885961341934584,-0.0031792912681535557,0.0031792912681535557,fit
662,/tmp/FeCoNiPdPt_CE_fc2lj8yk/FeCoNiPdPt_CE/fcc100/data/structures/662.cif,-0.06813117031250027,bulk,32,32,32.0,-0.060371548595884304,-0.007759621716615962,0.007759621716615962,-0.05964705560719818,-0.008484114705302088,0.008484114705302088,fit
663,/tmp/FeCoNiPdPt_CE_fc2lj8yk/FeCoNiPdPt_CE/fcc100/data/structures/663.cif,-0.06702251375000046,bulk,32,32,32.0,-0.04727232854064565,-0.019750185209354808,0.019750185209354808,-0.047761278701265425,-0.01926123504873503,0.01926123504873503,fit
664,/tmp/FeCoNiPdPt_CE_fc2lj8yk/FeCoNiPdPt_CE/fcc100/data/structures/664.cif,-0.06343699718749995,bulk,32,32,32.0,-0.05907853584220578,-0.004358461345294176,0.004358461345294176,-0.05915329975603227,-0.004283697431467684,0.004283697431467684,fit
665,/tmp/FeCoNiPdPt_CE_fc2lj8yk/FeCoNiPdPt_CE/fcc100/data/structures/665.cif,-0.03918764906249983,bulk,32,32,32.0,-0.03986467805519965,0.0006770289926998213,0.0006770289926998213,-0.040089083544078113,0.0009014344815782838,0.0009014344815782838,fit
666,/tmp/FeCoNiPdPt_CE_fc2lj8yk/FeCoNiPdPt_CE/fcc100/data/structures/666.cif,-0.05582106031249978,bulk,32,32,32.0,-0.04688080511548698,-0.008940255197012803,0.008940255197012803,-0.04700878266055487,-0.008812277651944915,0.008812277651944915,fit
667,/tmp/FeCoNiPdPt_CE_fc2lj8yk/FeCoNiPdPt_CE/fcc100/data/structures/667.cif,-0.035734199375000664,bulk,32,32,32.0,-0.040770586002818465,0.0050363866278178016,0.0050363866278178016,-0.0397728401528818,0.004038640777881138,0.004038640777881138,fit
668,/tmp/FeCoNiPdPt_CE_fc2lj8yk/FeCoNiPdPt_CE/fcc100/data/structures/668.cif,-0.06502881500000068,bulk,32,32,32.0,-0.050196755203703036,-0.014832059796297647,0.014832059796297647,-0.049829146537621695,-0.015199668462378989,0.015199668462378989,fit
669,/tmp/FeCoNiPdPt_CE_fc2lj8yk/FeCoNiPdPt_CE/fcc100/data/structures/669.cif,-0.08521533843750007,bulk,32,32,32.0,-0.06593175332658657,-0.019283585110913493,0.019283585110913493,-0.06401789536887988,-0.02119744306862019,0.02119744306862019,fit
670,/tmp/FeCoNiPdPt_CE_fc2lj8yk/FeCoNiPdPt_CE/fcc100/data/structures/670.cif,-0.04532349656250023,bulk,32,32,32.0,-0.05289286402869943,0.007569367466199198,0.007569367466199198,-0.05254670565162695,0.007223209089126721,0.007223209089126721,fit
671,/tmp/FeCoNiPdPt_CE_fc2lj8yk/FeCoNiPdPt_CE/fcc100/data/structures/671.cif,-0.07041814343750019,bulk,32,32,32.0,-0.05635213458025547,-0.014066008857244724,0.014066008857244724,-0.05638681316135567,-0.014031330276144519,0.014031330276144519,fit
672,/tmp/FeCoNiPdPt_CE_fc2lj8yk/FeCoNiPdPt_CE/fcc100/data/structures/672.cif,-0.047934685937500277,bulk,32,32,32.0,-0.032703014442762024,-0.015231671494738253,0.015231671494738253,-0.03129641463936538,-0.016638271298134895,0.016638271298134895,fit
673,/tmp/FeCoNiPdPt_CE_fc2lj8yk/FeCoNiPdPt_CE/fcc100/data/structures/673.cif,-0.0764629090625002,bulk,32,32,32.0,-0.049686943354371585,-0.02677596570812861,0.02677596570812861,-0.052478301037446384,-0.02398460802505381,0.02398460802505381,fit
674,/tmp/FeCoNiPdPt_CE_fc2lj8yk/FeCoNiPdPt_CE/fcc100/data/structures/674.cif,-0.06415346562500002,bulk,32,32,32.0,-0.06741706168522044,0.0032635960602204195,0.0032635960602204195,-0.06994820790197265,0.005794742276972631,0.005794742276972631,holdout
675,/tmp/FeCoNiPdPt_CE_fc2lj8yk/FeCoNiPdPt_CE/fcc100/data/structures/675.cif,-0.06900118749999962,bulk,32,32,32.0,-0.047715575455867056,-0.02128561204413256,0.02128561204413256,-0.047438735325900594,-0.021562452174099023,0.021562452174099023,fit
676,/tmp/FeCoNiPdPt_CE_fc2lj8yk/FeCoNiPdPt_CE/fcc100/data/structures/676.cif,-0.043037869375000426,bulk,32,32,32.0,-0.03301274688991821,-0.010025122485082215,0.010025122485082215,-0.03499542566017773,-0.008042443714822697,0.008042443714822697,fit
677,/tmp/FeCoNiPdPt_CE_fc2lj8yk/FeCoNiPdPt_CE/fcc100/data/structures/677.cif,-0.032886342187500084,bulk,32,32,32.0,-0.037169167434381783,0.0042828252468817,0.0042828252468817,-0.037965976834922546,0.005079634647422462,0.005079634647422462,fit
678,/tmp/FeCoNiPdPt_CE_fc2lj8yk/FeCoNiPdPt_CE/fcc100/data/structures/678.cif,0.0027330990625005214,bulk,32,32,32.0,-0.020864990289477157,0.02359808935197768,0.02359808935197768,-0.01994241604336927,0.022675515105869792,0.022675515105869792,fit
679,/tmp/FeCoNiPdPt_CE_fc2lj8yk/FeCoNiPdPt_CE/fcc100/data/structures/679.cif,-0.045844435937500094,bulk,32,32,32.0,-0.042036839978003046,-0.003807595959497048,0.003807595959497048,-0.04274023695622439,-0.003104198981275702,0.003104198981275702,fit
680,/tmp/FeCoNiPdPt_CE_fc2lj8yk/FeCoNiPdPt_CE/fcc100/data/structures/680.cif,-0.043908293124999886,bulk,32,32,32.0,-0.016582696511275488,-0.0273255966137244,0.0273255966137244,-0.01573843854111074,-0.028169854583889146,0.028169854583889146,fit
681,/tmp/FeCoNiPdPt_CE_fc2lj8yk/FeCoNiPdPt_CE/fcc100/data/structures/681.cif,-0.07927113374999983,bulk,32,32,32.0,-0.052146005113660465,-0.02712512863633937,0.02712512863633937,-0.05169276686669785,-0.027578366883301987,0.027578366883301987,fit
682,/tmp/FeCoNiPdPt_CE_fc2lj8yk/FeCoNiPdPt_CE/fcc100/data/structures/682.cif,-0.008821218750000526,bulk,32,32,32.0,-0.00022041553212540435,-0.008600803217875121,0.008600803217875121,-0.0019104744700896119,-0.006910744279910914,0.006910744279910914,fit
683,/tmp/FeCoNiPdPt_CE_fc2lj8yk/FeCoNiPdPt_CE/fcc100/data/structures/683.cif,-0.06394224000000026,bulk,32,32,32.0,-0.04213462596941118,-0.021807614030589083,0.021807614030589083,-0.03964605242774045,-0.024296187572259813,0.024296187572259813,holdout
684,/tmp/FeCoNiPdPt_CE_fc2lj8yk/FeCoNiPdPt_CE/fcc100/data/structures/684.cif,-0.0686279587499996,bulk,32,32,32.0,-0.04808650807960957,-0.020541450670390038,0.020541450670390038,-0.04710314340819376,-0.02152481534180585,0.02152481534180585,fit
685,/tmp/FeCoNiPdPt_CE_fc2lj8yk/FeCoNiPdPt_CE/fcc100/data/structures/685.cif,-0.042032260000000043,bulk,32,32,32.0,-0.04295359162814789,0.0009213316281478437,0.0009213316281478437,-0.041069943059084194,-0.00096231694091585,0.00096231694091585,fit
686,/tmp/FeCoNiPdPt_CE_fc2lj8yk/FeCoNiPdPt_CE/fcc100/data/structures/686.cif,-0.030288324999999894,bulk,32,32,32.0,-0.02916889051139606,-0.0011194344886038335,0.0011194344886038335,-0.02695537497973631,-0.0033329500202635837,0.0033329500202635837,holdout
687,/tmp/FeCoNiPdPt_CE_fc2lj8yk/FeCoNiPdPt_CE/fcc100/data/structures/687.cif,-0.06749906874999922,bulk,32,32,32.0,-0.061775094038734595,-0.00572397471126463,0.00572397471126463,-0.06139606040556883,-0.006103008344430394,0.006103008344430394,fit
688,/tmp/FeCoNiPdPt_CE_fc2lj8yk/FeCoNiPdPt_CE/fcc100/data/structures/688.cif,-0.030709683749999606,bulk,32,32,32.0,-0.06591171620347602,0.03520203245347642,0.03520203245347642,-0.06415101973498259,0.03344133598498299,0.03344133598498299,fit
689,/tmp/FeCoNiPdPt_CE_fc2lj8yk/FeCoNiPdPt_CE/fcc100/data/structures/689.cif,-0.06376638374999999,bulk,32,32,32.0,-0.04750322520553882,-0.01626315854446117,0.01626315854446117,-0.047096706312251754,-0.016669677437748234,0.016669677437748234,fit
690,/tmp/FeCoNiPdPt_CE_fc2lj8yk/FeCoNiPdPt_CE/fcc100/data/structures/690.cif,-0.029319425937500476,bulk,32,32,32.0,-0.030245689885998354,0.0009262639484978775,0.0009262639484978775,-0.031258775427967254,0.0019393494904667782,0.0019393494904667782,fit
691,/tmp/FeCoNiPdPt_CE_fc2lj8yk/FeCoNiPdPt_CE/fcc100/data/structures/691.cif,-0.07358488406249997,bulk,32,32,32.0,-0.06006400120402646,-0.013520882858473506,0.013520882858473506,-0.05941934734317186,-0.014165536719328103,0.014165536719328103,fit
692,/tmp/FeCoNiPdPt_CE_fc2lj8yk/FeCoNiPdPt_CE/fcc100/data/structures/692.cif,-0.05529533656249974,bulk,32,32,32.0,-0.05393076137857494,-0.0013645751839247988,0.0013645751839247988,-0.054092456959866864,-0.001202879602632878,0.001202879602632878,fit
693,/tmp/FeCoNiPdPt_CE_fc2lj8yk/FeCoNiPdPt_CE/fcc100/data/structures/693.cif,-0.057879201562499816,bulk,32,32,32.0,-0.04481606814592807,-0.013063133416571747,0.013063133416571747,-0.0456967038761455,-0.012182497686354314,0.012182497686354314,fit
694,/tmp/FeCoNiPdPt_CE_fc2lj8yk/FeCoNiPdPt_CE/fcc100/data/structures/694.cif,-0.04278909312500012,bulk,32,32,32.0,-0.033016167722606404,-0.009772925402393717,0.009772925402393717,-0.03186436339316075,-0.010924729731839375,0.010924729731839375,fit
695,/tmp/FeCoNiPdPt_CE_fc2lj8yk/FeCoNiPdPt_CE/fcc100/data/structures/695.cif,-0.0347427678125003,bulk,32,32,32.0,-0.05462750921940779,0.01988474140690749,0.01988474140690749,-0.05473879774784847,0.019996029935348172,0.019996029935348172,fit
696,/tmp/FeCoNiPdPt_CE_fc2lj8yk/FeCoNiPdPt_CE/fcc100/data/structures/696.cif,-0.043008859687500234,bulk,32,32,32.0,-0.03761873010683846,-0.005390129580661776,0.005390129580661776,-0.03939944003422101,-0.003609419653279225,0.003609419653279225,fit
697,/tmp/FeCoNiPdPt_CE_fc2lj8yk/FeCoNiPdPt_CE/fcc100/data/structures/697.cif,-0.07277775906250028,bulk,32,32,32.0,-0.05760108422941493,-0.015176674833085352,0.015176674833085352,-0.05686641459889206,-0.015911344463608222,0.015911344463608222,fit
698,/tmp/FeCoNiPdPt_CE_fc2lj8yk/FeCoNiPdPt_CE/fcc100/data/structures/698.cif,-0.07242116312499913,bulk,32,32,32.0,-0.06206945427447072,-0.010351708850528413,0.010351708850528413,-0.06455393090719411,-0.007867232217805026,0.007867232217805026,fit
699,/tmp/FeCoNiPdPt_CE_fc2lj8yk/FeCoNiPdPt_CE/fcc100/data/structures/699.cif,-0.025824038125000115,bulk,32,32,32.0,-0.02346396236180031,-0.002360075763199805,0.002360075763199805,-0.02309134507635318,-0.002732693048646935,0.002732693048646935,holdout
700,/tmp/FeCoNiPdPt_CE_fc2lj8yk/FeCoNiPdPt_CE/fcc100/data/structures/700.cif,-0.06231256374999994,bulk,32,32,32.0,-0.03764260111319695,-0.02466996263680299,0.02466996263680299,-0.037605027337749626,-0.024707536412250312,0.024707536412250312,fit
701,/tmp/FeCoNiPdPt_CE_fc2lj8yk/FeCoNiPdPt_CE/fcc100/data/structures/701.cif,-0.05824917999999979,bulk,32,32,32.0,-0.058253086773556756,3.9067735569664475e-06,3.9067735569664475e-06,-0.0575765759258407,-0.0006726040741590888,0.0006726040741590888,fit
702,/tmp/FeCoNiPdPt_CE_fc2lj8yk/FeCoNiPdPt_CE/fcc100/data/structures/702.cif,-0.026484407499999918,bulk,32,32,32.0,-0.012462257173434377,-0.01402215032656554,0.01402215032656554,-0.012538261486041724,-0.013946146013958194,0.013946146013958194,holdout
703,/tmp/FeCoNiPdPt_CE_fc2lj8yk/FeCoNiPdPt_CE/fcc100/data/structures/703.cif,-0.04479633718749998,bulk,32,32,32.0,-0.017117096748098644,-0.027679240439401336,0.027679240439401336,-0.018518925867687608,-0.02627741131981237,0.02627741131981237,fit
704,/tmp/FeCoNiPdPt_CE_fc2lj8yk/FeCoNiPdPt_CE/fcc100/data/structures/704.cif,-0.05211550312500002,bulk,32,32,32.0,-0.04774139428530231,-0.004374108839697709,0.004374108839697709,-0.04739950978567457,-0.004715993339325444,0.004715993339325444,fit
705,/tmp/FeCoNiPdPt_CE_fc2lj8yk/FeCoNiPdPt_CE/fcc100/data/structures/705.cif,-0.04239962843749989,bulk,32,32,32.0,-0.0352985290205058,-0.007101099416994092,0.007101099416994092,-0.034908763808551665,-0.007490864628948227,0.007490864628948227,fit
706,/tmp/FeCoNiPdPt_CE_fc2lj8yk/FeCoNiPdPt_CE/fcc100/data/structures/706.cif,-0.03837224125000027,bulk,32,32,32.0,-0.04499453285322004,0.006622291603219768,0.006622291603219768,-0.04341200033817955,0.005039759088179281,0.005039759088179281,fit
707,/tmp/FeCoNiPdPt_CE_fc2lj8yk/FeCoNiPdPt_CE/fcc100/data/structures/707.cif,-0.07635380781249967,bulk,32,32,32.0,-0.0589662699154573,-0.017387537897042372,0.017387537897042372,-0.059163669939439015,-0.01719013787306066,0.01719013787306066,fit
708,/tmp/FeCoNiPdPt_CE_fc2lj8yk/FeCoNiPdPt_CE/fcc100/data/structures/708.cif,-0.03309029906249972,bulk,32,32,32.0,-0.037264354168724964,0.004174055106225247,0.004174055106225247,-0.03632126578423569,0.0032309667217359714,0.0032309667217359714,fit
709,/tmp/FeCoNiPdPt_CE_fc2lj8yk/FeCoNiPdPt_CE/fcc100/data/structures/709.cif,-0.059293023437499315,bulk,32,32,32.0,-0.044503473385693756,-0.014789550051805558,0.014789550051805558,-0.04390792258929726,-0.015385100848202056,0.015385100848202056,fit
710,/tmp/FeCoNiPdPt_CE_fc2lj8yk/FeCoNiPdPt_CE/fcc100/data/structures/710.cif,-0.06397139906249993,bulk,32,32,32.0,-0.05169810516749518,-0.012273293895004755,0.012273293895004755,-0.05150531726291391,-0.012466081799586026,0.012466081799586026,fit
711,/tmp/FeCoNiPdPt_CE_fc2lj8yk/FeCoNiPdPt_CE/fcc100/data/structures/711.cif,-0.0812391937500001,bulk,32,32,32.0,-0.06057165215573532,-0.020667541594264788,0.020667541594264788,-0.05977865772576185,-0.021460536024238253,0.021460536024238253,fit
712,/tmp/FeCoNiPdPt_CE_fc2lj8yk/FeCoNiPdPt_CE/fcc100/data/structures/712.cif,-0.06230928250000023,bulk,32,32,32.0,-0.04237743004416164,-0.01993185245583859,0.01993185245583859,-0.04184223798279644,-0.02046704451720379,0.02046704451720379,fit
713,/tmp/FeCoNiPdPt_CE_fc2lj8yk/FeCoNiPdPt_CE/fcc100/data/structures/713.cif,-0.06255706374999992,bulk,32,32,32.0,-0.053677541914168105,-0.008879521835831815,0.008879521835831815,-0.0541470024059423,-0.008410061344057619,0.008410061344057619,fit
714,/tmp/FeCoNiPdPt_CE_fc2lj8yk/FeCoNiPdPt_CE/fcc100/data/structures/714.cif,-0.08192066156250011,bulk,32,32,32.0,-0.07295757996118649,-0.008963081601313622,0.008963081601313622,-0.07309129064869362,-0.008829370913806492,0.008829370913806492,fit
715,/tmp/FeCoNiPdPt_CE_fc2lj8yk/FeCoNiPdPt_CE/fcc100/data/structures/715.cif,-0.04799130093750037,bulk,32,32,32.0,-0.052168179554872476,0.004176878617372107,0.004176878617372107,-0.05159155497540509,0.003600254037904718,0.003600254037904718,fit
716,/tmp/FeCoNiPdPt_CE_fc2lj8yk/FeCoNiPdPt_CE/fcc100/data/structures/716.cif,-0.002271762187500137,bulk,32,32,32.0,-0.024874062688946107,0.02260230050144597,0.02260230050144597,-0.024702789969450478,0.02243102778195034,0.02243102778195034,fit
717,/tmp/FeCoNiPdPt_CE_fc2lj8yk/FeCoNiPdPt_CE/fcc100/data/structures/717.cif,-0.020222994375000525,bulk,32,32,32.0,-0.03268522439532759,0.012462230020327064,0.012462230020327064,-0.032784826105621834,0.012561831730621309,0.012561831730621309,fit
718,/tmp/FeCoNiPdPt_CE_fc2lj8yk/FeCoNiPdPt_CE/fcc100/data/structures/718.cif,-0.04378105531249954,bulk,32,32,32.0,-0.059093128119704734,0.015312072807205195,0.015312072807205195,-0.05977591910551849,0.015994863793018947,0.015994863793018947,fit
719,/tmp/FeCoNiPdPt_CE_fc2lj8yk/FeCoNiPdPt_CE/fcc100/data/structures/719.cif,-0.040977811874999936,bulk,32,32,32.0,-0.04185079423568076,0.0008729823606808268,0.0008729823606808268,-0.043323117364928845,0.002345305489928909,0.002345305489928909,holdout
720,/tmp/FeCoNiPdPt_CE_fc2lj8yk/FeCoNiPdPt_CE/fcc100/data/structures/720.cif,-0.03961262562499979,bulk,32,32,32.0,-0.04411770994673074,0.004505084321730954,0.004505084321730954,-0.043777986844163376,0.004165361219163589,0.004165361219163589,fit
721,/tmp/FeCoNiPdPt_CE_fc2lj8yk/FeCoNiPdPt_CE/fcc100/data/structures/721.cif,-0.05599635312500073,bulk,32,32,32.0,-0.041390908011677045,-0.014605445113323685,0.014605445113323685,-0.04101957997235646,-0.014976773152644271,0.014976773152644271,fit
722,/tmp/FeCoNiPdPt_CE_fc2lj8yk/FeCoNiPdPt_CE/fcc100/data/structures/722.cif,-0.05081461187499947,bulk,32,32,32.0,-0.02010360943654036,-0.03071100243845911,0.03071100243845911,-0.017918743613974247,-0.032895868261025224,0.032895868261025224,fit
723,/tmp/FeCoNiPdPt_CE_fc2lj8yk/FeCoNiPdPt_CE/fcc100/data/structures/723.cif,-0.049960340624999766,bulk,32,32,32.0,-0.03972801199376479,-0.010232328631234973,0.010232328631234973,-0.04206454212241714,-0.007895798502582624,0.007895798502582624,fit
724,/tmp/FeCoNiPdPt_CE_fc2lj8yk/FeCoNiPdPt_CE/fcc100/data/structures/724.cif,-0.0678088396874994,bulk,32,32,32.0,-0.06464731356299713,-0.0031615261245022674,0.0031615261245022674,-0.06882798936876632,0.0010191496812669149,0.0010191496812669149,fit
725,/tmp/FeCoNiPdPt_CE_fc2lj8yk/FeCoNiPdPt_CE/fcc100/data/structures/725.cif,-0.044365949375000824,bulk,32,32,32.0,-0.041132175766552564,-0.0032337736084482593,0.0032337736084482593,-0.03919892329848846,-0.005167026076512364,0.005167026076512364,holdout
726,/tmp/FeCoNiPdPt_CE_fc2lj8yk/FeCoNiPdPt_CE/fcc100/data/structures/726.cif,-0.0033618268749995295,bulk,32,32,32.0,-0.00468415026126762,0.0013223233862680907,0.0013223233862680907,-0.004759752963712276,0.0013979260887127462,0.0013979260887127462,fit
727,/tmp/FeCoNiPdPt_CE_fc2lj8yk/FeCoNiPdPt_CE/fcc100/data/structures/727.cif,-0.0639681353124999,bulk,32,32,32.0,-0.04082646461378232,-0.023141670698717573,0.023141670698717573,-0.03812185611366481,-0.025846279198835087,0.025846279198835087,holdout
728,/tmp/FeCoNiPdPt_CE_fc2lj8yk/FeCoNiPdPt_CE/fcc100/data/structures/728.cif,-0.04504191562499926,bulk,32,32,32.0,-0.03425001121758873,-0.010791904407410534,0.010791904407410534,-0.03508265970632174,-0.009959255918677523,0.009959255918677523,fit
729,/tmp/FeCoNiPdPt_CE_fc2lj8yk/FeCoNiPdPt_CE/fcc100/data/structures/729.cif,-0.043118277187500276,bulk,32,32,32.0,-0.04765583035307212,0.004537553165571848,0.004537553165571848,-0.047959963334708124,0.004841686147207848,0.004841686147207848,holdout
730,/tmp/FeCoNiPdPt_CE_fc2lj8yk/FeCoNiPdPt_CE/fcc100/data/structures/730.cif,-0.044179660312500424,bulk,32,32,32.0,-0.032065062875222206,-0.012114597437278218,0.012114597437278218,-0.03297044352026997,-0.011209216792230456,0.011209216792230456,fit
731,/tmp/FeCoNiPdPt_CE_fc2lj8yk/FeCoNiPdPt_CE/fcc100/data/structures/731.cif,-0.05539343187500023,bulk,32,32,32.0,-0.032345331871976815,-0.023048100003023417,0.023048100003023417,-0.03168413441777006,-0.023709297457230175,0.023709297457230175,fit
732,/tmp/FeCoNiPdPt_CE_fc2lj8yk/FeCoNiPdPt_CE/fcc100/data/structures/732.cif,-0.03968902031250021,bulk,32,32,32.0,-0.01967077623164965,-0.020018244080850563,0.020018244080850563,-0.017932022307153357,-0.021756998005346855,0.021756998005346855,fit
733,/tmp/FeCoNiPdPt_CE_fc2lj8yk/FeCoNiPdPt_CE/fcc100/data/structures/733.cif,0.007390179687500442,bulk,32,32,32.0,-0.0016795251552386937,0.009069704842739137,0.009069704842739137,-0.00233312128545142,0.009723300972951862,0.009723300972951862,fit
734,/tmp/FeCoNiPdPt_CE_fc2lj8yk/FeCoNiPdPt_CE/fcc100/data/structures/734.cif,-0.06111684343749957,bulk,32,32,32.0,-0.04094048277467847,-0.0201763606628211,0.0201763606628211,-0.04064707118219882,-0.02046977225530075,0.02046977225530075,fit
735,/tmp/FeCoNiPdPt_CE_fc2lj8yk/FeCoNiPdPt_CE/fcc100/data/structures/735.cif,0.006497590937500242,bulk,32,32,32.0,-0.039513267196510424,0.046010858134010665,0.046010858134010665,-0.040047039861072956,0.0465446307985732,0.0465446307985732,fit
736,/tmp/FeCoNiPdPt_CE_fc2lj8yk/FeCoNiPdPt_CE/fcc100/data/structures/736.cif,-0.05263121593750064,bulk,32,32,32.0,-0.04298465492717084,-0.009646561010329804,0.009646561010329804,-0.04447096880458634,-0.0081602471329143,0.0081602471329143,fit
737,/tmp/FeCoNiPdPt_CE_fc2lj8yk/FeCoNiPdPt_CE/fcc100/data/structures/737.cif,-0.038834322812500766,bulk,32,32,32.0,-0.036354566855478276,-0.002479755957022489,0.002479755957022489,-0.037855188865247504,-0.000979133947253262,0.000979133947253262,fit
738,/tmp/FeCoNiPdPt_CE_fc2lj8yk/FeCoNiPdPt_CE/fcc100/data/structures/738.cif,-0.05428342031250022,bulk,32,32,32.0,-0.032396602334121574,-0.021886817978378645,0.021886817978378645,-0.0304047647259838,-0.023878655586516417,0.023878655586516417,holdout
739,/tmp/FeCoNiPdPt_CE_fc2lj8yk/FeCoNiPdPt_CE/fcc100/data/structures/739.cif,-0.06404112156250008,bulk,32,32,32.0,-0.06753145749823973,0.0034903359357396496,0.0034903359357396496,-0.06796843575784488,0.003927314195344797,0.003927314195344797,fit
740,/tmp/FeCoNiPdPt_CE_fc2lj8yk/FeCoNiPdPt_CE/fcc100/data/structures/740.cif,0.009935785937499553,bulk,32,32,32.0,0.01002044510959177,-8.465917209221803e-05,8.465917209221803e-05,0.01271331657240677,-0.0027775306349072174,0.0027775306349072174,fit
741,/tmp/FeCoNiPdPt_CE_fc2lj8yk/FeCoNiPdPt_CE/fcc100/data/structures/741.cif,-0.07388760750000056,bulk,32,32,32.0,-0.07400513597424953,0.00011752847424896518,0.00011752847424896518,-0.07472114655946241,0.0008335390594618464,0.0008335390594618464,fit
742,/tmp/FeCoNiPdPt_CE_fc2lj8yk/FeCoNiPdPt_CE/fcc100/data/structures/742.cif,-0.0592593128125003,bulk,32,32,32.0,-0.06190594850443602,0.0026466356919357253,0.0026466356919357253,-0.06183376276509889,0.0025744499525985898,0.0025744499525985898,fit
743,/tmp/FeCoNiPdPt_CE_fc2lj8yk/FeCoNiPdPt_CE/fcc100/data/structures/743.cif,-0.03606223781249973,bulk,32,32,32.0,-0.02620103380343517,-0.00986120400906456,0.00986120400906456,-0.026197005009686216,-0.009865232802813515,0.009865232802813515,fit
744,/tmp/FeCoNiPdPt_CE_fc2lj8yk/FeCoNiPdPt_CE/fcc100/data/structures/744.cif,-0.07679264218749982,bulk,32,32,32.0,-0.0588985286352173,-0.017894113552282515,0.017894113552282515,-0.056966042870270316,-0.0198265993172295,0.0198265993172295,fit
745,/tmp/FeCoNiPdPt_CE_fc2lj8yk/FeCoNiPdPt_CE/fcc100/data/structures/745.cif,-0.021308472187500094,bulk,32,32,32.0,-0.02716389191789843,0.005855419730398336,0.005855419730398336,-0.026636335333063366,0.005327863145563272,0.005327863145563272,fit
746,/tmp/FeCoNiPdPt_CE_fc2lj8yk/FeCoNiPdPt_CE/fcc100/data/structures/746.cif,-0.02655504843749945,bulk,32,32,32.0,-0.047495681748544946,0.020940633311045495,0.020940633311045495,-0.044327604198774295,0.017772555761274844,0.017772555761274844,fit
747,/tmp/FeCoNiPdPt_CE_fc2lj8yk/FeCoNiPdPt_CE/fcc100/data/structures/747.cif,-0.08207592124999952,bulk,32,32,32.0,-0.056633552469513626,-0.02544236878048589,0.02544236878048589,-0.052848783172763994,-0.029227138077235523,0.029227138077235523,holdout
748,/tmp/FeCoNiPdPt_CE_fc2lj8yk/FeCoNiPdPt_CE/fcc100/data/structures/748.cif,0.010405969062499132,bulk,32,32,32.0,-0.013161095955478819,0.02356706501797795,0.02356706501797795,-0.010518126700484022,0.020924095762983153,0.020924095762983153,fit
749,/tmp/FeCoNiPdPt_CE_fc2lj8yk/FeCoNiPdPt_CE/fcc100/data/structures/749.cif,-0.04257816343749976,bulk,32,32,32.0,-0.04021726000669315,-0.00236090343080661,0.00236090343080661,-0.038918040804620836,-0.0036601226328789246,0.0036601226328789246,fit
750,/tmp/FeCoNiPdPt_CE_fc2lj8yk/FeCoNiPdPt_CE/fcc100/data/structures/750.cif,-0.02673698781249989,bulk,32,32,32.0,-0.029683986071004507,0.0029469982585046163,0.0029469982585046163,-0.029479343165750113,0.0027423553532502226,0.0027423553532502226,fit
751,/tmp/FeCoNiPdPt_CE_fc2lj8yk/FeCoNiPdPt_CE/fcc100/data/structures/751.cif,-0.0687527218749997,bulk,32,32,32.0,-0.0678183509294962,-0.0009343709455034988,0.0009343709455034988,-0.06756831146846504,-0.001184410406534664,0.001184410406534664,fit
752,/tmp/FeCoNiPdPt_CE_fc2lj8yk/FeCoNiPdPt_CE/fcc100/data/structures/752.cif,-0.062447670000000066,bulk,32,32,32.0,-0.05289014153804472,-0.009557528461955345,0.009557528461955345,-0.05256299860915918,-0.009884671390840885,0.009884671390840885,fit
753,/tmp/FeCoNiPdPt_CE_fc2lj8yk/FeCoNiPdPt_CE/fcc100/data/structures/753.cif,-0.051734370937499996,bulk,32,32,32.0,-0.03536459746986448,-0.016369773467635518,0.016369773467635518,-0.03452090857713226,-0.017213462360367734,0.017213462360367734,fit
754,/tmp/FeCoNiPdPt_CE_fc2lj8yk/FeCoNiPdPt_CE/fcc100/data/structures/754.cif,-0.05324602218749952,bulk,32,32,32.0,-0.03351584159389334,-0.019730180593606178,0.019730180593606178,-0.03301507341526955,-0.020230948772229973,0.020230948772229973,fit
755,/tmp/FeCoNiPdPt_CE_fc2lj8yk/FeCoNiPdPt_CE/fcc100/data/structures/755.cif,-0.07200842812499975,bulk,32,32,32.0,-0.055716728643281616,-0.01629169948171813,0.01629169948171813,-0.05470576688563705,-0.017302661239362693,0.017302661239362693,fit
756,/tmp/FeCoNiPdPt_CE_fc2lj8yk/FeCoNiPdPt_CE/fcc100/data/structures/756.cif,-0.04253630281250054,bulk,32,32,32.0,-0.044677323244949385,0.002141020432448848,0.002141020432448848,-0.044203637930388506,0.0016673351178879692,0.0016673351178879692,fit
757,/tmp/FeCoNiPdPt_CE_fc2lj8yk/FeCoNiPdPt_CE/fcc100/data/structures/757.cif,-0.04500720375,bulk,32,32,32.0,-0.03555886409463038,-0.00944833965536962,0.00944833965536962,-0.03602028513302993,-0.008986918616970069,0.008986918616970069,fit
758,/tmp/FeCoNiPdPt_CE_fc2lj8yk/FeCoNiPdPt_CE/fcc100/data/structures/758.cif,0.07399637093749956,bulk,32,32,32.0,0.01444240072085212,0.059553970216647434,0.059553970216647434,0.013845757522504476,0.06015061341499508,0.06015061341499508,fit
759,/tmp/FeCoNiPdPt_CE_fc2lj8yk/FeCoNiPdPt_CE/fcc100/data/structures/759.cif,-0.023870402500000942,bulk,32,32,32.0,-0.02811810754675332,0.004247705046752377,0.004247705046752377,-0.028721047577464926,0.004850645077463984,0.004850645077463984,fit
760,/tmp/FeCoNiPdPt_CE_fc2lj8yk/FeCoNiPdPt_CE/fcc100/data/structures/760.cif,-0.03699746218750022,bulk,32,32,32.0,-0.038825469592986925,0.0018280074054867063,0.0018280074054867063,-0.039886352961291296,0.002888890773791078,0.002888890773791078,fit
761,/tmp/FeCoNiPdPt_CE_fc2lj8yk/FeCoNiPdPt_CE/fcc100/data/structures/761.cif,-0.043574471874999965,bulk,32,32,32.0,-0.03938880103770913,-0.004185670837290836,0.004185670837290836,-0.03760252921320176,-0.005971942661798207,0.005971942661798207,fit
762,/tmp/FeCoNiPdPt_CE_fc2lj8yk/FeCoNiPdPt_CE/fcc100/data/structures/762.cif,-0.013022421875000134,bulk,32,32,32.0,-0.015702770899626566,0.0026803490246264314,0.0026803490246264314,-0.014350965844706957,0.0013285439697068233,0.0013285439697068233,fit
763,/tmp/FeCoNiPdPt_CE_fc2lj8yk/FeCoNiPdPt_CE/fcc100/data/structures/763.cif,-0.07663322468749989,bulk,32,32,32.0,-0.06573582680952349,-0.010897397877976403,0.010897397877976403,-0.06545730323335625,-0.011175921454143645,0.011175921454143645,holdout
764,/tmp/FeCoNiPdPt_CE_fc2lj8yk/FeCoNiPdPt_CE/fcc100/data/structures/764.cif,-0.07139054624999996,bulk,32,32,32.0,-0.06045936127641775,-0.010931184973582211,0.010931184973582211,-0.06054915919535578,-0.010841387054644186,0.010841387054644186,fit
765,/tmp/FeCoNiPdPt_CE_fc2lj8yk/FeCoNiPdPt_CE/fcc100/data/structures/765.cif,0.0303034499999999,bulk,32,32,32.0,-0.007848816504300703,0.038152266504300605,0.038152266504300605,-0.008428184666666906,0.038731634666666806,0.038731634666666806,fit
766,/tmp/FeCoNiPdPt_CE_fc2lj8yk/FeCoNiPdPt_CE/fcc100/data/structures/766.cif,0.01946641437499963,bulk,32,32,32.0,-0.03085735419296806,0.05032376856796769,0.05032376856796769,-0.031345213557869595,0.050811627932869224,0.050811627932869224,fit
767,/tmp/FeCoNiPdPt_CE_fc2lj8yk/FeCoNiPdPt_CE/fcc100/data/structures/767.cif,-0.007856585625000356,bulk,32,32,32.0,-0.01984156355683586,0.011984977931835505,0.011984977931835505,-0.01845581982758807,0.010599234202587713,0.010599234202587713,fit
768,/tmp/FeCoNiPdPt_CE_fc2lj8yk/FeCoNiPdPt_CE/fcc100/data/structures/768.cif,-0.06906657718750076,bulk,32,32,32.0,-0.0634728731229659,-0.005593704064534855,0.005593704064534855,-0.06281411844809832,-0.006252458739402431,0.006252458739402431,fit
769,/tmp/FeCoNiPdPt_CE_fc2lj8yk/FeCoNiPdPt_CE/fcc100/data/structures/769.cif,-0.0689737115625002,bulk,32,32,32.0,-0.04363816660501668,-0.025335544957483525,0.025335544957483525,-0.04208607989000254,-0.026887631672497664,0.026887631672497664,holdout
770,/tmp/FeCoNiPdPt_CE_fc2lj8yk/FeCoNiPdPt_CE/fcc100/data/structures/770.cif,-0.047787377812499976,bulk,32,32,32.0,-0.03221165139119724,-0.015575726421302734,0.015575726421302734,-0.030009328137238365,-0.01777804967526161,0.01777804967526161,fit
771,/tmp/FeCoNiPdPt_CE_fc2lj8yk/FeCoNiPdPt_CE/fcc100/data/structures/771.cif,-0.05664451562499995,bulk,32,32,32.0,-0.04372861034423693,-0.012915905280763015,0.012915905280763015,-0.043343783569174454,-0.013300732055825493,0.013300732055825493,fit
772,/tmp/FeCoNiPdPt_CE_fc2lj8yk/FeCoNiPdPt_CE/fcc100/data/structures/772.cif,-0.06847412312500012,bulk,32,32,32.0,-0.07415444008840735,0.005680316963407234,0.005680316963407234,-0.07686500169948299,0.008390878574482868,0.008390878574482868,holdout
773,/tmp/FeCoNiPdPt_CE_fc2lj8yk/FeCoNiPdPt_CE/fcc100/data/structures/773.cif,-0.05308089468749966,bulk,32,32,32.0,-0.03304797885320041,-0.020032915834299246,0.020032915834299246,-0.029367507109427805,-0.023713387578071853,0.023713387578071853,fit
774,/tmp/FeCoNiPdPt_CE_fc2lj8yk/FeCoNiPdPt_CE/fcc100/data/structures/774.cif,-0.05139646187500002,bulk,32,32,32.0,-0.0621152830302538,0.010718821155253778,0.010718821155253778,-0.06092495428899177,0.00952849241399175,0.00952849241399175,fit
775,/tmp/FeCoNiPdPt_CE_fc2lj8yk/FeCoNiPdPt_CE/fcc100/data/structures/775.cif,-0.0685948090624997,bulk,32,32,32.0,-0.04927893992195215,-0.01931586914054756,0.01931586914054756,-0.047941113033590305,-0.020653696028909402,0.020653696028909402,holdout
776,/tmp/FeCoNiPdPt_CE_fc2lj8yk/FeCoNiPdPt_CE/fcc100/data/structures/776.cif,-0.0704494206249997,bulk,32,32,32.0,-0.0692466026789406,-0.001202817946059101,0.001202817946059101,-0.06956548280092745,-0.0008839378240722562,0.0008839378240722562,holdout
777,/tmp/FeCoNiPdPt_CE_fc2lj8yk/FeCoNiPdPt_CE/fcc100/data/structures/777.cif,-0.029791935937499403,bulk,32,32,32.0,-0.025341770252730676,-0.004450165684768727,0.004450165684768727,-0.023846838284081198,-0.005945097653418205,0.005945097653418205,fit
778,/tmp/FeCoNiPdPt_CE_fc2lj8yk/FeCoNiPdPt_CE/fcc100/data/structures/778.cif,-0.059410134999999364,bulk,32,32,32.0,-0.06260633610686521,0.0031962011068658452,0.0031962011068658452,-0.06374857751828693,0.0043384425182875636,0.0043384425182875636,fit
779,/tmp/FeCoNiPdPt_CE_fc2lj8yk/FeCoNiPdPt_CE/fcc100/data/structures/779.cif,0.0005123843749998969,bulk,32,32,32.0,-0.006030803486569173,0.00654318786156907,0.00654318786156907,-0.008376497277124865,0.008888881652124762,0.008888881652124762,holdout
780,/tmp/FeCoNiPdPt_CE_fc2lj8yk/FeCoNiPdPt_CE/fcc100/data/structures/780.cif,-0.08648557968750037,bulk,32,32,32.0,-0.05452515564447829,-0.03196042404302208,0.03196042404302208,-0.052988193600490785,-0.033497386087009584,0.033497386087009584,fit
781,/tmp/FeCoNiPdPt_CE_fc2lj8yk/FeCoNiPdPt_CE/fcc100/data/structures/781.cif,-0.03862445437500028,bulk,32,32,32.0,-0.042283939768196444,0.00365948539319616,0.00365948539319616,-0.04218913808083298,0.003564683705832697,0.003564683705832697,fit
782,/tmp/FeCoNiPdPt_CE_fc2lj8yk/FeCoNiPdPt_CE/fcc100/data/structures/782.cif,-0.0380650337499997,bulk,32,32,32.0,-0.03581855501147964,-0.0022464787385200607,0.0022464787385200607,-0.03550686382759665,-0.002558169922403049,0.002558169922403049,fit
783,/tmp/FeCoNiPdPt_CE_fc2lj8yk/FeCoNiPdPt_CE/fcc100/data/structures/783.cif,-0.0462846665625003,bulk,32,32,32.0,-0.04580885032012991,-0.00047581624237039155,0.00047581624237039155,-0.04301261535419236,-0.0032720512083079384,0.0032720512083079384,fit
784,/tmp/FeCoNiPdPt_CE_fc2lj8yk/FeCoNiPdPt_CE/fcc100/data/structures/784.cif,-0.0470275637499995,bulk,32,32,32.0,-0.04754006036560154,0.0005124966156020358,0.0005124966156020358,-0.048740034614297725,0.001712470864298224,0.001712470864298224,fit
785,/tmp/FeCoNiPdPt_CE_fc2lj8yk/FeCoNiPdPt_CE/fcc100/data/structures/785.cif,-0.059173155312500114,bulk,32,32,32.0,-0.03837841919709551,-0.020794736115404604,0.020794736115404604,-0.03859895437107576,-0.020574200941424356,0.020574200941424356,fit
786,/tmp/FeCoNiPdPt_CE_fc2lj8yk/FeCoNiPdPt_CE/fcc100/data/structures/786.cif,-0.07756977281250066,bulk,32,32,32.0,-0.03733700785031292,-0.040232764962187736,0.040232764962187736,-0.036848579523988075,-0.040721193288512585,0.040721193288512585,fit
787,/tmp/FeCoNiPdPt_CE_fc2lj8yk/FeCoNiPdPt_CE/fcc100/data/structures/787.cif,-0.007099579999999328,bulk,32,32,32.0,-0.013701466757713802,0.006601886757714474,0.006601886757714474,-0.013916908496730811,0.006817328496731483,0.006817328496731483,fit
788,/tmp/FeCoNiPdPt_CE_fc2lj8yk/FeCoNiPdPt_CE/fcc100/data/structures/788.cif,-0.04151911437500022,bulk,32,32,32.0,-0.024623981710686346,-0.016895132664313875,0.016895132664313875,-0.023213685258439684,-0.018305429116560537,0.018305429116560537,fit
789,/tmp/FeCoNiPdPt_CE_fc2lj8yk/FeCoNiPdPt_CE/fcc100/data/structures/789.cif,-0.046502238124999984,bulk,32,32,32.0,-0.04634850251778427,-0.00015373560721571727,0.00015373560721571727,-0.04648254737170181,-1.96907532981766e-05,1.96907532981766e-05,fit
790,/tmp/FeCoNiPdPt_CE_fc2lj8yk/FeCoNiPdPt_CE/fcc100/data/structures/790.cif,-0.02760548437499999,bulk,32,32,32.0,-0.04466444699537636,0.017058962620376372,0.017058962620376372,-0.0430409613642088,0.015435476989208809,0.015435476989208809,fit
791,/tmp/FeCoNiPdPt_CE_fc2lj8yk/FeCoNiPdPt_CE/fcc100/data/structures/791.cif,-0.07035915750000044,bulk,32,32,32.0,-0.05849655866929247,-0.011862598830707963,0.011862598830707963,-0.05564949326261227,-0.014709664237388169,0.014709664237388169,holdout
792,/tmp/FeCoNiPdPt_CE_fc2lj8yk/FeCoNiPdPt_CE/fcc100/data/structures/792.cif,-0.06133341312500029,bulk,32,32,32.0,-0.03533055647152568,-0.026002856653474613,0.026002856653474613,-0.03538957132735295,-0.02594384179764734,0.02594384179764734,fit
793,/tmp/FeCoNiPdPt_CE_fc2lj8yk/FeCoNiPdPt_CE/fcc100/data/structures/793.cif,-0.09042893968749954,bulk,32,32,32.0,-0.07521663402509096,-0.015212305662408582,0.015212305662408582,-0.07360943325117889,-0.016819506436320658,0.016819506436320658,fit
794,/tmp/FeCoNiPdPt_CE_fc2lj8yk/FeCoNiPdPt_CE/fcc100/data/structures/794.cif,-0.05811737124999983,bulk,32,32,32.0,-0.04910453406051224,-0.009012837189487588,0.009012837189487588,-0.049712270577232334,-0.008405100672767493,0.008405100672767493,fit
795,/tmp/FeCoNiPdPt_CE_fc2lj8yk/FeCoNiPdPt_CE/fcc100/data/structures/795.cif,-0.008740671562500246,bulk,32,32,32.0,-0.01885021325472304,0.010109541692222793,0.010109541692222793,-0.017348766411905064,0.008608094849404817,0.008608094849404817,fit
796,/tmp/FeCoNiPdPt_CE_fc2lj8yk/FeCoNiPdPt_CE/fcc100/data/structures/796.cif,0.041315103437499445,bulk,32,32,32.0,-0.07737681685177333,0.11869192028927278,0.11869192028927278,-0.07728886755166153,0.11860397098916098,0.11860397098916098,fit
797,/tmp/FeCoNiPdPt_CE_fc2lj8yk/FeCoNiPdPt_CE/fcc100/data/structures/797.cif,-0.05864000812499981,bulk,32,32,32.0,-0.05155440206788799,-0.0070856060571118165,0.0070856060571118165,-0.05229920908683698,-0.006340799038162828,0.006340799038162828,fit
798,/tmp/FeCoNiPdPt_CE_fc2lj8yk/FeCoNiPdPt_CE/fcc100/data/structures/798.cif,-0.08529763656250022,bulk,32,32,32.0,-0.06954755238765763,-0.015750084174842596,0.015750084174842596,-0.07084835566275843,-0.01444928089974179,0.01444928089974179,fit
799,/tmp/FeCoNiPdPt_CE_fc2lj8yk/FeCoNiPdPt_CE/fcc100/data/structures/799.cif,-0.020281250937499884,bulk,32,32,32.0,-0.03602050981306985,0.015739258875569963,0.015739258875569963,-0.035146510230251046,0.014865259292751162,0.014865259292751162,fit
800,/tmp/FeCoNiPdPt_CE_fc2lj8yk/FeCoNiPdPt_CE/fcc100/data/structures/800.cif,0.04237342656249954,bulk,32,32,32.0,0.013853521499979617,0.02851990506251992,0.02851990506251992,0.017641687522626362,0.024731739039873177,0.024731739039873177,fit
801,/tmp/FeCoNiPdPt_CE_fc2lj8yk/FeCoNiPdPt_CE/fcc100/data/structures/801.cif,-0.08000182906249975,bulk,32,32,32.0,-0.06650466053206117,-0.013497168530438586,0.013497168530438586,-0.06782556625311162,-0.012176262809388133,0.012176262809388133,fit
802,/tmp/FeCoNiPdPt_CE_fc2lj8yk/FeCoNiPdPt_CE/fcc100/data/structures/802.cif,-0.025365638124999812,bulk,32,32,32.0,-0.06266748549847047,0.037301847373470656,0.037301847373470656,-0.060401385024190374,0.03503574689919056,0.03503574689919056,fit
803,/tmp/FeCoNiPdPt_CE_fc2lj8yk/FeCoNiPdPt_CE/fcc100/data/structures/803.cif,-0.013246035937500622,bulk,32,32,32.0,-0.0040261229519074175,-0.009219912985593205,0.009219912985593205,-0.005256473155492991,-0.007989562782007631,0.007989562782007631,fit
804,/tmp/FeCoNiPdPt_CE_fc2lj8yk/FeCoNiPdPt_CE/fcc100/data/structures/804.cif,-0.001433085625000885,bulk,32,32,32.0,0.010236422613078737,-0.011669508238079622,0.011669508238079622,0.010785383847657766,-0.012218469472658651,0.012218469472658651,holdout
805,/tmp/FeCoNiPdPt_CE_fc2lj8yk/FeCoNiPdPt_CE/fcc100/data/structures/805.cif,-0.03632631843750023,bulk,32,32,32.0,-0.03651997803776534,0.0001936596002651142,0.0001936596002651142,-0.03627111328609407,-5.520515140615412e-05,5.520515140615412e-05,holdout
806,/tmp/FeCoNiPdPt_CE_fc2lj8yk/FeCoNiPdPt_CE/fcc100/data/structures/806.cif,-0.03062611593750031,bulk,32,32,32.0,-0.02067468862148189,-0.009951427316018419,0.009951427316018419,-0.020169066037950524,-0.010457049899549785,0.010457049899549785,fit
807,/tmp/FeCoNiPdPt_CE_fc2lj8yk/FeCoNiPdPt_CE/fcc100/data/structures/807.cif,-0.07431715562499974,bulk,32,32,32.0,-0.050152814964590495,-0.024164340660409248,0.024164340660409248,-0.04872404727031325,-0.025593108354686492,0.025593108354686492,fit
808,/tmp/FeCoNiPdPt_CE_fc2lj8yk/FeCoNiPdPt_CE/fcc100/data/structures/808.cif,-0.06616730843750052,bulk,32,32,32.0,-0.047196659560179946,-0.01897064887732057,0.01897064887732057,-0.048049738731059506,-0.01811756970644101,0.01811756970644101,fit
809,/tmp/FeCoNiPdPt_CE_fc2lj8yk/FeCoNiPdPt_CE/fcc100/data/structures/809.cif,-0.04499583312499933,bulk,32,32,32.0,-0.05296802992543001,0.007972196800430681,0.007972196800430681,-0.052982086741522376,0.007986253616523047,0.007986253616523047,fit
810,/tmp/FeCoNiPdPt_CE_fc2lj8yk/FeCoNiPdPt_CE/fcc100/data/structures/810.cif,-0.060993158749999665,bulk,32,32,32.0,-0.0528514209023741,-0.008141737847625563,0.008141737847625563,-0.0515612639744105,-0.009431894775589166,0.009431894775589166,fit
811,/tmp/FeCoNiPdPt_CE_fc2lj8yk/FeCoNiPdPt_CE/fcc100/data/structures/811.cif,-0.06191176031250034,bulk,32,32,32.0,-0.04888734183565083,-0.013024418476849514,0.013024418476849514,-0.04849629861579312,-0.013415461696707223,0.013415461696707223,fit
812,/tmp/FeCoNiPdPt_CE_fc2lj8yk/FeCoNiPdPt_CE/fcc100/data/structures/812.cif,0.15477429124999986,bulk,32,32,32.0,-0.02252771544866594,0.1773020066986658,0.1773020066986658,-0.021739685638519808,0.17651397688851966,0.17651397688851966,fit
813,/tmp/FeCoNiPdPt_CE_fc2lj8yk/FeCoNiPdPt_CE/fcc100/data/structures/813.cif,-0.014380110624999887,bulk,32,32,32.0,-0.038195897306863694,0.023815786681863807,0.023815786681863807,-0.03831715950092763,0.023937048875927742,0.023937048875927742,fit
814,/tmp/FeCoNiPdPt_CE_fc2lj8yk/FeCoNiPdPt_CE/fcc100/data/structures/814.cif,-0.0715752790624995,bulk,32,32,32.0,-0.05937064178089168,-0.012204637281607818,0.012204637281607818,-0.058969863736798404,-0.012605415325701093,0.012605415325701093,fit
815,/tmp/FeCoNiPdPt_CE_fc2lj8yk/FeCoNiPdPt_CE/fcc100/data/structures/815.cif,-0.04459524062500009,bulk,32,32,32.0,-0.02906900105853306,-0.015526239566467027,0.015526239566467027,-0.02751135015841654,-0.017083890466583547,0.017083890466583547,holdout
816,/tmp/FeCoNiPdPt_CE_fc2lj8yk/FeCoNiPdPt_CE/fcc100/data/structures/816.cif,-0.06320645281249959,bulk,32,32,32.0,-0.051513351256866395,-0.011693101555633197,0.011693101555633197,-0.051039552002616645,-0.012166900809882947,0.012166900809882947,fit
817,/tmp/FeCoNiPdPt_CE_fc2lj8yk/FeCoNiPdPt_CE/fcc100/data/structures/817.cif,-0.09263105437500041,bulk,32,32,32.0,-0.08730073160537612,-0.005330322769624293,0.005330322769624293,-0.085737159719225,-0.006893894655775404,0.006893894655775404,fit
818,/tmp/FeCoNiPdPt_CE_fc2lj8yk/FeCoNiPdPt_CE/fcc100/data/structures/818.cif,-0.05239284625000007,bulk,32,32,32.0,-0.051812006103286554,-0.0005808401467135155,0.0005808401467135155,-0.05177156148614811,-0.0006212847638519606,0.0006212847638519606,fit
819,/tmp/FeCoNiPdPt_CE_fc2lj8yk/FeCoNiPdPt_CE/fcc100/data/structures/819.cif,-0.06464435343750008,bulk,32,32,32.0,-0.0514508783618646,-0.01319347507563548,0.01319347507563548,-0.050413138164949835,-0.014231215272550245,0.014231215272550245,fit
820,/tmp/FeCoNiPdPt_CE_fc2lj8yk/FeCoNiPdPt_CE/fcc100/data/structures/820.cif,-0.07897407874999995,bulk,32,32,32.0,-0.06343569684318105,-0.015538381906818902,0.015538381906818902,-0.06343405232516214,-0.015540026424837816,0.015540026424837816,fit
821,/tmp/FeCoNiPdPt_CE_fc2lj8yk/FeCoNiPdPt_CE/fcc100/data/structures/821.cif,-0.07546828593749932,bulk,32,32,32.0,-0.05775953883746387,-0.017708747100035456,0.017708747100035456,-0.05674762965330555,-0.018720656284193775,0.018720656284193775,fit
822,/tmp/FeCoNiPdPt_CE_fc2lj8yk/FeCoNiPdPt_CE/fcc100/data/structures/822.cif,-0.02034656468750029,bulk,32,32,32.0,-0.022059639225768278,0.0017130745382679877,0.0017130745382679877,-0.019277776843223317,-0.0010687878442769728,0.0010687878442769728,fit
823,/tmp/FeCoNiPdPt_CE_fc2lj8yk/FeCoNiPdPt_CE/fcc100/data/structures/823.cif,-0.0660472881249996,bulk,32,32,32.0,-0.05752608115943254,-0.00852120696556706,0.00852120696556706,-0.05586083273397614,-0.01018645539102346,0.01018645539102346,fit
824,/tmp/FeCoNiPdPt_CE_fc2lj8yk/FeCoNiPdPt_CE/fcc100/data/structures/824.cif,-0.05965807249999955,bulk,32,32,32.0,-0.0638699055399557,0.004211833039956148,0.004211833039956148,-0.06301178423485522,0.0033537117348556716,0.0033537117348556716,fit
825,/tmp/FeCoNiPdPt_CE_fc2lj8yk/FeCoNiPdPt_CE/fcc100/data/structures/825.cif,-0.06492661124999977,bulk,32,32,32.0,-0.05968519097303011,-0.005241420276969659,0.005241420276969659,-0.058003994722628294,-0.006922616527371472,0.006922616527371472,fit
826,/tmp/FeCoNiPdPt_CE_fc2lj8yk/FeCoNiPdPt_CE/fcc100/data/structures/826.cif,-0.0602731387500004,bulk,32,32,32.0,-0.034785832757424105,-0.025487305992576294,0.025487305992576294,-0.03446331767010035,-0.02580982107990005,0.02580982107990005,fit
827,/tmp/FeCoNiPdPt_CE_fc2lj8yk/FeCoNiPdPt_CE/fcc100/data/structures/827.cif,-0.009180973437500128,bulk,32,32,32.0,0.0034683693647253678,-0.012649342802225495,0.012649342802225495,0.0039017452040288007,-0.013082718641528929,0.013082718641528929,fit
828,/tmp/FeCoNiPdPt_CE_fc2lj8yk/FeCoNiPdPt_CE/fcc100/data/structures/828.cif,-0.05167819062500012,bulk,32,32,32.0,-0.04924961816672398,-0.002428572458276143,0.002428572458276143,-0.049301600037633286,-0.0023765905873668336,0.0023765905873668336,fit
829,/tmp/FeCoNiPdPt_CE_fc2lj8yk/FeCoNiPdPt_CE/fcc100/data/structures/829.cif,-0.0751019290624999,bulk,32,32,32.0,-0.0588908373107746,-0.016211091751725304,0.016211091751725304,-0.05790765755012793,-0.017194271512371975,0.017194271512371975,fit
830,/tmp/FeCoNiPdPt_CE_fc2lj8yk/FeCoNiPdPt_CE/fcc100/data/structures/830.cif,-0.055588909375000384,bulk,32,32,32.0,-0.06302563454128063,0.007436725166280245,0.007436725166280245,-0.06374728992190773,0.008158380546907346,0.008158380546907346,fit
831,/tmp/FeCoNiPdPt_CE_fc2lj8yk/FeCoNiPdPt_CE/fcc100/data/structures/831.cif,-0.03705236625000019,bulk,32,32,32.0,-0.04084682996681189,0.003794463716811698,0.003794463716811698,-0.0395614021920716,0.0025090359420714067,0.0025090359420714067,holdout
832,/tmp/FeCoNiPdPt_CE_fc2lj8yk/FeCoNiPdPt_CE/fcc100/data/structures/832.cif,-0.06032782656250024,bulk,32,32,32.0,-0.04903314287033631,-0.01129468369216393,0.01129468369216393,-0.05074821309290535,-0.009579613469594891,0.009579613469594891,fit
833,/tmp/FeCoNiPdPt_CE_fc2lj8yk/FeCoNiPdPt_CE/fcc100/data/structures/833.cif,-0.03451232562500017,bulk,32,32,32.0,-0.029876014617969984,-0.0046363110070301895,0.0046363110070301895,-0.027787417339113604,-0.0067249082858865696,0.0067249082858865696,fit
834,/tmp/FeCoNiPdPt_CE_fc2lj8yk/FeCoNiPdPt_CE/fcc100/data/structures/834.cif,-0.06105142531249985,bulk,32,32,32.0,-0.05665742911630813,-0.00439399619619172,0.00439399619619172,-0.056902217405349786,-0.004149207907150065,0.004149207907150065,fit
835,/tmp/FeCoNiPdPt_CE_fc2lj8yk/FeCoNiPdPt_CE/fcc100/data/structures/835.cif,-0.02662035593750023,bulk,32,32,32.0,-0.05139490897390539,0.02477455303640516,0.02477455303640516,-0.05036560462388325,0.023745248686383023,0.023745248686383023,fit
836,/tmp/FeCoNiPdPt_CE_fc2lj8yk/FeCoNiPdPt_CE/fcc100/data/structures/836.cif,-0.04619328968750036,bulk,32,32,32.0,-0.04784212576494097,0.0016488360774406102,0.0016488360774406102,-0.04713913604070264,0.0009458463532022801,0.0009458463532022801,fit
837,/tmp/FeCoNiPdPt_CE_fc2lj8yk/FeCoNiPdPt_CE/fcc100/data/structures/837.cif,-0.06335609000000009,bulk,32,32,32.0,-0.05396992716130766,-0.009386162838692425,0.009386162838692425,-0.05532699791623793,-0.008029092083762158,0.008029092083762158,fit
838,/tmp/FeCoNiPdPt_CE_fc2lj8yk/FeCoNiPdPt_CE/fcc100/data/structures/838.cif,-0.042870729999999746,bulk,32,32,32.0,-0.03384267562566448,-0.009028054374335265,0.009028054374335265,-0.035179296954978095,-0.007691433045021651,0.007691433045021651,fit
839,/tmp/FeCoNiPdPt_CE_fc2lj8yk/FeCoNiPdPt_CE/fcc100/data/structures/839.cif,-0.023373022500000395,bulk,32,32,32.0,-0.020849698066289987,-0.0025233244337104083,0.0025233244337104083,-0.018558835265896412,-0.004814187234103984,0.004814187234103984,holdout
840,/tmp/FeCoNiPdPt_CE_fc2lj8yk/FeCoNiPdPt_CE/fcc100/data/structures/840.cif,-0.07152837687500035,bulk,32,32,32.0,-0.07261422601854692,0.0010858491435465634,0.0010858491435465634,-0.07232472957959156,0.000796352704591205,0.000796352704591205,holdout
841,/tmp/FeCoNiPdPt_CE_fc2lj8yk/FeCoNiPdPt_CE/fcc100/data/structures/841.cif,-0.04584024031250067,bulk,32,32,32.0,-0.03546556160961106,-0.010374678702889606,0.010374678702889606,-0.03574159077071913,-0.010098649541781538,0.010098649541781538,fit
842,/tmp/FeCoNiPdPt_CE_fc2lj8yk/FeCoNiPdPt_CE/fcc100/data/structures/842.cif,-0.06332558062499949,bulk,32,32,32.0,-0.030758075218575504,-0.03256750540642399,0.03256750540642399,-0.03159006928111989,-0.0317355113438796,0.0317355113438796,fit
843,/tmp/FeCoNiPdPt_CE_fc2lj8yk/FeCoNiPdPt_CE/fcc100/data/structures/843.cif,-0.08911481531250054,bulk,32,32,32.0,-0.08182134268740704,-0.0072934726250935,0.0072934726250935,-0.08116331217606074,-0.007951503136439803,0.007951503136439803,fit
844,/tmp/FeCoNiPdPt_CE_fc2lj8yk/FeCoNiPdPt_CE/fcc100/data/structures/844.cif,0.1239318349999996,bulk,32,32,32.0,0.012873134397905679,0.11105870060209393,0.11105870060209393,0.01504791797388037,0.10888391702611923,0.10888391702611923,fit
845,/tmp/FeCoNiPdPt_CE_fc2lj8yk/FeCoNiPdPt_CE/fcc100/data/structures/845.cif,-0.05865909281249948,bulk,32,32,32.0,-0.05148584815181821,-0.007173244660681269,0.007173244660681269,-0.05239522278043739,-0.006263870032062094,0.006263870032062094,fit
846,/tmp/FeCoNiPdPt_CE_fc2lj8yk/FeCoNiPdPt_CE/fcc100/data/structures/846.cif,-0.035777095312500506,bulk,32,32,32.0,-0.040434100740132844,0.004657005427632338,0.004657005427632338,-0.04093069984202283,0.005153604529522321,0.005153604529522321,fit
847,/tmp/FeCoNiPdPt_CE_fc2lj8yk/FeCoNiPdPt_CE/fcc100/data/structures/847.cif,-0.06000313593749951,bulk,32,32,32.0,-0.04049344041294695,-0.019509695524552555,0.019509695524552555,-0.04018923501786981,-0.0198139009196297,0.0198139009196297,fit
848,/tmp/FeCoNiPdPt_CE_fc2lj8yk/FeCoNiPdPt_CE/fcc100/data/structures/848.cif,-0.08546723593750016,bulk,32,32,32.0,-0.06798565571431275,-0.01748158022318741,0.01748158022318741,-0.06681234593804965,-0.018654889999450516,0.018654889999450516,fit
849,/tmp/FeCoNiPdPt_CE_fc2lj8yk/FeCoNiPdPt_CE/fcc100/data/structures/849.cif,-0.06287487593750019,bulk,32,32,32.0,-0.045610222980140294,-0.01726465295735989,0.01726465295735989,-0.046371297539042705,-0.01650357839845748,0.01650357839845748,fit
850,/tmp/FeCoNiPdPt_CE_fc2lj8yk/FeCoNiPdPt_CE/fcc100/data/structures/850.cif,-0.04709615781249976,bulk,32,32,32.0,-0.027090018893484388,-0.020006138919015374,0.020006138919015374,-0.02772466785578455,-0.019371489956715213,0.019371489956715213,fit
851,/tmp/FeCoNiPdPt_CE_fc2lj8yk/FeCoNiPdPt_CE/fcc100/data/structures/851.cif,-0.05461713406249924,bulk,32,32,32.0,-0.05273438151036159,-0.0018827525521376495,0.0018827525521376495,-0.05143910498587353,-0.0031780290766257116,0.0031780290766257116,fit
852,/tmp/FeCoNiPdPt_CE_fc2lj8yk/FeCoNiPdPt_CE/fcc100/data/structures/852.cif,-0.03824600812499934,bulk,32,32,32.0,-0.03982955501868886,0.0015835468936895164,0.0015835468936895164,-0.04025307505030773,0.0020070669253083873,0.0020070669253083873,fit
853,/tmp/FeCoNiPdPt_CE_fc2lj8yk/FeCoNiPdPt_CE/fcc100/data/structures/853.cif,-0.07660677843750019,bulk,32,32,32.0,-0.07582713350272914,-0.0007796449347710482,0.0007796449347710482,-0.07513929151713082,-0.001467486920369368,0.001467486920369368,fit
854,/tmp/FeCoNiPdPt_CE_fc2lj8yk/FeCoNiPdPt_CE/fcc100/data/structures/854.cif,-0.06395707718750021,bulk,32,32,32.0,-0.06178089889753155,-0.002176178289968661,0.002176178289968661,-0.06068877203206165,-0.003268305155438564,0.003268305155438564,fit
855,/tmp/FeCoNiPdPt_CE_fc2lj8yk/FeCoNiPdPt_CE/fcc100/data/structures/855.cif,-0.007959540937499732,bulk,32,32,32.0,-0.04110628846155427,0.03314674752405454,0.03314674752405454,-0.038127272501473325,0.030167731563973593,0.030167731563973593,fit
856,/tmp/FeCoNiPdPt_CE_fc2lj8yk/FeCoNiPdPt_CE/fcc100/data/structures/856.cif,-0.03223719468750019,bulk,32,32,32.0,-0.032925947478005854,0.0006887527905056617,0.0006887527905056617,-0.03240814276683721,0.00017094807933702022,0.00017094807933702022,holdout
857,/tmp/FeCoNiPdPt_CE_fc2lj8yk/FeCoNiPdPt_CE/fcc100/data/structures/857.cif,-0.05419979281249976,bulk,32,32,32.0,-0.06101932030078488,0.0068195274882851195,0.0068195274882851195,-0.06050170854537627,0.006301915732876515,0.006301915732876515,fit
858,/tmp/FeCoNiPdPt_CE_fc2lj8yk/FeCoNiPdPt_CE/fcc100/data/structures/858.cif,-0.0559943925000006,bulk,32,32,32.0,-0.0553039008371131,-0.0006904916628875032,0.0006904916628875032,-0.054929797933200034,-0.0010645945668005669,0.0010645945668005669,fit
859,/tmp/FeCoNiPdPt_CE_fc2lj8yk/FeCoNiPdPt_CE/fcc100/data/structures/859.cif,-0.04208856343749989,bulk,32,32,32.0,-0.04943010458137752,0.007341541143877625,0.007341541143877625,-0.048812447550425464,0.006723884112925571,0.006723884112925571,fit
860,/tmp/FeCoNiPdPt_CE_fc2lj8yk/FeCoNiPdPt_CE/fcc100/data/structures/860.cif,-0.04136128375000059,bulk,32,32,32.0,-0.039061473759501794,-0.002299809990498794,0.002299809990498794,-0.03935294182704333,-0.002008341922957256,0.002008341922957256,holdout
861,/tmp/FeCoNiPdPt_CE_fc2lj8yk/FeCoNiPdPt_CE/fcc100/data/structures/861.cif,-0.08712466906249983,bulk,32,32,32.0,-0.061992233547670535,-0.025132435514829292,0.025132435514829292,-0.06161146087242289,-0.025513208190076936,0.025513208190076936,fit
862,/tmp/FeCoNiPdPt_CE_fc2lj8yk/FeCoNiPdPt_CE/fcc100/data/structures/862.cif,-0.0558327784374999,bulk,32,32,32.0,-0.039210516493113676,-0.01662226194438622,0.01662226194438622,-0.03889203687330736,-0.016940741564192535,0.016940741564192535,fit
863,/tmp/FeCoNiPdPt_CE_fc2lj8yk/FeCoNiPdPt_CE/fcc100/data/structures/863.cif,-0.012920264999999098,bulk,32,32,32.0,-0.002761508514854457,-0.010158756485144641,0.010158756485144641,-0.0057418442617335145,-0.007178420738265584,0.007178420738265584,fit
864,/tmp/FeCoNiPdPt_CE_fc2lj8yk/FeCoNiPdPt_CE/fcc100/data/structures/864.cif,-0.06295027281250043,bulk,32,32,32.0,-0.009806878012942385,-0.05314339479955804,0.05314339479955804,-0.010356337613666618,-0.05259393519883381,0.05259393519883381,fit
865,/tmp/FeCoNiPdPt_CE_fc2lj8yk/FeCoNiPdPt_CE/fcc100/data/structures/865.cif,-0.07085432187500018,bulk,32,32,32.0,-0.05863695572562277,-0.012217366149377414,0.012217366149377414,-0.05785313010333689,-0.013001191771663291,0.013001191771663291,fit
866,/tmp/FeCoNiPdPt_CE_fc2lj8yk/FeCoNiPdPt_CE/fcc100/data/structures/866.cif,-0.05408156281250065,bulk,32,32,32.0,-0.05305324159304152,-0.0010283212194591301,0.0010283212194591301,-0.05350216338096539,-0.0005793994315352602,0.0005793994315352602,fit
867,/tmp/FeCoNiPdPt_CE_fc2lj8yk/FeCoNiPdPt_CE/fcc100/data/structures/867.cif,-0.053172460624999474,bulk,32,32,32.0,-0.04999178838090623,-0.003180672244093241,0.003180672244093241,-0.05052202883712186,-0.002650431787877612,0.002650431787877612,fit
868,/tmp/FeCoNiPdPt_CE_fc2lj8yk/FeCoNiPdPt_CE/fcc100/data/structures/868.cif,-0.0338187871875002,bulk,32,32,32.0,-0.02234374382519453,-0.011475043362305669,0.011475043362305669,-0.02037230241369999,-0.01344648477380021,0.01344648477380021,fit
869,/tmp/FeCoNiPdPt_CE_fc2lj8yk/FeCoNiPdPt_CE/fcc100/data/structures/869.cif,-0.077194043125,bulk,32,32,32.0,-0.054015474981515786,-0.023178568143484214,0.023178568143484214,-0.05282151365768323,-0.024372529467316773,0.024372529467316773,fit
870,/tmp/FeCoNiPdPt_CE_fc2lj8yk/FeCoNiPdPt_CE/fcc100/data/structures/870.cif,0.02819901437499972,bulk,32,32,32.0,-0.041494238539425916,0.06969325291442563,0.06969325291442563,-0.036455901632992865,0.06465491600799259,0.06465491600799259,fit
871,/tmp/FeCoNiPdPt_CE_fc2lj8yk/FeCoNiPdPt_CE/fcc100/data/structures/871.cif,-0.05300806093749966,bulk,32,32,32.0,-0.048682752660565785,-0.004325308276933872,0.004325308276933872,-0.046681387638625185,-0.006326673298874472,0.006326673298874472,holdout
872,/tmp/FeCoNiPdPt_CE_fc2lj8yk/FeCoNiPdPt_CE/fcc100/data/structures/872.cif,-0.03930990624999975,bulk,32,32,32.0,-0.037552022534284475,-0.0017578837157152735,0.0017578837157152735,-0.03839828380586331,-0.0009116224441364368,0.0009116224441364368,fit
873,/tmp/FeCoNiPdPt_CE_fc2lj8yk/FeCoNiPdPt_CE/fcc100/data/structures/873.cif,-0.0502343084375001,bulk,32,32,32.0,-0.037146044759189,-0.013088263678311098,0.013088263678311098,-0.03592359000771638,-0.014310718429783716,0.014310718429783716,fit
874,/tmp/FeCoNiPdPt_CE_fc2lj8yk/FeCoNiPdPt_CE/fcc100/data/structures/874.cif,-0.012680527499999705,bulk,32,32,32.0,-0.05088079233749708,0.038200264837497375,0.038200264837497375,-0.04785402073390799,0.03517349323390828,0.03517349323390828,fit
875,/tmp/FeCoNiPdPt_CE_fc2lj8yk/FeCoNiPdPt_CE/fcc100/data/structures/875.cif,-0.04909802187500034,bulk,32,32,32.0,-0.05098470105241526,0.0018866791774149183,0.0018866791774149183,-0.052176202435218956,0.0030781805602186144,0.0030781805602186144,fit
876,/tmp/FeCoNiPdPt_CE_fc2lj8yk/FeCoNiPdPt_CE/fcc100/data/structures/876.cif,-0.04555067468750007,bulk,32,32,32.0,-0.051306669348318026,0.005755994660817956,0.005755994660817956,-0.05172383343763558,0.006173158750135507,0.006173158750135507,fit
877,/tmp/FeCoNiPdPt_CE_fc2lj8yk/FeCoNiPdPt_CE/fcc100/data/structures/877.cif,-0.0388804559375,bulk,32,32,32.0,-0.034355825286923145,-0.004524630650576858,0.004524630650576858,-0.03298218786183982,-0.005898268075660185,0.005898268075660185,fit
878,/tmp/FeCoNiPdPt_CE_fc2lj8yk/FeCoNiPdPt_CE/fcc100/data/structures/878.cif,-0.07581084374999936,bulk,32,32,32.0,-0.05063411065305151,-0.025176733096947845,0.025176733096947845,-0.048583587984718,-0.027227255765281358,0.027227255765281358,holdout
879,/tmp/FeCoNiPdPt_CE_fc2lj8yk/FeCoNiPdPt_CE/fcc100/data/structures/879.cif,-0.05489391843750013,bulk,32,32,32.0,-0.04338355971101429,-0.011510358726485842,0.011510358726485842,-0.0409791084777463,-0.013914809959753832,0.013914809959753832,fit
880,/tmp/FeCoNiPdPt_CE_fc2lj8yk/FeCoNiPdPt_CE/fcc100/data/structures/880.cif,-0.0735607762499999,bulk,32,32,32.0,-0.05836921460561403,-0.015191561644385877,0.015191561644385877,-0.05802902180131663,-0.015531754448683273,0.015531754448683273,fit
881,/tmp/FeCoNiPdPt_CE_fc2lj8yk/FeCoNiPdPt_CE/fcc100/data/structures/881.cif,-0.06631138250000035,bulk,32,32,32.0,-0.0651039244892258,-0.0012074580107745425,0.0012074580107745425,-0.06668859512986211,0.00037721262986176174,0.00037721262986176174,fit
882,/tmp/FeCoNiPdPt_CE_fc2lj8yk/FeCoNiPdPt_CE/fcc100/data/structures/882.cif,-0.061952040937500286,bulk,32,32,32.0,-0.051064752499095756,-0.01088728843840453,0.01088728843840453,-0.05164470915296028,-0.010307331784540005,0.010307331784540005,fit
883,/tmp/FeCoNiPdPt_CE_fc2lj8yk/FeCoNiPdPt_CE/fcc100/data/structures/883.cif,-0.1010635193749998,bulk,32,32,32.0,-0.057137769959565016,-0.043925749415434784,0.043925749415434784,-0.057054197202284024,-0.044009322172715776,0.044009322172715776,fit
884,/tmp/FeCoNiPdPt_CE_fc2lj8yk/FeCoNiPdPt_CE/fcc100/data/structures/884.cif,-0.04192281375000029,bulk,32,32,32.0,-0.035401816414246834,-0.006520997335753453,0.006520997335753453,-0.03463560121103296,-0.00728721253896733,0.00728721253896733,fit
885,/tmp/FeCoNiPdPt_CE_fc2lj8yk/FeCoNiPdPt_CE/fcc100/data/structures/885.cif,0.07056434249999999,bulk,32,32,32.0,-0.016636296999679064,0.08720063949967904,0.08720063949967904,-0.01742545534143841,0.0879897978414384,0.0879897978414384,fit
886,/tmp/FeCoNiPdPt_CE_fc2lj8yk/FeCoNiPdPt_CE/fcc100/data/structures/886.cif,0.039281737500000524,bulk,32,32,32.0,-0.037272671545010634,0.07655440904501115,0.07655440904501115,-0.035625332670738204,0.07490707017073872,0.07490707017073872,fit
887,/tmp/FeCoNiPdPt_CE_fc2lj8yk/FeCoNiPdPt_CE/fcc100/data/structures/887.cif,-0.05171769593749964,bulk,32,32,32.0,-0.0429640200786386,-0.00875367585886104,0.00875367585886104,-0.04323590588478625,-0.008481790052713392,0.008481790052713392,fit
888,/tmp/FeCoNiPdPt_CE_fc2lj8yk/FeCoNiPdPt_CE/fcc100/data/structures/888.cif,-0.03438891781250053,bulk,32,32,32.0,-0.02084929287116592,-0.013539624941334611,0.013539624941334611,-0.019985218815911022,-0.014403698996589508,0.014403698996589508,fit
889,/tmp/FeCoNiPdPt_CE_fc2lj8yk/FeCoNiPdPt_CE/fcc100/data/structures/889.cif,0.014699675000000134,bulk,32,32,32.0,-0.03751042138164376,0.052210096381643895,0.052210096381643895,-0.03691040876751713,0.051610083767517266,0.051610083767517266,fit
890,/tmp/FeCoNiPdPt_CE_fc2lj8yk/FeCoNiPdPt_CE/fcc100/data/structures/890.cif,-0.018839285312500564,bulk,32,32,32.0,-0.04536324514780643,0.026523959835305866,0.026523959835305866,-0.04708671627749112,0.028247430964990557,0.028247430964990557,fit
891,/tmp/FeCoNiPdPt_CE_fc2lj8yk/FeCoNiPdPt_CE/fcc100/data/structures/891.cif,-0.009532565625000267,bulk,32,32,32.0,-0.04095254788845602,0.031419982263455756,0.031419982263455756,-0.03965268837976585,0.030120122754765583,0.030120122754765583,fit
892,/tmp/FeCoNiPdPt_CE_fc2lj8yk/FeCoNiPdPt_CE/fcc100/data/structures/892.cif,-0.02694751875000012,bulk,32,32,32.0,-0.02509588384859198,-0.0018516349014081404,0.0018516349014081404,-0.025765485106805132,-0.0011820336431949893,0.0011820336431949893,fit
893,/tmp/FeCoNiPdPt_CE_fc2lj8yk/FeCoNiPdPt_CE/fcc100/data/structures/893.cif,-0.07817216656250014,bulk,32,32,32.0,-0.06522769717945524,-0.012944469383044901,0.012944469383044901,-0.06439306747931592,-0.013779099083184226,0.013779099083184226,fit
894,/tmp/FeCoNiPdPt_CE_fc2lj8yk/FeCoNiPdPt_CE/fcc100/data/structures/894.cif,-0.038245514375000234,bulk,32,32,32.0,-0.03472719312855406,-0.003518321246446174,0.003518321246446174,-0.033317873622625935,-0.004927640752374299,0.004927640752374299,fit
895,/tmp/FeCoNiPdPt_CE_fc2lj8yk/FeCoNiPdPt_CE/fcc100/data/structures/895.cif,-0.057436703125000044,bulk,32,32,32.0,-0.0663057493298923,0.008869046204892261,0.008869046204892261,-0.06648147115398763,0.009044768028987585,0.009044768028987585,fit
896,/tmp/FeCoNiPdPt_CE_fc2lj8yk/FeCoNiPdPt_CE/fcc100/data/structures/896.cif,-0.06233745531250001,bulk,32,32,32.0,-0.0562201918395221,-0.0061172634729779116,0.0061172634729779116,-0.05646599971431364,-0.005871455598186373,0.005871455598186373,fit
897,/tmp/FeCoNiPdPt_CE_fc2lj8yk/FeCoNiPdPt_CE/fcc100/data/structures/897.cif,-0.018901140624999258,bulk,32,32,32.0,-0.013940187478771954,-0.004960953146227303,0.004960953146227303,-0.01366851162717357,-0.005232628997825688,0.005232628997825688,holdout
898,/tmp/FeCoNiPdPt_CE_fc2lj8yk/FeCoNiPdPt_CE/fcc100/data/structures/898.cif,-0.05542537562500005,bulk,32,32,32.0,-0.04587760960385494,-0.009547766021145113,0.009547766021145113,-0.04454685901552345,-0.010878516609476599,0.010878516609476599,fit
899,/tmp/FeCoNiPdPt_CE_fc2lj8yk/FeCoNiPdPt_CE/fcc100/data/structures/899.cif,-0.044975617499999565,bulk,32,32,32.0,-0.028742501386450812,-0.016233116113548753,0.016233116113548753,-0.027744772296423807,-0.01723084520357576,0.01723084520357576,fit
900,/tmp/FeCoNiPdPt_CE_fc2lj8yk/FeCoNiPdPt_CE/fcc100/data/structures/900.cif,-0.058854783750000195,bulk,32,32,32.0,-0.030377902061769362,-0.028476881688230832,0.028476881688230832,-0.029846176798578577,-0.029008606951421618,0.029008606951421618,fit
901,/tmp/FeCoNiPdPt_CE_fc2lj8yk/FeCoNiPdPt_CE/fcc100/data/structures/901.cif,-0.04541563375000024,bulk,32,32,32.0,-0.04132548967022084,-0.004090144079779402,0.004090144079779402,-0.04203939025315852,-0.0033762434968417215,0.0033762434968417215,fit
902,/tmp/FeCoNiPdPt_CE_fc2lj8yk/FeCoNiPdPt_CE/fcc100/data/structures/902.cif,-0.01830556468750011,bulk,32,32,32.0,-0.036061354475154545,0.017755789787654436,0.017755789787654436,-0.036053686172800394,0.017748121485300285,0.017748121485300285,fit
903,/tmp/FeCoNiPdPt_CE_fc2lj8yk/FeCoNiPdPt_CE/fcc100/data/structures/903.cif,-0.0558927290625002,bulk,32,32,32.0,-0.05497973872467515,-0.0009129903378250481,0.0009129903378250481,-0.05281031217214972,-0.0030824168903504784,0.0030824168903504784,fit
904,/tmp/FeCoNiPdPt_CE_fc2lj8yk/FeCoNiPdPt_CE/fcc100/data/structures/904.cif,0.02637695812499974,bulk,32,32,32.0,-0.034543342044607295,0.06092030016960703,0.06092030016960703,-0.03440451298278023,0.06078147110777997,0.06078147110777997,fit
905,/tmp/FeCoNiPdPt_CE_fc2lj8yk/FeCoNiPdPt_CE/fcc100/data/structures/905.cif,-0.011727913750000596,bulk,32,32,32.0,-0.009864946415222014,-0.0018629673347785817,0.0018629673347785817,-0.010043875038837476,-0.0016840387111631203,0.0016840387111631203,fit
906,/tmp/FeCoNiPdPt_CE_fc2lj8yk/FeCoNiPdPt_CE/fcc100/data/structures/906.cif,-0.008540272812499694,bulk,32,32,32.0,-0.041466368630240016,0.03292609581774032,0.03292609581774032,-0.04273129179879792,0.03419101898629823,0.03419101898629823,fit
907,/tmp/FeCoNiPdPt_CE_fc2lj8yk/FeCoNiPdPt_CE/fcc100/data/structures/907.cif,-0.0182101231250007,bulk,32,32,32.0,-0.011228270131490827,-0.006981852993509872,0.006981852993509872,-0.010376850265660426,-0.007833272859340273,0.007833272859340273,fit
908,/tmp/FeCoNiPdPt_CE_fc2lj8yk/FeCoNiPdPt_CE/fcc100/data/structures/908.cif,-0.035860275624999716,bulk,32,32,32.0,-0.034267116420655205,-0.0015931592043445103,0.0015931592043445103,-0.034795313145400394,-0.0010649624795993212,0.0010649624795993212,fit
909,/tmp/FeCoNiPdPt_CE_fc2lj8yk/FeCoNiPdPt_CE/fcc100/data/structures/909.cif,-0.0976518525000003,bulk,32,32,32.0,-0.0924993398599073,-0.005152512640093004,0.005152512640093004,-0.09205023645263576,-0.0056016160473645465,0.0056016160473645465,fit
910,/tmp/FeCoNiPdPt_CE_fc2lj8yk/FeCoNiPdPt_CE/fcc100/data/structures/910.cif,-0.060557284687499546,bulk,32,32,32.0,-0.051802554930059204,-0.008754729757440342,0.008754729757440342,-0.050895008833957534,-0.009662275853542013,0.009662275853542013,fit
911,/tmp/FeCoNiPdPt_CE_fc2lj8yk/FeCoNiPdPt_CE/fcc100/data/structures/911.cif,-0.04041466562500062,bulk,32,32,32.0,-0.0518450909835095,0.011430425358508876,0.011430425358508876,-0.05277142688576277,0.012356761260762149,0.012356761260762149,fit
912,/tmp/FeCoNiPdPt_CE_fc2lj8yk/FeCoNiPdPt_CE/fcc100/data/structures/912.cif,-0.06938118531250037,bulk,32,32,32.0,-0.03271061523082028,-0.03667057008168009,0.03667057008168009,-0.032968573335537925,-0.036412611976962446,0.036412611976962446,fit
913,/tmp/FeCoNiPdPt_CE_fc2lj8yk/FeCoNiPdPt_CE/fcc100/data/structures/913.cif,-0.03019373343749976,bulk,32,32,32.0,-0.044917427568002634,0.014723694130502875,0.014723694130502875,-0.04507344674747132,0.014879713309971558,0.014879713309971558,fit
914,/tmp/FeCoNiPdPt_CE_fc2lj8yk/FeCoNiPdPt_CE/fcc100/data/structures/914.cif,-0.03276747374999989,bulk,32,32,32.0,-0.011588571877081916,-0.02117890187291797,0.02117890187291797,-0.01214380485926719,-0.020623668890732697,0.020623668890732697,fit
915,/tmp/FeCoNiPdPt_CE_fc2lj8yk/FeCoNiPdPt_CE/fcc100/data/structures/915.cif,-0.07694962343750067,bulk,32,32,32.0,-0.06000370275752377,-0.016945920679976897,0.016945920679976897,-0.06009098483060399,-0.01685863860689668,0.01685863860689668,fit
916,/tmp/FeCoNiPdPt_CE_fc2lj8yk/FeCoNiPdPt_CE/fcc100/data/structures/916.cif,-0.04007927718750004,bulk,32,32,32.0,-0.03401092954016981,-0.006068347647330233,0.006068347647330233,-0.03468352390519493,-0.005395753282305113,0.005395753282305113,fit
917,/tmp/FeCoNiPdPt_CE_fc2lj8yk/FeCoNiPdPt_CE/fcc100/data/structures/917.cif,-0.04007065656249953,bulk,32,32,32.0,-0.025764819777487055,-0.014305836785012474,0.014305836785012474,-0.025087360565292385,-0.014983295997207144,0.014983295997207144,fit
918,/tmp/FeCoNiPdPt_CE_fc2lj8yk/FeCoNiPdPt_CE/fcc100/data/structures/918.cif,-0.04356977718749988,bulk,32,32,32.0,-0.036229460057638906,-0.007340317129860975,0.007340317129860975,-0.035934163976035556,-0.007635613211464325,0.007635613211464325,fit
919,/tmp/FeCoNiPdPt_CE_fc2lj8yk/FeCoNiPdPt_CE/fcc100/data/structures/919.cif,0.028763847499999606,bulk,32,32,32.0,-0.03548155011545483,0.06424539761545443,0.06424539761545443,-0.036249071484200035,0.06501291898419964,0.06501291898419964,fit
920,/tmp/FeCoNiPdPt_CE_fc2lj8yk/FeCoNiPdPt_CE/fcc100/data/structures/920.cif,0.0384681174999999,bulk,32,32,32.0,0.02018946861025961,0.01827864888974029,0.01827864888974029,0.02029794897450695,0.018170168525492948,0.018170168525492948,fit
921,/tmp/FeCoNiPdPt_CE_fc2lj8yk/FeCoNiPdPt_CE/fcc100/data/structures/921.cif,-0.05325081406249943,bulk,32,32,32.0,-0.03476841237798651,-0.01848240168451292,0.01848240168451292,-0.034247060696263695,-0.019003753366235734,0.019003753366235734,fit
922,/tmp/FeCoNiPdPt_CE_fc2lj8yk/FeCoNiPdPt_CE/fcc100/data/structures/922.cif,-0.04652778531249968,bulk,32,32,32.0,-0.04417093008145405,-0.002356855231045632,0.002356855231045632,-0.04458230226461386,-0.0019454830478858182,0.0019454830478858182,fit
923,/tmp/FeCoNiPdPt_CE_fc2lj8yk/FeCoNiPdPt_CE/fcc100/data/structures/923.cif,0.05734715093749987,bulk,32,32,32.0,-0.03425771757305885,0.09160486851055871,0.09160486851055871,-0.03478649547586928,0.09213364641336916,0.09213364641336916,fit
924,/tmp/FeCoNiPdPt_CE_fc2lj8yk/FeCoNiPdPt_CE/fcc100/data/structures/924.cif,-0.04611011468750004,bulk,32,32,32.0,-0.06689980518583968,0.020789690498339647,0.020789690498339647,-0.06609243058229745,0.019982315894797417,0.019982315894797417,fit
925,/tmp/FeCoNiPdPt_CE_fc2lj8yk/FeCoNiPdPt_CE/fcc100/data/structures/925.cif,-0.06164793031249971,bulk,32,32,32.0,-0.04024978735497911,-0.0213981429575206,0.0213981429575206,-0.039806439764412546,-0.021841490548087164,0.021841490548087164,fit
926,/tmp/FeCoNiPdPt_CE_fc2lj8yk/FeCoNiPdPt_CE/fcc100/data/structures/926.cif,-0.04683490062499995,bulk,32,32,32.0,-0.038113825952790545,-0.008721074672209408,0.008721074672209408,-0.034778552184397994,-0.01205634844060196,0.01205634844060196,fit
927,/tmp/FeCoNiPdPt_CE_fc2lj8yk/FeCoNiPdPt_CE/fcc100/data/structures/927.cif,-0.07533438125000025,bulk,32,32,32.0,-0.06363396824050688,-0.011700413009493371,0.011700413009493371,-0.061320877896328896,-0.014013503353671353,0.014013503353671353,fit
928,/tmp/FeCoNiPdPt_CE_fc2lj8yk/FeCoNiPdPt_CE/fcc100/data/structures/928.cif,-0.018620076249999507,bulk,32,32,32.0,-0.015488538379278324,-0.003131537870721183,0.003131537870721183,-0.016055991144355297,-0.0025640851056442093,0.0025640851056442093,fit
929,/tmp/FeCoNiPdPt_CE_fc2lj8yk/FeCoNiPdPt_CE/fcc100/data/structures/929.cif,-0.055393447499999304,bulk,32,32,32.0,-0.04579225646438616,-0.009601191035613146,0.009601191035613146,-0.04508325142529061,-0.010310196074708691,0.010310196074708691,holdout
930,/tmp/FeCoNiPdPt_CE_fc2lj8yk/FeCoNiPdPt_CE/fcc100/data/structures/930.cif,-0.02432461718750023,bulk,32,32,32.0,-0.03900884718678609,0.014684229999285862,0.014684229999285862,-0.03970177810882629,0.015377160921326058,0.015377160921326058,fit
931,/tmp/FeCoNiPdPt_CE_fc2lj8yk/FeCoNiPdPt_CE/fcc100/data/structures/931.cif,-0.01634366718749991,bulk,32,32,32.0,-0.017091427925583914,0.0007477607380840037,0.0007477607380840037,-0.01735561449462715,0.0010119473071272395,0.0010119473071272395,fit
932,/tmp/FeCoNiPdPt_CE_fc2lj8yk/FeCoNiPdPt_CE/fcc100/data/structures/932.cif,-0.0729120815625004,bulk,32,32,32.0,-0.04703197544916375,-0.025880106113336646,0.025880106113336646,-0.04814810446641718,-0.024763977096083217,0.024763977096083217,fit
933,/tmp/FeCoNiPdPt_CE_fc2lj8yk/FeCoNiPdPt_CE/fcc100/data/structures/933.cif,-0.0647685618749998,bulk,32,32,32.0,-0.07235026207992584,0.007581700204926045,0.007581700204926045,-0.07273357006863378,0.00796500819363398,0.00796500819363398,fit
934,/tmp/FeCoNiPdPt_CE_fc2lj8yk/FeCoNiPdPt_CE/fcc100/data/structures/934.cif,-0.05417070749999997,bulk,32,32,32.0,-0.03643752364680658,-0.01773318385319339,0.01773318385319339,-0.03634563055044514,-0.017825076949554833,0.017825076949554833,fit
935,/tmp/FeCoNiPdPt_CE_fc2lj8yk/FeCoNiPdPt_CE/fcc100/data/structures/935.cif,0.00499697875000038,bulk,32,32,32.0,-0.004296560367651211,0.009293539117651592,0.009293539117651592,-0.004300274149828586,0.009297252899828967,0.009297252899828967,fit
936,/tmp/FeCoNiPdPt_CE_fc2lj8yk/FeCoNiPdPt_CE/fcc100/data/structures/936.cif,0.013883299687499573,bulk,32,32,32.0,-0.013500477475029457,0.02738377716252903,0.02738377716252903,-0.01324774368060719,0.02713104336810676,0.02713104336810676,fit
937,/tmp/FeCoNiPdPt_CE_fc2lj8yk/FeCoNiPdPt_CE/fcc100/data/structures/937.cif,-0.048986528750000424,bulk,32,32,32.0,-0.029744199780536877,-0.019242328969463547,0.019242328969463547,-0.030603610125449397,-0.018382918624551027,0.018382918624551027,fit
938,/tmp/FeCoNiPdPt_CE_fc2lj8yk/FeCoNiPdPt_CE/fcc100/data/structures/938.cif,-0.04621926656249986,bulk,32,32,32.0,-0.04835804892560274,0.00213878236310288,0.00213878236310288,-0.048212562942513526,0.001993296380013665,0.001993296380013665,fit
939,/tmp/FeCoNiPdPt_CE_fc2lj8yk/FeCoNiPdPt_CE/fcc100/data/structures/939.cif,0.00016522406250008004,bulk,32,32,32.0,-0.0018257130991106464,0.0019909371616107265,0.0019909371616107265,-0.0031218200433314486,0.0032870441058315287,0.0032870441058315287,fit
940,/tmp/FeCoNiPdPt_CE_fc2lj8yk/FeCoNiPdPt_CE/fcc100/data/structures/940.cif,-0.08146447499999976,bulk,32,32,32.0,-0.0501371683785435,-0.03132730662145626,0.03132730662145626,-0.04976818760068148,-0.031696287399318276,0.031696287399318276,fit
941,/tmp/FeCoNiPdPt_CE_fc2lj8yk/FeCoNiPdPt_CE/fcc100/data/structures/941.cif,-0.05932126218749989,bulk,32,32,32.0,-0.06950147417960095,0.010180211992101063,0.010180211992101063,-0.06788646201310489,0.008565199825604997,0.008565199825604997,fit
942,/tmp/FeCoNiPdPt_CE_fc2lj8yk/FeCoNiPdPt_CE/fcc100/data/structures/942.cif,-0.055837419374999975,bulk,32,32,32.0,-0.060243298391582226,0.004405879016582251,0.004405879016582251,-0.05974374066335579,0.003906321288355816,0.003906321288355816,holdout
943,/tmp/FeCoNiPdPt_CE_fc2lj8yk/FeCoNiPdPt_CE/fcc100/data/structures/943.cif,-0.07242437937500057,bulk,32,32,32.0,-0.045304839773884845,-0.027119539601115725,0.027119539601115725,-0.0444858481439778,-0.027938531231022766,0.027938531231022766,fit
944,/tmp/FeCoNiPdPt_CE_fc2lj8yk/FeCoNiPdPt_CE/fcc100/data/structures/944.cif,-0.06673450156249938,bulk,32,32,32.0,-0.0335392235006025,-0.033195278061896885,0.033195278061896885,-0.031463545376554575,-0.03527095618594481,0.03527095618594481,fit
945,/tmp/FeCoNiPdPt_CE_fc2lj8yk/FeCoNiPdPt_CE/fcc100/data/structures/945.cif,-0.06365937343749994,bulk,32,32,32.0,-0.06520117011840948,0.0015417966809095351,0.0015417966809095351,-0.06457107196889035,0.0009116985313904064,0.0009116985313904064,fit
946,/tmp/FeCoNiPdPt_CE_fc2lj8yk/FeCoNiPdPt_CE/fcc100/data/structures/946.cif,-0.08472655312499988,bulk,32,32,32.0,-0.0612053082126383,-0.02352124491236158,0.02352124491236158,-0.06090706726920225,-0.02381948585579763,0.02381948585579763,fit
947,/tmp/FeCoNiPdPt_CE_fc2lj8yk/FeCoNiPdPt_CE/fcc100/data/structures/947.cif,0.0026470071874999945,bulk,32,32,32.0,-0.04039098188102251,0.043037989068522506,0.043037989068522506,-0.040541491978561564,0.04318849916606156,0.04318849916606156,fit
948,/tmp/FeCoNiPdPt_CE_fc2lj8yk/FeCoNiPdPt_CE/fcc100/data/structures/948.cif,-0.02276672718750028,bulk,32,32,32.0,-0.019775905624082372,-0.0029908215634179072,0.0029908215634179072,-0.01834003511607365,-0.004426692071426631,0.004426692071426631,fit
949,/tmp/FeCoNiPdPt_CE_fc2lj8yk/FeCoNiPdPt_CE/fcc100/data/structures/949.cif,-0.024192203750000196,bulk,32,32,32.0,-0.010971568068868669,-0.013220635681131528,0.013220635681131528,-0.010818481890858725,-0.013373721859141471,0.013373721859141471,fit
950,/tmp/FeCoNiPdPt_CE_fc2lj8yk/FeCoNiPdPt_CE/fcc100/data/structures/950.cif,-0.0505275959375,bulk,32,32,32.0,-0.04242258094982226,-0.008105014987677746,0.008105014987677746,-0.04095010831171681,-0.009577487625783192,0.009577487625783192,fit
951,/tmp/FeCoNiPdPt_CE_fc2lj8yk/FeCoNiPdPt_CE/fcc100/data/structures/951.cif,-0.07830523656249966,bulk,32,32,32.0,-0.04691989129501148,-0.03138534526748818,0.03138534526748818,-0.048021122071133425,-0.030284114491366233,0.030284114491366233,fit
952,/tmp/FeCoNiPdPt_CE_fc2lj8yk/FeCoNiPdPt_CE/fcc100/data/structures/952.cif,-0.06091466593750017,bulk,32,32,32.0,-0.03651818907974804,-0.024396476857752127,0.024396476857752127,-0.03620509697638041,-0.024709568961119754,0.024709568961119754,fit
953,/tmp/FeCoNiPdPt_CE_fc2lj8yk/FeCoNiPdPt_CE/fcc100/data/structures/953.cif,-0.056683099999999875,bulk,32,32,32.0,-0.05593684855027123,-0.0007462514497286465,0.0007462514497286465,-0.056986347462327794,0.00030324746232791855,0.00030324746232791855,fit
954,/tmp/FeCoNiPdPt_CE_fc2lj8yk/FeCoNiPdPt_CE/fcc100/data/structures/954.cif,-0.07556966562500023,bulk,32,32,32.0,-0.07024566321759665,-0.0053240024074035774,0.0053240024074035774,-0.06934017362006108,-0.0062294920049391495,0.0062294920049391495,fit
955,/tmp/FeCoNiPdPt_CE_fc2lj8yk/FeCoNiPdPt_CE/fcc100/data/structures/955.cif,-0.04285320499999923,bulk,32,32,32.0,-0.05573501634359518,0.01288181134359595,0.01288181134359595,-0.05749527812028456,0.014642073120285329,0.014642073120285329,holdout
956,/tmp/FeCoNiPdPt_CE_fc2lj8yk/FeCoNiPdPt_CE/fcc100/data/structures/956.cif,-0.06801150437499981,bulk,32,32,32.0,-0.05719861609544165,-0.010812888279558161,0.010812888279558161,-0.05760558833672857,-0.010405916038271242,0.010405916038271242,fit
957,/tmp/FeCoNiPdPt_CE_fc2lj8yk/FeCoNiPdPt_CE/fcc100/data/structures/957.cif,-0.050507268750000556,bulk,32,32,32.0,-0.03751391673662477,-0.012993352013375786,0.012993352013375786,-0.0362040979475483,-0.014303170802452254,0.014303170802452254,holdout
958,/tmp/FeCoNiPdPt_CE_fc2lj8yk/FeCoNiPdPt_CE/fcc100/data/structures/958.cif,-0.05294276781250051,bulk,32,32,32.0,-0.04457162022332235,-0.00837114758917816,0.00837114758917816,-0.0450196270051355,-0.00792314080736501,0.00792314080736501,fit
959,/tmp/FeCoNiPdPt_CE_fc2lj8yk/FeCoNiPdPt_CE/fcc100/data/structures/959.cif,-0.07459060124999972,bulk,32,32,32.0,-0.05948508073236057,-0.015105520517639151,0.015105520517639151,-0.06041975849198108,-0.014170842758018644,0.014170842758018644,fit
960,/tmp/FeCoNiPdPt_CE_fc2lj8yk/FeCoNiPdPt_CE/fcc100/data/structures/960.cif,-0.08284217656250004,bulk,32,32,32.0,-0.06799941266962911,-0.014842763892870925,0.014842763892870925,-0.0651371774548532,-0.017704999107646835,0.017704999107646835,holdout
961,/tmp/FeCoNiPdPt_CE_fc2lj8yk/FeCoNiPdPt_CE/fcc100/data/structures/961.cif,-0.08132292124999996,bulk,32,32,32.0,-0.0842267902920125,0.0029038690420125357,0.0029038690420125357,-0.08332926769150234,0.0020063464415023824,0.0020063464415023824,fit
962,/tmp/FeCoNiPdPt_CE_fc2lj8yk/FeCoNiPdPt_CE/fcc100/data/structures/962.cif,-0.03664828062500014,bulk,32,32,32.0,-0.03028124840745191,-0.006367032217548231,0.006367032217548231,-0.0306478674097425,-0.006000413215257641,0.006000413215257641,fit
963,/tmp/FeCoNiPdPt_CE_fc2lj8yk/FeCoNiPdPt_CE/fcc100/data/structures/963.cif,-0.02381511937500047,bulk,32,32,32.0,0.014304298343816475,-0.038119417718816946,0.038119417718816946,0.015040789616938756,-0.03885590899193923,0.03885590899193923,fit
964,/tmp/FeCoNiPdPt_CE_fc2lj8yk/FeCoNiPdPt_CE/fcc100/data/structures/964.cif,-0.010584877499999479,bulk,32,32,32.0,-0.0009965635893908066,-0.009588313910608673,0.009588313910608673,-0.0007671264819512631,-0.009817751018048215,0.009817751018048215,fit
965,/tmp/FeCoNiPdPt_CE_fc2lj8yk/FeCoNiPdPt_CE/fcc100/data/structures/965.cif,-0.08180302562499975,bulk,32,32,32.0,-0.0501162084797991,-0.03168681714520065,0.03168681714520065,-0.05218828959038928,-0.02961473603461047,0.02961473603461047,fit
966,/tmp/FeCoNiPdPt_CE_fc2lj8yk/FeCoNiPdPt_CE/fcc100/data/structures/966.cif,-0.0281047281250002,bulk,32,32,32.0,-0.020762185448472123,-0.007342542676528077,0.007342542676528077,-0.021877755868922086,-0.006226972256078114,0.006226972256078114,fit
967,/tmp/FeCoNiPdPt_CE_fc2lj8yk/FeCoNiPdPt_CE/fcc100/data/structures/967.cif,-0.05418829562499994,bulk,32,32,32.0,-0.05434573966920969,0.00015744404420975355,0.00015744404420975355,-0.05405936991218764,-0.00012892571281229726,0.00012892571281229726,fit
968,/tmp/FeCoNiPdPt_CE_fc2lj8yk/FeCoNiPdPt_CE/fcc100/data/structures/968.cif,-0.03957293437499931,bulk,32,32,32.0,-0.03543590678337501,-0.0041370275916243066,0.0041370275916243066,-0.03481619620844672,-0.004756738166552595,0.004756738166552595,fit
969,/tmp/FeCoNiPdPt_CE_fc2lj8yk/FeCoNiPdPt_CE/fcc100/data/structures/969.cif,-0.03791604031249918,bulk,32,32,32.0,-0.04715210566171325,0.009236065349214076,0.009236065349214076,-0.04614593009575015,0.008229889783250975,0.008229889783250975,fit
970,/tmp/FeCoNiPdPt_CE_fc2lj8yk/FeCoNiPdPt_CE/fcc100/data/structures/970.cif,-0.03796509937500048,bulk,32,32,32.0,-0.025426577056726442,-0.012538522318274035,0.012538522318274035,-0.02667412702853842,-0.011290972346462057,0.011290972346462057,fit
971,/tmp/FeCoNiPdPt_CE_fc2lj8yk/FeCoNiPdPt_CE/fcc100/data/structures/971.cif,-0.02527731875000061,bulk,32,32,32.0,-0.030471422884097113,0.005194104134096503,0.005194104134096503,-0.03151101052356722,0.006233691773566613,0.006233691773566613,fit
972,/tmp/FeCoNiPdPt_CE_fc2lj8yk/FeCoNiPdPt_CE/fcc100/data/structures/972.cif,-0.025737824374999718,bulk,32,32,32.0,-0.027307071404437486,0.0015692470294377675,0.0015692470294377675,-0.028121417832395336,0.0023835934573956177,0.0023835934573956177,fit
973,/tmp/FeCoNiPdPt_CE_fc2lj8yk/FeCoNiPdPt_CE/fcc100/data/structures/973.cif,-0.06973498281250023,bulk,32,32,32.0,-0.05829654126110172,-0.011438441551398518,0.011438441551398518,-0.05853683569178633,-0.011198147120713903,0.011198147120713903,fit
974,/tmp/FeCoNiPdPt_CE_fc2lj8yk/FeCoNiPdPt_CE/fcc100/data/structures/974.cif,-0.03965896375,bulk,32,32,32.0,-0.02554147395457395,-0.014117489795426048,0.014117489795426048,-0.026171032921808238,-0.01348793082819176,0.01348793082819176,fit
975,/tmp/FeCoNiPdPt_CE_fc2lj8yk/FeCoNiPdPt_CE/fcc100/data/structures/975.cif,-0.051638279687499455,bulk,32,32,32.0,-0.05382754260870936,0.0021892629212099043,0.0021892629212099043,-0.05488790089676345,0.003249621209263996,0.003249621209263996,holdout
976,/tmp/FeCoNiPdPt_CE_fc2lj8yk/FeCoNiPdPt_CE/fcc100/data/structures/976.cif,-0.07599968937500012,bulk,32,32,32.0,-0.05957439442542667,-0.016425294949573455,0.016425294949573455,-0.06239175762649571,-0.013607931748504415,0.013607931748504415,fit
977,/tmp/FeCoNiPdPt_CE_fc2lj8yk/FeCoNiPdPt_CE/fcc100/data/structures/977.cif,-0.06079089156250017,bulk,32,32,32.0,-0.04429765372573871,-0.01649323783676146,0.01649323783676146,-0.04522407413683958,-0.015566817425660594,0.015566817425660594,fit
978,/tmp/FeCoNiPdPt_CE_fc2lj8yk/FeCoNiPdPt_CE/fcc100/data/structures/978.cif,-0.0003785068750001841,bulk,32,32,32.0,-0.006026364977649916,0.005647858102649732,0.005647858102649732,-0.00551939240380433,0.005140885528804146,0.005140885528804146,fit
979,/tmp/FeCoNiPdPt_CE_fc2lj8yk/FeCoNiPdPt_CE/fcc100/data/structures/979.cif,0.01565031281250029,bulk,32,32,32.0,-0.028092954903702436,0.043743267716202724,0.043743267716202724,-0.026452291333464478,0.04210260414596477,0.04210260414596477,fit
980,/tmp/FeCoNiPdPt_CE_fc2lj8yk/FeCoNiPdPt_CE/fcc100/data/structures/980.cif,-0.03945818656250033,bulk,32,32,32.0,-0.03427659968661934,-0.005181586875880988,0.005181586875880988,-0.03555322440481754,-0.0039049621576827884,0.0039049621576827884,fit
981,/tmp/FeCoNiPdPt_CE_fc2lj8yk/FeCoNiPdPt_CE/fcc100/data/structures/981.cif,-0.04862330843750051,bulk,32,32,32.0,-0.050264033418066435,0.0016407249805659233,0.0016407249805659233,-0.05211472411637813,0.0034914156788776185,0.0034914156788776185,fit
982,/tmp/FeCoNiPdPt_CE_fc2lj8yk/FeCoNiPdPt_CE/fcc100/data/structures/982.cif,-0.07675504125000021,bulk,32,32,32.0,-0.03711829002067962,-0.03963675122932059,0.03963675122932059,-0.03820627388263134,-0.03854876736736887,0.03854876736736887,fit
983,/tmp/FeCoNiPdPt_CE_fc2lj8yk/FeCoNiPdPt_CE/fcc100/data/structures/983.cif,-0.028272813750000125,bulk,32,32,32.0,-0.023635813879114814,-0.004636999870885311,0.004636999870885311,-0.022989617023028902,-0.005283196726971223,0.005283196726971223,fit
984,/tmp/FeCoNiPdPt_CE_fc2lj8yk/FeCoNiPdPt_CE/fcc100/data/structures/984.cif,-0.05204213843750072,bulk,32,32,32.0,-0.0380917471381858,-0.01395039129931492,0.01395039129931492,-0.0353764763067438,-0.016665662130756917,0.016665662130756917,fit
985,/tmp/FeCoNiPdPt_CE_fc2lj8yk/FeCoNiPdPt_CE/fcc100/data/structures/985.cif,-0.05694355187499944,bulk,32,32,32.0,-0.057616020346709707,0.0006724684717102636,0.0006724684717102636,-0.05551468415702822,-0.0014288677179712245,0.0014288677179712245,fit
986,/tmp/FeCoNiPdPt_CE_fc2lj8yk/FeCoNiPdPt_CE/fcc100/data/structures/986.cif,-0.04243004531249994,bulk,32,32,32.0,-0.034505896931430996,-0.007924148381068946,0.007924148381068946,-0.03164110203277001,-0.010788943279729929,0.010788943279729929,holdout
987,/tmp/FeCoNiPdPt_CE_fc2lj8yk/FeCoNiPdPt_CE/fcc100/data/structures/987.cif,-0.038582634062500176,bulk,32,32,32.0,-0.02788017143501055,-0.010702462627489626,0.010702462627489626,-0.02815696860109935,-0.010425665461400828,0.010425665461400828,fit
988,/tmp/FeCoNiPdPt_CE_fc2lj8yk/FeCoNiPdPt_CE/fcc100/data/structures/988.cif,-0.04715633750000059,bulk,32,32,32.0,-0.04227280743608475,-0.004883530063915842,0.004883530063915842,-0.04321099207017855,-0.003945345429822042,0.003945345429822042,fit
989,/tmp/FeCoNiPdPt_CE_fc2lj8yk/FeCoNiPdPt_CE/fcc100/data/structures/989.cif,-0.049673932499999296,bulk,32,32,32.0,-0.0542642523742846,0.004590319874285306,0.004590319874285306,-0.05517660512548327,0.005502672625483977,0.005502672625483977,fit
990,/tmp/FeCoNiPdPt_CE_fc2lj8yk/FeCoNiPdPt_CE/fcc100/data/structures/990.cif,-0.06221972093749972,bulk,32,32,32.0,-0.05216733130636915,-0.010052389631130573,0.010052389631130573,-0.05111616011326929,-0.011103560824230432,0.011103560824230432,fit
991,/tmp/FeCoNiPdPt_CE_fc2lj8yk/FeCoNiPdPt_CE/fcc100/data/structures/991.cif,-0.004785974375000279,bulk,32,32,32.0,-0.049906573515844696,0.04512059914084442,0.04512059914084442,-0.050955460248435926,0.046169485873435646,0.046169485873435646,fit
992,/tmp/FeCoNiPdPt_CE_fc2lj8yk/FeCoNiPdPt_CE/fcc100/data/structures/992.cif,0.06051905968750049,bulk,32,32,32.0,-0.022231814055717156,0.08275087374321764,0.08275087374321764,-0.02091292202792095,0.08143198171542143,0.08143198171542143,fit
993,/tmp/FeCoNiPdPt_CE_fc2lj8yk/FeCoNiPdPt_CE/fcc100/data/structures/993.cif,-0.05872319187499997,bulk,32,32,32.0,-0.03555795441798719,-0.02316523745701278,0.02316523745701278,-0.035144718681520165,-0.023578473193479804,0.023578473193479804,fit
994,/tmp/FeCoNiPdPt_CE_fc2lj8yk/FeCoNiPdPt_CE/fcc100/data/structures/994.cif,-0.06203997187500043,bulk,32,32,32.0,-0.06496650819873818,0.0029265363237377523,0.0029265363237377523,-0.06444390178897397,0.002403929913973535,0.002403929913973535,fit
995,/tmp/FeCoNiPdPt_CE_fc2lj8yk/FeCoNiPdPt_CE/fcc100/data/structures/995.cif,-0.03126868187499987,bulk,32,32,32.0,-0.04948119109219393,0.018212509217194056,0.018212509217194056,-0.05201965791477269,0.02075097603977282,0.02075097603977282,holdout
996,/tmp/FeCoNiPdPt_CE_fc2lj8yk/FeCoNiPdPt_CE/fcc100/data/structures/996.cif,-0.01616194781249991,bulk,32,32,32.0,-0.019209301366788827,0.003047353554288916,0.003047353554288916,-0.019242525399870827,0.003080577587370917,0.003080577587370917,fit
997,/tmp/FeCoNiPdPt_CE_fc2lj8yk/FeCoNiPdPt_CE/fcc100/data/structures/997.cif,-0.03278009000000015,bulk,32,32,32.0,-0.028267660130800454,-0.004512429869199697,0.004512429869199697,-0.027993606846399562,-0.004786483153600588,0.004786483153600588,fit
998,/tmp/FeCoNiPdPt_CE_fc2lj8yk/FeCoNiPdPt_CE/fcc100/data/structures/998.cif,-0.034244593124999945,bulk,32,32,32.0,-0.0629365104201039,0.028691917295103953,0.028691917295103953,-0.06169315132254739,0.02744855819754745,0.02744855819754745,fit
999,/tmp/FeCoNiPdPt_CE_fc2lj8yk/FeCoNiPdPt_CE/fcc100/data/structures/999.cif,-0.06381679375000004,bulk,32,32,32.0,-0.06815586733236312,0.004339073582363073,0.004339073582363073,-0.0680053084431492,0.0041885146931491535,0.0041885146931491535,fit
1000,/tmp/FeCoNiPdPt_CE_fc2lj8yk/FeCoNiPdPt_CE/fcc100/data/structures/1000.cif,-0.06465232468749971,bulk,32,32,32.0,-0.06787355742994126,0.003221232742441557,0.003221232742441557,-0.06684177902006831,0.002189454332568605,0.002189454332568605,fit
1001,/tmp/FeCoNiPdPt_CE_fc2lj8yk/FeCoNiPdPt_CE/fcc100/data/structures/1001.cif,-0.06702012968749926,bulk,32,32,32.0,-0.0417088675234728,-0.02531126216402646,0.02531126216402646,-0.04110987644473177,-0.025910253242767495,0.025910253242767495,fit
1002,/tmp/FeCoNiPdPt_CE_fc2lj8yk/FeCoNiPdPt_CE/fcc100/data/structures/1002.cif,-0.025063159687499947,bulk,32,32,32.0,-0.008634106088126512,-0.016429053599373435,0.016429053599373435,-0.008785597655563759,-0.01627756203193619,0.01627756203193619,fit
1003,/tmp/FeCoNiPdPt_CE_fc2lj8yk/FeCoNiPdPt_CE/fcc100/data/structures/1003.cif,-0.049927748750000056,bulk,32,32,32.0,-0.03419812283275338,-0.01572962591724668,0.01572962591724668,-0.0327016270941877,-0.017226121655812353,0.017226121655812353,fit
1004,/tmp/FeCoNiPdPt_CE_fc2lj8yk/FeCoNiPdPt_CE/fcc100/data/structures/1004.cif,-0.031205026249999435,bulk,32,32,32.0,-0.026164915015712838,-0.005040111234286597,0.005040111234286597,-0.027344545550401587,-0.003860480699597848,0.003860480699597848,fit
1005,/tmp/FeCoNiPdPt_CE_fc2lj8yk/FeCoNiPdPt_CE/fcc100/data/structures/1005.cif,-0.029753739062499562,bulk,32,32,32.0,-0.025924384194443522,-0.0038293548680560403,0.0038293548680560403,-0.024727623635240864,-0.005026115427258698,0.005026115427258698,fit
1006,/tmp/FeCoNiPdPt_CE_fc2lj8yk/FeCoNiPdPt_CE/fcc100/data/structures/1006.cif,-0.021489347812500448,bulk,32,32,32.0,-0.010584435263497982,-0.010904912549002466,0.010904912549002466,-0.011012523413080757,-0.010476824399419691,0.010476824399419691,fit
1007,/tmp/FeCoNiPdPt_CE_fc2lj8yk/FeCoNiPdPt_CE/fcc100/data/structures/1007.cif,-0.07159013937500003,bulk,32,32,32.0,-0.05569752007665348,-0.015892619298346546,0.015892619298346546,-0.05647750360827375,-0.015112635766726279,0.015112635766726279,fit
1008,/tmp/FeCoNiPdPt_CE_fc2lj8yk/FeCoNiPdPt_CE/fcc100/data/structures/1008.cif,-0.04950494062499988,bulk,32,32,32.0,-0.043385926756156615,-0.006119013868843268,0.006119013868843268,-0.04444323626304199,-0.005061704361957894,0.005061704361957894,fit
1009,/tmp/FeCoNiPdPt_CE_fc2lj8yk/FeCoNiPdPt_CE/fcc100/data/structures/1009.cif,-0.014345015624999569,bulk,32,32,32.0,-0.017318108885419143,0.0029730932604195744,0.0029730932604195744,-0.015702552783262103,0.001357537158262534,0.001357537158262534,fit
1010,/tmp/FeCoNiPdPt_CE_fc2lj8yk/FeCoNiPdPt_CE/fcc100/data/structures/1010.cif,-0.05120073843750017,bulk,32,32,32.0,-0.05271355265470758,0.001512814217207406,0.001512814217207406,-0.053419247555849904,0.0022185091183497332,0.0022185091183497332,fit
1011,/tmp/FeCoNiPdPt_CE_fc2lj8yk/FeCoNiPdPt_CE/fcc100/data/structures/1011.cif,-0.04036623593750033,bulk,32,32,32.0,-0.03382256556766392,-0.006543670369836406,0.006543670369836406,-0.03543720047502551,-0.004929035462474821,0.004929035462474821,fit
1012,/tmp/FeCoNiPdPt_CE_fc2lj8yk/FeCoNiPdPt_CE/fcc100/data/structures/1012.cif,-0.062246821249999584,bulk,32,32,32.0,-0.05243225182639909,-0.009814569423600497,0.009814569423600497,-0.05269305015032626,-0.009553771099673328,0.009553771099673328,fit
1013,/tmp/FeCoNiPdPt_CE_fc2lj8yk/FeCoNiPdPt_CE/fcc100/data/structures/1013.cif,-0.059356442187500136,bulk,32,32,32.0,-0.03568224528943315,-0.023674196898066983,0.023674196898066983,-0.03637464680285811,-0.022981795384642026,0.022981795384642026,fit
1014,/tmp/FeCoNiPdPt_CE_fc2lj8yk/FeCoNiPdPt_CE/fcc100/data/structures/1014.cif,-0.009419967812499763,bulk,32,32,32.0,-0.027220974004123603,0.01780100619162384,0.01780100619162384,-0.02695550090713737,0.017535533094637606,0.017535533094637606,fit
1015,/tmp/FeCoNiPdPt_CE_fc2lj8yk/FeCoNiPdPt_CE/fcc100/data/structures/1015.cif,-0.026589911874999927,bulk,32,32,32.0,-0.03931710360150999,0.01272719172651006,0.01272719172651006,-0.04117353184372394,0.01458361996872401,0.01458361996872401,fit
1016,/tmp/FeCoNiPdPt_CE_fc2lj8yk/FeCoNiPdPt_CE/fcc100/data/structures/1016.cif,0.029214651562499583,bulk,32,32,32.0,-0.03158099719963976,0.060795648762139345,0.060795648762139345,-0.03377114041430038,0.06298579197679996,0.06298579197679996,holdout
1017,/tmp/FeCoNiPdPt_CE_fc2lj8yk/FeCoNiPdPt_CE/fcc100/data/structures/1017.cif,-0.045809299687499916,bulk,32,32,32.0,-0.040156343025576,-0.005652956661923919,0.005652956661923919,-0.04068063923803114,-0.005128660449468775,0.005128660449468775,fit
1018,/tmp/FeCoNiPdPt_CE_fc2lj8yk/FeCoNiPdPt_CE/fcc100/data/structures/1018.cif,-0.029101075625000306,bulk,32,32,32.0,-0.04429313213854544,0.015192056513545132,0.015192056513545132,-0.04567766718957743,0.016576591564577123,0.016576591564577123,fit
1019,/tmp/FeCoNiPdPt_CE_fc2lj8yk/FeCoNiPdPt_CE/fcc100/data/structures/1019.cif,-0.03276528593749983,bulk,32,32,32.0,-0.03202881306624717,-0.0007364728712526622,0.0007364728712526622,-0.03234821353607229,-0.0004170724014275415,0.0004170724014275415,fit
1020,/tmp/FeCoNiPdPt_CE_fc2lj8yk/FeCoNiPdPt_CE/fcc100/data/structures/1020.cif,-0.04941632968749943,bulk,32,32,32.0,-0.04256131560114879,-0.0068550140863506345,0.0068550140863506345,-0.04092079338930925,-0.008495536298190179,0.008495536298190179,fit
1021,/tmp/FeCoNiPdPt_CE_fc2lj8yk/FeCoNiPdPt_CE/fcc100/data/structures/1021.cif,-0.06024047625000062,bulk,32,32,32.0,-0.046567665916613724,-0.013672810333386895,0.013672810333386895,-0.04782000068997587,-0.012420475560024749,0.012420475560024749,holdout
1022,/tmp/FeCoNiPdPt_CE_fc2lj8yk/FeCoNiPdPt_CE/fcc100/data/structures/1022.cif,-0.055889378749999885,bulk,32,32,32.0,-0.049290876961017874,-0.006598501788982011,0.006598501788982011,-0.04908021153192424,-0.006809167218075646,0.006809167218075646,fit
1023,/tmp/FeCoNiPdPt_CE_fc2lj8yk/FeCoNiPdPt_CE/fcc100/data/structures/1023.cif,0.003284210624999062,bulk,32,32,32.0,-0.005429059144686485,0.008713269769685547,0.008713269769685547,-0.005882833004243172,0.009167043629242234,0.009167043629242234,fit
1024,/tmp/FeCoNiPdPt_CE_fc2lj8yk/FeCoNiPdPt_CE/fcc100/data/structures/1024.cif,-0.0379838596875004,bulk,32,32,32.0,-0.029319597519178838,-0.00866426216832156,0.00866426216832156,-0.02956477879203284,-0.00841908089546756,0.00841908089546756,fit
1025,/tmp/FeCoNiPdPt_CE_fc2lj8yk/FeCoNiPdPt_CE/fcc100/data/structures/1025.cif,-0.061070894062500436,bulk,32,32,32.0,-0.049366545927700275,-0.01170434813480016,0.01170434813480016,-0.04971372033821232,-0.011357173724288114,0.011357173724288114,holdout
1026,/tmp/FeCoNiPdPt_CE_fc2lj8yk/FeCoNiPdPt_CE/fcc100/data/structures/1026.cif,-0.07532255656249998,bulk,32,32,32.0,-0.06111015971419348,-0.014212396848306497,0.014212396848306497,-0.061032721989154604,-0.014289834573345372,0.014289834573345372,fit
1027,/tmp/FeCoNiPdPt_CE_fc2lj8yk/FeCoNiPdPt_CE/fcc100/data/structures/1027.cif,-0.01631424031250006,bulk,32,32,32.0,-0.004574553215704984,-0.011739687096795078,0.011739687096795078,-0.004426478679429663,-0.011887761633070398,0.011887761633070398,fit
1028,/tmp/FeCoNiPdPt_CE_fc2lj8yk/FeCoNiPdPt_CE/fcc100/data/structures/1028.cif,0.013107326562499466,bulk,32,32,32.0,-0.004433916765298262,0.017541243327797728,0.017541243327797728,-0.0037953273661311127,0.01690265392863058,0.01690265392863058,fit
1029,/tmp/FeCoNiPdPt_CE_fc2lj8yk/FeCoNiPdPt_CE/fcc100/data/structures/1029.cif,-0.0561806118749999,bulk,32,32,32.0,-0.05942098017519638,0.003240368300196486,0.003240368300196486,-0.05919001185379333,0.003009399978793431,0.003009399978793431,fit
1030,/tmp/FeCoNiPdPt_CE_fc2lj8yk/FeCoNiPdPt_CE/fcc100/data/structures/1030.cif,-0.0888322300000004,bulk,32,32,32.0,-0.06410233541077129,-0.024729894589229112,0.024729894589229112,-0.061547363056771165,-0.027284866943229236,0.027284866943229236,fit
1031,/tmp/FeCoNiPdPt_CE_fc2lj8yk/FeCoNiPdPt_CE/fcc100/data/structures/1031.cif,-0.05868656968750052,bulk,32,32,32.0,-0.03797544352730302,-0.020711126160197504,0.020711126160197504,-0.0392929656085601,-0.019393604078940425,0.019393604078940425,fit
1032,/tmp/FeCoNiPdPt_CE_fc2lj8yk/FeCoNiPdPt_CE/fcc100/data/structures/1032.cif,-0.06878019218749998,bulk,32,32,32.0,-0.04987540205512964,-0.018904790132370335,0.018904790132370335,-0.050143061820003304,-0.018637130367496674,0.018637130367496674,fit
1033,/tmp/FeCoNiPdPt_CE_fc2lj8yk/FeCoNiPdPt_CE/fcc100/data/structures/1033.cif,-0.03383113906249946,bulk,32,32,32.0,-0.0448584860142665,0.01102734695176704,0.01102734695176704,-0.04548814301282053,0.011657003950321071,0.011657003950321071,fit
1034,/tmp/FeCoNiPdPt_CE_fc2lj8yk/FeCoNiPdPt_CE/fcc100/data/structures/1034.cif,-0.04171639187500009,bulk,32,32,32.0,-0.026559894144228074,-0.015156497730772017,0.015156497730772017,-0.027970814880875015,-0.013745576994125076,0.013745576994125076,fit
1035,/tmp/FeCoNiPdPt_CE_fc2lj8yk/FeCoNiPdPt_CE/fcc100/data/structures/1035.cif,-0.05116325156249957,bulk,32,32,32.0,-0.04320259571873951,-0.007960655843760059,0.007960655843760059,-0.044666897832073636,-0.006496353730425931,0.006496353730425931,fit
1036,/tmp/FeCoNiPdPt_CE_fc2lj8yk/FeCoNiPdPt_CE/fcc100/data/structures/1036.cif,-0.0390395425000003,bulk,32,32,32.0,-0.05770259222682034,0.018663049726820036,0.018663049726820036,-0.0580949135697864,0.019055371069786095,0.019055371069786095,fit
1037,/tmp/FeCoNiPdPt_CE_fc2lj8yk/FeCoNiPdPt_CE/fcc100/data/structures/1037.cif,-0.05315755062500038,bulk,32,32,32.0,-0.043029076807961884,-0.010128473817038498,0.010128473817038498,-0.04331724702099444,-0.009840303604005944,0.009840303604005944,fit
1038,/tmp/FeCoNiPdPt_CE_fc2lj8yk/FeCoNiPdPt_CE/fcc100/data/structures/1038.cif,-0.04048177968750011,bulk,32,32,32.0,-0.02557477037368567,-0.014907009313814439,0.014907009313814439,-0.0255171048945542,-0.014964674792945908,0.014964674792945908,fit
1039,/tmp/FeCoNiPdPt_CE_fc2lj8yk/FeCoNiPdPt_CE/fcc100/data/structures/1039.cif,-0.017260890000000195,bulk,32,32,32.0,-0.011739925873103853,-0.005520964126896342,0.005520964126896342,-0.014615476723646152,-0.002645413276354043,0.002645413276354043,fit
1040,/tmp/FeCoNiPdPt_CE_fc2lj8yk/FeCoNiPdPt_CE/fcc100/data/structures/1040.cif,-0.0321117675,bulk,32,32,32.0,-0.03909661735800491,0.0069848498580049115,0.0069848498580049115,-0.039260081900237206,0.007148314400237207,0.007148314400237207,fit
1041,/tmp/FeCoNiPdPt_CE_fc2lj8yk/FeCoNiPdPt_CE/fcc100/data/structures/1041.cif,-0.059620479374999924,bulk,32,32,32.0,-0.04997516432962426,-0.009645315045375663,0.009645315045375663,-0.05122347326752444,-0.008397006107475485,0.008397006107475485,fit
1042,/tmp/FeCoNiPdPt_CE_fc2lj8yk/FeCoNiPdPt_CE/fcc100/data/structures/1042.cif,-0.08084880749999979,bulk,32,32,32.0,-0.05245784340891574,-0.028390964091084048,0.028390964091084048,-0.05239290075336658,-0.02845590674663321,0.02845590674663321,fit
1043,/tmp/FeCoNiPdPt_CE_fc2lj8yk/FeCoNiPdPt_CE/fcc100/data/structures/1043.cif,-0.07519815562500032,bulk,32,32,32.0,-0.06708956699401628,-0.008108588630984043,0.008108588630984043,-0.0674255782635147,-0.007772577361485622,0.007772577361485622,fit
1044,/tmp/FeCoNiPdPt_CE_fc2lj8yk/FeCoNiPdPt_CE/fcc100/data/structures/1044.cif,-0.06374002468750017,bulk,32,32,32.0,-0.04069917449789938,-0.023040850189600795,0.023040850189600795,-0.038705543531966174,-0.025034481155534,0.025034481155534,holdout
1045,/tmp/FeCoNiPdPt_CE_fc2lj8yk/FeCoNiPdPt_CE/fcc100/data/structures/1045.cif,-0.04813482281250003,bulk,32,32,32.0,-0.028463764539643596,-0.019671058272856437,0.019671058272856437,-0.02887302380425381,-0.019261799008246223,0.019261799008246223,fit
1046,/tmp/FeCoNiPdPt_CE_fc2lj8yk/FeCoNiPdPt_CE/fcc100/data/structures/1046.cif,0.003721479687500029,bulk,32,32,32.0,0.012943864092212126,-0.009222384404712097,0.009222384404712097,0.014521223271879553,-0.010799743584379524,0.010799743584379524,fit
1047,/tmp/FeCoNiPdPt_CE_fc2lj8yk/FeCoNiPdPt_CE/fcc100/data/structures/1047.cif,-0.011398588124999165,bulk,32,32,32.0,-0.02967117700990809,0.018272588884908927,0.018272588884908927,-0.029431855235086565,0.0180332671100874,0.0180332671100874,fit
1048,/tmp/FeCoNiPdPt_CE_fc2lj8yk/FeCoNiPdPt_CE/fcc100/data/structures/1048.cif,-0.037571020312499925,bulk,32,32,32.0,-0.014110813620837014,-0.023460206691662912,0.023460206691662912,-0.015096372768139039,-0.022474647544360887,0.022474647544360887,fit
1049,/tmp/FeCoNiPdPt_CE_fc2lj8yk/FeCoNiPdPt_CE/fcc100/data/structures/1049.cif,-0.03091015687499965,bulk,32,32,32.0,-0.02522629820132186,-0.005683858673677791,0.005683858673677791,-0.024647371527426097,-0.006262785347573553,0.006262785347573553,fit
1050,/tmp/FeCoNiPdPt_CE_fc2lj8yk/FeCoNiPdPt_CE/fcc100/data/structures/1050.cif,-0.015282005937500287,bulk,32,32,32.0,-0.016269056977243134,0.000987051039742847,0.000987051039742847,-0.01651357964450237,0.0012315737070020816,0.0012315737070020816,fit
1051,/tmp/FeCoNiPdPt_CE_fc2lj8yk/FeCoNiPdPt_CE/fcc100/data/structures/1051.cif,-0.07981957000000062,bulk,32,32,32.0,-0.05416250049902936,-0.025657069500971255,0.025657069500971255,-0.05436305451405366,-0.025456515485946955,0.025456515485946955,fit
1052,/tmp/FeCoNiPdPt_CE_fc2lj8yk/FeCoNiPdPt_CE/fcc100/data/structures/1052.cif,-0.02494981562499987,bulk,32,32,32.0,-0.027746847311323708,0.0027970316863238365,0.0027970316863238365,-0.027072072652397316,0.0021222570273974443,0.0021222570273974443,fit
1053,/tmp/FeCoNiPdPt_CE_fc2lj8yk/FeCoNiPdPt_CE/fcc100/data/structures/1053.cif,-0.09843699437499964,bulk,32,32,32.0,-0.06954334002001201,-0.028893654354987627,0.028893654354987627,-0.06949609795137142,-0.028940896423628223,0.028940896423628223,fit
1054,/tmp/FeCoNiPdPt_CE_fc2lj8yk/FeCoNiPdPt_CE/fcc100/data/structures/1054.cif,-0.06083572375000035,bulk,32,32,32.0,-0.03953699226500433,-0.021298731484996017,0.021298731484996017,-0.03941865153766667,-0.02141707221233368,0.02141707221233368,fit
1055,/tmp/FeCoNiPdPt_CE_fc2lj8yk/FeCoNiPdPt_CE/fcc100/data/structures/1055.cif,-0.07340022218750075,bulk,32,32,32.0,-0.07257240207233087,-0.0008278201151698805,0.0008278201151698805,-0.07386922131387694,0.000468999126376185,0.000468999126376185,fit
1056,/tmp/FeCoNiPdPt_CE_fc2lj8yk/FeCoNiPdPt_CE/fcc100/data/structures/1056.cif,-0.038143483125000266,bulk,32,32,32.0,-0.021084152994919718,-0.017059330130080548,0.017059330130080548,-0.020566996453644786,-0.01757648667135548,0.01757648667135548,fit
1057,/tmp/FeCoNiPdPt_CE_fc2lj8yk/FeCoNiPdPt_CE/fcc100/data/structures/1057.cif,-0.05397429312500002,bulk,32,32,32.0,-0.056368197979956715,0.002393904854956698,0.002393904854956698,-0.05622827958746693,0.0022539864624669115,0.0022539864624669115,fit
1058,/tmp/FeCoNiPdPt_CE_fc2lj8yk/FeCoNiPdPt_CE/fcc100/data/structures/1058.cif,-0.05189385375000022,bulk,32,32,32.0,-0.046151876888276086,-0.005741976861724132,0.005741976861724132,-0.045866664899371676,-0.006027188850628543,0.006027188850628543,fit
1059,/tmp/FeCoNiPdPt_CE_fc2lj8yk/FeCoNiPdPt_CE/fcc100/data/structures/1059.cif,-0.040579679374999955,bulk,32,32,32.0,-0.02103998411338055,-0.019539695261619406,0.019539695261619406,-0.021400806076334156,-0.0191788732986658,0.0191788732986658,fit
1060,/tmp/FeCoNiPdPt_CE_fc2lj8yk/FeCoNiPdPt_CE/fcc100/data/structures/1060.cif,-0.06398833874999976,bulk,32,32,32.0,-0.0526972386802711,-0.011291100069728666,0.011291100069728666,-0.05282991422794277,-0.011158424522056995,0.011158424522056995,fit
1061,/tmp/FeCoNiPdPt_CE_fc2lj8yk/FeCoNiPdPt_CE/fcc100/data/structures/1061.cif,-0.07040686843749988,bulk,32,32,32.0,-0.05203396415304194,-0.01837290428445794,0.01837290428445794,-0.051413009033785394,-0.018993859403714487,0.018993859403714487,fit
1062,/tmp/FeCoNiPdPt_CE_fc2lj8yk/FeCoNiPdPt_CE/fcc100/data/structures/1062.cif,-0.017592357812500126,bulk,32,32,32.0,-0.02614632335253267,0.008553965540032543,0.008553965540032543,-0.02590002946430585,0.008307671651805723,0.008307671651805723,fit
1063,/tmp/FeCoNiPdPt_CE_fc2lj8yk/FeCoNiPdPt_CE/fcc100/data/structures/1063.cif,-0.07195707656250061,bulk,32,32,32.0,-0.06317962578827732,-0.008777450774223289,0.008777450774223289,-0.06339570023164748,-0.008561376330853132,0.008561376330853132,fit
1064,/tmp/FeCoNiPdPt_CE_fc2lj8yk/FeCoNiPdPt_CE/fcc100/data/structures/1064.cif,-0.03958656687500017,bulk,32,32,32.0,-0.033588410227495286,-0.0059981566475048875,0.0059981566475048875,-0.0333391695422855,-0.00624739733271467,0.00624739733271467,fit
1065,/tmp/FeCoNiPdPt_CE_fc2lj8yk/FeCoNiPdPt_CE/fcc100/data/structures/1065.cif,-0.0569279915625005,bulk,32,32,32.0,-0.04012303343938129,-0.01680495812311921,0.01680495812311921,-0.039779655934438704,-0.017148335628061798,0.017148335628061798,fit
1066,/tmp/FeCoNiPdPt_CE_fc2lj8yk/FeCoNiPdPt_CE/fcc100/data/structures/1066.cif,-0.06226424687499943,bulk,32,32,32.0,-0.06564453723418323,0.003380290359183802,0.003380290359183802,-0.06615253539674223,0.0038882885217428054,0.0038882885217428054,fit
1067,/tmp/FeCoNiPdPt_CE_fc2lj8yk/FeCoNiPdPt_CE/fcc100/data/structures/1067.cif,-0.06788529000000043,bulk,32,32,32.0,-0.028156413185221916,-0.03972887681477852,0.03972887681477852,-0.02634146847862824,-0.04154382152137219,0.04154382152137219,fit
1068,/tmp/FeCoNiPdPt_CE_fc2lj8yk/FeCoNiPdPt_CE/fcc100/data/structures/1068.cif,-0.032246416250000465,bulk,32,32,32.0,-0.05015829890183103,0.017911882651830566,0.017911882651830566,-0.04923708439612651,0.016990668146126042,0.016990668146126042,fit
1069,/tmp/FeCoNiPdPt_CE_fc2lj8yk/FeCoNiPdPt_CE/fcc100/data/structures/1069.cif,-0.07803539281249972,bulk,32,32,32.0,-0.06554977656896174,-0.012485616243537973,0.012485616243537973,-0.06789364870657773,-0.010141744105921988,0.010141744105921988,fit
1070,/tmp/FeCoNiPdPt_CE_fc2lj8yk/FeCoNiPdPt_CE/fcc100/data/structures/1070.cif,0.07943335312500022,bulk,32,32,32.0,-0.00818997708131773,0.08762333020631795,0.08762333020631795,-0.007609025087727692,0.08704237821272791,0.08704237821272791,fit
1071,/tmp/FeCoNiPdPt_CE_fc2lj8yk/FeCoNiPdPt_CE/fcc100/data/structures/1071.cif,-0.06140914343750037,bulk,32,32,32.0,-0.03299571591860963,-0.02841342751889074,0.02841342751889074,-0.03243508350550263,-0.02897405993199774,0.02897405993199774,fit
1072,/tmp/FeCoNiPdPt_CE_fc2lj8yk/FeCoNiPdPt_CE/fcc100/data/structures/1072.cif,-0.07371821687499924,bulk,32,32,32.0,-0.06560107262569753,-0.008117144249301711,0.008117144249301711,-0.06749674152615324,-0.006221475348845998,0.006221475348845998,fit
1073,/tmp/FeCoNiPdPt_CE_fc2lj8yk/FeCoNiPdPt_CE/fcc100/data/structures/1073.cif,-0.042470618750000355,bulk,32,32,32.0,-0.03395518425793689,-0.008515434492063462,0.008515434492063462,-0.03248930377449468,-0.009981314975505674,0.009981314975505674,fit
1074,/tmp/FeCoNiPdPt_CE_fc2lj8yk/FeCoNiPdPt_CE/fcc100/data/structures/1074.cif,-0.029074244999999443,bulk,32,32,32.0,-0.04656697560311589,0.017492730603116444,0.017492730603116444,-0.04963436339851034,0.020560118398510893,0.020560118398510893,holdout
1075,/tmp/FeCoNiPdPt_CE_fc2lj8yk/FeCoNiPdPt_CE/fcc100/data/structures/1075.cif,-0.036280487187499766,bulk,32,32,32.0,-0.03399983516278804,-0.002280652024711727,0.002280652024711727,-0.03353804579866971,-0.0027424413888300567,0.0027424413888300567,fit
1076,/tmp/FeCoNiPdPt_CE_fc2lj8yk/FeCoNiPdPt_CE/fcc100/data/structures/1076.cif,-0.008226968437499593,bulk,32,32,32.0,-0.009736536072530853,0.00150956763503126,0.00150956763503126,-0.011680430642461352,0.0034534622049617585,0.0034534622049617585,fit
1077,/tmp/FeCoNiPdPt_CE_fc2lj8yk/FeCoNiPdPt_CE/fcc100/data/structures/1077.cif,0.005796564687499561,bulk,32,32,32.0,0.010541032247282422,-0.004744467559782861,0.004744467559782861,0.010473773960212809,-0.004677209272713248,0.004677209272713248,fit
1078,/tmp/FeCoNiPdPt_CE_fc2lj8yk/FeCoNiPdPt_CE/fcc100/data/structures/1078.cif,-0.05460085406249959,bulk,32,32,32.0,-0.036803501492657514,-0.01779735256984208,0.01779735256984208,-0.035107954890834674,-0.01949289917166492,0.01949289917166492,fit
1079,/tmp/FeCoNiPdPt_CE_fc2lj8yk/FeCoNiPdPt_CE/fcc100/data/structures/1079.cif,-0.07762336812499981,bulk,32,32,32.0,-0.05230462448852162,-0.025318743636478194,0.025318743636478194,-0.0528504742479641,-0.024772893877035712,0.024772893877035712,fit
1080,/tmp/FeCoNiPdPt_CE_fc2lj8yk/FeCoNiPdPt_CE/fcc100/data/structures/1080.cif,-0.09629535531249989,bulk,32,32,32.0,-0.07932979196042822,-0.016965563352071666,0.016965563352071666,-0.0818608561692408,-0.014434499143259089,0.014434499143259089,fit
1081,/tmp/FeCoNiPdPt_CE_fc2lj8yk/FeCoNiPdPt_CE/fcc100/data/structures/1081.cif,-0.044157750624999714,bulk,32,32,32.0,-0.051779840536416585,0.007622089911416871,0.007622089911416871,-0.051247557316960936,0.0070898066919612215,0.0070898066919612215,fit
1082,/tmp/FeCoNiPdPt_CE_fc2lj8yk/FeCoNiPdPt_CE/fcc100/data/structures/1082.cif,-0.05121032000000003,bulk,32,32,32.0,-0.02930526264196861,-0.021905057358031423,0.021905057358031423,-0.028270358326829143,-0.02293996167317089,0.02293996167317089,fit
1083,/tmp/FeCoNiPdPt_CE_fc2lj8yk/FeCoNiPdPt_CE/fcc100/data/structures/1083.cif,-0.06886291906250008,bulk,32,32,32.0,-0.06169104028003259,-0.007171878782467493,0.007171878782467493,-0.06198738765184107,-0.006875531410659011,0.006875531410659011,fit
1084,/tmp/FeCoNiPdPt_CE_fc2lj8yk/FeCoNiPdPt_CE/fcc100/data/structures/1084.cif,-0.09505336562499966,bulk,32,32,32.0,-0.07868935321062583,-0.016364012414373838,0.016364012414373838,-0.07947670171719085,-0.015576663907808819,0.015576663907808819,fit
1085,/tmp/FeCoNiPdPt_CE_fc2lj8yk/FeCoNiPdPt_CE/fcc100/data/structures/1085.cif,-0.0973430878124999,bulk,32,32,32.0,-0.06898658751565845,-0.028356500296841447,0.028356500296841447,-0.06954865242566693,-0.02779443538683296,0.02779443538683296,fit
1086,/tmp/FeCoNiPdPt_CE_fc2lj8yk/FeCoNiPdPt_CE/fcc100/data/structures/1086.cif,-0.060703976250000125,bulk,32,32,32.0,-0.059287595158317094,-0.0014163810916830305,0.0014163810916830305,-0.05884670998000843,-0.001857266269991692,0.001857266269991692,holdout
1087,/tmp/FeCoNiPdPt_CE_fc2lj8yk/FeCoNiPdPt_CE/fcc100/data/structures/1087.cif,-0.011329978437499832,bulk,32,32,32.0,-0.02073506762610222,0.009405089188602389,0.009405089188602389,-0.01934634761376673,0.0080163691762669,0.0080163691762669,fit
1088,/tmp/FeCoNiPdPt_CE_fc2lj8yk/FeCoNiPdPt_CE/fcc100/data/structures/1088.cif,-0.055934542500000184,bulk,32,32,32.0,-0.06184509938013465,0.005910556880134463,0.005910556880134463,-0.0611613045314727,0.005226762031472515,0.005226762031472515,fit
1089,/tmp/FeCoNiPdPt_CE_fc2lj8yk/FeCoNiPdPt_CE/fcc100/data/structures/1089.cif,-0.040367871562499325,bulk,32,32,32.0,-0.04255801209056777,0.0021901405280684433,0.0021901405280684433,-0.04332698452838361,0.002959112965884282,0.002959112965884282,fit
1090,/tmp/FeCoNiPdPt_CE_fc2lj8yk/FeCoNiPdPt_CE/fcc100/data/structures/1090.cif,-0.01820356125,bulk,32,32,32.0,-0.0004441561562865074,-0.017759405093713494,0.017759405093713494,-0.0010681957746536777,-0.01713536547534632,0.01713536547534632,fit
1091,/tmp/FeCoNiPdPt_CE_fc2lj8yk/FeCoNiPdPt_CE/fcc100/data/structures/1091.cif,-0.05257264656249916,bulk,32,32,32.0,-0.05286363032582567,0.00029098376332650777,0.00029098376332650777,-0.051895940609040514,-0.000676705953458645,0.000676705953458645,fit
1092,/tmp/FeCoNiPdPt_CE_fc2lj8yk/FeCoNiPdPt_CE/fcc100/data/structures/1092.cif,-0.038596249374999836,bulk,32,32,32.0,-0.02409278315882936,-0.014503466216170477,0.014503466216170477,-0.02323491838872177,-0.015361330986278066,0.015361330986278066,holdout
1093,/tmp/FeCoNiPdPt_CE_fc2lj8yk/FeCoNiPdPt_CE/fcc100/data/structures/1093.cif,-0.045074738437500095,bulk,32,32,32.0,-0.041658994690942065,-0.0034157437465580295,0.0034157437465580295,-0.041595923935273595,-0.0034788145022265,0.0034788145022265,fit
1094,/tmp/FeCoNiPdPt_CE_fc2lj8yk/FeCoNiPdPt_CE/fcc100/data/structures/1094.cif,-0.040433764062499655,bulk,32,32,32.0,-0.052955213373171786,0.01252144931067213,0.01252144931067213,-0.05311921885281015,0.012685454790310496,0.012685454790310496,fit
1095,/tmp/FeCoNiPdPt_CE_fc2lj8yk/FeCoNiPdPt_CE/fcc100/data/structures/1095.cif,-0.05870406000000017,bulk,32,32,32.0,-0.05623186585693056,-0.0024721941430696087,0.0024721941430696087,-0.05535830540651013,-0.0033457545934900412,0.0033457545934900412,holdout
1096,/tmp/FeCoNiPdPt_CE_fc2lj8yk/FeCoNiPdPt_CE/fcc100/data/structures/1096.cif,-0.05349430125000065,bulk,32,32,32.0,-0.04483929056707337,-0.008655010682927282,0.008655010682927282,-0.04607000422654403,-0.007424297023456622,0.007424297023456622,fit
1097,/tmp/FeCoNiPdPt_CE_fc2lj8yk/FeCoNiPdPt_CE/fcc100/data/structures/1097.cif,-0.04106034375000078,bulk,32,32,32.0,-0.03605615054856573,-0.005004193201435053,0.005004193201435053,-0.03792424676270182,-0.0031360969872989627,0.0031360969872989627,fit
1098,/tmp/FeCoNiPdPt_CE_fc2lj8yk/FeCoNiPdPt_CE/fcc100/data/structures/1098.cif,-0.04763962031249935,bulk,32,32,32.0,-0.040492776285591205,-0.007146844026908149,0.007146844026908149,-0.041061854228679015,-0.006577766083820338,0.006577766083820338,fit
1099,/tmp/FeCoNiPdPt_CE_fc2lj8yk/FeCoNiPdPt_CE/fcc100/data/structures/1099.cif,-0.07184259250000036,bulk,32,32,32.0,-0.05201552573951591,-0.01982706676048445,0.01982706676048445,-0.052312006202098006,-0.01953058629790235,0.01953058629790235,fit
1100,/tmp/FeCoNiPdPt_CE_fc2lj8yk/FeCoNiPdPt_CE/fcc100/data/structures/1100.cif,0.1482773535185189,slab100,54,108,54.0,0.13865570939179,0.00962164412672889,0.00962164412672889,0.1377320080894896,0.010545345429029296,0.010545345429029296,holdout
1101,/tmp/FeCoNiPdPt_CE_fc2lj8yk/FeCoNiPdPt_CE/fcc100/data/structures/1101.cif,0.22606832481481462,slab100,54,108,54.0,0.21669473559124328,0.009373589223571344,0.009373589223571344,0.21838017981725708,0.0076881449975575444,0.0076881449975575444,fit
1102,/tmp/FeCoNiPdPt_CE_fc2lj8yk/FeCoNiPdPt_CE/fcc100/data/structures/1102.cif,0.19232754888888812,slab100,54,108,54.0,0.19539466649879741,-0.003067117609909298,0.003067117609909298,0.19492030652428244,-0.0025927576353943216,0.0025927576353943216,fit
1103,/tmp/FeCoNiPdPt_CE_fc2lj8yk/FeCoNiPdPt_CE/fcc100/data/structures/1103.cif,0.20176785111111165,slab100,54,108,54.0,0.20803689372289044,-0.006269042611778797,0.006269042611778797,0.2058940635773822,-0.004126212466270568,0.004126212466270568,fit
1104,/tmp/FeCoNiPdPt_CE_fc2lj8yk/FeCoNiPdPt_CE/fcc100/data/structures/1104.cif,0.23033140962962972,slab100,54,108,54.0,0.2380630992025445,-0.007731689572914785,0.007731689572914785,0.23869405048962145,-0.008362640859991721,0.008362640859991721,fit
1105,/tmp/FeCoNiPdPt_CE_fc2lj8yk/FeCoNiPdPt_CE/fcc100/data/structures/1105.cif,0.19437376018518543,slab100,54,108,54.0,0.1872649753802257,0.007108784804959717,0.007108784804959717,0.1870309906667941,0.007342769518391329,0.007342769518391329,fit
1106,/tmp/FeCoNiPdPt_CE_fc2lj8yk/FeCoNiPdPt_CE/fcc100/data/structures/1106.cif,0.18891794759259206,slab100,54,108,54.0,0.18146456747800493,0.007453380114587127,0.007453380114587127,0.18156198696828518,0.007355960624306879,0.007355960624306879,fit
1107,/tmp/FeCoNiPdPt_CE_fc2lj8yk/FeCoNiPdPt_CE/fcc100/data/structures/1107.cif,0.1592958879629628,slab100,54,108,54.0,0.16211771033441533,-0.002821822371452537,0.002821822371452537,0.16131909995132662,-0.002023211988363832,0.002023211988363832,fit
1108,/tmp/FeCoNiPdPt_CE_fc2lj8yk/FeCoNiPdPt_CE/fcc100/data/structures/1108.cif,0.19154017611111207,slab100,54,108,54.0,0.18409835768104177,0.007441818430070302,0.007441818430070302,0.18396900237614203,0.007571173734970044,0.007571173734970044,fit
1109,/tmp/FeCoNiPdPt_CE_fc2lj8yk/FeCoNiPdPt_CE/fcc100/data/structures/1109.cif,0.22773279296296356,slab100,54,108,54.0,0.23556103785281612,-0.007828244889852565,0.007828244889852565,0.23666168182277442,-0.008928888859810857,0.008928888859810857,fit
1110,/tmp/FeCoNiPdPt_CE_fc2lj8yk/FeCoNiPdPt_CE/fcc100/data/structures/1110.cif,0.2112681861111117,slab100,54,108,54.0,0.20658456529671457,0.0046836208143971325,0.0046836208143971325,0.20737279210101217,0.003895394010099529,0.003895394010099529,holdout
1111,/tmp/FeCoNiPdPt_CE_fc2lj8yk/FeCoNiPdPt_CE/fcc100/data/structures/1111.cif,0.22771705537037004,slab100,54,108,54.0,0.22278710938274382,0.004929945987626222,0.004929945987626222,0.22314545459072724,0.004571600779642804,0.004571600779642804,fit
1112,/tmp/FeCoNiPdPt_CE_fc2lj8yk/FeCoNiPdPt_CE/fcc100/data/structures/1112.cif,0.18794215833333355,slab100,54,108,54.0,0.17995451818433078,0.007987640149002773,0.007987640149002773,0.1791346037884514,0.008807554544882162,0.008807554544882162,fit
1113,/tmp/FeCoNiPdPt_CE_fc2lj8yk/FeCoNiPdPt_CE/fcc100/data/structures/1113.cif,0.19419601185185165,slab100,54,108,54.0,0.2146729241090194,-0.020476912257167745,0.020476912257167745,0.21355498993696745,-0.019358978085115802,0.019358978085115802,fit
1114,/tmp/FeCoNiPdPt_CE_fc2lj8yk/FeCoNiPdPt_CE/fcc100/data/structures/1114.cif,0.17066885962962938,slab100,54,108,54.0,0.16624983109884284,0.004419028530786545,0.004419028530786545,0.16589950194752373,0.004769357682105652,0.004769357682105652,fit
1115,/tmp/FeCoNiPdPt_CE_fc2lj8yk/FeCoNiPdPt_CE/fcc100/data/structures/1115.cif,0.15903091277777687,slab100,54,108,54.0,0.1678467506289046,-0.008815837851127745,0.008815837851127745,0.1665378131424703,-0.007506900364693425,0.007506900364693425,fit
1116,/tmp/FeCoNiPdPt_CE_fc2lj8yk/FeCoNiPdPt_CE/fcc100/data/structures/1116.cif,0.1535308425925924,slab100,54,108,54.0,0.14677988182306842,0.006750960769523973,0.006750960769523973,0.14454124208061714,0.008989600511975254,0.008989600511975254,fit
1117,/tmp/FeCoNiPdPt_CE_fc2lj8yk/FeCoNiPdPt_CE/fcc100/data/structures/1117.cif,0.1587612594444444,slab100,54,108,54.0,0.15961750664524188,-0.0008562472007974664,0.0008562472007974664,0.15919700677519294,-0.000435747330748526,0.000435747330748526,fit
1118,/tmp/FeCoNiPdPt_CE_fc2lj8yk/FeCoNiPdPt_CE/fcc100/data/structures/1118.cif,0.14655736611111134,slab100,54,108,54.0,0.14299443387651312,0.0035629322345982206,0.0035629322345982206,0.1429567239492913,0.0036006421618200446,0.0036006421618200446,fit
1119,/tmp/FeCoNiPdPt_CE_fc2lj8yk/FeCoNiPdPt_CE/fcc100/data/structures/1119.cif,0.17016251333333376,slab100,54,108,54.0,0.16759130832709593,0.0025712050062378367,0.0025712050062378367,0.16539411492033565,0.004768398412998115,0.004768398412998115,fit
1120,/tmp/FeCoNiPdPt_CE_fc2lj8yk/FeCoNiPdPt_CE/fcc100/data/structures/1120.cif,0.181840588333333,slab100,54,108,54.0,0.1724391212556178,0.009401467077715192,0.009401467077715192,0.17320716586876647,0.008633422464566526,0.008633422464566526,fit
1121,/tmp/FeCoNiPdPt_CE_fc2lj8yk/FeCoNiPdPt_CE/fcc100/data/structures/1121.cif,0.21287182907407445,slab100,54,108,54.0,0.2018182441839986,0.011053584890075852,0.011053584890075852,0.20205427843515766,0.01081755063891679,0.01081755063891679,fit
1122,/tmp/FeCoNiPdPt_CE_fc2lj8yk/FeCoNiPdPt_CE/fcc100/data/structures/1122.cif,0.16305883814814803,slab100,54,108,54.0,0.15805215594763353,0.005006682200514506,0.005006682200514506,0.1562724680560395,0.006786370092108529,0.006786370092108529,holdout
1123,/tmp/FeCoNiPdPt_CE_fc2lj8yk/FeCoNiPdPt_CE/fcc100/data/structures/1123.cif,0.17824603592592536,slab100,54,108,54.0,0.18900288804852136,-0.010756852122596,0.010756852122596,0.18804831252972545,-0.009802276603800092,0.009802276603800092,fit
1124,/tmp/FeCoNiPdPt_CE_fc2lj8yk/FeCoNiPdPt_CE/fcc100/data/structures/1124.cif,0.1801008581481485,slab100,54,108,54.0,0.17162443876810782,0.008476419380040678,0.008476419380040678,0.16951863423820396,0.010582223909944538,0.010582223909944538,holdout
1125,/tmp/FeCoNiPdPt_CE_fc2lj8yk/FeCoNiPdPt_CE/fcc100/data/structures/1125.cif,0.1537583409259258,slab100,54,108,54.0,0.1813879124858004,-0.02762957155987461,0.02762957155987461,0.18136017172573327,-0.027601830799807464,0.027601830799807464,fit
1126,/tmp/FeCoNiPdPt_CE_fc2lj8yk/FeCoNiPdPt_CE/fcc100/data/structures/1126.cif,0.20116561148148127,slab100,54,108,54.0,0.20498891544888753,-0.0038233039674062663,0.0038233039674062663,0.20582424011226988,-0.004658628630788614,0.004658628630788614,fit
1127,/tmp/FeCoNiPdPt_CE_fc2lj8yk/FeCoNiPdPt_CE/fcc100/data/structures/1127.cif,0.1748695777777782,slab100,54,108,54.0,0.17574415855204215,-0.0008745807742639444,0.0008745807742639444,0.17504957921871442,-0.00018000144093621717,0.00018000144093621717,fit
1128,/tmp/FeCoNiPdPt_CE_fc2lj8yk/FeCoNiPdPt_CE/fcc100/data/structures/1128.cif,0.12544694055555564,slab100,54,108,54.0,0.12710298513551746,-0.001656044579961824,0.001656044579961824,0.12690283661119398,-0.0014558960556383393,0.0014558960556383393,holdout
1129,/tmp/FeCoNiPdPt_CE_fc2lj8yk/FeCoNiPdPt_CE/fcc100/data/structures/1129.cif,0.16403618759259253,slab100,54,108,54.0,0.17391361416729065,-0.009877426574698117,0.009877426574698117,0.1738377092137914,-0.009801521621198878,0.009801521621198878,fit
1130,/tmp/FeCoNiPdPt_CE_fc2lj8yk/FeCoNiPdPt_CE/fcc100/data/structures/1130.cif,0.17543355722222242,slab100,54,108,54.0,0.19458015538963416,-0.019146598167411738,0.019146598167411738,0.194576158745489,-0.019142601523266578,0.019142601523266578,fit
1131,/tmp/FeCoNiPdPt_CE_fc2lj8yk/FeCoNiPdPt_CE/fcc100/data/structures/1131.cif,0.17707642499999987,slab100,54,108,54.0,0.17859547884257693,-0.0015190538425770561,0.0015190538425770561,0.17886803929536849,-0.0017916142953686154,0.0017916142953686154,fit
1132,/tmp/FeCoNiPdPt_CE_fc2lj8yk/FeCoNiPdPt_CE/fcc100/data/structures/1132.cif,0.14678855388888856,slab100,54,108,54.0,0.1335778351402729,0.013210718748615652,0.013210718748615652,0.13330597686698137,0.013482577021907194,0.013482577021907194,fit
1133,/tmp/FeCoNiPdPt_CE_fc2lj8yk/FeCoNiPdPt_CE/fcc100/data/structures/1133.cif,0.18539248629629676,slab100,54,108,54.0,0.18698862042090228,-0.0015961341246055194,0.0015961341246055194,0.18752739793039516,-0.002134911634098402,0.002134911634098402,fit
1134,/tmp/FeCoNiPdPt_CE_fc2lj8yk/FeCoNiPdPt_CE/fcc100/data/structures/1134.cif,0.14806611999999944,slab100,54,108,54.0,0.14459598359418468,0.0034701364058147555,0.0034701364058147555,0.1444014516585607,0.003664668341438748,0.003664668341438748,fit
1135,/tmp/FeCoNiPdPt_CE_fc2lj8yk/FeCoNiPdPt_CE/fcc100/data/structures/1135.cif,0.18969576648148148,slab100,54,108,54.0,0.1892247855102171,0.0004709809712643842,0.0004709809712643842,0.1886474815599214,0.0010482849215600887,0.0010482849215600887,fit
1136,/tmp/FeCoNiPdPt_CE_fc2lj8yk/FeCoNiPdPt_CE/fcc100/data/structures/1136.cif,0.20093752000000076,slab100,54,108,54.0,0.220389906874878,-0.019452386874877242,0.019452386874877242,0.21928027989867305,-0.01834275989867229,0.01834275989867229,fit
1137,/tmp/FeCoNiPdPt_CE_fc2lj8yk/FeCoNiPdPt_CE/fcc100/data/structures/1137.cif,0.2246598600000006,slab100,54,108,54.0,0.22950525954222145,-0.004845399542220852,0.004845399542220852,0.23024829052751083,-0.005588430527510235,0.005588430527510235,fit
1138,/tmp/FeCoNiPdPt_CE_fc2lj8yk/FeCoNiPdPt_CE/fcc100/data/structures/1138.cif,0.19110748611111225,slab100,54,108,54.0,0.193809337590059,-0.0027018514789467485,0.0027018514789467485,0.19369466414952038,-0.0025871780384081333,0.0025871780384081333,fit
1139,/tmp/FeCoNiPdPt_CE_fc2lj8yk/FeCoNiPdPt_CE/fcc100/data/structures/1139.cif,0.160082108888888,slab100,54,108,54.0,0.14140969940012826,0.018672409488759728,0.018672409488759728,0.14100014103647862,0.01908196785240937,0.01908196785240937,fit
1140,/tmp/FeCoNiPdPt_CE_fc2lj8yk/FeCoNiPdPt_CE/fcc100/data/structures/1140.cif,0.22206407703703657,slab100,54,108,54.0,0.2089598271199633,0.013104249917073263,0.013104249917073263,0.21061678671159348,0.011447290325443088,0.011447290325443088,fit
1141,/tmp/FeCoNiPdPt_CE_fc2lj8yk/FeCoNiPdPt_CE/fcc100/data/structures/1141.cif,0.18791236685185217,slab100,54,108,54.0,0.17611195670303736,0.011800410148814805,0.011800410148814805,0.17556269618640225,0.012349670665449924,0.012349670665449924,fit
1142,/tmp/FeCoNiPdPt_CE_fc2lj8yk/FeCoNiPdPt_CE/fcc100/data/structures/1142.cif,0.1670739466666665,slab100,54,108,54.0,0.17146177916958003,-0.0043878325029135246,0.0043878325029135246,0.17053613282648664,-0.0034621861598201353,0.0034621861598201353,fit
1143,/tmp/FeCoNiPdPt_CE_fc2lj8yk/FeCoNiPdPt_CE/fcc100/data/structures/1143.cif,0.23622856185185193,slab100,54,108,54.0,0.2385495340309158,-0.0023209721790638793,0.0023209721790638793,0.2393897574571135,-0.0031611956052615686,0.0031611956052615686,fit
1144,/tmp/FeCoNiPdPt_CE_fc2lj8yk/FeCoNiPdPt_CE/fcc100/data/structures/1144.cif,0.16334504407407419,slab100,54,108,54.0,0.1651502505910586,-0.0018052065169844034,0.0018052065169844034,0.16339999454339973,-5.49504693255487e-05,5.49504693255487e-05,fit
1145,/tmp/FeCoNiPdPt_CE_fc2lj8yk/FeCoNiPdPt_CE/fcc100/data/structures/1145.cif,0.21083160333333345,slab100,54,108,54.0,0.1921209182513621,0.01871068508197135,0.01871068508197135,0.1907129483596667,0.020118654973666744,0.020118654973666744,fit
1146,/tmp/FeCoNiPdPt_CE_fc2lj8yk/FeCoNiPdPt_CE/fcc100/data/structures/1146.cif,0.1599412044444448,slab100,54,108,54.0,0.1517653163260942,0.0081758881183506,0.0081758881183506,0.14947694533186748,0.010464259112577312,0.010464259112577312,fit
1147,/tmp/FeCoNiPdPt_CE_fc2lj8yk/FeCoNiPdPt_CE/fcc100/data/structures/1147.cif,0.1887191688888884,slab100,54,108,54.0,0.18841940215446926,0.0002997667344191435,0.0002997667344191435,0.18813132456085505,0.0005878443280333545,0.0005878443280333545,fit
1148,/tmp/FeCoNiPdPt_CE_fc2lj8yk/FeCoNiPdPt_CE/fcc100/data/structures/1148.cif,0.17797785703703645,slab100,54,108,54.0,0.17672726386074833,0.0012505931762881173,0.0012505931762881173,0.17593206042130405,0.002045796615732398,0.002045796615732398,fit
1149,/tmp/FeCoNiPdPt_CE_fc2lj8yk/FeCoNiPdPt_CE/fcc100/data/structures/1149.cif,0.1839376796296295,slab100,54,108,54.0,0.18615858834552013,-0.0022209087158906182,0.0022209087158906182,0.18577651978326143,-0.001838840153631921,0.001838840153631921,fit
1150,/tmp/FeCoNiPdPt_CE_fc2lj8yk/FeCoNiPdPt_CE/fcc100/data/structures/1150.cif,0.14571668851851777,slab100,54,108,54.0,0.14133844137901186,0.004378247139505909,0.004378247139505909,0.14136270999460038,0.00435397852391739,0.00435397852391739,holdout
1151,/tmp/FeCoNiPdPt_CE_fc2lj8yk/FeCoNiPdPt_CE/fcc100/data/structures/1151.cif,0.18793911925926027,slab100,54,108,54.0,0.19085044594815148,-0.0029113266888912137,0.0029113266888912137,0.1901548579230525,-0.0022157386637922383,0.0022157386637922383,fit
1152,/tmp/FeCoNiPdPt_CE_fc2lj8yk/FeCoNiPdPt_CE/fcc100/data/structures/1152.cif,0.2060974701851853,slab100,54,108,54.0,0.2068403418895648,-0.0007428717043795052,0.0007428717043795052,0.20730665928554862,-0.0012091891003633282,0.0012091891003633282,fit
1153,/tmp/FeCoNiPdPt_CE_fc2lj8yk/FeCoNiPdPt_CE/fcc100/data/structures/1153.cif,0.2014839120370366,slab100,54,108,54.0,0.19671649552793016,0.004767416509106448,0.004767416509106448,0.20025991015815886,0.0012240018788777507,0.0012240018788777507,fit
1154,/tmp/FeCoNiPdPt_CE_fc2lj8yk/FeCoNiPdPt_CE/fcc100/data/structures/1154.cif,0.18259347629629652,slab100,54,108,54.0,0.17234904958269298,0.010244426713603538,0.010244426713603538,0.17183541174839687,0.010758064547899654,0.010758064547899654,fit
1155,/tmp/FeCoNiPdPt_CE_fc2lj8yk/FeCoNiPdPt_CE/fcc100/data/structures/1155.cif,0.20734122851851777,slab100,54,108,54.0,0.20045607134142207,0.006885157177095702,0.006885157177095702,0.20094538077221516,0.006395847746302613,0.006395847746302613,fit
1156,/tmp/FeCoNiPdPt_CE_fc2lj8yk/FeCoNiPdPt_CE/fcc100/data/structures/1156.cif,0.15977163611111045,slab100,54,108,54.0,0.16225400361134204,-0.0024823675002315915,0.0024823675002315915,0.16263366660024745,-0.0028620304891369963,0.0028620304891369963,fit
1157,/tmp/FeCoNiPdPt_CE_fc2lj8yk/FeCoNiPdPt_CE/fcc100/data/structures/1157.cif,0.2415679944444441,slab100,54,108,54.0,0.22617470283764662,0.015393291606797477,0.015393291606797477,0.22610545046375394,0.015462543980690163,0.015462543980690163,fit
1158,/tmp/FeCoNiPdPt_CE_fc2lj8yk/FeCoNiPdPt_CE/fcc100/data/structures/1158.cif,0.17107873129629597,slab100,54,108,54.0,0.16633752467727198,0.0047412066190239965,0.0047412066190239965,0.16598386636100032,0.005094864935295651,0.005094864935295651,fit
1159,/tmp/FeCoNiPdPt_CE_fc2lj8yk/FeCoNiPdPt_CE/fcc100/data/structures/1159.cif,0.21608479759259194,slab100,54,108,54.0,0.21906064992992264,-0.002975852337330692,0.002975852337330692,0.21865141708455643,-0.002566619491964489,0.002566619491964489,fit
1160,/tmp/FeCoNiPdPt_CE_fc2lj8yk/FeCoNiPdPt_CE/fcc100/data/structures/1160.cif,0.15693106648148122,slab100,54,108,54.0,0.15835112790626135,-0.001420061424780128,0.001420061424780128,0.15760701950825692,-0.0006759530267756997,0.0006759530267756997,fit
1161,/tmp/FeCoNiPdPt_CE_fc2lj8yk/FeCoNiPdPt_CE/fcc100/data/structures/1161.cif,0.2170095424074079,slab100,54,108,54.0,0.20984998210052488,0.007159560306883028,0.007159560306883028,0.20907906667428225,0.007930475733125664,0.007930475733125664,fit
1162,/tmp/FeCoNiPdPt_CE_fc2lj8yk/FeCoNiPdPt_CE/fcc100/data/structures/1162.cif,0.17493716388888933,slab100,54,108,54.0,0.1681275642377737,0.006809599651115633,0.006809599651115633,0.16847003648241832,0.006467127406471013,0.006467127406471013,holdout
1163,/tmp/FeCoNiPdPt_CE_fc2lj8yk/FeCoNiPdPt_CE/fcc100/data/structures/1163.cif,0.16181351481481515,slab100,54,108,54.0,0.1458389632524228,0.01597455156239236,0.01597455156239236,0.1454470920523589,0.016366422762456256,0.016366422762456256,fit
1164,/tmp/FeCoNiPdPt_CE_fc2lj8yk/FeCoNiPdPt_CE/fcc100/data/structures/1164.cif,0.20966418870370335,slab100,54,108,54.0,0.2118852104169381,-0.0022210217132347665,0.0022210217132347665,0.21304017732588257,-0.0033759886221792212,0.0033759886221792212,fit
1165,/tmp/FeCoNiPdPt_CE_fc2lj8yk/FeCoNiPdPt_CE/fcc100/data/structures/1165.cif,0.17900051518518434,slab100,54,108,54.0,0.19562710649039766,-0.016626591305213323,0.016626591305213323,0.19504519918236765,-0.016044683997183312,0.016044683997183312,fit
1166,/tmp/FeCoNiPdPt_CE_fc2lj8yk/FeCoNiPdPt_CE/fcc100/data/structures/1166.cif,0.18617870777777792,slab100,54,108,54.0,0.1668067015588303,0.019372006218947635,0.019372006218947635,0.16799482048648143,0.018183887291296497,0.018183887291296497,fit
1167,/tmp/FeCoNiPdPt_CE_fc2lj8yk/FeCoNiPdPt_CE/fcc100/data/structures/1167.cif,0.1743993266666661,slab100,54,108,54.0,0.17361123427777617,0.0007880923888899383,0.0007880923888899383,0.17367488126541974,0.0007244454012463597,0.0007244454012463597,fit
1168,/tmp/FeCoNiPdPt_CE_fc2lj8yk/FeCoNiPdPt_CE/fcc100/data/structures/1168.cif,0.17000732574074054,slab100,54,108,54.0,0.1772149046299152,-0.007207578889174671,0.007207578889174671,0.17745729885288508,-0.007449973112144542,0.007449973112144542,fit
1169,/tmp/FeCoNiPdPt_CE_fc2lj8yk/FeCoNiPdPt_CE/fcc100/data/structures/1169.cif,0.15654297425925912,slab100,54,108,54.0,0.1452220596087037,0.011320914650555403,0.011320914650555403,0.14492014097769704,0.011622833281562078,0.011622833281562078,fit
1170,/tmp/FeCoNiPdPt_CE_fc2lj8yk/FeCoNiPdPt_CE/fcc100/data/structures/1170.cif,0.1682829649999999,slab100,54,108,54.0,0.16501261809674264,0.003270346903257254,0.003270346903257254,0.1645390530007583,0.003743911999241595,0.003743911999241595,fit
1171,/tmp/FeCoNiPdPt_CE_fc2lj8yk/FeCoNiPdPt_CE/fcc100/data/structures/1171.cif,0.17148540981481505,slab100,54,108,54.0,0.17154800495724618,-6.259514243112108e-05,6.259514243112108e-05,0.17128674638547214,0.00019866342934291015,0.00019866342934291015,fit
1172,/tmp/FeCoNiPdPt_CE_fc2lj8yk/FeCoNiPdPt_CE/fcc100/data/structures/1172.cif,0.19322017055555485,slab100,54,108,54.0,0.18554964596321974,0.0076705245923351095,0.0076705245923351095,0.18572388305107582,0.007496287504479032,0.007496287504479032,fit
1173,/tmp/FeCoNiPdPt_CE_fc2lj8yk/FeCoNiPdPt_CE/fcc100/data/structures/1173.cif,0.19485603388888936,slab100,54,108,54.0,0.21480128182276856,-0.019945247933879195,0.019945247933879195,0.2154296941000953,-0.020573660211205935,0.020573660211205935,fit
1174,/tmp/FeCoNiPdPt_CE_fc2lj8yk/FeCoNiPdPt_CE/fcc100/data/structures/1174.cif,0.1984896970370366,slab100,54,108,54.0,0.1859831703090702,0.0125065267279664,0.0125065267279664,0.18323936719630654,0.015250329840730048,0.015250329840730048,holdout
1175,/tmp/FeCoNiPdPt_CE_fc2lj8yk/FeCoNiPdPt_CE/fcc100/data/structures/1175.cif,0.18965720851851817,slab100,54,108,54.0,0.18182899279299086,0.007828215725527304,0.007828215725527304,0.18212851166639846,0.0075286968521197095,0.0075286968521197095,fit
1176,/tmp/FeCoNiPdPt_CE_fc2lj8yk/FeCoNiPdPt_CE/fcc100/data/structures/1176.cif,0.18128782777777827,slab100,54,108,54.0,0.17324166550365053,0.008046162274127744,0.008046162274127744,0.1744042875523482,0.006883540225430085,0.006883540225430085,fit
1177,/tmp/FeCoNiPdPt_CE_fc2lj8yk/FeCoNiPdPt_CE/fcc100/data/structures/1177.cif,0.18344895555555626,slab100,54,108,54.0,0.18051738056268893,0.0029315749928673362,0.0029315749928673362,0.18004207795114344,0.003406877604412828,0.003406877604412828,fit
1178,/tmp/FeCoNiPdPt_CE_fc2lj8yk/FeCoNiPdPt_CE/fcc100/data/structures/1178.cif,0.22695195629629616,slab100,54,108,54.0,0.2313329976223071,-0.004381041326010943,0.004381041326010943,0.23076177357691974,-0.003809817280623573,0.003809817280623573,fit
1179,/tmp/FeCoNiPdPt_CE_fc2lj8yk/FeCoNiPdPt_CE/fcc100/data/structures/1179.cif,0.21024403111111087,slab100,54,108,54.0,0.19829501599352126,0.011949015117589612,0.011949015117589612,0.19941436367628665,0.01082966743482422,0.01082966743482422,fit
1180,/tmp/FeCoNiPdPt_CE_fc2lj8yk/FeCoNiPdPt_CE/fcc100/data/structures/1180.cif,0.2088240011111111,slab100,54,108,54.0,0.1982046884307295,0.010619312680381604,0.010619312680381604,0.19784325752948956,0.010980743581621544,0.010980743581621544,fit
1181,/tmp/FeCoNiPdPt_CE_fc2lj8yk/FeCoNiPdPt_CE/fcc100/data/structures/1181.cif,0.21014198481481539,slab100,54,108,54.0,0.21380933251094653,-0.00366734769613114,0.00366734769613114,0.21463203846817344,-0.004490053653358056,0.004490053653358056,fit
1182,/tmp/FeCoNiPdPt_CE_fc2lj8yk/FeCoNiPdPt_CE/fcc100/data/structures/1182.cif,0.17649618703703668,slab100,54,108,54.0,0.18388404043933532,-0.007387853402298639,0.007387853402298639,0.18400250592328854,-0.0075063188862518615,0.0075063188862518615,fit
1183,/tmp/FeCoNiPdPt_CE_fc2lj8yk/FeCoNiPdPt_CE/fcc100/data/structures/1183.cif,0.1591173118518525,slab100,54,108,54.0,0.16133710549960636,-0.002219793647753876,0.002219793647753876,0.16194158142271872,-0.0028242695708662335,0.0028242695708662335,fit
1184,/tmp/FeCoNiPdPt_CE_fc2lj8yk/FeCoNiPdPt_CE/fcc100/data/structures/1184.cif,0.18646834796296344,slab100,54,108,54.0,0.18327165019631783,0.0031966977666456065,0.0031966977666456065,0.1829129027518994,0.0035554452110640455,0.0035554452110640455,fit
1185,/tmp/FeCoNiPdPt_CE_fc2lj8yk/FeCoNiPdPt_CE/fcc100/data/structures/1185.cif,0.21387373462962955,slab100,54,108,54.0,0.19793050805811355,0.015943226571516006,0.015943226571516006,0.19985840756293158,0.014015327066697975,0.014015327066697975,fit
1186,/tmp/FeCoNiPdPt_CE_fc2lj8yk/FeCoNiPdPt_CE/fcc100/data/structures/1186.cif,0.16532791129629618,slab100,54,108,54.0,0.17240350611390864,-0.007075594817612468,0.007075594817612468,0.17168456448919933,-0.0063566531929031556,0.0063566531929031556,fit
1187,/tmp/FeCoNiPdPt_CE_fc2lj8yk/FeCoNiPdPt_CE/fcc100/data/structures/1187.cif,0.2022973685185192,slab100,54,108,54.0,0.20552581374497922,-0.003228445226460014,0.003228445226460014,0.20488481533906397,-0.0025874468205447643,0.0025874468205447643,fit
1188,/tmp/FeCoNiPdPt_CE_fc2lj8yk/FeCoNiPdPt_CE/fcc100/data/structures/1188.cif,0.1557948092592588,slab100,54,108,54.0,0.14015607882611814,0.015638730433140652,0.015638730433140652,0.1400002049237259,0.015794604335532897,0.015794604335532897,fit
1189,/tmp/FeCoNiPdPt_CE_fc2lj8yk/FeCoNiPdPt_CE/fcc100/data/structures/1189.cif,0.15608540074074048,slab100,54,108,54.0,0.14800960897564272,0.008075791765097762,0.008075791765097762,0.14672621970336983,0.009359181037370656,0.009359181037370656,fit
1190,/tmp/FeCoNiPdPt_CE_fc2lj8yk/FeCoNiPdPt_CE/fcc100/data/structures/1190.cif,0.14106934129629659,slab100,54,108,54.0,0.14315503373629576,-0.002085692439999176,0.002085692439999176,0.14303886278098077,-0.0019695214846841835,0.0019695214846841835,fit
1191,/tmp/FeCoNiPdPt_CE_fc2lj8yk/FeCoNiPdPt_CE/fcc100/data/structures/1191.cif,0.198783433888889,slab100,54,108,54.0,0.1951403453657357,0.0036430885231532872,0.0036430885231532872,0.19534073835510235,0.0034426955337866494,0.0034426955337866494,fit
1192,/tmp/FeCoNiPdPt_CE_fc2lj8yk/FeCoNiPdPt_CE/fcc100/data/structures/1192.cif,0.1941353950000009,slab100,54,108,54.0,0.19224392153428319,0.001891473465717719,0.001891473465717719,0.19229698893315703,0.0018384060668438784,0.0018384060668438784,fit
1193,/tmp/FeCoNiPdPt_CE_fc2lj8yk/FeCoNiPdPt_CE/fcc100/data/structures/1193.cif,0.17379277629629647,slab100,54,108,54.0,0.16855080497295674,0.005241971323339728,0.005241971323339728,0.16805779739074012,0.005734978905556354,0.005734978905556354,fit
1194,/tmp/FeCoNiPdPt_CE_fc2lj8yk/FeCoNiPdPt_CE/fcc100/data/structures/1194.cif,0.1832900927777772,slab100,54,108,54.0,0.18289378159327407,0.00039631118450311753,0.00039631118450311753,0.18134426683535884,0.00194582594241835,0.00194582594241835,fit
1195,/tmp/FeCoNiPdPt_CE_fc2lj8yk/FeCoNiPdPt_CE/fcc100/data/structures/1195.cif,0.14982055833333321,slab100,54,108,54.0,0.1600604221019244,-0.010239863768591179,0.010239863768591179,0.15910331994889954,-0.00928276161556632,0.00928276161556632,fit
1196,/tmp/FeCoNiPdPt_CE_fc2lj8yk/FeCoNiPdPt_CE/fcc100/data/structures/1196.cif,0.20668212203703665,slab100,54,108,54.0,0.19775963978018873,0.008922482256847913,0.008922482256847913,0.19641266946236197,0.010269452574674681,0.010269452574674681,fit
1197,/tmp/FeCoNiPdPt_CE_fc2lj8yk/FeCoNiPdPt_CE/fcc100/data/structures/1197.cif,0.1609328075925926,slab100,54,108,54.0,0.15983033234666985,0.001102475245922746,0.001102475245922746,0.15765588525707377,0.0032769223355188226,0.0032769223355188226,fit
1198,/tmp/FeCoNiPdPt_CE_fc2lj8yk/FeCoNiPdPt_CE/fcc100/data/structures/1198.cif,0.1734318062962959,slab100,54,108,54.0,0.15839995556157027,0.015031850734725627,0.015031850734725627,0.15844274345956216,0.014989062836733735,0.014989062836733735,fit
1199,/tmp/FeCoNiPdPt_CE_fc2lj8yk/FeCoNiPdPt_CE/fcc100/data/structures/1199.cif,0.21794737574074088,slab100,54,108,54.0,0.2239984461342449,-0.006051070393504027,0.006051070393504027,0.2235917507624214,-0.0056443750216805255,0.0056443750216805255,fit
1200,/tmp/FeCoNiPdPt_CE_fc2lj8yk/FeCoNiPdPt_CE/fcc100/data/structures/1200.cif,0.1656361025925919,slab100,54,108,54.0,0.181659662207231,-0.01602355961463911,0.01602355961463911,0.18203497637089336,-0.01639887377830146,0.01639887377830146,fit
1201,/tmp/FeCoNiPdPt_CE_fc2lj8yk/FeCoNiPdPt_CE/fcc100/data/structures/1201.cif,0.18663485499999938,slab100,54,108,54.0,0.18559410570284696,0.0010407492971524213,0.0010407492971524213,0.18518369017456124,0.0014511648254381393,0.0014511648254381393,fit
1202,/tmp/FeCoNiPdPt_CE_fc2lj8yk/FeCoNiPdPt_CE/fcc100/data/structures/1202.cif,0.1745488505555565,slab100,54,108,54.0,0.17537839451805307,-0.0008295439624965706,0.0008295439624965706,0.17535166047491035,-0.0008028099193538585,0.0008028099193538585,fit
1203,/tmp/FeCoNiPdPt_CE_fc2lj8yk/FeCoNiPdPt_CE/fcc100/data/structures/1203.cif,0.1891910948148155,slab100,54,108,54.0,0.1896840949505348,-0.0004930001357192904,0.0004930001357192904,0.19069640630434093,-0.0015053114895254294,0.0015053114895254294,fit
1204,/tmp/FeCoNiPdPt_CE_fc2lj8yk/FeCoNiPdPt_CE/fcc100/data/structures/1204.cif,0.21456149611111114,slab100,54,108,54.0,0.21195105289348232,0.0026104432176288217,0.0026104432176288217,0.21293278730778695,0.0016287088033241914,0.0016287088033241914,fit
1205,/tmp/FeCoNiPdPt_CE_fc2lj8yk/FeCoNiPdPt_CE/fcc100/data/structures/1205.cif,0.1703186309259258,slab100,54,108,54.0,0.17308986383681005,-0.0027712329108842415,0.0027712329108842415,0.173351741991501,-0.003033111065575189,0.003033111065575189,holdout
1206,/tmp/FeCoNiPdPt_CE_fc2lj8yk/FeCoNiPdPt_CE/fcc100/data/structures/1206.cif,0.14998974962962933,slab100,54,108,54.0,0.1375831211108471,0.012406628518782215,0.012406628518782215,0.13705023505130937,0.01293951457831996,0.01293951457831996,fit
1207,/tmp/FeCoNiPdPt_CE_fc2lj8yk/FeCoNiPdPt_CE/fcc100/data/structures/1207.cif,0.1571323483333334,slab100,54,108,54.0,0.18002471039068027,-0.022892362057346877,0.022892362057346877,0.17875022903831503,-0.021617880704981635,0.021617880704981635,fit
1208,/tmp/FeCoNiPdPt_CE_fc2lj8yk/FeCoNiPdPt_CE/fcc100/data/structures/1208.cif,0.21811863444444438,slab100,54,108,54.0,0.2067637111108181,0.011354923333626282,0.011354923333626282,0.2045586092986705,0.013560025145773869,0.013560025145773869,fit
1209,/tmp/FeCoNiPdPt_CE_fc2lj8yk/FeCoNiPdPt_CE/fcc100/data/structures/1209.cif,0.2232497311111114,slab100,54,108,54.0,0.20661237509294655,0.01663735601816485,0.01663735601816485,0.2057406125987034,0.017509118512407995,0.017509118512407995,fit
1210,/tmp/FeCoNiPdPt_CE_fc2lj8yk/FeCoNiPdPt_CE/fcc100/data/structures/1210.cif,0.1794942244444447,slab100,54,108,54.0,0.17341353424075695,0.006080690203687761,0.006080690203687761,0.17256399222024435,0.006930232224200361,0.006930232224200361,fit
1211,/tmp/FeCoNiPdPt_CE_fc2lj8yk/FeCoNiPdPt_CE/fcc100/data/structures/1211.cif,0.18945667462962965,slab100,54,108,54.0,0.19917502765651215,-0.009718353026882509,0.009718353026882509,0.1979416527325338,-0.008484978102904162,0.008484978102904162,fit
1212,/tmp/FeCoNiPdPt_CE_fc2lj8yk/FeCoNiPdPt_CE/fcc100/data/structures/1212.cif,0.17624650240740733,slab100,54,108,54.0,0.18978177705185148,-0.01353527464444415,0.01353527464444415,0.18993440289339814,-0.013687900485990806,0.013687900485990806,fit
1213,/tmp/FeCoNiPdPt_CE_fc2lj8yk/FeCoNiPdPt_CE/fcc100/data/structures/1213.cif,0.20670356407407448,slab100,54,108,54.0,0.19958165129576924,0.007121912778305234,0.007121912778305234,0.1987579230267835,0.00794564104729098,0.00794564104729098,fit
1214,/tmp/FeCoNiPdPt_CE_fc2lj8yk/FeCoNiPdPt_CE/fcc100/data/structures/1214.cif,0.19574793777777838,slab100,54,108,54.0,0.20312741052534702,-0.007379472747568644,0.007379472747568644,0.20377479984307287,-0.008026862065294488,0.008026862065294488,fit
1215,/tmp/FeCoNiPdPt_CE_fc2lj8yk/FeCoNiPdPt_CE/fcc100/data/structures/1215.cif,0.16467344500000008,slab100,54,108,54.0,0.15973199881197925,0.004941446188020837,0.004941446188020837,0.1597069540091074,0.004966490990892691,0.004966490990892691,fit
1216,/tmp/FeCoNiPdPt_CE_fc2lj8yk/FeCoNiPdPt_CE/fcc100/data/structures/1216.cif,0.18074994833333302,slab100,54,108,54.0,0.1811412410131722,-0.0003912926798391725,0.0003912926798391725,0.17966077529845642,0.0010891730348766004,0.0010891730348766004,holdout
1217,/tmp/FeCoNiPdPt_CE_fc2lj8yk/FeCoNiPdPt_CE/fcc100/data/structures/1217.cif,0.1786835409259258,slab100,54,108,54.0,0.1900456927694457,-0.01136215184351988,0.01136215184351988,0.19066296461734325,-0.01197942369141744,0.01197942369141744,fit
1218,/tmp/FeCoNiPdPt_CE_fc2lj8yk/FeCoNiPdPt_CE/fcc100/data/structures/1218.cif,0.212966426111112,slab100,54,108,54.0,0.21769690509334608,-0.004730478982234082,0.004730478982234082,0.2163018187989599,-0.00333539268784791,0.00333539268784791,fit
1219,/tmp/FeCoNiPdPt_CE_fc2lj8yk/FeCoNiPdPt_CE/fcc100/data/structures/1219.cif,0.1497957679629628,slab100,54,108,54.0,0.1687333901750722,-0.0189376222121094,0.0189376222121094,0.168017190351491,-0.018221422388528224,0.018221422388528224,fit
1220,/tmp/FeCoNiPdPt_CE_fc2lj8yk/FeCoNiPdPt_CE/fcc100/data/structures/1220.cif,0.153778115740741,slab100,54,108,54.0,0.15020660343721393,0.0035715123035270635,0.0035715123035270635,0.1503980284053124,0.0033800873354285776,0.0033800873354285776,fit
1221,/tmp/FeCoNiPdPt_CE_fc2lj8yk/FeCoNiPdPt_CE/fcc100/data/structures/1221.cif,0.19565994055555633,slab100,54,108,54.0,0.18361428829221088,0.012045652263345447,0.012045652263345447,0.18299944829099862,0.012660492264557704,0.012660492264557704,fit
1222,/tmp/FeCoNiPdPt_CE_fc2lj8yk/FeCoNiPdPt_CE/fcc100/data/structures/1222.cif,0.20167141222222223,slab100,54,108,54.0,0.21422848036630085,-0.012557068144078615,0.012557068144078615,0.21577583792055818,-0.014104425698335948,0.014104425698335948,fit
1223,/tmp/FeCoNiPdPt_CE_fc2lj8yk/FeCoNiPdPt_CE/fcc100/data/structures/1223.cif,0.21567038740740763,slab100,54,108,54.0,0.20658094712879543,0.009089440278612193,0.009089440278612193,0.20805840283750024,0.007611984569907387,0.007611984569907387,fit
1224,/tmp/FeCoNiPdPt_CE_fc2lj8yk/FeCoNiPdPt_CE/fcc100/data/structures/1224.cif,0.16267994537037006,slab100,54,108,54.0,0.16645403162747546,-0.0037740862571054024,0.0037740862571054024,0.16683971556440175,-0.004159770194031687,0.004159770194031687,fit
1225,/tmp/FeCoNiPdPt_CE_fc2lj8yk/FeCoNiPdPt_CE/fcc100/data/structures/1225.cif,0.20920675129629643,slab100,54,108,54.0,0.19954268356511973,0.009664067731176701,0.009664067731176701,0.19974180525705007,0.009464946039246358,0.009464946039246358,fit
1226,/tmp/FeCoNiPdPt_CE_fc2lj8yk/FeCoNiPdPt_CE/fcc100/data/structures/1226.cif,0.17801762796296283,slab100,54,108,54.0,0.17020337705424654,0.007814250908716291,0.007814250908716291,0.17090348939904537,0.00711413856391746,0.00711413856391746,holdout
1227,/tmp/FeCoNiPdPt_CE_fc2lj8yk/FeCoNiPdPt_CE/fcc100/data/structures/1227.cif,0.1909819366666665,slab100,54,108,54.0,0.18882205117548043,0.0021598854911860643,0.0021598854911860643,0.1894511391378154,0.0015307975288511022,0.0015307975288511022,fit
1228,/tmp/FeCoNiPdPt_CE_fc2lj8yk/FeCoNiPdPt_CE/fcc100/data/structures/1228.cif,0.16441880518518534,slab100,54,108,54.0,0.16225052676594173,0.0021682784192436078,0.0021682784192436078,0.16206989372975514,0.0023489114554302026,0.0023489114554302026,fit
1229,/tmp/FeCoNiPdPt_CE_fc2lj8yk/FeCoNiPdPt_CE/fcc100/data/structures/1229.cif,0.19772627555555553,slab100,54,108,54.0,0.19750718777171178,0.0002190877838437466,0.0002190877838437466,0.19992461298725492,-0.002198337431699393,0.002198337431699393,fit
1230,/tmp/FeCoNiPdPt_CE_fc2lj8yk/FeCoNiPdPt_CE/fcc100/data/structures/1230.cif,0.19185328740740748,slab100,54,108,54.0,0.19699351832009654,-0.005140230912689059,0.005140230912689059,0.19722599811851035,-0.005372710711102874,0.005372710711102874,fit
1231,/tmp/FeCoNiPdPt_CE_fc2lj8yk/FeCoNiPdPt_CE/fcc100/data/structures/1231.cif,0.18377616740740746,slab100,54,108,54.0,0.1883921698099847,-0.0046160024025772295,0.0046160024025772295,0.18810722932080712,-0.004331061913399659,0.004331061913399659,fit
1232,/tmp/FeCoNiPdPt_CE_fc2lj8yk/FeCoNiPdPt_CE/fcc100/data/structures/1232.cif,0.20923850499999974,slab100,54,108,54.0,0.21728011772032346,-0.008041612720323721,0.008041612720323721,0.21902069819216738,-0.009782193192167637,0.009782193192167637,holdout
1233,/tmp/FeCoNiPdPt_CE_fc2lj8yk/FeCoNiPdPt_CE/fcc100/data/structures/1233.cif,0.14885157314814831,slab100,54,108,54.0,0.1580595376187128,-0.00920796447056449,0.00920796447056449,0.15873253034786186,-0.009880957199713547,0.009880957199713547,holdout
1234,/tmp/FeCoNiPdPt_CE_fc2lj8yk/FeCoNiPdPt_CE/fcc100/data/structures/1234.cif,0.1682495731481479,slab100,54,108,54.0,0.16937011095333682,-0.0011205378051889203,0.0011205378051889203,0.1694199676432744,-0.0011703944951265144,0.0011703944951265144,fit
1235,/tmp/FeCoNiPdPt_CE_fc2lj8yk/FeCoNiPdPt_CE/fcc100/data/structures/1235.cif,0.18769773833333325,slab100,54,108,54.0,0.18922760977550443,-0.0015298714421711768,0.0015298714421711768,0.18948869884324893,-0.0017909605099156733,0.0017909605099156733,fit
1236,/tmp/FeCoNiPdPt_CE_fc2lj8yk/FeCoNiPdPt_CE/fcc100/data/structures/1236.cif,0.18544755222222242,slab100,54,108,54.0,0.18944395260457061,-0.003996400382348192,0.003996400382348192,0.1899665575053439,-0.004519005283121491,0.004519005283121491,holdout
1237,/tmp/FeCoNiPdPt_CE_fc2lj8yk/FeCoNiPdPt_CE/fcc100/data/structures/1237.cif,0.1846165953703702,slab100,54,108,54.0,0.15718553780775613,0.027431057562614075,0.027431057562614075,0.15670126343520582,0.027915331935164378,0.027915331935164378,fit
1238,/tmp/FeCoNiPdPt_CE_fc2lj8yk/FeCoNiPdPt_CE/fcc100/data/structures/1238.cif,0.16108887888888843,slab100,54,108,54.0,0.1669523496370027,-0.0058634707481142745,0.0058634707481142745,0.16599103320994182,-0.004902154321053398,0.004902154321053398,fit
1239,/tmp/FeCoNiPdPt_CE_fc2lj8yk/FeCoNiPdPt_CE/fcc100/data/structures/1239.cif,0.18309998666666688,slab100,54,108,54.0,0.19265207821189312,-0.009552091545226238,0.009552091545226238,0.19137497825092642,-0.008274991584259539,0.008274991584259539,fit
1240,/tmp/FeCoNiPdPt_CE_fc2lj8yk/FeCoNiPdPt_CE/fcc100/data/structures/1240.cif,0.19042266000000008,slab100,54,108,54.0,0.19601918708419405,-0.005596527084193975,0.005596527084193975,0.1979340454717137,-0.007511385471713622,0.007511385471713622,holdout
1241,/tmp/FeCoNiPdPt_CE_fc2lj8yk/FeCoNiPdPt_CE/fcc100/data/structures/1241.cif,0.19759345925925864,slab100,54,108,54.0,0.19960685797853808,-0.002013398719279441,0.002013398719279441,0.20062258693502552,-0.0030291276757668795,0.0030291276757668795,fit
1242,/tmp/FeCoNiPdPt_CE_fc2lj8yk/FeCoNiPdPt_CE/fcc100/data/structures/1242.cif,0.17134609759259295,slab100,54,108,54.0,0.1697293169117478,0.0016167806808451424,0.0016167806808451424,0.16951061263399472,0.001835484958598227,0.001835484958598227,fit
1243,/tmp/FeCoNiPdPt_CE_fc2lj8yk/FeCoNiPdPt_CE/fcc100/data/structures/1243.cif,0.198735501666667,slab100,54,108,54.0,0.198877883308892,-0.0001423816422249924,0.0001423816422249924,0.19716861563245314,0.0015668860342138713,0.0015668860342138713,fit
1244,/tmp/FeCoNiPdPt_CE_fc2lj8yk/FeCoNiPdPt_CE/fcc100/data/structures/1244.cif,0.20753363370370384,slab100,54,108,54.0,0.20389034439861237,0.003643289305091474,0.003643289305091474,0.2034987429039574,0.004034890799746449,0.004034890799746449,fit
1245,/tmp/FeCoNiPdPt_CE_fc2lj8yk/FeCoNiPdPt_CE/fcc100/data/structures/1245.cif,0.1995051216666668,slab100,54,108,54.0,0.2000233884561708,-0.0005182667895039794,0.0005182667895039794,0.20098009419797072,-0.0014749725313039086,0.0014749725313039086,fit
1246,/tmp/FeCoNiPdPt_CE_fc2lj8yk/FeCoNiPdPt_CE/fcc100/data/structures/1246.cif,0.20883294796296334,slab100,54,108,54.0,0.19512461737524595,0.013708330587717393,0.013708330587717393,0.1939107042752008,0.014922243687762543,0.014922243687762543,fit
1247,/tmp/FeCoNiPdPt_CE_fc2lj8yk/FeCoNiPdPt_CE/fcc100/data/structures/1247.cif,0.15631327314814894,slab100,54,108,54.0,0.14776465639870134,0.008548616749447596,0.008548616749447596,0.1466097702098552,0.009703502938293751,0.009703502938293751,fit
1248,/tmp/FeCoNiPdPt_CE_fc2lj8yk/FeCoNiPdPt_CE/fcc100/data/structures/1248.cif,0.15569104462963002,slab100,54,108,54.0,0.15502768557300642,0.000663359056623597,0.000663359056623597,0.15340708045077134,0.0022839641788586773,0.0022839641788586773,fit
1249,/tmp/FeCoNiPdPt_CE_fc2lj8yk/FeCoNiPdPt_CE/fcc100/data/structures/1249.cif,0.20743014555555483,slab100,54,108,54.0,0.20861804518782365,-0.001187899632268813,0.001187899632268813,0.20746278919084077,-3.2643635285933836e-05,3.2643635285933836e-05,fit
1250,/tmp/FeCoNiPdPt_CE_fc2lj8yk/FeCoNiPdPt_CE/fcc100/data/structures/1250.cif,0.17167605314814746,slab100,54,108,54.0,0.18094159715382768,-0.00926554400568022,0.00926554400568022,0.1800910236145208,-0.00841497046637335,0.00841497046637335,fit
1251,/tmp/FeCoNiPdPt_CE_fc2lj8yk/FeCoNiPdPt_CE/fcc100/data/structures/1251.cif,0.19191117592592588,slab100,54,108,54.0,0.18496113156755392,0.0069500443583719596,0.0069500443583719596,0.18422087875496373,0.007690297170962146,0.007690297170962146,fit
1252,/tmp/FeCoNiPdPt_CE_fc2lj8yk/FeCoNiPdPt_CE/fcc100/data/structures/1252.cif,0.1992233520370382,slab100,54,108,54.0,0.19149883653988442,0.007724515497153778,0.007724515497153778,0.1933657698912436,0.005857582145794599,0.005857582145794599,fit
1253,/tmp/FeCoNiPdPt_CE_fc2lj8yk/FeCoNiPdPt_CE/fcc100/data/structures/1253.cif,0.1923406938888882,slab100,54,108,54.0,0.18773710920656675,0.004603584682321443,0.004603584682321443,0.18732503098625836,0.005015662902629836,0.005015662902629836,fit
1254,/tmp/FeCoNiPdPt_CE_fc2lj8yk/FeCoNiPdPt_CE/fcc100/data/structures/1254.cif,0.1981516701851852,slab100,54,108,54.0,0.1919283958044444,0.006223274380740801,0.006223274380740801,0.19207093344013482,0.006080736745050386,0.006080736745050386,fit
1255,/tmp/FeCoNiPdPt_CE_fc2lj8yk/FeCoNiPdPt_CE/fcc100/data/structures/1255.cif,0.198249572592592,slab100,54,108,54.0,0.1866454886414686,0.01160408395112339,0.01160408395112339,0.1857873296581388,0.012462242934453194,0.012462242934453194,fit
1256,/tmp/FeCoNiPdPt_CE_fc2lj8yk/FeCoNiPdPt_CE/fcc100/data/structures/1256.cif,0.15493299722222295,slab100,54,108,54.0,0.1573119804386966,-0.0023789832164736457,0.0023789832164736457,0.1590889604815519,-0.00415596325932896,0.00415596325932896,fit
1257,/tmp/FeCoNiPdPt_CE_fc2lj8yk/FeCoNiPdPt_CE/fcc100/data/structures/1257.cif,0.17015466407407429,slab100,54,108,54.0,0.16452364862813648,0.005631015445937804,0.005631015445937804,0.16413745299539806,0.006017211078676227,0.006017211078676227,fit
1258,/tmp/FeCoNiPdPt_CE_fc2lj8yk/FeCoNiPdPt_CE/fcc100/data/structures/1258.cif,0.17429725185185155,slab100,54,108,54.0,0.18233392989008507,-0.008036678038233519,0.008036678038233519,0.18165078107027693,-0.007353529218425386,0.007353529218425386,fit
1259,/tmp/FeCoNiPdPt_CE_fc2lj8yk/FeCoNiPdPt_CE/fcc100/data/structures/1259.cif,0.20531695574074096,slab100,54,108,54.0,0.2168732170514631,-0.011556261310722127,0.011556261310722127,0.21674007973406478,-0.01142312399332382,0.01142312399332382,fit
1260,/tmp/FeCoNiPdPt_CE_fc2lj8yk/FeCoNiPdPt_CE/fcc100/data/structures/1260.cif,0.18658644796296273,slab100,54,108,54.0,0.21120730029082574,-0.024620852327863013,0.024620852327863013,0.21272673218497917,-0.026140284222016447,0.026140284222016447,holdout
1261,/tmp/FeCoNiPdPt_CE_fc2lj8yk/FeCoNiPdPt_CE/fcc100/data/structures/1261.cif,0.20928835555555578,slab100,54,108,54.0,0.2042183140563767,0.005070041499179084,0.005070041499179084,0.20550123389719002,0.003787121658365755,0.003787121658365755,fit
1262,/tmp/FeCoNiPdPt_CE_fc2lj8yk/FeCoNiPdPt_CE/fcc100/data/structures/1262.cif,0.17877758814814818,slab100,54,108,54.0,0.1779285386074562,0.0008490495406919818,0.0008490495406919818,0.17711816198328154,0.0016594261648666397,0.0016594261648666397,fit
1263,/tmp/FeCoNiPdPt_CE_fc2lj8yk/FeCoNiPdPt_CE/fcc100/data/structures/1263.cif,0.17821968925925985,slab100,54,108,54.0,0.17597968444826473,0.002240004810995122,0.002240004810995122,0.17662844811718045,0.001591241142079397,0.001591241142079397,fit
1264,/tmp/FeCoNiPdPt_CE_fc2lj8yk/FeCoNiPdPt_CE/fcc100/data/structures/1264.cif,0.15806384685185268,slab100,54,108,54.0,0.15092764596064578,0.007136200891206895,0.007136200891206895,0.15055890771021507,0.0075049391416376066,0.0075049391416376066,fit
1265,/tmp/FeCoNiPdPt_CE_fc2lj8yk/FeCoNiPdPt_CE/fcc100/data/structures/1265.cif,0.17204749037037037,slab100,54,108,54.0,0.18119775134876087,-0.009150260978390501,0.009150260978390501,0.18101002347431702,-0.008962533103946652,0.008962533103946652,fit
1266,/tmp/FeCoNiPdPt_CE_fc2lj8yk/FeCoNiPdPt_CE/fcc100/data/structures/1266.cif,0.17808172388888852,slab100,54,108,54.0,0.17046815329999176,0.007613570588896751,0.007613570588896751,0.16859868765801744,0.009483036230871073,0.009483036230871073,fit
1267,/tmp/FeCoNiPdPt_CE_fc2lj8yk/FeCoNiPdPt_CE/fcc100/data/structures/1267.cif,0.20459889555555552,slab100,54,108,54.0,0.2005809930372262,0.004017902518329314,0.004017902518329314,0.19966179114966118,0.004937104405894344,0.004937104405894344,fit
1268,/tmp/FeCoNiPdPt_CE_fc2lj8yk/FeCoNiPdPt_CE/fcc100/data/structures/1268.cif,0.16037568962962967,slab100,54,108,54.0,0.16016695878455017,0.00020873084507949669,0.00020873084507949669,0.15942875886326152,0.0009469307663681481,0.0009469307663681481,fit
1269,/tmp/FeCoNiPdPt_CE_fc2lj8yk/FeCoNiPdPt_CE/fcc100/data/structures/1269.cif,0.1660311307407409,slab100,54,108,54.0,0.16652508401811877,-0.0004939532773778621,0.0004939532773778621,0.16630563946744475,-0.00027450872670384263,0.00027450872670384263,fit
1270,/tmp/FeCoNiPdPt_CE_fc2lj8yk/FeCoNiPdPt_CE/fcc100/data/structures/1270.cif,0.22222019629629658,slab100,54,108,54.0,0.2145051956935443,0.007715000602752292,0.007715000602752292,0.21568411646495314,0.006536079831343439,0.006536079831343439,fit
1271,/tmp/FeCoNiPdPt_CE_fc2lj8yk/FeCoNiPdPt_CE/fcc100/data/structures/1271.cif,0.21687551018518475,slab100,54,108,54.0,0.22279038831306827,-0.005914878127883522,0.005914878127883522,0.22344575822487922,-0.006570248039694471,0.006570248039694471,fit
1272,/tmp/FeCoNiPdPt_CE_fc2lj8yk/FeCoNiPdPt_CE/fcc100/data/structures/1272.cif,0.17139978500000025,slab100,54,108,54.0,0.17288350023003618,-0.0014837152300359313,0.0014837152300359313,0.17305838188579703,-0.0016585968857967814,0.0016585968857967814,fit
1273,/tmp/FeCoNiPdPt_CE_fc2lj8yk/FeCoNiPdPt_CE/fcc100/data/structures/1273.cif,0.1616211066666669,slab100,54,108,54.0,0.1808550332176372,-0.01923392655097031,0.01923392655097031,0.18161349347421796,-0.019992386807551055,0.019992386807551055,fit
1274,/tmp/FeCoNiPdPt_CE_fc2lj8yk/FeCoNiPdPt_CE/fcc100/data/structures/1274.cif,0.2043844481481482,slab100,54,108,54.0,0.20054141001471587,0.0038430381334323416,0.0038430381334323416,0.200532955650219,0.0038514924979292098,0.0038514924979292098,fit
1275,/tmp/FeCoNiPdPt_CE_fc2lj8yk/FeCoNiPdPt_CE/fcc100/data/structures/1275.cif,0.13336515611111058,slab100,54,108,54.0,0.1422065315335931,-0.008841375422482534,0.008841375422482534,0.14260528355588523,-0.009240127444774648,0.009240127444774648,fit
1276,/tmp/FeCoNiPdPt_CE_fc2lj8yk/FeCoNiPdPt_CE/fcc100/data/structures/1276.cif,0.15266587055555508,slab100,54,108,54.0,0.1626424972557273,-0.009976626700172214,0.009976626700172214,0.16176216551489483,-0.009096294959339751,0.009096294959339751,holdout
1277,/tmp/FeCoNiPdPt_CE_fc2lj8yk/FeCoNiPdPt_CE/fcc100/data/structures/1277.cif,0.15393183018518483,slab100,54,108,54.0,0.15679225090593374,-0.0028604207207489074,0.0028604207207489074,0.15701052632344925,-0.0030786961382644196,0.0030786961382644196,fit
1278,/tmp/FeCoNiPdPt_CE_fc2lj8yk/FeCoNiPdPt_CE/fcc100/data/structures/1278.cif,0.16608752388888795,slab100,54,108,54.0,0.16948951683685376,-0.0034019929479658095,0.0034019929479658095,0.16799630446690367,-0.0019087805780157174,0.0019087805780157174,holdout
1279,/tmp/FeCoNiPdPt_CE_fc2lj8yk/FeCoNiPdPt_CE/fcc100/data/structures/1279.cif,0.17209832740740727,slab100,54,108,54.0,0.16933219635908048,0.002766131048326792,0.002766131048326792,0.168651984171451,0.003446343235956273,0.003446343235956273,holdout
1280,/tmp/FeCoNiPdPt_CE_fc2lj8yk/FeCoNiPdPt_CE/fcc100/data/structures/1280.cif,0.16503244555555605,slab100,54,108,54.0,0.15633368133081982,0.008698764224736227,0.008698764224736227,0.15487335087835283,0.010159094677203218,0.010159094677203218,fit
1281,/tmp/FeCoNiPdPt_CE_fc2lj8yk/FeCoNiPdPt_CE/fcc100/data/structures/1281.cif,0.19728691629629647,slab100,54,108,54.0,0.19567858553260525,0.0016083307636912125,0.0016083307636912125,0.19545579555969955,0.001831120736596914,0.001831120736596914,holdout
1282,/tmp/FeCoNiPdPt_CE_fc2lj8yk/FeCoNiPdPt_CE/fcc100/data/structures/1282.cif,0.17284360999999998,slab100,54,108,54.0,0.1817088191744734,-0.00886520917447342,0.00886520917447342,0.18273917403917633,-0.009895564039176352,0.009895564039176352,fit
1283,/tmp/FeCoNiPdPt_CE_fc2lj8yk/FeCoNiPdPt_CE/fcc100/data/structures/1283.cif,0.1897854788888893,slab100,54,108,54.0,0.19532840962570264,-0.005542930736813334,0.005542930736813334,0.1967423199877054,-0.006956841098816086,0.006956841098816086,fit
1284,/tmp/FeCoNiPdPt_CE_fc2lj8yk/FeCoNiPdPt_CE/fcc100/data/structures/1284.cif,0.18319400944444433,slab100,54,108,54.0,0.1848979643326184,-0.0017039548881740696,0.0017039548881740696,0.18530918757015533,-0.0021151781257109925,0.0021151781257109925,fit
1285,/tmp/FeCoNiPdPt_CE_fc2lj8yk/FeCoNiPdPt_CE/fcc100/data/structures/1285.cif,0.1582239424074064,slab100,54,108,54.0,0.15916334053085535,-0.0009393981234489535,0.0009393981234489535,0.15868971383016076,-0.000465771422754363,0.000465771422754363,fit
1286,/tmp/FeCoNiPdPt_CE_fc2lj8yk/FeCoNiPdPt_CE/fcc100/data/structures/1286.cif,0.15225576796296256,slab100,54,108,54.0,0.15876396862269784,-0.006508200659735286,0.006508200659735286,0.1598474260450406,-0.00759165808207804,0.00759165808207804,fit
1287,/tmp/FeCoNiPdPt_CE_fc2lj8yk/FeCoNiPdPt_CE/fcc100/data/structures/1287.cif,0.22655310388888897,slab100,54,108,54.0,0.2275461417654358,-0.0009930378765468373,0.0009930378765468373,0.22838785347890644,-0.001834749590017476,0.001834749590017476,fit
1288,/tmp/FeCoNiPdPt_CE_fc2lj8yk/FeCoNiPdPt_CE/fcc100/data/structures/1288.cif,0.22198366944444473,slab100,54,108,54.0,0.2118930508634172,0.010090618581027527,0.010090618581027527,0.2127473570950697,0.009236312349375025,0.009236312349375025,fit
1289,/tmp/FeCoNiPdPt_CE_fc2lj8yk/FeCoNiPdPt_CE/fcc100/data/structures/1289.cif,0.20916136555555592,slab100,54,108,54.0,0.1991347231948578,0.010026642360698113,0.010026642360698113,0.20140045313675148,0.007760912418804444,0.007760912418804444,fit
1290,/tmp/FeCoNiPdPt_CE_fc2lj8yk/FeCoNiPdPt_CE/fcc100/data/structures/1290.cif,0.22881194907407332,slab100,54,108,54.0,0.2250508425756286,0.0037611064984447162,0.0037611064984447162,0.226257072680402,0.0025548763936713292,0.0025548763936713292,fit
1291,/tmp/FeCoNiPdPt_CE_fc2lj8yk/FeCoNiPdPt_CE/fcc100/data/structures/1291.cif,0.214630387407407,slab100,54,108,54.0,0.21787297301888056,-0.0032425856114735585,0.0032425856114735585,0.21802981783812714,-0.003399430430720135,0.003399430430720135,fit
1292,/tmp/FeCoNiPdPt_CE_fc2lj8yk/FeCoNiPdPt_CE/fcc100/data/structures/1292.cif,0.1880572779629635,slab100,54,108,54.0,0.1732099789476618,0.014847299015301713,0.014847299015301713,0.1730640407914805,0.014993237171483015,0.014993237171483015,fit
1293,/tmp/FeCoNiPdPt_CE_fc2lj8yk/FeCoNiPdPt_CE/fcc100/data/structures/1293.cif,0.21205900092592575,slab100,54,108,54.0,0.19924602179796616,0.01281297912795959,0.01281297912795959,0.19975858389394574,0.01230041703198001,0.01230041703198001,fit
1294,/tmp/FeCoNiPdPt_CE_fc2lj8yk/FeCoNiPdPt_CE/fcc100/data/structures/1294.cif,0.1774771720370375,slab100,54,108,54.0,0.20033555901215233,-0.02285838697511483,0.02285838697511483,0.19989938027153992,-0.022422208234502417,0.022422208234502417,fit
1295,/tmp/FeCoNiPdPt_CE_fc2lj8yk/FeCoNiPdPt_CE/fcc100/data/structures/1295.cif,0.1453399551851857,slab100,54,108,54.0,0.14166341704300148,0.003676538142184216,0.003676538142184216,0.14029461320902553,0.0050453419761601614,0.0050453419761601614,fit
1296,/tmp/FeCoNiPdPt_CE_fc2lj8yk/FeCoNiPdPt_CE/fcc100/data/structures/1296.cif,0.16860072814814783,slab100,54,108,54.0,0.16455034355378884,0.004050384594358997,0.004050384594358997,0.16566136274069537,0.00293936540745246,0.00293936540745246,fit
1297,/tmp/FeCoNiPdPt_CE_fc2lj8yk/FeCoNiPdPt_CE/fcc100/data/structures/1297.cif,0.20584307907407468,slab100,54,108,54.0,0.19376904741119408,0.012074031662880597,0.012074031662880597,0.19342034270895805,0.012422736365116621,0.012422736365116621,fit
1298,/tmp/FeCoNiPdPt_CE_fc2lj8yk/FeCoNiPdPt_CE/fcc100/data/structures/1298.cif,0.22196625370370343,slab100,54,108,54.0,0.21165191728204247,0.010314336421660963,0.010314336421660963,0.21166499426377813,0.010301259439925298,0.010301259439925298,fit
1299,/tmp/FeCoNiPdPt_CE_fc2lj8yk/FeCoNiPdPt_CE/fcc100/data/structures/1299.cif,0.1491589040740743,slab100,54,108,54.0,0.14657196547281734,0.0025869386012569717,0.0025869386012569717,0.1454096332038081,0.003749270870266219,0.003749270870266219,fit
1300,/tmp/FeCoNiPdPt_CE_fc2lj8yk/FeCoNiPdPt_CE/fcc100/data/structures/1300.cif,0.14043579592592648,slab100,54,108,54.0,0.14817439382127498,-0.0077385978953485035,0.0077385978953485035,0.1483383805512835,-0.007902584625357034,0.007902584625357034,fit
1301,/tmp/FeCoNiPdPt_CE_fc2lj8yk/FeCoNiPdPt_CE/fcc100/data/structures/1301.cif,0.23973802574074016,slab100,54,108,54.0,0.23023713766632656,0.0095008880744136,0.0095008880744136,0.228910467829123,0.010827557911617158,0.010827557911617158,holdout
1302,/tmp/FeCoNiPdPt_CE_fc2lj8yk/FeCoNiPdPt_CE/fcc100/data/structures/1302.cif,0.19787144092592573,slab100,54,108,54.0,0.20182011969744143,-0.003948678771515696,0.003948678771515696,0.20221142343172277,-0.004339982505797035,0.004339982505797035,fit
1303,/tmp/FeCoNiPdPt_CE_fc2lj8yk/FeCoNiPdPt_CE/fcc100/data/structures/1303.cif,0.1980198309259267,slab100,54,108,54.0,0.19532006160324197,0.002699769322684731,0.002699769322684731,0.19509930974253303,0.0029205211833936706,0.0029205211833936706,fit
1304,/tmp/FeCoNiPdPt_CE_fc2lj8yk/FeCoNiPdPt_CE/fcc100/data/structures/1304.cif,0.16060807592592669,slab100,54,108,54.0,0.15781971175407333,0.0027883641718533525,0.0027883641718533525,0.15733731907779433,0.0032707568481323557,0.0032707568481323557,fit
1305,/tmp/FeCoNiPdPt_CE_fc2lj8yk/FeCoNiPdPt_CE/fcc100/data/structures/1305.cif,0.16294518074074021,slab100,54,108,54.0,0.1527019936818021,0.010243187058938119,0.010243187058938119,0.1523454810680869,0.010599699672653312,0.010599699672653312,fit
1306,/tmp/FeCoNiPdPt_CE_fc2lj8yk/FeCoNiPdPt_CE/fcc100/data/structures/1306.cif,0.2054727092592596,slab100,54,108,54.0,0.19903590742216976,0.006436801837089834,0.006436801837089834,0.19920201249506106,0.00627069676419853,0.00627069676419853,fit
1307,/tmp/FeCoNiPdPt_CE_fc2lj8yk/FeCoNiPdPt_CE/fcc100/data/structures/1307.cif,0.19855626796296352,slab100,54,108,54.0,0.20224119835726617,-0.003684930394302649,0.003684930394302649,0.20406713204761665,-0.005510864084653122,0.005510864084653122,fit
1308,/tmp/FeCoNiPdPt_CE_fc2lj8yk/FeCoNiPdPt_CE/fcc100/data/structures/1308.cif,0.19624725999999956,slab100,54,108,54.0,0.18214254308821445,0.014104716911785109,0.014104716911785109,0.18204957992351692,0.014197680076482644,0.014197680076482644,fit
1309,/tmp/FeCoNiPdPt_CE_fc2lj8yk/FeCoNiPdPt_CE/fcc100/data/structures/1309.cif,0.18044647444444373,slab100,54,108,54.0,0.17487596979133213,0.0055705046531115965,0.0055705046531115965,0.17361725305600198,0.006829221388441747,0.006829221388441747,holdout
1310,/tmp/FeCoNiPdPt_CE_fc2lj8yk/FeCoNiPdPt_CE/fcc100/data/structures/1310.cif,0.20416901148148112,slab100,54,108,54.0,0.21760249253523717,-0.013433481053756052,0.013433481053756052,0.21568514545324172,-0.0115161339717606,0.0115161339717606,fit
1311,/tmp/FeCoNiPdPt_CE_fc2lj8yk/FeCoNiPdPt_CE/fcc100/data/structures/1311.cif,0.1897573664814813,slab100,54,108,54.0,0.1991361036335343,-0.00937873715205298,0.00937873715205298,0.19921188726778588,-0.009454520786304571,0.009454520786304571,fit
1312,/tmp/FeCoNiPdPt_CE_fc2lj8yk/FeCoNiPdPt_CE/fcc100/data/structures/1312.cif,0.17944846129629635,slab100,54,108,54.0,0.18951534939260642,-0.010066888096310067,0.010066888096310067,0.1878818542065752,-0.008433392910278836,0.008433392910278836,fit
1313,/tmp/FeCoNiPdPt_CE_fc2lj8yk/FeCoNiPdPt_CE/fcc100/data/structures/1313.cif,0.197796612777778,slab100,54,108,54.0,0.19094784409015672,0.0068487686876212706,0.0068487686876212706,0.19162270236053427,0.0061739104172437165,0.0061739104172437165,fit
1314,/tmp/FeCoNiPdPt_CE_fc2lj8yk/FeCoNiPdPt_CE/fcc100/data/structures/1314.cif,0.17812255500000004,slab100,54,108,54.0,0.1736537991572473,0.004468755842752747,0.004468755842752747,0.1724240380648247,0.005698516935175341,0.005698516935175341,fit
1315,/tmp/FeCoNiPdPt_CE_fc2lj8yk/FeCoNiPdPt_CE/fcc100/data/structures/1315.cif,0.13454511203703715,slab100,54,108,54.0,0.12811142727932076,0.006433684757716385,0.006433684757716385,0.12666606387496016,0.00787904816207699,0.00787904816207699,fit
1316,/tmp/FeCoNiPdPt_CE_fc2lj8yk/FeCoNiPdPt_CE/fcc100/data/structures/1316.cif,0.1896422127777776,slab100,54,108,54.0,0.18401382342268802,0.00562838935508958,0.00562838935508958,0.1846063335548705,0.0050358792229071025,0.0050358792229071025,fit
1317,/tmp/FeCoNiPdPt_CE_fc2lj8yk/FeCoNiPdPt_CE/fcc100/data/structures/1317.cif,0.14566314370370353,slab100,54,108,54.0,0.1468502743129433,-0.0011871306092397782,0.0011871306092397782,0.14704105677159218,-0.0013779130678886475,0.0013779130678886475,holdout
1318,/tmp/FeCoNiPdPt_CE_fc2lj8yk/FeCoNiPdPt_CE/fcc100/data/structures/1318.cif,0.19596279851851847,slab100,54,108,54.0,0.1922727185537865,0.0036900799647319737,0.0036900799647319737,0.19392194158336956,0.0020408569351489103,0.0020408569351489103,fit
1319,/tmp/FeCoNiPdPt_CE_fc2lj8yk/FeCoNiPdPt_CE/fcc100/data/structures/1319.cif,0.19795937074074058,slab100,54,108,54.0,0.20224761675607789,-0.00428824601533731,0.00428824601533731,0.2010907806860409,-0.003131409945300312,0.003131409945300312,fit
1320,/tmp/FeCoNiPdPt_CE_fc2lj8yk/FeCoNiPdPt_CE/fcc100/data/structures/1320.cif,0.19002765055555593,slab100,54,108,54.0,0.20038991327368197,-0.010362262718126042,0.010362262718126042,0.20011307712760634,-0.010085426572050415,0.010085426572050415,fit
1321,/tmp/FeCoNiPdPt_CE_fc2lj8yk/FeCoNiPdPt_CE/fcc100/data/structures/1321.cif,0.17776153703703634,slab100,54,108,54.0,0.18447581567951227,-0.006714278642475924,0.006714278642475924,0.18456978822660047,-0.0068082511895641296,0.0068082511895641296,fit
1322,/tmp/FeCoNiPdPt_CE_fc2lj8yk/FeCoNiPdPt_CE/fcc100/data/structures/1322.cif,0.15710633296296278,slab100,54,108,54.0,0.15754964131992252,-0.0004433083569597429,0.0004433083569597429,0.1579602684253794,-0.0008539354624166329,0.0008539354624166329,fit
1323,/tmp/FeCoNiPdPt_CE_fc2lj8yk/FeCoNiPdPt_CE/fcc100/data/structures/1323.cif,0.16236930962962978,slab100,54,108,54.0,0.16836865048773658,-0.0059993408581068,0.0059993408581068,0.16821797076574213,-0.005848661136112349,0.005848661136112349,fit
1324,/tmp/FeCoNiPdPt_CE_fc2lj8yk/FeCoNiPdPt_CE/fcc100/data/structures/1324.cif,0.17557451018518577,slab100,54,108,54.0,0.19213559441225023,-0.016561084227064454,0.016561084227064454,0.19228791564767153,-0.01671340546248576,0.01671340546248576,fit
1325,/tmp/FeCoNiPdPt_CE_fc2lj8yk/FeCoNiPdPt_CE/fcc100/data/structures/1325.cif,0.18869017425925835,slab100,54,108,54.0,0.18554783160201613,0.0031423426572422253,0.0031423426572422253,0.1858056868628925,0.002884487396365848,0.002884487396365848,fit
1326,/tmp/FeCoNiPdPt_CE_fc2lj8yk/FeCoNiPdPt_CE/fcc100/data/structures/1326.cif,0.18294673333333358,slab100,54,108,54.0,0.18801712230079734,-0.005070388967463757,0.005070388967463757,0.18729009763589397,-0.004343364302560382,0.004343364302560382,fit
1327,/tmp/FeCoNiPdPt_CE_fc2lj8yk/FeCoNiPdPt_CE/fcc100/data/structures/1327.cif,0.2200863751851856,slab100,54,108,54.0,0.2337336714547355,-0.013647296269549913,0.013647296269549913,0.23284219526032612,-0.012755820075140534,0.012755820075140534,fit
1328,/tmp/FeCoNiPdPt_CE_fc2lj8yk/FeCoNiPdPt_CE/fcc100/data/structures/1328.cif,0.20205646499999935,slab100,54,108,54.0,0.19523165003302154,0.006824814966977816,0.006824814966977816,0.1952275545862366,0.00682891041376274,0.00682891041376274,fit
1329,/tmp/FeCoNiPdPt_CE_fc2lj8yk/FeCoNiPdPt_CE/fcc100/data/structures/1329.cif,0.18201066888888956,slab100,54,108,54.0,0.19782293059613223,-0.015812261707242675,0.015812261707242675,0.19689780590986658,-0.01488713702097702,0.01488713702097702,fit
1330,/tmp/FeCoNiPdPt_CE_fc2lj8yk/FeCoNiPdPt_CE/fcc100/data/structures/1330.cif,0.20964848351851767,slab100,54,108,54.0,0.220008820865527,-0.010360337347009335,0.010360337347009335,0.22132604025745725,-0.011677556738939582,0.011677556738939582,fit
1331,/tmp/FeCoNiPdPt_CE_fc2lj8yk/FeCoNiPdPt_CE/fcc100/data/structures/1331.cif,0.20536009148148188,slab100,54,108,54.0,0.21328376472994545,-0.007923673248463575,0.007923673248463575,0.21364699150591446,-0.00828690002443258,0.00828690002443258,fit
1332,/tmp/FeCoNiPdPt_CE_fc2lj8yk/FeCoNiPdPt_CE/fcc100/data/structures/1332.cif,0.20295532629629698,slab100,54,108,54.0,0.20425024972256023,-0.0012949234262632503,0.0012949234262632503,0.20422434412694065,-0.0012690178306436761,0.0012690178306436761,fit
1333,/tmp/FeCoNiPdPt_CE_fc2lj8yk/FeCoNiPdPt_CE/fcc100/data/structures/1333.cif,0.18947529888888917,slab100,54,108,54.0,0.1878512456262495,0.0016240532626396742,0.0016240532626396742,0.18865275962068506,0.0008225392682041088,0.0008225392682041088,fit
1334,/tmp/FeCoNiPdPt_CE_fc2lj8yk/FeCoNiPdPt_CE/fcc100/data/structures/1334.cif,0.12177863444444441,slab100,54,108,54.0,0.14076256220622788,-0.018983927761783467,0.018983927761783467,0.13962195145848152,-0.017843317014037116,0.017843317014037116,fit
1335,/tmp/FeCoNiPdPt_CE_fc2lj8yk/FeCoNiPdPt_CE/fcc100/data/structures/1335.cif,0.168916819444444,slab100,54,108,54.0,0.1537435394722064,0.015173279972237608,0.015173279972237608,0.1539439727661459,0.014972846678298096,0.014972846678298096,fit
1336,/tmp/FeCoNiPdPt_CE_fc2lj8yk/FeCoNiPdPt_CE/fcc100/data/structures/1336.cif,0.17428422277777778,slab100,54,108,54.0,0.1749398885894099,-0.0006556658116321223,0.0006556658116321223,0.17430265500560554,-1.843222782776932e-05,1.843222782776932e-05,fit
1337,/tmp/FeCoNiPdPt_CE_fc2lj8yk/FeCoNiPdPt_CE/fcc100/data/structures/1337.cif,0.1522677379629632,slab100,54,108,54.0,0.15209544028047253,0.00017229768249066302,0.00017229768249066302,0.15137991491527686,0.0008878230476863369,0.0008878230476863369,fit
1338,/tmp/FeCoNiPdPt_CE_fc2lj8yk/FeCoNiPdPt_CE/fcc100/data/structures/1338.cif,0.17843829611111114,slab100,54,108,54.0,0.19486126532944031,-0.01642296921832917,0.01642296921832917,0.19581371228821662,-0.017375416177105474,0.017375416177105474,fit
1339,/tmp/FeCoNiPdPt_CE_fc2lj8yk/FeCoNiPdPt_CE/fcc100/data/structures/1339.cif,0.19311908037036996,slab100,54,108,54.0,0.18871839586545988,0.004400684504910074,0.004400684504910074,0.1888167487090387,0.00430233166133126,0.00430233166133126,fit
1340,/tmp/FeCoNiPdPt_CE_fc2lj8yk/FeCoNiPdPt_CE/fcc100/data/structures/1340.cif,0.16451234148148172,slab100,54,108,54.0,0.1594584124749859,0.0050539290064958164,0.0050539290064958164,0.15986738307905438,0.004644958402427346,0.004644958402427346,fit
1341,/tmp/FeCoNiPdPt_CE_fc2lj8yk/FeCoNiPdPt_CE/fcc100/data/structures/1341.cif,0.17537081314814726,slab100,54,108,54.0,0.17640674500655365,-0.0010359318584063915,0.0010359318584063915,0.17577990068844457,-0.0004090875402973093,0.0004090875402973093,fit
1342,/tmp/FeCoNiPdPt_CE_fc2lj8yk/FeCoNiPdPt_CE/fcc100/data/structures/1342.cif,0.21206965444444373,slab100,54,108,54.0,0.20609325875532883,0.0059763956891148995,0.0059763956891148995,0.20646033987740545,0.005609314567038282,0.005609314567038282,fit
1343,/tmp/FeCoNiPdPt_CE_fc2lj8yk/FeCoNiPdPt_CE/fcc100/data/structures/1343.cif,0.1992096272222223,slab100,54,108,54.0,0.19030871813494757,0.008900909087274728,0.008900909087274728,0.18896621496312485,0.010243412259097445,0.010243412259097445,holdout
1344,/tmp/FeCoNiPdPt_CE_fc2lj8yk/FeCoNiPdPt_CE/fcc100/data/structures/1344.cif,0.15079364166666664,slab100,54,108,54.0,0.14421985729840037,0.006573784368266278,0.006573784368266278,0.14203189333466437,0.008761748332002273,0.008761748332002273,fit
1345,/tmp/FeCoNiPdPt_CE_fc2lj8yk/FeCoNiPdPt_CE/fcc100/data/structures/1345.cif,0.20923374444444465,slab100,54,108,54.0,0.20185354098741531,0.007380203457029333,0.007380203457029333,0.20058450188494084,0.008649242559503806,0.008649242559503806,fit
1346,/tmp/FeCoNiPdPt_CE_fc2lj8yk/FeCoNiPdPt_CE/fcc100/data/structures/1346.cif,0.18204773518518505,slab100,54,108,54.0,0.18999293097081088,-0.00794519578562583,0.00794519578562583,0.19090760457548758,-0.008859869390302533,0.008859869390302533,fit
1347,/tmp/FeCoNiPdPt_CE_fc2lj8yk/FeCoNiPdPt_CE/fcc100/data/structures/1347.cif,0.14449861796296237,slab100,54,108,54.0,0.17365851997695345,-0.029159902013991074,0.029159902013991074,0.172716307009876,-0.02821768904691363,0.02821768904691363,fit
1348,/tmp/FeCoNiPdPt_CE_fc2lj8yk/FeCoNiPdPt_CE/fcc100/data/structures/1348.cif,0.19539548129629716,slab100,54,108,54.0,0.1931361251101137,0.0022593561861834754,0.0022593561861834754,0.19408900053998995,0.00130648075630721,0.00130648075630721,fit
1349,/tmp/FeCoNiPdPt_CE_fc2lj8yk/FeCoNiPdPt_CE/fcc100/data/structures/1349.cif,0.20114305759259277,slab100,54,108,54.0,0.20737747307995077,-0.006234415487358008,0.006234415487358008,0.2086982373675653,-0.007555179774972526,0.007555179774972526,fit
1350,/tmp/FeCoNiPdPt_CE_fc2lj8yk/FeCoNiPdPt_CE/fcc100/data/structures/1350.cif,0.14660869518518507,slab100,54,108,54.0,0.14638177903716298,0.00022691614802208826,0.00022691614802208826,0.14701874272205512,-0.00041004753687004514,0.00041004753687004514,fit
1351,/tmp/FeCoNiPdPt_CE_fc2lj8yk/FeCoNiPdPt_CE/fcc100/data/structures/1351.cif,0.18694052444444378,slab100,54,108,54.0,0.1801862278787401,0.006754296565703671,0.006754296565703671,0.17977513373329757,0.007165390711146219,0.007165390711146219,fit
1352,/tmp/FeCoNiPdPt_CE_fc2lj8yk/FeCoNiPdPt_CE/fcc100/data/structures/1352.cif,0.1872302453703709,slab100,54,108,54.0,0.19204648524422735,-0.004816239873856459,0.004816239873856459,0.1920501023308622,-0.004819856960491309,0.004819856960491309,fit
1353,/tmp/FeCoNiPdPt_CE_fc2lj8yk/FeCoNiPdPt_CE/fcc100/data/structures/1353.cif,0.1791591951851859,slab100,54,108,54.0,0.17711902793428885,0.0020401672508970348,0.0020401672508970348,0.17512803912921412,0.004031156055971763,0.004031156055971763,holdout
1354,/tmp/FeCoNiPdPt_CE_fc2lj8yk/FeCoNiPdPt_CE/fcc100/data/structures/1354.cif,0.1898304483333338,slab100,54,108,54.0,0.18145087169963842,0.008379576633695374,0.008379576633695374,0.18120437216490065,0.008626076168433139,0.008626076168433139,fit
1355,/tmp/FeCoNiPdPt_CE_fc2lj8yk/FeCoNiPdPt_CE/fcc100/data/structures/1355.cif,0.15476367259259194,slab100,54,108,54.0,0.17405590298983262,-0.01929223039724068,0.01929223039724068,0.17320917569555142,-0.018445503102959476,0.018445503102959476,fit
1356,/tmp/FeCoNiPdPt_CE_fc2lj8yk/FeCoNiPdPt_CE/fcc100/data/structures/1356.cif,0.15854189814814812,slab100,54,108,54.0,0.16413944090758734,-0.005597542759439217,0.005597542759439217,0.16610478469651477,-0.0075628865483666485,0.0075628865483666485,fit
1357,/tmp/FeCoNiPdPt_CE_fc2lj8yk/FeCoNiPdPt_CE/fcc100/data/structures/1357.cif,0.20361981277777744,slab100,54,108,54.0,0.2127861086744647,-0.009166295896687271,0.009166295896687271,0.2126099560770481,-0.00899014329927067,0.00899014329927067,fit
1358,/tmp/FeCoNiPdPt_CE_fc2lj8yk/FeCoNiPdPt_CE/fcc100/data/structures/1358.cif,0.16719998888888832,slab100,54,108,54.0,0.18615865484352215,-0.01895866595463383,0.01895866595463383,0.187101172300544,-0.01990118341165567,0.01990118341165567,fit
1359,/tmp/FeCoNiPdPt_CE_fc2lj8yk/FeCoNiPdPt_CE/fcc100/data/structures/1359.cif,0.1814367688888886,slab100,54,108,54.0,0.18247285553405124,-0.0010360866451626372,0.0010360866451626372,0.18308909597943668,-0.001652327090548078,0.001652327090548078,fit
1360,/tmp/FeCoNiPdPt_CE_fc2lj8yk/FeCoNiPdPt_CE/fcc100/data/structures/1360.cif,0.17629497814814848,slab100,54,108,54.0,0.18826486333152093,-0.011969885183372442,0.011969885183372442,0.1897194029216766,-0.01342442477352812,0.01342442477352812,fit
1361,/tmp/FeCoNiPdPt_CE_fc2lj8yk/FeCoNiPdPt_CE/fcc100/data/structures/1361.cif,0.1409652966666657,slab100,54,108,54.0,0.14877438808071006,-0.007809091414044345,0.007809091414044345,0.14672581114254465,-0.005760514475878942,0.005760514475878942,fit
1362,/tmp/FeCoNiPdPt_CE_fc2lj8yk/FeCoNiPdPt_CE/fcc100/data/structures/1362.cif,0.16226726481481482,slab100,54,108,54.0,0.16296019435639453,-0.0006929295415797065,0.0006929295415797065,0.16243361678233867,-0.00016635196752384784,0.00016635196752384784,fit
1363,/tmp/FeCoNiPdPt_CE_fc2lj8yk/FeCoNiPdPt_CE/fcc100/data/structures/1363.cif,0.20738100574074123,slab100,54,108,54.0,0.2164683937426501,-0.009087388001908864,0.009087388001908864,0.21660033764026015,-0.009219331899518929,0.009219331899518929,fit
1364,/tmp/FeCoNiPdPt_CE_fc2lj8yk/FeCoNiPdPt_CE/fcc100/data/structures/1364.cif,0.19649231203703615,slab100,54,108,54.0,0.19233751737142585,0.004154794665610306,0.004154794665610306,0.19407037102940247,0.0024219410076336823,0.0024219410076336823,fit
1365,/tmp/FeCoNiPdPt_CE_fc2lj8yk/FeCoNiPdPt_CE/fcc100/data/structures/1365.cif,0.17878749425925852,slab100,54,108,54.0,0.19056819756528165,-0.011780703306023127,0.011780703306023127,0.18983909816022057,-0.011051603900962048,0.011051603900962048,fit
1366,/tmp/FeCoNiPdPt_CE_fc2lj8yk/FeCoNiPdPt_CE/fcc100/data/structures/1366.cif,0.19412278629629623,slab100,54,108,54.0,0.18776508395187144,0.006357702344424787,0.006357702344424787,0.18783193480081217,0.006290851495484057,0.006290851495484057,fit
1367,/tmp/FeCoNiPdPt_CE_fc2lj8yk/FeCoNiPdPt_CE/fcc100/data/structures/1367.cif,0.20746260037037068,slab100,54,108,54.0,0.1994466555474051,0.008015944822965582,0.008015944822965582,0.19863675815090975,0.008825842219460922,0.008825842219460922,fit
1368,/tmp/FeCoNiPdPt_CE_fc2lj8yk/FeCoNiPdPt_CE/fcc100/data/structures/1368.cif,0.1671577124074083,slab100,54,108,54.0,0.18577349062309498,-0.01861577821568669,0.01861577821568669,0.18494686058422743,-0.017789148176819147,0.017789148176819147,fit
1369,/tmp/FeCoNiPdPt_CE_fc2lj8yk/FeCoNiPdPt_CE/fcc100/data/structures/1369.cif,0.18386617851851805,slab100,54,108,54.0,0.1736588692528951,0.010207309265622966,0.010207309265622966,0.17390410925571465,0.009962069262803408,0.009962069262803408,fit
1370,/tmp/FeCoNiPdPt_CE_fc2lj8yk/FeCoNiPdPt_CE/fcc100/data/structures/1370.cif,0.19753720981481454,slab100,54,108,54.0,0.18766320480307078,0.009874005011743764,0.009874005011743764,0.18713215365107871,0.010405056163735826,0.010405056163735826,fit
1371,/tmp/FeCoNiPdPt_CE_fc2lj8yk/FeCoNiPdPt_CE/fcc100/data/structures/1371.cif,0.18132565740740733,slab100,54,108,54.0,0.18563517939822619,-0.004309521990818854,0.004309521990818854,0.18578291498814622,-0.004457257580738894,0.004457257580738894,fit
1372,/tmp/FeCoNiPdPt_CE_fc2lj8yk/FeCoNiPdPt_CE/fcc100/data/structures/1372.cif,0.18528253462963035,slab100,54,108,54.0,0.18596194336042615,-0.0006794087307958052,0.0006794087307958052,0.18496390214766759,0.0003186324819627606,0.0003186324819627606,fit
1373,/tmp/FeCoNiPdPt_CE_fc2lj8yk/FeCoNiPdPt_CE/fcc100/data/structures/1373.cif,0.1981607409259267,slab100,54,108,54.0,0.19982879489075137,-0.0016680539648246673,0.0016680539648246673,0.19859528458878192,-0.0004345436628552246,0.0004345436628552246,fit
1374,/tmp/FeCoNiPdPt_CE_fc2lj8yk/FeCoNiPdPt_CE/fcc100/data/structures/1374.cif,0.19200200129629638,slab100,54,108,54.0,0.1917033721025709,0.0002986291937254748,0.0002986291937254748,0.1929743707133895,-0.0009723694170931108,0.0009723694170931108,fit
1375,/tmp/FeCoNiPdPt_CE_fc2lj8yk/FeCoNiPdPt_CE/fcc100/data/structures/1375.cif,0.21981830388888937,slab100,54,108,54.0,0.21193418838468545,0.007884115504203926,0.007884115504203926,0.2126830719105975,0.007135231978291884,0.007135231978291884,fit
1376,/tmp/FeCoNiPdPt_CE_fc2lj8yk/FeCoNiPdPt_CE/fcc100/data/structures/1376.cif,0.1931397179629631,slab100,54,108,54.0,0.1928189136980437,0.00032080426491939984,0.00032080426491939984,0.19326908080431768,-0.00012936284135459108,0.00012936284135459108,fit
1377,/tmp/FeCoNiPdPt_CE_fc2lj8yk/FeCoNiPdPt_CE/fcc100/data/structures/1377.cif,0.1853318714814815,slab100,54,108,54.0,0.17335032827668148,0.011981543204800021,0.011981543204800021,0.17232203122497786,0.013009840256503646,0.013009840256503646,fit
1378,/tmp/FeCoNiPdPt_CE_fc2lj8yk/FeCoNiPdPt_CE/fcc100/data/structures/1378.cif,0.19487061537037043,slab100,54,108,54.0,0.1896092138933482,0.005261401477022226,0.005261401477022226,0.188618667931369,0.006251947439001426,0.006251947439001426,fit
1379,/tmp/FeCoNiPdPt_CE_fc2lj8yk/FeCoNiPdPt_CE/fcc100/data/structures/1379.cif,0.14951849407407386,slab100,54,108,54.0,0.15580660755867784,-0.00628811348460398,0.00628811348460398,0.15505993819681563,-0.005541444122741768,0.005541444122741768,fit
1380,/tmp/FeCoNiPdPt_CE_fc2lj8yk/FeCoNiPdPt_CE/fcc100/data/structures/1380.cif,0.19333527425925995,slab100,54,108,54.0,0.18483967610018728,0.008495598159072665,0.008495598159072665,0.1837215354153051,0.009613738843954861,0.009613738843954861,fit
1381,/tmp/FeCoNiPdPt_CE_fc2lj8yk/FeCoNiPdPt_CE/fcc100/data/structures/1381.cif,0.18704297203703707,slab100,54,108,54.0,0.1960647314894318,-0.009021759452394723,0.009021759452394723,0.1966447033921371,-0.009601731355100035,0.009601731355100035,fit
1382,/tmp/FeCoNiPdPt_CE_fc2lj8yk/FeCoNiPdPt_CE/fcc100/data/structures/1382.cif,0.1925160240740735,slab100,54,108,54.0,0.18021800827424087,0.01229801579983264,0.01229801579983264,0.18075436132626235,0.011761662747811152,0.011761662747811152,fit
1383,/tmp/FeCoNiPdPt_CE_fc2lj8yk/FeCoNiPdPt_CE/fcc100/data/structures/1383.cif,0.178921296296296,slab100,54,108,54.0,0.17106398387007296,0.007857312426223034,0.007857312426223034,0.1715345152492015,0.007386781047094504,0.007386781047094504,fit
1384,/tmp/FeCoNiPdPt_CE_fc2lj8yk/FeCoNiPdPt_CE/fcc100/data/structures/1384.cif,0.1678751346296289,slab100,54,108,54.0,0.1731642260121461,-0.00528909138251718,0.00528909138251718,0.1712483846166102,-0.003373249986981297,0.003373249986981297,holdout
1385,/tmp/FeCoNiPdPt_CE_fc2lj8yk/FeCoNiPdPt_CE/fcc100/data/structures/1385.cif,0.17803858074074064,slab100,54,108,54.0,0.18465534733336397,-0.0066167665926233354,0.0066167665926233354,0.18341423649796335,-0.005375655757222708,0.005375655757222708,fit
1386,/tmp/FeCoNiPdPt_CE_fc2lj8yk/FeCoNiPdPt_CE/fcc100/data/structures/1386.cif,0.1899697044444445,slab100,54,108,54.0,0.19451390320642795,-0.004544198761983448,0.004544198761983448,0.1949334255254783,-0.004963721081033795,0.004963721081033795,fit
1387,/tmp/FeCoNiPdPt_CE_fc2lj8yk/FeCoNiPdPt_CE/fcc100/data/structures/1387.cif,0.18587946481481502,slab100,54,108,54.0,0.19244507496509794,-0.0065656101502829245,0.0065656101502829245,0.19495523000461898,-0.009075765189803964,0.009075765189803964,fit
1388,/tmp/FeCoNiPdPt_CE_fc2lj8yk/FeCoNiPdPt_CE/fcc100/data/structures/1388.cif,0.24676772981481504,slab100,54,108,54.0,0.24362929720501858,0.00313843260979646,0.00313843260979646,0.2434385499827459,0.0033291798320691512,0.0033291798320691512,fit
1389,/tmp/FeCoNiPdPt_CE_fc2lj8yk/FeCoNiPdPt_CE/fcc100/data/structures/1389.cif,0.22019625000000023,slab100,54,108,54.0,0.21582261943451028,0.00437363056548995,0.00437363056548995,0.21589860142732492,0.004297648572675311,0.004297648572675311,fit
1390,/tmp/FeCoNiPdPt_CE_fc2lj8yk/FeCoNiPdPt_CE/fcc100/data/structures/1390.cif,0.16664670425925956,slab100,54,108,54.0,0.15593621908292948,0.010710485176330081,0.010710485176330081,0.15549003396340771,0.01115667029585185,0.01115667029585185,fit
1391,/tmp/FeCoNiPdPt_CE_fc2lj8yk/FeCoNiPdPt_CE/fcc100/data/structures/1391.cif,0.16374218166666626,slab100,54,108,54.0,0.16544278298277887,-0.0017006013161126043,0.0017006013161126043,0.16483766000051492,-0.001095478333848654,0.001095478333848654,fit
1392,/tmp/FeCoNiPdPt_CE_fc2lj8yk/FeCoNiPdPt_CE/fcc100/data/structures/1392.cif,0.1576230512962969,slab100,54,108,54.0,0.15166926917284138,0.005953782123455514,0.005953782123455514,0.1510776227452698,0.006545428551027077,0.006545428551027077,fit
1393,/tmp/FeCoNiPdPt_CE_fc2lj8yk/FeCoNiPdPt_CE/fcc100/data/structures/1393.cif,0.16530561592592494,slab100,54,108,54.0,0.1507447192543589,0.014560896671566043,0.014560896671566043,0.1498077213158158,0.015497894610109142,0.015497894610109142,fit
1394,/tmp/FeCoNiPdPt_CE_fc2lj8yk/FeCoNiPdPt_CE/fcc100/data/structures/1394.cif,0.17923847277777713,slab100,54,108,54.0,0.1943794285887901,-0.015140955811012963,0.015140955811012963,0.19464527256753245,-0.015406799789755315,0.015406799789755315,fit
1395,/tmp/FeCoNiPdPt_CE_fc2lj8yk/FeCoNiPdPt_CE/fcc100/data/structures/1395.cif,0.20625252500000069,slab100,54,108,54.0,0.20980436744427106,-0.00355184244427037,0.00355184244427037,0.21256302104767538,-0.006310496047674696,0.006310496047674696,holdout
1396,/tmp/FeCoNiPdPt_CE_fc2lj8yk/FeCoNiPdPt_CE/fcc100/data/structures/1396.cif,0.17387346314814908,slab100,54,108,54.0,0.1790767549925665,-0.005203291844417424,0.005203291844417424,0.17843386865670582,-0.004560405508556742,0.004560405508556742,holdout
1397,/tmp/FeCoNiPdPt_CE_fc2lj8yk/FeCoNiPdPt_CE/fcc100/data/structures/1397.cif,0.15413437907407493,slab100,54,108,54.0,0.15491115820241624,-0.000776779128341315,0.000776779128341315,0.15474050209878382,-0.0006061230247088878,0.0006061230247088878,fit
1398,/tmp/FeCoNiPdPt_CE_fc2lj8yk/FeCoNiPdPt_CE/fcc100/data/structures/1398.cif,0.1605809966666664,slab100,54,108,54.0,0.15909346963803087,0.0014875270286355269,0.0014875270286355269,0.1587474030363741,0.001833593630292285,0.001833593630292285,fit
1399,/tmp/FeCoNiPdPt_CE_fc2lj8yk/FeCoNiPdPt_CE/fcc100/data/structures/1399.cif,0.18434852796296278,slab100,54,108,54.0,0.20601480295021757,-0.02166627498725479,0.02166627498725479,0.20507626258155565,-0.02072773461859287,0.02072773461859287,fit
1400,/tmp/FeCoNiPdPt_CE_fc2lj8yk/FeCoNiPdPt_CE/fcc100/data/structures/1400.cif,0.19919162499999954,slab100,54,108,54.0,0.18132265074754925,0.017868974252450293,0.017868974252450293,0.1826322279244731,0.01655939707552645,0.01655939707552645,fit
1401,/tmp/FeCoNiPdPt_CE_fc2lj8yk/FeCoNiPdPt_CE/fcc100/data/structures/1401.cif,0.1688834422222227,slab100,54,108,54.0,0.1669351601930544,0.0019482820291683023,0.0019482820291683023,0.1664837628176221,0.0023996794046006187,0.0023996794046006187,holdout
1402,/tmp/FeCoNiPdPt_CE_fc2lj8yk/FeCoNiPdPt_CE/fcc100/data/structures/1402.cif,0.18178106055555604,slab100,54,108,54.0,0.18928623572814016,-0.0075051751725841165,0.0075051751725841165,0.18926492067274384,-0.007483860117187796,0.007483860117187796,fit
1403,/tmp/FeCoNiPdPt_CE_fc2lj8yk/FeCoNiPdPt_CE/fcc100/data/structures/1403.cif,0.1849199668518519,slab100,54,108,54.0,0.19238140441730103,-0.007461437565449119,0.007461437565449119,0.19340457706052389,-0.008484610208671972,0.008484610208671972,fit
1404,/tmp/FeCoNiPdPt_CE_fc2lj8yk/FeCoNiPdPt_CE/fcc100/data/structures/1404.cif,0.170645770925926,slab100,54,108,54.0,0.16836112583147053,0.002284645094455473,0.002284645094455473,0.17084982169257013,-0.00020405076664412047,0.00020405076664412047,fit
1405,/tmp/FeCoNiPdPt_CE_fc2lj8yk/FeCoNiPdPt_CE/fcc100/data/structures/1405.cif,0.15329768055555507,slab100,54,108,54.0,0.15694086341902103,-0.00364318286346596,0.00364318286346596,0.15719853161833572,-0.0039008510627806525,0.0039008510627806525,fit
1406,/tmp/FeCoNiPdPt_CE_fc2lj8yk/FeCoNiPdPt_CE/fcc100/data/structures/1406.cif,0.15986972814814782,slab100,54,108,54.0,0.17277894548612838,-0.01290921733798056,0.01290921733798056,0.17197005952635658,-0.012100331378208762,0.012100331378208762,fit
1407,/tmp/FeCoNiPdPt_CE_fc2lj8yk/FeCoNiPdPt_CE/fcc100/data/structures/1407.cif,0.19437916185185178,slab100,54,108,54.0,0.19265217550896102,0.0017269863428907573,0.0017269863428907573,0.1957342196362224,-0.0013550577843706169,0.0013550577843706169,fit
1408,/tmp/FeCoNiPdPt_CE_fc2lj8yk/FeCoNiPdPt_CE/fcc100/data/structures/1408.cif,0.20959729425925916,slab100,54,108,54.0,0.20663800203099134,0.0029592922282678236,0.0029592922282678236,0.20658596726521047,0.0030113269940486853,0.0030113269940486853,holdout
1409,/tmp/FeCoNiPdPt_CE_fc2lj8yk/FeCoNiPdPt_CE/fcc100/data/structures/1409.cif,0.1844893429629632,slab100,54,108,54.0,0.18315869914728644,0.0013306438156767686,0.0013306438156767686,0.1838962262652758,0.0005931166976874125,0.0005931166976874125,fit
1410,/tmp/FeCoNiPdPt_CE_fc2lj8yk/FeCoNiPdPt_CE/fcc100/data/structures/1410.cif,0.19198734851851823,slab100,54,108,54.0,0.18409878087287582,0.007888567645642414,0.007888567645642414,0.1845733761219167,0.00741397239660152,0.00741397239660152,fit
1411,/tmp/FeCoNiPdPt_CE_fc2lj8yk/FeCoNiPdPt_CE/fcc100/data/structures/1411.cif,0.1845394688888891,slab100,54,108,54.0,0.17801085095193006,0.0065286179369590525,0.0065286179369590525,0.17761215655941007,0.006927312329479046,0.006927312329479046,fit
1412,/tmp/FeCoNiPdPt_CE_fc2lj8yk/FeCoNiPdPt_CE/fcc100/data/structures/1412.cif,0.21126915907407384,slab100,54,108,54.0,0.19502042199500463,0.01624873707906921,0.01624873707906921,0.19313985256665764,0.018129306507416204,0.018129306507416204,holdout
1413,/tmp/FeCoNiPdPt_CE_fc2lj8yk/FeCoNiPdPt_CE/fcc100/data/structures/1413.cif,0.17722865370370333,slab100,54,108,54.0,0.18171089599104212,-0.004482242287338789,0.004482242287338789,0.18249582068889883,-0.005267166985195498,0.005267166985195498,fit
1414,/tmp/FeCoNiPdPt_CE_fc2lj8yk/FeCoNiPdPt_CE/fcc100/data/structures/1414.cif,0.16900280074074098,slab100,54,108,54.0,0.15496909829175556,0.014033702448985413,0.014033702448985413,0.15455906036827702,0.014443740372463959,0.014443740372463959,fit
1415,/tmp/FeCoNiPdPt_CE_fc2lj8yk/FeCoNiPdPt_CE/fcc100/data/structures/1415.cif,0.15349393166666633,slab100,54,108,54.0,0.14307121804600578,0.01042271362066055,0.01042271362066055,0.14124223993532414,0.01225169173134219,0.01225169173134219,fit
1416,/tmp/FeCoNiPdPt_CE_fc2lj8yk/FeCoNiPdPt_CE/fcc100/data/structures/1416.cif,0.18589308592592602,slab100,54,108,54.0,0.17989570889800113,0.005997377027924883,0.005997377027924883,0.17953528080637868,0.006357805119547338,0.006357805119547338,fit
1417,/tmp/FeCoNiPdPt_CE_fc2lj8yk/FeCoNiPdPt_CE/fcc100/data/structures/1417.cif,0.17231392425925926,slab100,54,108,54.0,0.1778010810760604,-0.0054871568168011475,0.0054871568168011475,0.178670587734166,-0.0063566634749067374,0.0063566634749067374,fit
1418,/tmp/FeCoNiPdPt_CE_fc2lj8yk/FeCoNiPdPt_CE/fcc100/data/structures/1418.cif,0.17025556388888938,slab100,54,108,54.0,0.1475374755823883,0.022718088306501072,0.022718088306501072,0.1471928829311887,0.02306268095770067,0.02306268095770067,fit
1419,/tmp/FeCoNiPdPt_CE_fc2lj8yk/FeCoNiPdPt_CE/fcc100/data/structures/1419.cif,0.20551989962962966,slab100,54,108,54.0,0.20546485497477984,5.5044654849817354e-05,5.5044654849817354e-05,0.20592498536271595,-0.0004050857330862856,0.0004050857330862856,fit
1420,/tmp/FeCoNiPdPt_CE_fc2lj8yk/FeCoNiPdPt_CE/fcc100/data/structures/1420.cif,0.1802946214814822,slab100,54,108,54.0,0.19399855603545305,-0.013703934553970842,0.013703934553970842,0.19396808721793643,-0.013673465736454227,0.013673465736454227,fit
1421,/tmp/FeCoNiPdPt_CE_fc2lj8yk/FeCoNiPdPt_CE/fcc100/data/structures/1421.cif,0.22733416851851806,slab100,54,108,54.0,0.22449620058495925,0.0028379679335588104,0.0028379679335588104,0.22358217403301564,0.0037519944855024245,0.0037519944855024245,fit
1422,/tmp/FeCoNiPdPt_CE_fc2lj8yk/FeCoNiPdPt_CE/fcc100/data/structures/1422.cif,0.21808510592592678,slab100,54,108,54.0,0.20100555522110092,0.017079550704825863,0.017079550704825863,0.19924629078168515,0.018838815144241627,0.018838815144241627,fit
1423,/tmp/FeCoNiPdPt_CE_fc2lj8yk/FeCoNiPdPt_CE/fcc100/data/structures/1423.cif,0.19462329611111098,slab100,54,108,54.0,0.18493033640736456,0.009692959703746423,0.009692959703746423,0.1848292046887808,0.009794091422330176,0.009794091422330176,holdout
1424,/tmp/FeCoNiPdPt_CE_fc2lj8yk/FeCoNiPdPt_CE/fcc100/data/structures/1424.cif,0.16100761296296237,slab100,54,108,54.0,0.15570348751543167,0.0053041254475307,0.0053041254475307,0.15485109749325587,0.006156515469706497,0.006156515469706497,fit
1425,/tmp/FeCoNiPdPt_CE_fc2lj8yk/FeCoNiPdPt_CE/fcc100/data/structures/1425.cif,0.183105278703704,slab100,54,108,54.0,0.17131613555418038,0.011789143149523618,0.011789143149523618,0.17095444958070966,0.012150829122994339,0.012150829122994339,fit
1426,/tmp/FeCoNiPdPt_CE_fc2lj8yk/FeCoNiPdPt_CE/fcc100/data/structures/1426.cif,0.21008098407407333,slab100,54,108,54.0,0.2005649036214853,0.009516080452588033,0.009516080452588033,0.19986623288954877,0.010214751184524556,0.010214751184524556,fit
1427,/tmp/FeCoNiPdPt_CE_fc2lj8yk/FeCoNiPdPt_CE/fcc100/data/structures/1427.cif,0.17277593759259255,slab100,54,108,54.0,0.17767783568604953,-0.00490189809345698,0.00490189809345698,0.17856684479538762,-0.00579090720279507,0.00579090720279507,fit
1428,/tmp/FeCoNiPdPt_CE_fc2lj8yk/FeCoNiPdPt_CE/fcc100/data/structures/1428.cif,0.18020729407407365,slab100,54,108,54.0,0.16454404645608106,0.015663247617992593,0.015663247617992593,0.16422700288143546,0.01598029119263819,0.01598029119263819,fit
1429,/tmp/FeCoNiPdPt_CE_fc2lj8yk/FeCoNiPdPt_CE/fcc100/data/structures/1429.cif,0.19401024148148147,slab100,54,108,54.0,0.18937149525287436,0.004638746228607105,0.004638746228607105,0.19093802632714674,0.0030722151543347287,0.0030722151543347287,fit
1430,/tmp/FeCoNiPdPt_CE_fc2lj8yk/FeCoNiPdPt_CE/fcc100/data/structures/1430.cif,0.19367461851851853,slab100,54,108,54.0,0.20568092287647208,-0.012006304357953551,0.012006304357953551,0.20644366719572158,-0.012769048677203049,0.012769048677203049,fit
1431,/tmp/FeCoNiPdPt_CE_fc2lj8yk/FeCoNiPdPt_CE/fcc100/data/structures/1431.cif,0.21131511981481574,slab100,54,108,54.0,0.20533122459358275,0.005983895221232993,0.005983895221232993,0.20612532463609218,0.005189795178723561,0.005189795178723561,fit
1432,/tmp/FeCoNiPdPt_CE_fc2lj8yk/FeCoNiPdPt_CE/fcc100/data/structures/1432.cif,0.23913655018518576,slab100,54,108,54.0,0.2267410049997003,0.012395545185485468,0.012395545185485468,0.22845470130582315,0.010681848879362604,0.010681848879362604,fit
1433,/tmp/FeCoNiPdPt_CE_fc2lj8yk/FeCoNiPdPt_CE/fcc100/data/structures/1433.cif,0.20619836462962995,slab100,54,108,54.0,0.19799301240679915,0.008205352222830808,0.008205352222830808,0.19895398067696277,0.007244383952667188,0.007244383952667188,fit
1434,/tmp/FeCoNiPdPt_CE_fc2lj8yk/FeCoNiPdPt_CE/fcc100/data/structures/1434.cif,0.20742556796296258,slab100,54,108,54.0,0.20249549590837282,0.004930072054589757,0.004930072054589757,0.20375620574640052,0.0036693622165620554,0.0036693622165620554,fit
1435,/tmp/FeCoNiPdPt_CE_fc2lj8yk/FeCoNiPdPt_CE/fcc100/data/structures/1435.cif,0.17064879518518536,slab100,54,108,54.0,0.15676937838199848,0.013879416803186884,0.013879416803186884,0.15609963154366482,0.014549163641520535,0.014549163641520535,fit
1436,/tmp/FeCoNiPdPt_CE_fc2lj8yk/FeCoNiPdPt_CE/fcc100/data/structures/1436.cif,0.17788871037037077,slab100,54,108,54.0,0.1827513188015212,-0.004862608431150439,0.004862608431150439,0.18233489308777706,-0.004446182717406294,0.004446182717406294,fit
1437,/tmp/FeCoNiPdPt_CE_fc2lj8yk/FeCoNiPdPt_CE/fcc100/data/structures/1437.cif,0.1982502496296303,slab100,54,108,54.0,0.2067528679678308,-0.008502618338200485,0.008502618338200485,0.2069755674321336,-0.008725317802503296,0.008725317802503296,fit
1438,/tmp/FeCoNiPdPt_CE_fc2lj8yk/FeCoNiPdPt_CE/fcc100/data/structures/1438.cif,0.17093617777777792,slab100,54,108,54.0,0.16271479800233551,0.008221379775442406,0.008221379775442406,0.16493497464190332,0.0060012031358746,0.0060012031358746,fit
1439,/tmp/FeCoNiPdPt_CE_fc2lj8yk/FeCoNiPdPt_CE/fcc100/data/structures/1439.cif,0.20127336240740748,slab100,54,108,54.0,0.19910044453595685,0.0021729178714506303,0.0021729178714506303,0.20051309456561464,0.0007602678417928388,0.0007602678417928388,fit
1440,/tmp/FeCoNiPdPt_CE_fc2lj8yk/FeCoNiPdPt_CE/fcc100/data/structures/1440.cif,0.22842232388888903,slab100,54,108,54.0,0.2364163837833179,-0.007994059894428862,0.007994059894428862,0.23696700629371184,-0.008544682404822812,0.008544682404822812,fit
1441,/tmp/FeCoNiPdPt_CE_fc2lj8yk/FeCoNiPdPt_CE/fcc100/data/structures/1441.cif,0.1950752253703698,slab100,54,108,54.0,0.18835131619940892,0.0067239091709608845,0.0067239091709608845,0.18832673366459282,0.006748491705776988,0.006748491705776988,fit
1442,/tmp/FeCoNiPdPt_CE_fc2lj8yk/FeCoNiPdPt_CE/fcc100/data/structures/1442.cif,0.20093639740740818,slab100,54,108,54.0,0.18941151553569444,0.011524881871713744,0.011524881871713744,0.1893939425813063,0.011542454826101889,0.011542454826101889,fit
1443,/tmp/FeCoNiPdPt_CE_fc2lj8yk/FeCoNiPdPt_CE/fcc100/data/structures/1443.cif,0.2142086135185187,slab100,54,108,54.0,0.2168932981488668,-0.0026846846303481,0.0026846846303481,0.21644066452779176,-0.002232051009273067,0.002232051009273067,fit
1444,/tmp/FeCoNiPdPt_CE_fc2lj8yk/FeCoNiPdPt_CE/fcc100/data/structures/1444.cif,0.18318757962963003,slab100,54,108,54.0,0.19842443378618185,-0.015236854156551821,0.015236854156551821,0.1966865508087057,-0.01349897117907567,0.01349897117907567,fit
1445,/tmp/FeCoNiPdPt_CE_fc2lj8yk/FeCoNiPdPt_CE/fcc100/data/structures/1445.cif,0.20439371851851876,slab100,54,108,54.0,0.22750726453016906,-0.023113546011650304,0.023113546011650304,0.22795576475473292,-0.023562046236214162,0.023562046236214162,holdout
1446,/tmp/FeCoNiPdPt_CE_fc2lj8yk/FeCoNiPdPt_CE/fcc100/data/structures/1446.cif,0.20559238703703772,slab100,54,108,54.0,0.22181314007153274,-0.016220753034495022,0.016220753034495022,0.22389833282756189,-0.018305945790524164,0.018305945790524164,holdout
1447,/tmp/FeCoNiPdPt_CE_fc2lj8yk/FeCoNiPdPt_CE/fcc100/data/structures/1447.cif,0.20196495685185153,slab100,54,108,54.0,0.21558913713561145,-0.013624180283759918,0.013624180283759918,0.21766257094299507,-0.015697614091143536,0.015697614091143536,fit
1448,/tmp/FeCoNiPdPt_CE_fc2lj8yk/FeCoNiPdPt_CE/fcc100/data/structures/1448.cif,0.18352031407407363,slab100,54,108,54.0,0.18654944395323142,-0.0030291298791577936,0.0030291298791577936,0.1863329022488591,-0.0028125881747854686,0.0028125881747854686,fit
1449,/tmp/FeCoNiPdPt_CE_fc2lj8yk/FeCoNiPdPt_CE/fcc100/data/structures/1449.cif,0.21707071388888932,slab100,54,108,54.0,0.2246602056129402,-0.007589491724050879,0.007589491724050879,0.22656695500029062,-0.009496241111401293,0.009496241111401293,fit
1450,/tmp/FeCoNiPdPt_CE_fc2lj8yk/FeCoNiPdPt_CE/fcc100/data/structures/1450.cif,0.22874452851851856,slab100,54,108,54.0,0.2154234179808363,0.013321110537682257,0.013321110537682257,0.21695682482153505,0.01178770369698351,0.01178770369698351,fit
1451,/tmp/FeCoNiPdPt_CE_fc2lj8yk/FeCoNiPdPt_CE/fcc100/data/structures/1451.cif,0.21138893796296332,slab100,54,108,54.0,0.214200340601416,-0.0028114026384526702,0.0028114026384526702,0.21380464787279724,-0.0024157099098339185,0.0024157099098339185,fit
1452,/tmp/FeCoNiPdPt_CE_fc2lj8yk/FeCoNiPdPt_CE/fcc100/data/structures/1452.cif,0.17647063500000063,slab100,54,108,54.0,0.17354591991074036,0.0029247150892602602,0.0029247150892602602,0.17433518592244693,0.002135449077553697,0.002135449077553697,fit
1453,/tmp/FeCoNiPdPt_CE_fc2lj8yk/FeCoNiPdPt_CE/fcc100/data/structures/1453.cif,0.18526571222222254,slab100,54,108,54.0,0.1757883072921951,0.009477404930027439,0.009477404930027439,0.1765606266919602,0.008705085530262335,0.008705085530262335,fit
1454,/tmp/FeCoNiPdPt_CE_fc2lj8yk/FeCoNiPdPt_CE/fcc100/data/structures/1454.cif,0.17566038925925942,slab100,54,108,54.0,0.18480010095778715,-0.00913971169852773,0.00913971169852773,0.1839901727101012,-0.008329783450841788,0.008329783450841788,fit
1455,/tmp/FeCoNiPdPt_CE_fc2lj8yk/FeCoNiPdPt_CE/fcc100/data/structures/1455.cif,0.19212444185185132,slab100,54,108,54.0,0.18837326418307782,0.0037511776687735032,0.0037511776687735032,0.1888154143143548,0.0033090275374965117,0.0033090275374965117,holdout
1456,/tmp/FeCoNiPdPt_CE_fc2lj8yk/FeCoNiPdPt_CE/fcc100/data/structures/1456.cif,0.2044780661111108,slab100,54,108,54.0,0.2013793159696531,0.00309875014145769,0.00309875014145769,0.20307285915081108,0.0014052069602997208,0.0014052069602997208,fit
1457,/tmp/FeCoNiPdPt_CE_fc2lj8yk/FeCoNiPdPt_CE/fcc100/data/structures/1457.cif,0.14668175907407402,slab100,54,108,54.0,0.14667912781695605,2.631257117968744e-06,2.631257117968744e-06,0.1455885592770416,0.0010931997970324292,0.0010931997970324292,fit
1458,/tmp/FeCoNiPdPt_CE_fc2lj8yk/FeCoNiPdPt_CE/fcc100/data/structures/1458.cif,0.19262631722222173,slab100,54,108,54.0,0.2067226267373161,-0.014096309515094357,0.014096309515094357,0.20650750068702795,-0.013881183464806213,0.013881183464806213,fit
1459,/tmp/FeCoNiPdPt_CE_fc2lj8yk/FeCoNiPdPt_CE/fcc100/data/structures/1459.cif,0.18750993111111122,slab100,54,108,54.0,0.1865356945334688,0.0009742365776424233,0.0009742365776424233,0.1854556071765083,0.0020543239346029196,0.0020543239346029196,fit
1460,/tmp/FeCoNiPdPt_CE_fc2lj8yk/FeCoNiPdPt_CE/fcc100/data/structures/1460.cif,0.19452734629629626,slab100,54,108,54.0,0.1877935442718386,0.006733802024457641,0.006733802024457641,0.18708966752270434,0.007437678773591916,0.007437678773591916,fit
1461,/tmp/FeCoNiPdPt_CE_fc2lj8yk/FeCoNiPdPt_CE/fcc100/data/structures/1461.cif,0.20527202203703715,slab100,54,108,54.0,0.1940069124931222,0.011265109543914936,0.011265109543914936,0.19398908846318844,0.011282933573848714,0.011282933573848714,fit
1462,/tmp/FeCoNiPdPt_CE_fc2lj8yk/FeCoNiPdPt_CE/fcc100/data/structures/1462.cif,0.201881919444444,slab100,54,108,54.0,0.19360840677427524,0.008273512670168764,0.008273512670168764,0.19503940061150218,0.0068425188329418185,0.0068425188329418185,holdout
1463,/tmp/FeCoNiPdPt_CE_fc2lj8yk/FeCoNiPdPt_CE/fcc100/data/structures/1463.cif,0.17716802037037066,slab100,54,108,54.0,0.17253540550753688,0.004632614862833784,0.004632614862833784,0.17145673313560056,0.005711287234770102,0.005711287234770102,fit
1464,/tmp/FeCoNiPdPt_CE_fc2lj8yk/FeCoNiPdPt_CE/fcc100/data/structures/1464.cif,0.17530749240740798,slab100,54,108,54.0,0.17551885457525432,-0.00021136216784634065,0.00021136216784634065,0.17616481576335435,-0.0008573233559463767,0.0008573233559463767,fit
1465,/tmp/FeCoNiPdPt_CE_fc2lj8yk/FeCoNiPdPt_CE/fcc100/data/structures/1465.cif,0.17992785407407427,slab100,54,108,54.0,0.19912800685164692,-0.019200152777572643,0.019200152777572643,0.1979216131370084,-0.017993759062934128,0.017993759062934128,fit
1466,/tmp/FeCoNiPdPt_CE_fc2lj8yk/FeCoNiPdPt_CE/fcc100/data/structures/1466.cif,0.19059069981481494,slab100,54,108,54.0,0.18736160426192336,0.003229095552891581,0.003229095552891581,0.18768341911210432,0.002907280702710624,0.002907280702710624,fit
1467,/tmp/FeCoNiPdPt_CE_fc2lj8yk/FeCoNiPdPt_CE/fcc100/data/structures/1467.cif,0.1832737670370374,slab100,54,108,54.0,0.18661106316106507,-0.0033372961240276666,0.0033372961240276666,0.18779289578327088,-0.004519128746233475,0.004519128746233475,fit
1468,/tmp/FeCoNiPdPt_CE_fc2lj8yk/FeCoNiPdPt_CE/fcc100/data/structures/1468.cif,0.15969891851851883,slab100,54,108,54.0,0.16600560183404012,-0.006306683315521283,0.006306683315521283,0.16432425988452068,-0.004625341366001845,0.004625341366001845,fit
1469,/tmp/FeCoNiPdPt_CE_fc2lj8yk/FeCoNiPdPt_CE/fcc100/data/structures/1469.cif,0.17885965703703627,slab100,54,108,54.0,0.17630263550915148,0.002557021527884784,0.002557021527884784,0.1776083058566964,0.0012513511803398658,0.0012513511803398658,fit
1470,/tmp/FeCoNiPdPt_CE_fc2lj8yk/FeCoNiPdPt_CE/fcc100/data/structures/1470.cif,0.18060693759259216,slab100,54,108,54.0,0.1868995332061315,-0.006292595613539342,0.006292595613539342,0.18888210601989716,-0.008275168427304996,0.008275168427304996,holdout
1471,/tmp/FeCoNiPdPt_CE_fc2lj8yk/FeCoNiPdPt_CE/fcc100/data/structures/1471.cif,0.20498777425925982,slab100,54,108,54.0,0.2018959005300599,0.0030918737291999177,0.0030918737291999177,0.20229655091090087,0.0026912233483589454,0.0026912233483589454,fit
1472,/tmp/FeCoNiPdPt_CE_fc2lj8yk/FeCoNiPdPt_CE/fcc100/data/structures/1472.cif,0.16072151648148114,slab100,54,108,54.0,0.16441490887261925,-0.0036933923911381117,0.0036933923911381117,0.1630343896171656,-0.0023128731356844567,0.0023128731356844567,fit
1473,/tmp/FeCoNiPdPt_CE_fc2lj8yk/FeCoNiPdPt_CE/fcc100/data/structures/1473.cif,0.19529539611111058,slab100,54,108,54.0,0.19403377543506659,0.0012616206760439896,0.0012616206760439896,0.19342690418999783,0.0018684919211127415,0.0018684919211127415,fit
1474,/tmp/FeCoNiPdPt_CE_fc2lj8yk/FeCoNiPdPt_CE/fcc100/data/structures/1474.cif,0.20421308962962964,slab100,54,108,54.0,0.18207987768364475,0.022133211945984888,0.022133211945984888,0.18247104849443968,0.02174204113518996,0.02174204113518996,fit
1475,/tmp/FeCoNiPdPt_CE_fc2lj8yk/FeCoNiPdPt_CE/fcc100/data/structures/1475.cif,0.20324747037037022,slab100,54,108,54.0,0.19603887716743001,0.0072085932029402056,0.0072085932029402056,0.1966316265776824,0.006615843792687814,0.006615843792687814,fit
1476,/tmp/FeCoNiPdPt_CE_fc2lj8yk/FeCoNiPdPt_CE/fcc100/data/structures/1476.cif,0.19152769462962949,slab100,54,108,54.0,0.1794082725819988,0.012119422047630696,0.012119422047630696,0.18044540661672911,0.011082288012900371,0.011082288012900371,fit
1477,/tmp/FeCoNiPdPt_CE_fc2lj8yk/FeCoNiPdPt_CE/fcc100/data/structures/1477.cif,0.17462748962963007,slab100,54,108,54.0,0.15550345828013382,0.01912403134949625,0.01912403134949625,0.1525536458613902,0.02207384376823987,0.02207384376823987,holdout
1478,/tmp/FeCoNiPdPt_CE_fc2lj8yk/FeCoNiPdPt_CE/fcc100/data/structures/1478.cif,0.14714408425925918,slab100,54,108,54.0,0.1442757779043449,0.0028683063549142795,0.0028683063549142795,0.1433356505349697,0.0038084337242894895,0.0038084337242894895,fit
1479,/tmp/FeCoNiPdPt_CE_fc2lj8yk/FeCoNiPdPt_CE/fcc100/data/structures/1479.cif,0.17929975944444457,slab100,54,108,54.0,0.18551009192009996,-0.006210332475655389,0.006210332475655389,0.18545961607652542,-0.006159856632080851,0.006159856632080851,fit
1480,/tmp/FeCoNiPdPt_CE_fc2lj8yk/FeCoNiPdPt_CE/fcc100/data/structures/1480.cif,0.18309882111111092,slab100,54,108,54.0,0.18155270698796638,0.0015461141231445374,0.0015461141231445374,0.18301462230239732,8.419880871360363e-05,8.419880871360363e-05,fit
1481,/tmp/FeCoNiPdPt_CE_fc2lj8yk/FeCoNiPdPt_CE/fcc100/data/structures/1481.cif,0.1661262366666668,slab100,54,108,54.0,0.1982262546639887,-0.0321000179973219,0.0321000179973219,0.19787767528362118,-0.0317514386169544,0.0317514386169544,fit
1482,/tmp/FeCoNiPdPt_CE_fc2lj8yk/FeCoNiPdPt_CE/fcc100/data/structures/1482.cif,0.16263993759259238,slab100,54,108,54.0,0.159871928266523,0.0027680093260693817,0.0027680093260693817,0.15898430511866793,0.0036556324739244472,0.0036556324739244472,fit
1483,/tmp/FeCoNiPdPt_CE_fc2lj8yk/FeCoNiPdPt_CE/fcc100/data/structures/1483.cif,0.19256568314814773,slab100,54,108,54.0,0.19294733588606747,-0.0003816527379197354,0.0003816527379197354,0.19278797582808924,-0.0002222926799415048,0.0002222926799415048,fit
1484,/tmp/FeCoNiPdPt_CE_fc2lj8yk/FeCoNiPdPt_CE/fcc100/data/structures/1484.cif,0.17920068407407383,slab100,54,108,54.0,0.182875839872739,-0.003675155798665175,0.003675155798665175,0.1822241278438952,-0.00302344376982136,0.00302344376982136,fit
1485,/tmp/FeCoNiPdPt_CE_fc2lj8yk/FeCoNiPdPt_CE/fcc100/data/structures/1485.cif,0.15854961370370416,slab100,54,108,54.0,0.1481740028340775,0.010375610869626656,0.010375610869626656,0.14738896944175414,0.011160644261950015,0.011160644261950015,holdout
1486,/tmp/FeCoNiPdPt_CE_fc2lj8yk/FeCoNiPdPt_CE/fcc100/data/structures/1486.cif,0.18181685277777834,slab100,54,108,54.0,0.1716481930737687,0.010168659704009653,0.010168659704009653,0.17165918361852806,0.010157669159250288,0.010157669159250288,fit
1487,/tmp/FeCoNiPdPt_CE_fc2lj8yk/FeCoNiPdPt_CE/fcc100/data/structures/1487.cif,0.16441268981481438,slab100,54,108,54.0,0.16814454563970319,-0.0037318558248888023,0.0037318558248888023,0.16853101948750154,-0.00411832967268716,0.00411832967268716,fit
1488,/tmp/FeCoNiPdPt_CE_fc2lj8yk/FeCoNiPdPt_CE/fcc100/data/structures/1488.cif,0.2203477722222218,slab100,54,108,54.0,0.22279018210358253,-0.002442409881360741,0.002442409881360741,0.22345257906166627,-0.003104806839444474,0.003104806839444474,fit
1489,/tmp/FeCoNiPdPt_CE_fc2lj8yk/FeCoNiPdPt_CE/fcc100/data/structures/1489.cif,0.1937422312962964,slab100,54,108,54.0,0.18437214294651205,0.009370088349784339,0.009370088349784339,0.1849517554146065,0.00879047588168988,0.00879047588168988,fit
1490,/tmp/FeCoNiPdPt_CE_fc2lj8yk/FeCoNiPdPt_CE/fcc100/data/structures/1490.cif,0.1941853588888886,slab100,54,108,54.0,0.1888665419534872,0.005318816935401399,0.005318816935401399,0.18976264130989257,0.004422717578996038,0.004422717578996038,fit
1491,/tmp/FeCoNiPdPt_CE_fc2lj8yk/FeCoNiPdPt_CE/fcc100/data/structures/1491.cif,0.19733827666666603,slab100,54,108,54.0,0.1875827714648464,0.009755505201819642,0.009755505201819642,0.1868771219865095,0.010461154680156542,0.010461154680156542,fit
1492,/tmp/FeCoNiPdPt_CE_fc2lj8yk/FeCoNiPdPt_CE/fcc100/data/structures/1492.cif,0.16718494722222224,slab100,54,108,54.0,0.16395673853172318,0.003228208690499057,0.003228208690499057,0.16461022181286794,0.0025747254093543004,0.0025747254093543004,fit
1493,/tmp/FeCoNiPdPt_CE_fc2lj8yk/FeCoNiPdPt_CE/fcc100/data/structures/1493.cif,0.1888446224074069,slab100,54,108,54.0,0.18367826121955852,0.005166361187848384,0.005166361187848384,0.18311312769222876,0.005731494715178143,0.005731494715178143,fit
1494,/tmp/FeCoNiPdPt_CE_fc2lj8yk/FeCoNiPdPt_CE/fcc100/data/structures/1494.cif,0.2023221846296287,slab100,54,108,54.0,0.21001924974005645,-0.007697065110427753,0.007697065110427753,0.21004251883329114,-0.007720334203662443,0.007720334203662443,fit
1495,/tmp/FeCoNiPdPt_CE_fc2lj8yk/FeCoNiPdPt_CE/fcc100/data/structures/1495.cif,0.2071555029629632,slab100,54,108,54.0,0.2059061343164219,0.0012493686465412934,0.0012493686465412934,0.2051511115440119,0.0020043914189513123,0.0020043914189513123,holdout
1496,/tmp/FeCoNiPdPt_CE_fc2lj8yk/FeCoNiPdPt_CE/fcc100/data/structures/1496.cif,0.14957461814814813,slab100,54,108,54.0,0.15662328550156168,-0.007048667353413557,0.007048667353413557,0.15491623480823014,-0.00534161666008201,0.00534161666008201,fit
1497,/tmp/FeCoNiPdPt_CE_fc2lj8yk/FeCoNiPdPt_CE/fcc100/data/structures/1497.cif,0.20881807870370356,slab100,54,108,54.0,0.19518852632346806,0.013629552380235499,0.013629552380235499,0.19424535708097054,0.014572721622733015,0.014572721622733015,fit
1498,/tmp/FeCoNiPdPt_CE_fc2lj8yk/FeCoNiPdPt_CE/fcc100/data/structures/1498.cif,0.19988182944444516,slab100,54,108,54.0,0.2069683077649456,-0.007086478320500439,0.007086478320500439,0.2072786781351212,-0.0073968486906760555,0.0073968486906760555,fit
1499,/tmp/FeCoNiPdPt_CE_fc2lj8yk/FeCoNiPdPt_CE/fcc100/data/structures/1499.cif,0.15812361074074066,slab100,54,108,54.0,0.14848787366068358,0.009635737080057077,0.009635737080057077,0.14777702288371874,0.010346587857021916,0.010346587857021916,fit
1500,/tmp/FeCoNiPdPt_CE_fc2lj8yk/FeCoNiPdPt_CE/fcc100/data/structures/1500.cif,0.17533446055555532,slab100,54,108,54.0,0.17829800004974106,-0.002963539494185735,0.002963539494185735,0.17847023149903896,-0.0031357709434836345,0.0031357709434836345,fit
1501,/tmp/FeCoNiPdPt_CE_fc2lj8yk/FeCoNiPdPt_CE/fcc100/data/structures/1501.cif,0.2096758151851856,slab100,54,108,54.0,0.20355305300111848,0.0061227621840671265,0.0061227621840671265,0.20485280705448183,0.004823008130703771,0.004823008130703771,fit
1502,/tmp/FeCoNiPdPt_CE_fc2lj8yk/FeCoNiPdPt_CE/fcc100/data/structures/1502.cif,0.1232598211111106,slab100,54,108,54.0,0.12306261180380548,0.00019720930730511566,0.00019720930730511566,0.12102340143144304,0.0022364196796675617,0.0022364196796675617,fit
1503,/tmp/FeCoNiPdPt_CE_fc2lj8yk/FeCoNiPdPt_CE/fcc100/data/structures/1503.cif,0.17535036111111055,slab100,54,108,54.0,0.18995841871023308,-0.014608057599122537,0.014608057599122537,0.1903365356862571,-0.01498617457514656,0.01498617457514656,fit
1504,/tmp/FeCoNiPdPt_CE_fc2lj8yk/FeCoNiPdPt_CE/fcc100/data/structures/1504.cif,0.23729675629629632,slab100,54,108,54.0,0.23323269105426503,0.0040640652420312895,0.0040640652420312895,0.2327506269386361,0.004546129357660217,0.004546129357660217,holdout
1505,/tmp/FeCoNiPdPt_CE_fc2lj8yk/FeCoNiPdPt_CE/fcc100/data/structures/1505.cif,0.14597793037037096,slab100,54,108,54.0,0.16276733730801968,-0.016789406937648715,0.016789406937648715,0.16238362737464243,-0.01640569700427147,0.01640569700427147,fit
1506,/tmp/FeCoNiPdPt_CE_fc2lj8yk/FeCoNiPdPt_CE/fcc100/data/structures/1506.cif,0.19728959907407398,slab100,54,108,54.0,0.1975127642894808,-0.00022316521540682865,0.00022316521540682865,0.19820224514878645,-0.0009126460747124754,0.0009126460747124754,holdout
1507,/tmp/FeCoNiPdPt_CE_fc2lj8yk/FeCoNiPdPt_CE/fcc100/data/structures/1507.cif,0.15819350277777744,slab100,54,108,54.0,0.1505348840755091,0.007658618702268333,0.007658618702268333,0.14911076448423508,0.009082738293542364,0.009082738293542364,fit
1508,/tmp/FeCoNiPdPt_CE_fc2lj8yk/FeCoNiPdPt_CE/fcc100/data/structures/1508.cif,0.17743306314814808,slab100,54,108,54.0,0.18312935065363928,-0.005696287505491199,0.005696287505491199,0.1827279818601698,-0.005294918712021729,0.005294918712021729,fit
1509,/tmp/FeCoNiPdPt_CE_fc2lj8yk/FeCoNiPdPt_CE/fcc100/data/structures/1509.cif,0.22338166685185212,slab100,54,108,54.0,0.22116936882661062,0.0022122980252415048,0.0022122980252415048,0.2211575662207903,0.0022241006310618205,0.0022241006310618205,fit
1510,/tmp/FeCoNiPdPt_CE_fc2lj8yk/FeCoNiPdPt_CE/fcc100/data/structures/1510.cif,0.21569004333333328,slab100,54,108,54.0,0.20969598952041146,0.005994053812921812,0.005994053812921812,0.20929452027425033,0.006395523059082947,0.006395523059082947,fit
1511,/tmp/FeCoNiPdPt_CE_fc2lj8yk/FeCoNiPdPt_CE/fcc100/data/structures/1511.cif,0.20061296833333342,slab100,54,108,54.0,0.20850079181776768,-0.007887823484434259,0.007887823484434259,0.20793702958786361,-0.007324061254530195,0.007324061254530195,fit
1512,/tmp/FeCoNiPdPt_CE_fc2lj8yk/FeCoNiPdPt_CE/fcc100/data/structures/1512.cif,0.16723669314814796,slab100,54,108,54.0,0.147426317453175,0.01981037569497296,0.01981037569497296,0.14770237207094275,0.019534321077205208,0.019534321077205208,fit
1513,/tmp/FeCoNiPdPt_CE_fc2lj8yk/FeCoNiPdPt_CE/fcc100/data/structures/1513.cif,0.1877187690740748,slab100,54,108,54.0,0.18436052723272764,0.0033582418413471704,0.0033582418413471704,0.183397631334197,0.004321137739877801,0.004321137739877801,fit
1514,/tmp/FeCoNiPdPt_CE_fc2lj8yk/FeCoNiPdPt_CE/fcc100/data/structures/1514.cif,0.20209488037037066,slab100,54,108,54.0,0.19000270960218946,0.012092170768181199,0.012092170768181199,0.18958344918125872,0.012511431189111938,0.012511431189111938,fit
1515,/tmp/FeCoNiPdPt_CE_fc2lj8yk/FeCoNiPdPt_CE/fcc100/data/structures/1515.cif,0.1974021188888889,slab100,54,108,54.0,0.2110862087940123,-0.013684089905123403,0.013684089905123403,0.20995199836459724,-0.012549879475708348,0.012549879475708348,fit
1516,/tmp/FeCoNiPdPt_CE_fc2lj8yk/FeCoNiPdPt_CE/fcc100/data/structures/1516.cif,0.1479150177777784,slab100,54,108,54.0,0.17168802317086565,-0.023773005393087243,0.023773005393087243,0.17008997859932348,-0.022174960821545076,0.022174960821545076,fit
1517,/tmp/FeCoNiPdPt_CE_fc2lj8yk/FeCoNiPdPt_CE/fcc100/data/structures/1517.cif,0.22812646370370418,slab100,54,108,54.0,0.24343195113076124,-0.015305487427057063,0.015305487427057063,0.24526762169175792,-0.01714115798805374,0.01714115798805374,holdout
1518,/tmp/FeCoNiPdPt_CE_fc2lj8yk/FeCoNiPdPt_CE/fcc100/data/structures/1518.cif,0.1502775096296297,slab100,54,108,54.0,0.1623549444800991,-0.012077434850469387,0.012077434850469387,0.16155216694775515,-0.011274657318125436,0.011274657318125436,fit
1519,/tmp/FeCoNiPdPt_CE_fc2lj8yk/FeCoNiPdPt_CE/fcc100/data/structures/1519.cif,0.15492577148148184,slab100,54,108,54.0,0.15112187880460118,0.003803892676880666,0.003803892676880666,0.15087830446360598,0.0040474670178758665,0.0040474670178758665,holdout
1520,/tmp/FeCoNiPdPt_CE_fc2lj8yk/FeCoNiPdPt_CE/fcc100/data/structures/1520.cif,0.16544601833333286,slab100,54,108,54.0,0.17286420621297585,-0.00741818787964299,0.00741818787964299,0.1730001052080933,-0.007554086874760446,0.007554086874760446,fit
1521,/tmp/FeCoNiPdPt_CE_fc2lj8yk/FeCoNiPdPt_CE/fcc100/data/structures/1521.cif,0.17240187518518513,slab100,54,108,54.0,0.15620967035767938,0.016192204827505746,0.016192204827505746,0.1564643081544574,0.01593756703072774,0.01593756703072774,fit
1522,/tmp/FeCoNiPdPt_CE_fc2lj8yk/FeCoNiPdPt_CE/fcc100/data/structures/1522.cif,0.20068939148148116,slab100,54,108,54.0,0.20896025677522073,-0.008270865293739577,0.008270865293739577,0.20837082660923892,-0.007681435127757763,0.007681435127757763,fit
1523,/tmp/FeCoNiPdPt_CE_fc2lj8yk/FeCoNiPdPt_CE/fcc100/data/structures/1523.cif,0.14734596351851897,slab100,54,108,54.0,0.15016062559065319,-0.002814662072134211,0.002814662072134211,0.1491724508130798,-0.0018264872945608357,0.0018264872945608357,fit
1524,/tmp/FeCoNiPdPt_CE_fc2lj8yk/FeCoNiPdPt_CE/fcc100/data/structures/1524.cif,0.17763538000000023,slab100,54,108,54.0,0.18197565961670895,-0.004340279616708714,0.004340279616708714,0.18184250984086117,-0.00420712984086094,0.00420712984086094,fit
1525,/tmp/FeCoNiPdPt_CE_fc2lj8yk/FeCoNiPdPt_CE/fcc100/data/structures/1525.cif,0.2448557335185184,slab100,54,108,54.0,0.26096226800900574,-0.01610653449048735,0.01610653449048735,0.26156550996014444,-0.01670977644162605,0.01670977644162605,fit
1526,/tmp/FeCoNiPdPt_CE_fc2lj8yk/FeCoNiPdPt_CE/fcc100/data/structures/1526.cif,0.20073275648148106,slab100,54,108,54.0,0.19368889993053082,0.007043856550950245,0.007043856550950245,0.1937611354942668,0.0069716209872142665,0.0069716209872142665,fit
1527,/tmp/FeCoNiPdPt_CE_fc2lj8yk/FeCoNiPdPt_CE/fcc100/data/structures/1527.cif,0.19607311037037053,slab100,54,108,54.0,0.18373297676688466,0.012340133603485876,0.012340133603485876,0.182554731161622,0.013518379208748543,0.013518379208748543,fit
1528,/tmp/FeCoNiPdPt_CE_fc2lj8yk/FeCoNiPdPt_CE/fcc100/data/structures/1528.cif,0.1643415190740743,slab100,54,108,54.0,0.1689187712651062,-0.004577252191031916,0.004577252191031916,0.1683821975105784,-0.004040678436504103,0.004040678436504103,fit
1529,/tmp/FeCoNiPdPt_CE_fc2lj8yk/FeCoNiPdPt_CE/fcc100/data/structures/1529.cif,0.19831652574074013,slab100,54,108,54.0,0.1849060213257955,0.013410504414944624,0.013410504414944624,0.18388441482913545,0.014432110911604679,0.014432110911604679,fit
1530,/tmp/FeCoNiPdPt_CE_fc2lj8yk/FeCoNiPdPt_CE/fcc100/data/structures/1530.cif,0.1800612033333327,slab100,54,108,54.0,0.17686229100202047,0.003198912331312226,0.003198912331312226,0.1760578763367964,0.004003326996536299,0.004003326996536299,holdout
1531,/tmp/FeCoNiPdPt_CE_fc2lj8yk/FeCoNiPdPt_CE/fcc100/data/structures/1531.cif,0.1650142720370369,slab100,54,108,54.0,0.1716345702990932,-0.006620298262056318,0.006620298262056318,0.17176750642027003,-0.0067532343832331365,0.0067532343832331365,fit
1532,/tmp/FeCoNiPdPt_CE_fc2lj8yk/FeCoNiPdPt_CE/fcc100/data/structures/1532.cif,0.18816242148148132,slab100,54,108,54.0,0.1890475201639102,-0.0008850986824288642,0.0008850986824288642,0.18952567745166524,-0.001363255970183913,0.001363255970183913,fit
1533,/tmp/FeCoNiPdPt_CE_fc2lj8yk/FeCoNiPdPt_CE/fcc100/data/structures/1533.cif,0.19923808777777777,slab100,54,108,54.0,0.19241654129205912,0.006821546485718644,0.006821546485718644,0.1927291260567437,0.006508961721034073,0.006508961721034073,fit
1534,/tmp/FeCoNiPdPt_CE_fc2lj8yk/FeCoNiPdPt_CE/fcc100/data/structures/1534.cif,0.1846355711111111,slab100,54,108,54.0,0.19163431500780953,-0.0069987438966984394,0.0069987438966984394,0.19279228515528596,-0.008156714044174868,0.008156714044174868,fit
1535,/tmp/FeCoNiPdPt_CE_fc2lj8yk/FeCoNiPdPt_CE/fcc100/data/structures/1535.cif,0.16698939555555553,slab100,54,108,54.0,0.1544413607848848,0.012548034770670735,0.012548034770670735,0.15345063067350423,0.013538764882051302,0.013538764882051302,holdout
1536,/tmp/FeCoNiPdPt_CE_fc2lj8yk/FeCoNiPdPt_CE/fcc100/data/structures/1536.cif,0.16286291777777673,slab100,54,108,54.0,0.15807982983293947,0.004783087944837255,0.004783087944837255,0.1580943128447613,0.0047686049330154245,0.0047686049330154245,fit
1537,/tmp/FeCoNiPdPt_CE_fc2lj8yk/FeCoNiPdPt_CE/fcc100/data/structures/1537.cif,0.13930291148148155,slab100,54,108,54.0,0.13424694697137346,0.005055964510108091,0.005055964510108091,0.13435753800024217,0.004945373481239385,0.004945373481239385,fit
1538,/tmp/FeCoNiPdPt_CE_fc2lj8yk/FeCoNiPdPt_CE/fcc100/data/structures/1538.cif,0.23218987333333352,slab100,54,108,54.0,0.2181963923784946,0.013993480954838905,0.013993480954838905,0.21780075752892528,0.014389115804408242,0.014389115804408242,fit
1539,/tmp/FeCoNiPdPt_CE_fc2lj8yk/FeCoNiPdPt_CE/fcc100/data/structures/1539.cif,0.2361197540740734,slab100,54,108,54.0,0.2350725986809316,0.001047155393141791,0.001047155393141791,0.2375058607794181,-0.0013861067053446974,0.0013861067053446974,fit
1540,/tmp/FeCoNiPdPt_CE_fc2lj8yk/FeCoNiPdPt_CE/fcc100/data/structures/1540.cif,0.20349337999999972,slab100,54,108,54.0,0.19526258455172854,0.008230795448271183,0.008230795448271183,0.19517151408537672,0.008321865914623,0.008321865914623,fit
1541,/tmp/FeCoNiPdPt_CE_fc2lj8yk/FeCoNiPdPt_CE/fcc100/data/structures/1541.cif,0.15459970814814764,slab100,54,108,54.0,0.15706071487649953,-0.0024610067283518944,0.0024610067283518944,0.15487653573871377,-0.00027682759056613104,0.00027682759056613104,fit
1542,/tmp/FeCoNiPdPt_CE_fc2lj8yk/FeCoNiPdPt_CE/fcc100/data/structures/1542.cif,0.17985848462962992,slab100,54,108,54.0,0.18248600422838387,-0.002627519598753958,0.002627519598753958,0.1815034886427262,-0.0016450040130962795,0.0016450040130962795,fit
1543,/tmp/FeCoNiPdPt_CE_fc2lj8yk/FeCoNiPdPt_CE/fcc100/data/structures/1543.cif,0.16292514537037017,slab100,54,108,54.0,0.15019101228135823,0.012734133089011945,0.012734133089011945,0.14982963199059338,0.013095513379776796,0.013095513379776796,fit
1544,/tmp/FeCoNiPdPt_CE_fc2lj8yk/FeCoNiPdPt_CE/fcc100/data/structures/1544.cif,0.21154900388888917,slab100,54,108,54.0,0.21520570843857395,-0.0036567045496847805,0.0036567045496847805,0.21435246469900063,-0.0028034608101114578,0.0028034608101114578,fit
1545,/tmp/FeCoNiPdPt_CE_fc2lj8yk/FeCoNiPdPt_CE/fcc100/data/structures/1545.cif,0.20238262592592568,slab100,54,108,54.0,0.21585105559434475,-0.013468429668419074,0.013468429668419074,0.2176241514117482,-0.015241525485822527,0.015241525485822527,fit
1546,/tmp/FeCoNiPdPt_CE_fc2lj8yk/FeCoNiPdPt_CE/fcc100/data/structures/1546.cif,0.19534439425925984,slab100,54,108,54.0,0.20115826835046502,-0.005813874091205179,0.005813874091205179,0.20212598799361722,-0.006781593734357383,0.006781593734357383,fit
1547,/tmp/FeCoNiPdPt_CE_fc2lj8yk/FeCoNiPdPt_CE/fcc100/data/structures/1547.cif,0.17291522851851832,slab100,54,108,54.0,0.16029261646928467,0.01262261204923365,0.01262261204923365,0.16087737823678708,0.012037850281731238,0.012037850281731238,fit
1548,/tmp/FeCoNiPdPt_CE_fc2lj8yk/FeCoNiPdPt_CE/fcc100/data/structures/1548.cif,0.19854398092592593,slab100,54,108,54.0,0.19408946704290608,0.004454513883019845,0.004454513883019845,0.193854232765402,0.004689748160523921,0.004689748160523921,fit
1549,/tmp/FeCoNiPdPt_CE_fc2lj8yk/FeCoNiPdPt_CE/fcc100/data/structures/1549.cif,0.17672896629629678,slab100,54,108,54.0,0.16887526064560976,0.00785370565068702,0.00785370565068702,0.1692588155909864,0.007470150705310374,0.007470150705310374,fit
1550,/tmp/FeCoNiPdPt_CE_fc2lj8yk/FeCoNiPdPt_CE/fcc100/data/structures/1550.cif,0.21374052814814742,slab100,54,108,54.0,0.19756358161559776,0.01617694653254967,0.01617694653254967,0.1984299428176193,0.01531058533052812,0.01531058533052812,fit
1551,/tmp/FeCoNiPdPt_CE_fc2lj8yk/FeCoNiPdPt_CE/fcc100/data/structures/1551.cif,0.1945612453703697,slab100,54,108,54.0,0.18950956631084967,0.005051679059520031,0.005051679059520031,0.18907669982742445,0.005484545542945252,0.005484545542945252,fit
1552,/tmp/FeCoNiPdPt_CE_fc2lj8yk/FeCoNiPdPt_CE/fcc100/data/structures/1552.cif,0.2079187331481478,slab100,54,108,54.0,0.19385793929211237,0.014060793856035425,0.014060793856035425,0.1947637950146182,0.013154938133529581,0.013154938133529581,fit
1553,/tmp/FeCoNiPdPt_CE_fc2lj8yk/FeCoNiPdPt_CE/fcc100/data/structures/1553.cif,0.18909735555555618,slab100,54,108,54.0,0.17033002155760898,0.018767333997947194,0.018767333997947194,0.17063932794722364,0.01845802760833254,0.01845802760833254,fit
1554,/tmp/FeCoNiPdPt_CE_fc2lj8yk/FeCoNiPdPt_CE/fcc100/data/structures/1554.cif,0.19529719870370363,slab100,54,108,54.0,0.18767598618518075,0.00762121251852288,0.00762121251852288,0.1858784892096478,0.009418709494055821,0.009418709494055821,fit
1555,/tmp/FeCoNiPdPt_CE_fc2lj8yk/FeCoNiPdPt_CE/fcc100/data/structures/1555.cif,0.15128602444444486,slab100,54,108,54.0,0.1703369890777663,-0.019050964633321427,0.019050964633321427,0.17126876929844365,-0.019982744853998785,0.019982744853998785,fit
1556,/tmp/FeCoNiPdPt_CE_fc2lj8yk/FeCoNiPdPt_CE/fcc100/data/structures/1556.cif,0.19107853629629676,slab100,54,108,54.0,0.19526196922242045,-0.0041834329261236924,0.0041834329261236924,0.19574869412566429,-0.004670157829367527,0.004670157829367527,fit
1557,/tmp/FeCoNiPdPt_CE_fc2lj8yk/FeCoNiPdPt_CE/fcc100/data/structures/1557.cif,0.16230686203703654,slab100,54,108,54.0,0.16776018329169948,-0.005453321254662941,0.005453321254662941,0.16727487851140233,-0.004968016474365788,0.004968016474365788,fit
1558,/tmp/FeCoNiPdPt_CE_fc2lj8yk/FeCoNiPdPt_CE/fcc100/data/structures/1558.cif,0.16664834981481522,slab100,54,108,54.0,0.1653597045436941,0.0012886452711211027,0.0012886452711211027,0.16554077623135438,0.0011075735834608358,0.0011075735834608358,fit
1559,/tmp/FeCoNiPdPt_CE_fc2lj8yk/FeCoNiPdPt_CE/fcc100/data/structures/1559.cif,0.16911146259259255,slab100,54,108,54.0,0.18883770453698318,-0.019726241944390627,0.019726241944390627,0.19013733628234855,-0.021025873689756003,0.021025873689756003,holdout
1560,/tmp/FeCoNiPdPt_CE_fc2lj8yk/FeCoNiPdPt_CE/fcc100/data/structures/1560.cif,0.16686723240740703,slab100,54,108,54.0,0.1810487942065084,-0.014181561799101378,0.014181561799101378,0.18099823420290198,-0.014131001795494952,0.014131001795494952,fit
1561,/tmp/FeCoNiPdPt_CE_fc2lj8yk/FeCoNiPdPt_CE/fcc100/data/structures/1561.cif,0.18157656481481496,slab100,54,108,54.0,0.16331024571887676,0.018266319095938205,0.018266319095938205,0.16225343028897568,0.01932313452583928,0.01932313452583928,holdout
1562,/tmp/FeCoNiPdPt_CE_fc2lj8yk/FeCoNiPdPt_CE/fcc100/data/structures/1562.cif,0.15503528592592655,slab100,54,108,54.0,0.16271868933255987,-0.007683403406633316,0.007683403406633316,0.16311032028804345,-0.0080750343621169,0.0080750343621169,fit
1563,/tmp/FeCoNiPdPt_CE_fc2lj8yk/FeCoNiPdPt_CE/fcc100/data/structures/1563.cif,0.2067194250000002,slab100,54,108,54.0,0.21108102209660812,-0.004361597096607911,0.004361597096607911,0.21126439889553758,-0.004544973895537374,0.004544973895537374,fit
1564,/tmp/FeCoNiPdPt_CE_fc2lj8yk/FeCoNiPdPt_CE/fcc100/data/structures/1564.cif,0.19216209814814744,slab100,54,108,54.0,0.18429340470729624,0.007868693440851199,0.007868693440851199,0.18424088109262177,0.007921217055525676,0.007921217055525676,fit
1565,/tmp/FeCoNiPdPt_CE_fc2lj8yk/FeCoNiPdPt_CE/fcc100/data/structures/1565.cif,0.16007094074074055,slab100,54,108,54.0,0.17946205546808075,-0.019391114727340203,0.019391114727340203,0.18003395162679925,-0.019963010886058702,0.019963010886058702,fit
1566,/tmp/FeCoNiPdPt_CE_fc2lj8yk/FeCoNiPdPt_CE/fcc100/data/structures/1566.cif,0.16949429888888887,slab100,54,108,54.0,0.1690675864457637,0.0004267124431251712,0.0004267124431251712,0.16940727425460722,8.702463428164608e-05,8.702463428164608e-05,fit
1567,/tmp/FeCoNiPdPt_CE_fc2lj8yk/FeCoNiPdPt_CE/fcc100/data/structures/1567.cif,0.1830924757407407,slab100,54,108,54.0,0.18281489536368412,0.0002775803770565799,0.0002775803770565799,0.1831692894537725,-7.681371303180917e-05,7.681371303180917e-05,fit
1568,/tmp/FeCoNiPdPt_CE_fc2lj8yk/FeCoNiPdPt_CE/fcc100/data/structures/1568.cif,0.18152310351851814,slab100,54,108,54.0,0.1782672159699365,0.0032558875485816374,0.0032558875485816374,0.17872952968277622,0.0027935738357419138,0.0027935738357419138,fit
1569,/tmp/FeCoNiPdPt_CE_fc2lj8yk/FeCoNiPdPt_CE/fcc100/data/structures/1569.cif,0.2413232612962967,slab100,54,108,54.0,0.23275250147875012,0.00857075981754657,0.00857075981754657,0.23255920715105555,0.008764054145241146,0.008764054145241146,fit
1570,/tmp/FeCoNiPdPt_CE_fc2lj8yk/FeCoNiPdPt_CE/fcc100/data/structures/1570.cif,0.1772936903703697,slab100,54,108,54.0,0.17045722621065246,0.006836464159717254,0.006836464159717254,0.17127463270529222,0.006019057665077487,0.006019057665077487,fit
1571,/tmp/FeCoNiPdPt_CE_fc2lj8yk/FeCoNiPdPt_CE/fcc100/data/structures/1571.cif,0.1634578877777781,slab100,54,108,54.0,0.1620168768384372,0.0014410109393408754,0.0014410109393408754,0.1623611701064271,0.0010967176713509996,0.0010967176713509996,fit
1572,/tmp/FeCoNiPdPt_CE_fc2lj8yk/FeCoNiPdPt_CE/fcc100/data/structures/1572.cif,0.23784456851851868,slab100,54,108,54.0,0.2291005710603944,0.008743997458124292,0.008743997458124292,0.22900450046446572,0.008840068054052963,0.008840068054052963,fit
1573,/tmp/FeCoNiPdPt_CE_fc2lj8yk/FeCoNiPdPt_CE/fcc100/data/structures/1573.cif,0.16387679018518497,slab100,54,108,54.0,0.16276377506431794,0.0011130151208670336,0.0011130151208670336,0.16315196318183242,0.0007248270033525517,0.0007248270033525517,fit
1574,/tmp/FeCoNiPdPt_CE_fc2lj8yk/FeCoNiPdPt_CE/fcc100/data/structures/1574.cif,0.19317845351851884,slab100,54,108,54.0,0.19863335180343705,-0.005454898284918214,0.005454898284918214,0.19857971863617183,-0.005401265117652987,0.005401265117652987,holdout
1575,/tmp/FeCoNiPdPt_CE_fc2lj8yk/FeCoNiPdPt_CE/fcc100/data/structures/1575.cif,0.18245464425925942,slab100,54,108,54.0,0.18213844250606515,0.0003162017531942729,0.0003162017531942729,0.1814892358618526,0.0009654083974068306,0.0009654083974068306,fit
1576,/tmp/FeCoNiPdPt_CE_fc2lj8yk/FeCoNiPdPt_CE/fcc100/data/structures/1576.cif,0.22282781314814737,slab100,54,108,54.0,0.22885822089973984,-0.00603040775159247,0.00603040775159247,0.2300291720928027,-0.007201358944655317,0.007201358944655317,fit
1577,/tmp/FeCoNiPdPt_CE_fc2lj8yk/FeCoNiPdPt_CE/fcc100/data/structures/1577.cif,0.1686619298148152,slab100,54,108,54.0,0.1532455296169621,0.015416400197853092,0.015416400197853092,0.15354328347274934,0.015118646342065861,0.015118646342065861,fit
1578,/tmp/FeCoNiPdPt_CE_fc2lj8yk/FeCoNiPdPt_CE/fcc100/data/structures/1578.cif,0.17576854388888852,slab100,54,108,54.0,0.1791804093776703,-0.003411865488781779,0.003411865488781779,0.1776505295869382,-0.0018819856980496763,0.0018819856980496763,fit
1579,/tmp/FeCoNiPdPt_CE_fc2lj8yk/FeCoNiPdPt_CE/fcc100/data/structures/1579.cif,0.19025855870370378,slab100,54,108,54.0,0.18770721583237635,0.002551342871327439,0.002551342871327439,0.18752986754890083,0.0027286911548029535,0.0027286911548029535,fit
1580,/tmp/FeCoNiPdPt_CE_fc2lj8yk/FeCoNiPdPt_CE/fcc100/data/structures/1580.cif,0.17771880870370393,slab100,54,108,54.0,0.1774207443684008,0.00029806433530313314,0.00029806433530313314,0.17664572673617923,0.0010730819675247028,0.0010730819675247028,fit
1581,/tmp/FeCoNiPdPt_CE_fc2lj8yk/FeCoNiPdPt_CE/fcc100/data/structures/1581.cif,0.17929842629629572,slab100,54,108,54.0,0.17246378991359404,0.006834636382701681,0.006834636382701681,0.1698286865437745,0.009469739752521217,0.009469739752521217,fit
1582,/tmp/FeCoNiPdPt_CE_fc2lj8yk/FeCoNiPdPt_CE/fcc100/data/structures/1582.cif,0.18498005481481422,slab100,54,108,54.0,0.18045277483701241,0.004527279977801807,0.004527279977801807,0.18146856056764554,0.0035114942471686783,0.0035114942471686783,fit
1583,/tmp/FeCoNiPdPt_CE_fc2lj8yk/FeCoNiPdPt_CE/fcc100/data/structures/1583.cif,0.19427484222222274,slab100,54,108,54.0,0.19059472888462936,0.0036801133375933825,0.0036801133375933825,0.1905664753505468,0.0037083668716759444,0.0037083668716759444,fit
1584,/tmp/FeCoNiPdPt_CE_fc2lj8yk/FeCoNiPdPt_CE/fcc100/data/structures/1584.cif,0.17722393481481533,slab100,54,108,54.0,0.1735510650285552,0.0036728697862601356,0.0036728697862601356,0.17360311682902246,0.0036208179857928624,0.0036208179857928624,fit
1585,/tmp/FeCoNiPdPt_CE_fc2lj8yk/FeCoNiPdPt_CE/fcc100/data/structures/1585.cif,0.19389743037037074,slab100,54,108,54.0,0.18906641846082783,0.004831011909542909,0.004831011909542909,0.1884629636525374,0.005434466717833347,0.005434466717833347,fit
1586,/tmp/FeCoNiPdPt_CE_fc2lj8yk/FeCoNiPdPt_CE/fcc100/data/structures/1586.cif,0.19919804629629698,slab100,54,108,54.0,0.17587598614613878,0.023322060150158197,0.023322060150158197,0.17479442472072634,0.024403621575570633,0.024403621575570633,fit
1587,/tmp/FeCoNiPdPt_CE_fc2lj8yk/FeCoNiPdPt_CE/fcc100/data/structures/1587.cif,0.19040501074074132,slab100,54,108,54.0,0.18517797784045478,0.005227032900286532,0.005227032900286532,0.18475787402730984,0.005647136713431478,0.005647136713431478,fit
1588,/tmp/FeCoNiPdPt_CE_fc2lj8yk/FeCoNiPdPt_CE/fcc100/data/structures/1588.cif,0.18881839148148133,slab100,54,108,54.0,0.19253248019668273,-0.0037140887152014024,0.0037140887152014024,0.1927131966505723,-0.0038948051690909646,0.0038948051690909646,fit
1589,/tmp/FeCoNiPdPt_CE_fc2lj8yk/FeCoNiPdPt_CE/fcc100/data/structures/1589.cif,0.19232361518518498,slab100,54,108,54.0,0.18641897595226367,0.00590463923292131,0.00590463923292131,0.1871792399335464,0.005144375251638578,0.005144375251638578,fit
1590,/tmp/FeCoNiPdPt_CE_fc2lj8yk/FeCoNiPdPt_CE/fcc100/data/structures/1590.cif,0.1923860468518523,slab100,54,108,54.0,0.19793078725218305,-0.005544740400330761,0.005544740400330761,0.19860707489066134,-0.006221028038809057,0.006221028038809057,fit
1591,/tmp/FeCoNiPdPt_CE_fc2lj8yk/FeCoNiPdPt_CE/fcc100/data/structures/1591.cif,0.15288339629629658,slab100,54,108,54.0,0.1692064056482137,-0.016323009351917134,0.016323009351917134,0.16868444216327474,-0.01580104586697817,0.01580104586697817,fit
1592,/tmp/FeCoNiPdPt_CE_fc2lj8yk/FeCoNiPdPt_CE/fcc100/data/structures/1592.cif,0.17148939851851866,slab100,54,108,54.0,0.16609962084292576,0.0053897776755928994,0.0053897776755928994,0.16454896151789275,0.00694043700062591,0.00694043700062591,fit
1593,/tmp/FeCoNiPdPt_CE_fc2lj8yk/FeCoNiPdPt_CE/fcc100/data/structures/1593.cif,0.16411613962962954,slab100,54,108,54.0,0.1688438752072784,-0.004727735577648856,0.004727735577648856,0.17062613543187524,-0.006509995802245705,0.006509995802245705,fit
1594,/tmp/FeCoNiPdPt_CE_fc2lj8yk/FeCoNiPdPt_CE/fcc100/data/structures/1594.cif,0.182517262592592,slab100,54,108,54.0,0.1833384576405205,-0.000821195047928519,0.000821195047928519,0.1842919917092189,-0.0017747291166269052,0.0017747291166269052,fit
1595,/tmp/FeCoNiPdPt_CE_fc2lj8yk/FeCoNiPdPt_CE/fcc100/data/structures/1595.cif,0.1707205055555558,slab100,54,108,54.0,0.182179816915781,-0.01145931136022521,0.01145931136022521,0.18303846370985466,-0.01231795815429887,0.01231795815429887,fit
1596,/tmp/FeCoNiPdPt_CE_fc2lj8yk/FeCoNiPdPt_CE/fcc100/data/structures/1596.cif,0.15391100870370325,slab100,54,108,54.0,0.1672276142937441,-0.013316605590040859,0.013316605590040859,0.16659140885154028,-0.012680400147837029,0.012680400147837029,fit
1597,/tmp/FeCoNiPdPt_CE_fc2lj8yk/FeCoNiPdPt_CE/fcc100/data/structures/1597.cif,0.1703939562962965,slab100,54,108,54.0,0.16718055250612757,0.003213403790168934,0.003213403790168934,0.16838304809731083,0.002010908198985667,0.002010908198985667,fit
1598,/tmp/FeCoNiPdPt_CE_fc2lj8yk/FeCoNiPdPt_CE/fcc100/data/structures/1598.cif,0.17917236944444426,slab100,54,108,54.0,0.1727648974356525,0.00640747200879177,0.00640747200879177,0.17082126129882955,0.00835110814561471,0.00835110814561471,fit
1599,/tmp/FeCoNiPdPt_CE_fc2lj8yk/FeCoNiPdPt_CE/fcc100/data/structures/1599.cif,0.1767999111111117,slab100,54,108,54.0,0.17851045640250432,-0.0017105452913926122,0.0017105452913926122,0.1798755548751709,-0.003075643764059194,0.003075643764059194,fit
1600,/tmp/FeCoNiPdPt_CE_fc2lj8yk/FeCoNiPdPt_CE/fcc100/data/structures/1600.cif,0.22525833648148083,slab100,54,108,54.0,0.2199664831841573,0.00529185329732354,0.00529185329732354,0.21908537178926862,0.006172964692212207,0.006172964692212207,holdout
1601,/tmp/FeCoNiPdPt_CE_fc2lj8yk/FeCoNiPdPt_CE/fcc100/data/structures/1601.cif,0.18417042907407433,slab100,54,108,54.0,0.18330344009559285,0.0008669889784814755,0.0008669889784814755,0.18371708652135463,0.0004533425527196988,0.0004533425527196988,fit
1602,/tmp/FeCoNiPdPt_CE_fc2lj8yk/FeCoNiPdPt_CE/fcc100/data/structures/1602.cif,0.21376344148148238,slab100,54,108,54.0,0.2104598887351937,0.003303552746288685,0.003303552746288685,0.21217425287641217,0.0015891886050702075,0.0015891886050702075,fit
1603,/tmp/FeCoNiPdPt_CE_fc2lj8yk/FeCoNiPdPt_CE/fcc100/data/structures/1603.cif,0.21287400740740736,slab100,54,108,54.0,0.2065497224151285,0.006324284992278856,0.006324284992278856,0.2071920248613956,0.005681982546011766,0.005681982546011766,fit
1604,/tmp/FeCoNiPdPt_CE_fc2lj8yk/FeCoNiPdPt_CE/fcc100/data/structures/1604.cif,0.1448834168518513,slab100,54,108,54.0,0.16254924933810383,-0.01766583248625253,0.01766583248625253,0.16351605788721807,-0.01863264103536677,0.01863264103536677,fit
1605,/tmp/FeCoNiPdPt_CE_fc2lj8yk/FeCoNiPdPt_CE/fcc100/data/structures/1605.cif,0.18845874870370316,slab100,54,108,54.0,0.19549940464290735,-0.007040655939204193,0.007040655939204193,0.19716550041505757,-0.008706751711354405,0.008706751711354405,fit
1606,/tmp/FeCoNiPdPt_CE_fc2lj8yk/FeCoNiPdPt_CE/fcc100/data/structures/1606.cif,0.18820991981481552,slab100,54,108,54.0,0.18847255395310136,-0.0002626341382858388,0.0002626341382858388,0.1865646385885544,0.0016452812262611194,0.0016452812262611194,fit
1607,/tmp/FeCoNiPdPt_CE_fc2lj8yk/FeCoNiPdPt_CE/fcc100/data/structures/1607.cif,0.15006673574074134,slab100,54,108,54.0,0.14918385648493857,0.0008828792558027709,0.0008828792558027709,0.15090252486428501,-0.0008357891235436787,0.0008357891235436787,fit
1608,/tmp/FeCoNiPdPt_CE_fc2lj8yk/FeCoNiPdPt_CE/fcc100/data/structures/1608.cif,0.14965092222222207,slab100,54,108,54.0,0.19807025775643347,-0.048419335534211405,0.048419335534211405,0.19839497686304877,-0.048744054640826706,0.048744054640826706,fit
1609,/tmp/FeCoNiPdPt_CE_fc2lj8yk/FeCoNiPdPt_CE/fcc100/data/structures/1609.cif,0.18726127722222238,slab100,54,108,54.0,0.1797655923056911,0.00749568491653127,0.00749568491653127,0.17959552651238347,0.007665750709838909,0.007665750709838909,fit
1610,/tmp/FeCoNiPdPt_CE_fc2lj8yk/FeCoNiPdPt_CE/fcc100/data/structures/1610.cif,0.1561298172222223,slab100,54,108,54.0,0.1753150972797771,-0.019185280057554793,0.019185280057554793,0.1756999254893832,-0.019570108267160907,0.019570108267160907,fit
1611,/tmp/FeCoNiPdPt_CE_fc2lj8yk/FeCoNiPdPt_CE/fcc100/data/structures/1611.cif,0.2027248127777781,slab100,54,108,54.0,0.2001696699661877,0.0025551428115903885,0.0025551428115903885,0.1998507545856636,0.0028740581921145036,0.0028740581921145036,fit
1612,/tmp/FeCoNiPdPt_CE_fc2lj8yk/FeCoNiPdPt_CE/fcc100/data/structures/1612.cif,0.19042063999999978,slab100,54,108,54.0,0.18736506408702616,0.003055575912973618,0.003055575912973618,0.1870124168649439,0.003408223135055871,0.003408223135055871,fit
1613,/tmp/FeCoNiPdPt_CE_fc2lj8yk/FeCoNiPdPt_CE/fcc100/data/structures/1613.cif,0.19742602796296288,slab100,54,108,54.0,0.1816230129796159,0.01580301498334699,0.01580301498334699,0.1818714324637883,0.015554595499174567,0.015554595499174567,fit
1614,/tmp/FeCoNiPdPt_CE_fc2lj8yk/FeCoNiPdPt_CE/fcc100/data/structures/1614.cif,0.20865304592592582,slab100,54,108,54.0,0.20606764909141925,0.0025853968345065648,0.0025853968345065648,0.20536425104257716,0.0032887948833486558,0.0032887948833486558,fit
1615,/tmp/FeCoNiPdPt_CE_fc2lj8yk/FeCoNiPdPt_CE/fcc100/data/structures/1615.cif,0.18069219925925917,slab100,54,108,54.0,0.18887358263245962,-0.008181383373200457,0.008181383373200457,0.1908258556688699,-0.010133656409610725,0.010133656409610725,fit
1616,/tmp/FeCoNiPdPt_CE_fc2lj8yk/FeCoNiPdPt_CE/fcc100/data/structures/1616.cif,0.19617020388888887,slab100,54,108,54.0,0.19714049784676396,-0.0009702939578750958,0.0009702939578750958,0.19742466014173515,-0.0012544562528462866,0.0012544562528462866,fit
1617,/tmp/FeCoNiPdPt_CE_fc2lj8yk/FeCoNiPdPt_CE/fcc100/data/structures/1617.cif,0.21026875981481416,slab100,54,108,54.0,0.21033353883130265,-6.477901648849205e-05,6.477901648849205e-05,0.21017244603166382,9.63137831503369e-05,9.63137831503369e-05,fit
1618,/tmp/FeCoNiPdPt_CE_fc2lj8yk/FeCoNiPdPt_CE/fcc100/data/structures/1618.cif,0.23197588111111145,slab100,54,108,54.0,0.21781302460662363,0.014162856504487814,0.014162856504487814,0.21883151477343513,0.013144366337676322,0.013144366337676322,fit
1619,/tmp/FeCoNiPdPt_CE_fc2lj8yk/FeCoNiPdPt_CE/fcc100/data/structures/1619.cif,0.19083346500000037,slab100,54,108,54.0,0.18833348080090467,0.002499984199095695,0.002499984199095695,0.18917133868800168,0.0016621263119986907,0.0016621263119986907,fit
1620,/tmp/FeCoNiPdPt_CE_fc2lj8yk/FeCoNiPdPt_CE/fcc100/data/structures/1620.cif,0.1870873359259267,slab100,54,108,54.0,0.19195539688703522,-0.0048680609611085335,0.0048680609611085335,0.19302149973428354,-0.005934163808356846,0.005934163808356846,fit
1621,/tmp/FeCoNiPdPt_CE_fc2lj8yk/FeCoNiPdPt_CE/fcc100/data/structures/1621.cif,0.2032997998148142,slab100,54,108,54.0,0.20534997861183577,-0.0020501787970215735,0.0020501787970215735,0.2042406523864939,-0.0009408525716796956,0.0009408525716796956,fit
1622,/tmp/FeCoNiPdPt_CE_fc2lj8yk/FeCoNiPdPt_CE/fcc100/data/structures/1622.cif,0.16761825296296284,slab100,54,108,54.0,0.1592286543293906,0.008389598633572248,0.008389598633572248,0.15789289836119788,0.009725354601764963,0.009725354601764963,fit
1623,/tmp/FeCoNiPdPt_CE_fc2lj8yk/FeCoNiPdPt_CE/fcc100/data/structures/1623.cif,0.177111531111111,slab100,54,108,54.0,0.1667429587167503,0.010368572394360703,0.010368572394360703,0.168308727378839,0.008802803732271991,0.008802803732271991,fit
1624,/tmp/FeCoNiPdPt_CE_fc2lj8yk/FeCoNiPdPt_CE/fcc100/data/structures/1624.cif,0.18062876574074108,slab100,54,108,54.0,0.1845547955777756,-0.003926029837034523,0.003926029837034523,0.18390829479161014,-0.003279529050869062,0.003279529050869062,fit
1625,/tmp/FeCoNiPdPt_CE_fc2lj8yk/FeCoNiPdPt_CE/fcc100/data/structures/1625.cif,0.20557217999999958,slab100,54,108,54.0,0.2013488543992825,0.004223325600717087,0.004223325600717087,0.20235167102981672,0.0032205089701828615,0.0032205089701828615,fit
1626,/tmp/FeCoNiPdPt_CE_fc2lj8yk/FeCoNiPdPt_CE/fcc100/data/structures/1626.cif,0.1727589253703709,slab100,54,108,54.0,0.19510106474442981,-0.022342139374058906,0.022342139374058906,0.1958954964392098,-0.0231365710688389,0.0231365710688389,fit
1627,/tmp/FeCoNiPdPt_CE_fc2lj8yk/FeCoNiPdPt_CE/fcc100/data/structures/1627.cif,0.17897931611111062,slab100,54,108,54.0,0.18067112304166408,-0.0016918069305534578,0.0016918069305534578,0.18041082511311324,-0.0014315090020026178,0.0014315090020026178,fit
1628,/tmp/FeCoNiPdPt_CE_fc2lj8yk/FeCoNiPdPt_CE/fcc100/data/structures/1628.cif,0.20711342740740743,slab100,54,108,54.0,0.1997522519986793,0.007361175408728132,0.007361175408728132,0.19907120387611463,0.008042223531292803,0.008042223531292803,holdout
1629,/tmp/FeCoNiPdPt_CE_fc2lj8yk/FeCoNiPdPt_CE/fcc100/data/structures/1629.cif,0.17710064370370382,slab100,54,108,54.0,0.17034711155802615,0.006753532145677671,0.006753532145677671,0.17052423217787793,0.006576411525825887,0.006576411525825887,fit
1630,/tmp/FeCoNiPdPt_CE_fc2lj8yk/FeCoNiPdPt_CE/fcc100/data/structures/1630.cif,0.14287935870370388,slab100,54,108,54.0,0.13965283027376546,0.0032265284299384245,0.0032265284299384245,0.13884423457135078,0.004035124132353102,0.004035124132353102,fit
1631,/tmp/FeCoNiPdPt_CE_fc2lj8yk/FeCoNiPdPt_CE/fcc100/data/structures/1631.cif,0.18996232740740712,slab100,54,108,54.0,0.18757584069630914,0.0023864867110979793,0.0023864867110979793,0.1863704590463179,0.003591868361089212,0.003591868361089212,fit
1632,/tmp/FeCoNiPdPt_CE_fc2lj8yk/FeCoNiPdPt_CE/fcc100/data/structures/1632.cif,0.16552568333333356,slab100,54,108,54.0,0.16387947666049654,0.0016462066728370195,0.0016462066728370195,0.1633613696858047,0.002164313647528865,0.002164313647528865,fit
1633,/tmp/FeCoNiPdPt_CE_fc2lj8yk/FeCoNiPdPt_CE/fcc100/data/structures/1633.cif,0.23251702999999996,slab100,54,108,54.0,0.23899427256832165,-0.006477242568321689,0.006477242568321689,0.23988504891647502,-0.0073680189164750665,0.0073680189164750665,fit
1634,/tmp/FeCoNiPdPt_CE_fc2lj8yk/FeCoNiPdPt_CE/fcc100/data/structures/1634.cif,0.1335555759259261,slab100,54,108,54.0,0.13692118526249158,-0.0033656093365654893,0.0033656093365654893,0.13583858023070705,-0.0022830043047809556,0.0022830043047809556,fit
1635,/tmp/FeCoNiPdPt_CE_fc2lj8yk/FeCoNiPdPt_CE/fcc100/data/structures/1635.cif,0.1686544292592592,slab100,54,108,54.0,0.1685967566558854,5.767260337380398e-05,5.767260337380398e-05,0.16835471798186205,0.0002997112773971411,0.0002997112773971411,fit
1636,/tmp/FeCoNiPdPt_CE_fc2lj8yk/FeCoNiPdPt_CE/fcc100/data/structures/1636.cif,0.21243092333333347,slab100,54,108,54.0,0.20578837106883638,0.006642552264497087,0.006642552264497087,0.20456806367775082,0.007862859655582644,0.007862859655582644,holdout
1637,/tmp/FeCoNiPdPt_CE_fc2lj8yk/FeCoNiPdPt_CE/fcc100/data/structures/1637.cif,0.1488283014814821,slab100,54,108,54.0,0.14540835374324285,0.003419947738239254,0.003419947738239254,0.1442028373358702,0.004625464145611907,0.004625464145611907,fit
1638,/tmp/FeCoNiPdPt_CE_fc2lj8yk/FeCoNiPdPt_CE/fcc100/data/structures/1638.cif,0.1971840957407412,slab100,54,108,54.0,0.19138848742748438,0.005795608313256817,0.005795608313256817,0.19174458659636692,0.005439509144374272,0.005439509144374272,fit
1639,/tmp/FeCoNiPdPt_CE_fc2lj8yk/FeCoNiPdPt_CE/fcc100/data/structures/1639.cif,0.15758276240740823,slab100,54,108,54.0,0.15854880014335415,-0.0009660377359459182,0.0009660377359459182,0.1590608543662227,-0.0014780919588144592,0.0014780919588144592,fit
1640,/tmp/FeCoNiPdPt_CE_fc2lj8yk/FeCoNiPdPt_CE/fcc100/data/structures/1640.cif,0.19274967574074042,slab100,54,108,54.0,0.18917493813445235,0.00357473760628807,0.00357473760628807,0.18726982241842424,0.0054798533223161805,0.0054798533223161805,fit
1641,/tmp/FeCoNiPdPt_CE_fc2lj8yk/FeCoNiPdPt_CE/fcc100/data/structures/1641.cif,0.2241261650000002,slab100,54,108,54.0,0.23151242570228614,-0.0073862607022859295,0.0073862607022859295,0.23058063460647024,-0.006454469606470031,0.006454469606470031,fit
1642,/tmp/FeCoNiPdPt_CE_fc2lj8yk/FeCoNiPdPt_CE/fcc100/data/structures/1642.cif,0.19610988055555578,slab100,54,108,54.0,0.20565251886560945,-0.00954263831005367,0.00954263831005367,0.20543451585717395,-0.009324635301618173,0.009324635301618173,fit
1643,/tmp/FeCoNiPdPt_CE_fc2lj8yk/FeCoNiPdPt_CE/fcc100/data/structures/1643.cif,0.17685240111111125,slab100,54,108,54.0,0.17117864991733345,0.005673751193777804,0.005673751193777804,0.17293200731553263,0.003920393795578625,0.003920393795578625,fit
1644,/tmp/FeCoNiPdPt_CE_fc2lj8yk/FeCoNiPdPt_CE/fcc100/data/structures/1644.cif,0.15778657555555628,slab100,54,108,54.0,0.17058039187946722,-0.01279381632391094,0.01279381632391094,0.17075015017698614,-0.012963574621429858,0.012963574621429858,fit
1645,/tmp/FeCoNiPdPt_CE_fc2lj8yk/FeCoNiPdPt_CE/fcc100/data/structures/1645.cif,0.16448562388888868,slab100,54,108,54.0,0.18184356513532515,-0.01735794124643647,0.01735794124643647,0.18143750448853846,-0.016951880599649777,0.016951880599649777,fit
1646,/tmp/FeCoNiPdPt_CE_fc2lj8yk/FeCoNiPdPt_CE/fcc100/data/structures/1646.cif,0.19165324777777767,slab100,54,108,54.0,0.20145412343837046,-0.00980087566059279,0.00980087566059279,0.20108856307486525,-0.009435315297087576,0.009435315297087576,fit
1647,/tmp/FeCoNiPdPt_CE_fc2lj8yk/FeCoNiPdPt_CE/fcc100/data/structures/1647.cif,0.17255592037037,slab100,54,108,54.0,0.17637329173389674,-0.0038173713635267503,0.0038173713635267503,0.17742647857963142,-0.0048705582092614386,0.0048705582092614386,fit
1648,/tmp/FeCoNiPdPt_CE_fc2lj8yk/FeCoNiPdPt_CE/fcc100/data/structures/1648.cif,0.16211808944444467,slab100,54,108,54.0,0.17009984992126523,-0.00798176047682056,0.00798176047682056,0.1699187923705435,-0.007800702926098829,0.007800702926098829,fit
1649,/tmp/FeCoNiPdPt_CE_fc2lj8yk/FeCoNiPdPt_CE/fcc100/data/structures/1649.cif,0.19942184314814848,slab100,54,108,54.0,0.21500253528467073,-0.015580692136522245,0.015580692136522245,0.21583557180749707,-0.016413728659348592,0.016413728659348592,holdout
1650,/tmp/FeCoNiPdPt_CE_fc2lj8yk/FeCoNiPdPt_CE/fcc100/data/structures/1650.cif,0.19643383629629604,slab100,54,108,54.0,0.19512666465399517,0.001307171642300875,0.001307171642300875,0.1944362731908075,0.0019975631054885423,0.0019975631054885423,fit
1651,/tmp/FeCoNiPdPt_CE_fc2lj8yk/FeCoNiPdPt_CE/fcc100/data/structures/1651.cif,0.18621415296296265,slab100,54,108,54.0,0.18205576661820358,0.0041583863447590685,0.0041583863447590685,0.1829621690992108,0.0032519838637518617,0.0032519838637518617,fit
1652,/tmp/FeCoNiPdPt_CE_fc2lj8yk/FeCoNiPdPt_CE/fcc100/data/structures/1652.cif,0.20491031314814787,slab100,54,108,54.0,0.20037308246150695,0.004537230686640914,0.004537230686640914,0.20003060720179258,0.004879705946355284,0.004879705946355284,fit
1653,/tmp/FeCoNiPdPt_CE_fc2lj8yk/FeCoNiPdPt_CE/fcc100/data/structures/1653.cif,0.17313841055555465,slab100,54,108,54.0,0.1682925745128238,0.004845836042730839,0.004845836042730839,0.16621615831500508,0.00692225224054957,0.00692225224054957,fit
1654,/tmp/FeCoNiPdPt_CE_fc2lj8yk/FeCoNiPdPt_CE/fcc100/data/structures/1654.cif,0.18222301203703678,slab100,54,108,54.0,0.16890545659047554,0.013317555446561241,0.013317555446561241,0.16896385946721912,0.013259152569817662,0.013259152569817662,fit
1655,/tmp/FeCoNiPdPt_CE_fc2lj8yk/FeCoNiPdPt_CE/fcc100/data/structures/1655.cif,0.18967035685185213,slab100,54,108,54.0,0.19784245654886862,-0.008172099697016488,0.008172099697016488,0.198936451192336,-0.009266094340483866,0.009266094340483866,fit
1656,/tmp/FeCoNiPdPt_CE_fc2lj8yk/FeCoNiPdPt_CE/fcc100/data/structures/1656.cif,0.22572585203703685,slab100,54,108,54.0,0.2192235943873456,0.0065022576496912565,0.0065022576496912565,0.21911495231201347,0.006610899725023378,0.006610899725023378,fit
1657,/tmp/FeCoNiPdPt_CE_fc2lj8yk/FeCoNiPdPt_CE/fcc100/data/structures/1657.cif,0.17915477388888867,slab100,54,108,54.0,0.17621409911046781,0.0029406747784208598,0.0029406747784208598,0.17765576313877693,0.0014990107501117456,0.0014990107501117456,fit
1658,/tmp/FeCoNiPdPt_CE_fc2lj8yk/FeCoNiPdPt_CE/fcc100/data/structures/1658.cif,0.21229190703703726,slab100,54,108,54.0,0.19737374841281152,0.014918158624225741,0.014918158624225741,0.19980107887493462,0.012490828162102646,0.012490828162102646,fit
1659,/tmp/FeCoNiPdPt_CE_fc2lj8yk/FeCoNiPdPt_CE/fcc100/data/structures/1659.cif,0.1970673816666672,slab100,54,108,54.0,0.20644317133027182,-0.009375789663604611,0.009375789663604611,0.20678223892554345,-0.009714857258876247,0.009714857258876247,fit
1660,/tmp/FeCoNiPdPt_CE_fc2lj8yk/FeCoNiPdPt_CE/fcc100/data/structures/1660.cif,0.20971420981481442,slab100,54,108,54.0,0.21345947723576245,-0.003745267420948023,0.003745267420948023,0.2125363846322953,-0.0028221748174808714,0.0028221748174808714,fit
1661,/tmp/FeCoNiPdPt_CE_fc2lj8yk/FeCoNiPdPt_CE/fcc100/data/structures/1661.cif,0.1375429753703709,slab100,54,108,54.0,0.14645903353314582,-0.00891605816277491,0.00891605816277491,0.14681533789255843,-0.009272362522187522,0.009272362522187522,fit
1662,/tmp/FeCoNiPdPt_CE_fc2lj8yk/FeCoNiPdPt_CE/fcc100/data/structures/1662.cif,0.1615563792592588,slab100,54,108,54.0,0.17351607039193712,-0.011959691132678307,0.011959691132678307,0.17242878352904195,-0.010872404269783142,0.010872404269783142,fit
1663,/tmp/FeCoNiPdPt_CE_fc2lj8yk/FeCoNiPdPt_CE/fcc100/data/structures/1663.cif,0.1704976427777783,slab100,54,108,54.0,0.1634779240081824,0.007019718769595895,0.007019718769595895,0.16298971713691285,0.007507925640865443,0.007507925640865443,fit
1664,/tmp/FeCoNiPdPt_CE_fc2lj8yk/FeCoNiPdPt_CE/fcc100/data/structures/1664.cif,0.19789979629629573,slab100,54,108,54.0,0.20040998647391658,-0.002510190177620858,0.002510190177620858,0.20138187402655125,-0.003482077730255523,0.003482077730255523,fit
1665,/tmp/FeCoNiPdPt_CE_fc2lj8yk/FeCoNiPdPt_CE/fcc100/data/structures/1665.cif,0.16657370314814873,slab100,54,108,54.0,0.17379879637213863,-0.007225093223989898,0.007225093223989898,0.1733803965600759,-0.006806693411927162,0.006806693411927162,fit
1666,/tmp/FeCoNiPdPt_CE_fc2lj8yk/FeCoNiPdPt_CE/fcc100/data/structures/1666.cif,0.1896344305555557,slab100,54,108,54.0,0.178908571949068,0.010725858606487698,0.010725858606487698,0.1784666072617101,0.011167823293845608,0.011167823293845608,holdout
1667,/tmp/FeCoNiPdPt_CE_fc2lj8yk/FeCoNiPdPt_CE/fcc100/data/structures/1667.cif,0.17767140574074103,slab100,54,108,54.0,0.1789303385644003,-0.00125893282365927,0.00125893282365927,0.17949205752042113,-0.0018206517796801047,0.0018206517796801047,fit
1668,/tmp/FeCoNiPdPt_CE_fc2lj8yk/FeCoNiPdPt_CE/fcc100/data/structures/1668.cif,0.19698406425925863,slab100,54,108,54.0,0.18333289838067568,0.01365116587858295,0.01365116587858295,0.18325361014678343,0.013730454112475199,0.013730454112475199,fit
1669,/tmp/FeCoNiPdPt_CE_fc2lj8yk/FeCoNiPdPt_CE/fcc100/data/structures/1669.cif,0.14556796000000027,slab100,54,108,54.0,0.1519118533863405,-0.006343893386340227,0.006343893386340227,0.15145747136543322,-0.005889511365432948,0.005889511365432948,fit
1670,/tmp/FeCoNiPdPt_CE_fc2lj8yk/FeCoNiPdPt_CE/fcc100/data/structures/1670.cif,0.2003097240740738,slab100,54,108,54.0,0.19645778510670178,0.003851938967372015,0.003851938967372015,0.19610036068626352,0.004209363387810278,0.004209363387810278,fit
1671,/tmp/FeCoNiPdPt_CE_fc2lj8yk/FeCoNiPdPt_CE/fcc100/data/structures/1671.cif,0.18560037555555567,slab100,54,108,54.0,0.2005220467752162,-0.014921671219660537,0.014921671219660537,0.20066491952433113,-0.015064543968775462,0.015064543968775462,fit
1672,/tmp/FeCoNiPdPt_CE_fc2lj8yk/FeCoNiPdPt_CE/fcc100/data/structures/1672.cif,0.15109764111111051,slab100,54,108,54.0,0.1502526912592849,0.0008449498518256215,0.0008449498518256215,0.14951390801255968,0.001583733098550838,0.001583733098550838,fit
1673,/tmp/FeCoNiPdPt_CE_fc2lj8yk/FeCoNiPdPt_CE/fcc100/data/structures/1673.cif,0.1599015588888893,slab100,54,108,54.0,0.1658247754550655,-0.005923216566176198,0.005923216566176198,0.16460153162371685,-0.004699972734827557,0.004699972734827557,fit
1674,/tmp/FeCoNiPdPt_CE_fc2lj8yk/FeCoNiPdPt_CE/fcc100/data/structures/1674.cif,0.20195410277777784,slab100,54,108,54.0,0.19133251545851673,0.010621587319261105,0.010621587319261105,0.19054386055885503,0.011410242218922811,0.011410242218922811,holdout
1675,/tmp/FeCoNiPdPt_CE_fc2lj8yk/FeCoNiPdPt_CE/fcc100/data/structures/1675.cif,0.21226187814814754,slab100,54,108,54.0,0.19667307883038182,0.015588799317765717,0.015588799317765717,0.1982071711982374,0.01405470694991015,0.01405470694991015,fit
1676,/tmp/FeCoNiPdPt_CE_fc2lj8yk/FeCoNiPdPt_CE/fcc100/data/structures/1676.cif,0.19618323685185146,slab100,54,108,54.0,0.218553530948976,-0.022370294097124543,0.022370294097124543,0.2186694063056561,-0.022486169453804633,0.022486169453804633,fit
1677,/tmp/FeCoNiPdPt_CE_fc2lj8yk/FeCoNiPdPt_CE/fcc100/data/structures/1677.cif,0.17347725185185234,slab100,54,108,54.0,0.1742499344371219,-0.0007726825852695518,0.0007726825852695518,0.1736347465537544,-0.00015749470190207226,0.00015749470190207226,fit
1678,/tmp/FeCoNiPdPt_CE_fc2lj8yk/FeCoNiPdPt_CE/fcc100/data/structures/1678.cif,0.16893690185185156,slab100,54,108,54.0,0.15848639510462897,0.010450506747222588,0.010450506747222588,0.15945415709535596,0.009482744756495604,0.009482744756495604,fit
1679,/tmp/FeCoNiPdPt_CE_fc2lj8yk/FeCoNiPdPt_CE/fcc100/data/structures/1679.cif,0.20426781129629668,slab100,54,108,54.0,0.20389758681604855,0.0003702244802481214,0.0003702244802481214,0.20495823805904165,-0.0006904267627449723,0.0006904267627449723,fit
1680,/tmp/FeCoNiPdPt_CE_fc2lj8yk/FeCoNiPdPt_CE/fcc100/data/structures/1680.cif,0.18698676185185284,slab100,54,108,54.0,0.18459572659831253,0.0023910352535403134,0.0023910352535403134,0.18312291760485083,0.0038638442470020073,0.0038638442470020073,fit
1681,/tmp/FeCoNiPdPt_CE_fc2lj8yk/FeCoNiPdPt_CE/fcc100/data/structures/1681.cif,0.14946874351851822,slab100,54,108,54.0,0.1528407885602332,-0.0033720450417149828,0.0033720450417149828,0.15262131202192789,-0.0031525685034096695,0.0031525685034096695,fit
1682,/tmp/FeCoNiPdPt_CE_fc2lj8yk/FeCoNiPdPt_CE/fcc100/data/structures/1682.cif,0.2051828948148145,slab100,54,108,54.0,0.20017610791586016,0.005006786898954341,0.005006786898954341,0.19873620214749893,0.006446692667315568,0.006446692667315568,fit
1683,/tmp/FeCoNiPdPt_CE_fc2lj8yk/FeCoNiPdPt_CE/fcc100/data/structures/1683.cif,0.1789822175925927,slab100,54,108,54.0,0.17426484041040466,0.004717377182188037,0.004717377182188037,0.1758272054008734,0.003155012191719292,0.003155012191719292,fit
1684,/tmp/FeCoNiPdPt_CE_fc2lj8yk/FeCoNiPdPt_CE/fcc100/data/structures/1684.cif,0.19596121425925933,slab100,54,108,54.0,0.19800412522997093,-0.0020429109707116033,0.0020429109707116033,0.19810259277296943,-0.0021413785137101016,0.0021413785137101016,fit
1685,/tmp/FeCoNiPdPt_CE_fc2lj8yk/FeCoNiPdPt_CE/fcc100/data/structures/1685.cif,0.11294906907407401,slab100,54,108,54.0,0.11981793295716128,-0.006868863883087273,0.006868863883087273,0.1185572304814266,-0.0056081614073525965,0.0056081614073525965,fit
1686,/tmp/FeCoNiPdPt_CE_fc2lj8yk/FeCoNiPdPt_CE/fcc100/data/structures/1686.cif,0.20261420222222223,slab100,54,108,54.0,0.20047271694196564,0.0021414852802565942,0.0021414852802565942,0.20032103306582677,0.0022931691563954637,0.0022931691563954637,fit
1687,/tmp/FeCoNiPdPt_CE_fc2lj8yk/FeCoNiPdPt_CE/fcc100/data/structures/1687.cif,0.1597525612962969,slab100,54,108,54.0,0.14927862526931598,0.010473936026980907,0.010473936026980907,0.14919634480250454,0.010556216493792347,0.010556216493792347,fit
1688,/tmp/FeCoNiPdPt_CE_fc2lj8yk/FeCoNiPdPt_CE/fcc100/data/structures/1688.cif,0.21398484814814842,slab100,54,108,54.0,0.2085188810734685,0.005465967074679917,0.005465967074679917,0.2085063545840487,0.005478493564099712,0.005478493564099712,fit
1689,/tmp/FeCoNiPdPt_CE_fc2lj8yk/FeCoNiPdPt_CE/fcc100/data/structures/1689.cif,0.13557434240740812,slab100,54,108,54.0,0.1317979946350978,0.0037763477723103123,0.0037763477723103123,0.13223398655201443,0.0033403558553936896,0.0033403558553936896,fit
1690,/tmp/FeCoNiPdPt_CE_fc2lj8yk/FeCoNiPdPt_CE/fcc100/data/structures/1690.cif,0.2152647483333333,slab100,54,108,54.0,0.21712578384905215,-0.0018610355157188396,0.0018610355157188396,0.21613567543817594,-0.0008709271048426281,0.0008709271048426281,fit
1691,/tmp/FeCoNiPdPt_CE_fc2lj8yk/FeCoNiPdPt_CE/fcc100/data/structures/1691.cif,0.13771559037037082,slab100,54,108,54.0,0.12386900501844296,0.013846585351927856,0.013846585351927856,0.12171014435214059,0.01600544601823023,0.01600544601823023,fit
1692,/tmp/FeCoNiPdPt_CE_fc2lj8yk/FeCoNiPdPt_CE/fcc100/data/structures/1692.cif,0.18501193129629587,slab100,54,108,54.0,0.1797905345954156,0.00522139670088026,0.00522139670088026,0.18059193447666702,0.004419996819628846,0.004419996819628846,fit
1693,/tmp/FeCoNiPdPt_CE_fc2lj8yk/FeCoNiPdPt_CE/fcc100/data/structures/1693.cif,0.19149717111111036,slab100,54,108,54.0,0.18294031182716736,0.008556859283943008,0.008556859283943008,0.1834420203319153,0.008055150779195053,0.008055150779195053,fit
1694,/tmp/FeCoNiPdPt_CE_fc2lj8yk/FeCoNiPdPt_CE/fcc100/data/structures/1694.cif,0.15576395666666668,slab100,54,108,54.0,0.16650338628641642,-0.010739429619749746,0.010739429619749746,0.16685989358136485,-0.011095936914698179,0.011095936914698179,fit
1695,/tmp/FeCoNiPdPt_CE_fc2lj8yk/FeCoNiPdPt_CE/fcc100/data/structures/1695.cif,0.24521637962963,slab100,54,108,54.0,0.24422489348438983,0.0009914861452401669,0.0009914861452401669,0.2423027814307238,0.0029135981989061865,0.0029135981989061865,fit
1696,/tmp/FeCoNiPdPt_CE_fc2lj8yk/FeCoNiPdPt_CE/fcc100/data/structures/1696.cif,0.18413554870370405,slab100,54,108,54.0,0.18550199448907165,-0.0013664457853675982,0.0013664457853675982,0.18632122207263124,-0.0021856733689271934,0.0021856733689271934,fit
1697,/tmp/FeCoNiPdPt_CE_fc2lj8yk/FeCoNiPdPt_CE/fcc100/data/structures/1697.cif,0.17317911203703687,slab100,54,108,54.0,0.17025174499046258,0.0029273670465742863,0.0029273670465742863,0.17013314843030072,0.003045963606736146,0.003045963606736146,fit
1698,/tmp/FeCoNiPdPt_CE_fc2lj8yk/FeCoNiPdPt_CE/fcc100/data/structures/1698.cif,0.18685316148148096,slab100,54,108,54.0,0.20284123001293036,-0.015988068531449406,0.015988068531449406,0.20255743616943467,-0.015704274687953712,0.015704274687953712,fit
1699,/tmp/FeCoNiPdPt_CE_fc2lj8yk/FeCoNiPdPt_CE/fcc100/data/structures/1699.cif,0.18150773055555508,slab100,54,108,54.0,0.2122979627673386,-0.030790232211783508,0.030790232211783508,0.21150556023419173,-0.02999782967863665,0.02999782967863665,fit
1700,/tmp/FeCoNiPdPt_CE_fc2lj8yk/FeCoNiPdPt_CE/fcc100/data/structures/1700.cif,0.16137781111111146,slab100,54,108,54.0,0.14829454955001234,0.013083261561099124,0.013083261561099124,0.147766301247535,0.013611509863576454,0.013611509863576454,fit
1701,/tmp/FeCoNiPdPt_CE_fc2lj8yk/FeCoNiPdPt_CE/fcc100/data/structures/1701.cif,0.20606557611111076,slab100,54,108,54.0,0.21135835351864143,-0.005292777407530674,0.005292777407530674,0.2126410925273393,-0.006575516416228527,0.006575516416228527,holdout
1702,/tmp/FeCoNiPdPt_CE_fc2lj8yk/FeCoNiPdPt_CE/fcc100/data/structures/1702.cif,0.14822773537037043,slab100,54,108,54.0,0.1601364211666099,-0.011908685796239465,0.011908685796239465,0.1575066194313907,-0.00927888406102026,0.00927888406102026,fit
1703,/tmp/FeCoNiPdPt_CE_fc2lj8yk/FeCoNiPdPt_CE/fcc100/data/structures/1703.cif,0.170980438148149,slab100,54,108,54.0,0.1722366786822618,-0.0012562405341128013,0.0012562405341128013,0.17112531968185934,-0.0001448815337103393,0.0001448815337103393,holdout
1704,/tmp/FeCoNiPdPt_CE_fc2lj8yk/FeCoNiPdPt_CE/fcc100/data/structures/1704.cif,0.22551429185185157,slab100,54,108,54.0,0.2150712858779348,0.010443005973916758,0.010443005973916758,0.21365776518646296,0.011856526665388611,0.011856526665388611,fit
1705,/tmp/FeCoNiPdPt_CE_fc2lj8yk/FeCoNiPdPt_CE/fcc100/data/structures/1705.cif,0.17347030240740777,slab100,54,108,54.0,0.19393758975314554,-0.020467287345737772,0.020467287345737772,0.19397676656546048,-0.020506464158052712,0.020506464158052712,fit
1706,/tmp/FeCoNiPdPt_CE_fc2lj8yk/FeCoNiPdPt_CE/fcc100/data/structures/1706.cif,0.16583257648148186,slab100,54,108,54.0,0.17986779692111804,-0.014035220439636176,0.014035220439636176,0.1788824412572424,-0.013049864775760533,0.013049864775760533,fit
1707,/tmp/FeCoNiPdPt_CE_fc2lj8yk/FeCoNiPdPt_CE/fcc100/data/structures/1707.cif,0.1712064744444435,slab100,54,108,54.0,0.16774910419857547,0.0034573702458680355,0.0034573702458680355,0.1653382575572104,0.005868216887233102,0.005868216887233102,fit
1708,/tmp/FeCoNiPdPt_CE_fc2lj8yk/FeCoNiPdPt_CE/fcc100/data/structures/1708.cif,0.16894809314814763,slab100,54,108,54.0,0.1717963618183681,-0.0028482686702204774,0.0028482686702204774,0.17280911693188541,-0.003861023783737788,0.003861023783737788,fit
1709,/tmp/FeCoNiPdPt_CE_fc2lj8yk/FeCoNiPdPt_CE/fcc100/data/structures/1709.cif,0.1921666446296302,slab100,54,108,54.0,0.18241732652223325,0.00974931810739696,0.00974931810739696,0.18225837427208685,0.009908270357543353,0.009908270357543353,fit
1710,/tmp/FeCoNiPdPt_CE_fc2lj8yk/FeCoNiPdPt_CE/fcc100/data/structures/1710.cif,0.20228322500000007,slab100,54,108,54.0,0.19612580316925035,0.006157421830749715,0.006157421830749715,0.19489161668051144,0.007391608319488624,0.007391608319488624,fit
1711,/tmp/FeCoNiPdPt_CE_fc2lj8yk/FeCoNiPdPt_CE/fcc100/data/structures/1711.cif,0.1702253183333337,slab100,54,108,54.0,0.182630633150294,-0.012405314816960278,0.012405314816960278,0.18161192025335327,-0.011386601920019557,0.011386601920019557,fit
1712,/tmp/FeCoNiPdPt_CE_fc2lj8yk/FeCoNiPdPt_CE/fcc100/data/structures/1712.cif,0.19428253870370327,slab100,54,108,54.0,0.1897473206568802,0.004535218046823081,0.004535218046823081,0.18882857375292003,0.0054539649507832355,0.0054539649507832355,holdout
1713,/tmp/FeCoNiPdPt_CE_fc2lj8yk/FeCoNiPdPt_CE/fcc100/data/structures/1713.cif,0.2039003879629625,slab100,54,108,54.0,0.1921759761330475,0.011724411829915016,0.011724411829915016,0.1925079830578656,0.011392404905096909,0.011392404905096909,fit
1714,/tmp/FeCoNiPdPt_CE_fc2lj8yk/FeCoNiPdPt_CE/fcc100/data/structures/1714.cif,0.20513610129629634,slab100,54,108,54.0,0.205162412973963,-2.631167766667386e-05,2.631167766667386e-05,0.20601786643323952,-0.0008817651369431856,0.0008817651369431856,fit
1715,/tmp/FeCoNiPdPt_CE_fc2lj8yk/FeCoNiPdPt_CE/fcc100/data/structures/1715.cif,0.16000980037037071,slab100,54,108,54.0,0.16692288417916976,-0.006913083808799042,0.006913083808799042,0.16568136034044265,-0.005671559970071932,0.005671559970071932,holdout
1716,/tmp/FeCoNiPdPt_CE_fc2lj8yk/FeCoNiPdPt_CE/fcc100/data/structures/1716.cif,0.15958755259259233,slab100,54,108,54.0,0.14366877658822289,0.015918776004369445,0.015918776004369445,0.14313600140737592,0.016451551185216406,0.016451551185216406,fit
1717,/tmp/FeCoNiPdPt_CE_fc2lj8yk/FeCoNiPdPt_CE/fcc100/data/structures/1717.cif,0.1695999168518517,slab100,54,108,54.0,0.15915554688914985,0.010444369962701844,0.010444369962701844,0.15816824701298796,0.011431669838863734,0.011431669838863734,fit
1718,/tmp/FeCoNiPdPt_CE_fc2lj8yk/FeCoNiPdPt_CE/fcc100/data/structures/1718.cif,0.18382510185185197,slab100,54,108,54.0,0.16709255650441135,0.01673254534744062,0.01673254534744062,0.16632192623730543,0.017503175614546534,0.017503175614546534,fit
1719,/tmp/FeCoNiPdPt_CE_fc2lj8yk/FeCoNiPdPt_CE/fcc100/data/structures/1719.cif,0.23115147222222276,slab100,54,108,54.0,0.22460862307646168,0.006542849145761087,0.006542849145761087,0.22550142407373067,0.005650048148492098,0.005650048148492098,fit
1720,/tmp/FeCoNiPdPt_CE_fc2lj8yk/FeCoNiPdPt_CE/fcc100/data/structures/1720.cif,0.16298708814814813,slab100,54,108,54.0,0.1622408351397707,0.0007462530083774399,0.0007462530083774399,0.16188872358423873,0.0010983645639094097,0.0010983645639094097,fit
1721,/tmp/FeCoNiPdPt_CE_fc2lj8yk/FeCoNiPdPt_CE/fcc100/data/structures/1721.cif,0.22216634962962997,slab100,54,108,54.0,0.2249287537141633,-0.002762404084533321,0.002762404084533321,0.22416104266070677,-0.0019946930310767996,0.0019946930310767996,holdout
1722,/tmp/FeCoNiPdPt_CE_fc2lj8yk/FeCoNiPdPt_CE/fcc100/data/structures/1722.cif,0.1957484244444448,slab100,54,108,54.0,0.19375534257261878,0.001993081871826008,0.001993081871826008,0.19497516523920294,0.0007732592052418497,0.0007732592052418497,holdout
1723,/tmp/FeCoNiPdPt_CE_fc2lj8yk/FeCoNiPdPt_CE/fcc100/data/structures/1723.cif,0.17956802907407463,slab100,54,108,54.0,0.17538351367604282,0.004184515398031802,0.004184515398031802,0.17486774039220584,0.004700288681868781,0.004700288681868781,fit
1724,/tmp/FeCoNiPdPt_CE_fc2lj8yk/FeCoNiPdPt_CE/fcc100/data/structures/1724.cif,0.191502279814814,slab100,54,108,54.0,0.18800686540285552,0.0034954144119584696,0.0034954144119584696,0.1877314120391402,0.0037708677756737863,0.0037708677756737863,fit
1725,/tmp/FeCoNiPdPt_CE_fc2lj8yk/FeCoNiPdPt_CE/fcc100/data/structures/1725.cif,0.15569176740740748,slab100,54,108,54.0,0.14718208555722254,0.008509681850184941,0.008509681850184941,0.14621601821861432,0.009475749188793153,0.009475749188793153,fit
1726,/tmp/FeCoNiPdPt_CE_fc2lj8yk/FeCoNiPdPt_CE/fcc100/data/structures/1726.cif,0.18193643648148147,slab100,54,108,54.0,0.17141044751444437,0.010525988967037103,0.010525988967037103,0.1720516297141086,0.009884806767372883,0.009884806767372883,fit
1727,/tmp/FeCoNiPdPt_CE_fc2lj8yk/FeCoNiPdPt_CE/fcc100/data/structures/1727.cif,0.19042296277777804,slab100,54,108,54.0,0.19405619071299585,-0.0036332279352178087,0.0036332279352178087,0.19312848762932455,-0.0027055248515465147,0.0027055248515465147,fit
1728,/tmp/FeCoNiPdPt_CE_fc2lj8yk/FeCoNiPdPt_CE/fcc100/data/structures/1728.cif,0.19914083648148176,slab100,54,108,54.0,0.19754148114158795,0.0015993553398938043,0.0015993553398938043,0.1983390183584785,0.0008018181230032562,0.0008018181230032562,fit
1729,/tmp/FeCoNiPdPt_CE_fc2lj8yk/FeCoNiPdPt_CE/fcc100/data/structures/1729.cif,0.18389922148148125,slab100,54,108,54.0,0.18502072962074173,-0.0011215081392604853,0.0011215081392604853,0.1826719320214976,0.0012272894599836548,0.0012272894599836548,fit
1730,/tmp/FeCoNiPdPt_CE_fc2lj8yk/FeCoNiPdPt_CE/fcc100/data/structures/1730.cif,0.20877119444444425,slab100,54,108,54.0,0.214349714180352,-0.005578519735907755,0.005578519735907755,0.2141593437209396,-0.005388149276495335,0.005388149276495335,fit
1731,/tmp/FeCoNiPdPt_CE_fc2lj8yk/FeCoNiPdPt_CE/fcc100/data/structures/1731.cif,0.17394852518518494,slab100,54,108,54.0,0.19032835536307396,-0.01637983017788902,0.01637983017788902,0.18886453842053977,-0.014916013235354825,0.014916013235354825,fit
1732,/tmp/FeCoNiPdPt_CE_fc2lj8yk/FeCoNiPdPt_CE/fcc100/data/structures/1732.cif,0.17983294259259233,slab100,54,108,54.0,0.17948073507896975,0.0003522075136225822,0.0003522075136225822,0.1786433667149112,0.0011895758776811205,0.0011895758776811205,fit
1733,/tmp/FeCoNiPdPt_CE_fc2lj8yk/FeCoNiPdPt_CE/fcc100/data/structures/1733.cif,0.2280483766666666,slab100,54,108,54.0,0.22363727657424154,0.004411100092425069,0.004411100092425069,0.2242818127524329,0.003766563914233717,0.003766563914233717,fit
1734,/tmp/FeCoNiPdPt_CE_fc2lj8yk/FeCoNiPdPt_CE/fcc100/data/structures/1734.cif,0.20179843425925928,slab100,54,108,54.0,0.2057189098480288,-0.003920475588769512,0.003920475588769512,0.20532432657940902,-0.0035258923201497427,0.0035258923201497427,fit
1735,/tmp/FeCoNiPdPt_CE_fc2lj8yk/FeCoNiPdPt_CE/fcc100/data/structures/1735.cif,0.17681392962962958,slab100,54,108,54.0,0.15927635116852848,0.0175375784611011,0.0175375784611011,0.1585785043599634,0.018235425269666178,0.018235425269666178,fit
1736,/tmp/FeCoNiPdPt_CE_fc2lj8yk/FeCoNiPdPt_CE/fcc100/data/structures/1736.cif,0.17352394740740773,slab100,54,108,54.0,0.1901515121655847,-0.016627564758176977,0.016627564758176977,0.18979404859301074,-0.016270101185603014,0.016270101185603014,fit
1737,/tmp/FeCoNiPdPt_CE_fc2lj8yk/FeCoNiPdPt_CE/fcc100/data/structures/1737.cif,0.16086814703703672,slab100,54,108,54.0,0.16470707473124865,-0.00383892769421193,0.00383892769421193,0.1647675985738387,-0.003899451536801962,0.003899451536801962,fit
1738,/tmp/FeCoNiPdPt_CE_fc2lj8yk/FeCoNiPdPt_CE/fcc100/data/structures/1738.cif,0.1894160468518517,slab100,54,108,54.0,0.18189295546346637,0.007523091388385333,0.007523091388385333,0.18173162802948917,0.007684418822362538,0.007684418822362538,fit
1739,/tmp/FeCoNiPdPt_CE_fc2lj8yk/FeCoNiPdPt_CE/fcc100/data/structures/1739.cif,0.14108675833333312,slab100,54,108,54.0,0.14982482213526158,-0.008738063801928458,0.008738063801928458,0.1513816573421957,-0.010294899008862574,0.010294899008862574,holdout
1740,/tmp/FeCoNiPdPt_CE_fc2lj8yk/FeCoNiPdPt_CE/fcc100/data/structures/1740.cif,0.19729198055555616,slab100,54,108,54.0,0.19143028429280493,0.005861696262751237,0.005861696262751237,0.18952121096815883,0.007770769587397336,0.007770769587397336,fit
1741,/tmp/FeCoNiPdPt_CE_fc2lj8yk/FeCoNiPdPt_CE/fcc100/data/structures/1741.cif,0.1950763551851851,slab100,54,108,54.0,0.18558441382584354,0.00949194135934156,0.00949194135934156,0.18576108606068562,0.009315269124499481,0.009315269124499481,fit
1742,/tmp/FeCoNiPdPt_CE_fc2lj8yk/FeCoNiPdPt_CE/fcc100/data/structures/1742.cif,0.20435068370370382,slab100,54,108,54.0,0.2058660332849532,-0.0015153495812493811,0.0015153495812493811,0.2072910262316544,-0.0029403425279505846,0.0029403425279505846,fit
1743,/tmp/FeCoNiPdPt_CE_fc2lj8yk/FeCoNiPdPt_CE/fcc100/data/structures/1743.cif,0.165158240925926,slab100,54,108,54.0,0.15691080660646672,0.008247434319459263,0.008247434319459263,0.15477998715912894,0.010378253766797046,0.010378253766797046,fit
1744,/tmp/FeCoNiPdPt_CE_fc2lj8yk/FeCoNiPdPt_CE/fcc100/data/structures/1744.cif,0.1605155035185185,slab100,54,108,54.0,0.15877465419335732,0.0017408493251611923,0.0017408493251611923,0.16061195404643552,-9.645052791701358e-05,9.645052791701358e-05,fit
1745,/tmp/FeCoNiPdPt_CE_fc2lj8yk/FeCoNiPdPt_CE/fcc100/data/structures/1745.cif,0.18276205759259292,slab100,54,108,54.0,0.1758638501258332,0.0068982074667597315,0.0068982074667597315,0.1761035155423688,0.00665854205022412,0.00665854205022412,fit
1746,/tmp/FeCoNiPdPt_CE_fc2lj8yk/FeCoNiPdPt_CE/fcc100/data/structures/1746.cif,0.19707040666666684,slab100,54,108,54.0,0.1933559571361474,0.0037144495305194425,0.0037144495305194425,0.19321112692501075,0.003859279741656091,0.003859279741656091,fit
1747,/tmp/FeCoNiPdPt_CE_fc2lj8yk/FeCoNiPdPt_CE/fcc100/data/structures/1747.cif,0.16126975481481476,slab100,54,108,54.0,0.14928188360224012,0.011987871212574636,0.011987871212574636,0.14862862190073228,0.012641132914082476,0.012641132914082476,fit
1748,/tmp/FeCoNiPdPt_CE_fc2lj8yk/FeCoNiPdPt_CE/fcc100/data/structures/1748.cif,0.1278192938888891,slab100,54,108,54.0,0.1447069857257922,-0.016887691836903085,0.016887691836903085,0.14402269449171137,-0.01620340060282227,0.01620340060282227,fit
1749,/tmp/FeCoNiPdPt_CE_fc2lj8yk/FeCoNiPdPt_CE/fcc100/data/structures/1749.cif,0.12762963111111117,slab100,54,108,54.0,0.13642584708432676,-0.008796215973215588,0.008796215973215588,0.13676157696038901,-0.009131945849277845,0.009131945849277845,fit
1750,/tmp/FeCoNiPdPt_CE_fc2lj8yk/FeCoNiPdPt_CE/fcc100/data/structures/1750.cif,0.17788585222222272,slab100,54,108,54.0,0.1786256235045184,-0.000739771282295687,0.000739771282295687,0.17932324856577794,-0.0014373963435552195,0.0014373963435552195,fit
1751,/tmp/FeCoNiPdPt_CE_fc2lj8yk/FeCoNiPdPt_CE/fcc100/data/structures/1751.cif,0.2432588207407407,slab100,54,108,54.0,0.23519655737251607,0.008062263368224631,0.008062263368224631,0.23534174212781217,0.007917078612928535,0.007917078612928535,fit
1752,/tmp/FeCoNiPdPt_CE_fc2lj8yk/FeCoNiPdPt_CE/fcc100/data/structures/1752.cif,0.18457244722222194,slab100,54,108,54.0,0.1805650415072783,0.004007405714943624,0.004007405714943624,0.1791957940337738,0.005376653188448127,0.005376653188448127,fit
1753,/tmp/FeCoNiPdPt_CE_fc2lj8yk/FeCoNiPdPt_CE/fcc100/data/structures/1753.cif,0.18498754685185126,slab100,54,108,54.0,0.207817744252992,-0.022830197401140728,0.022830197401140728,0.20848252593564617,-0.023494979083794915,0.023494979083794915,fit
1754,/tmp/FeCoNiPdPt_CE_fc2lj8yk/FeCoNiPdPt_CE/fcc100/data/structures/1754.cif,0.1863062472222223,slab100,54,108,54.0,0.17933358995754234,0.006972657264679966,0.006972657264679966,0.17830130684198067,0.008004940380241632,0.008004940380241632,fit
1755,/tmp/FeCoNiPdPt_CE_fc2lj8yk/FeCoNiPdPt_CE/fcc100/data/structures/1755.cif,0.19619420592592587,slab100,54,108,54.0,0.19639683327362983,-0.00020262734770395974,0.00020262734770395974,0.19842262766036955,-0.0022284217344436807,0.0022284217344436807,fit
1756,/tmp/FeCoNiPdPt_CE_fc2lj8yk/FeCoNiPdPt_CE/fcc100/data/structures/1756.cif,0.16005270277777742,slab100,54,108,54.0,0.16398860999303377,-0.003935907215256357,0.003935907215256357,0.1655311077150465,-0.005478404937269088,0.005478404937269088,fit
1757,/tmp/FeCoNiPdPt_CE_fc2lj8yk/FeCoNiPdPt_CE/fcc100/data/structures/1757.cif,0.18129756148148127,slab100,54,108,54.0,0.1842846511576022,-0.0029870896761209353,0.0029870896761209353,0.18442634490102192,-0.0031287834195406483,0.0031287834195406483,fit
1758,/tmp/FeCoNiPdPt_CE_fc2lj8yk/FeCoNiPdPt_CE/fcc100/data/structures/1758.cif,0.15515301833333325,slab100,54,108,54.0,0.15500896034876124,0.00014405798457201024,0.00014405798457201024,0.15555451855108648,-0.0004015002177532312,0.0004015002177532312,fit
1759,/tmp/FeCoNiPdPt_CE_fc2lj8yk/FeCoNiPdPt_CE/fcc100/data/structures/1759.cif,0.16894700481481517,slab100,54,108,54.0,0.19750821660533363,-0.02856121179051846,0.02856121179051846,0.19588798997157783,-0.02694098515676266,0.02694098515676266,fit
1760,/tmp/FeCoNiPdPt_CE_fc2lj8yk/FeCoNiPdPt_CE/fcc100/data/structures/1760.cif,0.18163219018518467,slab100,54,108,54.0,0.18266942823944715,-0.0010372380542624793,0.0010372380542624793,0.1826669060626174,-0.0010347158774327292,0.0010347158774327292,holdout
1761,/tmp/FeCoNiPdPt_CE_fc2lj8yk/FeCoNiPdPt_CE/fcc100/data/structures/1761.cif,0.16855693500000013,slab100,54,108,54.0,0.16922787018134278,-0.0006709351813426467,0.0006709351813426467,0.1689387233847151,-0.0003817883847149761,0.0003817883847149761,holdout
1762,/tmp/FeCoNiPdPt_CE_fc2lj8yk/FeCoNiPdPt_CE/fcc100/data/structures/1762.cif,0.20502329537036965,slab100,54,108,54.0,0.19660420144853225,0.0084190939218374,0.0084190939218374,0.1977391613063701,0.007284134063999553,0.007284134063999553,fit
1763,/tmp/FeCoNiPdPt_CE_fc2lj8yk/FeCoNiPdPt_CE/fcc100/data/structures/1763.cif,0.2293750448148149,slab100,54,108,54.0,0.22434142012220368,0.005033624692611233,0.005033624692611233,0.22554120150411336,0.0038338433107015513,0.0038338433107015513,holdout
1764,/tmp/FeCoNiPdPt_CE_fc2lj8yk/FeCoNiPdPt_CE/fcc100/data/structures/1764.cif,0.19636778666666735,slab100,54,108,54.0,0.19381828609731377,0.0025495005693535744,0.0025495005693535744,0.1928363180862377,0.0035314685804296586,0.0035314685804296586,fit
1765,/tmp/FeCoNiPdPt_CE_fc2lj8yk/FeCoNiPdPt_CE/fcc100/data/structures/1765.cif,0.17184265962962988,slab100,54,108,54.0,0.16370444032246198,0.008138219307167904,0.008138219307167904,0.16338268695331945,0.008459972676310434,0.008459972676310434,holdout
1766,/tmp/FeCoNiPdPt_CE_fc2lj8yk/FeCoNiPdPt_CE/fcc100/data/structures/1766.cif,0.17042108407407483,slab100,54,108,54.0,0.1615874582180926,0.008833625855982241,0.008833625855982241,0.16124801631423374,0.009173067759841086,0.009173067759841086,fit
1767,/tmp/FeCoNiPdPt_CE_fc2lj8yk/FeCoNiPdPt_CE/fcc100/data/structures/1767.cif,0.17711768333333355,slab100,54,108,54.0,0.1772754525589267,-0.00015776922559315731,0.00015776922559315731,0.17807037049691946,-0.0009526871635859024,0.0009526871635859024,fit
1768,/tmp/FeCoNiPdPt_CE_fc2lj8yk/FeCoNiPdPt_CE/fcc100/data/structures/1768.cif,0.17297721148148176,slab100,54,108,54.0,0.15891789843942786,0.014059313042053906,0.014059313042053906,0.15786181082354678,0.015115400657934985,0.015115400657934985,fit
1769,/tmp/FeCoNiPdPt_CE_fc2lj8yk/FeCoNiPdPt_CE/fcc100/data/structures/1769.cif,0.19594500907407492,slab100,54,108,54.0,0.19285872524157632,0.003086283832498593,0.003086283832498593,0.19300303263356297,0.0029419764405119453,0.0029419764405119453,fit
1770,/tmp/FeCoNiPdPt_CE_fc2lj8yk/FeCoNiPdPt_CE/fcc100/data/structures/1770.cif,0.18989899777777716,slab100,54,108,54.0,0.22631665800250297,-0.03641766022472581,0.03641766022472581,0.22556748739583263,-0.035668489618055466,0.035668489618055466,fit
1771,/tmp/FeCoNiPdPt_CE_fc2lj8yk/FeCoNiPdPt_CE/fcc100/data/structures/1771.cif,0.17486329722222158,slab100,54,108,54.0,0.16408196612977446,0.01078133109244711,0.01078133109244711,0.16315009476401007,0.011713202458211502,0.011713202458211502,fit
1772,/tmp/FeCoNiPdPt_CE_fc2lj8yk/FeCoNiPdPt_CE/fcc100/data/structures/1772.cif,0.16909001407407442,slab100,54,108,54.0,0.19276231497146437,-0.023672300897389947,0.023672300897389947,0.19285592216415978,-0.023765908090085358,0.023765908090085358,fit
1773,/tmp/FeCoNiPdPt_CE_fc2lj8yk/FeCoNiPdPt_CE/fcc100/data/structures/1773.cif,0.20660000777777798,slab100,54,108,54.0,0.197186596006973,0.009413411770804986,0.009413411770804986,0.19808222646111162,0.008517781316666362,0.008517781316666362,fit
1774,/tmp/FeCoNiPdPt_CE_fc2lj8yk/FeCoNiPdPt_CE/fcc100/data/structures/1774.cif,0.18316662092592578,slab100,54,108,54.0,0.1812588142107727,0.0019078067151530875,0.0019078067151530875,0.18079193406215974,0.0023746868637660457,0.0023746868637660457,fit
1775,/tmp/FeCoNiPdPt_CE_fc2lj8yk/FeCoNiPdPt_CE/fcc100/data/structures/1775.cif,0.1467140348148148,slab100,54,108,54.0,0.14318754437094286,0.0035264904438719324,0.0035264904438719324,0.14284221122055682,0.0038718235942579726,0.0038718235942579726,fit
1776,/tmp/FeCoNiPdPt_CE_fc2lj8yk/FeCoNiPdPt_CE/fcc100/data/structures/1776.cif,0.15860500555555535,slab100,54,108,54.0,0.16195893813041193,-0.003353932574856583,0.003353932574856583,0.160936028417522,-0.002331022861966653,0.002331022861966653,fit
1777,/tmp/FeCoNiPdPt_CE_fc2lj8yk/FeCoNiPdPt_CE/fcc100/data/structures/1777.cif,0.12688901648148224,slab100,54,108,54.0,0.15200163165543365,-0.025112615173951414,0.025112615173951414,0.15128955597903876,-0.024400539497556523,0.024400539497556523,fit
1778,/tmp/FeCoNiPdPt_CE_fc2lj8yk/FeCoNiPdPt_CE/fcc100/data/structures/1778.cif,0.18960948074074066,slab100,54,108,54.0,0.1830125433962565,0.006596937344484161,0.006596937344484161,0.1835432581676954,0.00606622257304526,0.00606622257304526,fit
1779,/tmp/FeCoNiPdPt_CE_fc2lj8yk/FeCoNiPdPt_CE/fcc100/data/structures/1779.cif,0.20084998907407436,slab100,54,108,54.0,0.19668653779946632,0.004163451274608043,0.004163451274608043,0.19877136689015507,0.0020786221839192986,0.0020786221839192986,fit
1780,/tmp/FeCoNiPdPt_CE_fc2lj8yk/FeCoNiPdPt_CE/fcc100/data/structures/1780.cif,0.20001607611111236,slab100,54,108,54.0,0.20649768091846996,-0.006481604807357599,0.006481604807357599,0.20403448888475054,-0.00401841277363818,0.00401841277363818,fit
1781,/tmp/FeCoNiPdPt_CE_fc2lj8yk/FeCoNiPdPt_CE/fcc100/data/structures/1781.cif,0.1567003670370363,slab100,54,108,54.0,0.1470006241916901,0.009699742845346193,0.009699742845346193,0.14658067509196043,0.010119691945075865,0.010119691945075865,fit
1782,/tmp/FeCoNiPdPt_CE_fc2lj8yk/FeCoNiPdPt_CE/fcc100/data/structures/1782.cif,0.17391587740740777,slab100,54,108,54.0,0.1842983955633625,-0.010382518155954729,0.010382518155954729,0.18509073975956128,-0.011174862352153508,0.011174862352153508,holdout
1783,/tmp/FeCoNiPdPt_CE_fc2lj8yk/FeCoNiPdPt_CE/fcc100/data/structures/1783.cif,0.1839455674074065,slab100,54,108,54.0,0.1663696325663575,0.017575934841048996,0.017575934841048996,0.16587017392564157,0.01807539348176493,0.01807539348176493,fit
1784,/tmp/FeCoNiPdPt_CE_fc2lj8yk/FeCoNiPdPt_CE/fcc100/data/structures/1784.cif,0.21188491555555536,slab100,54,108,54.0,0.22003955219228155,-0.008154636636726192,0.008154636636726192,0.21990146865164822,-0.008016553096092865,0.008016553096092865,fit
1785,/tmp/FeCoNiPdPt_CE_fc2lj8yk/FeCoNiPdPt_CE/fcc100/data/structures/1785.cif,0.155783188148148,slab100,54,108,54.0,0.1672104484741264,-0.011427260325978378,0.011427260325978378,0.1669825716863969,-0.011199383538248897,0.011199383538248897,fit
1786,/tmp/FeCoNiPdPt_CE_fc2lj8yk/FeCoNiPdPt_CE/fcc100/data/structures/1786.cif,0.16706999722222277,slab100,54,108,54.0,0.15137323484075277,0.015696762381469997,0.015696762381469997,0.1504278930867554,0.016642104135467378,0.016642104135467378,fit
1787,/tmp/FeCoNiPdPt_CE_fc2lj8yk/FeCoNiPdPt_CE/fcc100/data/structures/1787.cif,0.20420810499999956,slab100,54,108,54.0,0.19457000338779304,0.009638101612206518,0.009638101612206518,0.192546838519327,0.01166126648067256,0.01166126648067256,fit
1788,/tmp/FeCoNiPdPt_CE_fc2lj8yk/FeCoNiPdPt_CE/fcc100/data/structures/1788.cif,0.20406502703703686,slab100,54,108,54.0,0.20537473583793026,-0.0013097088008934,0.0013097088008934,0.20506054284286138,-0.0009955158058245206,0.0009955158058245206,fit
1789,/tmp/FeCoNiPdPt_CE_fc2lj8yk/FeCoNiPdPt_CE/fcc100/data/structures/1789.cif,0.17964451018518499,slab100,54,108,54.0,0.17411148035779742,0.00553302982738757,0.00553302982738757,0.17309556897655248,0.006548941208632503,0.006548941208632503,fit
1790,/tmp/FeCoNiPdPt_CE_fc2lj8yk/FeCoNiPdPt_CE/fcc100/data/structures/1790.cif,0.19920520666666638,slab100,54,108,54.0,0.19447057622975725,0.004734630436909137,0.004734630436909137,0.19409383848895154,0.005111368177714848,0.005111368177714848,fit
1791,/tmp/FeCoNiPdPt_CE_fc2lj8yk/FeCoNiPdPt_CE/fcc100/data/structures/1791.cif,0.218405470740741,slab100,54,108,54.0,0.2150947636399482,0.003310707100792787,0.003310707100792787,0.21536039862961262,0.0030450721111283663,0.0030450721111283663,fit
1792,/tmp/FeCoNiPdPt_CE_fc2lj8yk/FeCoNiPdPt_CE/fcc100/data/structures/1792.cif,0.18776633500000048,slab100,54,108,54.0,0.1736184009180376,0.014147934081962882,0.014147934081962882,0.17361038907702472,0.014155945922975754,0.014155945922975754,fit
1793,/tmp/FeCoNiPdPt_CE_fc2lj8yk/FeCoNiPdPt_CE/fcc100/data/structures/1793.cif,0.18118223333333264,slab100,54,108,54.0,0.1690886454443575,0.012093587888975132,0.012093587888975132,0.16948591199937865,0.011696321333953985,0.011696321333953985,fit
1794,/tmp/FeCoNiPdPt_CE_fc2lj8yk/FeCoNiPdPt_CE/fcc100/data/structures/1794.cif,0.16484895500000074,slab100,54,108,54.0,0.15548238909225584,0.0093665659077449,0.0093665659077449,0.15515770966865255,0.009691245331348186,0.009691245331348186,fit
1795,/tmp/FeCoNiPdPt_CE_fc2lj8yk/FeCoNiPdPt_CE/fcc100/data/structures/1795.cif,0.2424734472222225,slab100,54,108,54.0,0.23874515813913005,0.0037282890830924453,0.0037282890830924453,0.2395678080239398,0.0029056391982827112,0.0029056391982827112,fit
1796,/tmp/FeCoNiPdPt_CE_fc2lj8yk/FeCoNiPdPt_CE/fcc100/data/structures/1796.cif,0.19150498240740835,slab100,54,108,54.0,0.175616936009646,0.01588804639776234,0.01588804639776234,0.1766529875299685,0.01485199487743985,0.01485199487743985,fit
1797,/tmp/FeCoNiPdPt_CE_fc2lj8yk/FeCoNiPdPt_CE/fcc100/data/structures/1797.cif,0.16968724185185197,slab100,54,108,54.0,0.16835320399941314,0.0013340378524388241,0.0013340378524388241,0.16892709895581867,0.0007601428960332945,0.0007601428960332945,fit
1798,/tmp/FeCoNiPdPt_CE_fc2lj8yk/FeCoNiPdPt_CE/fcc100/data/structures/1798.cif,0.19050708407407427,slab100,54,108,54.0,0.18728544621671014,0.0032216378573641236,0.0032216378573641236,0.1874356780968524,0.0030714059772218583,0.0030714059772218583,fit
1799,/tmp/FeCoNiPdPt_CE_fc2lj8yk/FeCoNiPdPt_CE/fcc100/data/structures/1799.cif,0.19849852685185157,slab100,54,108,54.0,0.21010539336876083,-0.011606866516909259,0.011606866516909259,0.21119538853160588,-0.012696861679754312,0.012696861679754312,fit
1800,/tmp/FeCoNiPdPt_CE_fc2lj8yk/FeCoNiPdPt_CE/fcc100/data/structures/1800.cif,0.13132137129629537,slab100,54,108,54.0,0.13162771462893058,-0.00030634333263521163,0.00030634333263521163,0.13186627960196096,-0.0005449083056655868,0.0005449083056655868,fit
1801,/tmp/FeCoNiPdPt_CE_fc2lj8yk/FeCoNiPdPt_CE/fcc100/data/structures/1801.cif,0.10868429351851804,slab100,54,108,54.0,0.10706519883157378,0.001619094686944253,0.001619094686944253,0.10718672128481191,0.0014975722337061265,0.0014975722337061265,fit
1802,/tmp/FeCoNiPdPt_CE_fc2lj8yk/FeCoNiPdPt_CE/fcc100/data/structures/1802.cif,0.12340118537036915,slab100,54,108,54.0,0.11554760066175501,0.007853584708614136,0.007853584708614136,0.11573331600149138,0.007667869368877769,0.007667869368877769,fit
1803,/tmp/FeCoNiPdPt_CE_fc2lj8yk/FeCoNiPdPt_CE/fcc100/data/structures/1803.cif,0.11388397314814719,slab100,54,108,54.0,0.11338249301766319,0.0005014801304839972,0.0005014801304839972,0.11393668869101298,-5.2715542865788834e-05,5.2715542865788834e-05,fit
1804,/tmp/FeCoNiPdPt_CE_fc2lj8yk/FeCoNiPdPt_CE/fcc100/data/structures/1804.cif,0.14739666444444416,slab100,54,108,54.0,0.14592308404362558,0.0014735804008185749,0.0014735804008185749,0.1448020394417739,0.00259462500267027,0.00259462500267027,fit
1805,/tmp/FeCoNiPdPt_CE_fc2lj8yk/FeCoNiPdPt_CE/fcc100/data/structures/1805.cif,0.13972961999999922,slab100,54,108,54.0,0.13515985610428122,0.004569763895718004,0.004569763895718004,0.13455156940206522,0.0051780505979339975,0.0051780505979339975,fit
1806,/tmp/FeCoNiPdPt_CE_fc2lj8yk/FeCoNiPdPt_CE/fcc100/data/structures/1806.cif,0.11083161333333233,slab100,54,108,54.0,0.1165968593214425,-0.005765245988110165,0.005765245988110165,0.11814352140829677,-0.007311908074964443,0.007311908074964443,fit
1807,/tmp/FeCoNiPdPt_CE_fc2lj8yk/FeCoNiPdPt_CE/fcc100/data/structures/1807.cif,0.10642192074073963,slab100,54,108,54.0,0.09827138504059958,0.008150535700140044,0.008150535700140044,0.09722475615373455,0.009197164587005077,0.009197164587005077,fit
1808,/tmp/FeCoNiPdPt_CE_fc2lj8yk/FeCoNiPdPt_CE/fcc100/data/structures/1808.cif,0.12179292259259211,slab100,54,108,54.0,0.11835490606924967,0.003438016523342441,0.003438016523342441,0.11773550794484841,0.004057414647743701,0.004057414647743701,fit
1809,/tmp/FeCoNiPdPt_CE_fc2lj8yk/FeCoNiPdPt_CE/fcc100/data/structures/1809.cif,0.1100298101851841,slab100,54,108,54.0,0.10899026935119653,0.001039540833987565,0.001039540833987565,0.10920505944100588,0.0008247507441782181,0.0008247507441782181,holdout
1810,/tmp/FeCoNiPdPt_CE_fc2lj8yk/FeCoNiPdPt_CE/fcc100/data/structures/1810.cif,0.11591910333333262,slab100,54,108,54.0,0.11167685245886415,0.004242250874468473,0.004242250874468473,0.10984349121425067,0.006075612119081947,0.006075612119081947,fit
1811,/tmp/FeCoNiPdPt_CE_fc2lj8yk/FeCoNiPdPt_CE/fcc100/data/structures/1811.cif,0.125447809259259,slab100,54,108,54.0,0.11104443485570638,0.014403374403552618,0.014403374403552618,0.11019145016258218,0.015256359096676816,0.015256359096676816,holdout
1812,/tmp/FeCoNiPdPt_CE_fc2lj8yk/FeCoNiPdPt_CE/fcc100/data/structures/1812.cif,0.11888420537036908,slab100,54,108,54.0,0.1103788786612634,0.00850532670910567,0.00850532670910567,0.11060986056413318,0.0082743448062359,0.0082743448062359,fit
1813,/tmp/FeCoNiPdPt_CE_fc2lj8yk/FeCoNiPdPt_CE/fcc100/data/structures/1813.cif,0.10742591740740674,slab100,54,108,54.0,0.10148929875028549,0.005936618657121251,0.005936618657121251,0.09977578712397298,0.0076501302834337676,0.0076501302834337676,fit
1814,/tmp/FeCoNiPdPt_CE_fc2lj8yk/FeCoNiPdPt_CE/fcc100/data/structures/1814.cif,0.11345302962962898,slab100,54,108,54.0,0.12158064001962085,-0.008127610389991866,0.008127610389991866,0.12172245231888543,-0.008269422689256442,0.008269422689256442,fit
1815,/tmp/FeCoNiPdPt_CE_fc2lj8yk/FeCoNiPdPt_CE/fcc100/data/structures/1815.cif,0.11385723351851754,slab100,54,108,54.0,0.11217988456951,0.0016773489490075344,0.0016773489490075344,0.10964342630694034,0.0042138072115772,0.0042138072115772,fit
1816,/tmp/FeCoNiPdPt_CE_fc2lj8yk/FeCoNiPdPt_CE/fcc100/data/structures/1816.cif,0.11925174999999892,slab100,54,108,54.0,0.12193790593371924,-0.002686155933720319,0.002686155933720319,0.12160988055009114,-0.0023581305500922217,0.0023581305500922217,fit
1817,/tmp/FeCoNiPdPt_CE_fc2lj8yk/FeCoNiPdPt_CE/fcc100/data/structures/1817.cif,0.10702096407407292,slab100,54,108,54.0,0.10805643753227949,-0.001035473458206565,0.001035473458206565,0.1080822291031487,-0.0010612650290757752,0.0010612650290757752,fit
1818,/tmp/FeCoNiPdPt_CE_fc2lj8yk/FeCoNiPdPt_CE/fcc100/data/structures/1818.cif,0.2053418596296284,slab100,54,108,54.0,0.2162473108237865,-0.010905451194158117,0.010905451194158117,0.2174412521608926,-0.012099392531264214,0.012099392531264214,fit
1819,/tmp/FeCoNiPdPt_CE_fc2lj8yk/FeCoNiPdPt_CE/fcc100/data/structures/1819.cif,0.10416461259259159,slab100,54,108,54.0,0.10746849365137807,-0.003303881058786484,0.003303881058786484,0.10811434671709125,-0.003949734124499657,0.003949734124499657,fit
1820,/tmp/FeCoNiPdPt_CE_fc2lj8yk/FeCoNiPdPt_CE/fcc100/data/structures/1820.cif,0.16006183333333276,slab100,54,108,54.0,0.1553131196223165,0.004748713711016261,0.004748713711016261,0.15567822037165904,0.004383612961673722,0.004383612961673722,fit
1821,/tmp/FeCoNiPdPt_CE_fc2lj8yk/FeCoNiPdPt_CE/fcc100/data/structures/1821.cif,0.12154715629629596,slab100,54,108,54.0,0.12787487977010262,-0.006327723473806654,0.006327723473806654,0.12789596510915954,-0.0063488088128635795,0.0063488088128635795,fit
1822,/tmp/FeCoNiPdPt_CE_fc2lj8yk/FeCoNiPdPt_CE/fcc100/data/structures/1822.cif,0.11799585703703609,slab100,54,108,54.0,0.11047571325724477,0.007520143779791322,0.007520143779791322,0.10963921125689347,0.008356645780142627,0.008356645780142627,fit
1823,/tmp/FeCoNiPdPt_CE_fc2lj8yk/FeCoNiPdPt_CE/fcc100/data/structures/1823.cif,0.12026151074073992,slab100,54,108,54.0,0.12081985783595856,-0.0005583470952186392,0.0005583470952186392,0.12193639884609211,-0.0016748881053521986,0.0016748881053521986,fit
1824,/tmp/FeCoNiPdPt_CE_fc2lj8yk/FeCoNiPdPt_CE/fcc100/data/structures/1824.cif,0.09673141240740632,slab100,54,108,54.0,0.09641026449349754,0.00032114791390877584,0.00032114791390877584,0.09653090059399654,0.0002005118134097844,0.0002005118134097844,fit
1825,/tmp/FeCoNiPdPt_CE_fc2lj8yk/FeCoNiPdPt_CE/fcc100/data/structures/1825.cif,0.09709056185185137,slab100,54,108,54.0,0.09163514683569997,0.005455415016151405,0.005455415016151405,0.09254885948918173,0.004541702362669639,0.004541702362669639,holdout
1826,/tmp/FeCoNiPdPt_CE_fc2lj8yk/FeCoNiPdPt_CE/fcc100/data/structures/1826.cif,0.12155382722222106,slab100,54,108,54.0,0.11566450830678447,0.005889318915436592,0.005889318915436592,0.11565769693318212,0.005896130289038945,0.005896130289038945,fit
1827,/tmp/FeCoNiPdPt_CE_fc2lj8yk/FeCoNiPdPt_CE/fcc100/data/structures/1827.cif,0.11933575055555441,slab100,54,108,54.0,0.11169801950994324,0.007637731045611176,0.007637731045611176,0.11123284136110913,0.008102909194445285,0.008102909194445285,fit
1828,/tmp/FeCoNiPdPt_CE_fc2lj8yk/FeCoNiPdPt_CE/fcc100/data/structures/1828.cif,0.12811385999999966,slab100,54,108,54.0,0.12009401966108567,0.008019840338913994,0.008019840338913994,0.12047788647427049,0.007635973525729173,0.007635973525729173,fit
1829,/tmp/FeCoNiPdPt_CE_fc2lj8yk/FeCoNiPdPt_CE/fcc100/data/structures/1829.cif,0.11641332981481393,slab100,54,108,54.0,0.11291782450034908,0.003495505314464853,0.003495505314464853,0.11112544430209911,0.005287885512714821,0.005287885512714821,fit
1830,/tmp/FeCoNiPdPt_CE_fc2lj8yk/FeCoNiPdPt_CE/fcc100/data/structures/1830.cif,0.12285256129629513,slab100,54,108,54.0,0.12354207691406717,-0.0006895156177720435,0.0006895156177720435,0.1226791104690292,0.00017345082726592798,0.00017345082726592798,fit
1831,/tmp/FeCoNiPdPt_CE_fc2lj8yk/FeCoNiPdPt_CE/fcc100/data/structures/1831.cif,0.1061695485185173,slab100,54,108,54.0,0.10016143272206796,0.006008115796449345,0.006008115796449345,0.10020260878030032,0.005966939738216978,0.005966939738216978,fit
1832,/tmp/FeCoNiPdPt_CE_fc2lj8yk/FeCoNiPdPt_CE/fcc100/data/structures/1832.cif,0.13904214388888805,slab100,54,108,54.0,0.13342349568128872,0.0056186482075993305,0.0056186482075993305,0.13339351438890568,0.005648629499982377,0.005648629499982377,fit
1833,/tmp/FeCoNiPdPt_CE_fc2lj8yk/FeCoNiPdPt_CE/fcc100/data/structures/1833.cif,0.1074321227777775,slab100,54,108,54.0,0.10577126191337005,0.0016608608644074485,0.0016608608644074485,0.10672405320048807,0.0007080695772894302,0.0007080695772894302,fit
1834,/tmp/FeCoNiPdPt_CE_fc2lj8yk/FeCoNiPdPt_CE/fcc100/data/structures/1834.cif,0.11930822166666573,slab100,54,108,54.0,0.11780741095169008,0.0015008107149756533,0.0015008107149756533,0.1176623110493631,0.0016459106173026261,0.0016459106173026261,fit
1835,/tmp/FeCoNiPdPt_CE_fc2lj8yk/FeCoNiPdPt_CE/fcc100/data/structures/1835.cif,0.1151818503703697,slab100,54,108,54.0,0.10444868413716414,0.010733166233205554,0.010733166233205554,0.10539277055400928,0.009789079816360416,0.009789079816360416,fit
1836,/tmp/FeCoNiPdPt_CE_fc2lj8yk/FeCoNiPdPt_CE/fcc100/data/structures/1836.cif,0.12912952925925883,slab100,54,108,54.0,0.12681023151092963,0.002319297748329202,0.002319297748329202,0.12423935708058928,0.0048901721786695496,0.0048901721786695496,fit
1837,/tmp/FeCoNiPdPt_CE_fc2lj8yk/FeCoNiPdPt_CE/fcc100/data/structures/1837.cif,0.12791238462962914,slab100,54,108,54.0,0.11330377184907985,0.014608612780549299,0.014608612780549299,0.11261690510792033,0.015295479521708816,0.015295479521708816,fit
1838,/tmp/FeCoNiPdPt_CE_fc2lj8yk/FeCoNiPdPt_CE/fcc100/data/structures/1838.cif,0.12197105537037002,slab100,54,108,54.0,0.12430519472149101,-0.0023341393511209924,0.0023341393511209924,0.1237507422710731,-0.001779686900703084,0.001779686900703084,fit
1839,/tmp/FeCoNiPdPt_CE_fc2lj8yk/FeCoNiPdPt_CE/fcc100/data/structures/1839.cif,0.12601191148148047,slab100,54,108,54.0,0.12507520769713523,0.0009367037843452386,0.0009367037843452386,0.12639220704097456,-0.00038029555949409266,0.00038029555949409266,fit
1840,/tmp/FeCoNiPdPt_CE_fc2lj8yk/FeCoNiPdPt_CE/fcc100/data/structures/1840.cif,0.12062989703703672,slab100,54,108,54.0,0.11840690779889161,0.0022229892381451094,0.0022229892381451094,0.1187643932171471,0.001865503819889619,0.001865503819889619,fit
1841,/tmp/FeCoNiPdPt_CE_fc2lj8yk/FeCoNiPdPt_CE/fcc100/data/structures/1841.cif,0.07193109722222155,slab100,54,108,54.0,0.07769515270875044,-0.005764055486528891,0.005764055486528891,0.07747738573736455,-0.005546288515143008,0.005546288515143008,fit
1842,/tmp/FeCoNiPdPt_CE_fc2lj8yk/FeCoNiPdPt_CE/fcc100/data/structures/1842.cif,0.08255959518518491,slab100,54,108,54.0,0.08824797538536502,-0.005688380200180115,0.005688380200180115,0.08791196623091983,-0.005352371045734924,0.005352371045734924,fit
1843,/tmp/FeCoNiPdPt_CE_fc2lj8yk/FeCoNiPdPt_CE/fcc100/data/structures/1843.cif,0.11215495907407347,slab100,54,108,54.0,0.11222611093304356,-7.11518589700949e-05,7.11518589700949e-05,0.11331474380009479,-0.0011597847260213234,0.0011597847260213234,fit
1844,/tmp/FeCoNiPdPt_CE_fc2lj8yk/FeCoNiPdPt_CE/fcc100/data/structures/1844.cif,0.09597945629629596,slab100,54,108,54.0,0.08998966858791721,0.005989787708378755,0.005989787708378755,0.08862201765718664,0.007357438639109329,0.007357438639109329,fit
1845,/tmp/FeCoNiPdPt_CE_fc2lj8yk/FeCoNiPdPt_CE/fcc100/data/structures/1845.cif,0.09925933870370382,slab100,54,108,54.0,0.09683431232805469,0.0024250263756491336,0.0024250263756491336,0.0969849287228747,0.0022744099808291174,0.0022744099808291174,fit
1846,/tmp/FeCoNiPdPt_CE_fc2lj8yk/FeCoNiPdPt_CE/fcc100/data/structures/1846.cif,0.16978490574074048,slab100,54,108,54.0,0.1744138558497843,-0.004628950109043822,0.004628950109043822,0.17458168872297133,-0.004796782982230852,0.004796782982230852,fit
1847,/tmp/FeCoNiPdPt_CE_fc2lj8yk/FeCoNiPdPt_CE/fcc100/data/structures/1847.cif,0.07611529481481491,slab100,54,108,54.0,0.08151117170887237,-0.005395876894057461,0.005395876894057461,0.08089225414299137,-0.0047769593281764555,0.0047769593281764555,fit
1848,/tmp/FeCoNiPdPt_CE_fc2lj8yk/FeCoNiPdPt_CE/fcc100/data/structures/1848.cif,0.0938922992592592,slab100,54,108,54.0,0.09451637059891799,-0.000624071339658791,0.000624071339658791,0.09387026123930316,2.2038019956038823e-05,2.2038019956038823e-05,fit
1849,/tmp/FeCoNiPdPt_CE_fc2lj8yk/FeCoNiPdPt_CE/fcc100/data/structures/1849.cif,0.10113334518518548,slab100,54,108,54.0,0.08903174390244324,0.012101601282742236,0.012101601282742236,0.08895185951445317,0.012181485670732309,0.012181485670732309,fit
1850,/tmp/FeCoNiPdPt_CE_fc2lj8yk/FeCoNiPdPt_CE/fcc100/data/structures/1850.cif,0.07484862111111094,slab100,54,108,54.0,0.06542062801988384,0.009427993091227105,0.009427993091227105,0.06534769764740188,0.009500923463709066,0.009500923463709066,fit
1851,/tmp/FeCoNiPdPt_CE_fc2lj8yk/FeCoNiPdPt_CE/fcc100/data/structures/1851.cif,0.06855695185185208,slab100,54,108,54.0,0.06116003123444675,0.0073969206174053295,0.0073969206174053295,0.06078478544325385,0.007772166408598229,0.007772166408598229,fit
1852,/tmp/FeCoNiPdPt_CE_fc2lj8yk/FeCoNiPdPt_CE/fcc100/data/structures/1852.cif,0.10219088222222202,slab100,54,108,54.0,0.09549839724436132,0.006692484977860694,0.006692484977860694,0.09568137974886205,0.006509502473359963,0.006509502473359963,fit
1853,/tmp/FeCoNiPdPt_CE_fc2lj8yk/FeCoNiPdPt_CE/fcc100/data/structures/1853.cif,0.08300142592592599,slab100,54,108,54.0,0.0939038590934541,-0.010902433167528106,0.010902433167528106,0.09437535086143717,-0.011373924935511176,0.011373924935511176,fit
1854,/tmp/FeCoNiPdPt_CE_fc2lj8yk/FeCoNiPdPt_CE/fcc100/data/structures/1854.cif,0.09106755277777741,slab100,54,108,54.0,0.09427742789412702,-0.0032098751163496114,0.0032098751163496114,0.09379468680822692,-0.00272713403044951,0.00272713403044951,fit
1855,/tmp/FeCoNiPdPt_CE_fc2lj8yk/FeCoNiPdPt_CE/fcc100/data/structures/1855.cif,0.07587099555555533,slab100,54,108,54.0,0.073008391576141,0.0028626039794143326,0.0028626039794143326,0.07393896099413302,0.0019320345614223106,0.0019320345614223106,fit
1856,/tmp/FeCoNiPdPt_CE_fc2lj8yk/FeCoNiPdPt_CE/fcc100/data/structures/1856.cif,0.09610601462962988,slab100,54,108,54.0,0.09277908898931717,0.003326925640312714,0.003326925640312714,0.09212459709825645,0.003981417531373432,0.003981417531373432,fit
1857,/tmp/FeCoNiPdPt_CE_fc2lj8yk/FeCoNiPdPt_CE/fcc100/data/structures/1857.cif,0.08868092629629658,slab100,54,108,54.0,0.0959275484674184,-0.007246622171121819,0.007246622171121819,0.09633807152892168,-0.007657145232625104,0.007657145232625104,fit
1858,/tmp/FeCoNiPdPt_CE_fc2lj8yk/FeCoNiPdPt_CE/fcc100/data/structures/1858.cif,0.1342444490740741,slab100,54,108,54.0,0.1304351067165784,0.003809342357495693,0.003809342357495693,0.12978537454767836,0.00445907452639574,0.00445907452639574,fit
1859,/tmp/FeCoNiPdPt_CE_fc2lj8yk/FeCoNiPdPt_CE/fcc100/data/structures/1859.cif,0.09135911907407351,slab100,54,108,54.0,0.10361791997786232,-0.012258800903788808,0.012258800903788808,0.10241772993692837,-0.011058610862854854,0.011058610862854854,fit
1860,/tmp/FeCoNiPdPt_CE_fc2lj8yk/FeCoNiPdPt_CE/fcc100/data/structures/1860.cif,0.09642498277777792,slab100,54,108,54.0,0.09246481785922388,0.0039601649185540405,0.0039601649185540405,0.090612121239202,0.0058128615385759225,0.0058128615385759225,fit
1861,/tmp/FeCoNiPdPt_CE_fc2lj8yk/FeCoNiPdPt_CE/fcc100/data/structures/1861.cif,0.09351978462962894,slab100,54,108,54.0,0.09216733822509002,0.0013524464045389234,0.0013524464045389234,0.09119198586870368,0.0023277987609252593,0.0023277987609252593,fit
1862,/tmp/FeCoNiPdPt_CE_fc2lj8yk/FeCoNiPdPt_CE/fcc100/data/structures/1862.cif,0.08954910981481451,slab100,54,108,54.0,0.09493912051627239,-0.0053900107014578785,0.0053900107014578785,0.09587372997665713,-0.006324620161842626,0.006324620161842626,holdout
1863,/tmp/FeCoNiPdPt_CE_fc2lj8yk/FeCoNiPdPt_CE/fcc100/data/structures/1863.cif,0.06966593962962975,slab100,54,108,54.0,0.07752130582438155,-0.0078553661947518,0.0078553661947518,0.07594656289819093,-0.006280623268561186,0.006280623268561186,fit
1864,/tmp/FeCoNiPdPt_CE_fc2lj8yk/FeCoNiPdPt_CE/fcc100/data/structures/1864.cif,0.12004883222222154,slab100,54,108,54.0,0.1283301030009066,-0.008281270778685068,0.008281270778685068,0.12730774034891615,-0.007258908126694608,0.007258908126694608,fit
1865,/tmp/FeCoNiPdPt_CE_fc2lj8yk/FeCoNiPdPt_CE/fcc100/data/structures/1865.cif,0.12110854129629603,slab100,54,108,54.0,0.11014792139691443,0.010960619899381602,0.010960619899381602,0.10984570164284659,0.011262839653449444,0.011262839653449444,fit
1866,/tmp/FeCoNiPdPt_CE_fc2lj8yk/FeCoNiPdPt_CE/fcc100/data/structures/1866.cif,0.10539473259259192,slab100,54,108,54.0,0.11041305396744922,-0.00501832137485729,0.00501832137485729,0.11056226723715444,-0.005167534644562516,0.005167534644562516,fit
1867,/tmp/FeCoNiPdPt_CE_fc2lj8yk/FeCoNiPdPt_CE/fcc100/data/structures/1867.cif,0.08148639351851886,slab100,54,108,54.0,0.07711269631048583,0.004373697208033031,0.004373697208033031,0.07523566949866106,0.006250724019857795,0.006250724019857795,fit
1868,/tmp/FeCoNiPdPt_CE_fc2lj8yk/FeCoNiPdPt_CE/fcc100/data/structures/1868.cif,0.08436726481481413,slab100,54,108,54.0,0.07726630104040645,0.007100963774407679,0.007100963774407679,0.07740811795088756,0.0069591468639265686,0.0069591468639265686,holdout
1869,/tmp/FeCoNiPdPt_CE_fc2lj8yk/FeCoNiPdPt_CE/fcc100/data/structures/1869.cif,0.08065101185185124,slab100,54,108,54.0,0.06919318916225269,0.011457822689598551,0.011457822689598551,0.06917427293895029,0.01147673891290095,0.01147673891290095,fit
1870,/tmp/FeCoNiPdPt_CE_fc2lj8yk/FeCoNiPdPt_CE/fcc100/data/structures/1870.cif,0.12194556981481453,slab100,54,108,54.0,0.11803003463726688,0.003915535177547641,0.003915535177547641,0.117581886486309,0.0043636833285055215,0.0043636833285055215,fit
1871,/tmp/FeCoNiPdPt_CE_fc2lj8yk/FeCoNiPdPt_CE/fcc100/data/structures/1871.cif,0.09166725333333324,slab100,54,108,54.0,0.09169131709163693,-2.4063758303688454e-05,2.4063758303688454e-05,0.09178145869954672,-0.00011420536621348232,0.00011420536621348232,fit
1872,/tmp/FeCoNiPdPt_CE_fc2lj8yk/FeCoNiPdPt_CE/fcc100/data/structures/1872.cif,0.10159205870370316,slab100,54,108,54.0,0.09149904170315534,0.010093017000547821,0.010093017000547821,0.09130300207489637,0.01028905662880679,0.01028905662880679,fit
1873,/tmp/FeCoNiPdPt_CE_fc2lj8yk/FeCoNiPdPt_CE/fcc100/data/structures/1873.cif,0.10691405851851822,slab100,54,108,54.0,0.10518682659697046,0.0017272319215477644,0.0017272319215477644,0.1038044977447512,0.00310956077376702,0.00310956077376702,fit
1874,/tmp/FeCoNiPdPt_CE_fc2lj8yk/FeCoNiPdPt_CE/fcc100/data/structures/1874.cif,0.08658347555555573,slab100,54,108,54.0,0.08370641980120654,0.0028770557543491976,0.0028770557543491976,0.08227781640054535,0.004305659155010383,0.004305659155010383,fit
1875,/tmp/FeCoNiPdPt_CE_fc2lj8yk/FeCoNiPdPt_CE/fcc100/data/structures/1875.cif,0.09743741018518516,slab100,54,108,54.0,0.09355413902032653,0.0038832711648586343,0.0038832711648586343,0.0930031197406285,0.004434290444556663,0.004434290444556663,fit
1876,/tmp/FeCoNiPdPt_CE_fc2lj8yk/FeCoNiPdPt_CE/fcc100/data/structures/1876.cif,0.07755916259259266,slab100,54,108,54.0,0.08092526053036457,-0.003366097937771914,0.003366097937771914,0.08148824419965148,-0.003929081607058821,0.003929081607058821,fit
1877,/tmp/FeCoNiPdPt_CE_fc2lj8yk/FeCoNiPdPt_CE/fcc100/data/structures/1877.cif,0.08546278666666698,slab100,54,108,54.0,0.0831535429924458,0.0023092436742211814,0.0023092436742211814,0.08389915532678086,0.001563631339886129,0.001563631339886129,fit
1878,/tmp/FeCoNiPdPt_CE_fc2lj8yk/FeCoNiPdPt_CE/fcc100/data/structures/1878.cif,0.10591139777777782,slab100,54,108,54.0,0.0986345528884384,0.007276844889339412,0.007276844889339412,0.0976299479866336,0.008281449791144216,0.008281449791144216,holdout
1879,/tmp/FeCoNiPdPt_CE_fc2lj8yk/FeCoNiPdPt_CE/fcc100/data/structures/1879.cif,0.10318378629629613,slab100,54,108,54.0,0.10269815393215703,0.0004856323641390936,0.0004856323641390936,0.10257507202143056,0.0006087142748655711,0.0006087142748655711,fit
1880,/tmp/FeCoNiPdPt_CE_fc2lj8yk/FeCoNiPdPt_CE/fcc100/data/structures/1880.cif,0.0752652916666671,slab100,54,108,54.0,0.06563157060165864,0.009633721065008455,0.009633721065008455,0.06452350107374,0.010741790592927097,0.010741790592927097,fit
1881,/tmp/FeCoNiPdPt_CE_fc2lj8yk/FeCoNiPdPt_CE/fcc100/data/structures/1881.cif,0.07702357685185167,slab100,54,108,54.0,0.08483847197755212,-0.007814895125700452,0.007814895125700452,0.08560981305215622,-0.008586236200304548,0.008586236200304548,fit
1882,/tmp/FeCoNiPdPt_CE_fc2lj8yk/FeCoNiPdPt_CE/fcc100/data/structures/1882.cif,0.08084498333333293,slab100,54,108,54.0,0.07972115762916576,0.001123825704167164,0.001123825704167164,0.07871010295445185,0.002134880378881071,0.002134880378881071,fit
1883,/tmp/FeCoNiPdPt_CE_fc2lj8yk/FeCoNiPdPt_CE/fcc100/data/structures/1883.cif,0.07275265759259207,slab100,54,108,54.0,0.07839597850934639,-0.005643320916754319,0.005643320916754319,0.07708931956168869,-0.004336661969096614,0.004336661969096614,fit
1884,/tmp/FeCoNiPdPt_CE_fc2lj8yk/FeCoNiPdPt_CE/fcc100/data/structures/1884.cif,0.06951258129629634,slab100,54,108,54.0,0.05934844541179046,0.010164135884505876,0.010164135884505876,0.060124415820963506,0.009388165475332833,0.009388165475332833,fit
1885,/tmp/FeCoNiPdPt_CE_fc2lj8yk/FeCoNiPdPt_CE/fcc100/data/structures/1885.cif,0.0743330524074079,slab100,54,108,54.0,0.07345977495674813,0.0008732774506597651,0.0008732774506597651,0.07300055978666842,0.0013324926207394783,0.0013324926207394783,fit
1886,/tmp/FeCoNiPdPt_CE_fc2lj8yk/FeCoNiPdPt_CE/fcc100/data/structures/1886.cif,0.06665616629629662,slab100,54,108,54.0,0.08043747517224778,-0.013781308875951165,0.013781308875951165,0.08012627314247729,-0.013470106846180677,0.013470106846180677,fit
1887,/tmp/FeCoNiPdPt_CE_fc2lj8yk/FeCoNiPdPt_CE/fcc100/data/structures/1887.cif,0.06932429870370369,slab100,54,108,54.0,0.05470000721426037,0.014624291489443317,0.014624291489443317,0.054324531931267274,0.014999766772436411,0.014999766772436411,fit
1888,/tmp/FeCoNiPdPt_CE_fc2lj8yk/FeCoNiPdPt_CE/fcc100/data/structures/1888.cif,0.07947976814814853,slab100,54,108,54.0,0.08051885163164488,-0.0010390834834963503,0.0010390834834963503,0.08170738957404224,-0.0022276214258937083,0.0022276214258937083,fit
1889,/tmp/FeCoNiPdPt_CE_fc2lj8yk/FeCoNiPdPt_CE/fcc100/data/structures/1889.cif,0.07801506629629608,slab100,54,108,54.0,0.0647062651592167,0.013308801137079385,0.013308801137079385,0.06568417178084175,0.012330894515454327,0.012330894515454327,fit
1890,/tmp/FeCoNiPdPt_CE_fc2lj8yk/FeCoNiPdPt_CE/fcc100/data/structures/1890.cif,0.0740875368518514,slab100,54,108,54.0,0.08119367034420072,-0.007106133492349315,0.007106133492349315,0.0796158367091517,-0.005528299857300301,0.005528299857300301,fit
1891,/tmp/FeCoNiPdPt_CE_fc2lj8yk/FeCoNiPdPt_CE/fcc100/data/structures/1891.cif,0.07564103388888922,slab100,54,108,54.0,0.07420661570192838,0.0014344181869608424,0.0014344181869608424,0.0737873623480011,0.0018536715408881271,0.0018536715408881271,fit
1892,/tmp/FeCoNiPdPt_CE_fc2lj8yk/FeCoNiPdPt_CE/fcc100/data/structures/1892.cif,0.07791818925925938,slab100,54,108,54.0,0.08688438558586434,-0.008966196326604961,0.008966196326604961,0.08678836163014099,-0.008870172370881613,0.008870172370881613,fit
1893,/tmp/FeCoNiPdPt_CE_fc2lj8yk/FeCoNiPdPt_CE/fcc100/data/structures/1893.cif,0.10390971518518516,slab100,54,108,54.0,0.09831814524945445,0.005591569935730706,0.005591569935730706,0.09743879067528063,0.006470924509904524,0.006470924509904524,fit
1894,/tmp/FeCoNiPdPt_CE_fc2lj8yk/FeCoNiPdPt_CE/fcc100/data/structures/1894.cif,0.11193662537037018,slab100,54,108,54.0,0.13055685820480126,-0.01862023283443108,0.01862023283443108,0.129257811101618,-0.017321185731247815,0.017321185731247815,fit
1895,/tmp/FeCoNiPdPt_CE_fc2lj8yk/FeCoNiPdPt_CE/fcc100/data/structures/1895.cif,0.06440221296296256,slab100,54,108,54.0,0.06809855284397669,-0.0036963398810141296,0.0036963398810141296,0.06876189425881676,-0.004359681295854206,0.004359681295854206,fit
1896,/tmp/FeCoNiPdPt_CE_fc2lj8yk/FeCoNiPdPt_CE/fcc100/data/structures/1896.cif,0.07850393574074027,slab100,54,108,54.0,0.07001949442228589,0.008484441318454383,0.008484441318454383,0.06926958789458146,0.009234347846158814,0.009234347846158814,fit
1897,/tmp/FeCoNiPdPt_CE_fc2lj8yk/FeCoNiPdPt_CE/fcc100/data/structures/1897.cif,0.08781817574074087,slab100,54,108,54.0,0.08274168125283465,0.005076494487906216,0.005076494487906216,0.08326734039853793,0.004550835342202936,0.004550835342202936,fit
1898,/tmp/FeCoNiPdPt_CE_fc2lj8yk/FeCoNiPdPt_CE/fcc100/data/structures/1898.cif,0.09114297259259274,slab100,54,108,54.0,0.09297639225804347,-0.001833419665450725,0.001833419665450725,0.09225874936547607,-0.0011157767728833257,0.0011157767728833257,holdout
1899,/tmp/FeCoNiPdPt_CE_fc2lj8yk/FeCoNiPdPt_CE/fcc100/data/structures/1899.cif,0.08131873759259213,slab100,54,108,54.0,0.07457866357243349,0.006740074020158637,0.006740074020158637,0.07373756130506046,0.007581176287531674,0.007581176287531674,fit
1900,/tmp/FeCoNiPdPt_CE_fc2lj8yk/FeCoNiPdPt_CE/fcc100/data/structures/1900.cif,0.07592749037037076,slab100,54,108,54.0,0.07160225715981551,0.0043252332105552516,0.0043252332105552516,0.07246363789843802,0.0034638524719327463,0.0034638524719327463,fit
1901,/tmp/FeCoNiPdPt_CE_fc2lj8yk/FeCoNiPdPt_CE/fcc100/data/structures/1901.cif,0.08449658370370398,slab100,54,108,54.0,0.07275637668536719,0.011740207018336793,0.011740207018336793,0.07368195463080546,0.010814629072898527,0.010814629072898527,fit
1902,/tmp/FeCoNiPdPt_CE_fc2lj8yk/FeCoNiPdPt_CE/fcc100/data/structures/1902.cif,0.09456537185185236,slab100,54,108,54.0,0.10262122490026877,-0.008055853048416411,0.008055853048416411,0.10190538644983406,-0.007340014597981698,0.007340014597981698,holdout
1903,/tmp/FeCoNiPdPt_CE_fc2lj8yk/FeCoNiPdPt_CE/fcc100/data/structures/1903.cif,0.0725639690740736,slab100,54,108,54.0,0.07155936607235522,0.0010046030017183821,0.0010046030017183821,0.07306189014421778,-0.0004979210701441805,0.0004979210701441805,fit
1904,/tmp/FeCoNiPdPt_CE_fc2lj8yk/FeCoNiPdPt_CE/fcc100/data/structures/1904.cif,0.08517373333333361,slab100,54,108,54.0,0.08534703629636045,-0.000173302963026839,0.000173302963026839,0.08436689233498847,0.0008068409983451458,0.0008068409983451458,holdout
1905,/tmp/FeCoNiPdPt_CE_fc2lj8yk/FeCoNiPdPt_CE/fcc100/data/structures/1905.cif,0.07835489370370397,slab100,54,108,54.0,0.06255314796813903,0.015801745735564934,0.015801745735564934,0.061973708925232275,0.01638118477847169,0.01638118477847169,holdout
1906,/tmp/FeCoNiPdPt_CE_fc2lj8yk/FeCoNiPdPt_CE/fcc100/data/structures/1906.cif,0.07819823296296347,slab100,54,108,54.0,0.08407416358660198,-0.005875930623638517,0.005875930623638517,0.08531452269310966,-0.007116289730146191,0.007116289730146191,fit
1907,/tmp/FeCoNiPdPt_CE_fc2lj8yk/FeCoNiPdPt_CE/fcc100/data/structures/1907.cif,0.07131643537037062,slab100,54,108,54.0,0.06572318018964995,0.005593255180720666,0.005593255180720666,0.06446946165090714,0.006846973719463481,0.006846973719463481,fit
1908,/tmp/FeCoNiPdPt_CE_fc2lj8yk/FeCoNiPdPt_CE/fcc100/data/structures/1908.cif,0.08313783148148202,slab100,54,108,54.0,0.07154165712003632,0.011596174361445694,0.011596174361445694,0.0708190328980541,0.012318798583427923,0.012318798583427923,fit
1909,/tmp/FeCoNiPdPt_CE_fc2lj8yk/FeCoNiPdPt_CE/fcc100/data/structures/1909.cif,0.09947162925925884,slab100,54,108,54.0,0.10528627567359747,-0.005814646414338626,0.005814646414338626,0.10567943752861507,-0.006207808269356227,0.006207808269356227,fit
1910,/tmp/FeCoNiPdPt_CE_fc2lj8yk/FeCoNiPdPt_CE/fcc100/data/structures/1910.cif,0.08356200648148195,slab100,54,108,54.0,0.08453978698191097,-0.000977780500429029,0.000977780500429029,0.0825020659510568,0.0010599405304251436,0.0010599405304251436,fit
1911,/tmp/FeCoNiPdPt_CE_fc2lj8yk/FeCoNiPdPt_CE/fcc100/data/structures/1911.cif,0.0816005146296298,slab100,54,108,54.0,0.09016615075530295,-0.00856563612567314,0.00856563612567314,0.08983583664901673,-0.008235322019386926,0.008235322019386926,fit
1912,/tmp/FeCoNiPdPt_CE_fc2lj8yk/FeCoNiPdPt_CE/fcc100/data/structures/1912.cif,0.10312238925925919,slab100,54,108,54.0,0.11512762844496376,-0.012005239185704564,0.012005239185704564,0.11506210164149792,-0.011939712382238732,0.011939712382238732,fit
1913,/tmp/FeCoNiPdPt_CE_fc2lj8yk/FeCoNiPdPt_CE/fcc100/data/structures/1913.cif,0.06714431370370365,slab100,54,108,54.0,0.07151657367032291,-0.00437225996661926,0.00437225996661926,0.07198454279627102,-0.004840229092567372,0.004840229092567372,holdout
1914,/tmp/FeCoNiPdPt_CE_fc2lj8yk/FeCoNiPdPt_CE/fcc100/data/structures/1914.cif,0.04806883018518546,slab100,54,108,54.0,0.05348372409805153,-0.005414893912866071,0.005414893912866071,0.05399505150224265,-0.005926221317057195,0.005926221317057195,holdout
1915,/tmp/FeCoNiPdPt_CE_fc2lj8yk/FeCoNiPdPt_CE/fcc100/data/structures/1915.cif,0.05692401351851854,slab100,54,108,54.0,0.04552988226842816,0.01139413125009038,0.01139413125009038,0.04482200054690427,0.01210201297161427,0.01210201297161427,fit
1916,/tmp/FeCoNiPdPt_CE_fc2lj8yk/FeCoNiPdPt_CE/fcc100/data/structures/1916.cif,0.07702135129629592,slab100,54,108,54.0,0.09132160711649631,-0.014300255820200392,0.014300255820200392,0.08848580951858495,-0.011464458222289031,0.011464458222289031,fit
1917,/tmp/FeCoNiPdPt_CE_fc2lj8yk/FeCoNiPdPt_CE/fcc100/data/structures/1917.cif,0.07263068037037067,slab100,54,108,54.0,0.06442061560078183,0.00821006476958884,0.00821006476958884,0.06468212166063914,0.007948558709731532,0.007948558709731532,fit
1918,/tmp/FeCoNiPdPt_CE_fc2lj8yk/FeCoNiPdPt_CE/fcc100/data/structures/1918.cif,0.08953113277777797,slab100,54,108,54.0,0.0770002757377427,0.012530857040035273,0.012530857040035273,0.07646072182825703,0.013070410949520939,0.013070410949520939,fit
1919,/tmp/FeCoNiPdPt_CE_fc2lj8yk/FeCoNiPdPt_CE/fcc100/data/structures/1919.cif,0.08026468851851805,slab100,54,108,54.0,0.08330338203435513,-0.0030386935158370765,0.0030386935158370765,0.08419946661284466,-0.003934778094326616,0.003934778094326616,fit
1920,/tmp/FeCoNiPdPt_CE_fc2lj8yk/FeCoNiPdPt_CE/fcc100/data/structures/1920.cif,0.12430288407407446,slab100,54,108,54.0,0.12280752337897377,0.0014953606951006865,0.0014953606951006865,0.12282074096961493,0.0014821431044595296,0.0014821431044595296,fit
1921,/tmp/FeCoNiPdPt_CE_fc2lj8yk/FeCoNiPdPt_CE/fcc100/data/structures/1921.cif,0.11016689185185176,slab100,54,108,54.0,0.1212741745414747,-0.011107282689622938,0.011107282689622938,0.12056993066692712,-0.010403038815075358,0.010403038815075358,fit
1922,/tmp/FeCoNiPdPt_CE_fc2lj8yk/FeCoNiPdPt_CE/fcc100/data/structures/1922.cif,0.12896995185185164,slab100,54,108,54.0,0.13155148347305623,-0.002581531621204586,0.002581531621204586,0.1311654179142262,-0.002195466062374557,0.002195466062374557,fit
1923,/tmp/FeCoNiPdPt_CE_fc2lj8yk/FeCoNiPdPt_CE/fcc100/data/structures/1923.cif,0.14258762833333305,slab100,54,108,54.0,0.14954407894195085,-0.006956450608617798,0.006956450608617798,0.14981582642328456,-0.00722819808995151,0.00722819808995151,fit
1924,/tmp/FeCoNiPdPt_CE_fc2lj8yk/FeCoNiPdPt_CE/fcc100/data/structures/1924.cif,0.15327118537037007,slab100,54,108,54.0,0.15410523981299096,-0.0008340544426208851,0.0008340544426208851,0.1536212670211384,-0.0003500816507683302,0.0003500816507683302,holdout
1925,/tmp/FeCoNiPdPt_CE_fc2lj8yk/FeCoNiPdPt_CE/fcc100/data/structures/1925.cif,0.12960200722222193,slab100,54,108,54.0,0.14577149019153735,-0.01616948296931542,0.01616948296931542,0.14576337323503386,-0.01616136601281193,0.01616136601281193,fit
1926,/tmp/FeCoNiPdPt_CE_fc2lj8yk/FeCoNiPdPt_CE/fcc100/data/structures/1926.cif,0.09936819962962949,slab100,54,108,54.0,0.10171432932360955,-0.0023461296939800563,0.0023461296939800563,0.10288961821930544,-0.0035214185896759453,0.0035214185896759453,fit
1927,/tmp/FeCoNiPdPt_CE_fc2lj8yk/FeCoNiPdPt_CE/fcc100/data/structures/1927.cif,0.09613290777777773,slab100,54,108,54.0,0.09435704860405043,0.001775859173727301,0.001775859173727301,0.09630407828013104,-0.00017117050235331,0.00017117050235331,holdout
1928,/tmp/FeCoNiPdPt_CE_fc2lj8yk/FeCoNiPdPt_CE/fcc100/data/structures/1928.cif,0.1467270218518519,slab100,54,108,54.0,0.15015301807307477,-0.00342599622122286,0.00342599622122286,0.14922553404542244,-0.002498512193570529,0.002498512193570529,fit
1929,/tmp/FeCoNiPdPt_CE_fc2lj8yk/FeCoNiPdPt_CE/fcc100/data/structures/1929.cif,0.12263090518518573,slab100,54,108,54.0,0.12063067466275076,0.002000230522434962,0.002000230522434962,0.12153189797756848,0.001099007207617242,0.001099007207617242,fit
1930,/tmp/FeCoNiPdPt_CE_fc2lj8yk/FeCoNiPdPt_CE/fcc100/data/structures/1930.cif,0.14267478314814785,slab100,54,108,54.0,0.14839874492000057,-0.00572396177185272,0.00572396177185272,0.15044378178071796,-0.007768998632570107,0.007768998632570107,holdout
1931,/tmp/FeCoNiPdPt_CE_fc2lj8yk/FeCoNiPdPt_CE/fcc100/data/structures/1931.cif,0.13796692185185208,slab100,54,108,54.0,0.14104921434836765,-0.003082292496515565,0.003082292496515565,0.14084534027477197,-0.0028784184229198873,0.0028784184229198873,fit
1932,/tmp/FeCoNiPdPt_CE_fc2lj8yk/FeCoNiPdPt_CE/fcc100/data/structures/1932.cif,0.16310925981481453,slab100,54,108,54.0,0.15974377886179605,0.0033654809530184737,0.0033654809530184737,0.1596320675520015,0.003477192262813039,0.003477192262813039,fit
1933,/tmp/FeCoNiPdPt_CE_fc2lj8yk/FeCoNiPdPt_CE/fcc100/data/structures/1933.cif,0.12695777296296265,slab100,54,108,54.0,0.1245970825399358,0.0023606904230268483,0.0023606904230268483,0.1225274251495004,0.004430347813462257,0.004430347813462257,fit
1934,/tmp/FeCoNiPdPt_CE_fc2lj8yk/FeCoNiPdPt_CE/fcc100/data/structures/1934.cif,0.13378152111111088,slab100,54,108,54.0,0.13149087745336643,0.002290643657744451,0.002290643657744451,0.13186688044954062,0.001914640661570266,0.001914640661570266,fit
1935,/tmp/FeCoNiPdPt_CE_fc2lj8yk/FeCoNiPdPt_CE/fcc100/data/structures/1935.cif,0.12517679462962933,slab100,54,108,54.0,0.1181597591508378,0.007017035478791525,0.007017035478791525,0.11859443585695646,0.006582358772672867,0.006582358772672867,fit
1936,/tmp/FeCoNiPdPt_CE_fc2lj8yk/FeCoNiPdPt_CE/fcc100/data/structures/1936.cif,0.12551181981481502,slab100,54,108,54.0,0.130559730842228,-0.005047911027412977,0.005047911027412977,0.1304429810708509,-0.004931161256035876,0.004931161256035876,fit
1937,/tmp/FeCoNiPdPt_CE_fc2lj8yk/FeCoNiPdPt_CE/fcc100/data/structures/1937.cif,0.12098298888888916,slab100,54,108,54.0,0.12480867847360286,-0.0038256895847137012,0.0038256895847137012,0.12428846760866363,-0.0033054787197744767,0.0033054787197744767,fit
1938,/tmp/FeCoNiPdPt_CE_fc2lj8yk/FeCoNiPdPt_CE/fcc100/data/structures/1938.cif,0.15172922296296346,slab100,54,108,54.0,0.14720875174229353,0.004520471220669925,0.004520471220669925,0.14672199758094803,0.005007225382015423,0.005007225382015423,fit
1939,/tmp/FeCoNiPdPt_CE_fc2lj8yk/FeCoNiPdPt_CE/fcc100/data/structures/1939.cif,0.11837691407407436,slab100,54,108,54.0,0.12038591524544867,-0.002009001171374314,0.002009001171374314,0.12100294105643086,-0.0026260269823565052,0.0026260269823565052,holdout
1940,/tmp/FeCoNiPdPt_CE_fc2lj8yk/FeCoNiPdPt_CE/fcc100/data/structures/1940.cif,0.1569271838888887,slab100,54,108,54.0,0.15769147080647145,-0.0007642869175827349,0.0007642869175827349,0.1564084044427028,0.0005187794461859185,0.0005187794461859185,fit
1941,/tmp/FeCoNiPdPt_CE_fc2lj8yk/FeCoNiPdPt_CE/fcc100/data/structures/1941.cif,0.136084784444444,slab100,54,108,54.0,0.13949190789805915,-0.0034071234536151573,0.0034071234536151573,0.138948141739025,-0.0028633572945810093,0.0028633572945810093,holdout
1942,/tmp/FeCoNiPdPt_CE_fc2lj8yk/FeCoNiPdPt_CE/fcc100/data/structures/1942.cif,0.11522620055555527,slab100,54,108,54.0,0.12632159095798048,-0.011095390402425215,0.011095390402425215,0.1273022862991109,-0.01207608574355562,0.01207608574355562,fit
1943,/tmp/FeCoNiPdPt_CE_fc2lj8yk/FeCoNiPdPt_CE/fcc100/data/structures/1943.cif,0.13029386851851898,slab100,54,108,54.0,0.12978616289845585,0.0005077056200631369,0.0005077056200631369,0.1291428906176798,0.0011509779008391785,0.0011509779008391785,fit
1944,/tmp/FeCoNiPdPt_CE_fc2lj8yk/FeCoNiPdPt_CE/fcc100/data/structures/1944.cif,0.1259593614814818,slab100,54,108,54.0,0.13242320904756397,-0.006463847566082176,0.006463847566082176,0.13204780763689422,-0.00608844615541243,0.00608844615541243,fit
1945,/tmp/FeCoNiPdPt_CE_fc2lj8yk/FeCoNiPdPt_CE/fcc100/data/structures/1945.cif,0.1100510818518522,slab100,54,108,54.0,0.11370374915315098,-0.00365266730129879,0.00365266730129879,0.11503802805531349,-0.0049869462034612955,0.0049869462034612955,fit
1946,/tmp/FeCoNiPdPt_CE_fc2lj8yk/FeCoNiPdPt_CE/fcc100/data/structures/1946.cif,0.1535454577777776,slab100,54,108,54.0,0.15239916604039042,0.0011462917373871728,0.0011462917373871728,0.15357307942427195,-2.7621646494363494e-05,2.7621646494363494e-05,fit
1947,/tmp/FeCoNiPdPt_CE_fc2lj8yk/FeCoNiPdPt_CE/fcc100/data/structures/1947.cif,0.12892589166666665,slab100,54,108,54.0,0.12514401997040778,0.003781871696258876,0.003781871696258876,0.1258047707439517,0.003121120922714965,0.003121120922714965,fit
1948,/tmp/FeCoNiPdPt_CE_fc2lj8yk/FeCoNiPdPt_CE/fcc100/data/structures/1948.cif,0.13827699962962997,slab100,54,108,54.0,0.13450662630590052,0.0037703733237294534,0.0037703733237294534,0.13531356149809165,0.0029634381315383207,0.0029634381315383207,fit
1949,/tmp/FeCoNiPdPt_CE_fc2lj8yk/FeCoNiPdPt_CE/fcc100/data/structures/1949.cif,0.1339946307407413,slab100,54,108,54.0,0.14000556487356608,-0.0060109341328247745,0.0060109341328247745,0.14057611055228242,-0.006581479811541113,0.006581479811541113,fit
1950,/tmp/FeCoNiPdPt_CE_fc2lj8yk/FeCoNiPdPt_CE/fcc100/data/structures/1950.cif,0.1631725822222218,slab100,54,108,54.0,0.15124141030531826,0.011931171916903544,0.011931171916903544,0.1513284747665683,0.011844107455653508,0.011844107455653508,fit
1951,/tmp/FeCoNiPdPt_CE_fc2lj8yk/FeCoNiPdPt_CE/fcc100/data/structures/1951.cif,0.14075994407407413,slab100,54,108,54.0,0.13676504890704752,0.003994895167026613,0.003994895167026613,0.1371504231950901,0.0036095208789840294,0.0036095208789840294,fit
1952,/tmp/FeCoNiPdPt_CE_fc2lj8yk/FeCoNiPdPt_CE/fcc100/data/structures/1952.cif,0.1581450674074071,slab100,54,108,54.0,0.15849959516957987,-0.0003545277621727627,0.0003545277621727627,0.15761717239494588,0.0005278950124612269,0.0005278950124612269,fit
1953,/tmp/FeCoNiPdPt_CE_fc2lj8yk/FeCoNiPdPt_CE/fcc100/data/structures/1953.cif,0.1301018055555561,slab100,54,108,54.0,0.13825977035673748,-0.008157964801181389,0.008157964801181389,0.13870086219286082,-0.00859905663730473,0.00859905663730473,fit
1954,/tmp/FeCoNiPdPt_CE_fc2lj8yk/FeCoNiPdPt_CE/fcc100/data/structures/1954.cif,0.1183038942592597,slab100,54,108,54.0,0.12797241882758278,-0.00966852456832308,0.00966852456832308,0.12948132181718222,-0.011177427557922517,0.011177427557922517,fit
1955,/tmp/FeCoNiPdPt_CE_fc2lj8yk/FeCoNiPdPt_CE/fcc100/data/structures/1955.cif,0.11736528648148166,slab100,54,108,54.0,0.12213309759431315,-0.004767811112831491,0.004767811112831491,0.12409671284161787,-0.006731426360136211,0.006731426360136211,holdout
1956,/tmp/FeCoNiPdPt_CE_fc2lj8yk/FeCoNiPdPt_CE/fcc100/data/structures/1956.cif,0.1432196633333336,slab100,54,108,54.0,0.13601362868932307,0.007206034644010539,0.007206034644010539,0.13555290432642758,0.0076667590069060265,0.0076667590069060265,fit
1957,/tmp/FeCoNiPdPt_CE_fc2lj8yk/FeCoNiPdPt_CE/fcc100/data/structures/1957.cif,0.13198927944444416,slab100,54,108,54.0,0.1328120823251168,-0.0008228028806726295,0.0008228028806726295,0.13213182420276795,-0.0001425447583237871,0.0001425447583237871,fit
1958,/tmp/FeCoNiPdPt_CE_fc2lj8yk/FeCoNiPdPt_CE/fcc100/data/structures/1958.cif,0.142533454074074,slab100,54,108,54.0,0.15520350303773053,-0.012670048963656533,0.012670048963656533,0.1529232802518147,-0.010389826177740702,0.010389826177740702,fit
1959,/tmp/FeCoNiPdPt_CE_fc2lj8yk/FeCoNiPdPt_CE/fcc100/data/structures/1959.cif,0.12190934907407378,slab100,54,108,54.0,0.12100631207779365,0.0009030369962801238,0.0009030369962801238,0.12110320200794826,0.0008061470661255149,0.0008061470661255149,fit
1960,/tmp/FeCoNiPdPt_CE_fc2lj8yk/FeCoNiPdPt_CE/fcc100/data/structures/1960.cif,0.12077181407407364,slab100,54,108,54.0,0.12286345268604776,-0.002091638611974117,0.002091638611974117,0.12375387804741181,-0.002982063973338167,0.002982063973338167,fit
1961,/tmp/FeCoNiPdPt_CE_fc2lj8yk/FeCoNiPdPt_CE/fcc100/data/structures/1961.cif,0.09349289333333335,slab100,54,108,54.0,0.08642465887529185,0.0070682344580415,0.0070682344580415,0.08629148923541463,0.007201404097918723,0.007201404097918723,fit
1962,/tmp/FeCoNiPdPt_CE_fc2lj8yk/FeCoNiPdPt_CE/fcc100/data/structures/1962.cif,0.08701884444444427,slab100,54,108,54.0,0.08508406250763459,0.001934781936809682,0.001934781936809682,0.08459709312577751,0.0024217513186667594,0.0024217513186667594,fit
1963,/tmp/FeCoNiPdPt_CE_fc2lj8yk/FeCoNiPdPt_CE/fcc100/data/structures/1963.cif,0.09868585722222178,slab100,54,108,54.0,0.10047442587150646,-0.001788568649284672,0.001788568649284672,0.10027804068518716,-0.0015921834629653714,0.0015921834629653714,fit
1964,/tmp/FeCoNiPdPt_CE_fc2lj8yk/FeCoNiPdPt_CE/fcc100/data/structures/1964.cif,0.12094377018518516,slab100,54,108,54.0,0.12122536239690072,-0.0002815922117155589,0.0002815922117155589,0.1226928153555881,-0.0017490451704029325,0.0017490451704029325,fit
1965,/tmp/FeCoNiPdPt_CE_fc2lj8yk/FeCoNiPdPt_CE/fcc100/data/structures/1965.cif,0.08340446166666605,slab100,54,108,54.0,0.08316003473702903,0.00024442692963702606,0.00024442692963702606,0.08254322629970451,0.0008612353669615463,0.0008612353669615463,fit
1966,/tmp/FeCoNiPdPt_CE_fc2lj8yk/FeCoNiPdPt_CE/fcc100/data/structures/1966.cif,0.10021575777777778,slab100,54,108,54.0,0.08959479735374436,0.010620960424033418,0.010620960424033418,0.08987990459026211,0.010335853187515662,0.010335853187515662,fit
1967,/tmp/FeCoNiPdPt_CE_fc2lj8yk/FeCoNiPdPt_CE/fcc100/data/structures/1967.cif,0.08545309037037054,slab100,54,108,54.0,0.08288636954059947,0.002566720829771066,0.002566720829771066,0.08109873116019814,0.0043543592101723955,0.0043543592101723955,fit
1968,/tmp/FeCoNiPdPt_CE_fc2lj8yk/FeCoNiPdPt_CE/fcc100/data/structures/1968.cif,0.10365372814814788,slab100,54,108,54.0,0.1138725055768958,-0.01021877742874791,0.01021877742874791,0.11498763752698149,-0.011333909378833606,0.011333909378833606,fit
1969,/tmp/FeCoNiPdPt_CE_fc2lj8yk/FeCoNiPdPt_CE/fcc100/data/structures/1969.cif,0.08789545296296335,slab100,54,108,54.0,0.0884735683266965,-0.0005781153637331587,0.0005781153637331587,0.0891379020443852,-0.001242449081421848,0.001242449081421848,fit
1970,/tmp/FeCoNiPdPt_CE_fc2lj8yk/FeCoNiPdPt_CE/fcc100/data/structures/1970.cif,0.10143199055555543,slab100,54,108,54.0,0.10209608890235955,-0.0006640983468041151,0.0006640983468041151,0.10220092878657598,-0.0007689382310205467,0.0007689382310205467,fit
1971,/tmp/FeCoNiPdPt_CE_fc2lj8yk/FeCoNiPdPt_CE/fcc100/data/structures/1971.cif,0.09158722796296262,slab100,54,108,54.0,0.0940558430697894,-0.002468615106826777,0.002468615106826777,0.09731953333417073,-0.005732305371208113,0.005732305371208113,holdout
1972,/tmp/FeCoNiPdPt_CE_fc2lj8yk/FeCoNiPdPt_CE/fcc100/data/structures/1972.cif,0.09075292925925914,slab100,54,108,54.0,0.09694415189008265,-0.006191222630823515,0.006191222630823515,0.09841001239276319,-0.00765708313350405,0.00765708313350405,fit
1973,/tmp/FeCoNiPdPt_CE_fc2lj8yk/FeCoNiPdPt_CE/fcc100/data/structures/1973.cif,0.10123691851851883,slab100,54,108,54.0,0.09602272608278326,0.005214192435735579,0.005214192435735579,0.09569915046360632,0.0055377680549125174,0.0055377680549125174,fit
1974,/tmp/FeCoNiPdPt_CE_fc2lj8yk/FeCoNiPdPt_CE/fcc100/data/structures/1974.cif,0.09991089944444474,slab100,54,108,54.0,0.09807193409976037,0.0018389653446843762,0.0018389653446843762,0.09774417846747394,0.002166720976970807,0.002166720976970807,fit
1975,/tmp/FeCoNiPdPt_CE_fc2lj8yk/FeCoNiPdPt_CE/fcc100/data/structures/1975.cif,0.0967227227777772,slab100,54,108,54.0,0.09868212485682284,-0.001959402079045644,0.001959402079045644,0.09901869431877469,-0.0022959715409974907,0.0022959715409974907,holdout
1976,/tmp/FeCoNiPdPt_CE_fc2lj8yk/FeCoNiPdPt_CE/fcc100/data/structures/1976.cif,0.10225945129629584,slab100,54,108,54.0,0.09767545364543642,0.004583997650859414,0.004583997650859414,0.09754026651636255,0.004719184779933286,0.004719184779933286,fit
1977,/tmp/FeCoNiPdPt_CE_fc2lj8yk/FeCoNiPdPt_CE/fcc100/data/structures/1977.cif,0.08072099314814754,slab100,54,108,54.0,0.0879464514522196,-0.007225458304072063,0.007225458304072063,0.08784395382240687,-0.0071229606742593266,0.0071229606742593266,fit
1978,/tmp/FeCoNiPdPt_CE_fc2lj8yk/FeCoNiPdPt_CE/fcc100/data/structures/1978.cif,0.09640476018518555,slab100,54,108,54.0,0.08649535681258157,0.009909403372603987,0.009909403372603987,0.08621283148676721,0.01019192869841834,0.01019192869841834,fit
1979,/tmp/FeCoNiPdPt_CE_fc2lj8yk/FeCoNiPdPt_CE/fcc100/data/structures/1979.cif,0.08827302907407439,slab100,54,108,54.0,0.08048531188777898,0.007787717186295409,0.007787717186295409,0.08006396447141163,0.008209064602662755,0.008209064602662755,fit
1980,/tmp/FeCoNiPdPt_CE_fc2lj8yk/FeCoNiPdPt_CE/fcc100/data/structures/1980.cif,0.07632772611111073,slab100,54,108,54.0,0.0815483344031423,-0.005220608292031567,0.005220608292031567,0.08267121030770401,-0.00634348419659328,0.00634348419659328,fit
1981,/tmp/FeCoNiPdPt_CE_fc2lj8yk/FeCoNiPdPt_CE/fcc100/data/structures/1981.cif,0.08147731722222265,slab100,54,108,54.0,0.07263578374700998,0.008841533475212673,0.008841533475212673,0.0727608965927156,0.008716420629507046,0.008716420629507046,fit
1982,/tmp/FeCoNiPdPt_CE_fc2lj8yk/FeCoNiPdPt_CE/fcc100/data/structures/1982.cif,0.09907288888888914,slab100,54,108,54.0,0.09632842856360103,0.002744460325288106,0.002744460325288106,0.09712778732650455,0.001945101562384588,0.001945101562384588,fit
1983,/tmp/FeCoNiPdPt_CE_fc2lj8yk/FeCoNiPdPt_CE/fcc100/data/structures/1983.cif,0.08324267796296293,slab100,54,108,54.0,0.07866562475430204,0.004577053208660892,0.004577053208660892,0.07799789261635023,0.005244785346612699,0.005244785346612699,fit
1984,/tmp/FeCoNiPdPt_CE_fc2lj8yk/FeCoNiPdPt_CE/fcc100/data/structures/1984.cif,0.09273652351851806,slab100,54,108,54.0,0.09834088148787797,-0.005604357969359902,0.005604357969359902,0.09898440262260437,-0.006247879104086307,0.006247879104086307,fit
1985,/tmp/FeCoNiPdPt_CE_fc2lj8yk/FeCoNiPdPt_CE/fcc100/data/structures/1985.cif,0.09826218555555552,slab100,54,108,54.0,0.08728592375888428,0.010976261796671244,0.010976261796671244,0.08697251012252213,0.011289675433033386,0.011289675433033386,fit
1986,/tmp/FeCoNiPdPt_CE_fc2lj8yk/FeCoNiPdPt_CE/fcc100/data/structures/1986.cif,0.0813227770370367,slab100,54,108,54.0,0.08780623726958149,-0.006483460232544785,0.006483460232544785,0.0893637024948318,-0.008040925457795098,0.008040925457795098,fit
1987,/tmp/FeCoNiPdPt_CE_fc2lj8yk/FeCoNiPdPt_CE/fcc100/data/structures/1987.cif,0.07048138425925866,slab100,54,108,54.0,0.07043931614898248,4.206811027618329e-05,4.206811027618329e-05,0.07009538493219153,0.00038599932706713524,0.00038599932706713524,holdout
1988,/tmp/FeCoNiPdPt_CE_fc2lj8yk/FeCoNiPdPt_CE/fcc100/data/structures/1988.cif,0.11092108907407418,slab100,54,108,54.0,0.10802217172712412,0.002898917346950053,0.002898917346950053,0.1073229241161165,0.0035981649579576724,0.0035981649579576724,fit
1989,/tmp/FeCoNiPdPt_CE_fc2lj8yk/FeCoNiPdPt_CE/fcc100/data/structures/1989.cif,0.09076858203703687,slab100,54,108,54.0,0.0824665873203312,0.008301994716705674,0.008301994716705674,0.08427099576554078,0.006497586271496089,0.006497586271496089,fit
1990,/tmp/FeCoNiPdPt_CE_fc2lj8yk/FeCoNiPdPt_CE/fcc100/data/structures/1990.cif,0.09031982740740706,slab100,54,108,54.0,0.08932400410957121,0.0009958232978358461,0.0009958232978358461,0.08977725442441432,0.0005425729829927339,0.0005425729829927339,fit
1991,/tmp/FeCoNiPdPt_CE_fc2lj8yk/FeCoNiPdPt_CE/fcc100/data/structures/1991.cif,0.08740596759259199,slab100,54,108,54.0,0.10334854886299515,-0.015942581270403156,0.015942581270403156,0.10279071503947629,-0.015384747446884298,0.015384747446884298,fit
1992,/tmp/FeCoNiPdPt_CE_fc2lj8yk/FeCoNiPdPt_CE/fcc100/data/structures/1992.cif,0.09454805722222238,slab100,54,108,54.0,0.09973985045826454,-0.005191793236042158,0.005191793236042158,0.10004644424268408,-0.005498387020461695,0.005498387020461695,fit
1993,/tmp/FeCoNiPdPt_CE_fc2lj8yk/FeCoNiPdPt_CE/fcc100/data/structures/1993.cif,0.11013721574074069,slab100,54,108,54.0,0.09642831364527438,0.01370890209546631,0.01370890209546631,0.09594093256054528,0.014196283180195404,0.014196283180195404,fit
1994,/tmp/FeCoNiPdPt_CE_fc2lj8yk/FeCoNiPdPt_CE/fcc100/data/structures/1994.cif,0.13927185000000009,slab100,54,108,54.0,0.1409231804782958,-0.001651330478295715,0.001651330478295715,0.139486839028893,-0.0002149890288929146,0.0002149890288929146,fit
1995,/tmp/FeCoNiPdPt_CE_fc2lj8yk/FeCoNiPdPt_CE/fcc100/data/structures/1995.cif,0.10962083388888867,slab100,54,108,54.0,0.10421966858223418,0.005401165306654493,0.005401165306654493,0.10423202586406469,0.005388808024823985,0.005388808024823985,fit
1996,/tmp/FeCoNiPdPt_CE_fc2lj8yk/FeCoNiPdPt_CE/fcc100/data/structures/1996.cif,0.1010172549999995,slab100,54,108,54.0,0.09404593877126095,0.006971316228738547,0.006971316228738547,0.0939446882682899,0.007072566731709598,0.007072566731709598,fit
1997,/tmp/FeCoNiPdPt_CE_fc2lj8yk/FeCoNiPdPt_CE/fcc100/data/structures/1997.cif,0.08629831092592558,slab100,54,108,54.0,0.09184874992340675,-0.005550438997481172,0.005550438997481172,0.09200583015025086,-0.005707519224325289,0.005707519224325289,fit
1998,/tmp/FeCoNiPdPt_CE_fc2lj8yk/FeCoNiPdPt_CE/fcc100/data/structures/1998.cif,0.08113337444444403,slab100,54,108,54.0,0.08143326347937188,-0.0002998890349278499,0.0002998890349278499,0.08189370978002831,-0.0007603353355842835,0.0007603353355842835,fit
1999,/tmp/FeCoNiPdPt_CE_fc2lj8yk/FeCoNiPdPt_CE/fcc100/data/structures/1999.cif,0.08844116611111177,slab100,54,108,54.0,0.09589607358504053,-0.007454907473928754,0.007454907473928754,0.09669526618994459,-0.008254100078832816,0.008254100078832816,fit
2000,/tmp/FeCoNiPdPt_CE_fc2lj8yk/FeCoNiPdPt_CE/fcc100/data/structures/2000.cif,0.07453700462962981,slab100,54,108,54.0,0.07366742639595493,0.0008695782336748809,0.0008695782336748809,0.07325974665544006,0.0012772579741897466,0.0012772579741897466,fit
2001,/tmp/FeCoNiPdPt_CE_fc2lj8yk/FeCoNiPdPt_CE/fcc100/data/structures/2001.cif,0.08504293092592631,slab100,54,108,54.0,0.07799464167669118,0.007048289249235132,0.007048289249235132,0.07807838089010712,0.006964550035819195,0.006964550035819195,fit
2002,/tmp/FeCoNiPdPt_CE_fc2lj8yk/FeCoNiPdPt_CE/fcc100/data/structures/2002.cif,0.0891169183333339,slab100,54,108,54.0,0.08550079244907467,0.003616125884259233,0.003616125884259233,0.08581148934142156,0.003305428991912343,0.003305428991912343,holdout
2003,/tmp/FeCoNiPdPt_CE_fc2lj8yk/FeCoNiPdPt_CE/fcc100/data/structures/2003.cif,0.08877006925925983,slab100,54,108,54.0,0.08507960003733767,0.003690469221922163,0.003690469221922163,0.08527458943177124,0.0034954798274885873,0.0034954798274885873,fit
2004,/tmp/FeCoNiPdPt_CE_fc2lj8yk/FeCoNiPdPt_CE/fcc100/data/structures/2004.cif,0.07638710703703724,slab100,54,108,54.0,0.07752652800959811,-0.0011394209725608673,0.0011394209725608673,0.07836825761117211,-0.0019811505741348656,0.0019811505741348656,holdout
2005,/tmp/FeCoNiPdPt_CE_fc2lj8yk/FeCoNiPdPt_CE/fcc100/data/structures/2005.cif,0.07738393851851845,slab100,54,108,54.0,0.0856082442526147,-0.008224305734096257,0.008224305734096257,0.08380037775737698,-0.006416439238858526,0.006416439238858526,fit
2006,/tmp/FeCoNiPdPt_CE_fc2lj8yk/FeCoNiPdPt_CE/fcc100/data/structures/2006.cif,0.0898249035185188,slab100,54,108,54.0,0.08517343358272274,0.004651469935796057,0.004651469935796057,0.08491613263580626,0.004908770882712535,0.004908770882712535,fit
2007,/tmp/FeCoNiPdPt_CE_fc2lj8yk/FeCoNiPdPt_CE/fcc100/data/structures/2007.cif,0.09035863333333426,slab100,54,108,54.0,0.081894953515854,0.008463679817480252,0.008463679817480252,0.08201095206726963,0.008347681266064624,0.008347681266064624,fit
2008,/tmp/FeCoNiPdPt_CE_fc2lj8yk/FeCoNiPdPt_CE/fcc100/data/structures/2008.cif,0.07654131962962968,slab100,54,108,54.0,0.07190597635244064,0.004635343277189036,0.004635343277189036,0.07161809655484223,0.0049232230747874445,0.0049232230747874445,fit
2009,/tmp/FeCoNiPdPt_CE_fc2lj8yk/FeCoNiPdPt_CE/fcc100/data/structures/2009.cif,0.09023474870370395,slab100,54,108,54.0,0.08196180732870036,0.00827294137500359,0.00827294137500359,0.08142958773417344,0.008805160969530504,0.008805160969530504,fit
2010,/tmp/FeCoNiPdPt_CE_fc2lj8yk/FeCoNiPdPt_CE/fcc100/data/structures/2010.cif,0.08456590148148174,slab100,54,108,54.0,0.08117029022683589,0.003395611254645853,0.003395611254645853,0.08114784069096857,0.0034180607905131694,0.0034180607905131694,holdout
2011,/tmp/FeCoNiPdPt_CE_fc2lj8yk/FeCoNiPdPt_CE/fcc100/data/structures/2011.cif,0.08402967999999991,slab100,54,108,54.0,0.09016558422447052,-0.006135904224470606,0.006135904224470606,0.09097404298186444,-0.00694436298186453,0.00694436298186453,fit
2012,/tmp/FeCoNiPdPt_CE_fc2lj8yk/FeCoNiPdPt_CE/fcc100/data/structures/2012.cif,0.07491643425925919,slab100,54,108,54.0,0.06734527759920625,0.007571156660052938,0.007571156660052938,0.06808714312710222,0.006829291132156967,0.006829291132156967,fit
2013,/tmp/FeCoNiPdPt_CE_fc2lj8yk/FeCoNiPdPt_CE/fcc100/data/structures/2013.cif,0.07670108425925916,slab100,54,108,54.0,0.06768878142255075,0.00901230283670841,0.00901230283670841,0.06877213133864604,0.007928952920613117,0.007928952920613117,fit
2014,/tmp/FeCoNiPdPt_CE_fc2lj8yk/FeCoNiPdPt_CE/fcc100/data/structures/2014.cif,0.08225418925925965,slab100,54,108,54.0,0.06175430303500719,0.02049988622425246,0.02049988622425246,0.06259595349599396,0.019658235763265683,0.019658235763265683,fit
2015,/tmp/FeCoNiPdPt_CE_fc2lj8yk/FeCoNiPdPt_CE/fcc100/data/structures/2015.cif,0.08836016000000031,slab100,54,108,54.0,0.08846767754989307,-0.00010751754989275775,0.00010751754989275775,0.08736354003758925,0.0009966199624110578,0.0009966199624110578,fit
2016,/tmp/FeCoNiPdPt_CE_fc2lj8yk/FeCoNiPdPt_CE/fcc100/data/structures/2016.cif,0.07418655148148164,slab100,54,108,54.0,0.06272698344421665,0.011459568037264986,0.011459568037264986,0.06381173921360266,0.01037481226787898,0.01037481226787898,fit
2017,/tmp/FeCoNiPdPt_CE_fc2lj8yk/FeCoNiPdPt_CE/fcc100/data/structures/2017.cif,0.0706313766666666,slab100,54,108,54.0,0.10794904326202123,-0.037317666595354626,0.037317666595354626,0.10761588658707119,-0.036984509920404585,0.036984509920404585,fit
2018,/tmp/FeCoNiPdPt_CE_fc2lj8yk/FeCoNiPdPt_CE/fcc100/data/structures/2018.cif,0.07955767500000009,slab100,54,108,54.0,0.08579888465355713,-0.006241209653557039,0.006241209653557039,0.08520357120309183,-0.005645896203091735,0.005645896203091735,fit
2019,/tmp/FeCoNiPdPt_CE_fc2lj8yk/FeCoNiPdPt_CE/fcc100/data/structures/2019.cif,0.08456259296296291,slab100,54,108,54.0,0.09496805198115668,-0.010405459018193772,0.010405459018193772,0.09694049912120575,-0.012377906158242843,0.012377906158242843,fit
2020,/tmp/FeCoNiPdPt_CE_fc2lj8yk/FeCoNiPdPt_CE/fcc100/data/structures/2020.cif,0.08226582185185259,slab100,54,108,54.0,0.09283641206485381,-0.010570590213001219,0.010570590213001219,0.09219371332818455,-0.009927891476331954,0.009927891476331954,fit
2021,/tmp/FeCoNiPdPt_CE_fc2lj8yk/FeCoNiPdPt_CE/fcc100/data/structures/2021.cif,0.07317864925925976,slab100,54,108,54.0,0.057343664461488614,0.01583498479777115,0.01583498479777115,0.05878534601926548,0.014393303239994285,0.014393303239994285,fit
2022,/tmp/FeCoNiPdPt_CE_fc2lj8yk/FeCoNiPdPt_CE/fcc100/data/structures/2022.cif,0.061413470925925945,slab100,54,108,54.0,0.04803177946196008,0.013381691463965867,0.013381691463965867,0.04988044782655064,0.011533023099375303,0.011533023099375303,fit
2023,/tmp/FeCoNiPdPt_CE_fc2lj8yk/FeCoNiPdPt_CE/fcc100/data/structures/2023.cif,0.09842015055555622,slab100,54,108,54.0,0.10705852979905395,-0.008638379243497724,0.008638379243497724,0.10796931180594012,-0.009549161250383895,0.009549161250383895,fit
2024,/tmp/FeCoNiPdPt_CE_fc2lj8yk/FeCoNiPdPt_CE/fcc100/data/structures/2024.cif,0.09297257759259289,slab100,54,108,54.0,0.08769859334879675,0.005273984243796145,0.005273984243796145,0.08784872485338177,0.005123852739211121,0.005123852739211121,fit
2025,/tmp/FeCoNiPdPt_CE_fc2lj8yk/FeCoNiPdPt_CE/fcc100/data/structures/2025.cif,0.08526351537037052,slab100,54,108,54.0,0.08652994911069617,-0.0012664337403256454,0.0012664337403256454,0.08691617688142916,-0.0016526615110586396,0.0016526615110586396,fit
2026,/tmp/FeCoNiPdPt_CE_fc2lj8yk/FeCoNiPdPt_CE/fcc100/data/structures/2026.cif,0.08681731518518526,slab100,54,108,54.0,0.09506651657459907,-0.008249201389413804,0.008249201389413804,0.09521487043323196,-0.008397555248046695,0.008397555248046695,fit
2027,/tmp/FeCoNiPdPt_CE_fc2lj8yk/FeCoNiPdPt_CE/fcc100/data/structures/2027.cif,0.09253287333333383,slab100,54,108,54.0,0.08897497919906655,0.0035578941342672837,0.0035578941342672837,0.08947433431677594,0.003058539016557893,0.003058539016557893,fit
2028,/tmp/FeCoNiPdPt_CE_fc2lj8yk/FeCoNiPdPt_CE/fcc100/data/structures/2028.cif,0.08495338796296366,slab100,54,108,54.0,0.08946762072673266,-0.004514232763768999,0.004514232763768999,0.08954144216746332,-0.004588054204499661,0.004588054204499661,fit
2029,/tmp/FeCoNiPdPt_CE_fc2lj8yk/FeCoNiPdPt_CE/fcc100/data/structures/2029.cif,0.11817960814814839,slab100,54,108,54.0,0.1279485748048088,-0.009768966656660424,0.009768966656660424,0.12812400456633552,-0.009944396418187132,0.009944396418187132,fit
2030,/tmp/FeCoNiPdPt_CE_fc2lj8yk/FeCoNiPdPt_CE/fcc100/data/structures/2030.cif,0.07431731111111196,slab100,54,108,54.0,0.08861411464242043,-0.014296803531308466,0.014296803531308466,0.08841922981054319,-0.014101918699431226,0.014101918699431226,fit
2031,/tmp/FeCoNiPdPt_CE_fc2lj8yk/FeCoNiPdPt_CE/fcc100/data/structures/2031.cif,0.07794955129629691,slab100,54,108,54.0,0.08709557494121441,-0.009146023644917498,0.009146023644917498,0.08755921323421098,-0.009609661937914071,0.009609661937914071,fit
2032,/tmp/FeCoNiPdPt_CE_fc2lj8yk/FeCoNiPdPt_CE/fcc100/data/structures/2032.cif,0.06948984592592658,slab100,54,108,54.0,0.06025649608370494,0.009233349842221641,0.009233349842221641,0.05968748976047182,0.00980235616545476,0.00980235616545476,fit
2033,/tmp/FeCoNiPdPt_CE_fc2lj8yk/FeCoNiPdPt_CE/fcc100/data/structures/2033.cif,0.08054633537037043,slab100,54,108,54.0,0.08755769351335883,-0.007011358142988408,0.007011358142988408,0.0881038485656349,-0.007557513195264473,0.007557513195264473,fit
2034,/tmp/FeCoNiPdPt_CE_fc2lj8yk/FeCoNiPdPt_CE/fcc100/data/structures/2034.cif,0.06391561777777854,slab100,54,108,54.0,0.0724791217882638,-0.008563504010485251,0.008563504010485251,0.07155465188941267,-0.0076390341116341215,0.0076390341116341215,fit
2035,/tmp/FeCoNiPdPt_CE_fc2lj8yk/FeCoNiPdPt_CE/fcc100/data/structures/2035.cif,0.0897987092592595,slab100,54,108,54.0,0.09047315362405409,-0.0006744443647945936,0.0006744443647945936,0.09031114238434207,-0.0005124331250825759,0.0005124331250825759,holdout
2036,/tmp/FeCoNiPdPt_CE_fc2lj8yk/FeCoNiPdPt_CE/fcc100/data/structures/2036.cif,0.09822080518518587,slab100,54,108,54.0,0.08560781111658781,0.01261299406859806,0.01261299406859806,0.08362888696950779,0.014591918215678082,0.014591918215678082,holdout
2037,/tmp/FeCoNiPdPt_CE_fc2lj8yk/FeCoNiPdPt_CE/fcc100/data/structures/2037.cif,0.08256731981481485,slab100,54,108,54.0,0.08326141651549535,-0.000694096700680491,0.000694096700680491,0.08329427246034747,-0.0007269526455326164,0.0007269526455326164,fit
2038,/tmp/FeCoNiPdPt_CE_fc2lj8yk/FeCoNiPdPt_CE/fcc100/data/structures/2038.cif,0.09405732833333344,slab100,54,108,54.0,0.11098726179862782,-0.01692993346529438,0.01692993346529438,0.11132054341077467,-0.017263215077441232,0.017263215077441232,fit
2039,/tmp/FeCoNiPdPt_CE_fc2lj8yk/FeCoNiPdPt_CE/fcc100/data/structures/2039.cif,0.10468412481481508,slab100,54,108,54.0,0.10538116498341286,-0.0006970401685977845,0.0006970401685977845,0.10644559274518627,-0.0017614679303711855,0.0017614679303711855,fit
2040,/tmp/FeCoNiPdPt_CE_fc2lj8yk/FeCoNiPdPt_CE/fcc100/data/structures/2040.cif,0.10019117296296279,slab100,54,108,54.0,0.09558980252444295,0.004601370438519839,0.004601370438519839,0.0971910487863417,0.0030001241766210857,0.0030001241766210857,fit
2041,/tmp/FeCoNiPdPt_CE_fc2lj8yk/FeCoNiPdPt_CE/fcc100/data/structures/2041.cif,0.10465933907407374,slab100,54,108,54.0,0.10409582206335173,0.0005635170107220061,0.0005635170107220061,0.10352897738219553,0.001130361691878204,0.001130361691878204,fit
2042,/tmp/FeCoNiPdPt_CE_fc2lj8yk/FeCoNiPdPt_CE/fcc100/data/structures/2042.cif,0.07815881111111123,slab100,54,108,54.0,0.07303716367052342,0.005121647440587809,0.005121647440587809,0.0719617931413104,0.006197017969800822,0.006197017969800822,fit
2043,/tmp/FeCoNiPdPt_CE_fc2lj8yk/FeCoNiPdPt_CE/fcc100/data/structures/2043.cif,0.097131663888889,slab100,54,108,54.0,0.11887262479750492,-0.021740960908615922,0.021740960908615922,0.117099028433604,-0.019967364544714997,0.019967364544714997,fit
2044,/tmp/FeCoNiPdPt_CE_fc2lj8yk/FeCoNiPdPt_CE/fcc100/data/structures/2044.cif,0.11255530370370345,slab100,54,108,54.0,0.10806547592738713,0.004489827776316319,0.004489827776316319,0.10794815380023906,0.0046071499034643915,0.0046071499034643915,fit
2045,/tmp/FeCoNiPdPt_CE_fc2lj8yk/FeCoNiPdPt_CE/fcc100/data/structures/2045.cif,0.0917707725925928,slab100,54,108,54.0,0.08899252317598978,0.0027782494166030125,0.0027782494166030125,0.08985169633447279,0.0019190762581200033,0.0019190762581200033,fit
2046,/tmp/FeCoNiPdPt_CE_fc2lj8yk/FeCoNiPdPt_CE/fcc100/data/structures/2046.cif,0.08001299648148154,slab100,54,108,54.0,0.09761603356277478,-0.017603037081293238,0.017603037081293238,0.09836087679793191,-0.018347880316450377,0.018347880316450377,fit
2047,/tmp/FeCoNiPdPt_CE_fc2lj8yk/FeCoNiPdPt_CE/fcc100/data/structures/2047.cif,0.09253684092592641,slab100,54,108,54.0,0.11173176006137385,-0.019194919135447436,0.019194919135447436,0.1111342285151757,-0.01859738758924928,0.01859738758924928,fit
2048,/tmp/FeCoNiPdPt_CE_fc2lj8yk/FeCoNiPdPt_CE/fcc100/data/structures/2048.cif,0.08586537629629679,slab100,54,108,54.0,0.0871931586642377,-0.0013277823679409134,0.0013277823679409134,0.08754221388404532,-0.0016768375877485309,0.0016768375877485309,fit
2049,/tmp/FeCoNiPdPt_CE_fc2lj8yk/FeCoNiPdPt_CE/fcc100/data/structures/2049.cif,0.09363020796296248,slab100,54,108,54.0,0.0901956837565573,0.003434524206405179,0.003434524206405179,0.09061069686425925,0.0030195110987032286,0.0030195110987032286,holdout
2050,/tmp/FeCoNiPdPt_CE_fc2lj8yk/FeCoNiPdPt_CE/fcc100/data/structures/2050.cif,0.08296377222222241,slab100,54,108,54.0,0.08930647656467351,-0.0063427043424511,0.0063427043424511,0.08951116392604559,-0.00654739170382318,0.00654739170382318,fit
2051,/tmp/FeCoNiPdPt_CE_fc2lj8yk/FeCoNiPdPt_CE/fcc100/data/structures/2051.cif,0.07394137074074028,slab100,54,108,54.0,0.062313475995804286,0.011627894744935995,0.011627894744935995,0.06373491664396891,0.010206454096771372,0.010206454096771372,fit
2052,/tmp/FeCoNiPdPt_CE_fc2lj8yk/FeCoNiPdPt_CE/fcc100/data/structures/2052.cif,0.06900956629629647,slab100,54,108,54.0,0.060252995881874556,0.008756570414421912,0.008756570414421912,0.06218175339829899,0.0068278128979974775,0.0068278128979974775,fit
2053,/tmp/FeCoNiPdPt_CE_fc2lj8yk/FeCoNiPdPt_CE/fcc100/data/structures/2053.cif,0.10477750740740796,slab100,54,108,54.0,0.12567132159925581,-0.020893814191847854,0.020893814191847854,0.12676279097229037,-0.021985283564882413,0.021985283564882413,fit
2054,/tmp/FeCoNiPdPt_CE_fc2lj8yk/FeCoNiPdPt_CE/fcc100/data/structures/2054.cif,0.11245023074074033,slab100,54,108,54.0,0.11163068912072929,0.0008195416200110356,0.0008195416200110356,0.11127587450833933,0.0011743562324010026,0.0011743562324010026,fit
2055,/tmp/FeCoNiPdPt_CE_fc2lj8yk/FeCoNiPdPt_CE/fcc100/data/structures/2055.cif,0.10980204888888857,slab100,54,108,54.0,0.11712986372865838,-0.007327814839769811,0.007327814839769811,0.11763416518047176,-0.007832116291583188,0.007832116291583188,fit
2056,/tmp/FeCoNiPdPt_CE_fc2lj8yk/FeCoNiPdPt_CE/fcc100/data/structures/2056.cif,0.08522325925925935,slab100,54,108,54.0,0.10149451023736353,-0.016271250978104182,0.016271250978104182,0.10167036605191203,-0.016447106792652683,0.016447106792652683,fit
2057,/tmp/FeCoNiPdPt_CE_fc2lj8yk/FeCoNiPdPt_CE/fcc100/data/structures/2057.cif,0.10328572537037067,slab100,54,108,54.0,0.1099496809483108,-0.0066639555779401255,0.0066639555779401255,0.11108459332850176,-0.007798867958131089,0.007798867958131089,holdout
2058,/tmp/FeCoNiPdPt_CE_fc2lj8yk/FeCoNiPdPt_CE/fcc100/data/structures/2058.cif,0.08725522907407371,slab100,54,108,54.0,0.10744738148813723,-0.020192152414063524,0.020192152414063524,0.1081896340836563,-0.020934405009582588,0.020934405009582588,fit
2059,/tmp/FeCoNiPdPt_CE_fc2lj8yk/FeCoNiPdPt_CE/fcc100/data/structures/2059.cif,0.09431990537036991,slab100,54,108,54.0,0.09935487397921407,-0.005034968608844156,0.005034968608844156,0.10018444081718132,-0.005864535446811411,0.005864535446811411,fit
2060,/tmp/FeCoNiPdPt_CE_fc2lj8yk/FeCoNiPdPt_CE/fcc100/data/structures/2060.cif,0.0961746683333331,slab100,54,108,54.0,0.10761160451354163,-0.011436936180208523,0.011436936180208523,0.10729757029243911,-0.011122901959106007,0.011122901959106007,fit
2061,/tmp/FeCoNiPdPt_CE_fc2lj8yk/FeCoNiPdPt_CE/fcc100/data/structures/2061.cif,0.10607681222222183,slab100,54,108,54.0,0.11187492748541687,-0.005798115263195042,0.005798115263195042,0.11211232207200594,-0.0060355098497841125,0.0060355098497841125,fit
2062,/tmp/FeCoNiPdPt_CE_fc2lj8yk/FeCoNiPdPt_CE/fcc100/data/structures/2062.cif,0.08204295833333378,slab100,54,108,54.0,0.09044259970767479,-0.008399641374341016,0.008399641374341016,0.09225273080546763,-0.010209772472133852,0.010209772472133852,holdout
2063,/tmp/FeCoNiPdPt_CE_fc2lj8yk/FeCoNiPdPt_CE/fcc100/data/structures/2063.cif,0.15025041240740697,slab100,54,108,54.0,0.18341291710680857,-0.0331625046994016,0.0331625046994016,0.1841800233473427,-0.03392961093993574,0.03392961093993574,fit
2064,/tmp/FeCoNiPdPt_CE_fc2lj8yk/FeCoNiPdPt_CE/fcc100/data/structures/2064.cif,0.09128405944444487,slab100,54,108,54.0,0.08043664394812625,0.010847415496318624,0.010847415496318624,0.08171669818917188,0.009567361255272994,0.009567361255272994,fit
2065,/tmp/FeCoNiPdPt_CE_fc2lj8yk/FeCoNiPdPt_CE/fcc100/data/structures/2065.cif,0.09753436370370402,slab100,54,108,54.0,0.10432929766273658,-0.006794933959032551,0.006794933959032551,0.10569780502928988,-0.008163441325585857,0.008163441325585857,fit
2066,/tmp/FeCoNiPdPt_CE_fc2lj8yk/FeCoNiPdPt_CE/fcc100/data/structures/2066.cif,0.08032915018518515,slab100,54,108,54.0,0.08132270939265807,-0.0009935592074729188,0.0009935592074729188,0.08221483623510509,-0.0018856860499199407,0.0018856860499199407,holdout
2067,/tmp/FeCoNiPdPt_CE_fc2lj8yk/FeCoNiPdPt_CE/fcc100/data/structures/2067.cif,0.10478572944444409,slab100,54,108,54.0,0.10012310518757601,0.004662624256868073,0.004662624256868073,0.10079583253732832,0.003989896907115764,0.003989896907115764,fit
2068,/tmp/FeCoNiPdPt_CE_fc2lj8yk/FeCoNiPdPt_CE/fcc100/data/structures/2068.cif,0.0979215253703703,slab100,54,108,54.0,0.0949049659089148,0.003016559461455501,0.003016559461455501,0.09337559519321598,0.004545930177154323,0.004545930177154323,fit
2069,/tmp/FeCoNiPdPt_CE_fc2lj8yk/FeCoNiPdPt_CE/fcc100/data/structures/2069.cif,0.10754967148148109,slab100,54,108,54.0,0.10364618472012363,0.003903486761357461,0.003903486761357461,0.10368588972757983,0.0038637817539012576,0.0038637817539012576,fit
2070,/tmp/FeCoNiPdPt_CE_fc2lj8yk/FeCoNiPdPt_CE/fcc100/data/structures/2070.cif,0.06781079759259283,slab100,54,108,54.0,0.06805639903968998,-0.00024560144709714904,0.00024560144709714904,0.06863625454056815,-0.0008254569479753254,0.0008254569479753254,fit
2071,/tmp/FeCoNiPdPt_CE_fc2lj8yk/FeCoNiPdPt_CE/fcc100/data/structures/2071.cif,0.09140033203703662,slab100,54,108,54.0,0.10007098990232499,-0.008670657865288367,0.008670657865288367,0.09995311476187917,-0.008552782724842542,0.008552782724842542,fit
2072,/tmp/FeCoNiPdPt_CE_fc2lj8yk/FeCoNiPdPt_CE/fcc100/data/structures/2072.cif,0.09980494870370332,slab100,54,108,54.0,0.09475486970558139,0.005050078998121932,0.005050078998121932,0.09563416349702084,0.004170785206682487,0.004170785206682487,fit
2073,/tmp/FeCoNiPdPt_CE_fc2lj8yk/FeCoNiPdPt_CE/fcc100/data/structures/2073.cif,0.1341045957407411,slab100,54,108,54.0,0.1503009227782543,-0.016196327037513197,0.016196327037513197,0.15178706055294383,-0.01768246481220273,0.01768246481220273,fit
2074,/tmp/FeCoNiPdPt_CE_fc2lj8yk/FeCoNiPdPt_CE/fcc100/data/structures/2074.cif,0.10334326314814798,slab100,54,108,54.0,0.09667260761992677,0.006670655528221214,0.006670655528221214,0.09571650486627685,0.007626758281871135,0.007626758281871135,fit
2075,/tmp/FeCoNiPdPt_CE_fc2lj8yk/FeCoNiPdPt_CE/fcc100/data/structures/2075.cif,0.09657106537037058,slab100,54,108,54.0,0.09816479318384354,-0.0015937278134729588,0.0015937278134729588,0.09834908880347432,-0.001778023433103737,0.001778023433103737,fit
2076,/tmp/FeCoNiPdPt_CE_fc2lj8yk/FeCoNiPdPt_CE/fcc100/data/structures/2076.cif,0.08253184814814765,slab100,54,108,54.0,0.07113102253429636,0.011400825613851293,0.011400825613851293,0.07227283673704016,0.010259011411107494,0.010259011411107494,fit
2077,/tmp/FeCoNiPdPt_CE_fc2lj8yk/FeCoNiPdPt_CE/fcc100/data/structures/2077.cif,0.10835357425925925,slab100,54,108,54.0,0.10815163308573984,0.00020194117351940433,0.00020194117351940433,0.11009023576738969,-0.001736661508130441,0.001736661508130441,fit
2078,/tmp/FeCoNiPdPt_CE_fc2lj8yk/FeCoNiPdPt_CE/fcc100/data/structures/2078.cif,0.10657994148148107,slab100,54,108,54.0,0.10722317110047655,-0.000643229618995475,0.000643229618995475,0.10727185996776892,-0.000691918486287843,0.000691918486287843,fit
2079,/tmp/FeCoNiPdPt_CE_fc2lj8yk/FeCoNiPdPt_CE/fcc100/data/structures/2079.cif,0.08154740888888846,slab100,54,108,54.0,0.07038021417406437,0.011167194714824094,0.011167194714824094,0.07019827212639285,0.011349136762495618,0.011349136762495618,fit
2080,/tmp/FeCoNiPdPt_CE_fc2lj8yk/FeCoNiPdPt_CE/fcc100/data/structures/2080.cif,0.06615765537037006,slab100,54,108,54.0,0.06735336538904002,-0.001195710018669957,0.001195710018669957,0.06808923063040165,-0.0019315752600315844,0.0019315752600315844,fit
2081,/tmp/FeCoNiPdPt_CE_fc2lj8yk/FeCoNiPdPt_CE/fcc100/data/structures/2081.cif,0.09815092444444383,slab100,54,108,54.0,0.09232031272195637,0.005830611722487458,0.005830611722487458,0.09466105679504211,0.0034898676494017206,0.0034898676494017206,fit
2082,/tmp/FeCoNiPdPt_CE_fc2lj8yk/FeCoNiPdPt_CE/fcc100/data/structures/2082.cif,0.0897371766666658,slab100,54,108,54.0,0.09139199223520443,-0.0016548155685386368,0.0016548155685386368,0.09263549645721972,-0.0028983197905539243,0.0028983197905539243,fit
2083,/tmp/FeCoNiPdPt_CE_fc2lj8yk/FeCoNiPdPt_CE/fcc100/data/structures/2083.cif,0.08865508444444424,slab100,54,108,54.0,0.10997803764424166,-0.02132295319979742,0.02132295319979742,0.10984785618923204,-0.0211927717447878,0.0211927717447878,fit
2084,/tmp/FeCoNiPdPt_CE_fc2lj8yk/FeCoNiPdPt_CE/fcc100/data/structures/2084.cif,0.0668673885185182,slab100,54,108,54.0,0.07459261406284275,-0.007725225544324546,0.007725225544324546,0.07424768272433227,-0.00738029420581407,0.00738029420581407,holdout
2085,/tmp/FeCoNiPdPt_CE_fc2lj8yk/FeCoNiPdPt_CE/fcc100/data/structures/2085.cif,0.09122763648148145,slab100,54,108,54.0,0.10059873258852423,-0.009371096107042773,0.009371096107042773,0.100894457660712,-0.009666821179230553,0.009666821179230553,fit
2086,/tmp/FeCoNiPdPt_CE_fc2lj8yk/FeCoNiPdPt_CE/fcc100/data/structures/2086.cif,0.08839802425925912,slab100,54,108,54.0,0.11110281713431837,-0.02270479287505925,0.02270479287505925,0.11181874918736207,-0.023420724928102946,0.023420724928102946,fit
2087,/tmp/FeCoNiPdPt_CE_fc2lj8yk/FeCoNiPdPt_CE/fcc100/data/structures/2087.cif,0.08906337851851837,slab100,54,108,54.0,0.07548305187034582,0.013580326648172547,0.013580326648172547,0.07712914571702595,0.011934232801492417,0.011934232801492417,fit
2088,/tmp/FeCoNiPdPt_CE_fc2lj8yk/FeCoNiPdPt_CE/fcc100/data/structures/2088.cif,0.0980417496296287,slab100,54,108,54.0,0.0982913864628862,-0.0002496368332575022,0.0002496368332575022,0.09859045030706218,-0.0005487006774334835,0.0005487006774334835,fit
2089,/tmp/FeCoNiPdPt_CE_fc2lj8yk/FeCoNiPdPt_CE/fcc100/data/structures/2089.cif,0.09137371944444374,slab100,54,108,54.0,0.10010152227500468,-0.008727802830560946,0.008727802830560946,0.10038497528984487,-0.009011255845401134,0.009011255845401134,fit
2090,/tmp/FeCoNiPdPt_CE_fc2lj8yk/FeCoNiPdPt_CE/fcc100/data/structures/2090.cif,0.09075474537036986,slab100,54,108,54.0,0.09783078742367486,-0.007076042053305004,0.007076042053305004,0.10107121366439166,-0.010316468294021802,0.010316468294021802,fit
2091,/tmp/FeCoNiPdPt_CE_fc2lj8yk/FeCoNiPdPt_CE/fcc100/data/structures/2091.cif,0.10580184907407404,slab100,54,108,54.0,0.11042651977948773,-0.004624670705413683,0.004624670705413683,0.11092827816391365,-0.00512642908983961,0.00512642908983961,fit
2092,/tmp/FeCoNiPdPt_CE_fc2lj8yk/FeCoNiPdPt_CE/fcc100/data/structures/2092.cif,0.0711418911111105,slab100,54,108,54.0,0.06528389677557364,0.0058579943355368536,0.0058579943355368536,0.06566633492489428,0.0054755561862162155,0.0054755561862162155,holdout
2093,/tmp/FeCoNiPdPt_CE_fc2lj8yk/FeCoNiPdPt_CE/fcc100/data/structures/2093.cif,0.08727758462962945,slab100,54,108,54.0,0.08905117427697487,-0.0017735896473454194,0.0017735896473454194,0.09144823502022166,-0.004170650390592209,0.004170650390592209,fit
2094,/tmp/FeCoNiPdPt_CE_fc2lj8yk/FeCoNiPdPt_CE/fcc100/data/structures/2094.cif,0.0822154046296288,slab100,54,108,54.0,0.08292916938470615,-0.0007137647550773535,0.0007137647550773535,0.08277233358225279,-0.0005569289526239918,0.0005569289526239918,fit
2095,/tmp/FeCoNiPdPt_CE_fc2lj8yk/FeCoNiPdPt_CE/fcc100/data/structures/2095.cif,0.08697916777777719,slab100,54,108,54.0,0.11539787086744953,-0.028418703089672342,0.028418703089672342,0.11552494770621993,-0.028545779928442747,0.028545779928442747,fit
2096,/tmp/FeCoNiPdPt_CE_fc2lj8yk/FeCoNiPdPt_CE/fcc100/data/structures/2096.cif,0.08897509185185173,slab100,54,108,54.0,0.08047033396574158,0.00850475788611016,0.00850475788611016,0.082008370335961,0.006966721515890728,0.006966721515890728,fit
2097,/tmp/FeCoNiPdPt_CE_fc2lj8yk/FeCoNiPdPt_CE/fcc100/data/structures/2097.cif,0.09828304037036951,slab100,54,108,54.0,0.08617821431103374,0.012104826059335771,0.012104826059335771,0.08764994297960953,0.010633097390759988,0.010633097390759988,fit
2098,/tmp/FeCoNiPdPt_CE_fc2lj8yk/FeCoNiPdPt_CE/fcc100/data/structures/2098.cif,0.088054005925925,slab100,54,108,54.0,0.09365213972080291,-0.005598133794877919,0.005598133794877919,0.09457286838509184,-0.006518862459166844,0.006518862459166844,fit
2099,/tmp/FeCoNiPdPt_CE_fc2lj8yk/FeCoNiPdPt_CE/fcc100/data/structures/2099.cif,0.09264648796296258,slab100,54,108,54.0,0.09652695765992991,-0.0038804696969673286,0.0038804696969673286,0.09716606326975184,-0.0045195753067892586,0.0045195753067892586,fit
2100,/tmp/FeCoNiPdPt_CE_fc2lj8yk/FeCoNiPdPt_CE/fcc100/data/structures/2100.cif,0.08664650629629549,slab100,54,108,54.0,0.0926882467394951,-0.00604174044319962,0.00604174044319962,0.09328571204765065,-0.006639205751355168,0.006639205751355168,fit
2101,/tmp/FeCoNiPdPt_CE_fc2lj8yk/FeCoNiPdPt_CE/fcc100/data/structures/2101.cif,0.11177857166666592,slab100,54,108,54.0,0.12908775189200283,-0.01730918022533691,0.01730918022533691,0.13106771506140086,-0.019289143394734934,0.019289143394734934,holdout
2102,/tmp/FeCoNiPdPt_CE_fc2lj8yk/FeCoNiPdPt_CE/fcc100/data/structures/2102.cif,0.07156458796296235,slab100,54,108,54.0,0.07104275693652363,0.0005218310264387127,0.0005218310264387127,0.07199367175561157,-0.0004290837926492208,0.0004290837926492208,fit
2103,/tmp/FeCoNiPdPt_CE_fc2lj8yk/FeCoNiPdPt_CE/fcc100/data/structures/2103.cif,0.07357397425925821,slab100,54,108,54.0,0.08125382756218966,-0.007679853302931444,0.007679853302931444,0.08328341190995195,-0.009709437650693736,0.009709437650693736,holdout
2104,/tmp/FeCoNiPdPt_CE_fc2lj8yk/FeCoNiPdPt_CE/fcc100/data/structures/2104.cif,0.05690010481481417,slab100,54,108,54.0,0.054444303110397815,0.002455801704416352,0.002455801704416352,0.05323714752414745,0.0036629572906667143,0.0036629572906667143,fit
2105,/tmp/FeCoNiPdPt_CE_fc2lj8yk/FeCoNiPdPt_CE/fcc100/data/structures/2105.cif,0.08060171814814773,slab100,54,108,54.0,0.09748079056810366,-0.016879072419955926,0.016879072419955926,0.09867799536619748,-0.018076277218049747,0.018076277218049747,fit
2106,/tmp/FeCoNiPdPt_CE_fc2lj8yk/FeCoNiPdPt_CE/fcc100/data/structures/2106.cif,0.06259999925925884,slab100,54,108,54.0,0.07376266332343107,-0.011162664064172226,0.011162664064172226,0.07672929458305576,-0.01412929532379692,0.01412929532379692,fit
2107,/tmp/FeCoNiPdPt_CE_fc2lj8yk/FeCoNiPdPt_CE/fcc100/data/structures/2107.cif,0.08682311499999981,slab100,54,108,54.0,0.10636801359241028,-0.019544898592410473,0.019544898592410473,0.10635883095548854,-0.019535715955488725,0.019535715955488725,fit
2108,/tmp/FeCoNiPdPt_CE_fc2lj8yk/FeCoNiPdPt_CE/fcc100/data/structures/2108.cif,0.078006503888888,slab100,54,108,54.0,0.08393531117654622,-0.005928807287658225,0.005928807287658225,0.08352206787395715,-0.005515563985069152,0.005515563985069152,fit
2109,/tmp/FeCoNiPdPt_CE_fc2lj8yk/FeCoNiPdPt_CE/fcc100/data/structures/2109.cif,0.09540719259259246,slab100,54,108,54.0,0.10251240654217711,-0.007105213949584646,0.007105213949584646,0.10213685326673361,-0.006729660674141144,0.006729660674141144,holdout
2110,/tmp/FeCoNiPdPt_CE_fc2lj8yk/FeCoNiPdPt_CE/fcc100/data/structures/2110.cif,0.0854522377777774,slab100,54,108,54.0,0.09554394479911643,-0.010091707021339033,0.010091707021339033,0.09634628908216443,-0.010894051304387031,0.010894051304387031,fit
2111,/tmp/FeCoNiPdPt_CE_fc2lj8yk/FeCoNiPdPt_CE/fcc100/data/structures/2111.cif,0.07893339944444346,slab100,54,108,54.0,0.07545952546550223,0.003473873978941222,0.003473873978941222,0.07509941687172583,0.003833982572717623,0.003833982572717623,fit
2112,/tmp/FeCoNiPdPt_CE_fc2lj8yk/FeCoNiPdPt_CE/fcc100/data/structures/2112.cif,0.06897966518518481,slab100,54,108,54.0,0.06405841364654581,0.004921251538638996,0.004921251538638996,0.06638857616838653,0.002591089016798276,0.002591089016798276,fit
2113,/tmp/FeCoNiPdPt_CE_fc2lj8yk/FeCoNiPdPt_CE/fcc100/data/structures/2113.cif,0.1006949868518516,slab100,54,108,54.0,0.09457122075109811,0.006123766100753492,0.006123766100753492,0.09653524740792299,0.004159739443928612,0.004159739443928612,fit
2114,/tmp/FeCoNiPdPt_CE_fc2lj8yk/FeCoNiPdPt_CE/fcc100/data/structures/2114.cif,0.09128761907407403,slab100,54,108,54.0,0.09429203796674704,-0.0030044188926730137,0.0030044188926730137,0.09401925490333254,-0.002731635829258519,0.002731635829258519,fit
2115,/tmp/FeCoNiPdPt_CE_fc2lj8yk/FeCoNiPdPt_CE/fcc100/data/structures/2115.cif,0.08296822055555497,slab100,54,108,54.0,0.08066876947302264,0.002299451082532336,0.002299451082532336,0.08007897676033293,0.0028892437952220407,0.0028892437952220407,fit
2116,/tmp/FeCoNiPdPt_CE_fc2lj8yk/FeCoNiPdPt_CE/fcc100/data/structures/2116.cif,0.07894618518518458,slab100,54,108,54.0,0.08183054292864178,-0.0028843577434572026,0.0028843577434572026,0.08245904861075098,-0.0035128634255664065,0.0035128634255664065,fit
2117,/tmp/FeCoNiPdPt_CE_fc2lj8yk/FeCoNiPdPt_CE/fcc100/data/structures/2117.cif,0.06080184425925844,slab100,54,108,54.0,0.04839858575222382,0.012403258507034623,0.012403258507034623,0.048259957470907985,0.012541886788350456,0.012541886788350456,fit
2118,/tmp/FeCoNiPdPt_CE_fc2lj8yk/FeCoNiPdPt_CE/fcc100/data/structures/2118.cif,0.08452224462962897,slab100,54,108,54.0,0.07709043515607834,0.007431809473550627,0.007431809473550627,0.07832253141327825,0.006199713216350725,0.006199713216350725,fit
