identifier,path,target,kind,n_metal,n_lattice,normalization_denominator,prediction,residual,absolute_error,validation_prediction,validation_residual,validation_absolute_error,split
0,/home/jinsookim/HEA_MC/FeCoNiPtPd_HER/cgcnn/100/add_data/results_dir/0.cif,-0.028297689687500238,bulk,32,32,32.0,-0.028358675286945904,6.098559944566623e-05,6.098559944566623e-05,-0.02809047571474234,-0.00020721397275789977,0.00020721397275789977,fit
1,/home/jinsookim/HEA_MC/FeCoNiPtPd_HER/cgcnn/100/add_data/results_dir/1.cif,-0.04416209687499961,bulk,32,32,32.0,-0.03864957614359253,-0.005512520731407081,0.005512520731407081,-0.04035926924591183,-0.0038028276290877835,0.0038028276290877835,fit
2,/home/jinsookim/HEA_MC/FeCoNiPtPd_HER/cgcnn/100/add_data/results_dir/2.cif,-0.05609643906250028,bulk,32,32,32.0,-0.07214887755492583,0.016052438492425547,0.016052438492425547,-0.06999938130600307,0.013902942243502789,0.013902942243502789,fit
3,/home/jinsookim/HEA_MC/FeCoNiPtPd_HER/cgcnn/100/add_data/results_dir/3.cif,-0.06481020499999968,bulk,32,32,32.0,-0.04819861777996175,-0.01661158722003793,0.01661158722003793,-0.04846931819176083,-0.01634088680823885,0.01634088680823885,fit
4,/home/jinsookim/HEA_MC/FeCoNiPtPd_HER/cgcnn/100/add_data/results_dir/4.cif,-0.08179324406250021,bulk,32,32,32.0,-0.08124933292900477,-0.000543911133495445,0.000543911133495445,-0.08248236469605899,0.0006891206335587763,0.0006891206335587763,fit
5,/home/jinsookim/HEA_MC/FeCoNiPtPd_HER/cgcnn/100/add_data/results_dir/5.cif,-0.06553184187499994,bulk,32,32,32.0,-0.04961119465612429,-0.01592064721887565,0.01592064721887565,-0.049330833281458555,-0.016201008593541386,0.016201008593541386,fit
6,/home/jinsookim/HEA_MC/FeCoNiPtPd_HER/cgcnn/100/add_data/results_dir/6.cif,-0.03967267250000006,bulk,32,32,32.0,-0.014390235285913822,-0.02528243721408624,0.02528243721408624,-0.012900909793822092,-0.026771762706177968,0.026771762706177968,fit
7,/home/jinsookim/HEA_MC/FeCoNiPtPd_HER/cgcnn/100/add_data/results_dir/7.cif,-0.054829518750000084,bulk,32,32,32.0,-0.02774716527254832,-0.027082353477451762,0.027082353477451762,-0.025968567915032666,-0.028860950834967418,0.028860950834967418,fit
8,/home/jinsookim/HEA_MC/FeCoNiPtPd_HER/cgcnn/100/add_data/results_dir/8.cif,-0.04628054312499952,bulk,32,32,32.0,-0.05493559620525776,0.00865505308025824,0.00865505308025824,-0.05569823006673588,0.009417686941736364,0.009417686941736364,fit
9,/home/jinsookim/HEA_MC/FeCoNiPtPd_HER/cgcnn/100/add_data/results_dir/9.cif,-0.047911892187499916,bulk,32,32,32.0,-0.0404375796990413,-0.007474312488458618,0.007474312488458618,-0.040396171235478825,-0.0075157209520210905,0.0075157209520210905,fit
10,/home/jinsookim/HEA_MC/FeCoNiPtPd_HER/cgcnn/100/add_data/results_dir/10.cif,-0.06157206843750007,bulk,32,32,32.0,-0.04516894700862397,-0.0164031214288761,0.0164031214288761,-0.046663175237191434,-0.014908893200308637,0.014908893200308637,fit
11,/home/jinsookim/HEA_MC/FeCoNiPtPd_HER/cgcnn/100/add_data/results_dir/11.cif,-0.07859635093749961,bulk,32,32,32.0,-0.07366040954716256,-0.004935941390337054,0.004935941390337054,-0.07388001285039085,-0.004716338087108765,0.004716338087108765,fit
12,/home/jinsookim/HEA_MC/FeCoNiPtPd_HER/cgcnn/100/add_data/results_dir/12.cif,-0.0623151703125,bulk,32,32,32.0,-0.061705821082774046,-0.0006093492297259556,0.0006093492297259556,-0.06097846708075199,-0.0013367032317480113,0.0013367032317480113,fit
13,/home/jinsookim/HEA_MC/FeCoNiPtPd_HER/cgcnn/100/add_data/results_dir/13.cif,-0.06589441781250027,bulk,32,32,32.0,-0.05035639952802769,-0.015538018284472585,0.015538018284472585,-0.04711352979722905,-0.018780888015271224,0.018780888015271224,holdout
14,/home/jinsookim/HEA_MC/FeCoNiPtPd_HER/cgcnn/100/add_data/results_dir/14.cif,-0.01903371875000026,bulk,32,32,32.0,-0.04082598278709305,0.021792264037092786,0.021792264037092786,-0.04486989206695537,0.025836173316955112,0.025836173316955112,holdout
15,/home/jinsookim/HEA_MC/FeCoNiPtPd_HER/cgcnn/100/add_data/results_dir/15.cif,0.08221234468750005,bulk,32,32,32.0,0.016444554621480017,0.06576779006602003,0.06576779006602003,0.015604312312001895,0.06660803237549816,0.06660803237549816,fit
16,/home/jinsookim/HEA_MC/FeCoNiPtPd_HER/cgcnn/100/add_data/results_dir/16.cif,-0.08394338156249948,bulk,32,32,32.0,-0.07359091921481963,-0.01035246234767985,0.01035246234767985,-0.0734481723643285,-0.010495209198170971,0.010495209198170971,fit
17,/home/jinsookim/HEA_MC/FeCoNiPtPd_HER/cgcnn/100/add_data/results_dir/17.cif,-0.059822348124999536,bulk,32,32,32.0,-0.04523910152235401,-0.014583246602645525,0.014583246602645525,-0.04536924438579344,-0.014453103739206094,0.014453103739206094,fit
18,/home/jinsookim/HEA_MC/FeCoNiPtPd_HER/cgcnn/100/add_data/results_dir/18.cif,-0.004509854687499981,bulk,32,32,32.0,-0.03892284721765193,0.03441299253015195,0.03441299253015195,-0.03832637184466207,0.033816517157162086,0.033816517157162086,fit
19,/home/jinsookim/HEA_MC/FeCoNiPtPd_HER/cgcnn/100/add_data/results_dir/19.cif,-0.07841004656250039,bulk,32,32,32.0,-0.07203346880412642,-0.006376577758373969,0.006376577758373969,-0.07024218241665495,-0.008167864145845444,0.008167864145845444,fit
20,/home/jinsookim/HEA_MC/FeCoNiPtPd_HER/cgcnn/100/add_data/results_dir/20.cif,-0.06736898531250013,bulk,32,32,32.0,-0.055716404864066975,-0.011652580448433154,0.011652580448433154,-0.05382312781367513,-0.013545857498824997,0.013545857498824997,holdout
21,/home/jinsookim/HEA_MC/FeCoNiPtPd_HER/cgcnn/100/add_data/results_dir/21.cif,0.025828195312500135,bulk,32,32,32.0,-0.025254375248278442,0.05108257056077858,0.05108257056077858,-0.027711010097500724,0.05353920541000086,0.05353920541000086,holdout
22,/home/jinsookim/HEA_MC/FeCoNiPtPd_HER/cgcnn/100/add_data/results_dir/22.cif,-0.05516046906250072,bulk,32,32,32.0,-0.04847815584963328,-0.006682313212867434,0.006682313212867434,-0.048908009563391176,-0.00625245949910954,0.00625245949910954,fit
23,/home/jinsookim/HEA_MC/FeCoNiPtPd_HER/cgcnn/100/add_data/results_dir/23.cif,-0.017895325937500317,bulk,32,32,32.0,-0.018407542555933607,0.0005122166184332901,0.0005122166184332901,-0.016549808714409704,-0.0013455172230906129,0.0013455172230906129,fit
24,/home/jinsookim/HEA_MC/FeCoNiPtPd_HER/cgcnn/100/add_data/results_dir/24.cif,-0.06317617843749979,bulk,32,32,32.0,-0.060382742734309096,-0.00279343570319069,0.00279343570319069,-0.06141976169243646,-0.0017564167450633272,0.0017564167450633272,fit
25,/home/jinsookim/HEA_MC/FeCoNiPtPd_HER/cgcnn/100/add_data/results_dir/25.cif,-0.04951581718750031,bulk,32,32,32.0,-0.019166421409531953,-0.030349395777968358,0.030349395777968358,-0.01866297303679803,-0.03085284415070228,0.03085284415070228,fit
26,/home/jinsookim/HEA_MC/FeCoNiPtPd_HER/cgcnn/100/add_data/results_dir/26.cif,-0.015517930625000176,bulk,32,32,32.0,-0.022127111171347594,0.006609180546347418,0.006609180546347418,-0.021809406336324864,0.006291475711324688,0.006291475711324688,fit
27,/home/jinsookim/HEA_MC/FeCoNiPtPd_HER/cgcnn/100/add_data/results_dir/27.cif,-0.033532909999999916,bulk,32,32,32.0,-0.028384868910096315,-0.005148041089903601,0.005148041089903601,-0.030390793275880908,-0.003142116724119008,0.003142116724119008,holdout
28,/home/jinsookim/HEA_MC/FeCoNiPtPd_HER/cgcnn/100/add_data/results_dir/28.cif,-0.08108511343750013,bulk,32,32,32.0,-0.056394395552815946,-0.024690717884684188,0.024690717884684188,-0.05566841378017163,-0.025416699657328505,0.025416699657328505,fit
29,/home/jinsookim/HEA_MC/FeCoNiPtPd_HER/cgcnn/100/add_data/results_dir/29.cif,-0.021132864687500863,bulk,32,32,32.0,-0.03715393996556897,0.016021075278068106,0.016021075278068106,-0.03445641614555965,0.013323551458058788,0.013323551458058788,fit
30,/home/jinsookim/HEA_MC/FeCoNiPtPd_HER/cgcnn/100/add_data/results_dir/30.cif,-0.04645163468750013,bulk,32,32,32.0,-0.02387228215723569,-0.02257935253026444,0.02257935253026444,-0.02254614426959963,-0.0239054904179005,0.0239054904179005,fit
31,/home/jinsookim/HEA_MC/FeCoNiPtPd_HER/cgcnn/100/add_data/results_dir/31.cif,-0.0698146387499996,bulk,32,32,32.0,-0.05619672109736316,-0.013617917652636445,0.013617917652636445,-0.0577801785458214,-0.012034460204178199,0.012034460204178199,fit
32,/home/jinsookim/HEA_MC/FeCoNiPtPd_HER/cgcnn/100/add_data/results_dir/32.cif,-0.06413769343749998,bulk,32,32,32.0,-0.05899770838681181,-0.005139985050688169,0.005139985050688169,-0.06258431939548134,-0.0015533740420186348,0.0015533740420186348,holdout
33,/home/jinsookim/HEA_MC/FeCoNiPtPd_HER/cgcnn/100/add_data/results_dir/33.cif,-0.03592786125000025,bulk,32,32,32.0,-0.03620625887111582,0.0002783976211155753,0.0002783976211155753,-0.03913974190479747,0.0032118806547972237,0.0032118806547972237,fit
34,/home/jinsookim/HEA_MC/FeCoNiPtPd_HER/cgcnn/100/add_data/results_dir/34.cif,-0.0493690546875003,bulk,32,32,32.0,-0.04086249371415977,-0.00850656097334053,0.00850656097334053,-0.04052382574269184,-0.008845228944808464,0.008845228944808464,holdout
35,/home/jinsookim/HEA_MC/FeCoNiPtPd_HER/cgcnn/100/add_data/results_dir/35.cif,-0.011054090312500264,bulk,32,32,32.0,-0.006270453874619806,-0.004783636437880458,0.004783636437880458,-0.007223214022643082,-0.003830876289857182,0.003830876289857182,fit
36,/home/jinsookim/HEA_MC/FeCoNiPtPd_HER/cgcnn/100/add_data/results_dir/36.cif,-0.05796609000000075,bulk,32,32,32.0,-0.05228421532611001,-0.005681874673890738,0.005681874673890738,-0.05337859802571174,-0.00458749197428901,0.00458749197428901,fit
37,/home/jinsookim/HEA_MC/FeCoNiPtPd_HER/cgcnn/100/add_data/results_dir/37.cif,0.026013584687500035,bulk,32,32,32.0,-0.01770583685744541,0.043719421544945444,0.043719421544945444,-0.015966103673642047,0.04197968836114208,0.04197968836114208,fit
38,/home/jinsookim/HEA_MC/FeCoNiPtPd_HER/cgcnn/100/add_data/results_dir/38.cif,-0.07991071874999989,bulk,32,32,32.0,-0.054740017592945896,-0.02517070115705399,0.02517070115705399,-0.054182463503318665,-0.025728255246681223,0.025728255246681223,fit
39,/home/jinsookim/HEA_MC/FeCoNiPtPd_HER/cgcnn/100/add_data/results_dir/39.cif,-0.07301160375000038,bulk,32,32,32.0,-0.06315400319721615,-0.00985760055278423,0.00985760055278423,-0.06255547202998045,-0.010456131720019926,0.010456131720019926,fit
40,/home/jinsookim/HEA_MC/FeCoNiPtPd_HER/cgcnn/100/add_data/results_dir/40.cif,-0.07499678624999984,bulk,32,32,32.0,-0.05848200527403724,-0.016514780975962595,0.016514780975962595,-0.05680818575652082,-0.018188600493479014,0.018188600493479014,holdout
41,/home/jinsookim/HEA_MC/FeCoNiPtPd_HER/cgcnn/100/add_data/results_dir/41.cif,-0.04227043437499933,bulk,32,32,32.0,-0.0512497439306341,0.008979309555634765,0.008979309555634765,-0.05008249148174843,0.0078120571067491,0.0078120571067491,fit
42,/home/jinsookim/HEA_MC/FeCoNiPtPd_HER/cgcnn/100/add_data/results_dir/42.cif,-0.06319106343749947,bulk,32,32,32.0,-0.049738583608937216,-0.013452479828562257,0.013452479828562257,-0.05020819653472683,-0.012982866902772644,0.012982866902772644,fit
43,/home/jinsookim/HEA_MC/FeCoNiPtPd_HER/cgcnn/100/add_data/results_dir/43.cif,-0.07207936906250012,bulk,32,32,32.0,-0.046116537888207895,-0.025962831174292225,0.025962831174292225,-0.04599961727766245,-0.026079751784837672,0.026079751784837672,fit
44,/home/jinsookim/HEA_MC/FeCoNiPtPd_HER/cgcnn/100/add_data/results_dir/44.cif,0.03160316156249987,bulk,32,32,32.0,-0.025412889282650092,0.05701605084514996,0.05701605084514996,-0.02405283524991403,0.0556559968124139,0.0556559968124139,fit
45,/home/jinsookim/HEA_MC/FeCoNiPtPd_HER/cgcnn/100/add_data/results_dir/45.cif,-0.0353250081250005,bulk,32,32,32.0,-0.012593968123809654,-0.022731040001190847,0.022731040001190847,-0.013446708698185279,-0.021878299426815222,0.021878299426815222,fit
46,/home/jinsookim/HEA_MC/FeCoNiPtPd_HER/cgcnn/100/add_data/results_dir/46.cif,-0.025731147812499522,bulk,32,32,32.0,-0.026127281189513858,0.0003961333770143363,0.0003961333770143363,-0.02457095474332414,-0.001160193069175381,0.001160193069175381,fit
47,/home/jinsookim/HEA_MC/FeCoNiPtPd_HER/cgcnn/100/add_data/results_dir/47.cif,-0.010689038749999824,bulk,32,32,32.0,-0.025965326604163976,0.015276287854164152,0.015276287854164152,-0.02590511412203089,0.015216075372031065,0.015216075372031065,holdout
48,/home/jinsookim/HEA_MC/FeCoNiPtPd_HER/cgcnn/100/add_data/results_dir/48.cif,0.012027742187500579,bulk,32,32,32.0,-0.02925893369341412,0.0412866758809147,0.0412866758809147,-0.029019337870611114,0.041047080058111696,0.041047080058111696,fit
49,/home/jinsookim/HEA_MC/FeCoNiPtPd_HER/cgcnn/100/add_data/results_dir/49.cif,0.06537327968749995,bulk,32,32,32.0,-0.02918173066266007,0.09455501035016002,0.09455501035016002,-0.02780501185509549,0.09317829154259544,0.09317829154259544,fit
50,/home/jinsookim/HEA_MC/FeCoNiPtPd_HER/cgcnn/100/add_data/results_dir/50.cif,-0.04724082781249983,bulk,32,32,32.0,-0.025625293590126955,-0.021615534222372876,0.021615534222372876,-0.024024086670363584,-0.023216741142136246,0.023216741142136246,fit
51,/home/jinsookim/HEA_MC/FeCoNiPtPd_HER/cgcnn/100/add_data/results_dir/51.cif,0.0058355587500003026,bulk,32,32,32.0,-0.04089659639225503,0.04673215514225533,0.04673215514225533,-0.0393348967512208,0.045170455501221105,0.045170455501221105,fit
52,/home/jinsookim/HEA_MC/FeCoNiPtPd_HER/cgcnn/100/add_data/results_dir/52.cif,-0.02120172718750002,bulk,32,32,32.0,-0.061293190001351264,0.040091462813851245,0.040091462813851245,-0.058532673566515,0.03733094637901498,0.03733094637901498,fit
53,/home/jinsookim/HEA_MC/FeCoNiPtPd_HER/cgcnn/100/add_data/results_dir/53.cif,0.009638427812499906,bulk,32,32,32.0,-0.009345116325281143,0.01898354413778105,0.01898354413778105,-0.007159852844769986,0.01679828065726989,0.01679828065726989,fit
54,/home/jinsookim/HEA_MC/FeCoNiPtPd_HER/cgcnn/100/add_data/results_dir/54.cif,0.05340877406249955,bulk,32,32,32.0,-0.03456985953402232,0.08797863359652187,0.08797863359652187,-0.03597498130077689,0.08938375536327645,0.08938375536327645,fit
55,/home/jinsookim/HEA_MC/FeCoNiPtPd_HER/cgcnn/100/add_data/results_dir/55.cif,-0.007780567500000224,bulk,32,32,32.0,-0.0005140871727503712,-0.007266480327249853,0.007266480327249853,-0.001965918980998318,-0.005814648519001906,0.005814648519001906,fit
56,/home/jinsookim/HEA_MC/FeCoNiPtPd_HER/cgcnn/100/add_data/results_dir/56.cif,-0.06750158499999959,bulk,32,32,32.0,-0.04862398226742845,-0.018877602732571136,0.018877602732571136,-0.04818126425189646,-0.019320320748103123,0.019320320748103123,fit
57,/home/jinsookim/HEA_MC/FeCoNiPtPd_HER/cgcnn/100/add_data/results_dir/57.cif,-0.05049907593750014,bulk,32,32,32.0,-0.05283187940592151,0.0023328034684213725,0.0023328034684213725,-0.05219617052954843,0.0016970945920482955,0.0016970945920482955,fit
58,/home/jinsookim/HEA_MC/FeCoNiPtPd_HER/cgcnn/100/add_data/results_dir/58.cif,-0.04884467531250092,bulk,32,32,32.0,-0.03729046184949298,-0.011554213463007938,0.011554213463007938,-0.03832763666070706,-0.010517038651793861,0.010517038651793861,fit
59,/home/jinsookim/HEA_MC/FeCoNiPtPd_HER/cgcnn/100/add_data/results_dir/59.cif,-0.03848162843750025,bulk,32,32,32.0,-0.02373505180767651,-0.014746576629823739,0.014746576629823739,-0.023959967418155773,-0.014521661019344476,0.014521661019344476,fit
60,/home/jinsookim/HEA_MC/FeCoNiPtPd_HER/cgcnn/100/add_data/results_dir/60.cif,-0.07172911187499942,bulk,32,32,32.0,-0.055351375116883664,-0.016377736758115755,0.016377736758115755,-0.05358401364948491,-0.018145098225514508,0.018145098225514508,fit
61,/home/jinsookim/HEA_MC/FeCoNiPtPd_HER/cgcnn/100/add_data/results_dir/61.cif,-0.0425507537500005,bulk,32,32,32.0,-0.05012689444727918,0.007576140697278674,0.007576140697278674,-0.05036054177086147,0.007809788020860964,0.007809788020860964,fit
62,/home/jinsookim/HEA_MC/FeCoNiPtPd_HER/cgcnn/100/add_data/results_dir/62.cif,-0.05926066812499986,bulk,32,32,32.0,-0.051609854325158654,-0.0076508137998412065,0.0076508137998412065,-0.05037933876854455,-0.00888132935645531,0.00888132935645531,fit
63,/home/jinsookim/HEA_MC/FeCoNiPtPd_HER/cgcnn/100/add_data/results_dir/63.cif,-0.05471906468750021,bulk,32,32,32.0,-0.02971086967489387,-0.025008195012606337,0.025008195012606337,-0.02777520692100588,-0.026943857766494328,0.026943857766494328,fit
64,/home/jinsookim/HEA_MC/FeCoNiPtPd_HER/cgcnn/100/add_data/results_dir/64.cif,-0.0033090709375001026,bulk,32,32,32.0,-0.012805665160077532,0.00949659422257743,0.00949659422257743,-0.011626680947173635,0.008317610009673532,0.008317610009673532,holdout
65,/home/jinsookim/HEA_MC/FeCoNiPtPd_HER/cgcnn/100/add_data/results_dir/65.cif,0.02217217187499987,bulk,32,32,32.0,-0.0418796886861261,0.06405186056112597,0.06405186056112597,-0.04141574618727181,0.06358791806227168,0.06358791806227168,fit
66,/home/jinsookim/HEA_MC/FeCoNiPtPd_HER/cgcnn/100/add_data/results_dir/66.cif,-0.04206929999999964,bulk,32,32,32.0,-0.04843711474440683,0.006367814744407188,0.006367814744407188,-0.04863925539209265,0.006569955392093006,0.006569955392093006,fit
67,/home/jinsookim/HEA_MC/FeCoNiPtPd_HER/cgcnn/100/add_data/results_dir/67.cif,-0.006817145625000798,bulk,32,32,32.0,-0.048340832776450744,0.041523687151449946,0.041523687151449946,-0.04701093698509538,0.040193791360094586,0.040193791360094586,fit
68,/home/jinsookim/HEA_MC/FeCoNiPtPd_HER/cgcnn/100/add_data/results_dir/68.cif,-0.05238215968750026,bulk,32,32,32.0,-0.06318165674985554,0.010799497062355279,0.010799497062355279,-0.06332002324192422,0.010937863554423957,0.010937863554423957,fit
69,/home/jinsookim/HEA_MC/FeCoNiPtPd_HER/cgcnn/100/add_data/results_dir/69.cif,-0.033242263750000056,bulk,32,32,32.0,-0.03816814599234539,0.004925882242345331,0.004925882242345331,-0.03751970484807566,0.004277441098075603,0.004277441098075603,fit
70,/home/jinsookim/HEA_MC/FeCoNiPtPd_HER/cgcnn/100/add_data/results_dir/70.cif,-0.047628113124999594,bulk,32,32,32.0,-0.047039566218355124,-0.0005885469066444701,0.0005885469066444701,-0.04788367800680813,0.0002555648818085357,0.0002555648818085357,fit
71,/home/jinsookim/HEA_MC/FeCoNiPtPd_HER/cgcnn/100/add_data/results_dir/71.cif,-0.04258461687500059,bulk,32,32,32.0,-0.03108176939664721,-0.011502847478353381,0.011502847478353381,-0.03182293377276885,-0.010761683102231745,0.010761683102231745,fit
72,/home/jinsookim/HEA_MC/FeCoNiPtPd_HER/cgcnn/100/add_data/results_dir/72.cif,-0.030590358437500242,bulk,32,32,32.0,-0.04143630387765694,0.010845945440156698,0.010845945440156698,-0.03984897590328239,0.009258617465782146,0.009258617465782146,fit
73,/home/jinsookim/HEA_MC/FeCoNiPtPd_HER/cgcnn/100/add_data/results_dir/73.cif,-0.04820347875000053,bulk,32,32,32.0,-0.043310464859915285,-0.004893013890085243,0.004893013890085243,-0.042992303312975835,-0.005211175437024693,0.005211175437024693,fit
74,/home/jinsookim/HEA_MC/FeCoNiPtPd_HER/cgcnn/100/add_data/results_dir/74.cif,-0.030838125625000323,bulk,32,32,32.0,-0.030630816933799262,-0.00020730869120106146,0.00020730869120106146,-0.030276896023271264,-0.0005612296017290588,0.0005612296017290588,fit
75,/home/jinsookim/HEA_MC/FeCoNiPtPd_HER/cgcnn/100/add_data/results_dir/75.cif,-0.08857493125000016,bulk,32,32,32.0,-0.07303845677655474,-0.015536474473445416,0.015536474473445416,-0.07274646902188164,-0.01582846222811851,0.01582846222811851,fit
76,/home/jinsookim/HEA_MC/FeCoNiPtPd_HER/cgcnn/100/add_data/results_dir/76.cif,-0.09877572374999932,bulk,32,32,32.0,-0.08714428027731067,-0.011631443472688657,0.011631443472688657,-0.08506841499481232,-0.013707308755186998,0.013707308755186998,fit
77,/home/jinsookim/HEA_MC/FeCoNiPtPd_HER/cgcnn/100/add_data/results_dir/77.cif,-0.04029091874999935,bulk,32,32,32.0,-0.02705375081712116,-0.013237167932878189,0.013237167932878189,-0.02734772110100026,-0.01294319764899909,0.01294319764899909,fit
78,/home/jinsookim/HEA_MC/FeCoNiPtPd_HER/cgcnn/100/add_data/results_dir/78.cif,-0.0733078081249996,bulk,32,32,32.0,-0.07033461013105465,-0.002973197993944951,0.002973197993944951,-0.06953241590246023,-0.0037753922225393644,0.0037753922225393644,fit
79,/home/jinsookim/HEA_MC/FeCoNiPtPd_HER/cgcnn/100/add_data/results_dir/79.cif,-0.040613953124999824,bulk,32,32,32.0,-0.02854193798306177,-0.012072015141938054,0.012072015141938054,-0.029981890668057214,-0.01063206245694261,0.01063206245694261,fit
80,/home/jinsookim/HEA_MC/FeCoNiPtPd_HER/cgcnn/100/add_data/results_dir/80.cif,-0.037501659687499966,bulk,32,32,32.0,-0.028531659182655895,-0.008970000504844072,0.008970000504844072,-0.027421850176043434,-0.010079809511456532,0.010079809511456532,fit
81,/home/jinsookim/HEA_MC/FeCoNiPtPd_HER/cgcnn/100/add_data/results_dir/81.cif,0.009601804687499715,bulk,32,32,32.0,-0.04283348886396365,0.05243529355146336,0.05243529355146336,-0.042087776467633335,0.05168958115513305,0.05168958115513305,fit
82,/home/jinsookim/HEA_MC/FeCoNiPtPd_HER/cgcnn/100/add_data/results_dir/82.cif,-0.06007166593750046,bulk,32,32,32.0,-0.03812812599104763,-0.02194353994645283,0.02194353994645283,-0.03681830969597212,-0.023253356241528342,0.023253356241528342,fit
83,/home/jinsookim/HEA_MC/FeCoNiPtPd_HER/cgcnn/100/add_data/results_dir/83.cif,-0.028085047500000293,bulk,32,32,32.0,-0.03268126549914599,0.004596217999145696,0.004596217999145696,-0.03178564674254805,0.0037005992425477585,0.0037005992425477585,fit
84,/home/jinsookim/HEA_MC/FeCoNiPtPd_HER/cgcnn/100/add_data/results_dir/84.cif,-0.0471174128125007,bulk,32,32,32.0,-0.04203219078687882,-0.00508522202562188,0.00508522202562188,-0.04301515931478564,-0.004102253497715064,0.004102253497715064,fit
85,/home/jinsookim/HEA_MC/FeCoNiPtPd_HER/cgcnn/100/add_data/results_dir/85.cif,-0.05828225093750028,bulk,32,32,32.0,-0.043664078903457,-0.01461817203404328,0.01461817203404328,-0.04208405809509547,-0.016198192842404813,0.016198192842404813,fit
86,/home/jinsookim/HEA_MC/FeCoNiPtPd_HER/cgcnn/100/add_data/results_dir/86.cif,-0.01257864093749994,bulk,32,32,32.0,-0.04468747073769924,0.0321088298001993,0.0321088298001993,-0.04354025645349517,0.03096161551599523,0.03096161551599523,fit
87,/home/jinsookim/HEA_MC/FeCoNiPtPd_HER/cgcnn/100/add_data/results_dir/87.cif,-0.057917235937499534,bulk,32,32,32.0,-0.05231837023041307,-0.005598865707086467,0.005598865707086467,-0.05074955063016896,-0.007167685307330571,0.007167685307330571,holdout
88,/home/jinsookim/HEA_MC/FeCoNiPtPd_HER/cgcnn/100/add_data/results_dir/88.cif,-0.06453024718750022,bulk,32,32,32.0,-0.043543700784794165,-0.020986546402706058,0.020986546402706058,-0.04289046827358785,-0.021639778913912375,0.021639778913912375,fit
89,/home/jinsookim/HEA_MC/FeCoNiPtPd_HER/cgcnn/100/add_data/results_dir/89.cif,-0.060601179375000314,bulk,32,32,32.0,-0.056995242157698855,-0.003605937217301458,0.003605937217301458,-0.058503559303134806,-0.002097620071865508,0.002097620071865508,fit
90,/home/jinsookim/HEA_MC/FeCoNiPtPd_HER/cgcnn/100/add_data/results_dir/90.cif,-0.057422716562499865,bulk,32,32,32.0,-0.04488856249090453,-0.012534154071595333,0.012534154071595333,-0.04537963273792831,-0.012043083824571553,0.012043083824571553,fit
91,/home/jinsookim/HEA_MC/FeCoNiPtPd_HER/cgcnn/100/add_data/results_dir/91.cif,-0.029766555312500387,bulk,32,32,32.0,-0.023241028517613956,-0.006525526794886431,0.006525526794886431,-0.020938609522042014,-0.008827945790458373,0.008827945790458373,holdout
92,/home/jinsookim/HEA_MC/FeCoNiPtPd_HER/cgcnn/100/add_data/results_dir/92.cif,-0.05048039718750008,bulk,32,32,32.0,-0.04771036956435082,-0.0027700276231492627,0.0027700276231492627,-0.04763643846579311,-0.0028439587217069726,0.0028439587217069726,fit
93,/home/jinsookim/HEA_MC/FeCoNiPtPd_HER/cgcnn/100/add_data/results_dir/93.cif,-0.09611941500000043,bulk,32,32,32.0,-0.07654061201542099,-0.019578802984579438,0.019578802984579438,-0.07663313235099425,-0.019486282649006176,0.019486282649006176,fit
94,/home/jinsookim/HEA_MC/FeCoNiPtPd_HER/cgcnn/100/add_data/results_dir/94.cif,-0.023760933437499965,bulk,32,32,32.0,-0.023909018114944246,0.00014808467744428094,0.00014808467744428094,-0.023213961768249535,-0.0005469716692504296,0.0005469716692504296,fit
95,/home/jinsookim/HEA_MC/FeCoNiPtPd_HER/cgcnn/100/add_data/results_dir/95.cif,-0.06919485750000032,bulk,32,32,32.0,-0.05115040826865283,-0.018044449231347487,0.018044449231347487,-0.05189984632445646,-0.017295011175543856,0.017295011175543856,fit
96,/home/jinsookim/HEA_MC/FeCoNiPtPd_HER/cgcnn/100/add_data/results_dir/96.cif,0.008124740937500263,bulk,32,32,32.0,-0.0028125622039444804,0.010937303141444744,0.010937303141444744,-0.0034081821946467927,0.011532923132147056,0.011532923132147056,fit
97,/home/jinsookim/HEA_MC/FeCoNiPtPd_HER/cgcnn/100/add_data/results_dir/97.cif,0.06227324062499928,bulk,32,32,32.0,0.016551976989821943,0.04572126363517734,0.04572126363517734,0.014905015889335665,0.047368224735663614,0.047368224735663614,fit
98,/home/jinsookim/HEA_MC/FeCoNiPtPd_HER/cgcnn/100/add_data/results_dir/98.cif,-0.03751011156249984,bulk,32,32,32.0,-0.042527011836791084,0.005016900274291247,0.005016900274291247,-0.04291901523983675,0.005408903677336915,0.005408903677336915,holdout
99,/home/jinsookim/HEA_MC/FeCoNiPtPd_HER/cgcnn/100/add_data/results_dir/99.cif,-0.038562058437499935,bulk,32,32,32.0,-0.0339783517843284,-0.004583706653171538,0.004583706653171538,-0.035841800155543016,-0.0027202582819569193,0.0027202582819569193,fit
100,/home/jinsookim/HEA_MC/FeCoNiPtPd_HER/cgcnn/100/add_data/results_dir/100.cif,0.008232275937499978,bulk,32,32,32.0,-0.021067457163495975,0.029299733100995953,0.029299733100995953,-0.020564729174213973,0.02879700511171395,0.02879700511171395,fit
101,/home/jinsookim/HEA_MC/FeCoNiPtPd_HER/cgcnn/100/add_data/results_dir/101.cif,-0.04736712625000017,bulk,32,32,32.0,-0.027749178930870394,-0.019617947319129775,0.019617947319129775,-0.027043679191088254,-0.020323447058911915,0.020323447058911915,fit
102,/home/jinsookim/HEA_MC/FeCoNiPtPd_HER/cgcnn/100/add_data/results_dir/102.cif,-0.06341979249999952,bulk,32,32,32.0,-0.046467414820593814,-0.016952377679405703,0.016952377679405703,-0.045066334521929326,-0.01835345797807019,0.01835345797807019,fit
103,/home/jinsookim/HEA_MC/FeCoNiPtPd_HER/cgcnn/100/add_data/results_dir/103.cif,0.07060848875000048,bulk,32,32,32.0,-0.015218735999380069,0.08582722474938054,0.08582722474938054,-0.016536285469951548,0.08714477421995202,0.08714477421995202,fit
104,/home/jinsookim/HEA_MC/FeCoNiPtPd_HER/cgcnn/100/add_data/results_dir/104.cif,-0.05707939718749966,bulk,32,32,32.0,-0.047145800080437825,-0.009933597107061834,0.009933597107061834,-0.048372080156970906,-0.008707317030528752,0.008707317030528752,fit
105,/home/jinsookim/HEA_MC/FeCoNiPtPd_HER/cgcnn/100/add_data/results_dir/105.cif,-0.052903806562500044,bulk,32,32,32.0,-0.034799098310505386,-0.01810470825199466,0.01810470825199466,-0.03527348385298097,-0.017630322709519072,0.017630322709519072,fit
106,/home/jinsookim/HEA_MC/FeCoNiPtPd_HER/cgcnn/100/add_data/results_dir/106.cif,-0.0205763396875005,bulk,32,32,32.0,-0.020202340372796317,-0.0003739993147041827,0.0003739993147041827,-0.020375339366326982,-0.00020100032117351813,0.00020100032117351813,fit
107,/home/jinsookim/HEA_MC/FeCoNiPtPd_HER/cgcnn/100/add_data/results_dir/107.cif,-0.011682021250000396,bulk,32,32,32.0,-0.03156468622131753,0.019882664971317132,0.019882664971317132,-0.030472323639626774,0.018790302389626378,0.018790302389626378,fit
108,/home/jinsookim/HEA_MC/FeCoNiPtPd_HER/cgcnn/100/add_data/results_dir/108.cif,-0.046792531875000876,bulk,32,32,32.0,-0.03959956747659174,-0.007192964398409135,0.007192964398409135,-0.040353548695577474,-0.006438983179423402,0.006438983179423402,fit
109,/home/jinsookim/HEA_MC/FeCoNiPtPd_HER/cgcnn/100/add_data/results_dir/109.cif,-0.0441027571874999,bulk,32,32,32.0,-0.024912530567963963,-0.019190226619535934,0.019190226619535934,-0.025777761430087736,-0.01832499575741216,0.01832499575741216,fit
110,/home/jinsookim/HEA_MC/FeCoNiPtPd_HER/cgcnn/100/add_data/results_dir/110.cif,-0.06411375843750022,bulk,32,32,32.0,-0.054705809896379784,-0.00940794854112044,0.00940794854112044,-0.054427236097086634,-0.00968652234041359,0.00968652234041359,fit
111,/home/jinsookim/HEA_MC/FeCoNiPtPd_HER/cgcnn/100/add_data/results_dir/111.cif,0.037071377812499584,bulk,32,32,32.0,-0.0389086647228964,0.07598004253539598,0.07598004253539598,-0.037248620393219814,0.0743199982057194,0.0743199982057194,fit
112,/home/jinsookim/HEA_MC/FeCoNiPtPd_HER/cgcnn/100/add_data/results_dir/112.cif,-0.012547164062500116,bulk,32,32,32.0,-0.014285090854753563,0.0017379267922534476,0.0017379267922534476,-0.013325511328094553,0.0007783472655944375,0.0007783472655944375,fit
113,/home/jinsookim/HEA_MC/FeCoNiPtPd_HER/cgcnn/100/add_data/results_dir/113.cif,-0.021614374374999912,bulk,32,32,32.0,-0.03577856439728973,0.014164190022289816,0.014164190022289816,-0.03484375556499948,0.01322938118999957,0.01322938118999957,fit
114,/home/jinsookim/HEA_MC/FeCoNiPtPd_HER/cgcnn/100/add_data/results_dir/114.cif,-0.08086156874999961,bulk,32,32,32.0,-0.06358256025481651,-0.0172790084951831,0.0172790084951831,-0.06438226042782996,-0.01647930832216965,0.01647930832216965,fit
115,/home/jinsookim/HEA_MC/FeCoNiPtPd_HER/cgcnn/100/add_data/results_dir/115.cif,-0.06275400093749983,bulk,32,32,32.0,-0.06215031488052508,-0.0006036860569747504,0.0006036860569747504,-0.061782277518230726,-0.0009717234192691063,0.0009717234192691063,fit
116,/home/jinsookim/HEA_MC/FeCoNiPtPd_HER/cgcnn/100/add_data/results_dir/116.cif,-0.05367663812500023,bulk,32,32,32.0,-0.0432606229213623,-0.010416015203637934,0.010416015203637934,-0.043769922770297905,-0.009906715354702327,0.009906715354702327,fit
117,/home/jinsookim/HEA_MC/FeCoNiPtPd_HER/cgcnn/100/add_data/results_dir/117.cif,-0.03815671781250085,bulk,32,32,32.0,-0.03365324254028728,-0.004503475272213571,0.004503475272213571,-0.03262318679736384,-0.005533531015137011,0.005533531015137011,fit
118,/home/jinsookim/HEA_MC/FeCoNiPtPd_HER/cgcnn/100/add_data/results_dir/118.cif,-0.057428964062499865,bulk,32,32,32.0,-0.0589367506354333,0.0015077865729334339,0.0015077865729334339,-0.05904267467320656,0.0016137106107066979,0.0016137106107066979,fit
119,/home/jinsookim/HEA_MC/FeCoNiPtPd_HER/cgcnn/100/add_data/results_dir/119.cif,-0.07523644656249928,bulk,32,32,32.0,-0.07094485565564713,-0.004291590906852147,0.004291590906852147,-0.06984920754989146,-0.0053872390126078196,0.0053872390126078196,fit
120,/home/jinsookim/HEA_MC/FeCoNiPtPd_HER/cgcnn/100/add_data/results_dir/120.cif,-0.019112791250000427,bulk,32,32,32.0,-0.017540947659532728,-0.001571843590467699,0.001571843590467699,-0.01930375320655929,0.00019096195655886328,0.00019096195655886328,fit
121,/home/jinsookim/HEA_MC/FeCoNiPtPd_HER/cgcnn/100/add_data/results_dir/121.cif,-0.04433953968749993,bulk,32,32,32.0,-0.03570808161484648,-0.008631458072653447,0.008631458072653447,-0.03573457010021637,-0.008604969587283559,0.008604969587283559,holdout
122,/home/jinsookim/HEA_MC/FeCoNiPtPd_HER/cgcnn/100/add_data/results_dir/122.cif,-0.07195994156250052,bulk,32,32,32.0,-0.058682114209741426,-0.013277827352759092,0.013277827352759092,-0.05882679789705404,-0.013133143665446476,0.013133143665446476,fit
123,/home/jinsookim/HEA_MC/FeCoNiPtPd_HER/cgcnn/100/add_data/results_dir/123.cif,-0.06689006031249978,bulk,32,32,32.0,-0.057199765732070924,-0.009690294580428853,0.009690294580428853,-0.05533276870137521,-0.011557291611124565,0.011557291611124565,fit
124,/home/jinsookim/HEA_MC/FeCoNiPtPd_HER/cgcnn/100/add_data/results_dir/124.cif,-0.05898207656250065,bulk,32,32,32.0,-0.04382275821444336,-0.01515931834805729,0.01515931834805729,-0.04291300835851361,-0.01606906820398704,0.01606906820398704,fit
125,/home/jinsookim/HEA_MC/FeCoNiPtPd_HER/cgcnn/100/add_data/results_dir/125.cif,-0.05035489281249905,bulk,32,32,32.0,-0.02241297893187211,-0.02794191388062694,0.02794191388062694,-0.023522253561427446,-0.026832639251071606,0.026832639251071606,fit
126,/home/jinsookim/HEA_MC/FeCoNiPtPd_HER/cgcnn/100/add_data/results_dir/126.cif,-0.03721264593750018,bulk,32,32,32.0,-0.03282580055356974,-0.004386845383930436,0.004386845383930436,-0.03248490495177342,-0.004727740985726758,0.004727740985726758,fit
127,/home/jinsookim/HEA_MC/FeCoNiPtPd_HER/cgcnn/100/add_data/results_dir/127.cif,-0.05713769374999966,bulk,32,32,32.0,-0.03891158846864198,-0.01822610528135768,0.01822610528135768,-0.03898431571529133,-0.01815337803470833,0.01815337803470833,fit
128,/home/jinsookim/HEA_MC/FeCoNiPtPd_HER/cgcnn/100/add_data/results_dir/128.cif,-0.03398716406250024,bulk,32,32,32.0,-0.03607329011627289,0.0020861260537726467,0.0020861260537726467,-0.03609394359106621,0.002106779528565972,0.002106779528565972,fit
129,/home/jinsookim/HEA_MC/FeCoNiPtPd_HER/cgcnn/100/add_data/results_dir/129.cif,-0.08266252031249977,bulk,32,32,32.0,-0.06732358235056288,-0.015338937961936888,0.015338937961936888,-0.06857604553192162,-0.014086474780578145,0.014086474780578145,fit
130,/home/jinsookim/HEA_MC/FeCoNiPtPd_HER/cgcnn/100/add_data/results_dir/130.cif,-0.04854074062500047,bulk,32,32,32.0,-0.04564415871378502,-0.0028965819112154456,0.0028965819112154456,-0.0436287922414008,-0.004911948383599665,0.004911948383599665,holdout
131,/home/jinsookim/HEA_MC/FeCoNiPtPd_HER/cgcnn/100/add_data/results_dir/131.cif,-0.047151375937500184,bulk,32,32,32.0,-0.04537682871137451,-0.001774547226125675,0.001774547226125675,-0.04538932748757492,-0.0017620484499252659,0.0017620484499252659,fit
132,/home/jinsookim/HEA_MC/FeCoNiPtPd_HER/cgcnn/100/add_data/results_dir/132.cif,-0.0262541746874998,bulk,32,32,32.0,-0.03779067562918634,0.01153650094168654,0.01153650094168654,-0.03770440352899944,0.01145022884149964,0.01145022884149964,fit
133,/home/jinsookim/HEA_MC/FeCoNiPtPd_HER/cgcnn/100/add_data/results_dir/133.cif,-0.05733917062500016,bulk,32,32,32.0,-0.04670823712976522,-0.010630933495234939,0.010630933495234939,-0.04518392319247418,-0.012155247432525974,0.012155247432525974,fit
134,/home/jinsookim/HEA_MC/FeCoNiPtPd_HER/cgcnn/100/add_data/results_dir/134.cif,-0.010416931874999591,bulk,32,32,32.0,-0.015148472801067072,0.004731540926067481,0.004731540926067481,-0.015620540505894134,0.005203608630894543,0.005203608630894543,holdout
135,/home/jinsookim/HEA_MC/FeCoNiPtPd_HER/cgcnn/100/add_data/results_dir/135.cif,-0.058656584687500235,bulk,32,32,32.0,-0.07344672252092702,0.01479013783342678,0.01479013783342678,-0.07550020134345942,0.01684361665595918,0.01684361665595918,fit
136,/home/jinsookim/HEA_MC/FeCoNiPtPd_HER/cgcnn/100/add_data/results_dir/136.cif,-0.059015043125000055,bulk,32,32,32.0,-0.04712643087265331,-0.011888612252346747,0.011888612252346747,-0.04371020469719656,-0.015304838427803495,0.015304838427803495,fit
137,/home/jinsookim/HEA_MC/FeCoNiPtPd_HER/cgcnn/100/add_data/results_dir/137.cif,0.0075792978124997745,bulk,32,32,32.0,-0.009936812762938299,0.017516110575438074,0.017516110575438074,-0.011080931536434545,0.01866022934893432,0.01866022934893432,fit
138,/home/jinsookim/HEA_MC/FeCoNiPtPd_HER/cgcnn/100/add_data/results_dir/138.cif,0.028410353750000006,bulk,32,32,32.0,-0.014573023848192184,0.04298337759819219,0.04298337759819219,-0.014004719715367896,0.0424150734653679,0.0424150734653679,fit
139,/home/jinsookim/HEA_MC/FeCoNiPtPd_HER/cgcnn/100/add_data/results_dir/139.cif,0.06424754250000042,bulk,32,32,32.0,-0.000739157851233168,0.06498670035123359,0.06498670035123359,0.0015210579323848136,0.0627264845676156,0.0627264845676156,fit
140,/home/jinsookim/HEA_MC/FeCoNiPtPd_HER/cgcnn/100/add_data/results_dir/140.cif,-0.01562597843749991,bulk,32,32,32.0,-0.025682371542304364,0.010056393104804454,0.010056393104804454,-0.024728687174841106,0.009102708737341196,0.009102708737341196,fit
141,/home/jinsookim/HEA_MC/FeCoNiPtPd_HER/cgcnn/100/add_data/results_dir/141.cif,-0.007342417499999421,bulk,32,32,32.0,-0.057734827756108775,0.050392410256109355,0.050392410256109355,-0.05651465720940033,0.04917223970940091,0.04917223970940091,fit
142,/home/jinsookim/HEA_MC/FeCoNiPtPd_HER/cgcnn/100/add_data/results_dir/142.cif,0.031110983749999654,bulk,32,32,32.0,-0.05154111927991596,0.08265210302991562,0.08265210302991562,-0.05226649814145061,0.08337748189145026,0.08337748189145026,fit
143,/home/jinsookim/HEA_MC/FeCoNiPtPd_HER/cgcnn/100/add_data/results_dir/143.cif,0.017055236875000546,bulk,32,32,32.0,-0.03125878010869137,0.048314016983691914,0.048314016983691914,-0.030528828569781792,0.04758406544478234,0.04758406544478234,fit
144,/home/jinsookim/HEA_MC/FeCoNiPtPd_HER/cgcnn/100/add_data/results_dir/144.cif,0.054289977187500504,bulk,32,32,32.0,0.005942227492031176,0.04834774969546933,0.04834774969546933,0.007023352122591486,0.047266625064909015,0.047266625064909015,fit
145,/home/jinsookim/HEA_MC/FeCoNiPtPd_HER/cgcnn/100/add_data/results_dir/145.cif,-0.034861090624999314,bulk,32,32,32.0,-0.03432536675718122,-0.000535723867818097,0.000535723867818097,-0.03523246789309181,0.0003713772680924987,0.0003713772680924987,fit
146,/home/jinsookim/HEA_MC/FeCoNiPtPd_HER/cgcnn/100/add_data/results_dir/146.cif,-0.07234451625000027,bulk,32,32,32.0,-0.04973162367724202,-0.022612892572758246,0.022612892572758246,-0.05361699886259115,-0.018727517387409118,0.018727517387409118,fit
147,/home/jinsookim/HEA_MC/FeCoNiPtPd_HER/cgcnn/100/add_data/results_dir/147.cif,-0.03517031500000023,bulk,32,32,32.0,-0.03707407074273028,0.001903755742730051,0.001903755742730051,-0.0375620796806921,0.0023917646806918685,0.0023917646806918685,fit
148,/home/jinsookim/HEA_MC/FeCoNiPtPd_HER/cgcnn/100/add_data/results_dir/148.cif,-0.06527146250000015,bulk,32,32,32.0,-0.0518399896007625,-0.013431472899237656,0.013431472899237656,-0.049610044356601685,-0.01566141814339847,0.01566141814339847,fit
149,/home/jinsookim/HEA_MC/FeCoNiPtPd_HER/cgcnn/100/add_data/results_dir/149.cif,0.06514346218749978,bulk,32,32,32.0,0.009700385756374452,0.055443076431125324,0.055443076431125324,0.009731287571803398,0.05541217461569638,0.05541217461569638,fit
150,/home/jinsookim/HEA_MC/FeCoNiPtPd_HER/cgcnn/100/add_data/results_dir/150.cif,-0.06747650468749988,bulk,32,32,32.0,-0.05888441945162161,-0.008592085235878275,0.008592085235878275,-0.05944708629629134,-0.008029418391208541,0.008029418391208541,fit
151,/home/jinsookim/HEA_MC/FeCoNiPtPd_HER/cgcnn/100/add_data/results_dir/151.cif,-0.06847721156249964,bulk,32,32,32.0,-0.049640361446515215,-0.018836850115984426,0.018836850115984426,-0.048804174273747065,-0.019673037288752575,0.019673037288752575,fit
152,/home/jinsookim/HEA_MC/FeCoNiPtPd_HER/cgcnn/100/add_data/results_dir/152.cif,-0.06281576499999986,bulk,32,32,32.0,-0.059039993137071374,-0.003775771862928483,0.003775771862928483,-0.05942103172959675,-0.0033947332704031066,0.0033947332704031066,fit
153,/home/jinsookim/HEA_MC/FeCoNiPtPd_HER/cgcnn/100/add_data/results_dir/153.cif,-0.0406682743750002,bulk,32,32,32.0,-0.031724502364519395,-0.008943772010480806,0.008943772010480806,-0.03006937635633531,-0.010598898018664892,0.010598898018664892,fit
154,/home/jinsookim/HEA_MC/FeCoNiPtPd_HER/cgcnn/100/add_data/results_dir/154.cif,-0.04155516437500051,bulk,32,32,32.0,-0.04057706114015373,-0.000978103234846775,0.000978103234846775,-0.04153489626137416,-2.0268113626348283e-05,2.0268113626348283e-05,fit
155,/home/jinsookim/HEA_MC/FeCoNiPtPd_HER/cgcnn/100/add_data/results_dir/155.cif,-0.06029990999999946,bulk,32,32,32.0,-0.055894007831099685,-0.004405902168899772,0.004405902168899772,-0.056372565467213226,-0.003927344532786231,0.003927344532786231,fit
156,/home/jinsookim/HEA_MC/FeCoNiPtPd_HER/cgcnn/100/add_data/results_dir/156.cif,-0.047056422187499614,bulk,32,32,32.0,-0.038630783730072484,-0.00842563845742713,0.00842563845742713,-0.039582458616649406,-0.0074739635708502075,0.0074739635708502075,fit
157,/home/jinsookim/HEA_MC/FeCoNiPtPd_HER/cgcnn/100/add_data/results_dir/157.cif,-0.07264535031249952,bulk,32,32,32.0,-0.05834659716684348,-0.014298753145656047,0.014298753145656047,-0.05828878431875546,-0.014356565993744061,0.014356565993744061,fit
158,/home/jinsookim/HEA_MC/FeCoNiPtPd_HER/cgcnn/100/add_data/results_dir/158.cif,-0.05017519843750051,bulk,32,32,32.0,-0.048769080814676936,-0.0014061176228235758,0.0014061176228235758,-0.04951677602737464,-0.0006584224101258696,0.0006584224101258696,fit
159,/home/jinsookim/HEA_MC/FeCoNiPtPd_HER/cgcnn/100/add_data/results_dir/159.cif,-0.06674627312500014,bulk,32,32,32.0,-0.05786724371630597,-0.008879029408694172,0.008879029408694172,-0.057590544221176335,-0.00915572890382381,0.00915572890382381,fit
160,/home/jinsookim/HEA_MC/FeCoNiPtPd_HER/cgcnn/100/add_data/results_dir/160.cif,-0.0344392253125001,bulk,32,32,32.0,-0.025750345882530317,-0.008688879429969782,0.008688879429969782,-0.023524628267002842,-0.010914597045497257,0.010914597045497257,fit
161,/home/jinsookim/HEA_MC/FeCoNiPtPd_HER/cgcnn/100/add_data/results_dir/161.cif,-0.08940906843749996,bulk,32,32,32.0,-0.07133526656063013,-0.018073801876869827,0.018073801876869827,-0.07093281561693253,-0.018476252820567432,0.018476252820567432,holdout
162,/home/jinsookim/HEA_MC/FeCoNiPtPd_HER/cgcnn/100/add_data/results_dir/162.cif,-0.016071880937500005,bulk,32,32,32.0,-0.02471547245939074,0.008643591521890735,0.008643591521890735,-0.02705099830443203,0.010979117366932026,0.010979117366932026,fit
163,/home/jinsookim/HEA_MC/FeCoNiPtPd_HER/cgcnn/100/add_data/results_dir/163.cif,-0.02580268531250063,bulk,32,32,32.0,-0.030378089829076846,0.0045754045165762175,0.0045754045165762175,-0.029299326266843555,0.0034966409543429264,0.0034966409543429264,fit
164,/home/jinsookim/HEA_MC/FeCoNiPtPd_HER/cgcnn/100/add_data/results_dir/164.cif,-0.0066594456250008705,bulk,32,32,32.0,-0.027778671556428523,0.021119225931427652,0.021119225931427652,-0.02686777002884626,0.02020832440384539,0.02020832440384539,fit
165,/home/jinsookim/HEA_MC/FeCoNiPtPd_HER/cgcnn/100/add_data/results_dir/165.cif,-0.05940621281249925,bulk,32,32,32.0,-0.057666337734205805,-0.001739875078293443,0.001739875078293443,-0.058638172739664006,-0.0007680400728352424,0.0007680400728352424,fit
166,/home/jinsookim/HEA_MC/FeCoNiPtPd_HER/cgcnn/100/add_data/results_dir/166.cif,-0.03958145343750008,bulk,32,32,32.0,-0.036685713946737045,-0.0028957394907630357,0.0028957394907630357,-0.035872013513899875,-0.003709439923600205,0.003709439923600205,holdout
167,/home/jinsookim/HEA_MC/FeCoNiPtPd_HER/cgcnn/100/add_data/results_dir/167.cif,-0.06659656468749997,bulk,32,32,32.0,-0.04946807096031293,-0.01712849372718704,0.01712849372718704,-0.05072213701798206,-0.01587442766951791,0.01587442766951791,fit
168,/home/jinsookim/HEA_MC/FeCoNiPtPd_HER/cgcnn/100/add_data/results_dir/168.cif,-0.04303186437500006,bulk,32,32,32.0,-0.042536461055426356,-0.0004954033195737062,0.0004954033195737062,-0.04185941271294341,-0.0011724516620566505,0.0011724516620566505,fit
169,/home/jinsookim/HEA_MC/FeCoNiPtPd_HER/cgcnn/100/add_data/results_dir/169.cif,-0.07193838343749981,bulk,32,32,32.0,-0.06151029249401799,-0.010428090943481821,0.010428090943481821,-0.06203048248156018,-0.00990790095593963,0.00990790095593963,fit
170,/home/jinsookim/HEA_MC/FeCoNiPtPd_HER/cgcnn/100/add_data/results_dir/170.cif,-0.023978865624999735,bulk,32,32,32.0,-0.03783964439005598,0.013860778765056245,0.013860778765056245,-0.03922984642704568,0.015250980802045948,0.015250980802045948,fit
171,/home/jinsookim/HEA_MC/FeCoNiPtPd_HER/cgcnn/100/add_data/results_dir/171.cif,-0.035427313437500274,bulk,32,32,32.0,-0.02462943470802373,-0.010797878729476545,0.010797878729476545,-0.024299159254833735,-0.01112815418266654,0.01112815418266654,fit
172,/home/jinsookim/HEA_MC/FeCoNiPtPd_HER/cgcnn/100/add_data/results_dir/172.cif,-0.06573009781249972,bulk,32,32,32.0,-0.052505046792621066,-0.013225051019878656,0.013225051019878656,-0.051851694818215124,-0.013878402994284597,0.013878402994284597,fit
173,/home/jinsookim/HEA_MC/FeCoNiPtPd_HER/cgcnn/100/add_data/results_dir/173.cif,-0.013347332187500172,bulk,32,32,32.0,-0.02852747292833376,0.015180140740833587,0.015180140740833587,-0.02953097073124994,0.016183638543749768,0.016183638543749768,fit
174,/home/jinsookim/HEA_MC/FeCoNiPtPd_HER/cgcnn/100/add_data/results_dir/174.cif,-0.04471532937500022,bulk,32,32,32.0,-0.03879262736728355,-0.005922702007716676,0.005922702007716676,-0.03600437022473153,-0.00871095915026869,0.00871095915026869,fit
175,/home/jinsookim/HEA_MC/FeCoNiPtPd_HER/cgcnn/100/add_data/results_dir/175.cif,-0.052700729062500784,bulk,32,32,32.0,-0.03757576066332602,-0.015124968399174765,0.015124968399174765,-0.037215984945171955,-0.015484744117328829,0.015484744117328829,fit
176,/home/jinsookim/HEA_MC/FeCoNiPtPd_HER/cgcnn/100/add_data/results_dir/176.cif,-0.04076432718749956,bulk,32,32,32.0,-0.06600541631639172,0.025241089128892155,0.025241089128892155,-0.06605492080653771,0.025290593619038154,0.025290593619038154,fit
177,/home/jinsookim/HEA_MC/FeCoNiPtPd_HER/cgcnn/100/add_data/results_dir/177.cif,-0.047893031250000107,bulk,32,32,32.0,-0.007725207202846546,-0.040167824047153564,0.040167824047153564,-0.007581827735310397,-0.04031120351468971,0.04031120351468971,fit
178,/home/jinsookim/HEA_MC/FeCoNiPtPd_HER/cgcnn/100/add_data/results_dir/178.cif,0.00992375062500006,bulk,32,32,32.0,-0.026545670301857015,0.03646942092685708,0.03646942092685708,-0.02598317219231192,0.035906922817311976,0.035906922817311976,fit
179,/home/jinsookim/HEA_MC/FeCoNiPtPd_HER/cgcnn/100/add_data/results_dir/179.cif,-0.06277918375000002,bulk,32,32,32.0,-0.04068921599620712,-0.022089967753792905,0.022089967753792905,-0.04025636779614437,-0.022522815953855656,0.022522815953855656,fit
180,/home/jinsookim/HEA_MC/FeCoNiPtPd_HER/cgcnn/100/add_data/results_dir/180.cif,-0.023434085937499738,bulk,32,32,32.0,-0.01108141742133175,-0.012352668516167988,0.012352668516167988,-0.013960387877055471,-0.009473698060444267,0.009473698060444267,fit
181,/home/jinsookim/HEA_MC/FeCoNiPtPd_HER/cgcnn/100/add_data/results_dir/181.cif,-0.05995830812500014,bulk,32,32,32.0,-0.05582184292052008,-0.004136465204480057,0.004136465204480057,-0.05655075898678647,-0.0034075491382136655,0.0034075491382136655,fit
182,/home/jinsookim/HEA_MC/FeCoNiPtPd_HER/cgcnn/100/add_data/results_dir/182.cif,-0.0383878528124999,bulk,32,32,32.0,-0.02199466813361362,-0.016393184678886282,0.016393184678886282,-0.02049322570986075,-0.01789462710263915,0.01789462710263915,fit
183,/home/jinsookim/HEA_MC/FeCoNiPtPd_HER/cgcnn/100/add_data/results_dir/183.cif,-0.02969764843749978,bulk,32,32,32.0,-0.03931706533604631,0.009619416898546528,0.009619416898546528,-0.03988317435366176,0.01018552591616198,0.01018552591616198,fit
184,/home/jinsookim/HEA_MC/FeCoNiPtPd_HER/cgcnn/100/add_data/results_dir/184.cif,-0.04963786062499942,bulk,32,32,32.0,-0.04646396113557985,-0.0031738994894195682,0.0031738994894195682,-0.04660259121985663,-0.0030352694051427875,0.0030352694051427875,fit
185,/home/jinsookim/HEA_MC/FeCoNiPtPd_HER/cgcnn/100/add_data/results_dir/185.cif,-0.06820086968749983,bulk,32,32,32.0,-0.045492486497355836,-0.022708383190143996,0.022708383190143996,-0.04513730934493722,-0.023063560342562614,0.023063560342562614,fit
186,/home/jinsookim/HEA_MC/FeCoNiPtPd_HER/cgcnn/100/add_data/results_dir/186.cif,0.019589398749999987,bulk,32,32,32.0,0.0240048935984209,-0.004415494848420912,0.004415494848420912,0.0241375672418586,-0.004548168491858615,0.004548168491858615,fit
187,/home/jinsookim/HEA_MC/FeCoNiPtPd_HER/cgcnn/100/add_data/results_dir/187.cif,-0.03486248937499958,bulk,32,32,32.0,-0.027957087147057903,-0.006905402227941681,0.006905402227941681,-0.024846924234682544,-0.01001556514031704,0.01001556514031704,holdout
188,/home/jinsookim/HEA_MC/FeCoNiPtPd_HER/cgcnn/100/add_data/results_dir/188.cif,-0.05033279374999999,bulk,32,32,32.0,-0.046943806795599397,-0.003388986954400597,0.003388986954400597,-0.04571192235495415,-0.004620871395045842,0.004620871395045842,fit
189,/home/jinsookim/HEA_MC/FeCoNiPtPd_HER/cgcnn/100/add_data/results_dir/189.cif,-0.06835941156250058,bulk,32,32,32.0,-0.05085070549712419,-0.01750870606537639,0.01750870606537639,-0.04927280746110907,-0.019086604101391513,0.019086604101391513,holdout
190,/home/jinsookim/HEA_MC/FeCoNiPtPd_HER/cgcnn/100/add_data/results_dir/190.cif,-0.029931239375000196,bulk,32,32,32.0,-0.029343191304581174,-0.000588048070419022,0.000588048070419022,-0.02887748782548972,-0.0010537515495104774,0.0010537515495104774,fit
191,/home/jinsookim/HEA_MC/FeCoNiPtPd_HER/cgcnn/100/add_data/results_dir/191.cif,-0.04918797437500011,bulk,32,32,32.0,-0.053711712179523474,0.0045237378045233645,0.0045237378045233645,-0.05119997667559006,0.0020120023005899476,0.0020120023005899476,fit
192,/home/jinsookim/HEA_MC/FeCoNiPtPd_HER/cgcnn/100/add_data/results_dir/192.cif,-0.07884848937499989,bulk,32,32,32.0,-0.06571953665730317,-0.01312895271769672,0.01312895271769672,-0.0668820560643471,-0.01196643331065278,0.01196643331065278,fit
193,/home/jinsookim/HEA_MC/FeCoNiPtPd_HER/cgcnn/100/add_data/results_dir/193.cif,-0.029384175937499535,bulk,32,32,32.0,-0.02024332625892975,-0.009140849678569783,0.009140849678569783,-0.02054164882159836,-0.008842527115901173,0.008842527115901173,fit
194,/home/jinsookim/HEA_MC/FeCoNiPtPd_HER/cgcnn/100/add_data/results_dir/194.cif,-0.02934663375000035,bulk,32,32,32.0,-0.012969825497930847,-0.016376808252069504,0.016376808252069504,-0.01312389723479329,-0.01622273651520706,0.01622273651520706,fit
195,/home/jinsookim/HEA_MC/FeCoNiPtPd_HER/cgcnn/100/add_data/results_dir/195.cif,-0.06465137031249935,bulk,32,32,32.0,-0.056320442856925564,-0.008330927455573782,0.008330927455573782,-0.055137671415489434,-0.009513698897009912,0.009513698897009912,fit
196,/home/jinsookim/HEA_MC/FeCoNiPtPd_HER/cgcnn/100/add_data/results_dir/196.cif,-0.03314037343749998,bulk,32,32,32.0,-0.03555991690084494,0.002419543463344956,0.002419543463344956,-0.03733780810426797,0.004197434666767988,0.004197434666767988,fit
197,/home/jinsookim/HEA_MC/FeCoNiPtPd_HER/cgcnn/100/add_data/results_dir/197.cif,-0.054180544062499614,bulk,32,32,32.0,-0.05128432848699048,-0.002896215575509134,0.002896215575509134,-0.04965378085685665,-0.004526763205642964,0.004526763205642964,fit
198,/home/jinsookim/HEA_MC/FeCoNiPtPd_HER/cgcnn/100/add_data/results_dir/198.cif,0.0005165271875000599,bulk,32,32,32.0,-0.008116693001069361,0.008633220188569421,0.008633220188569421,-0.009137640799049392,0.009654167986549451,0.009654167986549451,fit
199,/home/jinsookim/HEA_MC/FeCoNiPtPd_HER/cgcnn/100/add_data/results_dir/199.cif,-0.07095995625000029,bulk,32,32,32.0,-0.07080382123332707,-0.00015613501667322005,0.00015613501667322005,-0.07059785108160027,-0.0003621051684000176,0.0003621051684000176,fit
200,/home/jinsookim/HEA_MC/FeCoNiPtPd_HER/cgcnn/100/add_data/results_dir/200.cif,-0.03574182281249971,bulk,32,32,32.0,-0.06199665181306276,0.02625482900056305,0.02625482900056305,-0.06433578443657444,0.028593961624074724,0.028593961624074724,holdout
201,/home/jinsookim/HEA_MC/FeCoNiPtPd_HER/cgcnn/100/add_data/results_dir/201.cif,-0.02806768625,bulk,32,32,32.0,-0.02736973972965647,-0.00069794652034353,0.00069794652034353,-0.02802892206241531,-3.8764187584690996e-05,3.8764187584690996e-05,holdout
202,/home/jinsookim/HEA_MC/FeCoNiPtPd_HER/cgcnn/100/add_data/results_dir/202.cif,-0.010959789687499999,bulk,32,32,32.0,-0.027103405645003076,0.016143615957503077,0.016143615957503077,-0.026012660822989225,0.015052871135489226,0.015052871135489226,fit
203,/home/jinsookim/HEA_MC/FeCoNiPtPd_HER/cgcnn/100/add_data/results_dir/203.cif,-0.04120387093750022,bulk,32,32,32.0,-0.03695423150566425,-0.004249639431835969,0.004249639431835969,-0.03688771347564079,-0.004316157461859427,0.004316157461859427,fit
204,/home/jinsookim/HEA_MC/FeCoNiPtPd_HER/cgcnn/100/add_data/results_dir/204.cif,-0.04968715437499949,bulk,32,32,32.0,-0.03703415874154449,-0.012652995633454997,0.012652995633454997,-0.036554750516874714,-0.013132403858124773,0.013132403858124773,fit
205,/home/jinsookim/HEA_MC/FeCoNiPtPd_HER/cgcnn/100/add_data/results_dir/205.cif,0.0035372490625000808,bulk,32,32,32.0,-0.008923062352636122,0.012460311415136203,0.012460311415136203,-0.0079763266453833,0.01151357570788338,0.01151357570788338,holdout
206,/home/jinsookim/HEA_MC/FeCoNiPtPd_HER/cgcnn/100/add_data/results_dir/206.cif,-0.08256430156249994,bulk,32,32,32.0,-0.08187974831799592,-0.0006845532445040187,0.0006845532445040187,-0.08136520939111604,-0.0011990921713839059,0.0011990921713839059,fit
207,/home/jinsookim/HEA_MC/FeCoNiPtPd_HER/cgcnn/100/add_data/results_dir/207.cif,-0.049399455312499896,bulk,32,32,32.0,-0.04976077720985016,0.0003613218973502613,0.0003613218973502613,-0.05161128097490437,0.002211825662404472,0.002211825662404472,fit
208,/home/jinsookim/HEA_MC/FeCoNiPtPd_HER/cgcnn/100/add_data/results_dir/208.cif,0.02973490031249959,bulk,32,32,32.0,-0.04766078757630918,0.07739568788880877,0.07739568788880877,-0.045966828331716544,0.07570172864421613,0.07570172864421613,fit
209,/home/jinsookim/HEA_MC/FeCoNiPtPd_HER/cgcnn/100/add_data/results_dir/209.cif,-0.02154384749999938,bulk,32,32,32.0,-0.010104177123578804,-0.011439670376420576,0.011439670376420576,-0.010420950869929156,-0.011122896630070224,0.011122896630070224,fit
210,/home/jinsookim/HEA_MC/FeCoNiPtPd_HER/cgcnn/100/add_data/results_dir/210.cif,0.06359138468750025,bulk,32,32,32.0,-0.0069978840563751,0.07058926874387535,0.07058926874387535,-0.008277093781058302,0.07186847846855855,0.07186847846855855,fit
211,/home/jinsookim/HEA_MC/FeCoNiPtPd_HER/cgcnn/100/add_data/results_dir/211.cif,-0.05598398406249938,bulk,32,32,32.0,-0.05349844782692899,-0.002485536235570393,0.002485536235570393,-0.05467161394764985,-0.0013123701148495329,0.0013123701148495329,fit
212,/home/jinsookim/HEA_MC/FeCoNiPtPd_HER/cgcnn/100/add_data/results_dir/212.cif,-0.047568844687499556,bulk,32,32,32.0,-0.048084305199349156,0.0005154605118495997,0.0005154605118495997,-0.04795917997866901,0.0003903352911694552,0.0003903352911694552,fit
213,/home/jinsookim/HEA_MC/FeCoNiPtPd_HER/cgcnn/100/add_data/results_dir/213.cif,-0.05961072437499926,bulk,32,32,32.0,-0.05415995612020588,-0.005450768254793376,0.005450768254793376,-0.052944714186936505,-0.006666010188062753,0.006666010188062753,fit
214,/home/jinsookim/HEA_MC/FeCoNiPtPd_HER/cgcnn/100/add_data/results_dir/214.cif,-0.08623942124999928,bulk,32,32,32.0,-0.06911370050002216,-0.01712572074997712,0.01712572074997712,-0.06919354870793688,-0.0170458725420624,0.0170458725420624,fit
215,/home/jinsookim/HEA_MC/FeCoNiPtPd_HER/cgcnn/100/add_data/results_dir/215.cif,-0.05409012531250035,bulk,32,32,32.0,-0.05271732513438696,-0.0013728001781133856,0.0013728001781133856,-0.051833845026894684,-0.0022562802856056635,0.0022562802856056635,fit
216,/home/jinsookim/HEA_MC/FeCoNiPtPd_HER/cgcnn/100/add_data/results_dir/216.cif,-0.06051638156249961,bulk,32,32,32.0,-0.04681048195902723,-0.013705899603472384,0.013705899603472384,-0.046200695424837165,-0.014315686137662445,0.014315686137662445,holdout
217,/home/jinsookim/HEA_MC/FeCoNiPtPd_HER/cgcnn/100/add_data/results_dir/217.cif,0.044477805000000536,bulk,32,32,32.0,-0.026340993288655478,0.07081879828865602,0.07081879828865602,-0.024106559564833277,0.06858436456483381,0.06858436456483381,fit
218,/home/jinsookim/HEA_MC/FeCoNiPtPd_HER/cgcnn/100/add_data/results_dir/218.cif,-0.025240728124999556,bulk,32,32,32.0,-0.0284387951431002,0.003198067018100645,0.003198067018100645,-0.02800347783826733,0.002762749713267773,0.002762749713267773,fit
219,/home/jinsookim/HEA_MC/FeCoNiPtPd_HER/cgcnn/100/add_data/results_dir/219.cif,-0.058882375625000094,bulk,32,32,32.0,-0.04724462168048959,-0.011637753944510505,0.011637753944510505,-0.04741491772904266,-0.011467457895957434,0.011467457895957434,fit
220,/home/jinsookim/HEA_MC/FeCoNiPtPd_HER/cgcnn/100/add_data/results_dir/220.cif,-0.015323734062500094,bulk,32,32,32.0,-0.012104924212024127,-0.003218809850475967,0.003218809850475967,-0.009306610148001502,-0.006017123914498592,0.006017123914498592,fit
221,/home/jinsookim/HEA_MC/FeCoNiPtPd_HER/cgcnn/100/add_data/results_dir/221.cif,-0.03671165281249955,bulk,32,32,32.0,-0.024255892569921736,-0.012455760242577815,0.012455760242577815,-0.023659909843994742,-0.01305174296850481,0.01305174296850481,fit
222,/home/jinsookim/HEA_MC/FeCoNiPtPd_HER/cgcnn/100/add_data/results_dir/222.cif,-0.061004938750000015,bulk,32,32,32.0,-0.07131846784859505,0.010313529098595037,0.010313529098595037,-0.07246693856267963,0.011461999812679619,0.011461999812679619,fit
223,/home/jinsookim/HEA_MC/FeCoNiPtPd_HER/cgcnn/100/add_data/results_dir/223.cif,-0.04453458124999976,bulk,32,32,32.0,-0.031864571455643156,-0.012670009794356604,0.012670009794356604,-0.030720175973711423,-0.013814405276288338,0.013814405276288338,fit
224,/home/jinsookim/HEA_MC/FeCoNiPtPd_HER/cgcnn/100/add_data/results_dir/224.cif,-0.021981274062500056,bulk,32,32,32.0,-0.03561721778503605,0.013635943722535994,0.013635943722535994,-0.03523884908522734,0.013257575022727286,0.013257575022727286,fit
225,/home/jinsookim/HEA_MC/FeCoNiPtPd_HER/cgcnn/100/add_data/results_dir/225.cif,-0.05636271062499976,bulk,32,32,32.0,-0.04268743590103245,-0.013675274723967304,0.013675274723967304,-0.03908867541145379,-0.017274035213545966,0.017274035213545966,fit
226,/home/jinsookim/HEA_MC/FeCoNiPtPd_HER/cgcnn/100/add_data/results_dir/226.cif,0.03955749718749946,bulk,32,32,32.0,-0.03400392128366894,0.0735614184711684,0.0735614184711684,-0.031935162858960746,0.07149266004646021,0.07149266004646021,fit
227,/home/jinsookim/HEA_MC/FeCoNiPtPd_HER/cgcnn/100/add_data/results_dir/227.cif,-0.04689205531250007,bulk,32,32,32.0,-0.03241857382668806,-0.014473481485812012,0.014473481485812012,-0.03379948663224286,-0.01309256868025721,0.01309256868025721,fit
228,/home/jinsookim/HEA_MC/FeCoNiPtPd_HER/cgcnn/100/add_data/results_dir/228.cif,-0.034294123750000516,bulk,32,32,32.0,-0.025809529486190887,-0.008484594263809628,0.008484594263809628,-0.026037098485012615,-0.0082570252649879,0.0082570252649879,fit
229,/home/jinsookim/HEA_MC/FeCoNiPtPd_HER/cgcnn/100/add_data/results_dir/229.cif,-0.03568053374999991,bulk,32,32,32.0,-0.032785411387980794,-0.002895122362019116,0.002895122362019116,-0.03490218387272908,-0.00077834987727083,0.00077834987727083,fit
230,/home/jinsookim/HEA_MC/FeCoNiPtPd_HER/cgcnn/100/add_data/results_dir/230.cif,-0.04672792406250004,bulk,32,32,32.0,-0.05660909054283033,0.009881166480330293,0.009881166480330293,-0.055085307947482565,0.008357383884982528,0.008357383884982528,holdout
231,/home/jinsookim/HEA_MC/FeCoNiPtPd_HER/cgcnn/100/add_data/results_dir/231.cif,-0.02724988406249995,bulk,32,32,32.0,-0.0467915393595353,0.019541655297035346,0.019541655297035346,-0.044850476860748084,0.017600592798248132,0.017600592798248132,fit
232,/home/jinsookim/HEA_MC/FeCoNiPtPd_HER/cgcnn/100/add_data/results_dir/232.cif,-0.05672298812500021,bulk,32,32,32.0,-0.045343405730158985,-0.011379582394841221,0.011379582394841221,-0.04727921521058545,-0.009443772914414755,0.009443772914414755,fit
233,/home/jinsookim/HEA_MC/FeCoNiPtPd_HER/cgcnn/100/add_data/results_dir/233.cif,-0.07729313843750063,bulk,32,32,32.0,-0.06324120249306424,-0.014051935944436392,0.014051935944436392,-0.06274852818442639,-0.014544610253074242,0.014544610253074242,fit
234,/home/jinsookim/HEA_MC/FeCoNiPtPd_HER/cgcnn/100/add_data/results_dir/234.cif,-0.06222313750000019,bulk,32,32,32.0,-0.03717259652448826,-0.02505054097551193,0.02505054097551193,-0.0365579197798475,-0.02566521772015269,0.02566521772015269,fit
235,/home/jinsookim/HEA_MC/FeCoNiPtPd_HER/cgcnn/100/add_data/results_dir/235.cif,-0.018740681249999724,bulk,32,32,32.0,-0.049619239631081384,0.03087855838108166,0.03087855838108166,-0.05006593382533204,0.031325252575332314,0.031325252575332314,fit
236,/home/jinsookim/HEA_MC/FeCoNiPtPd_HER/cgcnn/100/add_data/results_dir/236.cif,-0.061463286250000415,bulk,32,32,32.0,-0.06617733026720027,0.004714044017199853,0.004714044017199853,-0.06725329221717602,0.005790005967175604,0.005790005967175604,fit
237,/home/jinsookim/HEA_MC/FeCoNiPtPd_HER/cgcnn/100/add_data/results_dir/237.cif,0.011789138750000205,bulk,32,32,32.0,-0.06798279341925653,0.07977193216925674,0.07977193216925674,-0.06546533505781786,0.07725447380781807,0.07725447380781807,fit
238,/home/jinsookim/HEA_MC/FeCoNiPtPd_HER/cgcnn/100/add_data/results_dir/238.cif,-0.028821445312499527,bulk,32,32,32.0,-0.024075281486033075,-0.004746163826466452,0.004746163826466452,-0.02417691977332779,-0.0046445255391717385,0.0046445255391717385,fit
239,/home/jinsookim/HEA_MC/FeCoNiPtPd_HER/cgcnn/100/add_data/results_dir/239.cif,-0.07418237468750011,bulk,32,32,32.0,-0.06320163630218492,-0.010980738385315186,0.010980738385315186,-0.06251720680293299,-0.011665167884567118,0.011665167884567118,fit
240,/home/jinsookim/HEA_MC/FeCoNiPtPd_HER/cgcnn/100/add_data/results_dir/240.cif,-0.06265187218749979,bulk,32,32,32.0,-0.04528608277591604,-0.017365789411583753,0.017365789411583753,-0.04603073505243073,-0.01662113713506906,0.01662113713506906,fit
241,/home/jinsookim/HEA_MC/FeCoNiPtPd_HER/cgcnn/100/add_data/results_dir/241.cif,-0.01973220156250033,bulk,32,32,32.0,-0.016996145953215157,-0.002736055609285172,0.002736055609285172,-0.015970692756000753,-0.0037615088064995757,0.0037615088064995757,holdout
242,/home/jinsookim/HEA_MC/FeCoNiPtPd_HER/cgcnn/100/add_data/results_dir/242.cif,-0.09178050562500051,bulk,32,32,32.0,-0.05803148279564582,-0.033749022829354686,0.033749022829354686,-0.056045026404930545,-0.03573547922006996,0.03573547922006996,fit
243,/home/jinsookim/HEA_MC/FeCoNiPtPd_HER/cgcnn/100/add_data/results_dir/243.cif,-0.08801855187499985,bulk,32,32,32.0,-0.06083709315406782,-0.027181458720932028,0.027181458720932028,-0.061160743689283814,-0.026857808185716037,0.026857808185716037,fit
244,/home/jinsookim/HEA_MC/FeCoNiPtPd_HER/cgcnn/100/add_data/results_dir/244.cif,-0.07412187812500015,bulk,32,32,32.0,-0.05900139299010766,-0.015120485134892489,0.015120485134892489,-0.05986022909722011,-0.014261649027780043,0.014261649027780043,fit
245,/home/jinsookim/HEA_MC/FeCoNiPtPd_HER/cgcnn/100/add_data/results_dir/245.cif,-0.0692827203125006,bulk,32,32,32.0,-0.039329572846418234,-0.029953147466082367,0.029953147466082367,-0.04113510966258678,-0.02814761064991382,0.02814761064991382,fit
246,/home/jinsookim/HEA_MC/FeCoNiPtPd_HER/cgcnn/100/add_data/results_dir/246.cif,-0.07481787531250017,bulk,32,32,32.0,-0.07625869417449951,0.0014408188619993434,0.0014408188619993434,-0.07774548288630484,0.002927607573804669,0.002927607573804669,fit
247,/home/jinsookim/HEA_MC/FeCoNiPtPd_HER/cgcnn/100/add_data/results_dir/247.cif,-0.016077200312500928,bulk,32,32,32.0,-0.022988365366698703,0.006911165054197775,0.006911165054197775,-0.02122105479445836,0.005143854481957432,0.005143854481957432,fit
248,/home/jinsookim/HEA_MC/FeCoNiPtPd_HER/cgcnn/100/add_data/results_dir/248.cif,-0.01602920906250027,bulk,32,32,32.0,-0.015721469015477,-0.0003077400470232715,0.0003077400470232715,-0.01688496559095721,0.0008557565284569371,0.0008557565284569371,fit
249,/home/jinsookim/HEA_MC/FeCoNiPtPd_HER/cgcnn/100/add_data/results_dir/249.cif,-0.04148732406249955,bulk,32,32,32.0,-0.05095794657939742,0.00947062251689787,0.00947062251689787,-0.05062041862254056,0.009133094560041008,0.009133094560041008,fit
250,/home/jinsookim/HEA_MC/FeCoNiPtPd_HER/cgcnn/100/add_data/results_dir/250.cif,0.03428775531249961,bulk,32,32,32.0,-0.02817129945214479,0.0624590547646444,0.0624590547646444,-0.02564786808650542,0.05993562339900503,0.05993562339900503,fit
251,/home/jinsookim/HEA_MC/FeCoNiPtPd_HER/cgcnn/100/add_data/results_dir/251.cif,-0.04559560031249976,bulk,32,32,32.0,-0.03224644692605135,-0.01334915338644841,0.01334915338644841,-0.032725801340784,-0.012869798971715765,0.012869798971715765,fit
252,/home/jinsookim/HEA_MC/FeCoNiPtPd_HER/cgcnn/100/add_data/results_dir/252.cif,-0.0821749246875001,bulk,32,32,32.0,-0.09042232744195813,0.008247402754458039,0.008247402754458039,-0.09130293175993456,0.009128007072434469,0.009128007072434469,holdout
253,/home/jinsookim/HEA_MC/FeCoNiPtPd_HER/cgcnn/100/add_data/results_dir/253.cif,-0.05472283562500024,bulk,32,32,32.0,-0.009505026958593833,-0.045217808666406414,0.045217808666406414,-0.009024116789228657,-0.04569871883577159,0.04569871883577159,fit
254,/home/jinsookim/HEA_MC/FeCoNiPtPd_HER/cgcnn/100/add_data/results_dir/254.cif,-0.051433958750000563,bulk,32,32,32.0,-0.06058453319718988,0.009150574447189315,0.009150574447189315,-0.05911465521406335,0.007680696464062789,0.007680696464062789,fit
255,/home/jinsookim/HEA_MC/FeCoNiPtPd_HER/cgcnn/100/add_data/results_dir/255.cif,-0.041700257500000504,bulk,32,32,32.0,-0.061063028590583636,0.019362771090583132,0.019362771090583132,-0.061259793526690795,0.01955953602669029,0.01955953602669029,fit
256,/home/jinsookim/HEA_MC/FeCoNiPtPd_HER/cgcnn/100/add_data/results_dir/256.cif,-0.023544338124999342,bulk,32,32,32.0,-0.020016618932562277,-0.003527719192437065,0.003527719192437065,-0.019665725545915367,-0.0038786125790839752,0.0038786125790839752,fit
257,/home/jinsookim/HEA_MC/FeCoNiPtPd_HER/cgcnn/100/add_data/results_dir/257.cif,-0.06554924406249985,bulk,32,32,32.0,-0.04227873727071571,-0.023270506791784135,0.023270506791784135,-0.0463271721713323,-0.019222071891167543,0.019222071891167543,fit
258,/home/jinsookim/HEA_MC/FeCoNiPtPd_HER/cgcnn/100/add_data/results_dir/258.cif,-0.02624026093749965,bulk,32,32,32.0,-0.048687175906612874,0.022446914969113226,0.022446914969113226,-0.04996700104656854,0.02372674010906889,0.02372674010906889,fit
259,/home/jinsookim/HEA_MC/FeCoNiPtPd_HER/cgcnn/100/add_data/results_dir/259.cif,-0.05084675187500043,bulk,32,32,32.0,-0.046203983755834,-0.004642768119166432,0.004642768119166432,-0.046007532988430765,-0.004839218886569664,0.004839218886569664,fit
260,/home/jinsookim/HEA_MC/FeCoNiPtPd_HER/cgcnn/100/add_data/results_dir/260.cif,-0.058744514687500526,bulk,32,32,32.0,-0.059670021964222664,0.0009255072767221373,0.0009255072767221373,-0.05921705947714607,0.00047254478964554175,0.00047254478964554175,fit
261,/home/jinsookim/HEA_MC/FeCoNiPtPd_HER/cgcnn/100/add_data/results_dir/261.cif,0.06684752906249969,bulk,32,32,32.0,-0.017892929622479903,0.08474045868497959,0.08474045868497959,-0.018550983571663026,0.08539851263416272,0.08539851263416272,fit
262,/home/jinsookim/HEA_MC/FeCoNiPtPd_HER/cgcnn/100/add_data/results_dir/262.cif,0.027306370937500546,bulk,32,32,32.0,-0.0357888849962615,0.06309525593376204,0.06309525593376204,-0.03492186997194012,0.062228240909440666,0.062228240909440666,fit
263,/home/jinsookim/HEA_MC/FeCoNiPtPd_HER/cgcnn/100/add_data/results_dir/263.cif,0.004211024374999539,bulk,32,32,32.0,-0.0265605991798531,0.030771623554852637,0.030771623554852637,-0.026274909773116806,0.030485934148116345,0.030485934148116345,fit
264,/home/jinsookim/HEA_MC/FeCoNiPtPd_HER/cgcnn/100/add_data/results_dir/264.cif,0.0035724756250008483,bulk,32,32,32.0,0.012792863286866527,-0.009220387661865679,0.009220387661865679,0.012993526569955517,-0.009421050944954669,0.009421050944954669,fit
265,/home/jinsookim/HEA_MC/FeCoNiPtPd_HER/cgcnn/100/add_data/results_dir/265.cif,-0.04190308499999951,bulk,32,32,32.0,-0.03582922473568444,-0.00607386026431507,0.00607386026431507,-0.03599622987985991,-0.005906855120139595,0.005906855120139595,fit
266,/home/jinsookim/HEA_MC/FeCoNiPtPd_HER/cgcnn/100/add_data/results_dir/266.cif,0.11051938093750024,bulk,32,32,32.0,0.012230400310630963,0.09828898062686928,0.09828898062686928,0.014457691623018238,0.096061689314482,0.096061689314482,fit
267,/home/jinsookim/HEA_MC/FeCoNiPtPd_HER/cgcnn/100/add_data/results_dir/267.cif,0.07757073750000032,bulk,32,32,32.0,0.015366242938167336,0.06220449456183298,0.06220449456183298,0.014040493794889114,0.0635302437051112,0.0635302437051112,fit
268,/home/jinsookim/HEA_MC/FeCoNiPtPd_HER/cgcnn/100/add_data/results_dir/268.cif,0.012541953437500197,bulk,32,32,32.0,-0.0570050060010352,0.0695469594385354,0.0695469594385354,-0.05696194508647143,0.06950389852397162,0.06950389852397162,fit
269,/home/jinsookim/HEA_MC/FeCoNiPtPd_HER/cgcnn/100/add_data/results_dir/269.cif,-0.02564780281250023,bulk,32,32,32.0,-0.027689732603029378,0.002041929790529147,0.002041929790529147,-0.026081862564531523,0.00043405975203129193,0.00043405975203129193,holdout
270,/home/jinsookim/HEA_MC/FeCoNiPtPd_HER/cgcnn/100/add_data/results_dir/270.cif,-0.051904298125000636,bulk,32,32,32.0,-0.05334924235269224,0.0014449442276916052,0.0014449442276916052,-0.05347703283719525,0.001572734712194615,0.001572734712194615,fit
271,/home/jinsookim/HEA_MC/FeCoNiPtPd_HER/cgcnn/100/add_data/results_dir/271.cif,-0.035971705624999295,bulk,32,32,32.0,-0.03864579302685433,0.002674087401855034,0.002674087401855034,-0.037884941926712136,0.001913236301712841,0.001913236301712841,fit
272,/home/jinsookim/HEA_MC/FeCoNiPtPd_HER/cgcnn/100/add_data/results_dir/272.cif,-0.018277936875000123,bulk,32,32,32.0,-0.06507837381914523,0.04680043694414511,0.04680043694414511,-0.06388569643367818,0.04560775955867806,0.04560775955867806,fit
273,/home/jinsookim/HEA_MC/FeCoNiPtPd_HER/cgcnn/100/add_data/results_dir/273.cif,0.03770430125000068,bulk,32,32,32.0,-0.03279753296701216,0.07050183421701284,0.07050183421701284,-0.032090540581946436,0.06979484183194712,0.06979484183194712,fit
274,/home/jinsookim/HEA_MC/FeCoNiPtPd_HER/cgcnn/100/add_data/results_dir/274.cif,-0.05966825249999985,bulk,32,32,32.0,-0.05133713738011722,-0.008331115119882632,0.008331115119882632,-0.05235710777475398,-0.007311144725245869,0.007311144725245869,fit
275,/home/jinsookim/HEA_MC/FeCoNiPtPd_HER/cgcnn/100/add_data/results_dir/275.cif,-0.02502364812499991,bulk,32,32,32.0,-0.018639476612552292,-0.006384171512447617,0.006384171512447617,-0.01776018767799773,-0.007263460447002178,0.007263460447002178,fit
276,/home/jinsookim/HEA_MC/FeCoNiPtPd_HER/cgcnn/100/add_data/results_dir/276.cif,-0.01964023781249935,bulk,32,32,32.0,-0.05661494165941525,0.036974703846915896,0.036974703846915896,-0.060055588445944455,0.040415350633445105,0.040415350633445105,holdout
277,/home/jinsookim/HEA_MC/FeCoNiPtPd_HER/cgcnn/100/add_data/results_dir/277.cif,-0.05563581406249973,bulk,32,32,32.0,-0.04295653203681164,-0.01267928202568809,0.01267928202568809,-0.04144859011103754,-0.014187223951462193,0.014187223951462193,fit
278,/home/jinsookim/HEA_MC/FeCoNiPtPd_HER/cgcnn/100/add_data/results_dir/278.cif,-0.0599477946875,bulk,32,32,32.0,-0.0447925801662294,-0.015155214521270603,0.015155214521270603,-0.045804304292543854,-0.014143490394956146,0.014143490394956146,fit
279,/home/jinsookim/HEA_MC/FeCoNiPtPd_HER/cgcnn/100/add_data/results_dir/279.cif,-0.056790456875000395,bulk,32,32,32.0,-0.020706945239755765,-0.03608351163524463,0.03608351163524463,-0.020079353652118333,-0.03671110322288206,0.03671110322288206,fit
280,/home/jinsookim/HEA_MC/FeCoNiPtPd_HER/cgcnn/100/add_data/results_dir/280.cif,-0.015247411249999843,bulk,32,32,32.0,-0.02013552341596108,0.004888112165961238,0.004888112165961238,-0.020650622369721403,0.005403211119721561,0.005403211119721561,fit
281,/home/jinsookim/HEA_MC/FeCoNiPtPd_HER/cgcnn/100/add_data/results_dir/281.cif,-0.05746840124999952,bulk,32,32,32.0,-0.06999868804054499,0.012530286790545464,0.012530286790545464,-0.06762221390584676,0.010153812655847236,0.010153812655847236,fit
282,/home/jinsookim/HEA_MC/FeCoNiPtPd_HER/cgcnn/100/add_data/results_dir/282.cif,-0.09208547312500048,bulk,32,32,32.0,-0.07797857599301201,-0.014106897131988469,0.014106897131988469,-0.08007625227792457,-0.01200922084707591,0.01200922084707591,fit
283,/home/jinsookim/HEA_MC/FeCoNiPtPd_HER/cgcnn/100/add_data/results_dir/283.cif,-0.05873737906250032,bulk,32,32,32.0,-0.07795424967776995,0.019216870615269638,0.019216870615269638,-0.0782729567679681,0.01953557770546778,0.01953557770546778,fit
284,/home/jinsookim/HEA_MC/FeCoNiPtPd_HER/cgcnn/100/add_data/results_dir/284.cif,-0.06671582718750102,bulk,32,32,32.0,-0.05106589734830409,-0.015649929839196927,0.015649929839196927,-0.05150873097392585,-0.015207096213575168,0.015207096213575168,fit
285,/home/jinsookim/HEA_MC/FeCoNiPtPd_HER/cgcnn/100/add_data/results_dir/285.cif,0.039610557187500284,bulk,32,32,32.0,-0.008400774757105914,0.048011331944606196,0.048011331944606196,-0.009938473769419228,0.04954903095691951,0.04954903095691951,fit
286,/home/jinsookim/HEA_MC/FeCoNiPtPd_HER/cgcnn/100/add_data/results_dir/286.cif,-0.051431710937499986,bulk,32,32,32.0,-0.05030872264910491,-0.001122988288395077,0.001122988288395077,-0.04743804787280804,-0.003993663064691948,0.003993663064691948,fit
287,/home/jinsookim/HEA_MC/FeCoNiPtPd_HER/cgcnn/100/add_data/results_dir/287.cif,-0.04209777968750039,bulk,32,32,32.0,-0.036940874814568016,-0.005156904872932376,0.005156904872932376,-0.036523469563420626,-0.005574310124079766,0.005574310124079766,fit
288,/home/jinsookim/HEA_MC/FeCoNiPtPd_HER/cgcnn/100/add_data/results_dir/288.cif,-0.04666122718749932,bulk,32,32,32.0,-0.04410385704412847,-0.002557370143370853,0.002557370143370853,-0.043173053542400044,-0.0034881736450992767,0.0034881736450992767,holdout
289,/home/jinsookim/HEA_MC/FeCoNiPtPd_HER/cgcnn/100/add_data/results_dir/289.cif,-0.057764361249999396,bulk,32,32,32.0,-0.06549930641033477,0.007734945160335377,0.007734945160335377,-0.0643138333023609,0.006549472052361505,0.006549472052361505,fit
290,/home/jinsookim/HEA_MC/FeCoNiPtPd_HER/cgcnn/100/add_data/results_dir/290.cif,-0.08292878062500009,bulk,32,32,32.0,-0.07204373137290998,-0.010885049252090107,0.010885049252090107,-0.07179644252015657,-0.011132338104843514,0.011132338104843514,fit
291,/home/jinsookim/HEA_MC/FeCoNiPtPd_HER/cgcnn/100/add_data/results_dir/291.cif,-0.034778642812500316,bulk,32,32,32.0,-0.029169387876679446,-0.00560925493582087,0.00560925493582087,-0.02799892872441228,-0.006779714088088036,0.006779714088088036,fit
292,/home/jinsookim/HEA_MC/FeCoNiPtPd_HER/cgcnn/100/add_data/results_dir/292.cif,-0.07094500749999977,bulk,32,32,32.0,-0.06648467096935058,-0.0044603365306491866,0.0044603365306491866,-0.06564979828697587,-0.005295209213023899,0.005295209213023899,fit
293,/home/jinsookim/HEA_MC/FeCoNiPtPd_HER/cgcnn/100/add_data/results_dir/293.cif,-0.03414649812500059,bulk,32,32,32.0,-0.051982818474242416,0.017836320349241826,0.017836320349241826,-0.05238390898404689,0.018237410859046302,0.018237410859046302,fit
294,/home/jinsookim/HEA_MC/FeCoNiPtPd_HER/cgcnn/100/add_data/results_dir/294.cif,0.004468096562500357,bulk,32,32,32.0,-0.024559441006784026,0.029027537569284383,0.029027537569284383,-0.02442572662009021,0.028893823182590567,0.028893823182590567,fit
295,/home/jinsookim/HEA_MC/FeCoNiPtPd_HER/cgcnn/100/add_data/results_dir/295.cif,-0.05328981656249976,bulk,32,32,32.0,-0.0457788187484924,-0.00751099781400736,0.00751099781400736,-0.0439868893318447,-0.00930292723065506,0.00930292723065506,holdout
296,/home/jinsookim/HEA_MC/FeCoNiPtPd_HER/cgcnn/100/add_data/results_dir/296.cif,-0.04488771375000056,bulk,32,32,32.0,-0.01572373714138024,-0.02916397660862032,0.02916397660862032,-0.012030659139090811,-0.03285705461090975,0.03285705461090975,fit
297,/home/jinsookim/HEA_MC/FeCoNiPtPd_HER/cgcnn/100/add_data/results_dir/297.cif,-0.0803569637499999,bulk,32,32,32.0,-0.049038611179048945,-0.031318352570950954,0.031318352570950954,-0.0492273375457522,-0.031129626204247696,0.031129626204247696,fit
298,/home/jinsookim/HEA_MC/FeCoNiPtPd_HER/cgcnn/100/add_data/results_dir/298.cif,-0.04002127250000065,bulk,32,32,32.0,-0.02221716218868446,-0.01780411031131619,0.01780411031131619,-0.019847585239635757,-0.020173687260364892,0.020173687260364892,fit
299,/home/jinsookim/HEA_MC/FeCoNiPtPd_HER/cgcnn/100/add_data/results_dir/299.cif,-0.04864104062500019,bulk,32,32,32.0,-0.05437149717612924,0.005730456551129054,0.005730456551129054,-0.054516940704730364,0.005875900079730177,0.005875900079730177,fit
300,/home/jinsookim/HEA_MC/FeCoNiPtPd_HER/cgcnn/100/add_data/results_dir/300.cif,-0.0649054178124997,bulk,32,32,32.0,-0.052520016880976295,-0.012385400931523405,0.012385400931523405,-0.05208196112372907,-0.012823456688770628,0.012823456688770628,fit
301,/home/jinsookim/HEA_MC/FeCoNiPtPd_HER/cgcnn/100/add_data/results_dir/301.cif,-0.05976053062500064,bulk,32,32,32.0,-0.0391978358310279,-0.02056269479397274,0.02056269479397274,-0.03867590576544583,-0.021084624859554812,0.021084624859554812,fit
302,/home/jinsookim/HEA_MC/FeCoNiPtPd_HER/cgcnn/100/add_data/results_dir/302.cif,-0.05701904093749999,bulk,32,32,32.0,-0.04310105464025585,-0.01391798629724414,0.01391798629724414,-0.04279390012147101,-0.014225140816028978,0.014225140816028978,fit
303,/home/jinsookim/HEA_MC/FeCoNiPtPd_HER/cgcnn/100/add_data/results_dir/303.cif,-0.006657552500000108,bulk,32,32,32.0,-0.013218005996869436,0.006560453496869328,0.006560453496869328,-0.012381968377704687,0.005724415877704579,0.005724415877704579,fit
304,/home/jinsookim/HEA_MC/FeCoNiPtPd_HER/cgcnn/100/add_data/results_dir/304.cif,-0.04305103812499933,bulk,32,32,32.0,-0.04257939570752543,-0.000471642417473897,0.000471642417473897,-0.04364736236565165,0.0005963242406523198,0.0005963242406523198,fit
305,/home/jinsookim/HEA_MC/FeCoNiPtPd_HER/cgcnn/100/add_data/results_dir/305.cif,-0.03736596937500014,bulk,32,32,32.0,-0.026433239016642514,-0.010932730358357626,0.010932730358357626,-0.027039085911311198,-0.010326883463688943,0.010326883463688943,fit
306,/home/jinsookim/HEA_MC/FeCoNiPtPd_HER/cgcnn/100/add_data/results_dir/306.cif,-0.05651905156249981,bulk,32,32,32.0,-0.0351450821452829,-0.021373969417216913,0.021373969417216913,-0.03553493917818742,-0.020984112384312394,0.020984112384312394,fit
307,/home/jinsookim/HEA_MC/FeCoNiPtPd_HER/cgcnn/100/add_data/results_dir/307.cif,-0.008900195312500081,bulk,32,32,32.0,-0.0038070993079098994,-0.005093096004590182,0.005093096004590182,-0.004611615845072338,-0.004288579467427743,0.004288579467427743,fit
308,/home/jinsookim/HEA_MC/FeCoNiPtPd_HER/cgcnn/100/add_data/results_dir/308.cif,-0.04302520124999987,bulk,32,32,32.0,-0.03438536240352262,-0.008639838846477246,0.008639838846477246,-0.03538760288138099,-0.007637598368618874,0.007637598368618874,fit
309,/home/jinsookim/HEA_MC/FeCoNiPtPd_HER/cgcnn/100/add_data/results_dir/309.cif,-0.0679670540624997,bulk,32,32,32.0,-0.051273840340154905,-0.016693213722344794,0.016693213722344794,-0.05173236806782475,-0.016234685994674952,0.016234685994674952,fit
310,/home/jinsookim/HEA_MC/FeCoNiPtPd_HER/cgcnn/100/add_data/results_dir/310.cif,-0.045513223749999554,bulk,32,32,32.0,-0.030238376135946744,-0.01527484761405281,0.01527484761405281,-0.029029686090446025,-0.01648353765955353,0.01648353765955353,fit
311,/home/jinsookim/HEA_MC/FeCoNiPtPd_HER/cgcnn/100/add_data/results_dir/311.cif,-0.059032141562499696,bulk,32,32,32.0,-0.05874315150224026,-0.0002889900602594392,0.0002889900602594392,-0.058273074840674774,-0.000759066721824922,0.000759066721824922,fit
312,/home/jinsookim/HEA_MC/FeCoNiPtPd_HER/cgcnn/100/add_data/results_dir/312.cif,-0.08293783250000075,bulk,32,32,32.0,-0.07444211764187092,-0.008495714858129833,0.008495714858129833,-0.07551201857815151,-0.007425813921849239,0.007425813921849239,fit
313,/home/jinsookim/HEA_MC/FeCoNiPtPd_HER/cgcnn/100/add_data/results_dir/313.cif,-0.03379161843749934,bulk,32,32,32.0,-0.02889443976652155,-0.004897178670977789,0.004897178670977789,-0.027516260168408677,-0.006275358269090661,0.006275358269090661,fit
314,/home/jinsookim/HEA_MC/FeCoNiPtPd_HER/cgcnn/100/add_data/results_dir/314.cif,-0.08731963843750012,bulk,32,32,32.0,-0.07388424623404115,-0.013435392203458976,0.013435392203458976,-0.07199015259715695,-0.015329485840343174,0.015329485840343174,fit
315,/home/jinsookim/HEA_MC/FeCoNiPtPd_HER/cgcnn/100/add_data/results_dir/315.cif,-0.07703431437500008,bulk,32,32,32.0,-0.06851759222076034,-0.008516722154239736,0.008516722154239736,-0.06934681433076967,-0.007687500044230411,0.007687500044230411,holdout
316,/home/jinsookim/HEA_MC/FeCoNiPtPd_HER/cgcnn/100/add_data/results_dir/316.cif,-0.01570964343749992,bulk,32,32,32.0,-0.027604685066807036,0.011895041629307115,0.011895041629307115,-0.02777634365831056,0.01206670022081064,0.01206670022081064,fit
317,/home/jinsookim/HEA_MC/FeCoNiPtPd_HER/cgcnn/100/add_data/results_dir/317.cif,-0.05553254031249999,bulk,32,32,32.0,-0.04447223506551965,-0.011060305246980338,0.011060305246980338,-0.04434483094065618,-0.01118770937184381,0.01118770937184381,fit
318,/home/jinsookim/HEA_MC/FeCoNiPtPd_HER/cgcnn/100/add_data/results_dir/318.cif,-0.011964984062499795,bulk,32,32,32.0,-0.028141900513574413,0.016176916451074618,0.016176916451074618,-0.025790040729713144,0.01382505666721335,0.01382505666721335,fit
319,/home/jinsookim/HEA_MC/FeCoNiPtPd_HER/cgcnn/100/add_data/results_dir/319.cif,-0.06828518499999969,bulk,32,32,32.0,-0.05895524542364859,-0.009329939576351101,0.009329939576351101,-0.057414029986534366,-0.010871155013465326,0.010871155013465326,fit
320,/home/jinsookim/HEA_MC/FeCoNiPtPd_HER/cgcnn/100/add_data/results_dir/320.cif,-0.07096756031249996,bulk,32,32,32.0,-0.08181244168886884,0.010844881376368881,0.010844881376368881,-0.07843960730253112,0.007472046990031164,0.007472046990031164,fit
321,/home/jinsookim/HEA_MC/FeCoNiPtPd_HER/cgcnn/100/add_data/results_dir/321.cif,-0.042460744375000026,bulk,32,32,32.0,-0.037053965979382784,-0.005406778395617241,0.005406778395617241,-0.03722141682480358,-0.005239327550196446,0.005239327550196446,fit
322,/home/jinsookim/HEA_MC/FeCoNiPtPd_HER/cgcnn/100/add_data/results_dir/322.cif,-0.06973384031249985,bulk,32,32,32.0,-0.06951566862149199,-0.00021817169100786515,0.00021817169100786515,-0.07111400825575245,0.0013801679432526026,0.0013801679432526026,fit
323,/home/jinsookim/HEA_MC/FeCoNiPtPd_HER/cgcnn/100/add_data/results_dir/323.cif,-0.04383520718750056,bulk,32,32,32.0,-0.027210042534395712,-0.016625164653104846,0.016625164653104846,-0.026766230196738607,-0.01706897699076195,0.01706897699076195,fit
324,/home/jinsookim/HEA_MC/FeCoNiPtPd_HER/cgcnn/100/add_data/results_dir/324.cif,-0.037347506562499966,bulk,32,32,32.0,-0.027675359589659377,-0.009672146972840589,0.009672146972840589,-0.027206913633673998,-0.010140592928825968,0.010140592928825968,fit
325,/home/jinsookim/HEA_MC/FeCoNiPtPd_HER/cgcnn/100/add_data/results_dir/325.cif,-0.06208232999999996,bulk,32,32,32.0,-0.05687465865221296,-0.005207671347787005,0.005207671347787005,-0.05662493924483483,-0.005457390755165131,0.005457390755165131,fit
326,/home/jinsookim/HEA_MC/FeCoNiPtPd_HER/cgcnn/100/add_data/results_dir/326.cif,-0.059405957500000106,bulk,32,32,32.0,-0.056608971338998004,-0.002796986161002102,0.002796986161002102,-0.056092986323265745,-0.003312971176734361,0.003312971176734361,fit
327,/home/jinsookim/HEA_MC/FeCoNiPtPd_HER/cgcnn/100/add_data/results_dir/327.cif,0.027490630624999568,bulk,32,32,32.0,-0.014256478142999997,0.041747108767999565,0.041747108767999565,-0.01466285613010583,0.0421534867551054,0.0421534867551054,fit
328,/home/jinsookim/HEA_MC/FeCoNiPtPd_HER/cgcnn/100/add_data/results_dir/328.cif,-0.07947064218750022,bulk,32,32,32.0,-0.056251264479310614,-0.023219377708189604,0.023219377708189604,-0.05642401192153672,-0.0230466302659635,0.0230466302659635,fit
329,/home/jinsookim/HEA_MC/FeCoNiPtPd_HER/cgcnn/100/add_data/results_dir/329.cif,-0.006640730624999591,bulk,32,32,32.0,-0.021438000747345122,0.01479727012234553,0.01479727012234553,-0.021413101474672222,0.01477237084967263,0.01477237084967263,fit
330,/home/jinsookim/HEA_MC/FeCoNiPtPd_HER/cgcnn/100/add_data/results_dir/330.cif,-0.05240572406249999,bulk,32,32,32.0,-0.03766747789336358,-0.01473824616913641,0.01473824616913641,-0.03413579060539423,-0.018269933457105765,0.018269933457105765,holdout
331,/home/jinsookim/HEA_MC/FeCoNiPtPd_HER/cgcnn/100/add_data/results_dir/331.cif,-0.09505843625000043,bulk,32,32,32.0,-0.046346622655360395,-0.04871181359464004,0.04871181359464004,-0.04678720247211104,-0.048271233777889395,0.048271233777889395,fit
332,/home/jinsookim/HEA_MC/FeCoNiPtPd_HER/cgcnn/100/add_data/results_dir/332.cif,-0.06294962656250025,bulk,32,32,32.0,-0.05881738745341091,-0.004132239109089338,0.004132239109089338,-0.05753585431598757,-0.0054137722465126825,0.0054137722465126825,fit
333,/home/jinsookim/HEA_MC/FeCoNiPtPd_HER/cgcnn/100/add_data/results_dir/333.cif,-0.012492212500000655,bulk,32,32,32.0,-0.02189174151360919,0.009399529013608535,0.009399529013608535,-0.021923228277060627,0.009431015777059973,0.009431015777059973,fit
334,/home/jinsookim/HEA_MC/FeCoNiPtPd_HER/cgcnn/100/add_data/results_dir/334.cif,-0.06280295562500093,bulk,32,32,32.0,-0.05725146940292195,-0.0055514862220789815,0.0055514862220789815,-0.057971393427242876,-0.0048315621977580575,0.0048315621977580575,fit
335,/home/jinsookim/HEA_MC/FeCoNiPtPd_HER/cgcnn/100/add_data/results_dir/335.cif,-0.05895487312499981,bulk,32,32,32.0,-0.06283248945485513,0.003877616329855324,0.003877616329855324,-0.06256493468362659,0.0036100615586267815,0.0036100615586267815,fit
336,/home/jinsookim/HEA_MC/FeCoNiPtPd_HER/cgcnn/100/add_data/results_dir/336.cif,-0.062157639062500714,bulk,32,32,32.0,-0.04437004522848273,-0.017787593834017984,0.017787593834017984,-0.043454049756233216,-0.018703589306267497,0.018703589306267497,fit
337,/home/jinsookim/HEA_MC/FeCoNiPtPd_HER/cgcnn/100/add_data/results_dir/337.cif,-0.050555725312499966,bulk,32,32,32.0,-0.04171017310364476,-0.008845552208855204,0.008845552208855204,-0.043049940512642826,-0.00750578479985714,0.00750578479985714,holdout
338,/home/jinsookim/HEA_MC/FeCoNiPtPd_HER/cgcnn/100/add_data/results_dir/338.cif,-0.06665852562499985,bulk,32,32,32.0,-0.06517133213124927,-0.0014871934937505799,0.0014871934937505799,-0.06561325717390008,-0.0010452684510997706,0.0010452684510997706,fit
339,/home/jinsookim/HEA_MC/FeCoNiPtPd_HER/cgcnn/100/add_data/results_dir/339.cif,0.04727507218750038,bulk,32,32,32.0,-0.017183865399067726,0.06445893758656811,0.06445893758656811,-0.01869716894090336,0.06597224112840373,0.06597224112840373,fit
340,/home/jinsookim/HEA_MC/FeCoNiPtPd_HER/cgcnn/100/add_data/results_dir/340.cif,-0.03824972500000001,bulk,32,32,32.0,-0.05931271055378945,0.021062985553789437,0.021062985553789437,-0.058835135395137496,0.020585410395137484,0.020585410395137484,fit
341,/home/jinsookim/HEA_MC/FeCoNiPtPd_HER/cgcnn/100/add_data/results_dir/341.cif,-0.06537936500000008,bulk,32,32,32.0,-0.054968336977750734,-0.010411028022249344,0.010411028022249344,-0.05564465374975915,-0.009734711250240925,0.009734711250240925,fit
342,/home/jinsookim/HEA_MC/FeCoNiPtPd_HER/cgcnn/100/add_data/results_dir/342.cif,-0.0588310609375009,bulk,32,32,32.0,-0.0509601944098534,-0.0078708665276475,0.0078708665276475,-0.05086574511243764,-0.007965315825063261,0.007965315825063261,fit
343,/home/jinsookim/HEA_MC/FeCoNiPtPd_HER/cgcnn/100/add_data/results_dir/343.cif,-0.04212206999999957,bulk,32,32,32.0,-0.04304630616448453,0.0009242361644849623,0.0009242361644849623,-0.04337300554301879,0.0012509355430192215,0.0012509355430192215,holdout
344,/home/jinsookim/HEA_MC/FeCoNiPtPd_HER/cgcnn/100/add_data/results_dir/344.cif,-0.00026459249999977175,bulk,32,32,32.0,0.005571389004951055,-0.0058359815049508264,0.0058359815049508264,0.00628135909589771,-0.006545951595897482,0.006545951595897482,fit
345,/home/jinsookim/HEA_MC/FeCoNiPtPd_HER/cgcnn/100/add_data/results_dir/345.cif,-0.06780879781249993,bulk,32,32,32.0,-0.06247935515354911,-0.005329442658950821,0.005329442658950821,-0.06212748019111624,-0.005681317621383693,0.005681317621383693,fit
346,/home/jinsookim/HEA_MC/FeCoNiPtPd_HER/cgcnn/100/add_data/results_dir/346.cif,-0.04272768156249995,bulk,32,32,32.0,-0.030945006978669427,-0.011782674583830526,0.011782674583830526,-0.030170059072605206,-0.012557622489894747,0.012557622489894747,fit
347,/home/jinsookim/HEA_MC/FeCoNiPtPd_HER/cgcnn/100/add_data/results_dir/347.cif,-0.09452312843750033,bulk,32,32,32.0,-0.06489324437729035,-0.02962988406020997,0.02962988406020997,-0.06354637515860198,-0.030976753278898345,0.030976753278898345,fit
348,/home/jinsookim/HEA_MC/FeCoNiPtPd_HER/cgcnn/100/add_data/results_dir/348.cif,-0.051179299062500405,bulk,32,32,32.0,-0.05545116873205163,0.0042718696695512245,0.0042718696695512245,-0.05601116271054505,0.0048318636480446445,0.0048318636480446445,fit
349,/home/jinsookim/HEA_MC/FeCoNiPtPd_HER/cgcnn/100/add_data/results_dir/349.cif,-0.05907428437499984,bulk,32,32,32.0,-0.04777895848786688,-0.01129532588713296,0.01129532588713296,-0.0472817164900383,-0.011792567884961538,0.011792567884961538,fit
350,/home/jinsookim/HEA_MC/FeCoNiPtPd_HER/cgcnn/100/add_data/results_dir/350.cif,-0.01665085187500015,bulk,32,32,32.0,-0.0175591317470387,0.0009082798720385504,0.0009082798720385504,-0.0178873544242239,0.0012365025492237502,0.0012365025492237502,fit
351,/home/jinsookim/HEA_MC/FeCoNiPtPd_HER/cgcnn/100/add_data/results_dir/351.cif,-0.046316149062500145,bulk,32,32,32.0,-0.03960070791505191,-0.006715441147448237,0.006715441147448237,-0.03965370570389831,-0.006662443358601833,0.006662443358601833,fit
352,/home/jinsookim/HEA_MC/FeCoNiPtPd_HER/cgcnn/100/add_data/results_dir/352.cif,-0.08528241750000021,bulk,32,32,32.0,-0.054779541422545035,-0.030502876077455172,0.030502876077455172,-0.05175353616457122,-0.03352888133542899,0.03352888133542899,fit
353,/home/jinsookim/HEA_MC/FeCoNiPtPd_HER/cgcnn/100/add_data/results_dir/353.cif,0.039720254062499905,bulk,32,32,32.0,-0.018165738983080208,0.05788599304558011,0.05788599304558011,-0.018679310519754376,0.05839956458225428,0.05839956458225428,fit
354,/home/jinsookim/HEA_MC/FeCoNiPtPd_HER/cgcnn/100/add_data/results_dir/354.cif,-0.039889590000000474,bulk,32,32,32.0,-0.042138716169919904,0.00224912616991943,0.00224912616991943,-0.04233035342816443,0.0024407634281639543,0.0024407634281639543,fit
355,/home/jinsookim/HEA_MC/FeCoNiPtPd_HER/cgcnn/100/add_data/results_dir/355.cif,-0.013023542812500288,bulk,32,32,32.0,-0.029742751852138684,0.016719209039638395,0.016719209039638395,-0.02768848301037062,0.014664940197870333,0.014664940197870333,fit
356,/home/jinsookim/HEA_MC/FeCoNiPtPd_HER/cgcnn/100/add_data/results_dir/356.cif,-0.059752938437500625,bulk,32,32,32.0,-0.028992251995468774,-0.03076068644203185,0.03076068644203185,-0.029164891179080787,-0.030588047258419838,0.030588047258419838,fit
357,/home/jinsookim/HEA_MC/FeCoNiPtPd_HER/cgcnn/100/add_data/results_dir/357.cif,-0.06829875468750046,bulk,32,32,32.0,-0.049800904709366094,-0.01849784997813437,0.01849784997813437,-0.050501895160856604,-0.01779685952664386,0.01779685952664386,fit
358,/home/jinsookim/HEA_MC/FeCoNiPtPd_HER/cgcnn/100/add_data/results_dir/358.cif,-0.028886365624999577,bulk,32,32,32.0,-0.0094305299852972,-0.01945583563970238,0.01945583563970238,-0.00957882406052207,-0.019307541564477507,0.019307541564477507,fit
359,/home/jinsookim/HEA_MC/FeCoNiPtPd_HER/cgcnn/100/add_data/results_dir/359.cif,-0.03576978593750013,bulk,32,32,32.0,-0.024129701291110566,-0.011640084646389565,0.011640084646389565,-0.023834419265671532,-0.011935366671828599,0.011935366671828599,fit
360,/home/jinsookim/HEA_MC/FeCoNiPtPd_HER/cgcnn/100/add_data/results_dir/360.cif,-0.04916598937500005,bulk,32,32,32.0,-0.06050417475355612,0.011338185378556069,0.011338185378556069,-0.06118733913837604,0.012021349763375988,0.012021349763375988,fit
361,/home/jinsookim/HEA_MC/FeCoNiPtPd_HER/cgcnn/100/add_data/results_dir/361.cif,-0.034514535625000065,bulk,32,32,32.0,-0.040535861697198576,0.0060213260721985115,0.0060213260721985115,-0.03957192705862406,0.005057391433623992,0.005057391433623992,fit
362,/home/jinsookim/HEA_MC/FeCoNiPtPd_HER/cgcnn/100/add_data/results_dir/362.cif,0.033684652499999856,bulk,32,32,32.0,-0.023213818028860796,0.056898470528860656,0.056898470528860656,-0.023058528256301,0.05674318075630086,0.05674318075630086,fit
363,/home/jinsookim/HEA_MC/FeCoNiPtPd_HER/cgcnn/100/add_data/results_dir/363.cif,0.018496703437500095,bulk,32,32,32.0,-0.007550366826876966,0.02604707026437706,0.02604707026437706,-0.0076463906544420954,0.02614309409194219,0.02614309409194219,fit
364,/home/jinsookim/HEA_MC/FeCoNiPtPd_HER/cgcnn/100/add_data/results_dir/364.cif,-0.0505102737500005,bulk,32,32,32.0,-0.04001324879343427,-0.01049702495656623,0.01049702495656623,-0.038715306496436626,-0.011794967253563875,0.011794967253563875,fit
365,/home/jinsookim/HEA_MC/FeCoNiPtPd_HER/cgcnn/100/add_data/results_dir/365.cif,-0.08094747500000032,bulk,32,32,32.0,-0.07751465984092125,-0.003432815159079075,0.003432815159079075,-0.07911415757768492,-0.0018333174223154058,0.0018333174223154058,fit
366,/home/jinsookim/HEA_MC/FeCoNiPtPd_HER/cgcnn/100/add_data/results_dir/366.cif,-0.05259349499999999,bulk,32,32,32.0,-0.05177557484934281,-0.0008179201506571809,0.0008179201506571809,-0.05126445160405019,-0.0013290433959498027,0.0013290433959498027,fit
367,/home/jinsookim/HEA_MC/FeCoNiPtPd_HER/cgcnn/100/add_data/results_dir/367.cif,0.012203186875000327,bulk,32,32,32.0,-0.05037723410969984,0.06258042098470017,0.06258042098470017,-0.04997873337813748,0.062181920253137804,0.062181920253137804,fit
368,/home/jinsookim/HEA_MC/FeCoNiPtPd_HER/cgcnn/100/add_data/results_dir/368.cif,-0.06835055781249988,bulk,32,32,32.0,-0.03535269302681128,-0.0329978647856886,0.0329978647856886,-0.03318344841999082,-0.03516710939250906,0.03516710939250906,fit
369,/home/jinsookim/HEA_MC/FeCoNiPtPd_HER/cgcnn/100/add_data/results_dir/369.cif,-0.058142554687500514,bulk,32,32,32.0,-0.04714691038116197,-0.010995644306338544,0.010995644306338544,-0.04681677838002261,-0.011325776307477907,0.011325776307477907,fit
370,/home/jinsookim/HEA_MC/FeCoNiPtPd_HER/cgcnn/100/add_data/results_dir/370.cif,-0.03225762312500002,bulk,32,32,32.0,-0.028109375777517945,-0.004148247347482079,0.004148247347482079,-0.02851725590426097,-0.0037403672207390534,0.0037403672207390534,fit
371,/home/jinsookim/HEA_MC/FeCoNiPtPd_HER/cgcnn/100/add_data/results_dir/371.cif,-0.03624135250000027,bulk,32,32,32.0,-0.032512708181823516,-0.003728644318176752,0.003728644318176752,-0.032031819110504706,-0.004209533389495562,0.004209533389495562,fit
372,/home/jinsookim/HEA_MC/FeCoNiPtPd_HER/cgcnn/100/add_data/results_dir/372.cif,-0.04017987749999996,bulk,32,32,32.0,-0.040648634369678374,0.00046875686967841335,0.00046875686967841335,-0.03882760901791693,-0.00135226848208303,0.00135226848208303,fit
373,/home/jinsookim/HEA_MC/FeCoNiPtPd_HER/cgcnn/100/add_data/results_dir/373.cif,-0.07865879718749991,bulk,32,32,32.0,-0.04768733020959694,-0.03097146697790297,0.03097146697790297,-0.05060654054972648,-0.02805225663777343,0.02805225663777343,fit
374,/home/jinsookim/HEA_MC/FeCoNiPtPd_HER/cgcnn/100/add_data/results_dir/374.cif,-0.06353039062499999,bulk,32,32,32.0,-0.057174179956880185,-0.0063562106681198036,0.0063562106681198036,-0.05659691706046058,-0.006933473564539411,0.006933473564539411,fit
375,/home/jinsookim/HEA_MC/FeCoNiPtPd_HER/cgcnn/100/add_data/results_dir/375.cif,-0.061221872499999996,bulk,32,32,32.0,-0.06668942826717492,0.00546755576717492,0.00546755576717492,-0.06599282730616357,0.004770954806163574,0.004770954806163574,fit
376,/home/jinsookim/HEA_MC/FeCoNiPtPd_HER/cgcnn/100/add_data/results_dir/376.cif,-0.06563741593750017,bulk,32,32,32.0,-0.06490322008247154,-0.0007341958550286243,0.0007341958550286243,-0.06388952862080183,-0.0017478873166983377,0.0017478873166983377,fit
377,/home/jinsookim/HEA_MC/FeCoNiPtPd_HER/cgcnn/100/add_data/results_dir/377.cif,-0.04906953343749976,bulk,32,32,32.0,-0.025086548955222377,-0.02398298448227738,0.02398298448227738,-0.025544397187253577,-0.02352513625024618,0.02352513625024618,fit
378,/home/jinsookim/HEA_MC/FeCoNiPtPd_HER/cgcnn/100/add_data/results_dir/378.cif,-0.010539498437499795,bulk,32,32,32.0,-0.01726544046551009,0.006725942028010294,0.006725942028010294,-0.01877245620099581,0.008232957763496015,0.008232957763496015,holdout
379,/home/jinsookim/HEA_MC/FeCoNiPtPd_HER/cgcnn/100/add_data/results_dir/379.cif,-0.0718219324999998,bulk,32,32,32.0,-0.065770451324072,-0.0060514811759277976,0.0060514811759277976,-0.06440812088652254,-0.007413811613477261,0.007413811613477261,holdout
380,/home/jinsookim/HEA_MC/FeCoNiPtPd_HER/cgcnn/100/add_data/results_dir/380.cif,-0.054403385624999245,bulk,32,32,32.0,-0.032907542927404936,-0.02149584269759431,0.02149584269759431,-0.03412247448529543,-0.020280911139703817,0.020280911139703817,fit
381,/home/jinsookim/HEA_MC/FeCoNiPtPd_HER/cgcnn/100/add_data/results_dir/381.cif,0.012529930000000356,bulk,32,32,32.0,-0.01046092999967881,0.022990859999679165,0.022990859999679165,-0.00969815450884701,0.022228084508847366,0.022228084508847366,fit
382,/home/jinsookim/HEA_MC/FeCoNiPtPd_HER/cgcnn/100/add_data/results_dir/382.cif,-0.04597709593750032,bulk,32,32,32.0,-0.039372861985770585,-0.006604233951729738,0.006604233951729738,-0.040504832679580535,-0.005472263257919788,0.005472263257919788,fit
383,/home/jinsookim/HEA_MC/FeCoNiPtPd_HER/cgcnn/100/add_data/results_dir/383.cif,-0.0068018806249998676,bulk,32,32,32.0,-0.056400494590360416,0.04959861396536055,0.04959861396536055,-0.054992701339184095,0.04819082071418423,0.04819082071418423,fit
384,/home/jinsookim/HEA_MC/FeCoNiPtPd_HER/cgcnn/100/add_data/results_dir/384.cif,-0.047125815312500485,bulk,32,32,32.0,-0.031083996971977196,-0.01604181834052329,0.01604181834052329,-0.03050549865197437,-0.016620316660526116,0.016620316660526116,fit
385,/home/jinsookim/HEA_MC/FeCoNiPtPd_HER/cgcnn/100/add_data/results_dir/385.cif,0.018206240312499844,bulk,32,32,32.0,0.019148854028617057,-0.0009426137161172125,0.0009426137161172125,0.021712410260295148,-0.003506169947795304,0.003506169947795304,holdout
386,/home/jinsookim/HEA_MC/FeCoNiPtPd_HER/cgcnn/100/add_data/results_dir/386.cif,-0.014796130000000574,bulk,32,32,32.0,-0.011895060603948973,-0.0029010693960516004,0.0029010693960516004,-0.012285917384083977,-0.0025102126159165968,0.0025102126159165968,fit
387,/home/jinsookim/HEA_MC/FeCoNiPtPd_HER/cgcnn/100/add_data/results_dir/387.cif,-0.036854190000000564,bulk,32,32,32.0,-0.03641903926841146,-0.000435150731589104,0.000435150731589104,-0.03512495812808783,-0.0017292318719127342,0.0017292318719127342,holdout
388,/home/jinsookim/HEA_MC/FeCoNiPtPd_HER/cgcnn/100/add_data/results_dir/388.cif,-0.020631064999999893,bulk,32,32,32.0,-0.01242899529804369,-0.008202069701956203,0.008202069701956203,-0.013611309195494501,-0.007019755804505392,0.007019755804505392,fit
389,/home/jinsookim/HEA_MC/FeCoNiPtPd_HER/cgcnn/100/add_data/results_dir/389.cif,-0.05250976468750057,bulk,32,32,32.0,-0.04482578301376365,-0.00768398167373692,0.00768398167373692,-0.04377673242164543,-0.008733032265855138,0.008733032265855138,fit
390,/home/jinsookim/HEA_MC/FeCoNiPtPd_HER/cgcnn/100/add_data/results_dir/390.cif,-0.04934983625000022,bulk,32,32,32.0,-0.013281961136593141,-0.03606787511340708,0.03606787511340708,-0.014619601375328972,-0.03473023487467125,0.03473023487467125,fit
391,/home/jinsookim/HEA_MC/FeCoNiPtPd_HER/cgcnn/100/add_data/results_dir/391.cif,-0.039872853437499245,bulk,32,32,32.0,-0.038616952195318036,-0.0012559012421812094,0.0012559012421812094,-0.035826930533906155,-0.00404592290359309,0.00404592290359309,holdout
392,/home/jinsookim/HEA_MC/FeCoNiPtPd_HER/cgcnn/100/add_data/results_dir/392.cif,-0.07468729562499998,bulk,32,32,32.0,-0.06629657952588636,-0.008390716099113626,0.008390716099113626,-0.06601853347577866,-0.008668762149221326,0.008668762149221326,fit
393,/home/jinsookim/HEA_MC/FeCoNiPtPd_HER/cgcnn/100/add_data/results_dir/393.cif,-0.037503817187499955,bulk,32,32,32.0,-0.03820945206389405,0.0007056348763940928,0.0007056348763940928,-0.039671245880899375,0.0021674286933994202,0.0021674286933994202,fit
394,/home/jinsookim/HEA_MC/FeCoNiPtPd_HER/cgcnn/100/add_data/results_dir/394.cif,-0.08094058562500006,bulk,32,32,32.0,-0.07452391314501416,-0.0064166724799858965,0.0064166724799858965,-0.07504374406755615,-0.00589684155744391,0.00589684155744391,fit
395,/home/jinsookim/HEA_MC/FeCoNiPtPd_HER/cgcnn/100/add_data/results_dir/395.cif,-0.04378305187499976,bulk,32,32,32.0,-0.06786367789318118,0.024080626018181422,0.024080626018181422,-0.06779084209870181,0.024007790223702058,0.024007790223702058,fit
396,/home/jinsookim/HEA_MC/FeCoNiPtPd_HER/cgcnn/100/add_data/results_dir/396.cif,-0.06223204156249995,bulk,32,32,32.0,-0.047237998467473286,-0.014994043095026666,0.014994043095026666,-0.046727890417459755,-0.015504151145040196,0.015504151145040196,fit
397,/home/jinsookim/HEA_MC/FeCoNiPtPd_HER/cgcnn/100/add_data/results_dir/397.cif,0.027821090625000267,bulk,32,32,32.0,-0.026950320324728168,0.054771410949728434,0.054771410949728434,-0.025142892470943257,0.05296398309594352,0.05296398309594352,fit
398,/home/jinsookim/HEA_MC/FeCoNiPtPd_HER/cgcnn/100/add_data/results_dir/398.cif,-0.04927013312499984,bulk,32,32,32.0,-0.05775138438400329,0.008481251259003453,0.008481251259003453,-0.05972720368973683,0.010457070564736992,0.010457070564736992,fit
399,/home/jinsookim/HEA_MC/FeCoNiPtPd_HER/cgcnn/100/add_data/results_dir/399.cif,-0.05636809750000005,bulk,32,32,32.0,-0.05142962060985961,-0.004938476890140438,0.004938476890140438,-0.05301873088182199,-0.003349366618178057,0.003349366618178057,fit
400,/home/jinsookim/HEA_MC/FeCoNiPtPd_HER/cgcnn/100/add_data/results_dir/400.cif,-0.05800820968750031,bulk,32,32,32.0,-0.05205693102316425,-0.005951278664336063,0.005951278664336063,-0.052120312387459136,-0.0058878973000411755,0.0058878973000411755,fit
401,/home/jinsookim/HEA_MC/FeCoNiPtPd_HER/cgcnn/100/add_data/results_dir/401.cif,-0.04280112312499984,bulk,32,32,32.0,-0.0274922663740873,-0.01530885675091254,0.01530885675091254,-0.025834622421276557,-0.016966500703723283,0.016966500703723283,holdout
402,/home/jinsookim/HEA_MC/FeCoNiPtPd_HER/cgcnn/100/add_data/results_dir/402.cif,0.030424917812499785,bulk,32,32,32.0,-0.007304721215167752,0.03772963902766754,0.03772963902766754,-0.0068610950617944595,0.03728601287429424,0.03728601287429424,fit
403,/home/jinsookim/HEA_MC/FeCoNiPtPd_HER/cgcnn/100/add_data/results_dir/403.cif,-0.09215063093750064,bulk,32,32,32.0,-0.06924821633403297,-0.022902414603467675,0.022902414603467675,-0.07022494271532212,-0.021925688222178524,0.021925688222178524,fit
404,/home/jinsookim/HEA_MC/FeCoNiPtPd_HER/cgcnn/100/add_data/results_dir/404.cif,-0.07844308343749962,bulk,32,32,32.0,-0.0664951457829367,-0.011947937654562923,0.011947937654562923,-0.06740642064653729,-0.011036662790962326,0.011036662790962326,fit
405,/home/jinsookim/HEA_MC/FeCoNiPtPd_HER/cgcnn/100/add_data/results_dir/405.cif,-0.0710195681250001,bulk,32,32,32.0,-0.06098893701053743,-0.010030631114462667,0.010030631114462667,-0.06288916852794676,-0.008130399597053334,0.008130399597053334,fit
406,/home/jinsookim/HEA_MC/FeCoNiPtPd_HER/cgcnn/100/add_data/results_dir/406.cif,-0.03223181437499978,bulk,32,32,32.0,-0.03901197020306557,0.0067801558280657925,0.0067801558280657925,-0.041132622816752465,0.008900808441752686,0.008900808441752686,holdout
407,/home/jinsookim/HEA_MC/FeCoNiPtPd_HER/cgcnn/100/add_data/results_dir/407.cif,-0.04203026531249954,bulk,32,32,32.0,-0.025196292369986335,-0.016833972942513202,0.016833972942513202,-0.024775049619361528,-0.01725521569313801,0.01725521569313801,fit
408,/home/jinsookim/HEA_MC/FeCoNiPtPd_HER/cgcnn/100/add_data/results_dir/408.cif,-0.06890767062499936,bulk,32,32,32.0,-0.04352008134195338,-0.025387589283045985,0.025387589283045985,-0.043225945658561776,-0.025681724966437586,0.025681724966437586,fit
409,/home/jinsookim/HEA_MC/FeCoNiPtPd_HER/cgcnn/100/add_data/results_dir/409.cif,-0.04207479562500005,bulk,32,32,32.0,-0.03150838508557197,-0.010566410539428077,0.010566410539428077,-0.02955037903385038,-0.012524416591149671,0.012524416591149671,fit
410,/home/jinsookim/HEA_MC/FeCoNiPtPd_HER/cgcnn/100/add_data/results_dir/410.cif,-0.02264876125000015,bulk,32,32,32.0,-0.013231872517815307,-0.009416888732184842,0.009416888732184842,-0.012920361318485441,-0.009728399931514708,0.009728399931514708,fit
411,/home/jinsookim/HEA_MC/FeCoNiPtPd_HER/cgcnn/100/add_data/results_dir/411.cif,-0.07861024468750077,bulk,32,32,32.0,-0.05044200122641613,-0.028168243461084645,0.028168243461084645,-0.04865872601119009,-0.029951518676310684,0.029951518676310684,fit
412,/home/jinsookim/HEA_MC/FeCoNiPtPd_HER/cgcnn/100/add_data/results_dir/412.cif,-0.028244550624999754,bulk,32,32,32.0,-0.02869847327762025,0.0004539226526204948,0.0004539226526204948,-0.026600630398789474,-0.0016439202262102798,0.0016439202262102798,fit
413,/home/jinsookim/HEA_MC/FeCoNiPtPd_HER/cgcnn/100/add_data/results_dir/413.cif,-0.01320386500000037,bulk,32,32,32.0,-0.013694347215688643,0.0004904822156882732,0.0004904822156882732,-0.01379514316105903,0.0005912781610586601,0.0005912781610586601,fit
414,/home/jinsookim/HEA_MC/FeCoNiPtPd_HER/cgcnn/100/add_data/results_dir/414.cif,-0.05229841937499913,bulk,32,32,32.0,-0.044799263421128804,-0.007499155953870323,0.007499155953870323,-0.044461691578153495,-0.007836727796845633,0.007836727796845633,fit
415,/home/jinsookim/HEA_MC/FeCoNiPtPd_HER/cgcnn/100/add_data/results_dir/415.cif,0.012240655624999874,bulk,32,32,32.0,-0.05707532251350737,0.06931597813850725,0.06931597813850725,-0.059298628123016756,0.07153928374801663,0.07153928374801663,fit
416,/home/jinsookim/HEA_MC/FeCoNiPtPd_HER/cgcnn/100/add_data/results_dir/416.cif,0.0229348749999998,bulk,32,32,32.0,-0.0314267966995849,0.054361671699584696,0.054361671699584696,-0.03069392255217753,0.05362879755217733,0.05362879755217733,fit
417,/home/jinsookim/HEA_MC/FeCoNiPtPd_HER/cgcnn/100/add_data/results_dir/417.cif,-0.06566673624999986,bulk,32,32,32.0,-0.052201178228043335,-0.013465558021956522,0.013465558021956522,-0.053700292216857924,-0.011966444033141933,0.011966444033141933,fit
418,/home/jinsookim/HEA_MC/FeCoNiPtPd_HER/cgcnn/100/add_data/results_dir/418.cif,-0.05956542562500022,bulk,32,32,32.0,-0.06453943744605596,0.004974011821055738,0.004974011821055738,-0.06442895016444333,0.004863524539443109,0.004863524539443109,holdout
419,/home/jinsookim/HEA_MC/FeCoNiPtPd_HER/cgcnn/100/add_data/results_dir/419.cif,-0.05412906718749966,bulk,32,32,32.0,-0.04402033990691949,-0.010108727280580168,0.010108727280580168,-0.04399124632942936,-0.010137820858070301,0.010137820858070301,fit
420,/home/jinsookim/HEA_MC/FeCoNiPtPd_HER/cgcnn/100/add_data/results_dir/420.cif,-0.0445551721875006,bulk,32,32,32.0,-0.037318765029230254,-0.0072364071582703485,0.0072364071582703485,-0.03754067670546359,-0.00701449548203701,0.00701449548203701,fit
421,/home/jinsookim/HEA_MC/FeCoNiPtPd_HER/cgcnn/100/add_data/results_dir/421.cif,-0.049975175937500005,bulk,32,32,32.0,-0.04930400593634274,-0.0006711700011572674,0.0006711700011572674,-0.04819122059229317,-0.0017839553452068321,0.0017839553452068321,fit
422,/home/jinsookim/HEA_MC/FeCoNiPtPd_HER/cgcnn/100/add_data/results_dir/422.cif,-0.08778826062499956,bulk,32,32,32.0,-0.0743185667934124,-0.013469693831587165,0.013469693831587165,-0.0744804941005798,-0.013307766524419756,0.013307766524419756,fit
423,/home/jinsookim/HEA_MC/FeCoNiPtPd_HER/cgcnn/100/add_data/results_dir/423.cif,-0.04219485374999987,bulk,32,32,32.0,-0.0467829556540771,0.004588101904077227,0.004588101904077227,-0.045182356128183894,0.002987502378184022,0.002987502378184022,fit
424,/home/jinsookim/HEA_MC/FeCoNiPtPd_HER/cgcnn/100/add_data/results_dir/424.cif,-0.02449155656250035,bulk,32,32,32.0,-0.017550230613847986,-0.006941325948652363,0.006941325948652363,-0.01615402363303827,-0.008337532929462078,0.008337532929462078,fit
425,/home/jinsookim/HEA_MC/FeCoNiPtPd_HER/cgcnn/100/add_data/results_dir/425.cif,0.025220920312500006,bulk,32,32,32.0,-0.02622366763405433,0.051444587946554335,0.051444587946554335,-0.027192669408634462,0.05241358972113447,0.05241358972113447,fit
426,/home/jinsookim/HEA_MC/FeCoNiPtPd_HER/cgcnn/100/add_data/results_dir/426.cif,-0.0531878556250005,bulk,32,32,32.0,-0.05745636482389373,0.004268509198893225,0.004268509198893225,-0.057017556443876266,0.003829700818875764,0.003829700818875764,fit
427,/home/jinsookim/HEA_MC/FeCoNiPtPd_HER/cgcnn/100/add_data/results_dir/427.cif,-0.062044525937499984,bulk,32,32,32.0,-0.052696437379382434,-0.00934808855811755,0.00934808855811755,-0.05116203899659101,-0.010882486940908973,0.010882486940908973,fit
428,/home/jinsookim/HEA_MC/FeCoNiPtPd_HER/cgcnn/100/add_data/results_dir/428.cif,-0.06471391937500037,bulk,32,32,32.0,-0.0665540768695525,0.0018401574945521304,0.0018401574945521304,-0.06512409676415618,0.0004101773891558025,0.0004101773891558025,fit
429,/home/jinsookim/HEA_MC/FeCoNiPtPd_HER/cgcnn/100/add_data/results_dir/429.cif,-0.06451823343750007,bulk,32,32,32.0,-0.06305981365208795,-0.0014584197854121267,0.0014584197854121267,-0.06378788713246797,-0.0007303463050321035,0.0007303463050321035,fit
430,/home/jinsookim/HEA_MC/FeCoNiPtPd_HER/cgcnn/100/add_data/results_dir/430.cif,-0.052797761874999516,bulk,32,32,32.0,-0.02703924072092651,-0.025758521154073007,0.025758521154073007,-0.02697875067643219,-0.025819011198567325,0.025819011198567325,fit
431,/home/jinsookim/HEA_MC/FeCoNiPtPd_HER/cgcnn/100/add_data/results_dir/431.cif,0.008951611562499906,bulk,32,32,32.0,-0.03516384504383733,0.044115456606337235,0.044115456606337235,-0.03417165119049629,0.043123262752996196,0.043123262752996196,fit
432,/home/jinsookim/HEA_MC/FeCoNiPtPd_HER/cgcnn/100/add_data/results_dir/432.cif,-0.06481570718749996,bulk,32,32,32.0,-0.046203313080002,-0.01861239410749796,0.01861239410749796,-0.048413631272388624,-0.016402075915111336,0.016402075915111336,fit
433,/home/jinsookim/HEA_MC/FeCoNiPtPd_HER/cgcnn/100/add_data/results_dir/433.cif,-0.052359103750000635,bulk,32,32,32.0,-0.04693451330942192,-0.005424590440578712,0.005424590440578712,-0.04696684860616601,-0.005392255143834623,0.005392255143834623,fit
434,/home/jinsookim/HEA_MC/FeCoNiPtPd_HER/cgcnn/100/add_data/results_dir/434.cif,-0.07500712374999985,bulk,32,32,32.0,-0.06996038036544894,-0.005046743384550911,0.005046743384550911,-0.06674844859798121,-0.00825867515201864,0.00825867515201864,fit
435,/home/jinsookim/HEA_MC/FeCoNiPtPd_HER/cgcnn/100/add_data/results_dir/435.cif,-0.0412276981250006,bulk,32,32,32.0,-0.029539383158680634,-0.011688314966319967,0.011688314966319967,-0.02908274696647897,-0.012144951158521631,0.012144951158521631,fit
436,/home/jinsookim/HEA_MC/FeCoNiPtPd_HER/cgcnn/100/add_data/results_dir/436.cif,-0.0359653196875005,bulk,32,32,32.0,-0.025229312158488587,-0.01073600752901191,0.01073600752901191,-0.02631921596836416,-0.009646103719136337,0.009646103719136337,fit
437,/home/jinsookim/HEA_MC/FeCoNiPtPd_HER/cgcnn/100/add_data/results_dir/437.cif,-0.06875440062499916,bulk,32,32,32.0,-0.049695262683172314,-0.019059137941826843,0.019059137941826843,-0.04967224160680405,-0.019082159018195106,0.019082159018195106,fit
438,/home/jinsookim/HEA_MC/FeCoNiPtPd_HER/cgcnn/100/add_data/results_dir/438.cif,-0.057071692812499464,bulk,32,32,32.0,-0.05594944162549177,-0.0011222511870076918,0.0011222511870076918,-0.05639083446508617,-0.000680858347413292,0.000680858347413292,fit
439,/home/jinsookim/HEA_MC/FeCoNiPtPd_HER/cgcnn/100/add_data/results_dir/439.cif,-0.06116133218750086,bulk,32,32,32.0,-0.030840000917701563,-0.030321331269799297,0.030321331269799297,-0.03296004790496329,-0.02820128428253757,0.02820128428253757,fit
440,/home/jinsookim/HEA_MC/FeCoNiPtPd_HER/cgcnn/100/add_data/results_dir/440.cif,-0.03667678031249988,bulk,32,32,32.0,-0.026431880641584304,-0.010244899670915575,0.010244899670915575,-0.027441772777750402,-0.009235007534749477,0.009235007534749477,fit
441,/home/jinsookim/HEA_MC/FeCoNiPtPd_HER/cgcnn/100/add_data/results_dir/441.cif,-0.046068319374999334,bulk,32,32,32.0,-0.03786541587921456,-0.008202903495784772,0.008202903495784772,-0.038156086678674594,-0.00791223269632474,0.00791223269632474,fit
442,/home/jinsookim/HEA_MC/FeCoNiPtPd_HER/cgcnn/100/add_data/results_dir/442.cif,-0.026073104687499793,bulk,32,32,32.0,-0.034720539844194646,0.008647435156694853,0.008647435156694853,-0.033989949554746435,0.007916844867246642,0.007916844867246642,fit
443,/home/jinsookim/HEA_MC/FeCoNiPtPd_HER/cgcnn/100/add_data/results_dir/443.cif,-0.053209646875000516,bulk,32,32,32.0,-0.060490059184515894,0.007280412309515379,0.007280412309515379,-0.06256450197138963,0.009354855096389114,0.009354855096389114,fit
444,/home/jinsookim/HEA_MC/FeCoNiPtPd_HER/cgcnn/100/add_data/results_dir/444.cif,-0.061394271562500435,bulk,32,32,32.0,-0.052171152500170626,-0.00922311906232981,0.00922311906232981,-0.05176895181565233,-0.009625319746848104,0.009625319746848104,fit
445,/home/jinsookim/HEA_MC/FeCoNiPtPd_HER/cgcnn/100/add_data/results_dir/445.cif,-0.08572966968749984,bulk,32,32,32.0,-0.0681478147316329,-0.01758185495586695,0.01758185495586695,-0.0669591809808576,-0.018770488706642247,0.018770488706642247,fit
446,/home/jinsookim/HEA_MC/FeCoNiPtPd_HER/cgcnn/100/add_data/results_dir/446.cif,-0.06152621781250023,bulk,32,32,32.0,-0.04646605271232172,-0.015060165100178505,0.015060165100178505,-0.04467216014063044,-0.016854057671869788,0.016854057671869788,fit
447,/home/jinsookim/HEA_MC/FeCoNiPtPd_HER/cgcnn/100/add_data/results_dir/447.cif,-0.019875687499999906,bulk,32,32,32.0,-0.02074356889849119,0.000867881398491286,0.000867881398491286,-0.019730200135457725,-0.00014548736454218086,0.00014548736454218086,fit
448,/home/jinsookim/HEA_MC/FeCoNiPtPd_HER/cgcnn/100/add_data/results_dir/448.cif,-0.029242099062499527,bulk,32,32,32.0,-0.05016266336996447,0.020920564307464945,0.020920564307464945,-0.048907737256273884,0.019665638193774357,0.019665638193774357,fit
449,/home/jinsookim/HEA_MC/FeCoNiPtPd_HER/cgcnn/100/add_data/results_dir/449.cif,-0.04539299937500019,bulk,32,32,32.0,-0.05626719103327116,0.01087419165827097,0.01087419165827097,-0.056086712721535904,0.010693713346535717,0.010693713346535717,fit
450,/home/jinsookim/HEA_MC/FeCoNiPtPd_HER/cgcnn/100/add_data/results_dir/450.cif,-0.06289494937499995,bulk,32,32,32.0,-0.04813658932405739,-0.01475836005094256,0.01475836005094256,-0.04937321477623472,-0.013521734598765232,0.013521734598765232,fit
451,/home/jinsookim/HEA_MC/FeCoNiPtPd_HER/cgcnn/100/add_data/results_dir/451.cif,0.01008167031250018,bulk,32,32,32.0,-0.044887873296126715,0.054969543608626895,0.054969543608626895,-0.04444638552632543,0.05452805583882561,0.05452805583882561,fit
452,/home/jinsookim/HEA_MC/FeCoNiPtPd_HER/cgcnn/100/add_data/results_dir/452.cif,-0.03680747499999981,bulk,32,32,32.0,-0.024888531029736892,-0.01191894397026292,0.01191894397026292,-0.024993511169506603,-0.01181396383049321,0.01181396383049321,fit
453,/home/jinsookim/HEA_MC/FeCoNiPtPd_HER/cgcnn/100/add_data/results_dir/453.cif,0.011734231250000171,bulk,32,32,32.0,0.0032023370074591023,0.008531894242541069,0.008531894242541069,0.004406394782199173,0.007327836467800998,0.007327836467800998,fit
454,/home/jinsookim/HEA_MC/FeCoNiPtPd_HER/cgcnn/100/add_data/results_dir/454.cif,-0.02996219156250035,bulk,32,32,32.0,-0.018572719981083483,-0.011389471581416868,0.011389471581416868,-0.017325667685009084,-0.012636523877491267,0.012636523877491267,fit
455,/home/jinsookim/HEA_MC/FeCoNiPtPd_HER/cgcnn/100/add_data/results_dir/455.cif,-0.04179071999999984,bulk,32,32,32.0,-0.044953766714305066,0.0031630467143052288,0.0031630467143052288,-0.04534534740611404,0.0035546274061142025,0.0035546274061142025,holdout
456,/home/jinsookim/HEA_MC/FeCoNiPtPd_HER/cgcnn/100/add_data/results_dir/456.cif,-0.10215266968750036,bulk,32,32,32.0,-0.07579662284051476,-0.0263560468469856,0.0263560468469856,-0.07608249754717233,-0.02607017214032803,0.02607017214032803,fit
457,/home/jinsookim/HEA_MC/FeCoNiPtPd_HER/cgcnn/100/add_data/results_dir/457.cif,0.020529312499999897,bulk,32,32,32.0,-0.03210411285684771,0.052633425356847605,0.052633425356847605,-0.03370110291446732,0.054230415414467215,0.054230415414467215,fit
458,/home/jinsookim/HEA_MC/FeCoNiPtPd_HER/cgcnn/100/add_data/results_dir/458.cif,0.03269648125000035,bulk,32,32,32.0,-0.014710769944261199,0.04740725119426155,0.04740725119426155,-0.014903048212970199,0.04759952946297055,0.04759952946297055,fit
459,/home/jinsookim/HEA_MC/FeCoNiPtPd_HER/cgcnn/100/add_data/results_dir/459.cif,-0.05952128843749982,bulk,32,32,32.0,-0.05214074478313524,-0.00738054365436458,0.00738054365436458,-0.05149267556679101,-0.008028612870708808,0.008028612870708808,holdout
460,/home/jinsookim/HEA_MC/FeCoNiPtPd_HER/cgcnn/100/add_data/results_dir/460.cif,-0.051503572187500346,bulk,32,32,32.0,-0.042631192625347855,-0.008872379562152491,0.008872379562152491,-0.041782917832726515,-0.00972065435477383,0.00972065435477383,fit
461,/home/jinsookim/HEA_MC/FeCoNiPtPd_HER/cgcnn/100/add_data/results_dir/461.cif,-0.017022024687499915,bulk,32,32,32.0,-0.04106677370709845,0.024044749019598535,0.024044749019598535,-0.043510731778848684,0.02648870709134877,0.02648870709134877,holdout
462,/home/jinsookim/HEA_MC/FeCoNiPtPd_HER/cgcnn/100/add_data/results_dir/462.cif,-0.03215371593750049,bulk,32,32,32.0,-0.03757829195721774,0.005424576019717249,0.005424576019717249,-0.03867183750855463,0.006518121571054136,0.006518121571054136,fit
463,/home/jinsookim/HEA_MC/FeCoNiPtPd_HER/cgcnn/100/add_data/results_dir/463.cif,-0.04191731812499988,bulk,32,32,32.0,-0.03289025303833018,-0.0090270650866697,0.0090270650866697,-0.03390459975035814,-0.008012718374641743,0.008012718374641743,fit
464,/home/jinsookim/HEA_MC/FeCoNiPtPd_HER/cgcnn/100/add_data/results_dir/464.cif,-0.05748683812499955,bulk,32,32,32.0,-0.05451855792445447,-0.0029682802005450842,0.0029682802005450842,-0.05380723602123476,-0.0036796021037647925,0.0036796021037647925,fit
465,/home/jinsookim/HEA_MC/FeCoNiPtPd_HER/cgcnn/100/add_data/results_dir/465.cif,-0.002663688750000226,bulk,32,32,32.0,-0.03846161970597048,0.03579793095597025,0.03579793095597025,-0.03921895615679966,0.03655526740679944,0.03655526740679944,fit
466,/home/jinsookim/HEA_MC/FeCoNiPtPd_HER/cgcnn/100/add_data/results_dir/466.cif,-0.05569132593750048,bulk,32,32,32.0,-0.04544593487584884,-0.010245391061651642,0.010245391061651642,-0.044514618861395766,-0.011176707076104714,0.011176707076104714,holdout
467,/home/jinsookim/HEA_MC/FeCoNiPtPd_HER/cgcnn/100/add_data/results_dir/467.cif,-0.023679022187500287,bulk,32,32,32.0,-0.021626705140114614,-0.002052317047385673,0.002052317047385673,-0.019953716635093433,-0.0037253055524068546,0.0037253055524068546,fit
468,/home/jinsookim/HEA_MC/FeCoNiPtPd_HER/cgcnn/100/add_data/results_dir/468.cif,-0.04165809499999984,bulk,32,32,32.0,-0.04285730631339867,0.0011992113133988333,0.0011992113133988333,-0.04422790423311222,0.002569809233112383,0.002569809233112383,fit
469,/home/jinsookim/HEA_MC/FeCoNiPtPd_HER/cgcnn/100/add_data/results_dir/469.cif,-0.07454261500000037,bulk,32,32,32.0,-0.053008920591705366,-0.021533694408295,0.021533694408295,-0.05038870634120629,-0.024153908658794077,0.024153908658794077,fit
470,/home/jinsookim/HEA_MC/FeCoNiPtPd_HER/cgcnn/100/add_data/results_dir/470.cif,-0.05295771531250004,bulk,32,32,32.0,-0.04307082920743775,-0.00988688610506229,0.00988688610506229,-0.04288084848551511,-0.010076866826984929,0.010076866826984929,fit
471,/home/jinsookim/HEA_MC/FeCoNiPtPd_HER/cgcnn/100/add_data/results_dir/471.cif,-0.03541455249999981,bulk,32,32,32.0,-0.018235765975619524,-0.017178786524380284,0.017178786524380284,-0.01867236204804031,-0.016742190451959498,0.016742190451959498,fit
472,/home/jinsookim/HEA_MC/FeCoNiPtPd_HER/cgcnn/100/add_data/results_dir/472.cif,-0.048391695937500145,bulk,32,32,32.0,-0.035672958732947936,-0.01271873720455221,0.01271873720455221,-0.036085966148233325,-0.01230572978926682,0.01230572978926682,fit
473,/home/jinsookim/HEA_MC/FeCoNiPtPd_HER/cgcnn/100/add_data/results_dir/473.cif,-0.08045703281250027,bulk,32,32,32.0,-0.04673708533706701,-0.03371994747543326,0.03371994747543326,-0.04974767462290475,-0.030709358189595526,0.030709358189595526,fit
474,/home/jinsookim/HEA_MC/FeCoNiPtPd_HER/cgcnn/100/add_data/results_dir/474.cif,0.04852194093749951,bulk,32,32,32.0,-0.02231577015930688,0.0708377110968064,0.0708377110968064,-0.026420362092947697,0.0749423030304472,0.0749423030304472,holdout
475,/home/jinsookim/HEA_MC/FeCoNiPtPd_HER/cgcnn/100/add_data/results_dir/475.cif,0.04079328687500006,bulk,32,32,32.0,-0.041325267700698665,0.08211855457569872,0.08211855457569872,-0.03932448201135547,0.08011776888635552,0.08011776888635552,fit
476,/home/jinsookim/HEA_MC/FeCoNiPtPd_HER/cgcnn/100/add_data/results_dir/476.cif,-0.06096114687499998,bulk,32,32,32.0,-0.061354208074687624,0.0003930611996876415,0.0003930611996876415,-0.0613424202904597,0.00038127341545971666,0.00038127341545971666,fit
477,/home/jinsookim/HEA_MC/FeCoNiPtPd_HER/cgcnn/100/add_data/results_dir/477.cif,-0.0649417846875,bulk,32,32,32.0,-0.05485892218528727,-0.010082862502212735,0.010082862502212735,-0.05756734069029333,-0.007374443997206673,0.007374443997206673,fit
478,/home/jinsookim/HEA_MC/FeCoNiPtPd_HER/cgcnn/100/add_data/results_dir/478.cif,-0.06206092343750047,bulk,32,32,32.0,-0.07040677158698366,0.008345848149483193,0.008345848149483193,-0.07195947138900105,0.00989854795150058,0.00989854795150058,fit
479,/home/jinsookim/HEA_MC/FeCoNiPtPd_HER/cgcnn/100/add_data/results_dir/479.cif,-0.01164824625000005,bulk,32,32,32.0,-0.02466086083978617,0.013012614589786121,0.013012614589786121,-0.024293194373392408,0.012644948123392358,0.012644948123392358,fit
480,/home/jinsookim/HEA_MC/FeCoNiPtPd_HER/cgcnn/100/add_data/results_dir/480.cif,-0.05287267593749956,bulk,32,32,32.0,-0.04931734436041584,-0.003555331577083716,0.003555331577083716,-0.04892199379052847,-0.003950682146971085,0.003950682146971085,fit
481,/home/jinsookim/HEA_MC/FeCoNiPtPd_HER/cgcnn/100/add_data/results_dir/481.cif,-0.07055346468750034,bulk,32,32,32.0,-0.06732771712932126,-0.0032257475581790873,0.0032257475581790873,-0.0663369931184774,-0.004216471569022939,0.004216471569022939,fit
482,/home/jinsookim/HEA_MC/FeCoNiPtPd_HER/cgcnn/100/add_data/results_dir/482.cif,-0.06407196812499993,bulk,32,32,32.0,-0.07317414602528931,0.009102177900289374,0.009102177900289374,-0.07155672566089377,0.007484757535893838,0.007484757535893838,fit
483,/home/jinsookim/HEA_MC/FeCoNiPtPd_HER/cgcnn/100/add_data/results_dir/483.cif,-0.07662265093749987,bulk,32,32,32.0,-0.07003569681205221,-0.006586954125447658,0.006586954125447658,-0.07039950860844171,-0.006223142329058157,0.006223142329058157,fit
484,/home/jinsookim/HEA_MC/FeCoNiPtPd_HER/cgcnn/100/add_data/results_dir/484.cif,-0.04986015031250002,bulk,32,32,32.0,-0.03441143096768599,-0.015448719344814031,0.015448719344814031,-0.033595194909176354,-0.016264955403323664,0.016264955403323664,fit
485,/home/jinsookim/HEA_MC/FeCoNiPtPd_HER/cgcnn/100/add_data/results_dir/485.cif,-0.045269642500000096,bulk,32,32,32.0,-0.05173880307245061,0.006469160572450512,0.006469160572450512,-0.05144165977666678,0.0061720172766666845,0.0061720172766666845,fit
486,/home/jinsookim/HEA_MC/FeCoNiPtPd_HER/cgcnn/100/add_data/results_dir/486.cif,-0.026392591249999597,bulk,32,32,32.0,-0.022977023308143364,-0.003415567941856233,0.003415567941856233,-0.02289138030270201,-0.0035012109472975887,0.0035012109472975887,fit
487,/home/jinsookim/HEA_MC/FeCoNiPtPd_HER/cgcnn/100/add_data/results_dir/487.cif,-0.033691081249999755,bulk,32,32,32.0,-0.023965171935857676,-0.009725909314142078,0.009725909314142078,-0.02264365388923653,-0.011047427360763223,0.011047427360763223,fit
488,/home/jinsookim/HEA_MC/FeCoNiPtPd_HER/cgcnn/100/add_data/results_dir/488.cif,-0.03757871062499962,bulk,32,32,32.0,-0.04268850492465548,0.0051097942996558565,0.0051097942996558565,-0.04472974900185092,0.007151038376851299,0.007151038376851299,fit
489,/home/jinsookim/HEA_MC/FeCoNiPtPd_HER/cgcnn/100/add_data/results_dir/489.cif,-0.038715728125000126,bulk,32,32,32.0,-0.029533721046660077,-0.009182007078340049,0.009182007078340049,-0.028078154500095168,-0.010637573624904959,0.010637573624904959,holdout
490,/home/jinsookim/HEA_MC/FeCoNiPtPd_HER/cgcnn/100/add_data/results_dir/490.cif,-0.08318481531249944,bulk,32,32,32.0,-0.0639098052031604,-0.019275010109339033,0.019275010109339033,-0.06511381399775654,-0.0180710013147429,0.0180710013147429,fit
491,/home/jinsookim/HEA_MC/FeCoNiPtPd_HER/cgcnn/100/add_data/results_dir/491.cif,-0.009106939687500315,bulk,32,32,32.0,-0.017327693406577915,0.0082207537190776,0.0082207537190776,-0.016879377657822256,0.007772437970321941,0.007772437970321941,fit
492,/home/jinsookim/HEA_MC/FeCoNiPtPd_HER/cgcnn/100/add_data/results_dir/492.cif,-0.046616571874999124,bulk,32,32,32.0,-0.04920847332470667,0.0025919014497075427,0.0025919014497075427,-0.048965605543369005,0.0023490336683698806,0.0023490336683698806,holdout
493,/home/jinsookim/HEA_MC/FeCoNiPtPd_HER/cgcnn/100/add_data/results_dir/493.cif,0.03236854000000022,bulk,32,32,32.0,0.02439297775991238,0.007975562240087844,0.007975562240087844,0.021826508419004426,0.010542031580995797,0.010542031580995797,fit
494,/home/jinsookim/HEA_MC/FeCoNiPtPd_HER/cgcnn/100/add_data/results_dir/494.cif,-0.04091410093750092,bulk,32,32,32.0,-0.027244448231721008,-0.013669652705779911,0.013669652705779911,-0.02681575201639936,-0.01409834892110156,0.01409834892110156,fit
495,/home/jinsookim/HEA_MC/FeCoNiPtPd_HER/cgcnn/100/add_data/results_dir/495.cif,0.010854339999999851,bulk,32,32,32.0,0.011363839779354302,-0.0005094997793544508,0.0005094997793544508,0.010221117470346833,0.0006332225296530186,0.0006332225296530186,fit
496,/home/jinsookim/HEA_MC/FeCoNiPtPd_HER/cgcnn/100/add_data/results_dir/496.cif,-0.015595949375000195,bulk,32,32,32.0,-0.02457440888132218,0.008978459506321985,0.008978459506321985,-0.025370095056392643,0.009774145681392447,0.009774145681392447,fit
497,/home/jinsookim/HEA_MC/FeCoNiPtPd_HER/cgcnn/100/add_data/results_dir/497.cif,-0.05204495156250033,bulk,32,32,32.0,-0.052841959337439987,0.0007970077749396565,0.0007970077749396565,-0.05339177561191438,0.0013468240494140526,0.0013468240494140526,fit
498,/home/jinsookim/HEA_MC/FeCoNiPtPd_HER/cgcnn/100/add_data/results_dir/498.cif,-0.059872651562499435,bulk,32,32,32.0,-0.06802248603649827,0.008149834473998835,0.008149834473998835,-0.06807058932550682,0.008197937763007382,0.008197937763007382,fit
499,/home/jinsookim/HEA_MC/FeCoNiPtPd_HER/cgcnn/100/add_data/results_dir/499.cif,-0.047577614375001076,bulk,32,32,32.0,-0.04278744883184395,-0.004790165543157129,0.004790165543157129,-0.04262075985879271,-0.004956854516208364,0.004956854516208364,fit
500,/home/jinsookim/HEA_MC/FeCoNiPtPd_HER/cgcnn/100/add_data/results_dir/500.cif,-0.029978935937500673,bulk,32,32,32.0,-0.01867971668413069,-0.011299219253369984,0.011299219253369984,-0.01833797921202773,-0.011640956725472943,0.011640956725472943,fit
501,/home/jinsookim/HEA_MC/FeCoNiPtPd_HER/cgcnn/100/add_data/results_dir/501.cif,-0.08144266499999997,bulk,32,32,32.0,-0.08923494469556825,0.007792279695568283,0.007792279695568283,-0.08736486150339202,0.005922196503392055,0.005922196503392055,fit
502,/home/jinsookim/HEA_MC/FeCoNiPtPd_HER/cgcnn/100/add_data/results_dir/502.cif,-0.04922314156249996,bulk,32,32,32.0,-0.036171309857931655,-0.013051831704568306,0.013051831704568306,-0.03489213196033765,-0.014331009602162312,0.014331009602162312,holdout
503,/home/jinsookim/HEA_MC/FeCoNiPtPd_HER/cgcnn/100/add_data/results_dir/503.cif,-0.05221749624999994,bulk,32,32,32.0,-0.037355900900809404,-0.014861595349190536,0.014861595349190536,-0.03821673119327253,-0.014000765056727413,0.014000765056727413,fit
504,/home/jinsookim/HEA_MC/FeCoNiPtPd_HER/cgcnn/100/add_data/results_dir/504.cif,-0.07863404531249962,bulk,32,32,32.0,-0.0561159532632544,-0.022518092049245222,0.022518092049245222,-0.05659468223808638,-0.022039363074413246,0.022039363074413246,fit
505,/home/jinsookim/HEA_MC/FeCoNiPtPd_HER/cgcnn/100/add_data/results_dir/505.cif,0.0019649518749993433,bulk,32,32,32.0,-0.03972416913940751,0.04168912101440685,0.04168912101440685,-0.03975732646818487,0.04172227834318421,0.04172227834318421,fit
506,/home/jinsookim/HEA_MC/FeCoNiPtPd_HER/cgcnn/100/add_data/results_dir/506.cif,0.020701767187500053,bulk,32,32,32.0,-0.020415877720629624,0.04111764490812968,0.04111764490812968,-0.0210408420111061,0.04174260919860615,0.04174260919860615,fit
507,/home/jinsookim/HEA_MC/FeCoNiPtPd_HER/cgcnn/100/add_data/results_dir/507.cif,0.04174922999999975,bulk,32,32,32.0,-0.024071170938973638,0.06582040093897339,0.06582040093897339,-0.021273300854340538,0.06302253085434029,0.06302253085434029,fit
508,/home/jinsookim/HEA_MC/FeCoNiPtPd_HER/cgcnn/100/add_data/results_dir/508.cif,-0.05184301218750065,bulk,32,32,32.0,-0.04869218182846753,-0.003150830359033116,0.003150830359033116,-0.047273304752147034,-0.0045697074353536135,0.0045697074353536135,holdout
509,/home/jinsookim/HEA_MC/FeCoNiPtPd_HER/cgcnn/100/add_data/results_dir/509.cif,-0.05187852937500015,bulk,32,32,32.0,-0.027082030749315877,-0.024796498625684272,0.024796498625684272,-0.025411474634837748,-0.0264670547401624,0.0264670547401624,fit
510,/home/jinsookim/HEA_MC/FeCoNiPtPd_HER/cgcnn/100/add_data/results_dir/510.cif,-0.04302004718749952,bulk,32,32,32.0,-0.03814157355022901,-0.004878473637270508,0.004878473637270508,-0.03853835433942346,-0.004481692848076063,0.004481692848076063,holdout
511,/home/jinsookim/HEA_MC/FeCoNiPtPd_HER/cgcnn/100/add_data/results_dir/511.cif,-0.05079814999999943,bulk,32,32,32.0,-0.047146814070561885,-0.0036513359294375464,0.0036513359294375464,-0.04808687118702212,-0.002711278812977308,0.002711278812977308,fit
512,/home/jinsookim/HEA_MC/FeCoNiPtPd_HER/cgcnn/100/add_data/results_dir/512.cif,-0.041595391875000054,bulk,32,32,32.0,-0.03678394641758208,-0.004811445457417976,0.004811445457417976,-0.03761797116108671,-0.0039774207139133405,0.0039774207139133405,fit
513,/home/jinsookim/HEA_MC/FeCoNiPtPd_HER/cgcnn/100/add_data/results_dir/513.cif,-0.052704328749999974,bulk,32,32,32.0,-0.05400346939518803,0.00129914064518806,0.00129914064518806,-0.055136531381857985,0.0024322026318580117,0.0024322026318580117,fit
514,/home/jinsookim/HEA_MC/FeCoNiPtPd_HER/cgcnn/100/add_data/results_dir/514.cif,-0.04865896999999908,bulk,32,32,32.0,-0.028291783314727488,-0.020367186685271592,0.020367186685271592,-0.027685213801168375,-0.020973756198830705,0.020973756198830705,fit
515,/home/jinsookim/HEA_MC/FeCoNiPtPd_HER/cgcnn/100/add_data/results_dir/515.cif,-0.054061928750000376,bulk,32,32,32.0,-0.04473058193472457,-0.00933134681527581,0.00933134681527581,-0.04488494165238274,-0.009176987097617634,0.009176987097617634,fit
516,/home/jinsookim/HEA_MC/FeCoNiPtPd_HER/cgcnn/100/add_data/results_dir/516.cif,-0.05702793781250026,bulk,32,32,32.0,-0.048924727433670656,-0.008103210378829606,0.008103210378829606,-0.04897586020962084,-0.008052077602879425,0.008052077602879425,fit
517,/home/jinsookim/HEA_MC/FeCoNiPtPd_HER/cgcnn/100/add_data/results_dir/517.cif,0.021241301562500148,bulk,32,32,32.0,-0.010500596200595801,0.03174189776309595,0.03174189776309595,-0.012784777394553155,0.0340260789570533,0.0340260789570533,fit
518,/home/jinsookim/HEA_MC/FeCoNiPtPd_HER/cgcnn/100/add_data/results_dir/518.cif,-0.05339122156250031,bulk,32,32,32.0,-0.047944754978637795,-0.005446466583862518,0.005446466583862518,-0.049254669490717135,-0.004136552071783178,0.004136552071783178,fit
519,/home/jinsookim/HEA_MC/FeCoNiPtPd_HER/cgcnn/100/add_data/results_dir/519.cif,-0.09196499718749962,bulk,32,32,32.0,-0.08425796929196169,-0.007707027895537927,0.007707027895537927,-0.08591754237287437,-0.00604745481462525,0.00604745481462525,fit
520,/home/jinsookim/HEA_MC/FeCoNiPtPd_HER/cgcnn/100/add_data/results_dir/520.cif,-0.0474538528124997,bulk,32,32,32.0,-0.0382997471388624,-0.009154105673637294,0.009154105673637294,-0.03773268019805452,-0.009721172614445175,0.009721172614445175,holdout
521,/home/jinsookim/HEA_MC/FeCoNiPtPd_HER/cgcnn/100/add_data/results_dir/521.cif,-0.02133338875000046,bulk,32,32,32.0,-0.027717167497229994,0.006383778747229535,0.006383778747229535,-0.026161983821944547,0.004828595071944088,0.004828595071944088,fit
522,/home/jinsookim/HEA_MC/FeCoNiPtPd_HER/cgcnn/100/add_data/results_dir/522.cif,-0.068170603125,bulk,32,32,32.0,-0.05380338072374662,-0.014367222401253384,0.014367222401253384,-0.052957348278514796,-0.01521325484648521,0.01521325484648521,fit
523,/home/jinsookim/HEA_MC/FeCoNiPtPd_HER/cgcnn/100/add_data/results_dir/523.cif,-0.03325525531250051,bulk,32,32,32.0,-0.023067241972092756,-0.010188013340407753,0.010188013340407753,-0.022345775586091823,-0.010909479726408686,0.010909479726408686,fit
524,/home/jinsookim/HEA_MC/FeCoNiPtPd_HER/cgcnn/100/add_data/results_dir/524.cif,-0.05283968624999957,bulk,32,32,32.0,-0.049340308666518215,-0.0034993775834813584,0.0034993775834813584,-0.04979010738467886,-0.003049578865320715,0.003049578865320715,fit
525,/home/jinsookim/HEA_MC/FeCoNiPtPd_HER/cgcnn/100/add_data/results_dir/525.cif,-0.04364914750000004,bulk,32,32,32.0,-0.028195146010052744,-0.015454001489947296,0.015454001489947296,-0.028027347345740184,-0.015621800154259857,0.015621800154259857,fit
526,/home/jinsookim/HEA_MC/FeCoNiPtPd_HER/cgcnn/100/add_data/results_dir/526.cif,-0.05544304781250009,bulk,32,32,32.0,-0.049650130322330274,-0.005792917490169816,0.005792917490169816,-0.05038585414718967,-0.005057193665310419,0.005057193665310419,fit
527,/home/jinsookim/HEA_MC/FeCoNiPtPd_HER/cgcnn/100/add_data/results_dir/527.cif,-0.06447821250000008,bulk,32,32,32.0,-0.0653094989911737,0.0008312864911736301,0.0008312864911736301,-0.06313643351615875,-0.0013417789838413297,0.0013417789838413297,fit
528,/home/jinsookim/HEA_MC/FeCoNiPtPd_HER/cgcnn/100/add_data/results_dir/528.cif,-0.03305320906250042,bulk,32,32,32.0,-0.031026651529466133,-0.0020265575330342886,0.0020265575330342886,-0.03078025511539878,-0.0022729539471016413,0.0022729539471016413,fit
529,/home/jinsookim/HEA_MC/FeCoNiPtPd_HER/cgcnn/100/add_data/results_dir/529.cif,-0.09322645343749958,bulk,32,32,32.0,-0.08566577545772266,-0.007560677979776914,0.007560677979776914,-0.08646573860511034,-0.006760714832389242,0.006760714832389242,fit
530,/home/jinsookim/HEA_MC/FeCoNiPtPd_HER/cgcnn/100/add_data/results_dir/530.cif,-0.05480348968749915,bulk,32,32,32.0,-0.05612994883097379,0.001326459143474637,0.001326459143474637,-0.05704958799205542,0.002246098304556271,0.002246098304556271,fit
531,/home/jinsookim/HEA_MC/FeCoNiPtPd_HER/cgcnn/100/add_data/results_dir/531.cif,-0.031439615937500776,bulk,32,32,32.0,-0.01703287014485435,-0.014406745792646426,0.014406745792646426,-0.01753880690192372,-0.013900809035577055,0.013900809035577055,fit
532,/home/jinsookim/HEA_MC/FeCoNiPtPd_HER/cgcnn/100/add_data/results_dir/532.cif,-0.05481333625000051,bulk,32,32,32.0,-0.049379849637194495,-0.0054334866128060155,0.0054334866128060155,-0.050485773600551204,-0.004327562649449307,0.004327562649449307,fit
533,/home/jinsookim/HEA_MC/FeCoNiPtPd_HER/cgcnn/100/add_data/results_dir/533.cif,-0.08171688687500023,bulk,32,32,32.0,-0.04755569535596904,-0.03416119151903119,0.03416119151903119,-0.045746253783283564,-0.035970633091716664,0.035970633091716664,fit
534,/home/jinsookim/HEA_MC/FeCoNiPtPd_HER/cgcnn/100/add_data/results_dir/534.cif,-0.048792337500000116,bulk,32,32,32.0,-0.05206641556332703,0.003274078063326913,0.003274078063326913,-0.0503288621431466,0.001536524643146485,0.001536524643146485,fit
535,/home/jinsookim/HEA_MC/FeCoNiPtPd_HER/cgcnn/100/add_data/results_dir/535.cif,-0.057331750624999955,bulk,32,32,32.0,-0.05575264674517288,-0.0015791038798270776,0.0015791038798270776,-0.05658139492119352,-0.0007503557038064379,0.0007503557038064379,fit
536,/home/jinsookim/HEA_MC/FeCoNiPtPd_HER/cgcnn/100/add_data/results_dir/536.cif,-0.010665320624999808,bulk,32,32,32.0,-0.03803238463127594,0.02736706400627613,0.02736706400627613,-0.036977991295142856,0.02631267067014305,0.02631267067014305,fit
537,/home/jinsookim/HEA_MC/FeCoNiPtPd_HER/cgcnn/100/add_data/results_dir/537.cif,-0.06767803937500005,bulk,32,32,32.0,-0.049343841394460235,-0.01833419798053982,0.01833419798053982,-0.048758959633806595,-0.01891907974119346,0.01891907974119346,fit
538,/home/jinsookim/HEA_MC/FeCoNiPtPd_HER/cgcnn/100/add_data/results_dir/538.cif,-0.0719766331249998,bulk,32,32,32.0,-0.06494088046290342,-0.007035752662096384,0.007035752662096384,-0.06552636312067475,-0.006450270004325048,0.006450270004325048,fit
539,/home/jinsookim/HEA_MC/FeCoNiPtPd_HER/cgcnn/100/add_data/results_dir/539.cif,-0.047622855000000186,bulk,32,32,32.0,-0.0280630893323284,-0.019559765667671786,0.019559765667671786,-0.02595439970421143,-0.021668455295788758,0.021668455295788758,fit
540,/home/jinsookim/HEA_MC/FeCoNiPtPd_HER/cgcnn/100/add_data/results_dir/540.cif,-0.08645466781250022,bulk,32,32,32.0,-0.05600633100950765,-0.030448336802992568,0.030448336802992568,-0.05449503957255149,-0.03195962823994873,0.03195962823994873,fit
541,/home/jinsookim/HEA_MC/FeCoNiPtPd_HER/cgcnn/100/add_data/results_dir/541.cif,-0.022389695312500457,bulk,32,32,32.0,-0.029720672367078725,0.007330977054578268,0.007330977054578268,-0.027137565360141128,0.0047478700476406704,0.0047478700476406704,fit
542,/home/jinsookim/HEA_MC/FeCoNiPtPd_HER/cgcnn/100/add_data/results_dir/542.cif,-0.0056318296875002005,bulk,32,32,32.0,-0.005178928831973344,-0.0004529008555268568,0.0004529008555268568,-0.005979220542489533,0.0003473908549893323,0.0003473908549893323,fit
543,/home/jinsookim/HEA_MC/FeCoNiPtPd_HER/cgcnn/100/add_data/results_dir/543.cif,-0.06556295500000076,bulk,32,32,32.0,-0.04702084608858777,-0.01854210891141299,0.01854210891141299,-0.046495115624945446,-0.01906783937505531,0.01906783937505531,fit
544,/home/jinsookim/HEA_MC/FeCoNiPtPd_HER/cgcnn/100/add_data/results_dir/544.cif,-0.04352605937499998,bulk,32,32,32.0,-0.029514807548735335,-0.014011251826264646,0.014011251826264646,-0.030819991850704543,-0.012706067524295438,0.012706067524295438,fit
545,/home/jinsookim/HEA_MC/FeCoNiPtPd_HER/cgcnn/100/add_data/results_dir/545.cif,-0.05010088750000019,bulk,32,32,32.0,-0.041747268549222546,-0.008353618950777644,0.008353618950777644,-0.041699844285015546,-0.008401043214984645,0.008401043214984645,fit
546,/home/jinsookim/HEA_MC/FeCoNiPtPd_HER/cgcnn/100/add_data/results_dir/546.cif,-0.042366527499999584,bulk,32,32,32.0,-0.039101742669371164,-0.00326478483062842,0.00326478483062842,-0.03930954344661028,-0.0030569840533893056,0.0030569840533893056,holdout
547,/home/jinsookim/HEA_MC/FeCoNiPtPd_HER/cgcnn/100/add_data/results_dir/547.cif,-0.006735752187499777,bulk,32,32,32.0,-0.05917734941970226,0.052441597232202486,0.052441597232202486,-0.05746429231033395,0.050728540122834176,0.050728540122834176,fit
548,/home/jinsookim/HEA_MC/FeCoNiPtPd_HER/cgcnn/100/add_data/results_dir/548.cif,-0.08514809593749995,bulk,32,32,32.0,-0.06974668046403291,-0.015401415473467031,0.015401415473467031,-0.06965088327138769,-0.015497212666112259,0.015497212666112259,fit
549,/home/jinsookim/HEA_MC/FeCoNiPtPd_HER/cgcnn/100/add_data/results_dir/549.cif,0.0903930487500002,bulk,32,32,32.0,-0.03850694616741818,0.12889999491741838,0.12889999491741838,-0.036884503783123544,0.12727755253312376,0.12727755253312376,fit
550,/home/jinsookim/HEA_MC/FeCoNiPtPd_HER/cgcnn/100/add_data/results_dir/550.cif,0.031730804999999584,bulk,32,32,32.0,-0.001092645767370795,0.03282345076737038,0.03282345076737038,-0.00099794541603343,0.032728750416033014,0.032728750416033014,fit
551,/home/jinsookim/HEA_MC/FeCoNiPtPd_HER/cgcnn/100/add_data/results_dir/551.cif,0.004995794062500281,bulk,32,32,32.0,-0.038155007087414025,0.043150801149914306,0.043150801149914306,-0.037766532851522705,0.042762326914022986,0.042762326914022986,fit
552,/home/jinsookim/HEA_MC/FeCoNiPtPd_HER/cgcnn/100/add_data/results_dir/552.cif,-0.08585952187500023,bulk,32,32,32.0,-0.07430285346627853,-0.011556668408721701,0.011556668408721701,-0.07363437018100397,-0.012225151693996267,0.012225151693996267,fit
553,/home/jinsookim/HEA_MC/FeCoNiPtPd_HER/cgcnn/100/add_data/results_dir/553.cif,-0.06331621937500032,bulk,32,32,32.0,-0.04885411738896557,-0.014462101986034745,0.014462101986034745,-0.04696697051802409,-0.016349248856976223,0.016349248856976223,fit
554,/home/jinsookim/HEA_MC/FeCoNiPtPd_HER/cgcnn/100/add_data/results_dir/554.cif,-0.0297115028124999,bulk,32,32,32.0,-0.04837546005629596,0.01866395724379606,0.01866395724379606,-0.05203141116536814,0.02231990835286824,0.02231990835286824,fit
555,/home/jinsookim/HEA_MC/FeCoNiPtPd_HER/cgcnn/100/add_data/results_dir/555.cif,-0.05880444687499953,bulk,32,32,32.0,-0.05098637559810718,-0.007818071276892345,0.007818071276892345,-0.051466272448386016,-0.007338174426613511,0.007338174426613511,fit
556,/home/jinsookim/HEA_MC/FeCoNiPtPd_HER/cgcnn/100/add_data/results_dir/556.cif,-0.06648157343750061,bulk,32,32,32.0,-0.061522887857431784,-0.004958685580068824,0.004958685580068824,-0.06091845820875247,-0.005563115228748139,0.005563115228748139,fit
557,/home/jinsookim/HEA_MC/FeCoNiPtPd_HER/cgcnn/100/add_data/results_dir/557.cif,-0.0464888240625001,bulk,32,32,32.0,-0.04569865601922606,-0.0007901680432740379,0.0007901680432740379,-0.044363423134045205,-0.002125400928454896,0.002125400928454896,fit
558,/home/jinsookim/HEA_MC/FeCoNiPtPd_HER/cgcnn/100/add_data/results_dir/558.cif,0.04580729500000036,bulk,32,32,32.0,-0.01169846529612812,0.05750576029612848,0.05750576029612848,-0.009904751336429079,0.05571204633642944,0.05571204633642944,fit
559,/home/jinsookim/HEA_MC/FeCoNiPtPd_HER/cgcnn/100/add_data/results_dir/559.cif,-0.0814431815625003,bulk,32,32,32.0,-0.06279698808417691,-0.018646193478323386,0.018646193478323386,-0.06202437920937931,-0.01941880235312099,0.01941880235312099,fit
560,/home/jinsookim/HEA_MC/FeCoNiPtPd_HER/cgcnn/100/add_data/results_dir/560.cif,-0.03322740468750052,bulk,32,32,32.0,-0.03213364189270783,-0.0010937627947926881,0.0010937627947926881,-0.03250609375725862,-0.0007213109302419002,0.0007213109302419002,fit
561,/home/jinsookim/HEA_MC/FeCoNiPtPd_HER/cgcnn/100/add_data/results_dir/561.cif,-0.05748624468749952,bulk,32,32,32.0,-0.05060363432776019,-0.006882610359739333,0.006882610359739333,-0.051250532440647256,-0.006235712246852265,0.006235712246852265,fit
562,/home/jinsookim/HEA_MC/FeCoNiPtPd_HER/cgcnn/100/add_data/results_dir/562.cif,-0.03421845375000032,bulk,32,32,32.0,-0.03748185970524899,0.003263405955248669,0.003263405955248669,-0.038690246248758234,0.004471792498757912,0.004471792498757912,holdout
563,/home/jinsookim/HEA_MC/FeCoNiPtPd_HER/cgcnn/100/add_data/results_dir/563.cif,-0.07083801187499983,bulk,32,32,32.0,-0.05551315449822582,-0.015324857376774012,0.015324857376774012,-0.053458261204386535,-0.017379750670613293,0.017379750670613293,fit
564,/home/jinsookim/HEA_MC/FeCoNiPtPd_HER/cgcnn/100/add_data/results_dir/564.cif,-0.03817491843749998,bulk,32,32,32.0,-0.025003653390741128,-0.013171265046758855,0.013171265046758855,-0.02386361844761783,-0.014311299989882151,0.014311299989882151,holdout
565,/home/jinsookim/HEA_MC/FeCoNiPtPd_HER/cgcnn/100/add_data/results_dir/565.cif,-0.08289974156249968,bulk,32,32,32.0,-0.056112069281401736,-0.02678767228109795,0.02678767228109795,-0.05343040987550482,-0.029469331686994865,0.029469331686994865,holdout
566,/home/jinsookim/HEA_MC/FeCoNiPtPd_HER/cgcnn/100/add_data/results_dir/566.cif,-0.07466707031249964,bulk,32,32,32.0,-0.05168551611584617,-0.022981554196653473,0.022981554196653473,-0.05268657228389327,-0.02198049802860637,0.02198049802860637,fit
567,/home/jinsookim/HEA_MC/FeCoNiPtPd_HER/cgcnn/100/add_data/results_dir/567.cif,-0.01817306999999957,bulk,32,32,32.0,-0.05191669750840863,0.03374362750840906,0.03374362750840906,-0.05142144718544443,0.03324837718544486,0.03324837718544486,fit
568,/home/jinsookim/HEA_MC/FeCoNiPtPd_HER/cgcnn/100/add_data/results_dir/568.cif,-0.04005667125000034,bulk,32,32,32.0,-0.029259898237429055,-0.010796773012571287,0.010796773012571287,-0.029663314485978694,-0.010393356764021647,0.010393356764021647,fit
569,/home/jinsookim/HEA_MC/FeCoNiPtPd_HER/cgcnn/100/add_data/results_dir/569.cif,-0.03819401156250013,bulk,32,32,32.0,-0.030411952112109057,-0.0077820594503910726,0.0077820594503910726,-0.029338430497705258,-0.008855581064794872,0.008855581064794872,fit
570,/home/jinsookim/HEA_MC/FeCoNiPtPd_HER/cgcnn/100/add_data/results_dir/570.cif,-0.043168867187500126,bulk,32,32,32.0,-0.04338902195275796,0.00022015476525783645,0.00022015476525783645,-0.041445457621825964,-0.0017234095656741624,0.0017234095656741624,fit
571,/home/jinsookim/HEA_MC/FeCoNiPtPd_HER/cgcnn/100/add_data/results_dir/571.cif,-0.03619937281249985,bulk,32,32,32.0,-0.024356215763455476,-0.011843157049044376,0.011843157049044376,-0.023670532848524724,-0.012528839963975129,0.012528839963975129,fit
572,/home/jinsookim/HEA_MC/FeCoNiPtPd_HER/cgcnn/100/add_data/results_dir/572.cif,-0.004732937500000034,bulk,32,32,32.0,-0.012826592815168956,0.008093655315168922,0.008093655315168922,-0.011490735316514898,0.006757797816514864,0.006757797816514864,fit
573,/home/jinsookim/HEA_MC/FeCoNiPtPd_HER/cgcnn/100/add_data/results_dir/573.cif,-0.0634248828125008,bulk,32,32,32.0,-0.055644247930036445,-0.00778063488246436,0.00778063488246436,-0.05772883347644645,-0.005696049336054353,0.005696049336054353,holdout
574,/home/jinsookim/HEA_MC/FeCoNiPtPd_HER/cgcnn/100/add_data/results_dir/574.cif,-0.056874538749999815,bulk,32,32,32.0,-0.05262880586096362,-0.004245732889036194,0.004245732889036194,-0.05283837526478729,-0.004036163485212525,0.004036163485212525,fit
575,/home/jinsookim/HEA_MC/FeCoNiPtPd_HER/cgcnn/100/add_data/results_dir/575.cif,-0.06016353062500013,bulk,32,32,32.0,-0.04949752206616512,-0.01066600855883501,0.01066600855883501,-0.04830035131164764,-0.011863179313352491,0.011863179313352491,fit
576,/home/jinsookim/HEA_MC/FeCoNiPtPd_HER/cgcnn/100/add_data/results_dir/576.cif,-0.044177613437499375,bulk,32,32,32.0,-0.03303697245866957,-0.011140640978829802,0.011140640978829802,-0.03437453924748073,-0.009803074190018642,0.009803074190018642,fit
577,/home/jinsookim/HEA_MC/FeCoNiPtPd_HER/cgcnn/100/add_data/results_dir/577.cif,-0.032130574062500195,bulk,32,32,32.0,-0.03465490337652068,0.002524329314020482,0.002524329314020482,-0.03375579839104965,0.001625224328549453,0.001625224328549453,fit
578,/home/jinsookim/HEA_MC/FeCoNiPtPd_HER/cgcnn/100/add_data/results_dir/578.cif,-0.004291913125000768,bulk,32,32,32.0,-0.018409373422977805,0.014117460297977037,0.014117460297977037,-0.018129905711148076,0.013837992586147308,0.013837992586147308,fit
579,/home/jinsookim/HEA_MC/FeCoNiPtPd_HER/cgcnn/100/add_data/results_dir/579.cif,-0.0425220393750001,bulk,32,32,32.0,-0.04061191581486227,-0.0019101235601378247,0.0019101235601378247,-0.04060911835697572,-0.0019129210180243786,0.0019129210180243786,fit
580,/home/jinsookim/HEA_MC/FeCoNiPtPd_HER/cgcnn/100/add_data/results_dir/580.cif,-0.023837711875000167,bulk,32,32,32.0,-0.02097031970152633,-0.002867392173473836,0.002867392173473836,-0.021805455752659998,-0.002032256122340169,0.002032256122340169,fit
581,/home/jinsookim/HEA_MC/FeCoNiPtPd_HER/cgcnn/100/add_data/results_dir/581.cif,-0.005399620937500238,bulk,32,32,32.0,-0.00198610593254046,-0.003413515004959778,0.003413515004959778,-0.0022092607659234555,-0.0031903601715767825,0.0031903601715767825,fit
582,/home/jinsookim/HEA_MC/FeCoNiPtPd_HER/cgcnn/100/add_data/results_dir/582.cif,-0.07010698562500028,bulk,32,32,32.0,-0.05778935692458741,-0.012317628700412878,0.012317628700412878,-0.057697507382688494,-0.01240947824231179,0.01240947824231179,fit
583,/home/jinsookim/HEA_MC/FeCoNiPtPd_HER/cgcnn/100/add_data/results_dir/583.cif,-0.04594544531250033,bulk,32,32,32.0,-0.048241850572957275,0.002296405260456942,0.002296405260456942,-0.04651737575338594,0.0005719304408856041,0.0005719304408856041,fit
584,/home/jinsookim/HEA_MC/FeCoNiPtPd_HER/cgcnn/100/add_data/results_dir/584.cif,-0.04953214031249953,bulk,32,32,32.0,-0.048771362657806426,-0.0007607776546931025,0.0007607776546931025,-0.04824255777459289,-0.0012895825379066403,0.0012895825379066403,fit
585,/home/jinsookim/HEA_MC/FeCoNiPtPd_HER/cgcnn/100/add_data/results_dir/585.cif,-0.009870065312499676,bulk,32,32,32.0,-0.05243637888772294,0.042566313575223266,0.042566313575223266,-0.05315286412260241,0.04328279881010273,0.04328279881010273,fit
586,/home/jinsookim/HEA_MC/FeCoNiPtPd_HER/cgcnn/100/add_data/results_dir/586.cif,0.011743721562499587,bulk,32,32,32.0,-0.001418747265653204,0.013162468828152791,0.013162468828152791,-0.001550991522809065,0.013294713085308652,0.013294713085308652,fit
587,/home/jinsookim/HEA_MC/FeCoNiPtPd_HER/cgcnn/100/add_data/results_dir/587.cif,-0.05477435906249983,bulk,32,32,32.0,-0.028119265157565795,-0.02665509390493404,0.02665509390493404,-0.026045188764851346,-0.028729170297648488,0.028729170297648488,fit
588,/home/jinsookim/HEA_MC/FeCoNiPtPd_HER/cgcnn/100/add_data/results_dir/588.cif,-0.021659692812500353,bulk,32,32,32.0,-0.037096375058506346,0.015436682246005994,0.015436682246005994,-0.03746339209340396,0.01580369928090361,0.01580369928090361,fit
589,/home/jinsookim/HEA_MC/FeCoNiPtPd_HER/cgcnn/100/add_data/results_dir/589.cif,-0.038946224375000504,bulk,32,32,32.0,-0.03503992543149985,-0.003906298943500655,0.003906298943500655,-0.03224045556972618,-0.006705768805274327,0.006705768805274327,fit
590,/home/jinsookim/HEA_MC/FeCoNiPtPd_HER/cgcnn/100/add_data/results_dir/590.cif,-0.0360469509375001,bulk,32,32,32.0,-0.021775862593450664,-0.014271088344049436,0.014271088344049436,-0.020789137831303102,-0.015257813106196998,0.015257813106196998,fit
591,/home/jinsookim/HEA_MC/FeCoNiPtPd_HER/cgcnn/100/add_data/results_dir/591.cif,-0.033955204062499966,bulk,32,32,32.0,-0.050944032522686165,0.0169888284601862,0.0169888284601862,-0.05044774705021587,0.0164925429877159,0.0164925429877159,fit
592,/home/jinsookim/HEA_MC/FeCoNiPtPd_HER/cgcnn/100/add_data/results_dir/592.cif,-0.05552674250000056,bulk,32,32,32.0,-0.0637138580028139,0.008187115502813341,0.008187115502813341,-0.06528124645645203,0.009754503956451471,0.009754503956451471,holdout
593,/home/jinsookim/HEA_MC/FeCoNiPtPd_HER/cgcnn/100/add_data/results_dir/593.cif,-0.06292415562500064,bulk,32,32,32.0,-0.06957973198601411,0.0066555763610134655,0.0066555763610134655,-0.06858082205971376,0.005656666434713117,0.005656666434713117,fit
594,/home/jinsookim/HEA_MC/FeCoNiPtPd_HER/cgcnn/100/add_data/results_dir/594.cif,-0.09312534312500009,bulk,32,32,32.0,-0.059198616731278526,-0.03392672639372157,0.03392672639372157,-0.0568706811021684,-0.036254662022831695,0.036254662022831695,fit
595,/home/jinsookim/HEA_MC/FeCoNiPtPd_HER/cgcnn/100/add_data/results_dir/595.cif,-0.06888827531250019,bulk,32,32,32.0,-0.0541715634818876,-0.014716711830612593,0.014716711830612593,-0.05474190419854383,-0.014146371113956363,0.014146371113956363,fit
596,/home/jinsookim/HEA_MC/FeCoNiPtPd_HER/cgcnn/100/add_data/results_dir/596.cif,-0.0627583659374995,bulk,32,32,32.0,-0.06635198827131915,0.0035936223338196432,0.0035936223338196432,-0.06523001580077079,0.0024716498632712802,0.0024716498632712802,fit
597,/home/jinsookim/HEA_MC/FeCoNiPtPd_HER/cgcnn/100/add_data/results_dir/597.cif,-0.023576033437500143,bulk,32,32,32.0,-0.029155232223937257,0.005579198786437114,0.005579198786437114,-0.030578182947491542,0.007002149509991399,0.007002149509991399,fit
598,/home/jinsookim/HEA_MC/FeCoNiPtPd_HER/cgcnn/100/add_data/results_dir/598.cif,-0.05377899312500034,bulk,32,32,32.0,-0.04115947223183256,-0.012619520893167778,0.012619520893167778,-0.041719597830946725,-0.012059395294053615,0.012059395294053615,fit
599,/home/jinsookim/HEA_MC/FeCoNiPtPd_HER/cgcnn/100/add_data/results_dir/599.cif,-0.06301761000000017,bulk,32,32,32.0,-0.060112919987370186,-0.002904690012629982,0.002904690012629982,-0.061011992708158866,-0.0020056172918413023,0.0020056172918413023,fit
600,/home/jinsookim/HEA_MC/FeCoNiPtPd_HER/cgcnn/100/add_data/results_dir/600.cif,0.002164384062500524,bulk,32,32,32.0,-0.043359868987954756,0.04552425305045528,0.04552425305045528,-0.046256082597341396,0.04842046665984192,0.04842046665984192,holdout
601,/home/jinsookim/HEA_MC/FeCoNiPtPd_HER/cgcnn/100/add_data/results_dir/601.cif,-0.05744756999999989,bulk,32,32,32.0,-0.04590021715911592,-0.01154735284088397,0.01154735284088397,-0.04724116775148939,-0.0102064022485105,0.0102064022485105,fit
602,/home/jinsookim/HEA_MC/FeCoNiPtPd_HER/cgcnn/100/add_data/results_dir/602.cif,-0.0380120125000003,bulk,32,32,32.0,-0.028595519494988498,-0.009416493005011805,0.009416493005011805,-0.02778589875652211,-0.010226113743478194,0.010226113743478194,fit
603,/home/jinsookim/HEA_MC/FeCoNiPtPd_HER/cgcnn/100/add_data/results_dir/603.cif,-0.056507832500000355,bulk,32,32,32.0,-0.05701338267274857,0.000505550172748219,0.000505550172748219,-0.05672684099969233,0.000219008499691975,0.000219008499691975,fit
604,/home/jinsookim/HEA_MC/FeCoNiPtPd_HER/cgcnn/100/add_data/results_dir/604.cif,-0.052507877812500325,bulk,32,32,32.0,-0.03675391453911605,-0.015753963273384276,0.015753963273384276,-0.0348561932140323,-0.017651684598468026,0.017651684598468026,fit
605,/home/jinsookim/HEA_MC/FeCoNiPtPd_HER/cgcnn/100/add_data/results_dir/605.cif,0.018887093437499836,bulk,32,32,32.0,0.010285239540768721,0.008601853896731114,0.008601853896731114,0.00923884765353904,0.009648245783960795,0.009648245783960795,fit
606,/home/jinsookim/HEA_MC/FeCoNiPtPd_HER/cgcnn/100/add_data/results_dir/606.cif,-0.08921131187499931,bulk,32,32,32.0,-0.07134422905364726,-0.01786708282135205,0.01786708282135205,-0.07243992686917519,-0.01677138500582412,0.01677138500582412,fit
607,/home/jinsookim/HEA_MC/FeCoNiPtPd_HER/cgcnn/100/add_data/results_dir/607.cif,-0.06684819781249995,bulk,32,32,32.0,-0.04944266420891878,-0.017405533603581172,0.017405533603581172,-0.05040360615573404,-0.016444591656765914,0.016444591656765914,fit
608,/home/jinsookim/HEA_MC/FeCoNiPtPd_HER/cgcnn/100/add_data/results_dir/608.cif,-0.030816337187499876,bulk,32,32,32.0,-0.04257734808071585,0.011761010893215976,0.011761010893215976,-0.043009290613594625,0.01219295342609475,0.01219295342609475,fit
609,/home/jinsookim/HEA_MC/FeCoNiPtPd_HER/cgcnn/100/add_data/results_dir/609.cif,-0.04251057718750051,bulk,32,32,32.0,-0.05497958141489504,0.012469004227394533,0.012469004227394533,-0.05426615559653221,0.0117555784090317,0.0117555784090317,fit
610,/home/jinsookim/HEA_MC/FeCoNiPtPd_HER/cgcnn/100/add_data/results_dir/610.cif,-0.06973173218749995,bulk,32,32,32.0,-0.045793306030185756,-0.023938426157314195,0.023938426157314195,-0.045476912338817635,-0.024254819848682316,0.024254819848682316,fit
611,/home/jinsookim/HEA_MC/FeCoNiPtPd_HER/cgcnn/100/add_data/results_dir/611.cif,-0.053479539062499803,bulk,32,32,32.0,-0.046053858638226426,-0.007425680424273377,0.007425680424273377,-0.04653827235524095,-0.00694126670725885,0.00694126670725885,fit
612,/home/jinsookim/HEA_MC/FeCoNiPtPd_HER/cgcnn/100/add_data/results_dir/612.cif,-0.06061825937500043,bulk,32,32,32.0,-0.05109920410875057,-0.009519055266249854,0.009519055266249854,-0.04964425170489705,-0.010974007670103376,0.010974007670103376,holdout
613,/home/jinsookim/HEA_MC/FeCoNiPtPd_HER/cgcnn/100/add_data/results_dir/613.cif,-0.03308950687500012,bulk,32,32,32.0,-0.07198017842102294,0.038890671546022826,0.038890671546022826,-0.07155956133765379,0.03847005446265367,0.03847005446265367,fit
614,/home/jinsookim/HEA_MC/FeCoNiPtPd_HER/cgcnn/100/add_data/results_dir/614.cif,-0.0592446065625003,bulk,32,32,32.0,-0.05801879448377904,-0.0012258120787212584,0.0012258120787212584,-0.059648564981163374,0.00040395841866307236,0.00040395841866307236,fit
615,/home/jinsookim/HEA_MC/FeCoNiPtPd_HER/cgcnn/100/add_data/results_dir/615.cif,-0.04432710781249938,bulk,32,32,32.0,-0.0429861066957558,-0.0013410011167435745,0.0013410011167435745,-0.04258399950243242,-0.0017431083100669584,0.0017431083100669584,fit
616,/home/jinsookim/HEA_MC/FeCoNiPtPd_HER/cgcnn/100/add_data/results_dir/616.cif,-0.08505462093750005,bulk,32,32,32.0,-0.08498985750322234,-6.476343427770648e-05,6.476343427770648e-05,-0.08777108876567559,0.0027164678281755422,0.0027164678281755422,fit
617,/home/jinsookim/HEA_MC/FeCoNiPtPd_HER/cgcnn/100/add_data/results_dir/617.cif,-0.08061053750000013,bulk,32,32,32.0,-0.05897268944509815,-0.021637848054901987,0.021637848054901987,-0.058222502959568885,-0.02238803454043125,0.02238803454043125,fit
618,/home/jinsookim/HEA_MC/FeCoNiPtPd_HER/cgcnn/100/add_data/results_dir/618.cif,-0.04364145406250053,bulk,32,32,32.0,-0.033796810301276674,-0.009844643761223855,0.009844643761223855,-0.03284788810482644,-0.01079356595767409,0.01079356595767409,fit
619,/home/jinsookim/HEA_MC/FeCoNiPtPd_HER/cgcnn/100/add_data/results_dir/619.cif,-0.08815516718749983,bulk,32,32,32.0,-0.06377340822630244,-0.02438175896119739,0.02438175896119739,-0.0647512466969075,-0.023403920490592325,0.023403920490592325,fit
620,/home/jinsookim/HEA_MC/FeCoNiPtPd_HER/cgcnn/100/add_data/results_dir/620.cif,-0.03682322031249985,bulk,32,32,32.0,-0.038928066079097046,0.0021048457665971965,0.0021048457665971965,-0.0379322436509093,0.0011090233384094539,0.0011090233384094539,fit
621,/home/jinsookim/HEA_MC/FeCoNiPtPd_HER/cgcnn/100/add_data/results_dir/621.cif,-0.0684000746875002,bulk,32,32,32.0,-0.06273730606439751,-0.005662768623102693,0.005662768623102693,-0.06267199519618541,-0.0057280794913147914,0.0057280794913147914,fit
622,/home/jinsookim/HEA_MC/FeCoNiPtPd_HER/cgcnn/100/add_data/results_dir/622.cif,-0.03228991406249904,bulk,32,32,32.0,-0.07053565446875218,0.03824574040625314,0.03824574040625314,-0.06997363459200662,0.03768372052950758,0.03768372052950758,fit
623,/home/jinsookim/HEA_MC/FeCoNiPtPd_HER/cgcnn/100/add_data/results_dir/623.cif,-0.061824766562500244,bulk,32,32,32.0,-0.06994010522050631,0.008115338658006066,0.008115338658006066,-0.07066705911447095,0.008842292551970707,0.008842292551970707,fit
624,/home/jinsookim/HEA_MC/FeCoNiPtPd_HER/cgcnn/100/add_data/results_dir/624.cif,-0.05666273125000032,bulk,32,32,32.0,-0.059204604345129544,0.002541873095129224,0.002541873095129224,-0.05948551893274402,0.002822787682743702,0.002822787682743702,fit
625,/home/jinsookim/HEA_MC/FeCoNiPtPd_HER/cgcnn/100/add_data/results_dir/625.cif,-0.03975828437500084,bulk,32,32,32.0,-0.01620927197181441,-0.02354901240318643,0.02354901240318643,-0.013437051852254325,-0.026321232522746516,0.026321232522746516,fit
626,/home/jinsookim/HEA_MC/FeCoNiPtPd_HER/cgcnn/100/add_data/results_dir/626.cif,-0.06714721375000021,bulk,32,32,32.0,-0.04300361043321139,-0.024143603316788824,0.024143603316788824,-0.04518168852979177,-0.02196552522020844,0.02196552522020844,fit
627,/home/jinsookim/HEA_MC/FeCoNiPtPd_HER/cgcnn/100/add_data/results_dir/627.cif,-0.030727961250000213,bulk,32,32,32.0,-0.03693898486047242,0.006211023610472204,0.006211023610472204,-0.037798441024718674,0.0070704797747184606,0.0070704797747184606,fit
628,/home/jinsookim/HEA_MC/FeCoNiPtPd_HER/cgcnn/100/add_data/results_dir/628.cif,0.0032032418750000957,bulk,32,32,32.0,-0.016065209770878414,0.01926845164587851,0.01926845164587851,-0.016394182799986338,0.019597424674986434,0.019597424674986434,fit
629,/home/jinsookim/HEA_MC/FeCoNiPtPd_HER/cgcnn/100/add_data/results_dir/629.cif,-0.05845760281250012,bulk,32,32,32.0,-0.04568228668308344,-0.01277531612941668,0.01277531612941668,-0.04424322352125704,-0.014214379291243077,0.014214379291243077,fit
630,/home/jinsookim/HEA_MC/FeCoNiPtPd_HER/cgcnn/100/add_data/results_dir/630.cif,-0.02723481718749987,bulk,32,32,32.0,-0.035137778324400126,0.007902961136900255,0.007902961136900255,-0.037515344875697035,0.010280527688197164,0.010280527688197164,fit
631,/home/jinsookim/HEA_MC/FeCoNiPtPd_HER/cgcnn/100/add_data/results_dir/631.cif,-0.0585490287499999,bulk,32,32,32.0,-0.03349469201642866,-0.025054336733571242,0.025054336733571242,-0.033229733107530274,-0.025319295642469625,0.025319295642469625,fit
632,/home/jinsookim/HEA_MC/FeCoNiPtPd_HER/cgcnn/100/add_data/results_dir/632.cif,-0.051027501874999714,bulk,32,32,32.0,-0.02940266791350396,-0.021624833961495754,0.021624833961495754,-0.028981831657317606,-0.02204567021768211,0.02204567021768211,fit
633,/home/jinsookim/HEA_MC/FeCoNiPtPd_HER/cgcnn/100/add_data/results_dir/633.cif,-0.00315468656249962,bulk,32,32,32.0,-0.03814600446849175,0.03499131790599213,0.03499131790599213,-0.0379577757764914,0.03480308921399178,0.03480308921399178,fit
634,/home/jinsookim/HEA_MC/FeCoNiPtPd_HER/cgcnn/100/add_data/results_dir/634.cif,-0.06697652312500058,bulk,32,32,32.0,-0.05939151669480928,-0.0075850064301912976,0.0075850064301912976,-0.059857615161057344,-0.0071189079639432315,0.0071189079639432315,fit
635,/home/jinsookim/HEA_MC/FeCoNiPtPd_HER/cgcnn/100/add_data/results_dir/635.cif,-0.041769442812499946,bulk,32,32,32.0,-0.03855085552150275,-0.0032185872909971935,0.0032185872909971935,-0.03765393101754037,-0.00411551179495958,0.00411551179495958,fit
636,/home/jinsookim/HEA_MC/FeCoNiPtPd_HER/cgcnn/100/add_data/results_dir/636.cif,-0.028506206250000332,bulk,32,32,32.0,-0.03709253705644299,0.008586330806442659,0.008586330806442659,-0.04019882180207491,0.011692615552074577,0.011692615552074577,fit
637,/home/jinsookim/HEA_MC/FeCoNiPtPd_HER/cgcnn/100/add_data/results_dir/637.cif,-0.04397881312500029,bulk,32,32,32.0,-0.03882523951194494,-0.005153573613055351,0.005153573613055351,-0.03762870027010302,-0.006350112854897276,0.006350112854897276,fit
638,/home/jinsookim/HEA_MC/FeCoNiPtPd_HER/cgcnn/100/add_data/results_dir/638.cif,-0.041430694374999355,bulk,32,32,32.0,-0.040396989359647244,-0.0010337050153521113,0.0010337050153521113,-0.04109114181647103,-0.00033955255852832766,0.00033955255852832766,fit
639,/home/jinsookim/HEA_MC/FeCoNiPtPd_HER/cgcnn/100/add_data/results_dir/639.cif,-0.04668937875000001,bulk,32,32,32.0,-0.046738840748297455,4.946199829744535e-05,4.946199829744535e-05,-0.04650167446949002,-0.0001877042805099871,0.0001877042805099871,fit
640,/home/jinsookim/HEA_MC/FeCoNiPtPd_HER/cgcnn/100/add_data/results_dir/640.cif,-0.05081297531249973,bulk,32,32,32.0,-0.047471306004912006,-0.0033416693075877246,0.0033416693075877246,-0.04874175470338242,-0.0020712206091173108,0.0020712206091173108,fit
641,/home/jinsookim/HEA_MC/FeCoNiPtPd_HER/cgcnn/100/add_data/results_dir/641.cif,0.005224628750000626,bulk,32,32,32.0,-0.04129258052123579,0.04651720927123642,0.04651720927123642,-0.03964531868399679,0.044869947433997415,0.044869947433997415,fit
642,/home/jinsookim/HEA_MC/FeCoNiPtPd_HER/cgcnn/100/add_data/results_dir/642.cif,-0.05104748687499949,bulk,32,32,32.0,-0.04485211439278458,-0.0061953724822149114,0.0061953724822149114,-0.04389846224244219,-0.007149024632557302,0.007149024632557302,holdout
643,/home/jinsookim/HEA_MC/FeCoNiPtPd_HER/cgcnn/100/add_data/results_dir/643.cif,-0.04116164468749961,bulk,32,32,32.0,-0.04706606211909495,0.005904417431595338,0.005904417431595338,-0.04856384329196317,0.007402198604463561,0.007402198604463561,fit
644,/home/jinsookim/HEA_MC/FeCoNiPtPd_HER/cgcnn/100/add_data/results_dir/644.cif,-0.05176610937500037,bulk,32,32,32.0,-0.03898437816926495,-0.01278173120573542,0.01278173120573542,-0.03882795939935231,-0.012938149975648058,0.012938149975648058,fit
645,/home/jinsookim/HEA_MC/FeCoNiPtPd_HER/cgcnn/100/add_data/results_dir/645.cif,-0.01899415250000036,bulk,32,32,32.0,-0.03190143931605442,0.012907286816054062,0.012907286816054062,-0.03177980638346445,0.012785653883464088,0.012785653883464088,fit
646,/home/jinsookim/HEA_MC/FeCoNiPtPd_HER/cgcnn/100/add_data/results_dir/646.cif,-0.027225469062499563,bulk,32,32,32.0,-0.025565663479299186,-0.0016598055832003772,0.0016598055832003772,-0.02366453801995077,-0.003560931042548794,0.003560931042548794,holdout
647,/home/jinsookim/HEA_MC/FeCoNiPtPd_HER/cgcnn/100/add_data/results_dir/647.cif,-0.017750607187499767,bulk,32,32,32.0,-0.03833556230898259,0.020584955121482826,0.020584955121482826,-0.03978797679995102,0.02203736961245125,0.02203736961245125,holdout
648,/home/jinsookim/HEA_MC/FeCoNiPtPd_HER/cgcnn/100/add_data/results_dir/648.cif,-0.04318485125000038,bulk,32,32,32.0,-0.04526278386737814,0.0020779326173777646,0.0020779326173777646,-0.04572202949202804,0.002537178242027663,0.002537178242027663,fit
649,/home/jinsookim/HEA_MC/FeCoNiPtPd_HER/cgcnn/100/add_data/results_dir/649.cif,-0.0814644459374998,bulk,32,32,32.0,-0.05949935753409519,-0.02196508840340461,0.02196508840340461,-0.05829516173559793,-0.02316928420190187,0.02316928420190187,fit
650,/home/jinsookim/HEA_MC/FeCoNiPtPd_HER/cgcnn/100/add_data/results_dir/650.cif,-0.04855955312500004,bulk,32,32,32.0,-0.04691364419265948,-0.0016459089323405604,0.0016459089323405604,-0.04575338527259469,-0.002806167852405353,0.002806167852405353,fit
651,/home/jinsookim/HEA_MC/FeCoNiPtPd_HER/cgcnn/100/add_data/results_dir/651.cif,-0.06350834187499999,bulk,32,32,32.0,-0.057705554480756,-0.005802787394243988,0.005802787394243988,-0.057514345080223725,-0.00599399679477626,0.00599399679477626,fit
652,/home/jinsookim/HEA_MC/FeCoNiPtPd_HER/cgcnn/100/add_data/results_dir/652.cif,-0.08964718781249914,bulk,32,32,32.0,-0.06772387123619841,-0.021923316576300728,0.021923316576300728,-0.06630972305405275,-0.02333746475844639,0.02333746475844639,fit
653,/home/jinsookim/HEA_MC/FeCoNiPtPd_HER/cgcnn/100/add_data/results_dir/653.cif,0.0012838740624996348,bulk,32,32,32.0,0.0021313079049558297,-0.000847433842456195,0.000847433842456195,0.0007294476701422484,0.0005544263923573864,0.0005544263923573864,fit
654,/home/jinsookim/HEA_MC/FeCoNiPtPd_HER/cgcnn/100/add_data/results_dir/654.cif,0.06580153968749958,bulk,32,32,32.0,-0.014618687758791991,0.08042022744629157,0.08042022744629157,-0.013333222591085953,0.07913476227858553,0.07913476227858553,fit
655,/home/jinsookim/HEA_MC/FeCoNiPtPd_HER/cgcnn/100/add_data/results_dir/655.cif,-0.03602378281250029,bulk,32,32,32.0,-0.03505405934444066,-0.0009697234680596314,0.0009697234680596314,-0.03501931198614151,-0.0010044708263587804,0.0010044708263587804,fit
656,/home/jinsookim/HEA_MC/FeCoNiPtPd_HER/cgcnn/100/add_data/results_dir/656.cif,0.06688851593750034,bulk,32,32,32.0,-0.02663482395132669,0.09352333988882702,0.09352333988882702,-0.026935530334479662,0.09382404627198,0.09382404627198,fit
657,/home/jinsookim/HEA_MC/FeCoNiPtPd_HER/cgcnn/100/add_data/results_dir/657.cif,-0.06279162843750008,bulk,32,32,32.0,-0.06520970945432286,0.0024180810168227818,0.0024180810168227818,-0.06412847622563211,0.001336847788132034,0.001336847788132034,fit
658,/home/jinsookim/HEA_MC/FeCoNiPtPd_HER/cgcnn/100/add_data/results_dir/658.cif,-0.06302451156250033,bulk,32,32,32.0,-0.06102070926310464,-0.0020038022993956878,0.0020038022993956878,-0.061206643590349,-0.0018178679721513324,0.0018178679721513324,fit
659,/home/jinsookim/HEA_MC/FeCoNiPtPd_HER/cgcnn/100/add_data/results_dir/659.cif,-0.03931799781249978,bulk,32,32,32.0,-0.02758480270398047,-0.011733195108519313,0.011733195108519313,-0.02893269685572457,-0.010385300956775215,0.010385300956775215,fit
660,/home/jinsookim/HEA_MC/FeCoNiPtPd_HER/cgcnn/100/add_data/results_dir/660.cif,0.03629335249999954,bulk,32,32,32.0,-0.020069048822119337,0.05636240132211888,0.05636240132211888,-0.020919444013966004,0.05721279651396555,0.05721279651396555,fit
661,/home/jinsookim/HEA_MC/FeCoNiPtPd_HER/cgcnn/100/add_data/results_dir/661.cif,-0.0620389046874994,bulk,32,32,32.0,-0.058097487069021084,-0.003941417618478313,0.003941417618478313,-0.05885961342030656,-0.003179291267192838,0.003179291267192838,fit
662,/home/jinsookim/HEA_MC/FeCoNiPtPd_HER/cgcnn/100/add_data/results_dir/662.cif,-0.06813117031250027,bulk,32,32,32.0,-0.06037154859958077,-0.0077596217129194955,0.0077596217129194955,-0.05964705560339183,-0.00848411470910844,0.00848411470910844,fit
663,/home/jinsookim/HEA_MC/FeCoNiPtPd_HER/cgcnn/100/add_data/results_dir/663.cif,-0.06702251375000046,bulk,32,32,32.0,-0.04727232854119856,-0.019750185208801896,0.019750185208801896,-0.047761278678230115,-0.01926123507177034,0.01926123507177034,fit
664,/home/jinsookim/HEA_MC/FeCoNiPtPd_HER/cgcnn/100/add_data/results_dir/664.cif,-0.06343699718749995,bulk,32,32,32.0,-0.05907853584099043,-0.0043584613465095234,0.0043584613465095234,-0.059153299779766036,-0.004283697407733919,0.004283697407733919,fit
665,/home/jinsookim/HEA_MC/FeCoNiPtPd_HER/cgcnn/100/add_data/results_dir/665.cif,-0.03918764906249983,bulk,32,32,32.0,-0.039864678048986316,0.0006770289864864859,0.0006770289864864859,-0.04008908358854313,0.0009014345260432988,0.0009014345260432988,fit
666,/home/jinsookim/HEA_MC/FeCoNiPtPd_HER/cgcnn/100/add_data/results_dir/666.cif,-0.05582106031249978,bulk,32,32,32.0,-0.04688080511649184,-0.00894025519600794,0.00894025519600794,-0.047008782667014644,-0.008812277645485138,0.008812277645485138,fit
667,/home/jinsookim/HEA_MC/FeCoNiPtPd_HER/cgcnn/100/add_data/results_dir/667.cif,-0.035734199375000664,bulk,32,32,32.0,-0.04077058599876289,0.005036386623762226,0.005036386623762226,-0.03977284018006265,0.004038640805061985,0.004038640805061985,fit
668,/home/jinsookim/HEA_MC/FeCoNiPtPd_HER/cgcnn/100/add_data/results_dir/668.cif,-0.06502881500000068,bulk,32,32,32.0,-0.050196755196775925,-0.01483205980322476,0.01483205980322476,-0.049829146515407804,-0.01519966848459288,0.01519966848459288,fit
669,/home/jinsookim/HEA_MC/FeCoNiPtPd_HER/cgcnn/100/add_data/results_dir/669.cif,-0.08521533843750007,bulk,32,32,32.0,-0.06593175332654243,-0.019283585110957638,0.019283585110957638,-0.06401789532866067,-0.021197443108839392,0.021197443108839392,fit
670,/home/jinsookim/HEA_MC/FeCoNiPtPd_HER/cgcnn/100/add_data/results_dir/670.cif,-0.04532349656250023,bulk,32,32,32.0,-0.0528928640295206,0.007569367467020367,0.007569367467020367,-0.052546705684915235,0.007223209122415003,0.007223209122415003,fit
671,/home/jinsookim/HEA_MC/FeCoNiPtPd_HER/cgcnn/100/add_data/results_dir/671.cif,-0.07041814343750019,bulk,32,32,32.0,-0.05635213459062791,-0.014066008846872279,0.014066008846872279,-0.05638681315072905,-0.014031330286771143,0.014031330286771143,fit
672,/home/jinsookim/HEA_MC/FeCoNiPtPd_HER/cgcnn/100/add_data/results_dir/672.cif,-0.047934685937500277,bulk,32,32,32.0,-0.03270301443665115,-0.015231671500849128,0.015231671500849128,-0.031296414656173964,-0.016638271281326313,0.016638271281326313,fit
673,/home/jinsookim/HEA_MC/FeCoNiPtPd_HER/cgcnn/100/add_data/results_dir/673.cif,-0.0764629090625002,bulk,32,32,32.0,-0.04968694335417634,-0.026775965708323857,0.026775965708323857,-0.05247830097259039,-0.023984608089909806,0.023984608089909806,fit
674,/home/jinsookim/HEA_MC/FeCoNiPtPd_HER/cgcnn/100/add_data/results_dir/674.cif,-0.06415346562500002,bulk,32,32,32.0,-0.06741706168272187,0.0032635960577218487,0.0032635960577218487,-0.06994820788919087,0.005794742264190855,0.005794742264190855,holdout
675,/home/jinsookim/HEA_MC/FeCoNiPtPd_HER/cgcnn/100/add_data/results_dir/675.cif,-0.06900118749999962,bulk,32,32,32.0,-0.04771557545631826,-0.02128561204368136,0.02128561204368136,-0.04743873529872028,-0.021562452201279336,0.021562452201279336,fit
676,/home/jinsookim/HEA_MC/FeCoNiPtPd_HER/cgcnn/100/add_data/results_dir/676.cif,-0.043037869375000426,bulk,32,32,32.0,-0.03301274690089344,-0.010025122474106987,0.010025122474106987,-0.034995425680745124,-0.008042443694255302,0.008042443694255302,fit
677,/home/jinsookim/HEA_MC/FeCoNiPtPd_HER/cgcnn/100/add_data/results_dir/677.cif,-0.032886342187500084,bulk,32,32,32.0,-0.037169167443210985,0.004282825255710901,0.004282825255710901,-0.037965976907529043,0.00507963472002896,0.00507963472002896,fit
678,/home/jinsookim/HEA_MC/FeCoNiPtPd_HER/cgcnn/100/add_data/results_dir/678.cif,0.0027330990625005214,bulk,32,32,32.0,-0.02086499028339259,0.023598089345893112,0.023598089345893112,-0.019942416085048348,0.02267551514754887,0.02267551514754887,fit
679,/home/jinsookim/HEA_MC/FeCoNiPtPd_HER/cgcnn/100/add_data/results_dir/679.cif,-0.045844435937500094,bulk,32,32,32.0,-0.04203683997159538,-0.0038075959659047143,0.0038075959659047143,-0.04274023697733571,-0.003104198960164381,0.003104198960164381,fit
680,/home/jinsookim/HEA_MC/FeCoNiPtPd_HER/cgcnn/100/add_data/results_dir/680.cif,-0.043908293124999886,bulk,32,32,32.0,-0.016582696503821,-0.027325596621178887,0.027325596621178887,-0.015738438546817682,-0.028169854578182205,0.028169854578182205,fit
681,/home/jinsookim/HEA_MC/FeCoNiPtPd_HER/cgcnn/100/add_data/results_dir/681.cif,-0.07927113374999983,bulk,32,32,32.0,-0.052146005119309016,-0.027125128630690817,0.027125128630690817,-0.051692766830178954,-0.02757836691982088,0.02757836691982088,fit
682,/home/jinsookim/HEA_MC/FeCoNiPtPd_HER/cgcnn/100/add_data/results_dir/682.cif,-0.008821218750000526,bulk,32,32,32.0,-0.00022041553365520147,-0.008600803216345324,0.008600803216345324,-0.0019104744583698166,-0.006910744291630709,0.006910744291630709,fit
683,/home/jinsookim/HEA_MC/FeCoNiPtPd_HER/cgcnn/100/add_data/results_dir/683.cif,-0.06394224000000026,bulk,32,32,32.0,-0.04213462596772215,-0.021807614032278114,0.021807614032278114,-0.039646052407175544,-0.024296187592824717,0.024296187592824717,holdout
684,/home/jinsookim/HEA_MC/FeCoNiPtPd_HER/cgcnn/100/add_data/results_dir/684.cif,-0.0686279587499996,bulk,32,32,32.0,-0.04808650807933526,-0.020541450670664346,0.020541450670664346,-0.047103143374705114,-0.021524815375294493,0.021524815375294493,fit
685,/home/jinsookim/HEA_MC/FeCoNiPtPd_HER/cgcnn/100/add_data/results_dir/685.cif,-0.042032260000000043,bulk,32,32,32.0,-0.04295359162376632,0.0009213316237662791,0.0009213316237662791,-0.04106994309364225,-0.0009623169063577922,0.0009623169063577922,fit
686,/home/jinsookim/HEA_MC/FeCoNiPtPd_HER/cgcnn/100/add_data/results_dir/686.cif,-0.030288324999999894,bulk,32,32,32.0,-0.029168890504954074,-0.0011194344950458193,0.0011194344950458193,-0.026955375021399424,-0.0033329499786004697,0.0033329499786004697,holdout
687,/home/jinsookim/HEA_MC/FeCoNiPtPd_HER/cgcnn/100/add_data/results_dir/687.cif,-0.06749906874999922,bulk,32,32,32.0,-0.06177509404331577,-0.0057239747066834545,0.0057239747066834545,-0.061396060335762476,-0.006103008414236749,0.006103008414236749,fit
688,/home/jinsookim/HEA_MC/FeCoNiPtPd_HER/cgcnn/100/add_data/results_dir/688.cif,-0.030709683749999606,bulk,32,32,32.0,-0.06591171621031083,0.03520203246031123,0.03520203246031123,-0.06415101968795532,0.033441335937955716,0.033441335937955716,fit
689,/home/jinsookim/HEA_MC/FeCoNiPtPd_HER/cgcnn/100/add_data/results_dir/689.cif,-0.06376638374999999,bulk,32,32,32.0,-0.047503225209417216,-0.016263158540582773,0.016263158540582773,-0.04709670627283725,-0.01666967747716274,0.01666967747716274,fit
690,/home/jinsookim/HEA_MC/FeCoNiPtPd_HER/cgcnn/100/add_data/results_dir/690.cif,-0.029319425937500476,bulk,32,32,32.0,-0.030245689894986404,0.0009262639574859274,0.0009262639574859274,-0.0312587754123272,0.0019393494748267265,0.0019393494748267265,fit
691,/home/jinsookim/HEA_MC/FeCoNiPtPd_HER/cgcnn/100/add_data/results_dir/691.cif,-0.07358488406249997,bulk,32,32,32.0,-0.06006400119904114,-0.01352088286345883,0.01352088286345883,-0.05941934733378597,-0.014165536728713998,0.014165536728713998,fit
692,/home/jinsookim/HEA_MC/FeCoNiPtPd_HER/cgcnn/100/add_data/results_dir/692.cif,-0.05529533656249974,bulk,32,32,32.0,-0.05393076137517682,-0.0013645751873229209,0.0013645751873229209,-0.054092456966369246,-0.0012028795961304961,0.0012028795961304961,fit
693,/home/jinsookim/HEA_MC/FeCoNiPtPd_HER/cgcnn/100/add_data/results_dir/693.cif,-0.057879201562499816,bulk,32,32,32.0,-0.044816068149234396,-0.01306313341326542,0.01306313341326542,-0.045696703854268224,-0.012182497708231592,0.012182497708231592,fit
694,/home/jinsookim/HEA_MC/FeCoNiPtPd_HER/cgcnn/100/add_data/results_dir/694.cif,-0.04278909312500012,bulk,32,32,32.0,-0.03301616772102979,-0.009772925403970331,0.009772925403970331,-0.03186436343101621,-0.010924729693983913,0.010924729693983913,fit
695,/home/jinsookim/HEA_MC/FeCoNiPtPd_HER/cgcnn/100/add_data/results_dir/695.cif,-0.0347427678125003,bulk,32,32,32.0,-0.054627509217577336,0.01988474140507704,0.01988474140507704,-0.05473879777390312,0.019996029961402824,0.019996029961402824,fit
696,/home/jinsookim/HEA_MC/FeCoNiPtPd_HER/cgcnn/100/add_data/results_dir/696.cif,-0.043008859687500234,bulk,32,32,32.0,-0.03761873010189467,-0.0053901295856055645,0.0053901295856055645,-0.03939944006845595,-0.0036094196190442837,0.0036094196190442837,fit
697,/home/jinsookim/HEA_MC/FeCoNiPtPd_HER/cgcnn/100/add_data/results_dir/697.cif,-0.07277775906250028,bulk,32,32,32.0,-0.0576010842235256,-0.015176674838974683,0.015176674838974683,-0.05686641460126145,-0.015911344461238833,0.015911344461238833,fit
698,/home/jinsookim/HEA_MC/FeCoNiPtPd_HER/cgcnn/100/add_data/results_dir/698.cif,-0.07242116312499913,bulk,32,32,32.0,-0.062069454289382334,-0.010351708835616799,0.010351708835616799,-0.06455393086866448,-0.00786723225633465,0.00786723225633465,fit
699,/home/jinsookim/HEA_MC/FeCoNiPtPd_HER/cgcnn/100/add_data/results_dir/699.cif,-0.025824038125000115,bulk,32,32,32.0,-0.02346396235938339,-0.002360075765616726,0.002360075765616726,-0.023091345122178045,-0.0027326930028220703,0.0027326930028220703,holdout
700,/home/jinsookim/HEA_MC/FeCoNiPtPd_HER/cgcnn/100/add_data/results_dir/700.cif,-0.06231256374999994,bulk,32,32,32.0,-0.03764260111209605,-0.024669962637903886,0.024669962637903886,-0.037605027329532165,-0.024707536420467774,0.024707536420467774,fit
701,/home/jinsookim/HEA_MC/FeCoNiPtPd_HER/cgcnn/100/add_data/results_dir/701.cif,-0.05824917999999979,bulk,32,32,32.0,-0.058253086772505,3.906772505210543e-06,3.906772505210543e-06,-0.05757657593623466,-0.0006726040637651323,0.0006726040637651323,fit
702,/home/jinsookim/HEA_MC/FeCoNiPtPd_HER/cgcnn/100/add_data/results_dir/702.cif,-0.026484407499999918,bulk,32,32,32.0,-0.012462257172141389,-0.014022150327858529,0.014022150327858529,-0.012538261517530904,-0.013946145982469014,0.013946145982469014,holdout
703,/home/jinsookim/HEA_MC/FeCoNiPtPd_HER/cgcnn/100/add_data/results_dir/703.cif,-0.04479633718749998,bulk,32,32,32.0,-0.017117096739877928,-0.02767924044762205,0.02767924044762205,-0.018518925877213925,-0.026277411310286054,0.026277411310286054,fit
704,/home/jinsookim/HEA_MC/FeCoNiPtPd_HER/cgcnn/100/add_data/results_dir/704.cif,-0.05211550312500002,bulk,32,32,32.0,-0.04774139428589562,-0.004374108839104399,0.004374108839104399,-0.047399509812894466,-0.004715993312105551,0.004715993312105551,fit
705,/home/jinsookim/HEA_MC/FeCoNiPtPd_HER/cgcnn/100/add_data/results_dir/705.cif,-0.04239962843749989,bulk,32,32,32.0,-0.03529852902713876,-0.007101099410361134,0.007101099410361134,-0.03490876385699418,-0.007490864580505713,0.007490864580505713,fit
706,/home/jinsookim/HEA_MC/FeCoNiPtPd_HER/cgcnn/100/add_data/results_dir/706.cif,-0.03837224125000027,bulk,32,32,32.0,-0.04499453285129026,0.0066222916012899855,0.0066222916012899855,-0.04341200037611748,0.005039759126117205,0.005039759126117205,fit
707,/home/jinsookim/HEA_MC/FeCoNiPtPd_HER/cgcnn/100/add_data/results_dir/707.cif,-0.07635380781249967,bulk,32,32,32.0,-0.05896626992155614,-0.017387537890943536,0.017387537890943536,-0.05916366991998831,-0.017190137892511365,0.017190137892511365,fit
708,/home/jinsookim/HEA_MC/FeCoNiPtPd_HER/cgcnn/100/add_data/results_dir/708.cif,-0.03309029906249972,bulk,32,32,32.0,-0.03726435416906328,0.0041740551065635595,0.0041740551065635595,-0.03632126582322703,0.0032309667607273093,0.0032309667607273093,fit
709,/home/jinsookim/HEA_MC/FeCoNiPtPd_HER/cgcnn/100/add_data/results_dir/709.cif,-0.059293023437499315,bulk,32,32,32.0,-0.04450347338995281,-0.014789550047546507,0.014789550047546507,-0.043907922605149474,-0.01538510083234984,0.01538510083234984,fit
710,/home/jinsookim/HEA_MC/FeCoNiPtPd_HER/cgcnn/100/add_data/results_dir/710.cif,-0.06397139906249993,bulk,32,32,32.0,-0.05169810517029361,-0.012273293892206327,0.012273293892206327,-0.051505317226534515,-0.012466081835965419,0.012466081835965419,fit
711,/home/jinsookim/HEA_MC/FeCoNiPtPd_HER/cgcnn/100/add_data/results_dir/711.cif,-0.0812391937500001,bulk,32,32,32.0,-0.060571652153052075,-0.02066754159694803,0.02066754159694803,-0.05977865769812371,-0.021460536051876394,0.021460536051876394,fit
712,/home/jinsookim/HEA_MC/FeCoNiPtPd_HER/cgcnn/100/add_data/results_dir/712.cif,-0.06230928250000023,bulk,32,32,32.0,-0.042377430051950556,-0.019931852448049674,0.019931852448049674,-0.04184223798206713,-0.020467044517933096,0.020467044517933096,fit
713,/home/jinsookim/HEA_MC/FeCoNiPtPd_HER/cgcnn/100/add_data/results_dir/713.cif,-0.06255706374999992,bulk,32,32,32.0,-0.05367754191126134,-0.00887952183873858,0.00887952183873858,-0.054147002404301495,-0.008410061345698425,0.008410061345698425,fit
714,/home/jinsookim/HEA_MC/FeCoNiPtPd_HER/cgcnn/100/add_data/results_dir/714.cif,-0.08192066156250011,bulk,32,32,32.0,-0.07295757996343254,-0.008963081599067571,0.008963081599067571,-0.07309129063601327,-0.008829370926486835,0.008829370926486835,fit
715,/home/jinsookim/HEA_MC/FeCoNiPtPd_HER/cgcnn/100/add_data/results_dir/715.cif,-0.04799130093750037,bulk,32,32,32.0,-0.05216817955351793,0.004176878616017558,0.004176878616017558,-0.05159155498508028,0.0036002540475799094,0.0036002540475799094,fit
716,/home/jinsookim/HEA_MC/FeCoNiPtPd_HER/cgcnn/100/add_data/results_dir/716.cif,-0.002271762187500137,bulk,32,32,32.0,-0.024874062685282416,0.02260230049778228,0.02260230049778228,-0.02470278993454158,0.022431027747041442,0.022431027747041442,fit
717,/home/jinsookim/HEA_MC/FeCoNiPtPd_HER/cgcnn/100/add_data/results_dir/717.cif,-0.020222994375000525,bulk,32,32,32.0,-0.032685224390812465,0.01246223001581194,0.01246223001581194,-0.032784826072224584,0.012561831697224059,0.012561831697224059,fit
718,/home/jinsookim/HEA_MC/FeCoNiPtPd_HER/cgcnn/100/add_data/results_dir/718.cif,-0.04378105531249954,bulk,32,32,32.0,-0.05909312811807341,0.015312072805573868,0.015312072805573868,-0.0597759190803273,0.015994863767827758,0.015994863767827758,fit
719,/home/jinsookim/HEA_MC/FeCoNiPtPd_HER/cgcnn/100/add_data/results_dir/719.cif,-0.040977811874999936,bulk,32,32,32.0,-0.04185079422931494,0.0008729823543150023,0.0008729823543150023,-0.043323117375870905,0.0023453055008709686,0.0023453055008709686,holdout
720,/home/jinsookim/HEA_MC/FeCoNiPtPd_HER/cgcnn/100/add_data/results_dir/720.cif,-0.03961262562499979,bulk,32,32,32.0,-0.04411770994433016,0.004505084319330374,0.004505084319330374,-0.043777986891868355,0.004165361266868568,0.004165361266868568,fit
721,/home/jinsookim/HEA_MC/FeCoNiPtPd_HER/cgcnn/100/add_data/results_dir/721.cif,-0.05599635312500073,bulk,32,32,32.0,-0.04139090800772029,-0.014605445117280444,0.014605445117280444,-0.041019579976670224,-0.014976773148330506,0.014976773148330506,fit
722,/home/jinsookim/HEA_MC/FeCoNiPtPd_HER/cgcnn/100/add_data/results_dir/722.cif,-0.05081461187499947,bulk,32,32,32.0,-0.02010360943645631,-0.03071100243854316,0.03071100243854316,-0.01791874360407794,-0.03289586827092153,0.03289586827092153,fit
723,/home/jinsookim/HEA_MC/FeCoNiPtPd_HER/cgcnn/100/add_data/results_dir/723.cif,-0.049960340624999766,bulk,32,32,32.0,-0.039728011991055606,-0.01023232863394416,0.01023232863394416,-0.04206454213904407,-0.007895798485955695,0.007895798485955695,fit
724,/home/jinsookim/HEA_MC/FeCoNiPtPd_HER/cgcnn/100/add_data/results_dir/724.cif,-0.0678088396874994,bulk,32,32,32.0,-0.06464731356083725,-0.003161526126662151,0.003161526126662151,-0.06882798933898514,0.0010191496514857373,0.0010191496514857373,fit
725,/home/jinsookim/HEA_MC/FeCoNiPtPd_HER/cgcnn/100/add_data/results_dir/725.cif,-0.044365949375000824,bulk,32,32,32.0,-0.041132175772378224,-0.0032337736026226,0.0032337736026226,-0.039198923352522515,-0.005167026022478309,0.005167026022478309,holdout
726,/home/jinsookim/HEA_MC/FeCoNiPtPd_HER/cgcnn/100/add_data/results_dir/726.cif,-0.0033618268749995295,bulk,32,32,32.0,-0.0046841502716472895,0.00132232339664776,0.00132232339664776,-0.004759753099941172,0.0013979262249416424,0.0013979262249416424,fit
727,/home/jinsookim/HEA_MC/FeCoNiPtPd_HER/cgcnn/100/add_data/results_dir/727.cif,-0.0639681353124999,bulk,32,32,32.0,-0.04082646463210145,-0.02314167068039845,0.02314167068039845,-0.03812185603739955,-0.025846279275100345,0.025846279275100345,holdout
728,/home/jinsookim/HEA_MC/FeCoNiPtPd_HER/cgcnn/100/add_data/results_dir/728.cif,-0.04504191562499926,bulk,32,32,32.0,-0.03425001122132629,-0.010791904403672975,0.010791904403672975,-0.03508265967649998,-0.00995925594849928,0.00995925594849928,fit
729,/home/jinsookim/HEA_MC/FeCoNiPtPd_HER/cgcnn/100/add_data/results_dir/729.cif,-0.043118277187500276,bulk,32,32,32.0,-0.047655830355224825,0.004537553167724549,0.004537553167724549,-0.04795996334944552,0.004841686161945247,0.004841686161945247,holdout
730,/home/jinsookim/HEA_MC/FeCoNiPtPd_HER/cgcnn/100/add_data/results_dir/730.cif,-0.044179660312500424,bulk,32,32,32.0,-0.03206506287127707,-0.012114597441223354,0.012114597441223354,-0.03297044355493761,-0.011209216757562812,0.011209216757562812,fit
731,/home/jinsookim/HEA_MC/FeCoNiPtPd_HER/cgcnn/100/add_data/results_dir/731.cif,-0.05539343187500023,bulk,32,32,32.0,-0.03234533186397438,-0.02304810001102585,0.02304810001102585,-0.03168413441604213,-0.023709297458958105,0.023709297458958105,fit
732,/home/jinsookim/HEA_MC/FeCoNiPtPd_HER/cgcnn/100/add_data/results_dir/732.cif,-0.03968902031250021,bulk,32,32,32.0,-0.01967077622551542,-0.020018244086984792,0.020018244086984792,-0.017932022339962963,-0.02175699797253725,0.02175699797253725,fit
733,/home/jinsookim/HEA_MC/FeCoNiPtPd_HER/cgcnn/100/add_data/results_dir/733.cif,0.007390179687500442,bulk,32,32,32.0,-0.0016795251545292118,0.009069704842029654,0.009069704842029654,-0.002333121338318053,0.009723301025818495,0.009723301025818495,fit
734,/home/jinsookim/HEA_MC/FeCoNiPtPd_HER/cgcnn/100/add_data/results_dir/734.cif,-0.06111684343749957,bulk,32,32,32.0,-0.04094048277324173,-0.02017636066425784,0.02017636066425784,-0.04064707117992121,-0.02046977225757836,0.02046977225757836,fit
735,/home/jinsookim/HEA_MC/FeCoNiPtPd_HER/cgcnn/100/add_data/results_dir/735.cif,0.006497590937500242,bulk,32,32,32.0,-0.03951326719615657,0.04601085813365681,0.04601085813365681,-0.040047039827664575,0.04654463076516482,0.04654463076516482,fit
736,/home/jinsookim/HEA_MC/FeCoNiPtPd_HER/cgcnn/100/add_data/results_dir/736.cif,-0.05263121593750064,bulk,32,32,32.0,-0.04298465492594168,-0.00964656101155896,0.00964656101155896,-0.044470968801452446,-0.008160247136048196,0.008160247136048196,fit
737,/home/jinsookim/HEA_MC/FeCoNiPtPd_HER/cgcnn/100/add_data/results_dir/737.cif,-0.038834322812500766,bulk,32,32,32.0,-0.036354566868873346,-0.0024797559436274194,0.0024797559436274194,-0.0378551889109934,-0.0009791339015073688,0.0009791339015073688,fit
738,/home/jinsookim/HEA_MC/FeCoNiPtPd_HER/cgcnn/100/add_data/results_dir/738.cif,-0.05428342031250022,bulk,32,32,32.0,-0.032396602328806534,-0.021886817983693685,0.021886817983693685,-0.030404764699249152,-0.023878655613251067,0.023878655613251067,holdout
739,/home/jinsookim/HEA_MC/FeCoNiPtPd_HER/cgcnn/100/add_data/results_dir/739.cif,-0.06404112156250008,bulk,32,32,32.0,-0.06753145749785129,0.0034903359353512103,0.0034903359353512103,-0.06796843571538608,0.003927314152885997,0.003927314152885997,fit
740,/home/jinsookim/HEA_MC/FeCoNiPtPd_HER/cgcnn/100/add_data/results_dir/740.cif,0.009935785937499553,bulk,32,32,32.0,0.010020445107172796,-8.465916967324329e-05,8.465916967324329e-05,0.012713316562030225,-0.0027775306245306722,0.0027775306245306722,fit
741,/home/jinsookim/HEA_MC/FeCoNiPtPd_HER/cgcnn/100/add_data/results_dir/741.cif,-0.07388760750000056,bulk,32,32,32.0,-0.07400513597330485,0.00011752847330429028,0.00011752847330429028,-0.07472114656403848,0.000833539064037922,0.000833539064037922,fit
742,/home/jinsookim/HEA_MC/FeCoNiPtPd_HER/cgcnn/100/add_data/results_dir/742.cif,-0.0592593128125003,bulk,32,32,32.0,-0.061905948503975614,0.002646635691475316,0.002646635691475316,-0.06183376278079386,0.002574449968293563,0.002574449968293563,fit
743,/home/jinsookim/HEA_MC/FeCoNiPtPd_HER/cgcnn/100/add_data/results_dir/743.cif,-0.03606223781249973,bulk,32,32,32.0,-0.026201033803822285,-0.009861204008677446,0.009861204008677446,-0.026197005035927343,-0.009865232776572388,0.009865232776572388,fit
744,/home/jinsookim/HEA_MC/FeCoNiPtPd_HER/cgcnn/100/add_data/results_dir/744.cif,-0.07679264218749982,bulk,32,32,32.0,-0.05889852863353776,-0.017894113553962053,0.017894113553962053,-0.05696604285203119,-0.019826599335468625,0.019826599335468625,fit
745,/home/jinsookim/HEA_MC/FeCoNiPtPd_HER/cgcnn/100/add_data/results_dir/745.cif,-0.021308472187500094,bulk,32,32,32.0,-0.027163891917234107,0.005855419729734013,0.005855419729734013,-0.026636335352648727,0.005327863165148633,0.005327863165148633,fit
746,/home/jinsookim/HEA_MC/FeCoNiPtPd_HER/cgcnn/100/add_data/results_dir/746.cif,-0.02655504843749945,bulk,32,32,32.0,-0.04749568174209366,0.02094063330459421,0.02094063330459421,-0.044327604195291054,0.017772555757791603,0.017772555757791603,fit
747,/home/jinsookim/HEA_MC/FeCoNiPtPd_HER/cgcnn/100/add_data/results_dir/747.cif,-0.08207592124999952,bulk,32,32,32.0,-0.056633552476954695,-0.025442368773044823,0.025442368773044823,-0.05284878313569474,-0.02922713811430478,0.02922713811430478,holdout
748,/home/jinsookim/HEA_MC/FeCoNiPtPd_HER/cgcnn/100/add_data/results_dir/748.cif,0.010405969062499132,bulk,32,32,32.0,-0.013161095947531823,0.023567065010030953,0.023567065010030953,-0.010518126685166246,0.020924095747665378,0.020924095747665378,fit
749,/home/jinsookim/HEA_MC/FeCoNiPtPd_HER/cgcnn/100/add_data/results_dir/749.cif,-0.04257816343749976,bulk,32,32,32.0,-0.040217260012463195,-0.002360903425036566,0.002360903425036566,-0.038918040839992035,-0.0036601225975077256,0.0036601225975077256,fit
750,/home/jinsookim/HEA_MC/FeCoNiPtPd_HER/cgcnn/100/add_data/results_dir/750.cif,-0.02673698781249989,bulk,32,32,32.0,-0.02968398607012477,0.002946998257624879,0.002946998257624879,-0.02947934323110828,0.0027423554186083894,0.0027423554186083894,fit
751,/home/jinsookim/HEA_MC/FeCoNiPtPd_HER/cgcnn/100/add_data/results_dir/751.cif,-0.0687527218749997,bulk,32,32,32.0,-0.06781835093679298,-0.0009343709382067245,0.0009343709382067245,-0.06756831147108552,-0.0011844104039141767,0.0011844104039141767,fit
752,/home/jinsookim/HEA_MC/FeCoNiPtPd_HER/cgcnn/100/add_data/results_dir/752.cif,-0.062447670000000066,bulk,32,32,32.0,-0.052890141543295514,-0.009557528456704552,0.009557528456704552,-0.05256299858746406,-0.009884671412536003,0.009884671412536003,fit
753,/home/jinsookim/HEA_MC/FeCoNiPtPd_HER/cgcnn/100/add_data/results_dir/753.cif,-0.051734370937499996,bulk,32,32,32.0,-0.035364597470654034,-0.016369773466845962,0.016369773466845962,-0.03452090852488993,-0.017213462412610063,0.017213462412610063,fit
754,/home/jinsookim/HEA_MC/FeCoNiPtPd_HER/cgcnn/100/add_data/results_dir/754.cif,-0.05324602218749952,bulk,32,32,32.0,-0.03351584159353024,-0.019730180593969276,0.019730180593969276,-0.03301507343289653,-0.02023094875460299,0.02023094875460299,fit
755,/home/jinsookim/HEA_MC/FeCoNiPtPd_HER/cgcnn/100/add_data/results_dir/755.cif,-0.07200842812499975,bulk,32,32,32.0,-0.05571672863974177,-0.01629169948525798,0.01629169948525798,-0.05470576685929193,-0.017302661265707814,0.017302661265707814,fit
756,/home/jinsookim/HEA_MC/FeCoNiPtPd_HER/cgcnn/100/add_data/results_dir/756.cif,-0.04253630281250054,bulk,32,32,32.0,-0.04467732325158835,0.002141020439087815,0.002141020439087815,-0.044203637979496724,0.0016673351669961867,0.0016673351669961867,fit
757,/home/jinsookim/HEA_MC/FeCoNiPtPd_HER/cgcnn/100/add_data/results_dir/757.cif,-0.04500720375,bulk,32,32,32.0,-0.035558864108174174,-0.009448339641825829,0.009448339641825829,-0.03602028517729209,-0.008986918572707912,0.008986918572707912,fit
758,/home/jinsookim/HEA_MC/FeCoNiPtPd_HER/cgcnn/100/add_data/results_dir/758.cif,0.07399637093749956,bulk,32,32,32.0,0.014442400718664176,0.05955397021883538,0.05955397021883538,0.013845757578376621,0.06015061335912293,0.06015061335912293,fit
759,/home/jinsookim/HEA_MC/FeCoNiPtPd_HER/cgcnn/100/add_data/results_dir/759.cif,-0.023870402500000942,bulk,32,32,32.0,-0.028118107551830467,0.004247705051829524,0.004247705051829524,-0.02872104762009158,0.004850645120090636,0.004850645120090636,fit
760,/home/jinsookim/HEA_MC/FeCoNiPtPd_HER/cgcnn/100/add_data/results_dir/760.cif,-0.03699746218750022,bulk,32,32,32.0,-0.03882546959368314,0.0018280074061829202,0.0018280074061829202,-0.0398863530141783,0.0028888908266780783,0.0028888908266780783,fit
761,/home/jinsookim/HEA_MC/FeCoNiPtPd_HER/cgcnn/100/add_data/results_dir/761.cif,-0.043574471874999965,bulk,32,32,32.0,-0.03938880103292067,-0.004185670842079298,0.004185670842079298,-0.03760252916400175,-0.005971942710998213,0.005971942710998213,fit
762,/home/jinsookim/HEA_MC/FeCoNiPtPd_HER/cgcnn/100/add_data/results_dir/762.cif,-0.013022421875000134,bulk,32,32,32.0,-0.015702770898496334,0.0026803490234962,0.0026803490234962,-0.014350965875232612,0.0013285440002324782,0.0013285440002324782,fit
763,/home/jinsookim/HEA_MC/FeCoNiPtPd_HER/cgcnn/100/add_data/results_dir/763.cif,-0.07663322468749989,bulk,32,32,32.0,-0.06573582681267412,-0.01089739787482577,0.01089739787482577,-0.06545730320873851,-0.011175921478761383,0.011175921478761383,holdout
764,/home/jinsookim/HEA_MC/FeCoNiPtPd_HER/cgcnn/100/add_data/results_dir/764.cif,-0.07139054624999996,bulk,32,32,32.0,-0.06045936127435383,-0.010931184975646137,0.010931184975646137,-0.06054915915408937,-0.010841387095910593,0.010841387095910593,fit
765,/home/jinsookim/HEA_MC/FeCoNiPtPd_HER/cgcnn/100/add_data/results_dir/765.cif,0.0303034499999999,bulk,32,32,32.0,-0.007848816506568202,0.0381522665065681,0.0381522665065681,-0.008428184635431171,0.03873163463543107,0.03873163463543107,fit
766,/home/jinsookim/HEA_MC/FeCoNiPtPd_HER/cgcnn/100/add_data/results_dir/766.cif,0.01946641437499963,bulk,32,32,32.0,-0.030857354190342794,0.050323768565342424,0.050323768565342424,-0.031345213541016055,0.050811627916015685,0.050811627916015685,fit
767,/home/jinsookim/HEA_MC/FeCoNiPtPd_HER/cgcnn/100/add_data/results_dir/767.cif,-0.007856585625000356,bulk,32,32,32.0,-0.019841563548755582,0.011984977923755226,0.011984977923755226,-0.018455819798711574,0.010599234173711218,0.010599234173711218,fit
768,/home/jinsookim/HEA_MC/FeCoNiPtPd_HER/cgcnn/100/add_data/results_dir/768.cif,-0.06906657718750076,bulk,32,32,32.0,-0.06347287312464656,-0.005593704062854199,0.005593704062854199,-0.0628141184342951,-0.006252458753205653,0.006252458753205653,fit
769,/home/jinsookim/HEA_MC/FeCoNiPtPd_HER/cgcnn/100/add_data/results_dir/769.cif,-0.0689737115625002,bulk,32,32,32.0,-0.043638166602135764,-0.025335544960364442,0.025335544960364442,-0.04208607986200437,-0.026887631700495837,0.026887631700495837,holdout
770,/home/jinsookim/HEA_MC/FeCoNiPtPd_HER/cgcnn/100/add_data/results_dir/770.cif,-0.047787377812499976,bulk,32,32,32.0,-0.03221165139293234,-0.015575726419567636,0.015575726419567636,-0.03000932811963341,-0.017778049692866567,0.017778049692866567,fit
771,/home/jinsookim/HEA_MC/FeCoNiPtPd_HER/cgcnn/100/add_data/results_dir/771.cif,-0.05664451562499995,bulk,32,32,32.0,-0.04372861033615045,-0.012915905288849498,0.012915905288849498,-0.04334378356716383,-0.01330073205783612,0.01330073205783612,fit
772,/home/jinsookim/HEA_MC/FeCoNiPtPd_HER/cgcnn/100/add_data/results_dir/772.cif,-0.06847412312500012,bulk,32,32,32.0,-0.07415444008998086,0.005680316964980739,0.005680316964980739,-0.0768650017054988,0.008390878580498681,0.008390878580498681,holdout
773,/home/jinsookim/HEA_MC/FeCoNiPtPd_HER/cgcnn/100/add_data/results_dir/773.cif,-0.05308089468749966,bulk,32,32,32.0,-0.03304797884914005,-0.02003291583835961,0.02003291583835961,-0.02936750709773172,-0.02371338758976794,0.02371338758976794,fit
774,/home/jinsookim/HEA_MC/FeCoNiPtPd_HER/cgcnn/100/add_data/results_dir/774.cif,-0.05139646187500002,bulk,32,32,32.0,-0.06211528302981114,0.010718821154811119,0.010718821154811119,-0.06092495426114983,0.009528492386149806,0.009528492386149806,fit
775,/home/jinsookim/HEA_MC/FeCoNiPtPd_HER/cgcnn/100/add_data/results_dir/775.cif,-0.0685948090624997,bulk,32,32,32.0,-0.04927893992201447,-0.019315869140485234,0.019315869140485234,-0.04794111302394981,-0.0206536960385499,0.0206536960385499,holdout
776,/home/jinsookim/HEA_MC/FeCoNiPtPd_HER/cgcnn/100/add_data/results_dir/776.cif,-0.0704494206249997,bulk,32,32,32.0,-0.06924660267567359,-0.0012028179493261126,0.0012028179493261126,-0.06956548278772709,-0.0008839378372726137,0.0008839378372726137,holdout
777,/home/jinsookim/HEA_MC/FeCoNiPtPd_HER/cgcnn/100/add_data/results_dir/777.cif,-0.029791935937499403,bulk,32,32,32.0,-0.02534177025889394,-0.0044501656786054625,0.0044501656786054625,-0.023846838375444185,-0.005945097562055218,0.005945097562055218,fit
778,/home/jinsookim/HEA_MC/FeCoNiPtPd_HER/cgcnn/100/add_data/results_dir/778.cif,-0.059410134999999364,bulk,32,32,32.0,-0.06260633610650136,0.0031962011065019974,0.0031962011065019974,-0.06374857750715018,0.004338442507150819,0.004338442507150819,fit
779,/home/jinsookim/HEA_MC/FeCoNiPtPd_HER/cgcnn/100/add_data/results_dir/779.cif,0.0005123843749998969,bulk,32,32,32.0,-0.006030803484024185,0.006543187859024082,0.006543187859024082,-0.008376497392919806,0.008888881767919703,0.008888881767919703,holdout
780,/home/jinsookim/HEA_MC/FeCoNiPtPd_HER/cgcnn/100/add_data/results_dir/780.cif,-0.08648557968750037,bulk,32,32,32.0,-0.05452515564926648,-0.03196042403823389,0.03196042403823389,-0.05298819355830793,-0.03349738612919244,0.03349738612919244,fit
781,/home/jinsookim/HEA_MC/FeCoNiPtPd_HER/cgcnn/100/add_data/results_dir/781.cif,-0.03862445437500028,bulk,32,32,32.0,-0.0422839397686625,0.003659485393662218,0.003659485393662218,-0.04218913810438965,0.0035646837293893674,0.0035646837293893674,fit
782,/home/jinsookim/HEA_MC/FeCoNiPtPd_HER/cgcnn/100/add_data/results_dir/782.cif,-0.0380650337499997,bulk,32,32,32.0,-0.03581855500835813,-0.0022464787416415707,0.0022464787416415707,-0.03550686385418246,-0.002558169895817239,0.002558169895817239,fit
783,/home/jinsookim/HEA_MC/FeCoNiPtPd_HER/cgcnn/100/add_data/results_dir/783.cif,-0.0462846665625003,bulk,32,32,32.0,-0.045808850316275566,-0.000475816246224732,0.000475816246224732,-0.043012615390309414,-0.0032720511721908846,0.0032720511721908846,fit
784,/home/jinsookim/HEA_MC/FeCoNiPtPd_HER/cgcnn/100/add_data/results_dir/784.cif,-0.0470275637499995,bulk,32,32,32.0,-0.04754006036536819,0.0005124966153686877,0.0005124966153686877,-0.04874003464036811,0.0017124708903686059,0.0017124708903686059,fit
785,/home/jinsookim/HEA_MC/FeCoNiPtPd_HER/cgcnn/100/add_data/results_dir/785.cif,-0.059173155312500114,bulk,32,32,32.0,-0.038378419196347865,-0.02079473611615225,0.02079473611615225,-0.038598954373274916,-0.0205742009392252,0.0205742009392252,fit
786,/home/jinsookim/HEA_MC/FeCoNiPtPd_HER/cgcnn/100/add_data/results_dir/786.cif,-0.07756977281250066,bulk,32,32,32.0,-0.0373370078492097,-0.04023276496329096,0.04023276496329096,-0.03684857947857319,-0.04072119333392747,0.04072119333392747,fit
787,/home/jinsookim/HEA_MC/FeCoNiPtPd_HER/cgcnn/100/add_data/results_dir/787.cif,-0.007099579999999328,bulk,32,32,32.0,-0.013701466767667977,0.006601886767668649,0.006601886767668649,-0.013916908551437247,0.006817328551437919,0.006817328551437919,fit
788,/home/jinsookim/HEA_MC/FeCoNiPtPd_HER/cgcnn/100/add_data/results_dir/788.cif,-0.04151911437500022,bulk,32,32,32.0,-0.02462398170750075,-0.016895132667499473,0.016895132667499473,-0.023213685267103403,-0.018305429107896818,0.018305429107896818,fit
789,/home/jinsookim/HEA_MC/FeCoNiPtPd_HER/cgcnn/100/add_data/results_dir/789.cif,-0.046502238124999984,bulk,32,32,32.0,-0.04634850251998401,-0.00015373560501597688,0.00015373560501597688,-0.04648254737274782,-1.96907522521661e-05,1.96907522521661e-05,fit
790,/home/jinsookim/HEA_MC/FeCoNiPtPd_HER/cgcnn/100/add_data/results_dir/790.cif,-0.02760548437499999,bulk,32,32,32.0,-0.04466444699040159,0.0170589626154016,0.0170589626154016,-0.04304096138230169,0.015435477007301704,0.015435477007301704,fit
791,/home/jinsookim/HEA_MC/FeCoNiPtPd_HER/cgcnn/100/add_data/results_dir/791.cif,-0.07035915750000044,bulk,32,32,32.0,-0.05849655867069694,-0.011862598829303496,0.011862598829303496,-0.05564949323946748,-0.014709664260532954,0.014709664260532954,holdout
792,/home/jinsookim/HEA_MC/FeCoNiPtPd_HER/cgcnn/100/add_data/results_dir/792.cif,-0.06133341312500029,bulk,32,32,32.0,-0.03533055647067216,-0.02600285665432813,0.02600285665432813,-0.03538957134191439,-0.025943841783085904,0.025943841783085904,fit
793,/home/jinsookim/HEA_MC/FeCoNiPtPd_HER/cgcnn/100/add_data/results_dir/793.cif,-0.09042893968749954,bulk,32,32,32.0,-0.07521663402511373,-0.015212305662385808,0.015212305662385808,-0.07360943325171607,-0.016819506435783477,0.016819506435783477,fit
794,/home/jinsookim/HEA_MC/FeCoNiPtPd_HER/cgcnn/100/add_data/results_dir/794.cif,-0.05811737124999983,bulk,32,32,32.0,-0.04910453405603339,-0.009012837193966436,0.009012837193966436,-0.04971227056387131,-0.00840510068612852,0.00840510068612852,fit
795,/home/jinsookim/HEA_MC/FeCoNiPtPd_HER/cgcnn/100/add_data/results_dir/795.cif,-0.008740671562500246,bulk,32,32,32.0,-0.018850213248723647,0.0101095416862234,0.0101095416862234,-0.017348766435458494,0.008608094872958248,0.008608094872958248,fit
796,/home/jinsookim/HEA_MC/FeCoNiPtPd_HER/cgcnn/100/add_data/results_dir/796.cif,0.041315103437499445,bulk,32,32,32.0,-0.07737681685696104,0.11869192029446049,0.11869192029446049,-0.07728886751614454,0.11860397095364399,0.11860397095364399,fit
797,/home/jinsookim/HEA_MC/FeCoNiPtPd_HER/cgcnn/100/add_data/results_dir/797.cif,-0.05864000812499981,bulk,32,32,32.0,-0.05155440206621478,-0.007085606058785027,0.007085606058785027,-0.05229920908106315,-0.006340799043936661,0.006340799043936661,fit
798,/home/jinsookim/HEA_MC/FeCoNiPtPd_HER/cgcnn/100/add_data/results_dir/798.cif,-0.08529763656250022,bulk,32,32,32.0,-0.06954755238927135,-0.015750084173228873,0.015750084173228873,-0.07084835561801468,-0.01444928094448554,0.01444928094448554,fit
799,/home/jinsookim/HEA_MC/FeCoNiPtPd_HER/cgcnn/100/add_data/results_dir/799.cif,-0.020281250937499884,bulk,32,32,32.0,-0.03602050981851205,0.015739258881012165,0.015739258881012165,-0.03514651017001008,0.014865259232510197,0.014865259232510197,fit
800,/home/jinsookim/HEA_MC/FeCoNiPtPd_HER/cgcnn/100/add_data/results_dir/800.cif,0.04237342656249954,bulk,32,32,32.0,0.013853521504491161,0.028519905058008378,0.028519905058008378,0.017641687483834337,0.024731739078665202,0.024731739078665202,fit
801,/home/jinsookim/HEA_MC/FeCoNiPtPd_HER/cgcnn/100/add_data/results_dir/801.cif,-0.08000182906249975,bulk,32,32,32.0,-0.06650466052918744,-0.013497168533312315,0.013497168533312315,-0.06782556623641645,-0.012176262826083306,0.012176262826083306,fit
802,/home/jinsookim/HEA_MC/FeCoNiPtPd_HER/cgcnn/100/add_data/results_dir/802.cif,-0.025365638124999812,bulk,32,32,32.0,-0.06266748551229014,0.037301847387290324,0.037301847387290324,-0.06040138496438103,0.03503574683938122,0.03503574683938122,fit
803,/home/jinsookim/HEA_MC/FeCoNiPtPd_HER/cgcnn/100/add_data/results_dir/803.cif,-0.013246035937500622,bulk,32,32,32.0,-0.004026122945718871,-0.00921991299178175,0.00921991299178175,-0.00525647317115508,-0.007989562766345541,0.007989562766345541,fit
804,/home/jinsookim/HEA_MC/FeCoNiPtPd_HER/cgcnn/100/add_data/results_dir/804.cif,-0.001433085625000885,bulk,32,32,32.0,0.010236422605744828,-0.011669508230745713,0.011669508230745713,0.010785383703459772,-0.012218469328460657,0.012218469328460657,holdout
805,/home/jinsookim/HEA_MC/FeCoNiPtPd_HER/cgcnn/100/add_data/results_dir/805.cif,-0.03632631843750023,bulk,32,32,32.0,-0.03651997804056326,0.0001936596030630358,0.0001936596030630358,-0.03627111332688506,-5.5205110615165476e-05,5.5205110615165476e-05,holdout
806,/home/jinsookim/HEA_MC/FeCoNiPtPd_HER/cgcnn/100/add_data/results_dir/806.cif,-0.03062611593750031,bulk,32,32,32.0,-0.020674688620762872,-0.009951427316737437,0.009951427316737437,-0.020169066023754983,-0.010457049913745325,0.010457049913745325,fit
807,/home/jinsookim/HEA_MC/FeCoNiPtPd_HER/cgcnn/100/add_data/results_dir/807.cif,-0.07431715562499974,bulk,32,32,32.0,-0.05015281496077296,-0.024164340664226784,0.024164340664226784,-0.04872404724773757,-0.02559310837726217,0.02559310837726217,fit
808,/home/jinsookim/HEA_MC/FeCoNiPtPd_HER/cgcnn/100/add_data/results_dir/808.cif,-0.06616730843750052,bulk,32,32,32.0,-0.04719665955916802,-0.018970648878332497,0.018970648878332497,-0.04804973868084245,-0.018117569756658063,0.018117569756658063,fit
809,/home/jinsookim/HEA_MC/FeCoNiPtPd_HER/cgcnn/100/add_data/results_dir/809.cif,-0.04499583312499933,bulk,32,32,32.0,-0.052968029927941085,0.007972196802941756,0.007972196802941756,-0.05298208675450251,0.007986253629503177,0.007986253629503177,fit
810,/home/jinsookim/HEA_MC/FeCoNiPtPd_HER/cgcnn/100/add_data/results_dir/810.cif,-0.060993158749999665,bulk,32,32,32.0,-0.05285142089752481,-0.008141737852474858,0.008141737852474858,-0.051561263966193996,-0.00943189478380567,0.00943189478380567,fit
811,/home/jinsookim/HEA_MC/FeCoNiPtPd_HER/cgcnn/100/add_data/results_dir/811.cif,-0.06191176031250034,bulk,32,32,32.0,-0.048887341832010635,-0.013024418480489706,0.013024418480489706,-0.048496298609217704,-0.013415461703282637,0.013415461703282637,fit
812,/home/jinsookim/HEA_MC/FeCoNiPtPd_HER/cgcnn/100/add_data/results_dir/812.cif,0.15477429124999986,bulk,32,32,32.0,-0.02252771545476754,0.1773020067047674,0.1773020067047674,-0.02173968560949618,0.17651397685949605,0.17651397685949605,fit
813,/home/jinsookim/HEA_MC/FeCoNiPtPd_HER/cgcnn/100/add_data/results_dir/813.cif,-0.014380110624999887,bulk,32,32,32.0,-0.03819589729862261,0.023815786673622726,0.023815786673622726,-0.03831715951487433,0.02393704888987444,0.02393704888987444,fit
814,/home/jinsookim/HEA_MC/FeCoNiPtPd_HER/cgcnn/100/add_data/results_dir/814.cif,-0.0715752790624995,bulk,32,32,32.0,-0.05937064178367847,-0.012204637278821026,0.012204637278821026,-0.05896986372656991,-0.012605415335929585,0.012605415335929585,fit
815,/home/jinsookim/HEA_MC/FeCoNiPtPd_HER/cgcnn/100/add_data/results_dir/815.cif,-0.04459524062500009,bulk,32,32,32.0,-0.02906900105584067,-0.015526239569159418,0.015526239569159418,-0.027511350178798924,-0.017083890446201164,0.017083890446201164,holdout
816,/home/jinsookim/HEA_MC/FeCoNiPtPd_HER/cgcnn/100/add_data/results_dir/816.cif,-0.06320645281249959,bulk,32,32,32.0,-0.05151335126023225,-0.01169310155226734,0.01169310155226734,-0.051039551990383555,-0.012166900822116036,0.012166900822116036,fit
817,/home/jinsookim/HEA_MC/FeCoNiPtPd_HER/cgcnn/100/add_data/results_dir/817.cif,-0.09263105437500041,bulk,32,32,32.0,-0.0873007316053048,-0.005330322769695611,0.005330322769695611,-0.08573715969149232,-0.006893894683508095,0.006893894683508095,fit
818,/home/jinsookim/HEA_MC/FeCoNiPtPd_HER/cgcnn/100/add_data/results_dir/818.cif,-0.05239284625000007,bulk,32,32,32.0,-0.05181200610662241,-0.0005808401433776561,0.0005808401433776561,-0.05177156150892247,-0.0006212847410776018,0.0006212847410776018,fit
819,/home/jinsookim/HEA_MC/FeCoNiPtPd_HER/cgcnn/100/add_data/results_dir/819.cif,-0.06464435343750008,bulk,32,32,32.0,-0.05145087836304869,-0.013193475074451393,0.013193475074451393,-0.05041313815742858,-0.0142312152800715,0.0142312152800715,fit
820,/home/jinsookim/HEA_MC/FeCoNiPtPd_HER/cgcnn/100/add_data/results_dir/820.cif,-0.07897407874999995,bulk,32,32,32.0,-0.0634356968365363,-0.015538381913463656,0.015538381913463656,-0.06343405231523612,-0.015540026434763834,0.015540026434763834,fit
821,/home/jinsookim/HEA_MC/FeCoNiPtPd_HER/cgcnn/100/add_data/results_dir/821.cif,-0.07546828593749932,bulk,32,32,32.0,-0.057759538838546426,-0.0177087470989529,0.0177087470989529,-0.05674762962195568,-0.018720656315543642,0.018720656315543642,fit
822,/home/jinsookim/HEA_MC/FeCoNiPtPd_HER/cgcnn/100/add_data/results_dir/822.cif,-0.02034656468750029,bulk,32,32,32.0,-0.02205963921519004,0.001713074527689748,0.001713074527689748,-0.019277776859957588,-0.0010687878275427026,0.0010687878275427026,fit
823,/home/jinsookim/HEA_MC/FeCoNiPtPd_HER/cgcnn/100/add_data/results_dir/823.cif,-0.0660472881249996,bulk,32,32,32.0,-0.05752608116294369,-0.00852120696205591,0.00852120696205591,-0.0558608327559573,-0.0101864553690423,0.0101864553690423,fit
824,/home/jinsookim/HEA_MC/FeCoNiPtPd_HER/cgcnn/100/add_data/results_dir/824.cif,-0.05965807249999955,bulk,32,32,32.0,-0.06386990554188486,0.004211833041885313,0.004211833041885313,-0.06301178425336451,0.003353711753364963,0.003353711753364963,fit
825,/home/jinsookim/HEA_MC/FeCoNiPtPd_HER/cgcnn/100/add_data/results_dir/825.cif,-0.06492661124999977,bulk,32,32,32.0,-0.05968519097761189,-0.005241420272387873,0.005241420272387873,-0.05800399470982033,-0.006922616540179435,0.006922616540179435,fit
826,/home/jinsookim/HEA_MC/FeCoNiPtPd_HER/cgcnn/100/add_data/results_dir/826.cif,-0.0602731387500004,bulk,32,32,32.0,-0.03478583276094281,-0.025487305989057588,0.025487305989057588,-0.034463317600134644,-0.025809821149865755,0.025809821149865755,fit
827,/home/jinsookim/HEA_MC/FeCoNiPtPd_HER/cgcnn/100/add_data/results_dir/827.cif,-0.009180973437500128,bulk,32,32,32.0,0.003468369362490971,-0.012649342799991099,0.012649342799991099,0.003901745146566899,-0.013082718584067028,0.013082718584067028,fit
828,/home/jinsookim/HEA_MC/FeCoNiPtPd_HER/cgcnn/100/add_data/results_dir/828.cif,-0.05167819062500012,bulk,32,32,32.0,-0.04924961816867865,-0.0024285724563214706,0.0024285724563214706,-0.049301600058907255,-0.002376590566092865,0.002376590566092865,fit
829,/home/jinsookim/HEA_MC/FeCoNiPtPd_HER/cgcnn/100/add_data/results_dir/829.cif,-0.0751019290624999,bulk,32,32,32.0,-0.05889083732219367,-0.016211091740306237,0.016211091740306237,-0.05790765750988619,-0.017194271552613716,0.017194271552613716,fit
830,/home/jinsookim/HEA_MC/FeCoNiPtPd_HER/cgcnn/100/add_data/results_dir/830.cif,-0.055588909375000384,bulk,32,32,32.0,-0.06302563454538546,0.007436725170385072,0.007436725170385072,-0.06374728982868871,0.00815838045368833,0.00815838045368833,fit
831,/home/jinsookim/HEA_MC/FeCoNiPtPd_HER/cgcnn/100/add_data/results_dir/831.cif,-0.03705236625000019,bulk,32,32,32.0,-0.04084682996667183,0.0037944637166716366,0.0037944637166716366,-0.03956140217496888,0.0025090359249686917,0.0025090359249686917,holdout
832,/home/jinsookim/HEA_MC/FeCoNiPtPd_HER/cgcnn/100/add_data/results_dir/832.cif,-0.06032782656250024,bulk,32,32,32.0,-0.04903314288234033,-0.011294683680159914,0.011294683680159914,-0.050748213092337,-0.009579613470163242,0.009579613470163242,fit
833,/home/jinsookim/HEA_MC/FeCoNiPtPd_HER/cgcnn/100/add_data/results_dir/833.cif,-0.03451232562500017,bulk,32,32,32.0,-0.029876014616405624,-0.004636311008594549,0.004636311008594549,-0.027787417389851618,-0.006724908235148555,0.006724908235148555,fit
834,/home/jinsookim/HEA_MC/FeCoNiPtPd_HER/cgcnn/100/add_data/results_dir/834.cif,-0.06105142531249985,bulk,32,32,32.0,-0.05665742911001753,-0.00439399620248232,0.00439399620248232,-0.056902217403749324,-0.004149207908750528,0.004149207908750528,fit
835,/home/jinsookim/HEA_MC/FeCoNiPtPd_HER/cgcnn/100/add_data/results_dir/835.cif,-0.02662035593750023,bulk,32,32,32.0,-0.051394908972354617,0.024774553034854388,0.024774553034854388,-0.05036560458329222,0.023745248645791993,0.023745248645791993,fit
836,/home/jinsookim/HEA_MC/FeCoNiPtPd_HER/cgcnn/100/add_data/results_dir/836.cif,-0.04619328968750036,bulk,32,32,32.0,-0.047842125762400434,0.001648836074900073,0.001648836074900073,-0.0471391360781048,0.0009458463906044379,0.0009458463906044379,fit
837,/home/jinsookim/HEA_MC/FeCoNiPtPd_HER/cgcnn/100/add_data/results_dir/837.cif,-0.06335609000000009,bulk,32,32,32.0,-0.05396992715626314,-0.009386162843736945,0.009386162843736945,-0.05532699788597746,-0.008029092114022626,0.008029092114022626,fit
838,/home/jinsookim/HEA_MC/FeCoNiPtPd_HER/cgcnn/100/add_data/results_dir/838.cif,-0.042870729999999746,bulk,32,32,32.0,-0.03384267562121797,-0.009028054378781777,0.009028054378781777,-0.03517929695973055,-0.007691433040269195,0.007691433040269195,fit
839,/home/jinsookim/HEA_MC/FeCoNiPtPd_HER/cgcnn/100/add_data/results_dir/839.cif,-0.023373022500000395,bulk,32,32,32.0,-0.020849698065251242,-0.0025233244347491537,0.0025233244347491537,-0.01855883526995425,-0.004814187230046146,0.004814187230046146,holdout
840,/home/jinsookim/HEA_MC/FeCoNiPtPd_HER/cgcnn/100/add_data/results_dir/840.cif,-0.07152837687500035,bulk,32,32,32.0,-0.07261422602157096,0.0010858491465706027,0.0010858491465706027,-0.07232472955484717,0.0007963526798468179,0.0007963526798468179,holdout
841,/home/jinsookim/HEA_MC/FeCoNiPtPd_HER/cgcnn/100/add_data/results_dir/841.cif,-0.04584024031250067,bulk,32,32,32.0,-0.035465561601121846,-0.010374678711378822,0.010374678711378822,-0.035741590795122825,-0.010098649517377843,0.010098649517377843,fit
842,/home/jinsookim/HEA_MC/FeCoNiPtPd_HER/cgcnn/100/add_data/results_dir/842.cif,-0.06332558062499949,bulk,32,32,32.0,-0.030758075219969514,-0.03256750540502998,0.03256750540502998,-0.0315900692644904,-0.03173551136050909,0.03173551136050909,fit
843,/home/jinsookim/HEA_MC/FeCoNiPtPd_HER/cgcnn/100/add_data/results_dir/843.cif,-0.08911481531250054,bulk,32,32,32.0,-0.08182134269561195,-0.007293472616888591,0.007293472616888591,-0.08116331216135755,-0.007951503151142986,0.007951503151142986,fit
844,/home/jinsookim/HEA_MC/FeCoNiPtPd_HER/cgcnn/100/add_data/results_dir/844.cif,0.1239318349999996,bulk,32,32,32.0,0.012873134401410243,0.11105870059858935,0.11105870059858935,0.015047917943687634,0.10888391705631197,0.10888391705631197,fit
845,/home/jinsookim/HEA_MC/FeCoNiPtPd_HER/cgcnn/100/add_data/results_dir/845.cif,-0.05865909281249948,bulk,32,32,32.0,-0.05148584814878153,-0.007173244663717951,0.007173244663717951,-0.05239522277184046,-0.0062638700406590225,0.0062638700406590225,fit
846,/home/jinsookim/HEA_MC/FeCoNiPtPd_HER/cgcnn/100/add_data/results_dir/846.cif,-0.035777095312500506,bulk,32,32,32.0,-0.040434100737885836,0.00465700542538533,0.00465700542538533,-0.0409306998724462,0.005153604559945693,0.005153604559945693,fit
847,/home/jinsookim/HEA_MC/FeCoNiPtPd_HER/cgcnn/100/add_data/results_dir/847.cif,-0.06000313593749951,bulk,32,32,32.0,-0.04049344041360235,-0.019509695523897155,0.019509695523897155,-0.040189234997953224,-0.019813900939546283,0.019813900939546283,fit
848,/home/jinsookim/HEA_MC/FeCoNiPtPd_HER/cgcnn/100/add_data/results_dir/848.cif,-0.08546723593750016,bulk,32,32,32.0,-0.06798565570830342,-0.01748158022919674,0.01748158022919674,-0.06681234589654708,-0.01865489004095308,0.01865489004095308,fit
849,/home/jinsookim/HEA_MC/FeCoNiPtPd_HER/cgcnn/100/add_data/results_dir/849.cif,-0.06287487593750019,bulk,32,32,32.0,-0.04561022298216109,-0.017264652955339098,0.017264652955339098,-0.04637129751091877,-0.016503578426581414,0.016503578426581414,fit
850,/home/jinsookim/HEA_MC/FeCoNiPtPd_HER/cgcnn/100/add_data/results_dir/850.cif,-0.04709615781249976,bulk,32,32,32.0,-0.027090018894338864,-0.020006138918160898,0.020006138918160898,-0.02772466788385524,-0.01937148992864452,0.01937148992864452,fit
851,/home/jinsookim/HEA_MC/FeCoNiPtPd_HER/cgcnn/100/add_data/results_dir/851.cif,-0.05461713406249924,bulk,32,32,32.0,-0.05273438151227065,-0.0018827525502285863,0.0018827525502285863,-0.05143910500126003,-0.003178029061239207,0.003178029061239207,fit
852,/home/jinsookim/HEA_MC/FeCoNiPtPd_HER/cgcnn/100/add_data/results_dir/852.cif,-0.03824600812499934,bulk,32,32,32.0,-0.03982955502327489,0.0015835468982755493,0.0015835468982755493,-0.04025307503654358,0.0020070669115442377,0.0020070669115442377,fit
853,/home/jinsookim/HEA_MC/FeCoNiPtPd_HER/cgcnn/100/add_data/results_dir/853.cif,-0.07660677843750019,bulk,32,32,32.0,-0.07582713350317238,-0.0007796449343278056,0.0007796449343278056,-0.07513929151447964,-0.0014674869230205528,0.0014674869230205528,fit
854,/home/jinsookim/HEA_MC/FeCoNiPtPd_HER/cgcnn/100/add_data/results_dir/854.cif,-0.06395707718750021,bulk,32,32,32.0,-0.06178089889503505,-0.002176178292465164,0.002176178292465164,-0.06068877201149935,-0.003268305176000859,0.003268305176000859,fit
855,/home/jinsookim/HEA_MC/FeCoNiPtPd_HER/cgcnn/100/add_data/results_dir/855.cif,-0.007959540937499732,bulk,32,32,32.0,-0.04110628846260869,0.03314674752510896,0.03314674752510896,-0.03812727248252766,0.03016773154502793,0.03016773154502793,fit
856,/home/jinsookim/HEA_MC/FeCoNiPtPd_HER/cgcnn/100/add_data/results_dir/856.cif,-0.03223719468750019,bulk,32,32,32.0,-0.03292594747162252,0.0006887527841223304,0.0006887527841223304,-0.032408142761442146,0.00017094807394195388,0.00017094807394195388,holdout
857,/home/jinsookim/HEA_MC/FeCoNiPtPd_HER/cgcnn/100/add_data/results_dir/857.cif,-0.05419979281249976,bulk,32,32,32.0,-0.06101932031523732,0.006819527502737559,0.006819527502737559,-0.060501708569940034,0.006301915757440275,0.006301915757440275,fit
858,/home/jinsookim/HEA_MC/FeCoNiPtPd_HER/cgcnn/100/add_data/results_dir/858.cif,-0.0559943925000006,bulk,32,32,32.0,-0.05530390083401934,-0.0006904916659812577,0.0006904916659812577,-0.054929797951869336,-0.0010645945481312646,0.0010645945481312646,fit
859,/home/jinsookim/HEA_MC/FeCoNiPtPd_HER/cgcnn/100/add_data/results_dir/859.cif,-0.04208856343749989,bulk,32,32,32.0,-0.04943010458290072,0.00734154114540083,0.00734154114540083,-0.04881244748665877,0.006723884049158878,0.006723884049158878,fit
860,/home/jinsookim/HEA_MC/FeCoNiPtPd_HER/cgcnn/100/add_data/results_dir/860.cif,-0.04136128375000059,bulk,32,32,32.0,-0.03906147375424075,-0.0022998099957598356,0.0022998099957598356,-0.03935294186005159,-0.002008341889949,0.002008341889949,holdout
861,/home/jinsookim/HEA_MC/FeCoNiPtPd_HER/cgcnn/100/add_data/results_dir/861.cif,-0.08712466906249983,bulk,32,32,32.0,-0.06199223354689497,-0.02513243551560486,0.02513243551560486,-0.06161146082645587,-0.025513208236043958,0.025513208236043958,fit
862,/home/jinsookim/HEA_MC/FeCoNiPtPd_HER/cgcnn/100/add_data/results_dir/862.cif,-0.0558327784374999,bulk,32,32,32.0,-0.03921051649752652,-0.016622261939973376,0.016622261939973376,-0.03889203685065132,-0.01694074158684858,0.01694074158684858,fit
863,/home/jinsookim/HEA_MC/FeCoNiPtPd_HER/cgcnn/100/add_data/results_dir/863.cif,-0.012920264999999098,bulk,32,32,32.0,-0.0027615085177313016,-0.010158756482267797,0.010158756482267797,-0.005741844281246626,-0.007178420718752472,0.007178420718752472,fit
864,/home/jinsookim/HEA_MC/FeCoNiPtPd_HER/cgcnn/100/add_data/results_dir/864.cif,-0.06295027281250043,bulk,32,32,32.0,-0.009806878013636583,-0.05314339479886385,0.05314339479886385,-0.010356337534793062,-0.052593935277707365,0.052593935277707365,fit
865,/home/jinsookim/HEA_MC/FeCoNiPtPd_HER/cgcnn/100/add_data/results_dir/865.cif,-0.07085432187500018,bulk,32,32,32.0,-0.058636955730152505,-0.012217366144847676,0.012217366144847676,-0.05785313010122896,-0.013001191773771223,0.013001191773771223,fit
866,/home/jinsookim/HEA_MC/FeCoNiPtPd_HER/cgcnn/100/add_data/results_dir/866.cif,-0.05408156281250065,bulk,32,32,32.0,-0.05305324158835196,-0.0010283212241486914,0.0010283212241486914,-0.05350216339784058,-0.0005793994146600714,0.0005793994146600714,fit
867,/home/jinsookim/HEA_MC/FeCoNiPtPd_HER/cgcnn/100/add_data/results_dir/867.cif,-0.053172460624999474,bulk,32,32,32.0,-0.049991788376974385,-0.003180672248025089,0.003180672248025089,-0.050522028858080784,-0.00265043176691869,0.00265043176691869,fit
868,/home/jinsookim/HEA_MC/FeCoNiPtPd_HER/cgcnn/100/add_data/results_dir/868.cif,-0.0338187871875002,bulk,32,32,32.0,-0.022343743812805482,-0.011475043374694717,0.011475043374694717,-0.020372302448337376,-0.013446484739162823,0.013446484739162823,fit
869,/home/jinsookim/HEA_MC/FeCoNiPtPd_HER/cgcnn/100/add_data/results_dir/869.cif,-0.077194043125,bulk,32,32,32.0,-0.054015474980512374,-0.023178568144487627,0.023178568144487627,-0.052821513614235996,-0.024372529510764004,0.024372529510764004,fit
870,/home/jinsookim/HEA_MC/FeCoNiPtPd_HER/cgcnn/100/add_data/results_dir/870.cif,0.02819901437499972,bulk,32,32,32.0,-0.04149423855932585,0.06969325293432557,0.06969325293432557,-0.03645590158210431,0.06465491595710403,0.06465491595710403,fit
871,/home/jinsookim/HEA_MC/FeCoNiPtPd_HER/cgcnn/100/add_data/results_dir/871.cif,-0.05300806093749966,bulk,32,32,32.0,-0.04868275266151885,-0.004325308275980808,0.004325308275980808,-0.04668138766085178,-0.006326673276647876,0.006326673276647876,holdout
872,/home/jinsookim/HEA_MC/FeCoNiPtPd_HER/cgcnn/100/add_data/results_dir/872.cif,-0.03930990624999975,bulk,32,32,32.0,-0.03755202253037316,-0.0017578837196265892,0.0017578837196265892,-0.03839828383469529,-0.0009116224153044583,0.0009116224153044583,fit
873,/home/jinsookim/HEA_MC/FeCoNiPtPd_HER/cgcnn/100/add_data/results_dir/873.cif,-0.0502343084375001,bulk,32,32,32.0,-0.03714604475634012,-0.013088263681159978,0.013088263681159978,-0.035923590008071424,-0.014310718429428673,0.014310718429428673,fit
874,/home/jinsookim/HEA_MC/FeCoNiPtPd_HER/cgcnn/100/add_data/results_dir/874.cif,-0.012680527499999705,bulk,32,32,32.0,-0.05088079233289775,0.03820026483289805,0.03820026483289805,-0.0478540206993108,0.035173493199311096,0.035173493199311096,fit
875,/home/jinsookim/HEA_MC/FeCoNiPtPd_HER/cgcnn/100/add_data/results_dir/875.cif,-0.04909802187500034,bulk,32,32,32.0,-0.05098470104542914,0.0018866791704287983,0.0018866791704287983,-0.0521762024326618,0.0030781805576614585,0.0030781805576614585,fit
876,/home/jinsookim/HEA_MC/FeCoNiPtPd_HER/cgcnn/100/add_data/results_dir/876.cif,-0.04555067468750007,bulk,32,32,32.0,-0.051306669345610824,0.005755994658110754,0.005755994658110754,-0.051723833420567245,0.0061731587330671744,0.0061731587330671744,fit
877,/home/jinsookim/HEA_MC/FeCoNiPtPd_HER/cgcnn/100/add_data/results_dir/877.cif,-0.0388804559375,bulk,32,32,32.0,-0.03435582529073688,-0.004524630646763124,0.004524630646763124,-0.0329821878992614,-0.005898268038238605,0.005898268038238605,fit
878,/home/jinsookim/HEA_MC/FeCoNiPtPd_HER/cgcnn/100/add_data/results_dir/878.cif,-0.07581084374999936,bulk,32,32,32.0,-0.05063411065434405,-0.02517673309565531,0.02517673309565531,-0.04858358796664057,-0.027227255783358786,0.027227255783358786,holdout
879,/home/jinsookim/HEA_MC/FeCoNiPtPd_HER/cgcnn/100/add_data/results_dir/879.cif,-0.05489391843750013,bulk,32,32,32.0,-0.04338355971227528,-0.01151035872522485,0.01151035872522485,-0.04097910851188397,-0.01391480992561616,0.01391480992561616,fit
880,/home/jinsookim/HEA_MC/FeCoNiPtPd_HER/cgcnn/100/add_data/results_dir/880.cif,-0.0735607762499999,bulk,32,32,32.0,-0.05836921461525034,-0.015191561634749565,0.015191561634749565,-0.05802902181057653,-0.015531754439423374,0.015531754439423374,fit
881,/home/jinsookim/HEA_MC/FeCoNiPtPd_HER/cgcnn/100/add_data/results_dir/881.cif,-0.06631138250000035,bulk,32,32,32.0,-0.0651039244889569,-0.0012074580110434524,0.0012074580110434524,-0.06668859512871657,0.00037721262871621974,0.00037721262871621974,fit
882,/home/jinsookim/HEA_MC/FeCoNiPtPd_HER/cgcnn/100/add_data/results_dir/882.cif,-0.061952040937500286,bulk,32,32,32.0,-0.051064752499396515,-0.01088728843810377,0.01088728843810377,-0.05164470914893819,-0.010307331788562094,0.010307331788562094,fit
883,/home/jinsookim/HEA_MC/FeCoNiPtPd_HER/cgcnn/100/add_data/results_dir/883.cif,-0.1010635193749998,bulk,32,32,32.0,-0.057137769976686924,-0.043925749398312876,0.043925749398312876,-0.057054197126866685,-0.044009322248133115,0.044009322248133115,fit
884,/home/jinsookim/HEA_MC/FeCoNiPtPd_HER/cgcnn/100/add_data/results_dir/884.cif,-0.04192281375000029,bulk,32,32,32.0,-0.03540181641148114,-0.006520997338519144,0.006520997338519144,-0.03463560118068571,-0.007287212569314576,0.007287212569314576,fit
885,/home/jinsookim/HEA_MC/FeCoNiPtPd_HER/cgcnn/100/add_data/results_dir/885.cif,0.07056434249999999,bulk,32,32,32.0,-0.016636297002298822,0.08720063950229881,0.08720063950229881,-0.017425455291560712,0.0879897977915607,0.0879897977915607,fit
886,/home/jinsookim/HEA_MC/FeCoNiPtPd_HER/cgcnn/100/add_data/results_dir/886.cif,0.039281737500000524,bulk,32,32,32.0,-0.037272671542245055,0.07655440904224559,0.07655440904224559,-0.03562533263198711,0.07490707013198764,0.07490707013198764,fit
887,/home/jinsookim/HEA_MC/FeCoNiPtPd_HER/cgcnn/100/add_data/results_dir/887.cif,-0.05171769593749964,bulk,32,32,32.0,-0.04296402008159956,-0.008753675855900082,0.008753675855900082,-0.0432359059229708,-0.00848179001452884,0.00848179001452884,fit
888,/home/jinsookim/HEA_MC/FeCoNiPtPd_HER/cgcnn/100/add_data/results_dir/888.cif,-0.03438891781250053,bulk,32,32,32.0,-0.02084929286610531,-0.01353962494639522,0.01353962494639522,-0.019985218819804394,-0.014403698992696137,0.014403698992696137,fit
889,/home/jinsookim/HEA_MC/FeCoNiPtPd_HER/cgcnn/100/add_data/results_dir/889.cif,0.014699675000000134,bulk,32,32,32.0,-0.03751042137697081,0.052210096376970945,0.052210096376970945,-0.03691040874527876,0.051610083745278895,0.051610083745278895,fit
890,/home/jinsookim/HEA_MC/FeCoNiPtPd_HER/cgcnn/100/add_data/results_dir/890.cif,-0.018839285312500564,bulk,32,32,32.0,-0.04536324515046933,0.026523959837968764,0.026523959837968764,-0.047086716245300454,0.02824743093279989,0.02824743093279989,fit
891,/home/jinsookim/HEA_MC/FeCoNiPtPd_HER/cgcnn/100/add_data/results_dir/891.cif,-0.009532565625000267,bulk,32,32,32.0,-0.040952547907059274,0.03141998228205901,0.03141998228205901,-0.03965268829812037,0.0301201226731201,0.0301201226731201,fit
892,/home/jinsookim/HEA_MC/FeCoNiPtPd_HER/cgcnn/100/add_data/results_dir/892.cif,-0.02694751875000012,bulk,32,32,32.0,-0.025095883843556176,-0.0018516349064439455,0.0018516349064439455,-0.02576548515367272,-0.0011820335963273997,0.0011820335963273997,fit
893,/home/jinsookim/HEA_MC/FeCoNiPtPd_HER/cgcnn/100/add_data/results_dir/893.cif,-0.07817216656250014,bulk,32,32,32.0,-0.06522769717877218,-0.012944469383727966,0.012944469383727966,-0.06439306747109855,-0.013779099091401598,0.013779099091401598,fit
894,/home/jinsookim/HEA_MC/FeCoNiPtPd_HER/cgcnn/100/add_data/results_dir/894.cif,-0.038245514375000234,bulk,32,32,32.0,-0.034727193130728196,-0.003518321244272038,0.003518321244272038,-0.0333178736618498,-0.0049276407131504316,0.0049276407131504316,fit
895,/home/jinsookim/HEA_MC/FeCoNiPtPd_HER/cgcnn/100/add_data/results_dir/895.cif,-0.057436703125000044,bulk,32,32,32.0,-0.06630574932971428,0.008869046204714237,0.008869046204714237,-0.06648147114125591,0.009044768016255866,0.009044768016255866,fit
896,/home/jinsookim/HEA_MC/FeCoNiPtPd_HER/cgcnn/100/add_data/results_dir/896.cif,-0.06233745531250001,bulk,32,32,32.0,-0.05622019183679121,-0.0061172634757088035,0.0061172634757088035,-0.056465999719845256,-0.005871455592654756,0.005871455592654756,fit
897,/home/jinsookim/HEA_MC/FeCoNiPtPd_HER/cgcnn/100/add_data/results_dir/897.cif,-0.018901140624999258,bulk,32,32,32.0,-0.013940187484013253,-0.004960953140986005,0.004960953140986005,-0.013668511610725093,-0.005232629014274164,0.005232629014274164,holdout
898,/home/jinsookim/HEA_MC/FeCoNiPtPd_HER/cgcnn/100/add_data/results_dir/898.cif,-0.05542537562500005,bulk,32,32,32.0,-0.04587760960621035,-0.009547766018789698,0.009547766018789698,-0.04454685903927927,-0.010878516585720782,0.010878516585720782,fit
899,/home/jinsookim/HEA_MC/FeCoNiPtPd_HER/cgcnn/100/add_data/results_dir/899.cif,-0.044975617499999565,bulk,32,32,32.0,-0.028742501382848524,-0.01623311611715104,0.01623311611715104,-0.027744772311803424,-0.01723084518819614,0.01723084518819614,fit
900,/home/jinsookim/HEA_MC/FeCoNiPtPd_HER/cgcnn/100/add_data/results_dir/900.cif,-0.058854783750000195,bulk,32,32,32.0,-0.03037790206115548,-0.028476881688844716,0.028476881688844716,-0.0298461767775753,-0.029008606972424893,0.029008606972424893,fit
901,/home/jinsookim/HEA_MC/FeCoNiPtPd_HER/cgcnn/100/add_data/results_dir/901.cif,-0.04541563375000024,bulk,32,32,32.0,-0.041325489667640956,-0.004090144082359283,0.004090144082359283,-0.0420393902617109,-0.0033762434882893405,0.0033762434882893405,fit
902,/home/jinsookim/HEA_MC/FeCoNiPtPd_HER/cgcnn/100/add_data/results_dir/902.cif,-0.01830556468750011,bulk,32,32,32.0,-0.036061354477639904,0.017755789790139795,0.017755789790139795,-0.036053686166607334,0.017748121479107225,0.017748121479107225,fit
903,/home/jinsookim/HEA_MC/FeCoNiPtPd_HER/cgcnn/100/add_data/results_dir/903.cif,-0.0558927290625002,bulk,32,32,32.0,-0.05497973872526856,-0.0009129903372316409,0.0009129903372316409,-0.05281031214941894,-0.003082416913081261,0.003082416913081261,fit
904,/home/jinsookim/HEA_MC/FeCoNiPtPd_HER/cgcnn/100/add_data/results_dir/904.cif,0.02637695812499974,bulk,32,32,32.0,-0.03454334204578698,0.06092030017078672,0.06092030017078672,-0.0344045129603071,0.06078147108530684,0.06078147108530684,fit
905,/home/jinsookim/HEA_MC/FeCoNiPtPd_HER/cgcnn/100/add_data/results_dir/905.cif,-0.011727913750000596,bulk,32,32,32.0,-0.009864946422854336,-0.0018629673271462598,0.0018629673271462598,-0.010043875087167031,-0.0016840386628335646,0.0016840386628335646,fit
906,/home/jinsookim/HEA_MC/FeCoNiPtPd_HER/cgcnn/100/add_data/results_dir/906.cif,-0.008540272812499694,bulk,32,32,32.0,-0.041466368628323355,0.03292609581582366,0.03292609581582366,-0.04273129177266224,0.03419101896016254,0.03419101896016254,fit
907,/home/jinsookim/HEA_MC/FeCoNiPtPd_HER/cgcnn/100/add_data/results_dir/907.cif,-0.0182101231250007,bulk,32,32,32.0,-0.011228270123993576,-0.006981853001007123,0.006981853001007123,-0.01037685034015869,-0.00783327278484201,0.00783327278484201,fit
908,/home/jinsookim/HEA_MC/FeCoNiPtPd_HER/cgcnn/100/add_data/results_dir/908.cif,-0.035860275624999716,bulk,32,32,32.0,-0.03426711641853144,-0.0015931592064682767,0.0015931592064682767,-0.03479531320916093,-0.0010649624158387827,0.0010649624158387827,fit
909,/home/jinsookim/HEA_MC/FeCoNiPtPd_HER/cgcnn/100/add_data/results_dir/909.cif,-0.0976518525000003,bulk,32,32,32.0,-0.09249933985866232,-0.005152512641337981,0.005152512641337981,-0.09205023642543321,-0.005601616074567092,0.005601616074567092,fit
910,/home/jinsookim/HEA_MC/FeCoNiPtPd_HER/cgcnn/100/add_data/results_dir/910.cif,-0.060557284687499546,bulk,32,32,32.0,-0.051802554929688424,-0.008754729757811122,0.008754729757811122,-0.05089500882443575,-0.009662275863063799,0.009662275863063799,fit
911,/home/jinsookim/HEA_MC/FeCoNiPtPd_HER/cgcnn/100/add_data/results_dir/911.cif,-0.04041466562500062,bulk,32,32,32.0,-0.051845090984716416,0.011430425359715793,0.011430425359715793,-0.052771426814337816,0.012356761189337193,0.012356761189337193,fit
912,/home/jinsookim/HEA_MC/FeCoNiPtPd_HER/cgcnn/100/add_data/results_dir/912.cif,-0.06938118531250037,bulk,32,32,32.0,-0.032710615232228776,-0.036670570080271594,0.036670570080271594,-0.03296857330200416,-0.03641261201049621,0.03641261201049621,fit
913,/home/jinsookim/HEA_MC/FeCoNiPtPd_HER/cgcnn/100/add_data/results_dir/913.cif,-0.03019373343749976,bulk,32,32,32.0,-0.044917427578230903,0.014723694140731144,0.014723694140731144,-0.0450734468365461,0.01487971339904634,0.01487971339904634,fit
914,/home/jinsookim/HEA_MC/FeCoNiPtPd_HER/cgcnn/100/add_data/results_dir/914.cif,-0.03276747374999989,bulk,32,32,32.0,-0.011588571868857048,-0.02117890188114284,0.02117890188114284,-0.012143804873299878,-0.02062366887670001,0.02062366887670001,fit
915,/home/jinsookim/HEA_MC/FeCoNiPtPd_HER/cgcnn/100/add_data/results_dir/915.cif,-0.07694962343750067,bulk,32,32,32.0,-0.0600037027605525,-0.016945920676948167,0.016945920676948167,-0.06009098477782182,-0.01685863865967885,0.01685863865967885,fit
916,/home/jinsookim/HEA_MC/FeCoNiPtPd_HER/cgcnn/100/add_data/results_dir/916.cif,-0.04007927718750004,bulk,32,32,32.0,-0.03401092953254352,-0.006068347654956521,0.006068347654956521,-0.0346835239277225,-0.005395753259777543,0.005395753259777543,fit
917,/home/jinsookim/HEA_MC/FeCoNiPtPd_HER/cgcnn/100/add_data/results_dir/917.cif,-0.04007065656249953,bulk,32,32,32.0,-0.025764819772476355,-0.014305836790023174,0.014305836790023174,-0.025087360615895546,-0.014983295946603983,0.014983295946603983,fit
918,/home/jinsookim/HEA_MC/FeCoNiPtPd_HER/cgcnn/100/add_data/results_dir/918.cif,-0.04356977718749988,bulk,32,32,32.0,-0.03622946006105334,-0.00734031712644654,0.00734031712644654,-0.035934164025105686,-0.007635613162394195,0.007635613162394195,fit
919,/home/jinsookim/HEA_MC/FeCoNiPtPd_HER/cgcnn/100/add_data/results_dir/919.cif,0.028763847499999606,bulk,32,32,32.0,-0.0354815501118921,0.06424539761189171,0.06424539761189171,-0.03624907148796557,0.06501291898796518,0.06501291898796518,fit
920,/home/jinsookim/HEA_MC/FeCoNiPtPd_HER/cgcnn/100/add_data/results_dir/920.cif,0.0384681174999999,bulk,32,32,32.0,0.020189468612775527,0.018278648887224372,0.018278648887224372,0.020297948965558282,0.018170168534441616,0.018170168534441616,fit
921,/home/jinsookim/HEA_MC/FeCoNiPtPd_HER/cgcnn/100/add_data/results_dir/921.cif,-0.05325081406249943,bulk,32,32,32.0,-0.034768412378432985,-0.018482401684066445,0.018482401684066445,-0.0342470607255146,-0.019003753336984827,0.019003753336984827,fit
922,/home/jinsookim/HEA_MC/FeCoNiPtPd_HER/cgcnn/100/add_data/results_dir/922.cif,-0.04652778531249968,bulk,32,32,32.0,-0.0441709300732365,-0.0023568552392631836,0.0023568552392631836,-0.04458230228785236,-0.0019454830246473237,0.0019454830246473237,fit
923,/home/jinsookim/HEA_MC/FeCoNiPtPd_HER/cgcnn/100/add_data/results_dir/923.cif,0.05734715093749987,bulk,32,32,32.0,-0.034257717573576485,0.09160486851107635,0.09160486851107635,-0.03478649542866591,0.09213364636616578,0.09213364636616578,fit
924,/home/jinsookim/HEA_MC/FeCoNiPtPd_HER/cgcnn/100/add_data/results_dir/924.cif,-0.04611011468750004,bulk,32,32,32.0,-0.06689980518730854,0.0207896904998085,0.0207896904998085,-0.0660924305656697,0.019982315878169662,0.019982315878169662,fit
925,/home/jinsookim/HEA_MC/FeCoNiPtPd_HER/cgcnn/100/add_data/results_dir/925.cif,-0.06164793031249971,bulk,32,32,32.0,-0.04024978736064282,-0.021398142951856887,0.021398142951856887,-0.03980643976372469,-0.021841490548775024,0.021841490548775024,fit
926,/home/jinsookim/HEA_MC/FeCoNiPtPd_HER/cgcnn/100/add_data/results_dir/926.cif,-0.04683490062499995,bulk,32,32,32.0,-0.038113825952436016,-0.008721074672563937,0.008721074672563937,-0.03477855220455862,-0.012056348420441336,0.012056348420441336,fit
927,/home/jinsookim/HEA_MC/FeCoNiPtPd_HER/cgcnn/100/add_data/results_dir/927.cif,-0.07533438125000025,bulk,32,32,32.0,-0.06363396824204084,-0.011700413007959404,0.011700413007959404,-0.06132087787435409,-0.014013503375646157,0.014013503375646157,fit
928,/home/jinsookim/HEA_MC/FeCoNiPtPd_HER/cgcnn/100/add_data/results_dir/928.cif,-0.018620076249999507,bulk,32,32,32.0,-0.015488538379413783,-0.0031315378705857235,0.0031315378705857235,-0.016055991161265104,-0.0025640850887344024,0.0025640850887344024,fit
929,/home/jinsookim/HEA_MC/FeCoNiPtPd_HER/cgcnn/100/add_data/results_dir/929.cif,-0.055393447499999304,bulk,32,32,32.0,-0.045792256459787586,-0.009601191040211718,0.009601191040211718,-0.04508325141988504,-0.010310196080114263,0.010310196080114263,holdout
930,/home/jinsookim/HEA_MC/FeCoNiPtPd_HER/cgcnn/100/add_data/results_dir/930.cif,-0.02432461718750023,bulk,32,32,32.0,-0.039008847191886485,0.014684230004386255,0.014684230004386255,-0.03970177814760439,0.015377160960104157,0.015377160960104157,fit
931,/home/jinsookim/HEA_MC/FeCoNiPtPd_HER/cgcnn/100/add_data/results_dir/931.cif,-0.01634366718749991,bulk,32,32,32.0,-0.017091427935918994,0.0007477607484190837,0.0007477607484190837,-0.01735561449525914,0.0010119473077592304,0.0010119473077592304,fit
932,/home/jinsookim/HEA_MC/FeCoNiPtPd_HER/cgcnn/100/add_data/results_dir/932.cif,-0.0729120815625004,bulk,32,32,32.0,-0.04703197544441866,-0.02588010611808174,0.02588010611808174,-0.04814810441418965,-0.024763977148310745,0.024763977148310745,fit
933,/home/jinsookim/HEA_MC/FeCoNiPtPd_HER/cgcnn/100/add_data/results_dir/933.cif,-0.0647685618749998,bulk,32,32,32.0,-0.07235026207747407,0.00758170020247427,0.00758170020247427,-0.07273357004483456,0.007965008169834767,0.007965008169834767,fit
934,/home/jinsookim/HEA_MC/FeCoNiPtPd_HER/cgcnn/100/add_data/results_dir/934.cif,-0.05417070749999997,bulk,32,32,32.0,-0.036437523645875866,-0.017733183854124104,0.017733183854124104,-0.036345630547394064,-0.017825076952605906,0.017825076952605906,fit
935,/home/jinsookim/HEA_MC/FeCoNiPtPd_HER/cgcnn/100/add_data/results_dir/935.cif,0.00499697875000038,bulk,32,32,32.0,-0.004296560368294346,0.009293539118294726,0.009293539118294726,-0.004300274201146394,0.009297252951146775,0.009297252951146775,fit
936,/home/jinsookim/HEA_MC/FeCoNiPtPd_HER/cgcnn/100/add_data/results_dir/936.cif,0.013883299687499573,bulk,32,32,32.0,-0.013500477479197501,0.027383777166697074,0.027383777166697074,-0.013247743718431463,0.027131043405931036,0.027131043405931036,fit
937,/home/jinsookim/HEA_MC/FeCoNiPtPd_HER/cgcnn/100/add_data/results_dir/937.cif,-0.048986528750000424,bulk,32,32,32.0,-0.029744199776572496,-0.019242328973427928,0.019242328973427928,-0.03060361014375316,-0.018382918606247266,0.018382918606247266,fit
938,/home/jinsookim/HEA_MC/FeCoNiPtPd_HER/cgcnn/100/add_data/results_dir/938.cif,-0.04621926656249986,bulk,32,32,32.0,-0.04835804892616658,0.0021387823636667205,0.0021387823636667205,-0.048212562982782745,0.0019932964202828835,0.0019932964202828835,fit
939,/home/jinsookim/HEA_MC/FeCoNiPtPd_HER/cgcnn/100/add_data/results_dir/939.cif,0.00016522406250008004,bulk,32,32,32.0,-0.0018257131126364103,0.0019909371751364903,0.0019909371751364903,-0.003121820182632136,0.003287044245132216,0.003287044245132216,fit
940,/home/jinsookim/HEA_MC/FeCoNiPtPd_HER/cgcnn/100/add_data/results_dir/940.cif,-0.08146447499999976,bulk,32,32,32.0,-0.050137168379771266,-0.03132730662022849,0.03132730662022849,-0.04976818756774027,-0.03169628743225949,0.03169628743225949,fit
941,/home/jinsookim/HEA_MC/FeCoNiPtPd_HER/cgcnn/100/add_data/results_dir/941.cif,-0.05932126218749989,bulk,32,32,32.0,-0.06950147418530989,0.010180211997809996,0.010180211997809996,-0.06788646198221844,0.00856519979471855,0.00856519979471855,fit
942,/home/jinsookim/HEA_MC/FeCoNiPtPd_HER/cgcnn/100/add_data/results_dir/942.cif,-0.055837419374999975,bulk,32,32,32.0,-0.060243298393913944,0.004405879018913969,0.004405879018913969,-0.059743740628306494,0.003906321253306519,0.003906321253306519,holdout
943,/home/jinsookim/HEA_MC/FeCoNiPtPd_HER/cgcnn/100/add_data/results_dir/943.cif,-0.07242437937500057,bulk,32,32,32.0,-0.04530483978276587,-0.027119539592234697,0.027119539592234697,-0.044485848135160835,-0.027938531239839734,0.027938531239839734,fit
944,/home/jinsookim/HEA_MC/FeCoNiPtPd_HER/cgcnn/100/add_data/results_dir/944.cif,-0.06673450156249938,bulk,32,32,32.0,-0.03353922350532214,-0.033195278057177244,0.033195278057177244,-0.0314635453652264,-0.03527095619727298,0.03527095619727298,fit
945,/home/jinsookim/HEA_MC/FeCoNiPtPd_HER/cgcnn/100/add_data/results_dir/945.cif,-0.06365937343749994,bulk,32,32,32.0,-0.06520117011497684,0.001541796677476892,0.001541796677476892,-0.06457107198540735,0.0009116985479074025,0.0009116985479074025,fit
946,/home/jinsookim/HEA_MC/FeCoNiPtPd_HER/cgcnn/100/add_data/results_dir/946.cif,-0.08472655312499988,bulk,32,32,32.0,-0.061205308214265314,-0.023521244910734568,0.023521244910734568,-0.06090706722022635,-0.02381948590477353,0.02381948590477353,fit
947,/home/jinsookim/HEA_MC/FeCoNiPtPd_HER/cgcnn/100/add_data/results_dir/947.cif,0.0026470071874999945,bulk,32,32,32.0,-0.04039098188602917,0.04303798907352917,0.04303798907352917,-0.040541491996785035,0.04318849918428503,0.04318849918428503,fit
948,/home/jinsookim/HEA_MC/FeCoNiPtPd_HER/cgcnn/100/add_data/results_dir/948.cif,-0.02276672718750028,bulk,32,32,32.0,-0.019775905628375792,-0.0029908215591244874,0.0029908215591244874,-0.01834003512115938,-0.004426692066340901,0.004426692066340901,fit
949,/home/jinsookim/HEA_MC/FeCoNiPtPd_HER/cgcnn/100/add_data/results_dir/949.cif,-0.024192203750000196,bulk,32,32,32.0,-0.01097156806393694,-0.013220635686063256,0.013220635686063256,-0.010818481960592482,-0.013373721789407714,0.013373721789407714,fit
950,/home/jinsookim/HEA_MC/FeCoNiPtPd_HER/cgcnn/100/add_data/results_dir/950.cif,-0.0505275959375,bulk,32,32,32.0,-0.04242258095382416,-0.008105014983675843,0.008105014983675843,-0.04095010831591564,-0.009577487621584363,0.009577487621584363,fit
951,/home/jinsookim/HEA_MC/FeCoNiPtPd_HER/cgcnn/100/add_data/results_dir/951.cif,-0.07830523656249966,bulk,32,32,32.0,-0.046919891294873894,-0.031385345267625764,0.031385345267625764,-0.04802112204568432,-0.03028411451681534,0.03028411451681534,fit
952,/home/jinsookim/HEA_MC/FeCoNiPtPd_HER/cgcnn/100/add_data/results_dir/952.cif,-0.06091466593750017,bulk,32,32,32.0,-0.03651818908037603,-0.024396476857124136,0.024396476857124136,-0.036205096957165776,-0.02470956898033439,0.02470956898033439,fit
953,/home/jinsookim/HEA_MC/FeCoNiPtPd_HER/cgcnn/100/add_data/results_dir/953.cif,-0.056683099999999875,bulk,32,32,32.0,-0.055936848555343574,-0.0007462514446563012,0.0007462514446563012,-0.0569863474786539,0.0003032474786540257,0.0003032474786540257,fit
954,/home/jinsookim/HEA_MC/FeCoNiPtPd_HER/cgcnn/100/add_data/results_dir/954.cif,-0.07556966562500023,bulk,32,32,32.0,-0.07024566321868778,-0.00532400240631245,0.00532400240631245,-0.06934017361901185,-0.00622949200598838,0.00622949200598838,fit
955,/home/jinsookim/HEA_MC/FeCoNiPtPd_HER/cgcnn/100/add_data/results_dir/955.cif,-0.04285320499999923,bulk,32,32,32.0,-0.055735016341786035,0.012881811341786807,0.012881811341786807,-0.057495278091697945,0.014642073091698717,0.014642073091698717,holdout
956,/home/jinsookim/HEA_MC/FeCoNiPtPd_HER/cgcnn/100/add_data/results_dir/956.cif,-0.06801150437499981,bulk,32,32,32.0,-0.05719861609709994,-0.01081288827789987,0.01081288827789987,-0.05760558832250853,-0.010405916052491276,0.010405916052491276,fit
957,/home/jinsookim/HEA_MC/FeCoNiPtPd_HER/cgcnn/100/add_data/results_dir/957.cif,-0.050507268750000556,bulk,32,32,32.0,-0.037513916733519566,-0.01299335201648099,0.01299335201648099,-0.03620409795177022,-0.014303170798230333,0.014303170798230333,holdout
958,/home/jinsookim/HEA_MC/FeCoNiPtPd_HER/cgcnn/100/add_data/results_dir/958.cif,-0.05294276781250051,bulk,32,32,32.0,-0.044571620225875686,-0.008371147586624827,0.008371147586624827,-0.045019627018379055,-0.007923140794121458,0.007923140794121458,fit
959,/home/jinsookim/HEA_MC/FeCoNiPtPd_HER/cgcnn/100/add_data/results_dir/959.cif,-0.07459060124999972,bulk,32,32,32.0,-0.05948508072935295,-0.015105520520646773,0.015105520520646773,-0.060419758475334,-0.014170842774665723,0.014170842774665723,fit
960,/home/jinsookim/HEA_MC/FeCoNiPtPd_HER/cgcnn/100/add_data/results_dir/960.cif,-0.08284217656250004,bulk,32,32,32.0,-0.0679994126748334,-0.01484276388766663,0.01484276388766663,-0.06513717742738848,-0.01770499913511156,0.01770499913511156,holdout
961,/home/jinsookim/HEA_MC/FeCoNiPtPd_HER/cgcnn/100/add_data/results_dir/961.cif,-0.08132292124999996,bulk,32,32,32.0,-0.08422679029680444,0.0029038690468044803,0.0029038690468044803,-0.08332926769049862,0.0020063464404986575,0.0020063464404986575,fit
962,/home/jinsookim/HEA_MC/FeCoNiPtPd_HER/cgcnn/100/add_data/results_dir/962.cif,-0.03664828062500014,bulk,32,32,32.0,-0.030281248407206685,-0.006367032217793455,0.006367032217793455,-0.03064786744445396,-0.006000413180546182,0.006000413180546182,fit
963,/home/jinsookim/HEA_MC/FeCoNiPtPd_HER/cgcnn/100/add_data/results_dir/963.cif,-0.02381511937500047,bulk,32,32,32.0,0.014304298320940215,-0.03811941769594068,0.03811941769594068,0.01504078970479467,-0.03885590907979514,0.03885590907979514,fit
964,/home/jinsookim/HEA_MC/FeCoNiPtPd_HER/cgcnn/100/add_data/results_dir/964.cif,-0.010584877499999479,bulk,32,32,32.0,-0.0009965635857066108,-0.009588313914292868,0.009588313914292868,-0.0007671265534970801,-0.009817750946502399,0.009817750946502399,fit
965,/home/jinsookim/HEA_MC/FeCoNiPtPd_HER/cgcnn/100/add_data/results_dir/965.cif,-0.08180302562499975,bulk,32,32,32.0,-0.05011620847907369,-0.031686817145926055,0.031686817145926055,-0.05218828954262239,-0.029614736082377358,0.029614736082377358,fit
966,/home/jinsookim/HEA_MC/FeCoNiPtPd_HER/cgcnn/100/add_data/results_dir/966.cif,-0.0281047281250002,bulk,32,32,32.0,-0.02076218544290081,-0.007342542682099391,0.007342542682099391,-0.021877755933062237,-0.006226972191937963,0.006226972191937963,fit
967,/home/jinsookim/HEA_MC/FeCoNiPtPd_HER/cgcnn/100/add_data/results_dir/967.cif,-0.05418829562499994,bulk,32,32,32.0,-0.054345739661429145,0.0001574440364292065,0.0001574440364292065,-0.05405936991193126,-0.0001289257130686755,0.0001289257130686755,fit
968,/home/jinsookim/HEA_MC/FeCoNiPtPd_HER/cgcnn/100/add_data/results_dir/968.cif,-0.03957293437499931,bulk,32,32,32.0,-0.03543590678153103,-0.004137027593468283,0.004137027593468283,-0.03481619622649268,-0.004756738148506634,0.004756738148506634,fit
969,/home/jinsookim/HEA_MC/FeCoNiPtPd_HER/cgcnn/100/add_data/results_dir/969.cif,-0.03791604031249918,bulk,32,32,32.0,-0.047152105664668875,0.009236065352169698,0.009236065352169698,-0.04614593005076284,0.008229889738263663,0.008229889738263663,fit
970,/home/jinsookim/HEA_MC/FeCoNiPtPd_HER/cgcnn/100/add_data/results_dir/970.cif,-0.03796509937500048,bulk,32,32,32.0,-0.025426577057888203,-0.012538522317112274,0.012538522317112274,-0.02667412702172053,-0.011290972353279947,0.011290972353279947,fit
971,/home/jinsookim/HEA_MC/FeCoNiPtPd_HER/cgcnn/100/add_data/results_dir/971.cif,-0.02527731875000061,bulk,32,32,32.0,-0.030471422883098887,0.005194104133098277,0.005194104133098277,-0.03151101057464589,0.006233691824645282,0.006233691824645282,fit
972,/home/jinsookim/HEA_MC/FeCoNiPtPd_HER/cgcnn/100/add_data/results_dir/972.cif,-0.025737824374999718,bulk,32,32,32.0,-0.02730707140378971,0.0015692470287899905,0.0015692470287899905,-0.02812141786965943,0.0023835934946597123,0.0023835934946597123,fit
973,/home/jinsookim/HEA_MC/FeCoNiPtPd_HER/cgcnn/100/add_data/results_dir/973.cif,-0.06973498281250023,bulk,32,32,32.0,-0.05829654125654688,-0.011438441555953353,0.011438441555953353,-0.05853683569121591,-0.011198147121284321,0.011198147121284321,fit
974,/home/jinsookim/HEA_MC/FeCoNiPtPd_HER/cgcnn/100/add_data/results_dir/974.cif,-0.03965896375,bulk,32,32,32.0,-0.02554147396163629,-0.014117489788363708,0.014117489788363708,-0.02617103287811271,-0.013487930871887287,0.013487930871887287,fit
975,/home/jinsookim/HEA_MC/FeCoNiPtPd_HER/cgcnn/100/add_data/results_dir/975.cif,-0.051638279687499455,bulk,32,32,32.0,-0.05382754260500995,0.0021892629175104955,0.0021892629175104955,-0.054887900916351255,0.0032496212288517998,0.0032496212288517998,holdout
976,/home/jinsookim/HEA_MC/FeCoNiPtPd_HER/cgcnn/100/add_data/results_dir/976.cif,-0.07599968937500012,bulk,32,32,32.0,-0.05957439442630426,-0.016425294948695865,0.016425294948695865,-0.062391757595382985,-0.013607931779617138,0.013607931779617138,fit
977,/home/jinsookim/HEA_MC/FeCoNiPtPd_HER/cgcnn/100/add_data/results_dir/977.cif,-0.06079089156250017,bulk,32,32,32.0,-0.044297653722696874,-0.016493237839803297,0.016493237839803297,-0.0452240741378458,-0.01556681742465437,0.01556681742465437,fit
978,/home/jinsookim/HEA_MC/FeCoNiPtPd_HER/cgcnn/100/add_data/results_dir/978.cif,-0.0003785068750001841,bulk,32,32,32.0,-0.006026364986164049,0.005647858111163865,0.005647858111163865,-0.005519392489270556,0.005140885614270372,0.005140885614270372,fit
979,/home/jinsookim/HEA_MC/FeCoNiPtPd_HER/cgcnn/100/add_data/results_dir/979.cif,0.01565031281250029,bulk,32,32,32.0,-0.028092954904048506,0.043743267716548795,0.043743267716548795,-0.026452291285341434,0.04210260409784172,0.04210260409784172,fit
980,/home/jinsookim/HEA_MC/FeCoNiPtPd_HER/cgcnn/100/add_data/results_dir/980.cif,-0.03945818656250033,bulk,32,32,32.0,-0.03427659968898439,-0.005181586873515942,0.005181586873515942,-0.0355532243572239,-0.0039049622052764327,0.0039049622052764327,fit
981,/home/jinsookim/HEA_MC/FeCoNiPtPd_HER/cgcnn/100/add_data/results_dir/981.cif,-0.04862330843750051,bulk,32,32,32.0,-0.0502640334186494,0.0016407249811488875,0.0016407249811488875,-0.052114724084084366,0.0034914156465838536,0.0034914156465838536,fit
982,/home/jinsookim/HEA_MC/FeCoNiPtPd_HER/cgcnn/100/add_data/results_dir/982.cif,-0.07675504125000021,bulk,32,32,32.0,-0.0371182900224656,-0.039636751227534614,0.039636751227534614,-0.03820627383162098,-0.03854876741837923,0.03854876741837923,fit
983,/home/jinsookim/HEA_MC/FeCoNiPtPd_HER/cgcnn/100/add_data/results_dir/983.cif,-0.028272813750000125,bulk,32,32,32.0,-0.0236358138797962,-0.004636999870203926,0.004636999870203926,-0.02298961703498266,-0.005283196715017466,0.005283196715017466,fit
984,/home/jinsookim/HEA_MC/FeCoNiPtPd_HER/cgcnn/100/add_data/results_dir/984.cif,-0.05204213843750072,bulk,32,32,32.0,-0.038091747137960874,-0.013950391299539844,0.013950391299539844,-0.03537647626772791,-0.016665662169772805,0.016665662169772805,fit
985,/home/jinsookim/HEA_MC/FeCoNiPtPd_HER/cgcnn/100/add_data/results_dir/985.cif,-0.05694355187499944,bulk,32,32,32.0,-0.05761602035528718,0.0006724684802877356,0.0006724684802877356,-0.05551468419030392,-0.0014288676846955228,0.0014288676846955228,fit
986,/home/jinsookim/HEA_MC/FeCoNiPtPd_HER/cgcnn/100/add_data/results_dir/986.cif,-0.04243004531249994,bulk,32,32,32.0,-0.03450589692106188,-0.007924148391438061,0.007924148391438061,-0.031641102041172764,-0.010788943271327178,0.010788943271327178,holdout
987,/home/jinsookim/HEA_MC/FeCoNiPtPd_HER/cgcnn/100/add_data/results_dir/987.cif,-0.038582634062500176,bulk,32,32,32.0,-0.027880171448260327,-0.01070246261423985,0.01070246261423985,-0.028156968660346105,-0.010425665402154071,0.010425665402154071,fit
988,/home/jinsookim/HEA_MC/FeCoNiPtPd_HER/cgcnn/100/add_data/results_dir/988.cif,-0.04715633750000059,bulk,32,32,32.0,-0.04227280743415224,-0.004883530065848352,0.004883530065848352,-0.04321099205287975,-0.003945345447120836,0.003945345447120836,fit
989,/home/jinsookim/HEA_MC/FeCoNiPtPd_HER/cgcnn/100/add_data/results_dir/989.cif,-0.049673932499999296,bulk,32,32,32.0,-0.05426425237576558,0.004590319875766281,0.004590319875766281,-0.05517660511091972,0.0055026726109204255,0.0055026726109204255,fit
990,/home/jinsookim/HEA_MC/FeCoNiPtPd_HER/cgcnn/100/add_data/results_dir/990.cif,-0.06221972093749972,bulk,32,32,32.0,-0.05216733130374997,-0.010052389633749756,0.010052389633749756,-0.05111616011759826,-0.011103560819901465,0.011103560819901465,fit
991,/home/jinsookim/HEA_MC/FeCoNiPtPd_HER/cgcnn/100/add_data/results_dir/991.cif,-0.004785974375000279,bulk,32,32,32.0,-0.04990657350964556,0.04512059913464528,0.04512059913464528,-0.05095546022261063,0.04616948584761035,0.04616948584761035,fit
992,/home/jinsookim/HEA_MC/FeCoNiPtPd_HER/cgcnn/100/add_data/results_dir/992.cif,0.06051905968750049,bulk,32,32,32.0,-0.02223181405847067,0.08275087374597115,0.08275087374597115,-0.02091292199391504,0.08143198168141552,0.08143198168141552,fit
993,/home/jinsookim/HEA_MC/FeCoNiPtPd_HER/cgcnn/100/add_data/results_dir/993.cif,-0.05872319187499997,bulk,32,32,32.0,-0.035557954416449176,-0.023165237458550793,0.023165237458550793,-0.03514471867102732,-0.023578473203972647,0.023578473203972647,fit
994,/home/jinsookim/HEA_MC/FeCoNiPtPd_HER/cgcnn/100/add_data/results_dir/994.cif,-0.06203997187500043,bulk,32,32,32.0,-0.06496650820290059,0.002926536327900159,0.002926536327900159,-0.06444390180329636,0.0024039299282959253,0.0024039299282959253,fit
995,/home/jinsookim/HEA_MC/FeCoNiPtPd_HER/cgcnn/100/add_data/results_dir/995.cif,-0.03126868187499987,bulk,32,32,32.0,-0.049481191090635854,0.018212509215635983,0.018212509215635983,-0.05201965786288772,0.020750975987887846,0.020750975987887846,holdout
996,/home/jinsookim/HEA_MC/FeCoNiPtPd_HER/cgcnn/100/add_data/results_dir/996.cif,-0.01616194781249991,bulk,32,32,32.0,-0.01920930136040357,0.003047353547903659,0.003047353547903659,-0.019242525439159292,0.0030805776266593816,0.0030805776266593816,fit
997,/home/jinsookim/HEA_MC/FeCoNiPtPd_HER/cgcnn/100/add_data/results_dir/997.cif,-0.03278009000000015,bulk,32,32,32.0,-0.02826766013914829,-0.00451242986085186,0.00451242986085186,-0.027993606910782315,-0.004786483089217836,0.004786483089217836,fit
998,/home/jinsookim/HEA_MC/FeCoNiPtPd_HER/cgcnn/100/add_data/results_dir/998.cif,-0.034244593124999945,bulk,32,32,32.0,-0.0629365104122315,0.028691917287231555,0.028691917287231555,-0.06169315131645958,0.027448558191459638,0.027448558191459638,fit
999,/home/jinsookim/HEA_MC/FeCoNiPtPd_HER/cgcnn/100/add_data/results_dir/999.cif,-0.06381679375000004,bulk,32,32,32.0,-0.06815586733860551,0.004339073588605469,0.004339073588605469,-0.06800530842005847,0.00418851467005843,0.00418851467005843,fit
1000,/home/jinsookim/HEA_MC/FeCoNiPtPd_HER/cgcnn/100/add_data/results_dir/1000.cif,-0.06465232468749971,bulk,32,32,32.0,-0.06787355743344563,0.0032212327459459206,0.0032212327459459206,-0.06684177898447384,0.002189454296974133,0.002189454296974133,fit
1001,/home/jinsookim/HEA_MC/FeCoNiPtPd_HER/cgcnn/100/add_data/results_dir/1001.cif,-0.06702012968749926,bulk,32,32,32.0,-0.041708867527090215,-0.025311262160409048,0.025311262160409048,-0.04110987638743541,-0.025910253300063857,0.025910253300063857,fit
1002,/home/jinsookim/HEA_MC/FeCoNiPtPd_HER/cgcnn/100/add_data/results_dir/1002.cif,-0.025063159687499947,bulk,32,32,32.0,-0.008634106083675555,-0.016429053603824392,0.016429053603824392,-0.00878559766725081,-0.016277562020249138,0.016277562020249138,fit
1003,/home/jinsookim/HEA_MC/FeCoNiPtPd_HER/cgcnn/100/add_data/results_dir/1003.cif,-0.049927748750000056,bulk,32,32,32.0,-0.0341981228336424,-0.015729625916357654,0.015729625916357654,-0.03270162713114349,-0.017226121618856567,0.017226121618856567,fit
1004,/home/jinsookim/HEA_MC/FeCoNiPtPd_HER/cgcnn/100/add_data/results_dir/1004.cif,-0.031205026249999435,bulk,32,32,32.0,-0.026164915024200354,-0.005040111225799081,0.005040111225799081,-0.0273445455978101,-0.0038604806521893333,0.0038604806521893333,fit
1005,/home/jinsookim/HEA_MC/FeCoNiPtPd_HER/cgcnn/100/add_data/results_dir/1005.cif,-0.029753739062499562,bulk,32,32,32.0,-0.02592438418606944,-0.003829354876430123,0.003829354876430123,-0.02472762365061916,-0.0050261154118804025,0.0050261154118804025,fit
1006,/home/jinsookim/HEA_MC/FeCoNiPtPd_HER/cgcnn/100/add_data/results_dir/1006.cif,-0.021489347812500448,bulk,32,32,32.0,-0.010584435258730627,-0.010904912553769821,0.010904912553769821,-0.01101252346689303,-0.010476824345607419,0.010476824345607419,fit
1007,/home/jinsookim/HEA_MC/FeCoNiPtPd_HER/cgcnn/100/add_data/results_dir/1007.cif,-0.07159013937500003,bulk,32,32,32.0,-0.05569752007604968,-0.015892619298950347,0.015892619298950347,-0.056477503581571,-0.01511263579342903,0.01511263579342903,fit
1008,/home/jinsookim/HEA_MC/FeCoNiPtPd_HER/cgcnn/100/add_data/results_dir/1008.cif,-0.04950494062499988,bulk,32,32,32.0,-0.04338592675081139,-0.006119013874188492,0.006119013874188492,-0.044443236278895744,-0.005061704346104139,0.005061704346104139,fit
1009,/home/jinsookim/HEA_MC/FeCoNiPtPd_HER/cgcnn/100/add_data/results_dir/1009.cif,-0.014345015624999569,bulk,32,32,32.0,-0.017318108886358426,0.0029730932613588577,0.0029730932613588577,-0.015702552819915623,0.0013575371949160545,0.0013575371949160545,fit
1010,/home/jinsookim/HEA_MC/FeCoNiPtPd_HER/cgcnn/100/add_data/results_dir/1010.cif,-0.05120073843750017,bulk,32,32,32.0,-0.052713552659707716,0.0015128142222075452,0.0015128142222075452,-0.05341924752426264,0.0022185090867624727,0.0022185090867624727,fit
1011,/home/jinsookim/HEA_MC/FeCoNiPtPd_HER/cgcnn/100/add_data/results_dir/1011.cif,-0.04036623593750033,bulk,32,32,32.0,-0.03382256556918495,-0.00654367036831538,0.00654367036831538,-0.03543720047681836,-0.00492903546068197,0.00492903546068197,fit
1012,/home/jinsookim/HEA_MC/FeCoNiPtPd_HER/cgcnn/100/add_data/results_dir/1012.cif,-0.062246821249999584,bulk,32,32,32.0,-0.052432251831962415,-0.00981456941803717,0.00981456941803717,-0.05269305014295661,-0.009553771107042974,0.009553771107042974,fit
1013,/home/jinsookim/HEA_MC/FeCoNiPtPd_HER/cgcnn/100/add_data/results_dir/1013.cif,-0.059356442187500136,bulk,32,32,32.0,-0.03568224528746826,-0.023674196900031877,0.023674196900031877,-0.036374646798309936,-0.0229817953891902,0.0229817953891902,fit
1014,/home/jinsookim/HEA_MC/FeCoNiPtPd_HER/cgcnn/100/add_data/results_dir/1014.cif,-0.009419967812499763,bulk,32,32,32.0,-0.027220974000352404,0.01780100618785264,0.01780100618785264,-0.026955500879388396,0.017535533066888633,0.017535533066888633,fit
1015,/home/jinsookim/HEA_MC/FeCoNiPtPd_HER/cgcnn/100/add_data/results_dir/1015.cif,-0.026589911874999927,bulk,32,32,32.0,-0.03931710360314729,0.01272719172814736,0.01272719172814736,-0.041173531841639084,0.014583619966639157,0.014583619966639157,fit
1016,/home/jinsookim/HEA_MC/FeCoNiPtPd_HER/cgcnn/100/add_data/results_dir/1016.cif,0.029214651562499583,bulk,32,32,32.0,-0.0315809971988461,0.06079564876134568,0.06079564876134568,-0.03377114040080044,0.06298579196330002,0.06298579196330002,holdout
1017,/home/jinsookim/HEA_MC/FeCoNiPtPd_HER/cgcnn/100/add_data/results_dir/1017.cif,-0.045809299687499916,bulk,32,32,32.0,-0.04015634302541303,-0.005652956662086886,0.005652956662086886,-0.0406806392620844,-0.0051286604254155155,0.0051286604254155155,fit
1018,/home/jinsookim/HEA_MC/FeCoNiPtPd_HER/cgcnn/100/add_data/results_dir/1018.cif,-0.029101075625000306,bulk,32,32,32.0,-0.04429313213239604,0.015192056507395732,0.015192056507395732,-0.04567766718918776,0.016576591564187455,0.016576591564187455,fit
1019,/home/jinsookim/HEA_MC/FeCoNiPtPd_HER/cgcnn/100/add_data/results_dir/1019.cif,-0.03276528593749983,bulk,32,32,32.0,-0.03202881306978519,-0.0007364728677146451,0.0007364728677146451,-0.03234821347421191,-0.0004170724632879194,0.0004170724632879194,fit
1020,/home/jinsookim/HEA_MC/FeCoNiPtPd_HER/cgcnn/100/add_data/results_dir/1020.cif,-0.04941632968749943,bulk,32,32,32.0,-0.04256131559657304,-0.006855014090926384,0.006855014090926384,-0.04092079339329226,-0.00849553629420717,0.00849553629420717,fit
1021,/home/jinsookim/HEA_MC/FeCoNiPtPd_HER/cgcnn/100/add_data/results_dir/1021.cif,-0.06024047625000062,bulk,32,32,32.0,-0.04656766591454556,-0.01367281033545506,0.01367281033545506,-0.04782000063904587,-0.012420475610954745,0.012420475610954745,holdout
1022,/home/jinsookim/HEA_MC/FeCoNiPtPd_HER/cgcnn/100/add_data/results_dir/1022.cif,-0.055889378749999885,bulk,32,32,32.0,-0.04929087696270701,-0.006598501787292876,0.006598501787292876,-0.049080211565527915,-0.00680916718447197,0.00680916718447197,fit
1023,/home/jinsookim/HEA_MC/FeCoNiPtPd_HER/cgcnn/100/add_data/results_dir/1023.cif,0.003284210624999062,bulk,32,32,32.0,-0.00542905913145993,0.008713269756458992,0.008713269756458992,-0.005882833050861444,0.009167043675860506,0.009167043675860506,fit
1024,/home/jinsookim/HEA_MC/FeCoNiPtPd_HER/cgcnn/100/add_data/results_dir/1024.cif,-0.0379838596875004,bulk,32,32,32.0,-0.029319597514953263,-0.008664262172547135,0.008664262172547135,-0.029564778835010505,-0.008419080852489894,0.008419080852489894,fit
1025,/home/jinsookim/HEA_MC/FeCoNiPtPd_HER/cgcnn/100/add_data/results_dir/1025.cif,-0.061070894062500436,bulk,32,32,32.0,-0.04936654592427657,-0.011704348138223866,0.011704348138223866,-0.04971372033281128,-0.011357173729689155,0.011357173729689155,holdout
1026,/home/jinsookim/HEA_MC/FeCoNiPtPd_HER/cgcnn/100/add_data/results_dir/1026.cif,-0.07532255656249998,bulk,32,32,32.0,-0.06111015971768235,-0.014212396844817628,0.014212396844817628,-0.0610327219531949,-0.014289834609305073,0.014289834609305073,fit
1027,/home/jinsookim/HEA_MC/FeCoNiPtPd_HER/cgcnn/100/add_data/results_dir/1027.cif,-0.01631424031250006,bulk,32,32,32.0,-0.004574553211911489,-0.011739687100588573,0.011739687100588573,-0.004426478703617992,-0.01188776160888207,0.01188776160888207,fit
1028,/home/jinsookim/HEA_MC/FeCoNiPtPd_HER/cgcnn/100/add_data/results_dir/1028.cif,0.013107326562499466,bulk,32,32,32.0,-0.004433916768657054,0.01754124333115652,0.01754124333115652,-0.0037953274554000348,0.0169026540178995,0.0169026540178995,fit
1029,/home/jinsookim/HEA_MC/FeCoNiPtPd_HER/cgcnn/100/add_data/results_dir/1029.cif,-0.0561806118749999,bulk,32,32,32.0,-0.05942098017571379,0.0032403683007138917,0.0032403683007138917,-0.05919001180567318,0.0030093999306732844,0.0030093999306732844,fit
1030,/home/jinsookim/HEA_MC/FeCoNiPtPd_HER/cgcnn/100/add_data/results_dir/1030.cif,-0.0888322300000004,bulk,32,32,32.0,-0.06410233541622173,-0.024729894583778667,0.024729894583778667,-0.06154736303353929,-0.02728486696646111,0.02728486696646111,fit
1031,/home/jinsookim/HEA_MC/FeCoNiPtPd_HER/cgcnn/100/add_data/results_dir/1031.cif,-0.05868656968750052,bulk,32,32,32.0,-0.037975443531493513,-0.02071112615600701,0.02071112615600701,-0.039292965609222026,-0.019393604078278497,0.019393604078278497,fit
1032,/home/jinsookim/HEA_MC/FeCoNiPtPd_HER/cgcnn/100/add_data/results_dir/1032.cif,-0.06878019218749998,bulk,32,32,32.0,-0.0498754020536472,-0.01890479013385278,0.01890479013385278,-0.050143061811924135,-0.018637130375575843,0.018637130375575843,fit
1033,/home/jinsookim/HEA_MC/FeCoNiPtPd_HER/cgcnn/100/add_data/results_dir/1033.cif,-0.03383113906249946,bulk,32,32,32.0,-0.044858486021120206,0.011027346958620746,0.011027346958620746,-0.045488143073693595,0.011657004011194134,0.011657004011194134,fit
1034,/home/jinsookim/HEA_MC/FeCoNiPtPd_HER/cgcnn/100/add_data/results_dir/1034.cif,-0.04171639187500009,bulk,32,32,32.0,-0.02655989414282708,-0.015156497732173011,0.015156497732173011,-0.02797081487646884,-0.013745576998531253,0.013745576998531253,fit
1035,/home/jinsookim/HEA_MC/FeCoNiPtPd_HER/cgcnn/100/add_data/results_dir/1035.cif,-0.05116325156249957,bulk,32,32,32.0,-0.04320259571641131,-0.007960655846088259,0.007960655846088259,-0.04466689785575925,-0.006496353706740315,0.006496353706740315,fit
1036,/home/jinsookim/HEA_MC/FeCoNiPtPd_HER/cgcnn/100/add_data/results_dir/1036.cif,-0.0390395425000003,bulk,32,32,32.0,-0.05770259223071911,0.018663049730718806,0.018663049730718806,-0.058094913532129644,0.019055371032129342,0.019055371032129342,fit
1037,/home/jinsookim/HEA_MC/FeCoNiPtPd_HER/cgcnn/100/add_data/results_dir/1037.cif,-0.05315755062500038,bulk,32,32,32.0,-0.04302907680620967,-0.010128473818790715,0.010128473818790715,-0.043317247020886386,-0.009840303604113997,0.009840303604113997,fit
1038,/home/jinsookim/HEA_MC/FeCoNiPtPd_HER/cgcnn/100/add_data/results_dir/1038.cif,-0.04048177968750011,bulk,32,32,32.0,-0.025574770373789395,-0.014907009313710713,0.014907009313710713,-0.025517104886525505,-0.014964674800974603,0.014964674800974603,fit
1039,/home/jinsookim/HEA_MC/FeCoNiPtPd_HER/cgcnn/100/add_data/results_dir/1039.cif,-0.017260890000000195,bulk,32,32,32.0,-0.011739925873311888,-0.005520964126688307,0.005520964126688307,-0.014615476812089079,-0.0026454131879111165,0.0026454131879111165,fit
1040,/home/jinsookim/HEA_MC/FeCoNiPtPd_HER/cgcnn/100/add_data/results_dir/1040.cif,-0.0321117675,bulk,32,32,32.0,-0.03909661735915873,0.006984849859158732,0.006984849859158732,-0.03926008196951951,0.0071483144695195094,0.0071483144695195094,fit
1041,/home/jinsookim/HEA_MC/FeCoNiPtPd_HER/cgcnn/100/add_data/results_dir/1041.cif,-0.059620479374999924,bulk,32,32,32.0,-0.04997516433635217,-0.009645315038647753,0.009645315038647753,-0.05122347329173786,-0.008397006083262062,0.008397006083262062,fit
1042,/home/jinsookim/HEA_MC/FeCoNiPtPd_HER/cgcnn/100/add_data/results_dir/1042.cif,-0.08084880749999979,bulk,32,32,32.0,-0.05245784341042713,-0.02839096408957266,0.02839096408957266,-0.052392900678118,-0.028455906821881788,0.028455906821881788,fit
1043,/home/jinsookim/HEA_MC/FeCoNiPtPd_HER/cgcnn/100/add_data/results_dir/1043.cif,-0.07519815562500032,bulk,32,32,32.0,-0.06708956700007523,-0.008108588624925084,0.008108588624925084,-0.0674255782373483,-0.007772577387652024,0.007772577387652024,fit
1044,/home/jinsookim/HEA_MC/FeCoNiPtPd_HER/cgcnn/100/add_data/results_dir/1044.cif,-0.06374002468750017,bulk,32,32,32.0,-0.040699174498975456,-0.02304085018852472,0.02304085018852472,-0.0387055435103104,-0.025034481177189774,0.025034481177189774,holdout
1045,/home/jinsookim/HEA_MC/FeCoNiPtPd_HER/cgcnn/100/add_data/results_dir/1045.cif,-0.04813482281250003,bulk,32,32,32.0,-0.02846376453616266,-0.019671058276337375,0.019671058276337375,-0.028873023811018302,-0.01926179900148173,0.01926179900148173,fit
1046,/home/jinsookim/HEA_MC/FeCoNiPtPd_HER/cgcnn/100/add_data/results_dir/1046.cif,0.003721479687500029,bulk,32,32,32.0,0.012943864104278552,-0.009222384416778523,0.009222384416778523,0.014521223228971853,-0.010799743541471825,0.010799743541471825,fit
1047,/home/jinsookim/HEA_MC/FeCoNiPtPd_HER/cgcnn/100/add_data/results_dir/1047.cif,-0.011398588124999165,bulk,32,32,32.0,-0.02967117701161083,0.018272588886611665,0.018272588886611665,-0.029431855253949087,0.018033267128949922,0.018033267128949922,fit
1048,/home/jinsookim/HEA_MC/FeCoNiPtPd_HER/cgcnn/100/add_data/results_dir/1048.cif,-0.037571020312499925,bulk,32,32,32.0,-0.014110813616676043,-0.023460206695823882,0.023460206695823882,-0.015096372799746086,-0.02247464751275384,0.02247464751275384,fit
1049,/home/jinsookim/HEA_MC/FeCoNiPtPd_HER/cgcnn/100/add_data/results_dir/1049.cif,-0.03091015687499965,bulk,32,32,32.0,-0.025226298203951534,-0.005683858671048116,0.005683858671048116,-0.024647371571360148,-0.006262785303639502,0.006262785303639502,fit
1050,/home/jinsookim/HEA_MC/FeCoNiPtPd_HER/cgcnn/100/add_data/results_dir/1050.cif,-0.015282005937500287,bulk,32,32,32.0,-0.016269056977566247,0.0009870510400659602,0.0009870510400659602,-0.01651357973478631,0.0012315737972860216,0.0012315737972860216,fit
1051,/home/jinsookim/HEA_MC/FeCoNiPtPd_HER/cgcnn/100/add_data/results_dir/1051.cif,-0.07981957000000062,bulk,32,32,32.0,-0.0541625004983229,-0.025657069501677718,0.025657069501677718,-0.05436305447671713,-0.025456515523283485,0.025456515523283485,fit
1052,/home/jinsookim/HEA_MC/FeCoNiPtPd_HER/cgcnn/100/add_data/results_dir/1052.cif,-0.02494981562499987,bulk,32,32,32.0,-0.027746847309818762,0.002797031684818891,0.002797031684818891,-0.027072072721880714,0.0021222570968808425,0.0021222570968808425,fit
1053,/home/jinsookim/HEA_MC/FeCoNiPtPd_HER/cgcnn/100/add_data/results_dir/1053.cif,-0.09843699437499964,bulk,32,32,32.0,-0.06954334001846783,-0.02889365435653181,0.02889365435653181,-0.069496097917873,-0.028940896457126636,0.028940896457126636,fit
1054,/home/jinsookim/HEA_MC/FeCoNiPtPd_HER/cgcnn/100/add_data/results_dir/1054.cif,-0.06083572375000035,bulk,32,32,32.0,-0.03953699226209381,-0.021298731487906536,0.021298731487906536,-0.03941865152242202,-0.021417072227578327,0.021417072227578327,fit
1055,/home/jinsookim/HEA_MC/FeCoNiPtPd_HER/cgcnn/100/add_data/results_dir/1055.cif,-0.07340022218750075,bulk,32,32,32.0,-0.07257240207185268,-0.0008278201156480675,0.0008278201156480675,-0.07386922128982344,0.0004689991023226897,0.0004689991023226897,fit
1056,/home/jinsookim/HEA_MC/FeCoNiPtPd_HER/cgcnn/100/add_data/results_dir/1056.cif,-0.038143483125000266,bulk,32,32,32.0,-0.021084152990067825,-0.01705933013493244,0.01705933013493244,-0.020566996476584193,-0.017576486648416073,0.017576486648416073,fit
1057,/home/jinsookim/HEA_MC/FeCoNiPtPd_HER/cgcnn/100/add_data/results_dir/1057.cif,-0.05397429312500002,bulk,32,32,32.0,-0.05636819797338137,0.0023939048483813535,0.0023939048483813535,-0.056228279610917094,0.002253986485917077,0.002253986485917077,fit
1058,/home/jinsookim/HEA_MC/FeCoNiPtPd_HER/cgcnn/100/add_data/results_dir/1058.cif,-0.05189385375000022,bulk,32,32,32.0,-0.04615187688749879,-0.005741976862501427,0.005741976862501427,-0.04586666489737502,-0.0060271888526251954,0.0060271888526251954,fit
1059,/home/jinsookim/HEA_MC/FeCoNiPtPd_HER/cgcnn/100/add_data/results_dir/1059.cif,-0.040579679374999955,bulk,32,32,32.0,-0.021039984106182796,-0.01953969526881716,0.01953969526881716,-0.02140080608171331,-0.019178873293286644,0.019178873293286644,fit
1060,/home/jinsookim/HEA_MC/FeCoNiPtPd_HER/cgcnn/100/add_data/results_dir/1060.cif,-0.06398833874999976,bulk,32,32,32.0,-0.052697238678228196,-0.011291100071771566,0.011291100071771566,-0.05282991419895454,-0.011158424551045223,0.011158424551045223,fit
1061,/home/jinsookim/HEA_MC/FeCoNiPtPd_HER/cgcnn/100/add_data/results_dir/1061.cif,-0.07040686843749988,bulk,32,32,32.0,-0.05203396415222833,-0.018372904285271552,0.018372904285271552,-0.05141300900232291,-0.018993859435176973,0.018993859435176973,fit
1062,/home/jinsookim/HEA_MC/FeCoNiPtPd_HER/cgcnn/100/add_data/results_dir/1062.cif,-0.017592357812500126,bulk,32,32,32.0,-0.02614632335281386,0.008553965540313735,0.008553965540313735,-0.025900029409566504,0.008307671597066378,0.008307671597066378,fit
1063,/home/jinsookim/HEA_MC/FeCoNiPtPd_HER/cgcnn/100/add_data/results_dir/1063.cif,-0.07195707656250061,bulk,32,32,32.0,-0.06317962579385805,-0.008777450768642558,0.008777450768642558,-0.06339570018915253,-0.008561376373348084,0.008561376373348084,fit
1064,/home/jinsookim/HEA_MC/FeCoNiPtPd_HER/cgcnn/100/add_data/results_dir/1064.cif,-0.03958656687500017,bulk,32,32,32.0,-0.03358841022763033,-0.005998156647369843,0.005998156647369843,-0.03333916957941796,-0.006247397295582213,0.006247397295582213,fit
1065,/home/jinsookim/HEA_MC/FeCoNiPtPd_HER/cgcnn/100/add_data/results_dir/1065.cif,-0.0569279915625005,bulk,32,32,32.0,-0.04012303343848111,-0.016804958124019394,0.016804958124019394,-0.03977965593067198,-0.01714833563182852,0.01714833563182852,fit
1066,/home/jinsookim/HEA_MC/FeCoNiPtPd_HER/cgcnn/100/add_data/results_dir/1066.cif,-0.06226424687499943,bulk,32,32,32.0,-0.06564453723240604,0.0033802903574066123,0.0033802903574066123,-0.06615253538745505,0.0038882885124556232,0.0038882885124556232,fit
1067,/home/jinsookim/HEA_MC/FeCoNiPtPd_HER/cgcnn/100/add_data/results_dir/1067.cif,-0.06788529000000043,bulk,32,32,32.0,-0.02815641319417913,-0.0397288768058213,0.0397288768058213,-0.02634146845294039,-0.041543821547060045,0.041543821547060045,fit
1068,/home/jinsookim/HEA_MC/FeCoNiPtPd_HER/cgcnn/100/add_data/results_dir/1068.cif,-0.032246416250000465,bulk,32,32,32.0,-0.050158298899060455,0.01791188264905999,0.01791188264905999,-0.04923708435419752,0.016990668104197054,0.016990668104197054,fit
1069,/home/jinsookim/HEA_MC/FeCoNiPtPd_HER/cgcnn/100/add_data/results_dir/1069.cif,-0.07803539281249972,bulk,32,32,32.0,-0.06554977657239032,-0.012485616240109396,0.012485616240109396,-0.06789364868062125,-0.01014174413187846,0.01014174413187846,fit
1070,/home/jinsookim/HEA_MC/FeCoNiPtPd_HER/cgcnn/100/add_data/results_dir/1070.cif,0.07943335312500022,bulk,32,32,32.0,-0.008189977082110611,0.08762333020711083,0.08762333020711083,-0.0076090250709538,0.08704237819595402,0.08704237819595402,fit
1071,/home/jinsookim/HEA_MC/FeCoNiPtPd_HER/cgcnn/100/add_data/results_dir/1071.cif,-0.06140914343750037,bulk,32,32,32.0,-0.03299571591501797,-0.028413427522482396,0.028413427522482396,-0.03243508349943991,-0.02897405993806046,0.02897405993806046,fit
1072,/home/jinsookim/HEA_MC/FeCoNiPtPd_HER/cgcnn/100/add_data/results_dir/1072.cif,-0.07371821687499924,bulk,32,32,32.0,-0.06560107263329064,-0.008117144241708604,0.008117144241708604,-0.0674967415091524,-0.006221475365846843,0.006221475365846843,fit
1073,/home/jinsookim/HEA_MC/FeCoNiPtPd_HER/cgcnn/100/add_data/results_dir/1073.cif,-0.042470618750000355,bulk,32,32,32.0,-0.033955184251684194,-0.008515434498316161,0.008515434498316161,-0.03248930379499151,-0.009981314955008848,0.009981314955008848,fit
1074,/home/jinsookim/HEA_MC/FeCoNiPtPd_HER/cgcnn/100/add_data/results_dir/1074.cif,-0.029074244999999443,bulk,32,32,32.0,-0.04656697560491047,0.01749273060491103,0.01749273060491103,-0.049634363366114986,0.020560118366115543,0.020560118366115543,holdout
1075,/home/jinsookim/HEA_MC/FeCoNiPtPd_HER/cgcnn/100/add_data/results_dir/1075.cif,-0.036280487187499766,bulk,32,32,32.0,-0.03399983516259558,-0.002280652024904184,0.002280652024904184,-0.03353804579138305,-0.002742441396116714,0.002742441396116714,fit
1076,/home/jinsookim/HEA_MC/FeCoNiPtPd_HER/cgcnn/100/add_data/results_dir/1076.cif,-0.008226968437499593,bulk,32,32,32.0,-0.009736536072454267,0.0015095676349546738,0.0015095676349546738,-0.011680430757984838,0.003453462320485245,0.003453462320485245,fit
1077,/home/jinsookim/HEA_MC/FeCoNiPtPd_HER/cgcnn/100/add_data/results_dir/1077.cif,0.005796564687499561,bulk,32,32,32.0,0.0105410322462567,-0.004744467558757138,0.004744467558757138,0.010473773866412748,-0.004677209178913186,0.004677209178913186,fit
1078,/home/jinsookim/HEA_MC/FeCoNiPtPd_HER/cgcnn/100/add_data/results_dir/1078.cif,-0.05460085406249959,bulk,32,32,32.0,-0.03680350149965822,-0.017797352562841373,0.017797352562841373,-0.03510795491785541,-0.01949289914464418,0.01949289914464418,fit
1079,/home/jinsookim/HEA_MC/FeCoNiPtPd_HER/cgcnn/100/add_data/results_dir/1079.cif,-0.07762336812499981,bulk,32,32,32.0,-0.05230462449216661,-0.025318743632833207,0.025318743632833207,-0.052850474193156693,-0.02477289393184312,0.02477289393184312,fit
1080,/home/jinsookim/HEA_MC/FeCoNiPtPd_HER/cgcnn/100/add_data/results_dir/1080.cif,-0.09629535531249989,bulk,32,32,32.0,-0.07932979197085854,-0.016965563341641343,0.016965563341641343,-0.08186085610490479,-0.014434499207595097,0.014434499207595097,fit
1081,/home/jinsookim/HEA_MC/FeCoNiPtPd_HER/cgcnn/100/add_data/results_dir/1081.cif,-0.044157750624999714,bulk,32,32,32.0,-0.05177984053120066,0.007622089906200946,0.007622089906200946,-0.05124755728634272,0.007089806661343005,0.007089806661343005,fit
1082,/home/jinsookim/HEA_MC/FeCoNiPtPd_HER/cgcnn/100/add_data/results_dir/1082.cif,-0.05121032000000003,bulk,32,32,32.0,-0.029305262640744865,-0.021905057359255166,0.021905057359255166,-0.0282703582934331,-0.02293996170656693,0.02293996170656693,fit
1083,/home/jinsookim/HEA_MC/FeCoNiPtPd_HER/cgcnn/100/add_data/results_dir/1083.cif,-0.06886291906250008,bulk,32,32,32.0,-0.06169104028584527,-0.0071718787766548164,0.0071718787766548164,-0.06198738764341476,-0.006875531419085326,0.006875531419085326,fit
1084,/home/jinsookim/HEA_MC/FeCoNiPtPd_HER/cgcnn/100/add_data/results_dir/1084.cif,-0.09505336562499966,bulk,32,32,32.0,-0.07868935321502014,-0.01636401240997952,0.01636401240997952,-0.07947670165184938,-0.015576663973150287,0.015576663973150287,fit
1085,/home/jinsookim/HEA_MC/FeCoNiPtPd_HER/cgcnn/100/add_data/results_dir/1085.cif,-0.0973430878124999,bulk,32,32,32.0,-0.06898658752716176,-0.028356500285338135,0.028356500285338135,-0.06954865235420479,-0.027794435458295103,0.027794435458295103,fit
1086,/home/jinsookim/HEA_MC/FeCoNiPtPd_HER/cgcnn/100/add_data/results_dir/1086.cif,-0.060703976250000125,bulk,32,32,32.0,-0.059287595154857306,-0.0014163810951428185,0.0014163810951428185,-0.058846709969856706,-0.0018572662801434187,0.0018572662801434187,holdout
1087,/home/jinsookim/HEA_MC/FeCoNiPtPd_HER/cgcnn/100/add_data/results_dir/1087.cif,-0.011329978437499832,bulk,32,32,32.0,-0.02073506762863063,0.009405089191130797,0.009405089191130797,-0.019346347659891294,0.008016369222391462,0.008016369222391462,fit
1088,/home/jinsookim/HEA_MC/FeCoNiPtPd_HER/cgcnn/100/add_data/results_dir/1088.cif,-0.055934542500000184,bulk,32,32,32.0,-0.06184509937573794,0.0059105568757377575,0.0059105568757377575,-0.061161304534289,0.005226762034288818,0.005226762034288818,fit
1089,/home/jinsookim/HEA_MC/FeCoNiPtPd_HER/cgcnn/100/add_data/results_dir/1089.cif,-0.040367871562499325,bulk,32,32,32.0,-0.04255801208840494,0.002190140525905618,0.002190140525905618,-0.04332698455618225,0.0029591129936829275,0.0029591129936829275,fit
1090,/home/jinsookim/HEA_MC/FeCoNiPtPd_HER/cgcnn/100/add_data/results_dir/1090.cif,-0.01820356125,bulk,32,32,32.0,-0.0004441561546893896,-0.01775940509531061,0.01775940509531061,-0.0010681958104479955,-0.017135365439552006,0.017135365439552006,fit
1091,/home/jinsookim/HEA_MC/FeCoNiPtPd_HER/cgcnn/100/add_data/results_dir/1091.cif,-0.05257264656249916,bulk,32,32,32.0,-0.052863630325758776,0.00029098376325961683,0.00029098376325961683,-0.05189594065103228,-0.0006767059114668808,0.0006767059114668808,fit
1092,/home/jinsookim/HEA_MC/FeCoNiPtPd_HER/cgcnn/100/add_data/results_dir/1092.cif,-0.038596249374999836,bulk,32,32,32.0,-0.024092783157059462,-0.014503466217940374,0.014503466217940374,-0.023234918375465735,-0.0153613309995341,0.0153613309995341,holdout
1093,/home/jinsookim/HEA_MC/FeCoNiPtPd_HER/cgcnn/100/add_data/results_dir/1093.cif,-0.045074738437500095,bulk,32,32,32.0,-0.04165899468760489,-0.0034157437498952073,0.0034157437498952073,-0.041595923934081014,-0.003478814503419081,0.003478814503419081,fit
1094,/home/jinsookim/HEA_MC/FeCoNiPtPd_HER/cgcnn/100/add_data/results_dir/1094.cif,-0.040433764062499655,bulk,32,32,32.0,-0.052955213371403166,0.012521449308903511,0.012521449308903511,-0.053119218904483845,0.01268545484198419,0.01268545484198419,fit
1095,/home/jinsookim/HEA_MC/FeCoNiPtPd_HER/cgcnn/100/add_data/results_dir/1095.cif,-0.05870406000000017,bulk,32,32,32.0,-0.056231865852320546,-0.0024721941476796225,0.0024721941476796225,-0.05535830539311996,-0.003345754606880212,0.003345754606880212,holdout
1096,/home/jinsookim/HEA_MC/FeCoNiPtPd_HER/cgcnn/100/add_data/results_dir/1096.cif,-0.05349430125000065,bulk,32,32,32.0,-0.044839290570148724,-0.00865501067985193,0.00865501067985193,-0.04607000424138667,-0.007424297008613981,0.007424297008613981,fit
1097,/home/jinsookim/HEA_MC/FeCoNiPtPd_HER/cgcnn/100/add_data/results_dir/1097.cif,-0.04106034375000078,bulk,32,32,32.0,-0.03605615055510472,-0.005004193194896062,0.005004193194896062,-0.03792424675170091,-0.0031360969982998713,0.0031360969982998713,fit
1098,/home/jinsookim/HEA_MC/FeCoNiPtPd_HER/cgcnn/100/add_data/results_dir/1098.cif,-0.04763962031249935,bulk,32,32,32.0,-0.0404927762804522,-0.007146844032047156,0.007146844032047156,-0.041061854223595595,-0.006577766088903758,0.006577766088903758,fit
1099,/home/jinsookim/HEA_MC/FeCoNiPtPd_HER/cgcnn/100/add_data/results_dir/1099.cif,-0.07184259250000036,bulk,32,32,32.0,-0.05201552574600985,-0.019827066753990506,0.019827066753990506,-0.052312006167446204,-0.019530586332554153,0.019530586332554153,fit
1100,/home/jinsookim/HEA_MC/FeCoNiPtPd_HER/cgcnn/100/add_data/results_dir/1100.cif,0.1482773535185189,slab100,54,108,54.0,0.13865570940145516,0.009621644117063732,0.009621644117063732,0.13773200810521377,0.010545345413305124,0.010545345413305124,holdout
1101,/home/jinsookim/HEA_MC/FeCoNiPtPd_HER/cgcnn/100/add_data/results_dir/1101.cif,0.22606832481481462,slab100,54,108,54.0,0.21669473557544194,0.009373589239372676,0.009373589239372676,0.21838017983324948,0.007688144981565143,0.007688144981565143,fit
1102,/home/jinsookim/HEA_MC/FeCoNiPtPd_HER/cgcnn/100/add_data/results_dir/1102.cif,0.19232754888888812,slab100,54,108,54.0,0.19539466650336826,-0.0030671176144801415,0.0030671176144801415,0.19492030649918946,-0.0025927576103013383,0.0025927576103013383,fit
1103,/home/jinsookim/HEA_MC/FeCoNiPtPd_HER/cgcnn/100/add_data/results_dir/1103.cif,0.20176785111111165,slab100,54,108,54.0,0.20803689371120343,-0.006269042600091784,0.006269042600091784,0.20589406363344787,-0.00412621252233622,0.00412621252233622,fit
1104,/home/jinsookim/HEA_MC/FeCoNiPtPd_HER/cgcnn/100/add_data/results_dir/1104.cif,0.23033140962962972,slab100,54,108,54.0,0.23806309917566343,-0.007731689546033704,0.007731689546033704,0.23869405052878373,-0.008362640899154006,0.008362640899154006,fit
1105,/home/jinsookim/HEA_MC/FeCoNiPtPd_HER/cgcnn/100/add_data/results_dir/1105.cif,0.19437376018518543,slab100,54,108,54.0,0.18726497538934977,0.007108784795835654,0.007108784795835654,0.1870309906451207,0.007342769540064742,0.007342769540064742,fit
1106,/home/jinsookim/HEA_MC/FeCoNiPtPd_HER/cgcnn/100/add_data/results_dir/1106.cif,0.18891794759259206,slab100,54,108,54.0,0.18146456749692444,0.007453380095667622,0.007453380095667622,0.18156198693877393,0.007355960653818133,0.007355960653818133,fit
1107,/home/jinsookim/HEA_MC/FeCoNiPtPd_HER/cgcnn/100/add_data/results_dir/1107.cif,0.1592958879629628,slab100,54,108,54.0,0.16211771034962993,-0.0028218223866671444,0.0028218223866671444,0.16131909992703786,-0.0020232119640750668,0.0020232119640750668,fit
1108,/home/jinsookim/HEA_MC/FeCoNiPtPd_HER/cgcnn/100/add_data/results_dir/1108.cif,0.19154017611111207,slab100,54,108,54.0,0.18409835768157035,0.0074418184295417245,0.0074418184295417245,0.18396900236821323,0.00757117374289884,0.00757117374289884,fit
1109,/home/jinsookim/HEA_MC/FeCoNiPtPd_HER/cgcnn/100/add_data/results_dir/1109.cif,0.22773279296296356,slab100,54,108,54.0,0.23556103781150817,-0.007828244848544608,0.007828244848544608,0.23666168190368325,-0.008928888940719693,0.008928888940719693,fit
1110,/home/jinsookim/HEA_MC/FeCoNiPtPd_HER/cgcnn/100/add_data/results_dir/1110.cif,0.2112681861111117,slab100,54,108,54.0,0.20658456529966565,0.004683620811446049,0.004683620811446049,0.2073727921163333,0.0038953939947783955,0.0038953939947783955,holdout
1111,/home/jinsookim/HEA_MC/FeCoNiPtPd_HER/cgcnn/100/add_data/results_dir/1111.cif,0.22771705537037004,slab100,54,108,54.0,0.22278710938464905,0.004929945985720996,0.004929945985720996,0.22314545455993995,0.004571600810430093,0.004571600810430093,fit
1112,/home/jinsookim/HEA_MC/FeCoNiPtPd_HER/cgcnn/100/add_data/results_dir/1112.cif,0.18794215833333355,slab100,54,108,54.0,0.17995451818730068,0.00798764014603287,0.00798764014603287,0.17913460380726723,0.008807554526066325,0.008807554526066325,fit
1113,/home/jinsookim/HEA_MC/FeCoNiPtPd_HER/cgcnn/100/add_data/results_dir/1113.cif,0.19419601185185165,slab100,54,108,54.0,0.21467292410987954,-0.02047691225802789,0.02047691225802789,0.21355498992607266,-0.019358978074221017,0.019358978074221017,fit
1114,/home/jinsookim/HEA_MC/FeCoNiPtPd_HER/cgcnn/100/add_data/results_dir/1114.cif,0.17066885962962938,slab100,54,108,54.0,0.1662498311206368,0.00441902850899259,0.00441902850899259,0.16589950192614977,0.00476935770347961,0.00476935770347961,fit
1115,/home/jinsookim/HEA_MC/FeCoNiPtPd_HER/cgcnn/100/add_data/results_dir/1115.cif,0.15903091277777687,slab100,54,108,54.0,0.16784675063068719,-0.008815837852910319,0.008815837852910319,0.1665378131799364,-0.007506900402159539,0.007506900402159539,fit
1116,/home/jinsookim/HEA_MC/FeCoNiPtPd_HER/cgcnn/100/add_data/results_dir/1116.cif,0.1535308425925924,slab100,54,108,54.0,0.14677988183417323,0.006750960758419161,0.006750960758419161,0.14454124206420657,0.008989600528385822,0.008989600528385822,fit
1117,/home/jinsookim/HEA_MC/FeCoNiPtPd_HER/cgcnn/100/add_data/results_dir/1117.cif,0.1587612594444444,slab100,54,108,54.0,0.15961750667227392,-0.0008562472278295097,0.0008562472278295097,0.15919700677058454,-0.000435747326140129,0.000435747326140129,fit
1118,/home/jinsookim/HEA_MC/FeCoNiPtPd_HER/cgcnn/100/add_data/results_dir/1118.cif,0.14655736611111134,slab100,54,108,54.0,0.14299443390442163,0.0035629322066897118,0.0035629322066897118,0.1429567238811483,0.003600642229963036,0.003600642229963036,fit
1119,/home/jinsookim/HEA_MC/FeCoNiPtPd_HER/cgcnn/100/add_data/results_dir/1119.cif,0.17016251333333376,slab100,54,108,54.0,0.1675913083299478,0.0025712050033859513,0.0025712050033859513,0.16539411491396297,0.004768398419370795,0.004768398419370795,fit
1120,/home/jinsookim/HEA_MC/FeCoNiPtPd_HER/cgcnn/100/add_data/results_dir/1120.cif,0.181840588333333,slab100,54,108,54.0,0.17243912125746796,0.009401467075865033,0.009401467075865033,0.1732071658777763,0.008633422455556705,0.008633422455556705,fit
1121,/home/jinsookim/HEA_MC/FeCoNiPtPd_HER/cgcnn/100/add_data/results_dir/1121.cif,0.21287182907407445,slab100,54,108,54.0,0.20181824416625063,0.011053584907823821,0.011053584907823821,0.2020542784452904,0.010817550628784062,0.010817550628784062,fit
1122,/home/jinsookim/HEA_MC/FeCoNiPtPd_HER/cgcnn/100/add_data/results_dir/1122.cif,0.16305883814814803,slab100,54,108,54.0,0.15805215594589514,0.005006682202252893,0.005006682202252893,0.15627246811072182,0.006786370037426215,0.006786370037426215,holdout
1123,/home/jinsookim/HEA_MC/FeCoNiPtPd_HER/cgcnn/100/add_data/results_dir/1123.cif,0.17824603592592536,slab100,54,108,54.0,0.18900288805568888,-0.010756852129763517,0.010756852129763517,0.18804831251063947,-0.009802276584714109,0.009802276584714109,fit
1124,/home/jinsookim/HEA_MC/FeCoNiPtPd_HER/cgcnn/100/add_data/results_dir/1124.cif,0.1801008581481485,slab100,54,108,54.0,0.17162443875504135,0.008476419393107143,0.008476419393107143,0.1695186342655313,0.010582223882617203,0.010582223882617203,holdout
1125,/home/jinsookim/HEA_MC/FeCoNiPtPd_HER/cgcnn/100/add_data/results_dir/1125.cif,0.1537583409259258,slab100,54,108,54.0,0.181387912506838,-0.0276295715809122,0.0276295715809122,0.1813601716985457,-0.027601830772619906,0.027601830772619906,fit
1126,/home/jinsookim/HEA_MC/FeCoNiPtPd_HER/cgcnn/100/add_data/results_dir/1126.cif,0.20116561148148127,slab100,54,108,54.0,0.2049889154509055,-0.0038233039694242354,0.0038233039694242354,0.20582424011905556,-0.004658628637574297,0.004658628637574297,fit
1127,/home/jinsookim/HEA_MC/FeCoNiPtPd_HER/cgcnn/100/add_data/results_dir/1127.cif,0.1748695777777782,slab100,54,108,54.0,0.17574415855820597,-0.0008745807804277639,0.0008745807804277639,0.17504957923032602,-0.00018000145254781774,0.00018000145254781774,fit
1128,/home/jinsookim/HEA_MC/FeCoNiPtPd_HER/cgcnn/100/add_data/results_dir/1128.cif,0.12544694055555564,slab100,54,108,54.0,0.12710298515071622,-0.0016560445951605829,0.0016560445951605829,0.12690283661499538,-0.001455896059439743,0.001455896059439743,holdout
1129,/home/jinsookim/HEA_MC/FeCoNiPtPd_HER/cgcnn/100/add_data/results_dir/1129.cif,0.16403618759259253,slab100,54,108,54.0,0.17391361416656284,-0.00987742657397031,0.00987742657397031,0.1738377092589398,-0.009801521666347263,0.009801521666347263,fit
1130,/home/jinsookim/HEA_MC/FeCoNiPtPd_HER/cgcnn/100/add_data/results_dir/1130.cif,0.17543355722222242,slab100,54,108,54.0,0.1945801553903386,-0.019146598168116175,0.019146598168116175,0.1945761588028597,-0.01914260158063727,0.01914260158063727,fit
1131,/home/jinsookim/HEA_MC/FeCoNiPtPd_HER/cgcnn/100/add_data/results_dir/1131.cif,0.17707642499999987,slab100,54,108,54.0,0.178595478865318,-0.001519053865318143,0.001519053865318143,0.17886803926250547,-0.0017916142625055975,0.0017916142625055975,fit
1132,/home/jinsookim/HEA_MC/FeCoNiPtPd_HER/cgcnn/100/add_data/results_dir/1132.cif,0.14678855388888856,slab100,54,108,54.0,0.1335778351456918,0.013210718743196764,0.013210718743196764,0.13330597685028273,0.013482577038605836,0.013482577038605836,fit
1133,/home/jinsookim/HEA_MC/FeCoNiPtPd_HER/cgcnn/100/add_data/results_dir/1133.cif,0.18539248629629676,slab100,54,108,54.0,0.1869886204443715,-0.001596134148074746,0.001596134148074746,0.1875273978570952,-0.0021349115607984526,0.0021349115607984526,fit
1134,/home/jinsookim/HEA_MC/FeCoNiPtPd_HER/cgcnn/100/add_data/results_dir/1134.cif,0.14806611999999944,slab100,54,108,54.0,0.14459598361626583,0.003470136383733613,0.003470136383733613,0.14440145165983942,0.003664668340160021,0.003664668340160021,fit
1135,/home/jinsookim/HEA_MC/FeCoNiPtPd_HER/cgcnn/100/add_data/results_dir/1135.cif,0.18969576648148148,slab100,54,108,54.0,0.18922478551080502,0.0004709809706764656,0.0004709809706764656,0.1886474815512072,0.0010482849302742847,0.0010482849302742847,fit
1136,/home/jinsookim/HEA_MC/FeCoNiPtPd_HER/cgcnn/100/add_data/results_dir/1136.cif,0.20093752000000076,slab100,54,108,54.0,0.22038990686590376,-0.019452386865903004,0.019452386865903004,0.219280279923705,-0.018342759923704238,0.018342759923704238,fit
1137,/home/jinsookim/HEA_MC/FeCoNiPtPd_HER/cgcnn/100/add_data/results_dir/1137.cif,0.2246598600000006,slab100,54,108,54.0,0.22950525951855474,-0.004845399518554144,0.004845399518554144,0.23024829054685744,-0.005588430546856843,0.005588430546856843,fit
1138,/home/jinsookim/HEA_MC/FeCoNiPtPd_HER/cgcnn/100/add_data/results_dir/1138.cif,0.19110748611111225,slab100,54,108,54.0,0.19380933761262048,-0.002701851501508229,0.002701851501508229,0.19369466412726213,-0.0025871780161498825,0.0025871780161498825,fit
1139,/home/jinsookim/HEA_MC/FeCoNiPtPd_HER/cgcnn/100/add_data/results_dir/1139.cif,0.160082108888888,slab100,54,108,54.0,0.141409699425128,0.018672409463760004,0.018672409463760004,0.14100014101853292,0.01908196787035507,0.01908196787035507,fit
1140,/home/jinsookim/HEA_MC/FeCoNiPtPd_HER/cgcnn/100/add_data/results_dir/1140.cif,0.22206407703703657,slab100,54,108,54.0,0.20895982711561936,0.013104249921417205,0.013104249921417205,0.21061678670156456,0.01144729033547201,0.01144729033547201,fit
1141,/home/jinsookim/HEA_MC/FeCoNiPtPd_HER/cgcnn/100/add_data/results_dir/1141.cif,0.18791236685185217,slab100,54,108,54.0,0.17611195670175253,0.011800410150099638,0.011800410150099638,0.1755626961616385,0.012349670690213671,0.012349670690213671,fit
1142,/home/jinsookim/HEA_MC/FeCoNiPtPd_HER/cgcnn/100/add_data/results_dir/1142.cif,0.1670739466666665,slab100,54,108,54.0,0.17146177919425998,-0.004387832527593477,0.004387832527593477,0.1705361327850461,-0.00346218611837959,0.00346218611837959,fit
1143,/home/jinsookim/HEA_MC/FeCoNiPtPd_HER/cgcnn/100/add_data/results_dir/1143.cif,0.23622856185185193,slab100,54,108,54.0,0.23854953402829157,-0.002320972176439645,0.002320972176439645,0.23938975742971672,-0.0031611955778647893,0.0031611955778647893,fit
1144,/home/jinsookim/HEA_MC/FeCoNiPtPd_HER/cgcnn/100/add_data/results_dir/1144.cif,0.16334504407407419,slab100,54,108,54.0,0.16515025058820043,-0.0018052065141262452,0.0018052065141262452,0.1633999945787362,-5.4950504662004684e-05,5.4950504662004684e-05,fit
1145,/home/jinsookim/HEA_MC/FeCoNiPtPd_HER/cgcnn/100/add_data/results_dir/1145.cif,0.21083160333333345,slab100,54,108,54.0,0.19212091824338134,0.018710685089952106,0.018710685089952106,0.19071294838367792,0.020118654949655534,0.020118654949655534,fit
1146,/home/jinsookim/HEA_MC/FeCoNiPtPd_HER/cgcnn/100/add_data/results_dir/1146.cif,0.1599412044444448,slab100,54,108,54.0,0.1517653163530901,0.008175888091354694,0.008175888091354694,0.14947694531386008,0.010464259130584713,0.010464259130584713,fit
1147,/home/jinsookim/HEA_MC/FeCoNiPtPd_HER/cgcnn/100/add_data/results_dir/1147.cif,0.1887191688888884,slab100,54,108,54.0,0.1884194021380055,0.0002997667508828905,0.0002997667508828905,0.18813132461149096,0.0005878442773974424,0.0005878442773974424,fit
1148,/home/jinsookim/HEA_MC/FeCoNiPtPd_HER/cgcnn/100/add_data/results_dir/1148.cif,0.17797785703703645,slab100,54,108,54.0,0.17672726385145326,0.001250593185583182,0.001250593185583182,0.17593206045705367,0.0020457965799827726,0.0020457965799827726,fit
1149,/home/jinsookim/HEA_MC/FeCoNiPtPd_HER/cgcnn/100/add_data/results_dir/1149.cif,0.1839376796296295,slab100,54,108,54.0,0.18615858834795293,-0.002220908718323422,0.002220908718323422,0.18577651978305854,-0.0018388401534290277,0.0018388401534290277,fit
1150,/home/jinsookim/HEA_MC/FeCoNiPtPd_HER/cgcnn/100/add_data/results_dir/1150.cif,0.14571668851851777,slab100,54,108,54.0,0.14133844139322005,0.004378247125297718,0.004378247125297718,0.14136271000751158,0.00435397851100619,0.00435397851100619,holdout
1151,/home/jinsookim/HEA_MC/FeCoNiPtPd_HER/cgcnn/100/add_data/results_dir/1151.cif,0.18793911925926027,slab100,54,108,54.0,0.19085044594245018,-0.002911326683189913,0.002911326683189913,0.19015485795521647,-0.002215738695956204,0.002215738695956204,fit
1152,/home/jinsookim/HEA_MC/FeCoNiPtPd_HER/cgcnn/100/add_data/results_dir/1152.cif,0.2060974701851853,slab100,54,108,54.0,0.20684034189095726,-0.0007428717057719747,0.0007428717057719747,0.2073066593166758,-0.0012091891314905123,0.0012091891314905123,fit
1153,/home/jinsookim/HEA_MC/FeCoNiPtPd_HER/cgcnn/100/add_data/results_dir/1153.cif,0.2014839120370366,slab100,54,108,54.0,0.19671649552500955,0.004767416512027056,0.004767416512027056,0.20025991019504538,0.001224001841991229,0.001224001841991229,fit
1154,/home/jinsookim/HEA_MC/FeCoNiPtPd_HER/cgcnn/100/add_data/results_dir/1154.cif,0.18259347629629652,slab100,54,108,54.0,0.17234904958404382,0.010244426712252702,0.010244426712252702,0.17183541176198502,0.010758064534311496,0.010758064534311496,fit
1155,/home/jinsookim/HEA_MC/FeCoNiPtPd_HER/cgcnn/100/add_data/results_dir/1155.cif,0.20734122851851777,slab100,54,108,54.0,0.20045607133001345,0.006885157188504326,0.006885157188504326,0.20094538079210458,0.00639584772641319,0.00639584772641319,fit
1156,/home/jinsookim/HEA_MC/FeCoNiPtPd_HER/cgcnn/100/add_data/results_dir/1156.cif,0.15977163611111045,slab100,54,108,54.0,0.1622540036342309,-0.002482367523120449,0.002482367523120449,0.16263366654703357,-0.0028620304359231186,0.0028620304359231186,fit
1157,/home/jinsookim/HEA_MC/FeCoNiPtPd_HER/cgcnn/100/add_data/results_dir/1157.cif,0.2415679944444441,slab100,54,108,54.0,0.22617470284402388,0.015393291600420217,0.015393291600420217,0.22610545043523467,0.015462544009209434,0.015462544009209434,fit
1158,/home/jinsookim/HEA_MC/FeCoNiPtPd_HER/cgcnn/100/add_data/results_dir/1158.cif,0.17107873129629597,slab100,54,108,54.0,0.166337524682617,0.0047412066136789666,0.0047412066136789666,0.16598386633423648,0.005094864962059492,0.005094864962059492,fit
1159,/home/jinsookim/HEA_MC/FeCoNiPtPd_HER/cgcnn/100/add_data/results_dir/1159.cif,0.21608479759259194,slab100,54,108,54.0,0.21906064992445035,-0.002975852331858403,0.002975852331858403,0.21865141711957398,-0.0025666195269820336,0.0025666195269820336,fit
1160,/home/jinsookim/HEA_MC/FeCoNiPtPd_HER/cgcnn/100/add_data/results_dir/1160.cif,0.15693106648148122,slab100,54,108,54.0,0.15835112790593003,-0.0014200614244488097,0.0014200614244488097,0.15760701950605535,-0.0006759530245741274,0.0006759530245741274,fit
1161,/home/jinsookim/HEA_MC/FeCoNiPtPd_HER/cgcnn/100/add_data/results_dir/1161.cif,0.2170095424074079,slab100,54,108,54.0,0.20984998206187677,0.007159560345531141,0.007159560345531141,0.20907906671799828,0.007930475689409633,0.007930475689409633,fit
1162,/home/jinsookim/HEA_MC/FeCoNiPtPd_HER/cgcnn/100/add_data/results_dir/1162.cif,0.17493716388888933,slab100,54,108,54.0,0.1681275642299792,0.00680959965891012,0.00680959965891012,0.16847003649689996,0.006467127391989375,0.006467127391989375,holdout
1163,/home/jinsookim/HEA_MC/FeCoNiPtPd_HER/cgcnn/100/add_data/results_dir/1163.cif,0.16181351481481515,slab100,54,108,54.0,0.14583896328253848,0.01597455153227667,0.01597455153227667,0.14544709203922296,0.016366422775592193,0.016366422775592193,fit
1164,/home/jinsookim/HEA_MC/FeCoNiPtPd_HER/cgcnn/100/add_data/results_dir/1164.cif,0.20966418870370335,slab100,54,108,54.0,0.21188521042480354,-0.002221021721100197,0.002221021721100197,0.21304017732083896,-0.003375988617135617,0.003375988617135617,fit
1165,/home/jinsookim/HEA_MC/FeCoNiPtPd_HER/cgcnn/100/add_data/results_dir/1165.cif,0.17900051518518434,slab100,54,108,54.0,0.19562710648898496,-0.01662659130380062,0.01662659130380062,0.1950451992129227,-0.01604468402773837,0.01604468402773837,fit
1166,/home/jinsookim/HEA_MC/FeCoNiPtPd_HER/cgcnn/100/add_data/results_dir/1166.cif,0.18617870777777792,slab100,54,108,54.0,0.16680670156124558,0.019372006216532345,0.019372006216532345,0.16799482046624256,0.018183887311535363,0.018183887311535363,fit
1167,/home/jinsookim/HEA_MC/FeCoNiPtPd_HER/cgcnn/100/add_data/results_dir/1167.cif,0.1743993266666661,slab100,54,108,54.0,0.17361123429055214,0.0007880923761139635,0.0007880923761139635,0.17367488124267508,0.000724445423991027,0.000724445423991027,fit
1168,/home/jinsookim/HEA_MC/FeCoNiPtPd_HER/cgcnn/100/add_data/results_dir/1168.cif,0.17000732574074054,slab100,54,108,54.0,0.17721490464040318,-0.007207578899662642,0.007207578899662642,0.1774572988195609,-0.0074499730788203655,0.0074499730788203655,fit
1169,/home/jinsookim/HEA_MC/FeCoNiPtPd_HER/cgcnn/100/add_data/results_dir/1169.cif,0.15654297425925912,slab100,54,108,54.0,0.14522205961877743,0.011320914640481683,0.011320914640481683,0.1449201409813112,0.011622833277947914,0.011622833277947914,fit
1170,/home/jinsookim/HEA_MC/FeCoNiPtPd_HER/cgcnn/100/add_data/results_dir/1170.cif,0.1682829649999999,slab100,54,108,54.0,0.16501261809460593,0.0032703469053939616,0.0032703469053939616,0.16453905300809502,0.0037439119919048802,0.0037439119919048802,fit
1171,/home/jinsookim/HEA_MC/FeCoNiPtPd_HER/cgcnn/100/add_data/results_dir/1171.cif,0.17148540981481505,slab100,54,108,54.0,0.17154800495668412,-6.259514186907067e-05,6.259514186907067e-05,0.17128674641101438,0.00019866340380067515,0.00019866340380067515,fit
1172,/home/jinsookim/HEA_MC/FeCoNiPtPd_HER/cgcnn/100/add_data/results_dir/1172.cif,0.19322017055555485,slab100,54,108,54.0,0.18554964597867324,0.00767052457688161,0.00767052457688161,0.18572388300692427,0.007496287548630576,0.007496287548630576,fit
1173,/home/jinsookim/HEA_MC/FeCoNiPtPd_HER/cgcnn/100/add_data/results_dir/1173.cif,0.19485603388888936,slab100,54,108,54.0,0.21480128183661998,-0.019945247947730615,0.019945247947730615,0.2154296940752618,-0.02057366018637244,0.02057366018637244,fit
1174,/home/jinsookim/HEA_MC/FeCoNiPtPd_HER/cgcnn/100/add_data/results_dir/1174.cif,0.1984896970370366,slab100,54,108,54.0,0.18598317030186878,0.012506526735167806,0.012506526735167806,0.18323936718690462,0.015250329850131972,0.015250329850131972,holdout
1175,/home/jinsookim/HEA_MC/FeCoNiPtPd_HER/cgcnn/100/add_data/results_dir/1175.cif,0.18965720851851817,slab100,54,108,54.0,0.18182899281355996,0.007828215704958202,0.007828215704958202,0.1821285116417135,0.007528696876804658,0.007528696876804658,fit
1176,/home/jinsookim/HEA_MC/FeCoNiPtPd_HER/cgcnn/100/add_data/results_dir/1176.cif,0.18128782777777827,slab100,54,108,54.0,0.17324166551449374,0.008046162263284529,0.008046162263284529,0.17440428755012669,0.006883540227651586,0.006883540227651586,fit
1177,/home/jinsookim/HEA_MC/FeCoNiPtPd_HER/cgcnn/100/add_data/results_dir/1177.cif,0.18344895555555626,slab100,54,108,54.0,0.18051738054162852,0.0029315750139277397,0.0029315750139277397,0.18004207797803914,0.00340687757751712,0.00340687757751712,fit
1178,/home/jinsookim/HEA_MC/FeCoNiPtPd_HER/cgcnn/100/add_data/results_dir/1178.cif,0.22695195629629616,slab100,54,108,54.0,0.23133299760714957,-0.004381041310853401,0.004381041310853401,0.2307617735669809,-0.0038098172706847455,0.0038098172706847455,fit
1179,/home/jinsookim/HEA_MC/FeCoNiPtPd_HER/cgcnn/100/add_data/results_dir/1179.cif,0.21024403111111087,slab100,54,108,54.0,0.19829501598920024,0.011949015121910628,0.011949015121910628,0.19941436369069793,0.010829667420412942,0.010829667420412942,fit
1180,/home/jinsookim/HEA_MC/FeCoNiPtPd_HER/cgcnn/100/add_data/results_dir/1180.cif,0.2088240011111111,slab100,54,108,54.0,0.19820468843650235,0.01061931267460875,0.01061931267460875,0.19784325749646692,0.010980743614644184,0.010980743614644184,fit
1181,/home/jinsookim/HEA_MC/FeCoNiPtPd_HER/cgcnn/100/add_data/results_dir/1181.cif,0.21014198481481539,slab100,54,108,54.0,0.2138093325040179,-0.003667347689202516,0.003667347689202516,0.21463203851173873,-0.004490053696923346,0.004490053696923346,fit
1182,/home/jinsookim/HEA_MC/FeCoNiPtPd_HER/cgcnn/100/add_data/results_dir/1182.cif,0.17649618703703668,slab100,54,108,54.0,0.18388404044551776,-0.007387853408481082,0.007387853408481082,0.18400250589877612,-0.007506318861739442,0.007506318861739442,fit
1183,/home/jinsookim/HEA_MC/FeCoNiPtPd_HER/cgcnn/100/add_data/results_dir/1183.cif,0.1591173118518525,slab100,54,108,54.0,0.1613371055121391,-0.002219793660286601,0.002219793660286601,0.16194158141469311,-0.0028242695628406256,0.0028242695628406256,fit
1184,/home/jinsookim/HEA_MC/FeCoNiPtPd_HER/cgcnn/100/add_data/results_dir/1184.cif,0.18646834796296344,slab100,54,108,54.0,0.18327165021068167,0.003196697752281763,0.003196697752281763,0.18291290272174163,0.0035554452412218107,0.0035554452412218107,fit
1185,/home/jinsookim/HEA_MC/FeCoNiPtPd_HER/cgcnn/100/add_data/results_dir/1185.cif,0.21387373462962955,slab100,54,108,54.0,0.19793050806298718,0.015943226566642377,0.015943226566642377,0.19985840752778805,0.014015327101841502,0.014015327101841502,fit
1186,/home/jinsookim/HEA_MC/FeCoNiPtPd_HER/cgcnn/100/add_data/results_dir/1186.cif,0.16532791129629618,slab100,54,108,54.0,0.1724035061190775,-0.007075594822781334,0.007075594822781334,0.17168456448517033,-0.006356653188874156,0.006356653188874156,fit
1187,/home/jinsookim/HEA_MC/FeCoNiPtPd_HER/cgcnn/100/add_data/results_dir/1187.cif,0.2022973685185192,slab100,54,108,54.0,0.205525813737301,-0.0032284452187817947,0.0032284452187817947,0.20488481535899888,-0.002587446840479679,0.002587446840479679,fit
1188,/home/jinsookim/HEA_MC/FeCoNiPtPd_HER/cgcnn/100/add_data/results_dir/1188.cif,0.1557948092592588,slab100,54,108,54.0,0.14015607884058118,0.01563873041867761,0.01563873041867761,0.14000020490094364,0.015794604358315145,0.015794604358315145,fit
1189,/home/jinsookim/HEA_MC/FeCoNiPtPd_HER/cgcnn/100/add_data/results_dir/1189.cif,0.15608540074074048,slab100,54,108,54.0,0.14800960897761134,0.008075791763129142,0.008075791763129142,0.14672621972099562,0.009359181019744867,0.009359181019744867,fit
1190,/home/jinsookim/HEA_MC/FeCoNiPtPd_HER/cgcnn/100/add_data/results_dir/1190.cif,0.14106934129629659,slab100,54,108,54.0,0.14315503375240013,-0.002085692456103544,0.002085692456103544,0.1430388627773063,-0.001969521481009706,0.001969521481009706,fit
1191,/home/jinsookim/HEA_MC/FeCoNiPtPd_HER/cgcnn/100/add_data/results_dir/1191.cif,0.198783433888889,slab100,54,108,54.0,0.19514034537494868,0.0036430885139403235,0.0036430885139403235,0.19534073834551616,0.0034426955433728423,0.0034426955433728423,fit
1192,/home/jinsookim/HEA_MC/FeCoNiPtPd_HER/cgcnn/100/add_data/results_dir/1192.cif,0.1941353950000009,slab100,54,108,54.0,0.19224392153359202,0.0018914734664088884,0.0018914734664088884,0.19229698895533745,0.0018384060446634543,0.0018384060446634543,fit
1193,/home/jinsookim/HEA_MC/FeCoNiPtPd_HER/cgcnn/100/add_data/results_dir/1193.cif,0.17379277629629647,slab100,54,108,54.0,0.16855080497783728,0.005241971318459188,0.005241971318459188,0.16805779737204035,0.005734978924256118,0.005734978924256118,fit
1194,/home/jinsookim/HEA_MC/FeCoNiPtPd_HER/cgcnn/100/add_data/results_dir/1194.cif,0.1832900927777772,slab100,54,108,54.0,0.1828937815996715,0.0003963111781056794,0.0003963111781056794,0.18134426684190574,0.001945825935871448,0.001945825935871448,fit
1195,/home/jinsookim/HEA_MC/FeCoNiPtPd_HER/cgcnn/100/add_data/results_dir/1195.cif,0.14982055833333321,slab100,54,108,54.0,0.16006042212303573,-0.010239863789702514,0.010239863789702514,0.15910331992237794,-0.00928276158904473,0.00928276158904473,fit
1196,/home/jinsookim/HEA_MC/FeCoNiPtPd_HER/cgcnn/100/add_data/results_dir/1196.cif,0.20668212203703665,slab100,54,108,54.0,0.1977596397795334,0.00892248225750325,0.00892248225750325,0.19641266947014013,0.010269452566896514,0.010269452566896514,fit
1197,/home/jinsookim/HEA_MC/FeCoNiPtPd_HER/cgcnn/100/add_data/results_dir/1197.cif,0.1609328075925926,slab100,54,108,54.0,0.15983033234989036,0.0011024752427022388,0.0011024752427022388,0.15765588529677768,0.003276922295814916,0.003276922295814916,fit
1198,/home/jinsookim/HEA_MC/FeCoNiPtPd_HER/cgcnn/100/add_data/results_dir/1198.cif,0.1734318062962959,slab100,54,108,54.0,0.15839995555238395,0.015031850743911945,0.015031850743911945,0.15844274345641812,0.014989062839877776,0.014989062839877776,fit
1199,/home/jinsookim/HEA_MC/FeCoNiPtPd_HER/cgcnn/100/add_data/results_dir/1199.cif,0.21794737574074088,slab100,54,108,54.0,0.22399844613704062,-0.006051070396299735,0.006051070396299735,0.22359175078286433,-0.005644375042123451,0.005644375042123451,fit
1200,/home/jinsookim/HEA_MC/FeCoNiPtPd_HER/cgcnn/100/add_data/results_dir/1200.cif,0.1656361025925919,slab100,54,108,54.0,0.18165966223158728,-0.016023559638995377,0.016023559638995377,0.18203497634402419,-0.016398873751432286,0.016398873751432286,fit
1201,/home/jinsookim/HEA_MC/FeCoNiPtPd_HER/cgcnn/100/add_data/results_dir/1201.cif,0.18663485499999938,slab100,54,108,54.0,0.18559410571077992,0.0010407492892194614,0.0010407492892194614,0.18518369015151798,0.001451164848481401,0.001451164848481401,fit
1202,/home/jinsookim/HEA_MC/FeCoNiPtPd_HER/cgcnn/100/add_data/results_dir/1202.cif,0.1745488505555565,slab100,54,108,54.0,0.17537839452161205,-0.000829543966055557,0.000829543966055557,0.17535166048366313,-0.0008028099281066348,0.0008028099281066348,fit
1203,/home/jinsookim/HEA_MC/FeCoNiPtPd_HER/cgcnn/100/add_data/results_dir/1203.cif,0.1891910948148155,slab100,54,108,54.0,0.18968409494167482,-0.000493000126859322,0.000493000126859322,0.19069640630661897,-0.0015053114918034682,0.0015053114918034682,fit
1204,/home/jinsookim/HEA_MC/FeCoNiPtPd_HER/cgcnn/100/add_data/results_dir/1204.cif,0.21456149611111114,slab100,54,108,54.0,0.2119510528683331,0.0026104432427780377,0.0026104432427780377,0.21293278735919902,0.0016287087519121224,0.0016287087519121224,fit
1205,/home/jinsookim/HEA_MC/FeCoNiPtPd_HER/cgcnn/100/add_data/results_dir/1205.cif,0.1703186309259258,slab100,54,108,54.0,0.17308986382637667,-0.002771232900450865,0.002771232900450865,0.17335174201880343,-0.0030331110928776273,0.0030331110928776273,holdout
1206,/home/jinsookim/HEA_MC/FeCoNiPtPd_HER/cgcnn/100/add_data/results_dir/1206.cif,0.14998974962962933,slab100,54,108,54.0,0.13758312110155815,0.012406628528071173,0.012406628528071173,0.1370502350994859,0.012939514530143414,0.012939514530143414,fit
1207,/home/jinsookim/HEA_MC/FeCoNiPtPd_HER/cgcnn/100/add_data/results_dir/1207.cif,0.1571323483333334,slab100,54,108,54.0,0.18002471037753,-0.022892362044196618,0.022892362044196618,0.17875022910351826,-0.021617880770184866,0.021617880770184866,fit
1208,/home/jinsookim/HEA_MC/FeCoNiPtPd_HER/cgcnn/100/add_data/results_dir/1208.cif,0.21811863444444438,slab100,54,108,54.0,0.20676371110029595,0.011354923344148421,0.011354923344148421,0.2045586092662505,0.01356002517819388,0.01356002517819388,fit
1209,/home/jinsookim/HEA_MC/FeCoNiPtPd_HER/cgcnn/100/add_data/results_dir/1209.cif,0.2232497311111114,slab100,54,108,54.0,0.20661237508347324,0.01663735602763816,0.01663735602763816,0.2057406126189097,0.017509118492201714,0.017509118492201714,fit
1210,/home/jinsookim/HEA_MC/FeCoNiPtPd_HER/cgcnn/100/add_data/results_dir/1210.cif,0.1794942244444447,slab100,54,108,54.0,0.17341353424412267,0.0060806902003220364,0.0060806902003220364,0.1725639922282188,0.006930232216225907,0.006930232216225907,fit
1211,/home/jinsookim/HEA_MC/FeCoNiPtPd_HER/cgcnn/100/add_data/results_dir/1211.cif,0.18945667462962965,slab100,54,108,54.0,0.1991750276606673,-0.009718353031037658,0.009718353031037658,0.19794165272642456,-0.00848497809679491,0.00848497809679491,fit
1212,/home/jinsookim/HEA_MC/FeCoNiPtPd_HER/cgcnn/100/add_data/results_dir/1212.cif,0.17624650240740733,slab100,54,108,54.0,0.18978177705395471,-0.013535274646547385,0.013535274646547385,0.1899344029204378,-0.013687900513030482,0.013687900513030482,fit
1213,/home/jinsookim/HEA_MC/FeCoNiPtPd_HER/cgcnn/100/add_data/results_dir/1213.cif,0.20670356407407448,slab100,54,108,54.0,0.1995816512975119,0.007121912776562572,0.007121912776562572,0.19875792300981707,0.007945641064257408,0.007945641064257408,fit
1214,/home/jinsookim/HEA_MC/FeCoNiPtPd_HER/cgcnn/100/add_data/results_dir/1214.cif,0.19574793777777838,slab100,54,108,54.0,0.20312741054426955,-0.007379472766491174,0.007379472766491174,0.20377479981279048,-0.0080268620350121,0.0080268620350121,fit
1215,/home/jinsookim/HEA_MC/FeCoNiPtPd_HER/cgcnn/100/add_data/results_dir/1215.cif,0.16467344500000008,slab100,54,108,54.0,0.15973199882379993,0.004941446176200154,0.004941446176200154,0.15970695396009926,0.004966491039900822,0.004966491039900822,fit
1216,/home/jinsookim/HEA_MC/FeCoNiPtPd_HER/cgcnn/100/add_data/results_dir/1216.cif,0.18074994833333302,slab100,54,108,54.0,0.18114124100744228,-0.00039129267410925594,0.00039129267410925594,0.17966077531981964,0.0010891730135133837,0.0010891730135133837,holdout
1217,/home/jinsookim/HEA_MC/FeCoNiPtPd_HER/cgcnn/100/add_data/results_dir/1217.cif,0.1786835409259258,slab100,54,108,54.0,0.19004569276539623,-0.011362151839470425,0.011362151839470425,0.19066296461438598,-0.011979423688460167,0.011979423688460167,fit
1218,/home/jinsookim/HEA_MC/FeCoNiPtPd_HER/cgcnn/100/add_data/results_dir/1218.cif,0.212966426111112,slab100,54,108,54.0,0.21769690508887146,-0.004730478977759467,0.004730478977759467,0.2163018187818153,-0.003335392670703319,0.003335392670703319,fit
1219,/home/jinsookim/HEA_MC/FeCoNiPtPd_HER/cgcnn/100/add_data/results_dir/1219.cif,0.1497957679629628,slab100,54,108,54.0,0.1687333901730569,-0.018937622210094124,0.018937622210094124,0.16801719040747837,-0.018221422444515578,0.018221422444515578,fit
1220,/home/jinsookim/HEA_MC/FeCoNiPtPd_HER/cgcnn/100/add_data/results_dir/1220.cif,0.153778115740741,slab100,54,108,54.0,0.15020660345188494,0.003571512288856049,0.003571512288856049,0.15039802839104205,0.0033800873496989403,0.0033800873496989403,fit
1221,/home/jinsookim/HEA_MC/FeCoNiPtPd_HER/cgcnn/100/add_data/results_dir/1221.cif,0.19565994055555633,slab100,54,108,54.0,0.18361428829612705,0.012045652259429274,0.012045652259429274,0.182999448276635,0.012660492278921326,0.012660492278921326,fit
1222,/home/jinsookim/HEA_MC/FeCoNiPtPd_HER/cgcnn/100/add_data/results_dir/1222.cif,0.20167141222222223,slab100,54,108,54.0,0.2142284803429932,-0.012557068120770953,0.012557068120770953,0.21577583797716746,-0.014104425754945221,0.014104425754945221,fit
1223,/home/jinsookim/HEA_MC/FeCoNiPtPd_HER/cgcnn/100/add_data/results_dir/1223.cif,0.21567038740740763,slab100,54,108,54.0,0.20658094710397334,0.009089440303434282,0.009089440303434282,0.20805840287857094,0.007611984528836685,0.007611984528836685,fit
1224,/home/jinsookim/HEA_MC/FeCoNiPtPd_HER/cgcnn/100/add_data/results_dir/1224.cif,0.16267994537037006,slab100,54,108,54.0,0.16645403165269532,-0.0037740862823252563,0.0037740862823252563,0.16683971552948512,-0.0041597701591150615,0.0041597701591150615,fit
1225,/home/jinsookim/HEA_MC/FeCoNiPtPd_HER/cgcnn/100/add_data/results_dir/1225.cif,0.20920675129629643,slab100,54,108,54.0,0.19954268357366212,0.009664067722634312,0.009664067722634312,0.19974180524287236,0.009464946053424073,0.009464946053424073,fit
1226,/home/jinsookim/HEA_MC/FeCoNiPtPd_HER/cgcnn/100/add_data/results_dir/1226.cif,0.17801762796296283,slab100,54,108,54.0,0.1702033770650402,0.00781425089792262,0.00781425089792262,0.1709034893732832,0.0071141385896796305,0.0071141385896796305,holdout
1227,/home/jinsookim/HEA_MC/FeCoNiPtPd_HER/cgcnn/100/add_data/results_dir/1227.cif,0.1909819366666665,slab100,54,108,54.0,0.18882205116997597,0.0021598854966905223,0.0021598854966905223,0.18945113918078182,0.0015307974858846662,0.0015307974858846662,fit
1228,/home/jinsookim/HEA_MC/FeCoNiPtPd_HER/cgcnn/100/add_data/results_dir/1228.cif,0.16441880518518534,slab100,54,108,54.0,0.16225052679794327,0.0021682783872420675,0.0021682783872420675,0.16206989368962266,0.0023489114955626833,0.0023489114955626833,fit
1229,/home/jinsookim/HEA_MC/FeCoNiPtPd_HER/cgcnn/100/add_data/results_dir/1229.cif,0.19772627555555553,slab100,54,108,54.0,0.19750718778703236,0.00021908776852316847,0.00021908776852316847,0.19992461293949804,-0.0021983373839425113,0.0021983373839425113,fit
1230,/home/jinsookim/HEA_MC/FeCoNiPtPd_HER/cgcnn/100/add_data/results_dir/1230.cif,0.19185328740740748,slab100,54,108,54.0,0.19699351831911027,-0.005140230911702792,0.005140230911702792,0.19722599812065203,-0.0053727107132445495,0.0053727107132445495,fit
1231,/home/jinsookim/HEA_MC/FeCoNiPtPd_HER/cgcnn/100/add_data/results_dir/1231.cif,0.18377616740740746,slab100,54,108,54.0,0.18839216982025336,-0.004616002412845904,0.004616002412845904,0.1881072293043605,-0.004331061896953037,0.004331061896953037,fit
1232,/home/jinsookim/HEA_MC/FeCoNiPtPd_HER/cgcnn/100/add_data/results_dir/1232.cif,0.20923850499999974,slab100,54,108,54.0,0.2172801177081603,-0.008041612708160562,0.008041612708160562,0.21902069821047304,-0.0097821932104733,0.0097821932104733,holdout
1233,/home/jinsookim/HEA_MC/FeCoNiPtPd_HER/cgcnn/100/add_data/results_dir/1233.cif,0.14885157314814831,slab100,54,108,54.0,0.15805953765303493,-0.009207964504886618,0.009207964504886618,0.15873253032614923,-0.009880957178000915,0.009880957178000915,holdout
1234,/home/jinsookim/HEA_MC/FeCoNiPtPd_HER/cgcnn/100/add_data/results_dir/1234.cif,0.1682495731481479,slab100,54,108,54.0,0.16937011096262913,-0.0011205378144812372,0.0011205378144812372,0.16941996760824515,-0.0011703944600972571,0.0011703944600972571,fit
1235,/home/jinsookim/HEA_MC/FeCoNiPtPd_HER/cgcnn/100/add_data/results_dir/1235.cif,0.18769773833333325,slab100,54,108,54.0,0.18922760978688133,-0.0015298714535480762,0.0015298714535480762,0.1894886988341406,-0.0017909605008073481,0.0017909605008073481,fit
1236,/home/jinsookim/HEA_MC/FeCoNiPtPd_HER/cgcnn/100/add_data/results_dir/1236.cif,0.18544755222222242,slab100,54,108,54.0,0.18944395261039693,-0.003996400388174504,0.003996400388174504,0.1899665575079488,-0.00451900528572638,0.00451900528572638,holdout
1237,/home/jinsookim/HEA_MC/FeCoNiPtPd_HER/cgcnn/100/add_data/results_dir/1237.cif,0.1846165953703702,slab100,54,108,54.0,0.1571855378298746,0.0274310575404956,0.0274310575404956,0.15670126336112333,0.027915332009246868,0.027915332009246868,fit
1238,/home/jinsookim/HEA_MC/FeCoNiPtPd_HER/cgcnn/100/add_data/results_dir/1238.cif,0.16108887888888843,slab100,54,108,54.0,0.16695234964217565,-0.00586347075328722,0.00586347075328722,0.165991033232764,-0.004902154343875587,0.004902154343875587,fit
1239,/home/jinsookim/HEA_MC/FeCoNiPtPd_HER/cgcnn/100/add_data/results_dir/1239.cif,0.18309998666666688,slab100,54,108,54.0,0.1926520782144006,-0.009552091547733732,0.009552091547733732,0.19137497826435151,-0.008274991597684633,0.008274991597684633,fit
1240,/home/jinsookim/HEA_MC/FeCoNiPtPd_HER/cgcnn/100/add_data/results_dir/1240.cif,0.19042266000000008,slab100,54,108,54.0,0.19601918706977456,-0.005596527069774482,0.005596527069774482,0.19793404552793817,-0.0075113855279380914,0.0075113855279380914,holdout
1241,/home/jinsookim/HEA_MC/FeCoNiPtPd_HER/cgcnn/100/add_data/results_dir/1241.cif,0.19759345925925864,slab100,54,108,54.0,0.199606857976795,-0.0020133987175363632,0.0020133987175363632,0.2006225869392031,-0.0030291276799444544,0.0030291276799444544,fit
1242,/home/jinsookim/HEA_MC/FeCoNiPtPd_HER/cgcnn/100/add_data/results_dir/1242.cif,0.17134609759259295,slab100,54,108,54.0,0.1697293169189051,0.0016167806736878398,0.0016167806736878398,0.1695106126314592,0.0018354849611337543,0.0018354849611337543,fit
1243,/home/jinsookim/HEA_MC/FeCoNiPtPd_HER/cgcnn/100/add_data/results_dir/1243.cif,0.198735501666667,slab100,54,108,54.0,0.19887788330025685,-0.00014238163358984424,0.00014238163358984424,0.1971686156536046,0.0015668860130624018,0.0015668860130624018,fit
1244,/home/jinsookim/HEA_MC/FeCoNiPtPd_HER/cgcnn/100/add_data/results_dir/1244.cif,0.20753363370370384,slab100,54,108,54.0,0.20389034440138387,0.0036432893023199686,0.0036432893023199686,0.20349874287978414,0.004034890823919696,0.004034890823919696,fit
1245,/home/jinsookim/HEA_MC/FeCoNiPtPd_HER/cgcnn/100/add_data/results_dir/1245.cif,0.1995051216666668,slab100,54,108,54.0,0.20002338847601298,-0.0005182668093461629,0.0005182668093461629,0.20098009414584025,-0.001474972479173442,0.001474972479173442,fit
1246,/home/jinsookim/HEA_MC/FeCoNiPtPd_HER/cgcnn/100/add_data/results_dir/1246.cif,0.20883294796296334,slab100,54,108,54.0,0.19512461739236123,0.013708330570602112,0.013708330570602112,0.193910704203579,0.014922243759384335,0.014922243759384335,fit
1247,/home/jinsookim/HEA_MC/FeCoNiPtPd_HER/cgcnn/100/add_data/results_dir/1247.cif,0.15631327314814894,slab100,54,108,54.0,0.14776465641858008,0.008548616729568859,0.008548616729568859,0.14660977018342253,0.009703502964726413,0.009703502964726413,fit
1248,/home/jinsookim/HEA_MC/FeCoNiPtPd_HER/cgcnn/100/add_data/results_dir/1248.cif,0.15569104462963002,slab100,54,108,54.0,0.15502768557177274,0.0006633590578572768,0.0006633590578572768,0.15340708049091842,0.002283964138711597,0.002283964138711597,fit
1249,/home/jinsookim/HEA_MC/FeCoNiPtPd_HER/cgcnn/100/add_data/results_dir/1249.cif,0.20743014555555483,slab100,54,108,54.0,0.20861804516600685,-0.0011878996104520145,0.0011878996104520145,0.20746278923696962,-3.2643681414784576e-05,3.2643681414784576e-05,fit
1250,/home/jinsookim/HEA_MC/FeCoNiPtPd_HER/cgcnn/100/add_data/results_dir/1250.cif,0.17167605314814746,slab100,54,108,54.0,0.1809415971723395,-0.009265544024192052,0.009265544024192052,0.1800910235831848,-0.008414970435037333,0.008414970435037333,fit
1251,/home/jinsookim/HEA_MC/FeCoNiPtPd_HER/cgcnn/100/add_data/results_dir/1251.cif,0.19191117592592588,slab100,54,108,54.0,0.18496113156303196,0.006950044362893926,0.006950044362893926,0.18422087876753324,0.007690297158392645,0.007690297158392645,fit
1252,/home/jinsookim/HEA_MC/FeCoNiPtPd_HER/cgcnn/100/add_data/results_dir/1252.cif,0.1992233520370382,slab100,54,108,54.0,0.19149883655112238,0.007724515485915823,0.007724515485915823,0.1933657698785518,0.005857582158486391,0.005857582158486391,fit
1253,/home/jinsookim/HEA_MC/FeCoNiPtPd_HER/cgcnn/100/add_data/results_dir/1253.cif,0.1923406938888882,slab100,54,108,54.0,0.18773710921296485,0.004603584675923339,0.004603584675923339,0.18732503096133266,0.0050156629275555364,0.0050156629275555364,fit
1254,/home/jinsookim/HEA_MC/FeCoNiPtPd_HER/cgcnn/100/add_data/results_dir/1254.cif,0.1981516701851852,slab100,54,108,54.0,0.19192839579113286,0.006223274394052347,0.006223274394052347,0.19207093341447767,0.006080736770707529,0.006080736770707529,fit
1255,/home/jinsookim/HEA_MC/FeCoNiPtPd_HER/cgcnn/100/add_data/results_dir/1255.cif,0.198249572592592,slab100,54,108,54.0,0.18664548865378802,0.011604083938803966,0.011604083938803966,0.1857873296341452,0.012462242958446779,0.012462242958446779,fit
1256,/home/jinsookim/HEA_MC/FeCoNiPtPd_HER/cgcnn/100/add_data/results_dir/1256.cif,0.15493299722222295,slab100,54,108,54.0,0.1573119804460469,-0.0023789832238239605,0.0023789832238239605,0.15908896043468854,-0.004155963212465585,0.004155963212465585,fit
1257,/home/jinsookim/HEA_MC/FeCoNiPtPd_HER/cgcnn/100/add_data/results_dir/1257.cif,0.17015466407407429,slab100,54,108,54.0,0.16452364863819915,0.005631015435875131,0.005631015435875131,0.16413745297539173,0.006017211098682557,0.006017211098682557,fit
1258,/home/jinsookim/HEA_MC/FeCoNiPtPd_HER/cgcnn/100/add_data/results_dir/1258.cif,0.17429725185185155,slab100,54,108,54.0,0.18233392989606848,-0.008036678044216927,0.008036678044216927,0.18165078109133048,-0.007353529239478934,0.007353529239478934,fit
1259,/home/jinsookim/HEA_MC/FeCoNiPtPd_HER/cgcnn/100/add_data/results_dir/1259.cif,0.20531695574074096,slab100,54,108,54.0,0.21687321703457832,-0.011556261293837355,0.011556261293837355,0.21674007977201967,-0.011423124031278709,0.011423124031278709,fit
1260,/home/jinsookim/HEA_MC/FeCoNiPtPd_HER/cgcnn/100/add_data/results_dir/1260.cif,0.18658644796296273,slab100,54,108,54.0,0.2112073002772006,-0.024620852314237884,0.024620852314237884,0.21272673223753713,-0.026140284274574405,0.026140284274574405,holdout
1261,/home/jinsookim/HEA_MC/FeCoNiPtPd_HER/cgcnn/100/add_data/results_dir/1261.cif,0.20928835555555578,slab100,54,108,54.0,0.20421831405999985,0.005070041495555927,0.005070041495555927,0.20550123385203897,0.0037871217035168048,0.0037871217035168048,fit
1262,/home/jinsookim/HEA_MC/FeCoNiPtPd_HER/cgcnn/100/add_data/results_dir/1262.cif,0.17877758814814818,slab100,54,108,54.0,0.1779285386231013,0.0008490495250468855,0.0008490495250468855,0.17711816194839738,0.0016594261997507909,0.0016594261997507909,fit
1263,/home/jinsookim/HEA_MC/FeCoNiPtPd_HER/cgcnn/100/add_data/results_dir/1263.cif,0.17821968925925985,slab100,54,108,54.0,0.17597968442771753,0.002240004831542325,0.002240004831542325,0.17662844817148518,0.0015912410877746697,0.0015912410877746697,fit
1264,/home/jinsookim/HEA_MC/FeCoNiPtPd_HER/cgcnn/100/add_data/results_dir/1264.cif,0.15806384685185268,slab100,54,108,54.0,0.15092764595372027,0.007136200898132411,0.007136200898132411,0.15055890774056835,0.007504939111284331,0.007504939111284331,fit
1265,/home/jinsookim/HEA_MC/FeCoNiPtPd_HER/cgcnn/100/add_data/results_dir/1265.cif,0.17204749037037037,slab100,54,108,54.0,0.18119775135801958,-0.009150260987649206,0.009150260987649206,0.18101002345713724,-0.008962533086766866,0.008962533086766866,fit
1266,/home/jinsookim/HEA_MC/FeCoNiPtPd_HER/cgcnn/100/add_data/results_dir/1266.cif,0.17808172388888852,slab100,54,108,54.0,0.17046815329843598,0.007613570590452534,0.007613570590452534,0.16859868767251424,0.00948303621637428,0.00948303621637428,fit
1267,/home/jinsookim/HEA_MC/FeCoNiPtPd_HER/cgcnn/100/add_data/results_dir/1267.cif,0.20459889555555552,slab100,54,108,54.0,0.20058099303753202,0.004017902518023503,0.004017902518023503,0.19966179114190422,0.004937104413651305,0.004937104413651305,fit
1268,/home/jinsookim/HEA_MC/FeCoNiPtPd_HER/cgcnn/100/add_data/results_dir/1268.cif,0.16037568962962967,slab100,54,108,54.0,0.16016695878619983,0.00020873084342984405,0.00020873084342984405,0.15942875887694852,0.0009469307526811521,0.0009469307526811521,fit
1269,/home/jinsookim/HEA_MC/FeCoNiPtPd_HER/cgcnn/100/add_data/results_dir/1269.cif,0.1660311307407409,slab100,54,108,54.0,0.1665250840421413,-0.0004939533014003961,0.0004939533014003961,0.16630563941821927,-0.00027450867747835783,0.00027450867747835783,fit
1270,/home/jinsookim/HEA_MC/FeCoNiPtPd_HER/cgcnn/100/add_data/results_dir/1270.cif,0.22222019629629658,slab100,54,108,54.0,0.2145051956795504,0.0077150006167461815,0.0077150006167461815,0.21568411645589458,0.006536079840401998,0.006536079840401998,fit
1271,/home/jinsookim/HEA_MC/FeCoNiPtPd_HER/cgcnn/100/add_data/results_dir/1271.cif,0.21687551018518475,slab100,54,108,54.0,0.22279038831104797,-0.005914878125863221,0.005914878125863221,0.22344575819220117,-0.006570248007016416,0.006570248007016416,fit
1272,/home/jinsookim/HEA_MC/FeCoNiPtPd_HER/cgcnn/100/add_data/results_dir/1272.cif,0.17139978500000025,slab100,54,108,54.0,0.1728835002293653,-0.0014837152293650513,0.0014837152293650513,0.17305838189113992,-0.0016585968911396742,0.0016585968911396742,fit
1273,/home/jinsookim/HEA_MC/FeCoNiPtPd_HER/cgcnn/100/add_data/results_dir/1273.cif,0.1616211066666669,slab100,54,108,54.0,0.1808550332339403,-0.019233926567273407,0.019233926567273407,0.18161349346951086,-0.01999238680284396,0.01999238680284396,fit
1274,/home/jinsookim/HEA_MC/FeCoNiPtPd_HER/cgcnn/100/add_data/results_dir/1274.cif,0.2043844481481482,slab100,54,108,54.0,0.20054141001968337,0.003843038128464843,0.003843038128464843,0.2005329556152613,0.003851492532886913,0.003851492532886913,fit
1275,/home/jinsookim/HEA_MC/FeCoNiPtPd_HER/cgcnn/100/add_data/results_dir/1275.cif,0.13336515611111058,slab100,54,108,54.0,0.14220653153246857,-0.008841375421357989,0.008841375421357989,0.1426052835795565,-0.009240127468445936,0.009240127468445936,fit
1276,/home/jinsookim/HEA_MC/FeCoNiPtPd_HER/cgcnn/100/add_data/results_dir/1276.cif,0.15266587055555508,slab100,54,108,54.0,0.16264249726281937,-0.009976626707264291,0.009976626707264291,0.161762165536614,-0.009096294981058906,0.009096294981058906,holdout
1277,/home/jinsookim/HEA_MC/FeCoNiPtPd_HER/cgcnn/100/add_data/results_dir/1277.cif,0.15393183018518483,slab100,54,108,54.0,0.1567922509182706,-0.002860420733085761,0.002860420733085761,0.1570105263046366,-0.0030786961194517737,0.0030786961194517737,fit
1278,/home/jinsookim/HEA_MC/FeCoNiPtPd_HER/cgcnn/100/add_data/results_dir/1278.cif,0.16608752388888795,slab100,54,108,54.0,0.16948951682710434,-0.003401992938216386,0.003401992938216386,0.16799630447145197,-0.0019087805825640236,0.0019087805825640236,holdout
1279,/home/jinsookim/HEA_MC/FeCoNiPtPd_HER/cgcnn/100/add_data/results_dir/1279.cif,0.17209832740740727,slab100,54,108,54.0,0.16933219635360988,0.0027661310537973882,0.0027661310537973882,0.16865198418953203,0.0034463432178752362,0.0034463432178752362,holdout
1280,/home/jinsookim/HEA_MC/FeCoNiPtPd_HER/cgcnn/100/add_data/results_dir/1280.cif,0.16503244555555605,slab100,54,108,54.0,0.15633368134898454,0.008698764206571508,0.008698764206571508,0.15487335084082313,0.01015909471473292,0.01015909471473292,fit
1281,/home/jinsookim/HEA_MC/FeCoNiPtPd_HER/cgcnn/100/add_data/results_dir/1281.cif,0.19728691629629647,slab100,54,108,54.0,0.19567858551440387,0.0016083307818925974,0.0016083307818925974,0.19545579562050058,0.0018311206757958831,0.0018311206757958831,holdout
1282,/home/jinsookim/HEA_MC/FeCoNiPtPd_HER/cgcnn/100/add_data/results_dir/1282.cif,0.17284360999999998,slab100,54,108,54.0,0.18170881916021828,-0.008865209160218296,0.008865209160218296,0.18273917411124407,-0.009895564111244093,0.009895564111244093,fit
1283,/home/jinsookim/HEA_MC/FeCoNiPtPd_HER/cgcnn/100/add_data/results_dir/1283.cif,0.1897854788888893,slab100,54,108,54.0,0.19532840962738238,-0.005542930738493074,0.005542930738493074,0.19674231998250957,-0.00695684109362027,0.00695684109362027,fit
1284,/home/jinsookim/HEA_MC/FeCoNiPtPd_HER/cgcnn/100/add_data/results_dir/1284.cif,0.18319400944444433,slab100,54,108,54.0,0.18489796432611375,-0.0017039548816694117,0.0017039548816694117,0.18530918757674808,-0.0021151781323037466,0.0021151781323037466,fit
1285,/home/jinsookim/HEA_MC/FeCoNiPtPd_HER/cgcnn/100/add_data/results_dir/1285.cif,0.1582239424074064,slab100,54,108,54.0,0.15916334053900488,-0.0009393981315984901,0.0009393981315984901,0.1586897138461493,-0.00046577143874290683,0.00046577143874290683,fit
1286,/home/jinsookim/HEA_MC/FeCoNiPtPd_HER/cgcnn/100/add_data/results_dir/1286.cif,0.15225576796296256,slab100,54,108,54.0,0.15876396862201225,-0.0065082006590496955,0.0065082006590496955,0.1598474260918832,-0.007591658128920653,0.007591658128920653,fit
1287,/home/jinsookim/HEA_MC/FeCoNiPtPd_HER/cgcnn/100/add_data/results_dir/1287.cif,0.22655310388888897,slab100,54,108,54.0,0.22754614175280882,-0.0009930378639198545,0.0009930378639198545,0.22838785351533009,-0.0018347496264411178,0.0018347496264411178,fit
1288,/home/jinsookim/HEA_MC/FeCoNiPtPd_HER/cgcnn/100/add_data/results_dir/1288.cif,0.22198366944444473,slab100,54,108,54.0,0.21189305087943588,0.010090618565008841,0.010090618565008841,0.212747357058664,0.009236312385780737,0.009236312385780737,fit
1289,/home/jinsookim/HEA_MC/FeCoNiPtPd_HER/cgcnn/100/add_data/results_dir/1289.cif,0.20916136555555592,slab100,54,108,54.0,0.19913472320265785,0.010026642352898074,0.010026642352898074,0.201400453103451,0.007760912452104918,0.007760912452104918,fit
1290,/home/jinsookim/HEA_MC/FeCoNiPtPd_HER/cgcnn/100/add_data/results_dir/1290.cif,0.22881194907407332,slab100,54,108,54.0,0.22505084255422442,0.0037611065198489,0.0037611065198489,0.226257072708956,0.002554876365117309,0.002554876365117309,fit
1291,/home/jinsookim/HEA_MC/FeCoNiPtPd_HER/cgcnn/100/add_data/results_dir/1291.cif,0.214630387407407,slab100,54,108,54.0,0.21787297300641403,-0.0032425855990070307,0.0032425855990070307,0.21802981784830777,-0.003399430440900769,0.003399430440900769,fit
1292,/home/jinsookim/HEA_MC/FeCoNiPtPd_HER/cgcnn/100/add_data/results_dir/1292.cif,0.1880572779629635,slab100,54,108,54.0,0.17320997893278756,0.014847299030175953,0.014847299030175953,0.17306404084674437,0.014993237116219138,0.014993237116219138,fit
1293,/home/jinsookim/HEA_MC/FeCoNiPtPd_HER/cgcnn/100/add_data/results_dir/1293.cif,0.21205900092592575,slab100,54,108,54.0,0.1992460217918472,0.012812979134078556,0.012812979134078556,0.1997585838651588,0.012300417060766955,0.012300417060766955,fit
1294,/home/jinsookim/HEA_MC/FeCoNiPtPd_HER/cgcnn/100/add_data/results_dir/1294.cif,0.1774771720370375,slab100,54,108,54.0,0.20033555902534475,-0.02285838698830725,0.02285838698830725,0.19989938032444177,-0.022422208287404266,0.022422208287404266,fit
1295,/home/jinsookim/HEA_MC/FeCoNiPtPd_HER/cgcnn/100/add_data/results_dir/1295.cif,0.1453399551851857,slab100,54,108,54.0,0.14166341705094435,0.0036765381342413472,0.0036765381342413472,0.14029461321196876,0.0050453419732169325,0.0050453419732169325,fit
1296,/home/jinsookim/HEA_MC/FeCoNiPtPd_HER/cgcnn/100/add_data/results_dir/1296.cif,0.16860072814814783,slab100,54,108,54.0,0.16455034359202636,0.004050384556121472,0.004050384556121472,0.16566136267850706,0.00293936546964077,0.00293936546964077,fit
1297,/home/jinsookim/HEA_MC/FeCoNiPtPd_HER/cgcnn/100/add_data/results_dir/1297.cif,0.20584307907407468,slab100,54,108,54.0,0.19376904739850415,0.012074031675570529,0.012074031675570529,0.1934203427225334,0.012422736351541286,0.012422736351541286,fit
1298,/home/jinsookim/HEA_MC/FeCoNiPtPd_HER/cgcnn/100/add_data/results_dir/1298.cif,0.22196625370370343,slab100,54,108,54.0,0.2116519172761375,0.010314336427565934,0.010314336427565934,0.21166499420465387,0.010301259499049559,0.010301259499049559,fit
1299,/home/jinsookim/HEA_MC/FeCoNiPtPd_HER/cgcnn/100/add_data/results_dir/1299.cif,0.1491589040740743,slab100,54,108,54.0,0.14657196547165818,0.002586938602416128,0.002586938602416128,0.14540963321443473,0.0037492708596395807,0.0037492708596395807,fit
1300,/home/jinsookim/HEA_MC/FeCoNiPtPd_HER/cgcnn/100/add_data/results_dir/1300.cif,0.14043579592592648,slab100,54,108,54.0,0.14817439382135564,-0.007738597895429161,0.007738597895429161,0.14833838056688345,-0.007902584640956972,0.007902584640956972,fit
1301,/home/jinsookim/HEA_MC/FeCoNiPtPd_HER/cgcnn/100/add_data/results_dir/1301.cif,0.23973802574074016,slab100,54,108,54.0,0.230237137641377,0.00950088809936317,0.00950088809936317,0.22891046784878039,0.010827557891959771,0.010827557891959771,holdout
1302,/home/jinsookim/HEA_MC/FeCoNiPtPd_HER/cgcnn/100/add_data/results_dir/1302.cif,0.19787144092592573,slab100,54,108,54.0,0.20182011968637975,-0.003948678760454016,0.003948678760454016,0.20221142345895554,-0.004339982533029807,0.004339982533029807,fit
1303,/home/jinsookim/HEA_MC/FeCoNiPtPd_HER/cgcnn/100/add_data/results_dir/1303.cif,0.1980198309259267,slab100,54,108,54.0,0.19532006160920665,0.0026997693167200576,0.0026997693167200576,0.1950993096961418,0.002920521229784895,0.002920521229784895,fit
1304,/home/jinsookim/HEA_MC/FeCoNiPtPd_HER/cgcnn/100/add_data/results_dir/1304.cif,0.16060807592592669,slab100,54,108,54.0,0.15781971175022183,0.002788364175704855,0.002788364175704855,0.15733731912666954,0.0032707567992571462,0.0032707567992571462,fit
1305,/home/jinsookim/HEA_MC/FeCoNiPtPd_HER/cgcnn/100/add_data/results_dir/1305.cif,0.16294518074074021,slab100,54,108,54.0,0.15270199367620163,0.010243187064538584,0.010243187064538584,0.15234548107387633,0.010599699666863888,0.010599699666863888,fit
1306,/home/jinsookim/HEA_MC/FeCoNiPtPd_HER/cgcnn/100/add_data/results_dir/1306.cif,0.2054727092592596,slab100,54,108,54.0,0.19903590742682842,0.0064368018324311715,0.0064368018324311715,0.19920201244040983,0.006270696818849758,0.006270696818849758,fit
1307,/home/jinsookim/HEA_MC/FeCoNiPtPd_HER/cgcnn/100/add_data/results_dir/1307.cif,0.19855626796296352,slab100,54,108,54.0,0.20224119837104867,-0.003684930408085152,0.003684930408085152,0.20406713198445975,-0.005510864021496226,0.005510864021496226,fit
1308,/home/jinsookim/HEA_MC/FeCoNiPtPd_HER/cgcnn/100/add_data/results_dir/1308.cif,0.19624725999999956,slab100,54,108,54.0,0.18214254307930133,0.01410471692069823,0.01410471692069823,0.18204957993836277,0.014197680061636797,0.014197680061636797,fit
1309,/home/jinsookim/HEA_MC/FeCoNiPtPd_HER/cgcnn/100/add_data/results_dir/1309.cif,0.18044647444444373,slab100,54,108,54.0,0.17487596980654635,0.005570504637897378,0.005570504637897378,0.1736172530430874,0.0068292214013563335,0.0068292214013563335,holdout
1310,/home/jinsookim/HEA_MC/FeCoNiPtPd_HER/cgcnn/100/add_data/results_dir/1310.cif,0.20416901148148112,slab100,54,108,54.0,0.21760249252414296,-0.013433481042661843,0.013433481042661843,0.21568514551873144,-0.011516134037250325,0.011516134037250325,fit
1311,/home/jinsookim/HEA_MC/FeCoNiPtPd_HER/cgcnn/100/add_data/results_dir/1311.cif,0.1897573664814813,slab100,54,108,54.0,0.19913610361370893,-0.009378737132227616,0.009378737132227616,0.19921188730755185,-0.00945452082607054,0.00945452082607054,fit
1312,/home/jinsookim/HEA_MC/FeCoNiPtPd_HER/cgcnn/100/add_data/results_dir/1312.cif,0.17944846129629635,slab100,54,108,54.0,0.18951534939382664,-0.010066888097530285,0.010066888097530285,0.18788185424846326,-0.008433392952166913,0.008433392952166913,fit
1313,/home/jinsookim/HEA_MC/FeCoNiPtPd_HER/cgcnn/100/add_data/results_dir/1313.cif,0.197796612777778,slab100,54,108,54.0,0.19094784410640653,0.0068487686713714635,0.0068487686713714635,0.19162270231818193,0.00617391045959606,0.00617391045959606,fit
1314,/home/jinsookim/HEA_MC/FeCoNiPtPd_HER/cgcnn/100/add_data/results_dir/1314.cif,0.17812255500000004,slab100,54,108,54.0,0.1736537991727015,0.004468755827298554,0.004468755827298554,0.17242403805235407,0.005698516947645976,0.005698516947645976,fit
1315,/home/jinsookim/HEA_MC/FeCoNiPtPd_HER/cgcnn/100/add_data/results_dir/1315.cif,0.13454511203703715,slab100,54,108,54.0,0.12811142729450326,0.0064336847425338906,0.0064336847425338906,0.12666606389470217,0.007879048142334977,0.007879048142334977,fit
1316,/home/jinsookim/HEA_MC/FeCoNiPtPd_HER/cgcnn/100/add_data/results_dir/1316.cif,0.1896422127777776,slab100,54,108,54.0,0.18401382341167416,0.005628389366103437,0.005628389366103437,0.1846063335700268,0.00503587920775081,0.00503587920775081,fit
1317,/home/jinsookim/HEA_MC/FeCoNiPtPd_HER/cgcnn/100/add_data/results_dir/1317.cif,0.14566314370370353,slab100,54,108,54.0,0.146850274333376,-0.0011871306296724615,0.0011871306296724615,0.14704105671561266,-0.001377913011909121,0.001377913011909121,holdout
1318,/home/jinsookim/HEA_MC/FeCoNiPtPd_HER/cgcnn/100/add_data/results_dir/1318.cif,0.19596279851851847,slab100,54,108,54.0,0.19227271856535097,0.003690079953167502,0.003690079953167502,0.193921941586784,0.002040856931734475,0.002040856931734475,fit
1319,/home/jinsookim/HEA_MC/FeCoNiPtPd_HER/cgcnn/100/add_data/results_dir/1319.cif,0.19795937074074058,slab100,54,108,54.0,0.20224761674971375,-0.004288246008973179,0.004288246008973179,0.20109078071422054,-0.003131409973479965,0.003131409973479965,fit
1320,/home/jinsookim/HEA_MC/FeCoNiPtPd_HER/cgcnn/100/add_data/results_dir/1320.cif,0.19002765055555593,slab100,54,108,54.0,0.200389913286204,-0.01036226273064808,0.01036226273064808,0.20011307708168732,-0.010085426526131397,0.010085426526131397,fit
1321,/home/jinsookim/HEA_MC/FeCoNiPtPd_HER/cgcnn/100/add_data/results_dir/1321.cif,0.17776153703703634,slab100,54,108,54.0,0.1844758156768446,-0.006714278639808252,0.006714278639808252,0.18456978824826986,-0.006808251211233518,0.006808251211233518,fit
1322,/home/jinsookim/HEA_MC/FeCoNiPtPd_HER/cgcnn/100/add_data/results_dir/1322.cif,0.15710633296296278,slab100,54,108,54.0,0.15754964133454424,-0.0004433083715814634,0.0004433083715814634,0.15796026841239055,-0.0008539354494277729,0.0008539354494277729,fit
1323,/home/jinsookim/HEA_MC/FeCoNiPtPd_HER/cgcnn/100/add_data/results_dir/1323.cif,0.16236930962962978,slab100,54,108,54.0,0.16836865050342373,-0.005999340873793946,0.005999340873793946,0.16821797076037157,-0.0058486611307417835,0.0058486611307417835,fit
1324,/home/jinsookim/HEA_MC/FeCoNiPtPd_HER/cgcnn/100/add_data/results_dir/1324.cif,0.17557451018518577,slab100,54,108,54.0,0.19213559443568395,-0.01656108425049818,0.01656108425049818,0.19228791559977165,-0.01671340541458588,0.01671340541458588,fit
1325,/home/jinsookim/HEA_MC/FeCoNiPtPd_HER/cgcnn/100/add_data/results_dir/1325.cif,0.18869017425925835,slab100,54,108,54.0,0.1855478315963534,0.0031423426629049456,0.0031423426629049456,0.18580568688092097,0.0028844873783373803,0.0028844873783373803,fit
1326,/home/jinsookim/HEA_MC/FeCoNiPtPd_HER/cgcnn/100/add_data/results_dir/1326.cif,0.18294673333333358,slab100,54,108,54.0,0.18801712229643694,-0.005070388963103356,0.005070388963103356,0.1872900976562257,-0.004343364322892118,0.004343364322892118,fit
1327,/home/jinsookim/HEA_MC/FeCoNiPtPd_HER/cgcnn/100/add_data/results_dir/1327.cif,0.2200863751851856,slab100,54,108,54.0,0.23373367142010298,-0.013647296234917394,0.013647296234917394,0.23284219531171574,-0.012755820126530149,0.012755820126530149,fit
1328,/home/jinsookim/HEA_MC/FeCoNiPtPd_HER/cgcnn/100/add_data/results_dir/1328.cif,0.20205646499999935,slab100,54,108,54.0,0.1952316500055401,0.0068248149944592496,0.0068248149944592496,0.19522755460591434,0.006828910394085008,0.006828910394085008,fit
1329,/home/jinsookim/HEA_MC/FeCoNiPtPd_HER/cgcnn/100/add_data/results_dir/1329.cif,0.18201066888888956,slab100,54,108,54.0,0.1978229305932153,-0.01581226170432573,0.01581226170432573,0.19689780595744927,-0.014887137068559708,0.014887137068559708,fit
1330,/home/jinsookim/HEA_MC/FeCoNiPtPd_HER/cgcnn/100/add_data/results_dir/1330.cif,0.20964848351851767,slab100,54,108,54.0,0.2200088208545793,-0.01036033733606162,0.01036033733606162,0.22132604027063027,-0.0116775567521126,0.0116775567521126,fit
1331,/home/jinsookim/HEA_MC/FeCoNiPtPd_HER/cgcnn/100/add_data/results_dir/1331.cif,0.20536009148148188,slab100,54,108,54.0,0.21328376473303837,-0.00792367325155649,0.00792367325155649,0.21364699146830246,-0.008286899986820584,0.008286899986820584,fit
1332,/home/jinsookim/HEA_MC/FeCoNiPtPd_HER/cgcnn/100/add_data/results_dir/1332.cif,0.20295532629629698,slab100,54,108,54.0,0.20425024970036607,-0.0012949234040690871,0.0012949234040690871,0.2042243441748029,-0.001269017878505918,0.001269017878505918,fit
1333,/home/jinsookim/HEA_MC/FeCoNiPtPd_HER/cgcnn/100/add_data/results_dir/1333.cif,0.18947529888888917,slab100,54,108,54.0,0.1878512456202552,0.0016240532686339626,0.0016240532686339626,0.1886527596317022,0.0008225392571869772,0.0008225392571869772,fit
1334,/home/jinsookim/HEA_MC/FeCoNiPtPd_HER/cgcnn/100/add_data/results_dir/1334.cif,0.12177863444444441,slab100,54,108,54.0,0.14076256221209132,-0.018983927767646916,0.018983927767646916,0.13962195147595705,-0.017843317031512637,0.017843317031512637,fit
1335,/home/jinsookim/HEA_MC/FeCoNiPtPd_HER/cgcnn/100/add_data/results_dir/1335.cif,0.168916819444444,slab100,54,108,54.0,0.1537435394815556,0.015173279962888392,0.015173279962888392,0.15394397275940577,0.014972846685038232,0.014972846685038232,fit
1336,/home/jinsookim/HEA_MC/FeCoNiPtPd_HER/cgcnn/100/add_data/results_dir/1336.cif,0.17428422277777778,slab100,54,108,54.0,0.1749398885825229,-0.0006556658047451314,0.0006556658047451314,0.17430265502139514,-1.8432243617361177e-05,1.8432243617361177e-05,fit
1337,/home/jinsookim/HEA_MC/FeCoNiPtPd_HER/cgcnn/100/add_data/results_dir/1337.cif,0.1522677379629632,slab100,54,108,54.0,0.15209544025439092,0.0001722977085722721,0.0001722977085722721,0.15137991500105155,0.000887822961911644,0.000887822961911644,fit
1338,/home/jinsookim/HEA_MC/FeCoNiPtPd_HER/cgcnn/100/add_data/results_dir/1338.cif,0.17843829611111114,slab100,54,108,54.0,0.19486126531837095,-0.016422969207259802,0.016422969207259802,0.19581371234977807,-0.017375416238666924,0.017375416238666924,fit
1339,/home/jinsookim/HEA_MC/FeCoNiPtPd_HER/cgcnn/100/add_data/results_dir/1339.cif,0.19311908037036996,slab100,54,108,54.0,0.1887183958794514,0.004400684490918544,0.004400684490918544,0.18881674867128123,0.004302331699088724,0.004302331699088724,fit
1340,/home/jinsookim/HEA_MC/FeCoNiPtPd_HER/cgcnn/100/add_data/results_dir/1340.cif,0.16451234148148172,slab100,54,108,54.0,0.159458412491234,0.00505392899024773,0.00505392899024773,0.159867383033654,0.004644958447827724,0.004644958447827724,fit
1341,/home/jinsookim/HEA_MC/FeCoNiPtPd_HER/cgcnn/100/add_data/results_dir/1341.cif,0.17537081314814726,slab100,54,108,54.0,0.1764067449971987,-0.0010359318490514302,0.0010359318490514302,0.17577990074234456,-0.0004090875941973049,0.0004090875941973049,fit
1342,/home/jinsookim/HEA_MC/FeCoNiPtPd_HER/cgcnn/100/add_data/results_dir/1342.cif,0.21206965444444373,slab100,54,108,54.0,0.2060932587585267,0.005976395685917041,0.005976395685917041,0.20646033983146692,0.005609314612976812,0.005609314612976812,fit
1343,/home/jinsookim/HEA_MC/FeCoNiPtPd_HER/cgcnn/100/add_data/results_dir/1343.cif,0.1992096272222223,slab100,54,108,54.0,0.19030871814201172,0.008900909080210573,0.008900909080210573,0.18896621489499107,0.010243412327231222,0.010243412327231222,holdout
1344,/home/jinsookim/HEA_MC/FeCoNiPtPd_HER/cgcnn/100/add_data/results_dir/1344.cif,0.15079364166666664,slab100,54,108,54.0,0.1442198572850469,0.006573784381619735,0.006573784381619735,0.14203189337386088,0.008761748292805766,0.008761748292805766,fit
1345,/home/jinsookim/HEA_MC/FeCoNiPtPd_HER/cgcnn/100/add_data/results_dir/1345.cif,0.20923374444444465,slab100,54,108,54.0,0.20185354098845115,0.007380203455993495,0.007380203455993495,0.20058450186305754,0.008649242581387107,0.008649242581387107,fit
1346,/home/jinsookim/HEA_MC/FeCoNiPtPd_HER/cgcnn/100/add_data/results_dir/1346.cif,0.18204773518518505,slab100,54,108,54.0,0.18999293094296657,-0.00794519575778152,0.00794519575778152,0.19090760463639606,-0.008859869451211005,0.008859869451211005,fit
1347,/home/jinsookim/HEA_MC/FeCoNiPtPd_HER/cgcnn/100/add_data/results_dir/1347.cif,0.14449861796296237,slab100,54,108,54.0,0.17365851999667942,-0.029159902033717044,0.029159902033717044,0.1727163070375958,-0.02821768907463343,0.02821768907463343,fit
1348,/home/jinsookim/HEA_MC/FeCoNiPtPd_HER/cgcnn/100/add_data/results_dir/1348.cif,0.19539548129629716,slab100,54,108,54.0,0.1931361250792562,0.0022593562170409587,0.0022593562170409587,0.1940890006014841,0.001306480694813067,0.001306480694813067,fit
1349,/home/jinsookim/HEA_MC/FeCoNiPtPd_HER/cgcnn/100/add_data/results_dir/1349.cif,0.20114305759259277,slab100,54,108,54.0,0.2073774730587662,-0.006234415466173426,0.006234415466173426,0.2086982374380706,-0.007555179845477822,0.007555179845477822,fit
1350,/home/jinsookim/HEA_MC/FeCoNiPtPd_HER/cgcnn/100/add_data/results_dir/1350.cif,0.14660869518518507,slab100,54,108,54.0,0.1463817790417627,0.00022691614342237876,0.00022691614342237876,0.14701874273049684,-0.0004100475453117647,0.0004100475453117647,fit
1351,/home/jinsookim/HEA_MC/FeCoNiPtPd_HER/cgcnn/100/add_data/results_dir/1351.cif,0.18694052444444378,slab100,54,108,54.0,0.18018622788844874,0.0067542965559950485,0.0067542965559950485,0.17977513372120868,0.007165390723235104,0.007165390723235104,fit
1352,/home/jinsookim/HEA_MC/FeCoNiPtPd_HER/cgcnn/100/add_data/results_dir/1352.cif,0.1872302453703709,slab100,54,108,54.0,0.1920464852327855,-0.004816239862414612,0.004816239862414612,0.19205010233308897,-0.004819856962718083,0.004819856962718083,fit
1353,/home/jinsookim/HEA_MC/FeCoNiPtPd_HER/cgcnn/100/add_data/results_dir/1353.cif,0.1791591951851859,slab100,54,108,54.0,0.17711902791953427,0.002040167265651621,0.002040167265651621,0.17512803915345973,0.0040311560317261574,0.0040311560317261574,holdout
1354,/home/jinsookim/HEA_MC/FeCoNiPtPd_HER/cgcnn/100/add_data/results_dir/1354.cif,0.1898304483333338,slab100,54,108,54.0,0.1814508716980975,0.00837957663523628,0.00837957663523628,0.18120437214482682,0.00862607618850697,0.00862607618850697,fit
1355,/home/jinsookim/HEA_MC/FeCoNiPtPd_HER/cgcnn/100/add_data/results_dir/1355.cif,0.15476367259259194,slab100,54,108,54.0,0.1740559029950262,-0.019292230402434274,0.019292230402434274,0.17320917572962607,-0.018445503137034136,0.018445503137034136,fit
1356,/home/jinsookim/HEA_MC/FeCoNiPtPd_HER/cgcnn/100/add_data/results_dir/1356.cif,0.15854189814814812,slab100,54,108,54.0,0.16413944091600755,-0.005597542767859426,0.005597542767859426,0.1661047846801323,-0.00756288653198417,0.00756288653198417,fit
1357,/home/jinsookim/HEA_MC/FeCoNiPtPd_HER/cgcnn/100/add_data/results_dir/1357.cif,0.20361981277777744,slab100,54,108,54.0,0.21278610864168418,-0.009166295863906743,0.009166295863906743,0.21260995616099776,-0.008990143383220323,0.008990143383220323,fit
1358,/home/jinsookim/HEA_MC/FeCoNiPtPd_HER/cgcnn/100/add_data/results_dir/1358.cif,0.16719998888888832,slab100,54,108,54.0,0.18615865484620084,-0.01895866595731252,0.01895866595731252,0.18710117233923446,-0.019901183450346138,0.019901183450346138,fit
1359,/home/jinsookim/HEA_MC/FeCoNiPtPd_HER/cgcnn/100/add_data/results_dir/1359.cif,0.1814367688888886,slab100,54,108,54.0,0.18247285554671605,-0.0010360866578274508,0.0010360866578274508,0.1830890959184772,-0.0016523270295885906,0.0016523270295885906,fit
1360,/home/jinsookim/HEA_MC/FeCoNiPtPd_HER/cgcnn/100/add_data/results_dir/1360.cif,0.17629497814814848,slab100,54,108,54.0,0.18826486334614118,-0.011969885197992691,0.011969885197992691,0.1897194029119035,-0.013424424763755022,0.013424424763755022,fit
1361,/home/jinsookim/HEA_MC/FeCoNiPtPd_HER/cgcnn/100/add_data/results_dir/1361.cif,0.1409652966666657,slab100,54,108,54.0,0.1487743880821245,-0.0078090914154587965,0.0078090914154587965,0.14672581117242467,-0.005760514505758957,0.005760514505758957,fit
1362,/home/jinsookim/HEA_MC/FeCoNiPtPd_HER/cgcnn/100/add_data/results_dir/1362.cif,0.16226726481481482,slab100,54,108,54.0,0.16296019436126644,-0.000692929546451615,0.000692929546451615,0.16243361678946075,-0.00016635197464592855,0.00016635197464592855,fit
1363,/home/jinsookim/HEA_MC/FeCoNiPtPd_HER/cgcnn/100/add_data/results_dir/1363.cif,0.20738100574074123,slab100,54,108,54.0,0.21646839373776922,-0.00908738799702799,0.00908738799702799,0.21660033760722988,-0.009219331866488656,0.009219331866488656,fit
1364,/home/jinsookim/HEA_MC/FeCoNiPtPd_HER/cgcnn/100/add_data/results_dir/1364.cif,0.19649231203703615,slab100,54,108,54.0,0.19233751734886304,0.004154794688173119,0.004154794688173119,0.19407037109925238,0.0024219409377837786,0.0024219409377837786,fit
1365,/home/jinsookim/HEA_MC/FeCoNiPtPd_HER/cgcnn/100/add_data/results_dir/1365.cif,0.17878749425925852,slab100,54,108,54.0,0.190568197573818,-0.011780703314559465,0.011780703314559465,0.18983909816865877,-0.011051603909400243,0.011051603909400243,fit
1366,/home/jinsookim/HEA_MC/FeCoNiPtPd_HER/cgcnn/100/add_data/results_dir/1366.cif,0.19412278629629623,slab100,54,108,54.0,0.18776508396358904,0.006357702332707188,0.006357702332707188,0.18783193480476637,0.0062908514915298586,0.0062908514915298586,fit
1367,/home/jinsookim/HEA_MC/FeCoNiPtPd_HER/cgcnn/100/add_data/results_dir/1367.cif,0.20746260037037068,slab100,54,108,54.0,0.19944665554988678,0.0080159448204839,0.0080159448204839,0.1986367581236551,0.008825842246715565,0.008825842246715565,fit
1368,/home/jinsookim/HEA_MC/FeCoNiPtPd_HER/cgcnn/100/add_data/results_dir/1368.cif,0.1671577124074083,slab100,54,108,54.0,0.18577349062130266,-0.018615778213894374,0.018615778213894374,0.18494686064516924,-0.017789148237760954,0.017789148237760954,fit
1369,/home/jinsookim/HEA_MC/FeCoNiPtPd_HER/cgcnn/100/add_data/results_dir/1369.cif,0.18386617851851805,slab100,54,108,54.0,0.1736588692721027,0.010207309246415358,0.010207309246415358,0.17390410923056246,0.009962069287955594,0.009962069287955594,fit
1370,/home/jinsookim/HEA_MC/FeCoNiPtPd_HER/cgcnn/100/add_data/results_dir/1370.cif,0.19753720981481454,slab100,54,108,54.0,0.1876632048206051,0.009874004994209429,0.009874004994209429,0.18713215360238045,0.010405056212434094,0.010405056212434094,fit
1371,/home/jinsookim/HEA_MC/FeCoNiPtPd_HER/cgcnn/100/add_data/results_dir/1371.cif,0.18132565740740733,slab100,54,108,54.0,0.1856351793924101,-0.004309521985002757,0.004309521985002757,0.18578291500164568,-0.004457257594238345,0.004457257594238345,fit
1372,/home/jinsookim/HEA_MC/FeCoNiPtPd_HER/cgcnn/100/add_data/results_dir/1372.cif,0.18528253462963035,slab100,54,108,54.0,0.18596194335704797,-0.0006794087274176186,0.0006794087274176186,0.18496390218030412,0.00031863244932622825,0.00031863244932622825,fit
1373,/home/jinsookim/HEA_MC/FeCoNiPtPd_HER/cgcnn/100/add_data/results_dir/1373.cif,0.1981607409259267,slab100,54,108,54.0,0.19982879488143962,-0.0016680539555129215,0.0016680539555129215,0.19859528462809842,-0.0004345437021717191,0.0004345437021717191,fit
1374,/home/jinsookim/HEA_MC/FeCoNiPtPd_HER/cgcnn/100/add_data/results_dir/1374.cif,0.19200200129629638,slab100,54,108,54.0,0.1917033721062207,0.0002986291900756721,0.0002986291900756721,0.19297437072190374,-0.0009723694256073556,0.0009723694256073556,fit
1375,/home/jinsookim/HEA_MC/FeCoNiPtPd_HER/cgcnn/100/add_data/results_dir/1375.cif,0.21981830388888937,slab100,54,108,54.0,0.2119341883688125,0.007884115520076868,0.007884115520076868,0.2126830719122957,0.007135231976593659,0.007135231976593659,fit
1376,/home/jinsookim/HEA_MC/FeCoNiPtPd_HER/cgcnn/100/add_data/results_dir/1376.cif,0.1931397179629631,slab100,54,108,54.0,0.1928189137343933,0.0003208042285697821,0.0003208042285697821,0.19326908073168633,-0.0001293627687232457,0.0001293627687232457,fit
1377,/home/jinsookim/HEA_MC/FeCoNiPtPd_HER/cgcnn/100/add_data/results_dir/1377.cif,0.1853318714814815,slab100,54,108,54.0,0.17335032830043168,0.011981543181049825,0.011981543181049825,0.17232203118279082,0.013009840298690678,0.013009840298690678,fit
1378,/home/jinsookim/HEA_MC/FeCoNiPtPd_HER/cgcnn/100/add_data/results_dir/1378.cif,0.19487061537037043,slab100,54,108,54.0,0.1896092139098675,0.0052614014605029125,0.0052614014605029125,0.18861866789087012,0.006251947479500308,0.006251947479500308,fit
1379,/home/jinsookim/HEA_MC/FeCoNiPtPd_HER/cgcnn/100/add_data/results_dir/1379.cif,0.14951849407407386,slab100,54,108,54.0,0.15580660755835127,-0.006288113484277408,0.006288113484277408,0.15505993817517671,-0.005541444101102855,0.005541444101102855,fit
1380,/home/jinsookim/HEA_MC/FeCoNiPtPd_HER/cgcnn/100/add_data/results_dir/1380.cif,0.19333527425925995,slab100,54,108,54.0,0.18483967609238222,0.008495598166877727,0.008495598166877727,0.18372153546731312,0.009613738791946824,0.009613738791946824,fit
1381,/home/jinsookim/HEA_MC/FeCoNiPtPd_HER/cgcnn/100/add_data/results_dir/1381.cif,0.18704297203703707,slab100,54,108,54.0,0.19606473149966053,-0.009021759462623458,0.009021759462623458,0.19664470338419093,-0.009601731347153863,0.009601731347153863,fit
1382,/home/jinsookim/HEA_MC/FeCoNiPtPd_HER/cgcnn/100/add_data/results_dir/1382.cif,0.1925160240740735,slab100,54,108,54.0,0.18021800828094597,0.012298015793127531,0.012298015793127531,0.18075436131134387,0.011761662762729636,0.011761662762729636,fit
1383,/home/jinsookim/HEA_MC/FeCoNiPtPd_HER/cgcnn/100/add_data/results_dir/1383.cif,0.178921296296296,slab100,54,108,54.0,0.17106398387490496,0.007857312421391038,0.007857312421391038,0.17153451523341565,0.007386781062880349,0.007386781062880349,fit
1384,/home/jinsookim/HEA_MC/FeCoNiPtPd_HER/cgcnn/100/add_data/results_dir/1384.cif,0.1678751346296289,slab100,54,108,54.0,0.17316422601472894,-0.005289091385100031,0.005289091385100031,0.17124838463704317,-0.003373250007414258,0.003373250007414258,holdout
1385,/home/jinsookim/HEA_MC/FeCoNiPtPd_HER/cgcnn/100/add_data/results_dir/1385.cif,0.17803858074074064,slab100,54,108,54.0,0.1846553473306249,-0.0066167665898842765,0.0066167665898842765,0.18341423650973718,-0.00537565576899654,0.00537565576899654,fit
1386,/home/jinsookim/HEA_MC/FeCoNiPtPd_HER/cgcnn/100/add_data/results_dir/1386.cif,0.1899697044444445,slab100,54,108,54.0,0.1945139031964835,-0.004544198752039014,0.004544198752039014,0.19493342555614468,-0.004963721111700181,0.004963721111700181,fit
1387,/home/jinsookim/HEA_MC/FeCoNiPtPd_HER/cgcnn/100/add_data/results_dir/1387.cif,0.18587946481481502,slab100,54,108,54.0,0.1924450749775102,-0.00656561016269519,0.00656561016269519,0.1949552299953773,-0.009075765180562273,0.009075765180562273,fit
1388,/home/jinsookim/HEA_MC/FeCoNiPtPd_HER/cgcnn/100/add_data/results_dir/1388.cif,0.24676772981481504,slab100,54,108,54.0,0.24362929718565102,0.003138432629164023,0.003138432629164023,0.24343854997916153,0.0033291798356535063,0.0033291798356535063,fit
1389,/home/jinsookim/HEA_MC/FeCoNiPtPd_HER/cgcnn/100/add_data/results_dir/1389.cif,0.22019625000000023,slab100,54,108,54.0,0.21582261943926323,0.004373630560737002,0.004373630560737002,0.21589860134418165,0.004297648655818581,0.004297648655818581,fit
1390,/home/jinsookim/HEA_MC/FeCoNiPtPd_HER/cgcnn/100/add_data/results_dir/1390.cif,0.16664670425925956,slab100,54,108,54.0,0.15593621907395036,0.010710485185309204,0.010710485185309204,0.15549003399131084,0.011156670267948726,0.011156670267948726,fit
1391,/home/jinsookim/HEA_MC/FeCoNiPtPd_HER/cgcnn/100/add_data/results_dir/1391.cif,0.16374218166666626,slab100,54,108,54.0,0.1654427829875546,-0.0017006013208883397,0.0017006013208883397,0.16483766000954092,-0.0010954783428746562,0.0010954783428746562,fit
1392,/home/jinsookim/HEA_MC/FeCoNiPtPd_HER/cgcnn/100/add_data/results_dir/1392.cif,0.1576230512962969,slab100,54,108,54.0,0.15166926916194312,0.005953782134353769,0.005953782134353769,0.15107762278285916,0.006545428513437729,0.006545428513437729,fit
1393,/home/jinsookim/HEA_MC/FeCoNiPtPd_HER/cgcnn/100/add_data/results_dir/1393.cif,0.16530561592592494,slab100,54,108,54.0,0.15074471928547561,0.014560896640449322,0.014560896640449322,0.1498077212240252,0.015497894701899745,0.015497894701899745,fit
1394,/home/jinsookim/HEA_MC/FeCoNiPtPd_HER/cgcnn/100/add_data/results_dir/1394.cif,0.17923847277777713,slab100,54,108,54.0,0.1943794285772834,-0.015140955799506278,0.015140955799506278,0.19464527262241538,-0.015406799844638247,0.015406799844638247,fit
1395,/home/jinsookim/HEA_MC/FeCoNiPtPd_HER/cgcnn/100/add_data/results_dir/1395.cif,0.20625252500000069,slab100,54,108,54.0,0.2098043674504472,-0.003551842450446513,0.003551842450446513,0.21256302104159103,-0.006310496041590341,0.006310496041590341,holdout
1396,/home/jinsookim/HEA_MC/FeCoNiPtPd_HER/cgcnn/100/add_data/results_dir/1396.cif,0.17387346314814908,slab100,54,108,54.0,0.1790767550195596,-0.005203291871410526,0.005203291871410526,0.1784338685888991,-0.004560405440750009,0.004560405440750009,holdout
1397,/home/jinsookim/HEA_MC/FeCoNiPtPd_HER/cgcnn/100/add_data/results_dir/1397.cif,0.15413437907407493,slab100,54,108,54.0,0.154911158205809,-0.0007767791317340733,0.0007767791317340733,0.15474050210682372,-0.0006061230327487899,0.0006061230327487899,fit
1398,/home/jinsookim/HEA_MC/FeCoNiPtPd_HER/cgcnn/100/add_data/results_dir/1398.cif,0.1605809966666664,slab100,54,108,54.0,0.15909346963936127,0.0014875270273051189,0.0014875270273051189,0.1587474030596192,0.0018335936070471848,0.0018335936070471848,fit
1399,/home/jinsookim/HEA_MC/FeCoNiPtPd_HER/cgcnn/100/add_data/results_dir/1399.cif,0.18434852796296278,slab100,54,108,54.0,0.2060148029757766,-0.021666275012813818,0.021666275012813818,0.20507626255396247,-0.02072773459099969,0.02072773459099969,fit
1400,/home/jinsookim/HEA_MC/FeCoNiPtPd_HER/cgcnn/100/add_data/results_dir/1400.cif,0.19919162499999954,slab100,54,108,54.0,0.18132265076410228,0.017868974235897256,0.017868974235897256,0.1826322278606162,0.01655939713938334,0.01655939713938334,fit
1401,/home/jinsookim/HEA_MC/FeCoNiPtPd_HER/cgcnn/100/add_data/results_dir/1401.cif,0.1688834422222227,slab100,54,108,54.0,0.16693516018903348,0.0019482820331892248,0.0019482820331892248,0.16648376285099958,0.0023996793712231235,0.0023996793712231235,holdout
1402,/home/jinsookim/HEA_MC/FeCoNiPtPd_HER/cgcnn/100/add_data/results_dir/1402.cif,0.18178106055555604,slab100,54,108,54.0,0.18928623571544423,-0.007505175159888189,0.007505175159888189,0.18926492073704188,-0.007483860181485835,0.007483860181485835,fit
1403,/home/jinsookim/HEA_MC/FeCoNiPtPd_HER/cgcnn/100/add_data/results_dir/1403.cif,0.1849199668518519,slab100,54,108,54.0,0.19238140440251913,-0.0074614375506672215,0.0074614375506672215,0.19340457709831524,-0.008484610246463326,0.008484610246463326,fit
1404,/home/jinsookim/HEA_MC/FeCoNiPtPd_HER/cgcnn/100/add_data/results_dir/1404.cif,0.170645770925926,slab100,54,108,54.0,0.16836112583063093,0.002284645095295079,0.002284645095295079,0.17084982166718352,-0.000204050741257511,0.000204050741257511,fit
1405,/home/jinsookim/HEA_MC/FeCoNiPtPd_HER/cgcnn/100/add_data/results_dir/1405.cif,0.15329768055555507,slab100,54,108,54.0,0.15694086344761457,-0.0036431828920595044,0.0036431828920595044,0.15719853160913028,-0.0039008510535752106,0.0039008510535752106,fit
1406,/home/jinsookim/HEA_MC/FeCoNiPtPd_HER/cgcnn/100/add_data/results_dir/1406.cif,0.15986972814814782,slab100,54,108,54.0,0.17277894548916356,-0.012909217341015744,0.012909217341015744,0.17197005956651754,-0.01210033141836972,0.01210033141836972,fit
1407,/home/jinsookim/HEA_MC/FeCoNiPtPd_HER/cgcnn/100/add_data/results_dir/1407.cif,0.19437916185185178,slab100,54,108,54.0,0.19265217550361619,0.001726986348235593,0.001726986348235593,0.19573421963093282,-0.0013550577790810425,0.0013550577790810425,fit
1408,/home/jinsookim/HEA_MC/FeCoNiPtPd_HER/cgcnn/100/add_data/results_dir/1408.cif,0.20959729425925916,slab100,54,108,54.0,0.20663800200968513,0.0029592922495740304,0.0029592922495740304,0.2065859673029335,0.003011326956325666,0.003011326956325666,holdout
1409,/home/jinsookim/HEA_MC/FeCoNiPtPd_HER/cgcnn/100/add_data/results_dir/1409.cif,0.1844893429629632,slab100,54,108,54.0,0.1831586991525858,0.0013306438103773965,0.0013306438103773965,0.18389622624321222,0.0005931167197509857,0.0005931167197509857,fit
1410,/home/jinsookim/HEA_MC/FeCoNiPtPd_HER/cgcnn/100/add_data/results_dir/1410.cif,0.19198734851851823,slab100,54,108,54.0,0.18409878087022172,0.007888567648296513,0.007888567648296513,0.18457337613389085,0.007413972384627376,0.007413972384627376,fit
1411,/home/jinsookim/HEA_MC/FeCoNiPtPd_HER/cgcnn/100/add_data/results_dir/1411.cif,0.1845394688888891,slab100,54,108,54.0,0.17801085093846913,0.006528617950419979,0.006528617950419979,0.17761215662035243,0.006927312268536684,0.006927312268536684,fit
1412,/home/jinsookim/HEA_MC/FeCoNiPtPd_HER/cgcnn/100/add_data/results_dir/1412.cif,0.21126915907407384,slab100,54,108,54.0,0.19502042199152195,0.016248737082551895,0.016248737082551895,0.19313985253580385,0.018129306538269996,0.018129306538269996,holdout
1413,/home/jinsookim/HEA_MC/FeCoNiPtPd_HER/cgcnn/100/add_data/results_dir/1413.cif,0.17722865370370333,slab100,54,108,54.0,0.18171089598226464,-0.00448224227856131,0.00448224227856131,0.1824958207035381,-0.00526716699983476,0.00526716699983476,fit
1414,/home/jinsookim/HEA_MC/FeCoNiPtPd_HER/cgcnn/100/add_data/results_dir/1414.cif,0.16900280074074098,slab100,54,108,54.0,0.15496909831146632,0.014033702429274653,0.014033702429274653,0.15455906028782837,0.014443740452912607,0.014443740452912607,fit
1415,/home/jinsookim/HEA_MC/FeCoNiPtPd_HER/cgcnn/100/add_data/results_dir/1415.cif,0.15349393166666633,slab100,54,108,54.0,0.14307121804428066,0.010422713622385671,0.010422713622385671,0.1412422399832003,0.012251691683466043,0.012251691683466043,fit
1416,/home/jinsookim/HEA_MC/FeCoNiPtPd_HER/cgcnn/100/add_data/results_dir/1416.cif,0.18589308592592602,slab100,54,108,54.0,0.17989570888092726,0.005997377044998753,0.005997377044998753,0.17953528083334971,0.006357805092576302,0.006357805092576302,fit
1417,/home/jinsookim/HEA_MC/FeCoNiPtPd_HER/cgcnn/100/add_data/results_dir/1417.cif,0.17231392425925926,slab100,54,108,54.0,0.1778010810885195,-0.005487156829260237,0.005487156829260237,0.17867058771452712,-0.006356663455267864,0.006356663455267864,fit
1418,/home/jinsookim/HEA_MC/FeCoNiPtPd_HER/cgcnn/100/add_data/results_dir/1418.cif,0.17025556388888938,slab100,54,108,54.0,0.14753747558689595,0.022718088301993428,0.022718088301993428,0.14719288293433463,0.023062680954554743,0.023062680954554743,fit
1419,/home/jinsookim/HEA_MC/FeCoNiPtPd_HER/cgcnn/100/add_data/results_dir/1419.cif,0.20551989962962966,slab100,54,108,54.0,0.20546485498242706,5.504464720260116e-05,5.504464720260116e-05,0.20592498533321163,-0.00040508570358196994,0.00040508570358196994,fit
1420,/home/jinsookim/HEA_MC/FeCoNiPtPd_HER/cgcnn/100/add_data/results_dir/1420.cif,0.1802946214814822,slab100,54,108,54.0,0.19399855602353658,-0.013703934542054375,0.013703934542054375,0.19396808725532777,-0.013673465773845567,0.013673465773845567,fit
1421,/home/jinsookim/HEA_MC/FeCoNiPtPd_HER/cgcnn/100/add_data/results_dir/1421.cif,0.22733416851851806,slab100,54,108,54.0,0.2244962005627078,0.002837967955810261,0.002837967955810261,0.22358217405296033,0.0037519944655577397,0.0037519944655577397,fit
1422,/home/jinsookim/HEA_MC/FeCoNiPtPd_HER/cgcnn/100/add_data/results_dir/1422.cif,0.21808510592592678,slab100,54,108,54.0,0.20100555521092112,0.017079550715005665,0.017079550715005665,0.1992462907605483,0.01883881516537847,0.01883881516537847,fit
1423,/home/jinsookim/HEA_MC/FeCoNiPtPd_HER/cgcnn/100/add_data/results_dir/1423.cif,0.19462329611111098,slab100,54,108,54.0,0.18493033641988577,0.009692959691225217,0.009692959691225217,0.18482920463009164,0.00979409148101934,0.00979409148101934,holdout
1424,/home/jinsookim/HEA_MC/FeCoNiPtPd_HER/cgcnn/100/add_data/results_dir/1424.cif,0.16100761296296237,slab100,54,108,54.0,0.15570348753400404,0.005304125428958334,0.005304125428958334,0.1548510974548694,0.006156515508092958,0.006156515508092958,fit
1425,/home/jinsookim/HEA_MC/FeCoNiPtPd_HER/cgcnn/100/add_data/results_dir/1425.cif,0.183105278703704,slab100,54,108,54.0,0.17131613555669928,0.011789143147004716,0.011789143147004716,0.17095444955479908,0.012150829148904918,0.012150829148904918,fit
1426,/home/jinsookim/HEA_MC/FeCoNiPtPd_HER/cgcnn/100/add_data/results_dir/1426.cif,0.21008098407407333,slab100,54,108,54.0,0.2005649036049376,0.00951608046913574,0.00951608046913574,0.19986623292946132,0.010214751144612011,0.010214751144612011,fit
1427,/home/jinsookim/HEA_MC/FeCoNiPtPd_HER/cgcnn/100/add_data/results_dir/1427.cif,0.17277593759259255,slab100,54,108,54.0,0.17767783570302714,-0.004901898110434594,0.004901898110434594,0.17856684478146798,-0.005790907188875427,0.005790907188875427,fit
1428,/home/jinsookim/HEA_MC/FeCoNiPtPd_HER/cgcnn/100/add_data/results_dir/1428.cif,0.18020729407407365,slab100,54,108,54.0,0.16454404646933685,0.015663247604736807,0.015663247604736807,0.1642270028731262,0.01598029120094746,0.01598029120094746,fit
1429,/home/jinsookim/HEA_MC/FeCoNiPtPd_HER/cgcnn/100/add_data/results_dir/1429.cif,0.19401024148148147,slab100,54,108,54.0,0.18937149527261044,0.004638746208871031,0.004638746208871031,0.19093802625747822,0.0030722152240032496,0.0030722152240032496,fit
1430,/home/jinsookim/HEA_MC/FeCoNiPtPd_HER/cgcnn/100/add_data/results_dir/1430.cif,0.19367461851851853,slab100,54,108,54.0,0.20568092284597927,-0.012006304327460748,0.012006304327460748,0.20644366728635175,-0.012769048767833219,0.012769048767833219,fit
1431,/home/jinsookim/HEA_MC/FeCoNiPtPd_HER/cgcnn/100/add_data/results_dir/1431.cif,0.21131511981481574,slab100,54,108,54.0,0.205331224609552,0.0059838952052637395,0.0059838952052637395,0.2061253245985654,0.005189795216250348,0.005189795216250348,fit
1432,/home/jinsookim/HEA_MC/FeCoNiPtPd_HER/cgcnn/100/add_data/results_dir/1432.cif,0.23913655018518576,slab100,54,108,54.0,0.22674100499380775,0.012395545191378005,0.012395545191378005,0.22845470129282336,0.0106818488923624,0.0106818488923624,fit
1433,/home/jinsookim/HEA_MC/FeCoNiPtPd_HER/cgcnn/100/add_data/results_dir/1433.cif,0.20619836462962995,slab100,54,108,54.0,0.1979930124050822,0.00820535222454774,0.00820535222454774,0.19895398066852774,0.007244383961102219,0.007244383961102219,fit
1434,/home/jinsookim/HEA_MC/FeCoNiPtPd_HER/cgcnn/100/add_data/results_dir/1434.cif,0.20742556796296258,slab100,54,108,54.0,0.2024954959008579,0.004930072062104662,0.004930072062104662,0.20375620577930947,0.003669362183653102,0.003669362183653102,fit
1435,/home/jinsookim/HEA_MC/FeCoNiPtPd_HER/cgcnn/100/add_data/results_dir/1435.cif,0.17064879518518536,slab100,54,108,54.0,0.15676937839491836,0.013879416790266996,0.013879416790266996,0.15609963150176254,0.014549163683422822,0.014549163683422822,fit
1436,/home/jinsookim/HEA_MC/FeCoNiPtPd_HER/cgcnn/100/add_data/results_dir/1436.cif,0.17788871037037077,slab100,54,108,54.0,0.1827513188113661,-0.004862608440995342,0.004862608440995342,0.18233489308509238,-0.004446182714721608,0.004446182714721608,fit
1437,/home/jinsookim/HEA_MC/FeCoNiPtPd_HER/cgcnn/100/add_data/results_dir/1437.cif,0.1982502496296303,slab100,54,108,54.0,0.20675286796440268,-0.008502618334772366,0.008502618334772366,0.20697556747537352,-0.008725317845743208,0.008725317845743208,fit
1438,/home/jinsookim/HEA_MC/FeCoNiPtPd_HER/cgcnn/100/add_data/results_dir/1438.cif,0.17093617777777792,slab100,54,108,54.0,0.16271479800282995,0.008221379774947968,0.008221379774947968,0.16493497466638277,0.006001203111395154,0.006001203111395154,fit
1439,/home/jinsookim/HEA_MC/FeCoNiPtPd_HER/cgcnn/100/add_data/results_dir/1439.cif,0.20127336240740748,slab100,54,108,54.0,0.19910044453347042,0.002172917873937058,0.002172917873937058,0.20051309456772054,0.00076026783968694,0.00076026783968694,fit
1440,/home/jinsookim/HEA_MC/FeCoNiPtPd_HER/cgcnn/100/add_data/results_dir/1440.cif,0.22842232388888903,slab100,54,108,54.0,0.23641638376838311,-0.007994059879494086,0.007994059879494086,0.23696700632818568,-0.008544682439296652,0.008544682439296652,fit
1441,/home/jinsookim/HEA_MC/FeCoNiPtPd_HER/cgcnn/100/add_data/results_dir/1441.cif,0.1950752253703698,slab100,54,108,54.0,0.18835131617664025,0.00672390919372956,0.00672390919372956,0.18832673368094616,0.006748491689423652,0.006748491689423652,fit
1442,/home/jinsookim/HEA_MC/FeCoNiPtPd_HER/cgcnn/100/add_data/results_dir/1442.cif,0.20093639740740818,slab100,54,108,54.0,0.1894115155560443,0.011524881851363883,0.011524881851363883,0.1893939425379682,0.011542454869439972,0.011542454869439972,fit
1443,/home/jinsookim/HEA_MC/FeCoNiPtPd_HER/cgcnn/100/add_data/results_dir/1443.cif,0.2142086135185187,slab100,54,108,54.0,0.21689329812735722,-0.002684684608838528,0.002684684608838528,0.21644066454243807,-0.002232051023919379,0.002232051023919379,fit
1444,/home/jinsookim/HEA_MC/FeCoNiPtPd_HER/cgcnn/100/add_data/results_dir/1444.cif,0.18318757962963003,slab100,54,108,54.0,0.19842443379823263,-0.015236854168602598,0.015236854168602598,0.1966865508293538,-0.013498971199723764,0.013498971199723764,fit
1445,/home/jinsookim/HEA_MC/FeCoNiPtPd_HER/cgcnn/100/add_data/results_dir/1445.cif,0.20439371851851876,slab100,54,108,54.0,0.22750726453072206,-0.023113546012203307,0.023113546012203307,0.22795576476529736,-0.0235620462467786,0.0235620462467786,holdout
1446,/home/jinsookim/HEA_MC/FeCoNiPtPd_HER/cgcnn/100/add_data/results_dir/1446.cif,0.20559238703703772,slab100,54,108,54.0,0.22181314007381853,-0.016220753036780805,0.016220753036780805,0.2238983328387518,-0.018305945801714074,0.018305945801714074,holdout
1447,/home/jinsookim/HEA_MC/FeCoNiPtPd_HER/cgcnn/100/add_data/results_dir/1447.cif,0.20196495685185153,slab100,54,108,54.0,0.21558913713304206,-0.013624180281190529,0.013624180281190529,0.21766257094721342,-0.015697614095361884,0.015697614095361884,fit
1448,/home/jinsookim/HEA_MC/FeCoNiPtPd_HER/cgcnn/100/add_data/results_dir/1448.cif,0.18352031407407363,slab100,54,108,54.0,0.186549443972525,-0.0030291298984513604,0.0030291298984513604,0.18633290225636875,-0.002812588182295128,0.002812588182295128,fit
1449,/home/jinsookim/HEA_MC/FeCoNiPtPd_HER/cgcnn/100/add_data/results_dir/1449.cif,0.21707071388888932,slab100,54,108,54.0,0.22466020561921676,-0.007589491730327441,0.007589491730327441,0.2265669549746238,-0.009496241085734491,0.009496241085734491,fit
1450,/home/jinsookim/HEA_MC/FeCoNiPtPd_HER/cgcnn/100/add_data/results_dir/1450.cif,0.22874452851851856,slab100,54,108,54.0,0.21542341794720127,0.013321110571317296,0.013321110571317296,0.21695682489289259,0.011787703625625978,0.011787703625625978,fit
1451,/home/jinsookim/HEA_MC/FeCoNiPtPd_HER/cgcnn/100/add_data/results_dir/1451.cif,0.21138893796296332,slab100,54,108,54.0,0.21420034058763984,-0.0028114026246765234,0.0028114026246765234,0.2138046479366364,-0.0024157099736730747,0.0024157099736730747,fit
1452,/home/jinsookim/HEA_MC/FeCoNiPtPd_HER/cgcnn/100/add_data/results_dir/1452.cif,0.17647063500000063,slab100,54,108,54.0,0.17354591989475465,0.002924715105245973,0.002924715105245973,0.1743351859669297,0.0021354490330709186,0.0021354490330709186,fit
1453,/home/jinsookim/HEA_MC/FeCoNiPtPd_HER/cgcnn/100/add_data/results_dir/1453.cif,0.18526571222222254,slab100,54,108,54.0,0.17578830731285514,0.00947740490936741,0.00947740490936741,0.17656062665690553,0.008705085565317017,0.008705085565317017,fit
1454,/home/jinsookim/HEA_MC/FeCoNiPtPd_HER/cgcnn/100/add_data/results_dir/1454.cif,0.17566038925925942,slab100,54,108,54.0,0.18480010097412972,-0.009139711714870297,0.009139711714870297,0.18399017270032328,-0.00832978344106386,0.00832978344106386,fit
1455,/home/jinsookim/HEA_MC/FeCoNiPtPd_HER/cgcnn/100/add_data/results_dir/1455.cif,0.19212444185185132,slab100,54,108,54.0,0.18837326418561715,0.0037511776662341734,0.0037511776662341734,0.1888154143052508,0.003309027546600507,0.003309027546600507,holdout
1456,/home/jinsookim/HEA_MC/FeCoNiPtPd_HER/cgcnn/100/add_data/results_dir/1456.cif,0.2044780661111108,slab100,54,108,54.0,0.20137931597101044,0.003098750140100359,0.003098750140100359,0.20307285913223824,0.0014052069788725585,0.0014052069788725585,fit
1457,/home/jinsookim/HEA_MC/FeCoNiPtPd_HER/cgcnn/100/add_data/results_dir/1457.cif,0.14668175907407402,slab100,54,108,54.0,0.1466791278308768,2.631243197215305e-06,2.631243197215305e-06,0.1455885592719947,0.0010931998020793088,0.0010931998020793088,fit
1458,/home/jinsookim/HEA_MC/FeCoNiPtPd_HER/cgcnn/100/add_data/results_dir/1458.cif,0.19262631722222173,slab100,54,108,54.0,0.20672262673374422,-0.014096309511522492,0.014096309511522492,0.2065075006917473,-0.013881183469525576,0.013881183469525576,fit
1459,/home/jinsookim/HEA_MC/FeCoNiPtPd_HER/cgcnn/100/add_data/results_dir/1459.cif,0.18750993111111122,slab100,54,108,54.0,0.1865356945329014,0.0009742365782098306,0.0009742365782098306,0.18545560720689305,0.0020543239042181693,0.0020543239042181693,fit
1460,/home/jinsookim/HEA_MC/FeCoNiPtPd_HER/cgcnn/100/add_data/results_dir/1460.cif,0.19452734629629626,slab100,54,108,54.0,0.18779354427189257,0.0067338020244036845,0.0067338020244036845,0.18708966750601574,0.007437678790280511,0.007437678790280511,fit
1461,/home/jinsookim/HEA_MC/FeCoNiPtPd_HER/cgcnn/100/add_data/results_dir/1461.cif,0.20527202203703715,slab100,54,108,54.0,0.19400691249347385,0.0112651095435633,0.0112651095435633,0.1939890884814141,0.011282933555623043,0.011282933555623043,fit
1462,/home/jinsookim/HEA_MC/FeCoNiPtPd_HER/cgcnn/100/add_data/results_dir/1462.cif,0.201881919444444,slab100,54,108,54.0,0.19360840676581084,0.00827351267863316,0.00827351267863316,0.19503940063400574,0.006842518810438264,0.006842518810438264,holdout
1463,/home/jinsookim/HEA_MC/FeCoNiPtPd_HER/cgcnn/100/add_data/results_dir/1463.cif,0.17716802037037066,slab100,54,108,54.0,0.17253540550089824,0.004632614869472418,0.004632614869472418,0.17145673318476018,0.005711287185610481,0.005711287185610481,fit
1464,/home/jinsookim/HEA_MC/FeCoNiPtPd_HER/cgcnn/100/add_data/results_dir/1464.cif,0.17530749240740798,slab100,54,108,54.0,0.17551885456748442,-0.00021136216007644482,0.00021136216007644482,0.17616481578362778,-0.0008573233762197985,0.0008573233762197985,fit
1465,/home/jinsookim/HEA_MC/FeCoNiPtPd_HER/cgcnn/100/add_data/results_dir/1465.cif,0.17992785407407427,slab100,54,108,54.0,0.19912800687549032,-0.019200152801416043,0.019200152801416043,0.19792161308947243,-0.017993759015398153,0.017993759015398153,fit
1466,/home/jinsookim/HEA_MC/FeCoNiPtPd_HER/cgcnn/100/add_data/results_dir/1466.cif,0.19059069981481494,slab100,54,108,54.0,0.18736160423758652,0.003229095577228419,0.003229095577228419,0.1876834191794651,0.0029072806353498404,0.0029072806353498404,fit
1467,/home/jinsookim/HEA_MC/FeCoNiPtPd_HER/cgcnn/100/add_data/results_dir/1467.cif,0.1832737670370374,slab100,54,108,54.0,0.18661106316811774,-0.0033372961310803306,0.0033372961310803306,0.18779289581113126,-0.004519128774093856,0.004519128774093856,fit
1468,/home/jinsookim/HEA_MC/FeCoNiPtPd_HER/cgcnn/100/add_data/results_dir/1468.cif,0.15969891851851883,slab100,54,108,54.0,0.16600560183692456,-0.006306683318405726,0.006306683318405726,0.1643242598824069,-0.004625341363888064,0.004625341363888064,fit
1469,/home/jinsookim/HEA_MC/FeCoNiPtPd_HER/cgcnn/100/add_data/results_dir/1469.cif,0.17885965703703627,slab100,54,108,54.0,0.17630263551513678,0.0025570215218994885,0.0025570215218994885,0.17760830586411178,0.001251351172924492,0.001251351172924492,fit
1470,/home/jinsookim/HEA_MC/FeCoNiPtPd_HER/cgcnn/100/add_data/results_dir/1470.cif,0.18060693759259216,slab100,54,108,54.0,0.18689953321296274,-0.006292595620370572,0.006292595620370572,0.18888210601396918,-0.008275168421377016,0.008275168421377016,holdout
1471,/home/jinsookim/HEA_MC/FeCoNiPtPd_HER/cgcnn/100/add_data/results_dir/1471.cif,0.20498777425925982,slab100,54,108,54.0,0.20189590055829487,0.0030918737009649477,0.0030918737009649477,0.20229655080214629,0.002691223457113534,0.002691223457113534,fit
1472,/home/jinsookim/HEA_MC/FeCoNiPtPd_HER/cgcnn/100/add_data/results_dir/1472.cif,0.16072151648148114,slab100,54,108,54.0,0.16441490888063823,-0.003693392399157086,0.003693392399157086,0.16303438962654035,-0.0023128731450592077,0.0023128731450592077,fit
1473,/home/jinsookim/HEA_MC/FeCoNiPtPd_HER/cgcnn/100/add_data/results_dir/1473.cif,0.19529539611111058,slab100,54,108,54.0,0.19403377544366981,0.0012616206674407604,0.0012616206674407604,0.19342690417243244,0.0018684919386781351,0.0018684919386781351,fit
1474,/home/jinsookim/HEA_MC/FeCoNiPtPd_HER/cgcnn/100/add_data/results_dir/1474.cif,0.20421308962962964,slab100,54,108,54.0,0.18207987769748718,0.02213321193214246,0.02213321193214246,0.18247104839949999,0.021742041230129655,0.021742041230129655,fit
1475,/home/jinsookim/HEA_MC/FeCoNiPtPd_HER/cgcnn/100/add_data/results_dir/1475.cif,0.20324747037037022,slab100,54,108,54.0,0.19603887716731014,0.007208593203060082,0.007208593203060082,0.19663162654673266,0.006615843823637557,0.006615843823637557,fit
1476,/home/jinsookim/HEA_MC/FeCoNiPtPd_HER/cgcnn/100/add_data/results_dir/1476.cif,0.19152769462962949,slab100,54,108,54.0,0.1794082725892086,0.01211942204042088,0.01211942204042088,0.18044540661646052,0.011082288013168962,0.011082288013168962,fit
1477,/home/jinsookim/HEA_MC/FeCoNiPtPd_HER/cgcnn/100/add_data/results_dir/1477.cif,0.17462748962963007,slab100,54,108,54.0,0.1555034582861723,0.019124031343457776,0.019124031343457776,0.1525536458699146,0.022073843759715467,0.022073843759715467,holdout
1478,/home/jinsookim/HEA_MC/FeCoNiPtPd_HER/cgcnn/100/add_data/results_dir/1478.cif,0.14714408425925918,slab100,54,108,54.0,0.14427577791577703,0.0028683063434821465,0.0028683063434821465,0.14333565055927372,0.0038084336999854584,0.0038084336999854584,fit
1479,/home/jinsookim/HEA_MC/FeCoNiPtPd_HER/cgcnn/100/add_data/results_dir/1479.cif,0.17929975944444457,slab100,54,108,54.0,0.18551009191264645,-0.006210332468201879,0.006210332468201879,0.18545961613715525,-0.006159856692710686,0.006159856692710686,fit
1480,/home/jinsookim/HEA_MC/FeCoNiPtPd_HER/cgcnn/100/add_data/results_dir/1480.cif,0.18309882111111092,slab100,54,108,54.0,0.18155270698148857,0.0015461141296223557,0.0015461141296223557,0.18301462228726273,8.419882384819166e-05,8.419882384819166e-05,fit
1481,/home/jinsookim/HEA_MC/FeCoNiPtPd_HER/cgcnn/100/add_data/results_dir/1481.cif,0.1661262366666668,slab100,54,108,54.0,0.1982262546673189,-0.032100018000652125,0.032100018000652125,0.19787767532699757,-0.03175143866033078,0.03175143866033078,fit
1482,/home/jinsookim/HEA_MC/FeCoNiPtPd_HER/cgcnn/100/add_data/results_dir/1482.cif,0.16263993759259238,slab100,54,108,54.0,0.15987192828705618,0.0027680093055361954,0.0027680093055361954,0.15898430511864683,0.0036556324739455415,0.0036556324739455415,fit
1483,/home/jinsookim/HEA_MC/FeCoNiPtPd_HER/cgcnn/100/add_data/results_dir/1483.cif,0.19256568314814773,slab100,54,108,54.0,0.19294733588552962,-0.0003816527373818879,0.0003816527373818879,0.19278797584078977,-0.00022229269264203988,0.00022229269264203988,fit
1484,/home/jinsookim/HEA_MC/FeCoNiPtPd_HER/cgcnn/100/add_data/results_dir/1484.cif,0.17920068407407383,slab100,54,108,54.0,0.18287583986247122,-0.0036751557883973884,0.0036751557883973884,0.1822241279184526,-0.003023443844378776,0.003023443844378776,fit
1485,/home/jinsookim/HEA_MC/FeCoNiPtPd_HER/cgcnn/100/add_data/results_dir/1485.cif,0.15854961370370416,slab100,54,108,54.0,0.14817400286276977,0.010375610840934385,0.010375610840934385,0.147388969394607,0.011160644309097162,0.011160644309097162,holdout
1486,/home/jinsookim/HEA_MC/FeCoNiPtPd_HER/cgcnn/100/add_data/results_dir/1486.cif,0.18181685277777834,slab100,54,108,54.0,0.17164819309588314,0.010168659681895204,0.010168659681895204,0.17165918354728996,0.010157669230488386,0.010157669230488386,fit
1487,/home/jinsookim/HEA_MC/FeCoNiPtPd_HER/cgcnn/100/add_data/results_dir/1487.cif,0.16441268981481438,slab100,54,108,54.0,0.1681445456475482,-0.0037318558327338047,0.0037318558327338047,0.16853101952448404,-0.00411832970966966,0.00411832970966966,fit
1488,/home/jinsookim/HEA_MC/FeCoNiPtPd_HER/cgcnn/100/add_data/results_dir/1488.cif,0.2203477722222218,slab100,54,108,54.0,0.22279018210550675,-0.0024424098832849517,0.0024424098832849517,0.22345257902782406,-0.003104806805602267,0.003104806805602267,fit
1489,/home/jinsookim/HEA_MC/FeCoNiPtPd_HER/cgcnn/100/add_data/results_dir/1489.cif,0.1937422312962964,slab100,54,108,54.0,0.1843721429607869,0.00937008833550948,0.00937008833550948,0.18495175535870956,0.008790475937586834,0.008790475937586834,fit
1490,/home/jinsookim/HEA_MC/FeCoNiPtPd_HER/cgcnn/100/add_data/results_dir/1490.cif,0.1941853588888886,slab100,54,108,54.0,0.18886654196591254,0.005318816922976061,0.005318816922976061,0.1897626412641751,0.004422717624713496,0.004422717624713496,fit
1491,/home/jinsookim/HEA_MC/FeCoNiPtPd_HER/cgcnn/100/add_data/results_dir/1491.cif,0.19733827666666603,slab100,54,108,54.0,0.18758277147089464,0.009755505195771397,0.009755505195771397,0.18687712195549439,0.01046115471117165,0.01046115471117165,fit
1492,/home/jinsookim/HEA_MC/FeCoNiPtPd_HER/cgcnn/100/add_data/results_dir/1492.cif,0.16718494722222224,slab100,54,108,54.0,0.16395673854360007,0.0032282086786221686,0.0032282086786221686,0.164610221791655,0.0025747254305672485,0.0025747254305672485,fit
1493,/home/jinsookim/HEA_MC/FeCoNiPtPd_HER/cgcnn/100/add_data/results_dir/1493.cif,0.1888446224074069,slab100,54,108,54.0,0.18367826121034342,0.005166361197063485,0.005166361197063485,0.18311312772793914,0.0057314946794677635,0.0057314946794677635,fit
1494,/home/jinsookim/HEA_MC/FeCoNiPtPd_HER/cgcnn/100/add_data/results_dir/1494.cif,0.2023221846296287,slab100,54,108,54.0,0.21001924973512112,-0.007697065105492423,0.007697065105492423,0.2100425188427155,-0.007720334213086794,0.007720334213086794,fit
1495,/home/jinsookim/HEA_MC/FeCoNiPtPd_HER/cgcnn/100/add_data/results_dir/1495.cif,0.2071555029629632,slab100,54,108,54.0,0.20590613429923404,0.0012493686637291557,0.0012493686637291557,0.2051511115804646,0.0020043913824986104,0.0020043913824986104,holdout
1496,/home/jinsookim/HEA_MC/FeCoNiPtPd_HER/cgcnn/100/add_data/results_dir/1496.cif,0.14957461814814813,slab100,54,108,54.0,0.15662328550595114,-0.007048667357803018,0.007048667357803018,0.1549162348496641,-0.005341616701515978,0.005341616701515978,fit
1497,/home/jinsookim/HEA_MC/FeCoNiPtPd_HER/cgcnn/100/add_data/results_dir/1497.cif,0.20881807870370356,slab100,54,108,54.0,0.19518852631340441,0.013629552390299143,0.013629552390299143,0.1942453571163992,0.014572721587304355,0.014572721587304355,fit
1498,/home/jinsookim/HEA_MC/FeCoNiPtPd_HER/cgcnn/100/add_data/results_dir/1498.cif,0.19988182944444516,slab100,54,108,54.0,0.2069683077775103,-0.007086478333065138,0.007086478333065138,0.20727867813432757,-0.007396848689882413,0.007396848689882413,fit
1499,/home/jinsookim/HEA_MC/FeCoNiPtPd_HER/cgcnn/100/add_data/results_dir/1499.cif,0.15812361074074066,slab100,54,108,54.0,0.14848787367105168,0.009635737069688982,0.009635737069688982,0.14777702288658393,0.010346587854156736,0.010346587854156736,fit
1500,/home/jinsookim/HEA_MC/FeCoNiPtPd_HER/cgcnn/100/add_data/results_dir/1500.cif,0.17533446055555532,slab100,54,108,54.0,0.1782980000677429,-0.002963539512187585,0.002963539512187585,0.17847023148352065,-0.0031357709279653256,0.0031357709279653256,fit
1501,/home/jinsookim/HEA_MC/FeCoNiPtPd_HER/cgcnn/100/add_data/results_dir/1501.cif,0.2096758151851856,slab100,54,108,54.0,0.2035530529754574,0.006122762209728211,0.006122762209728211,0.20485280710813553,0.004823008077050078,0.004823008077050078,fit
1502,/home/jinsookim/HEA_MC/FeCoNiPtPd_HER/cgcnn/100/add_data/results_dir/1502.cif,0.1232598211111106,slab100,54,108,54.0,0.12306261179972838,0.00019720931138221542,0.00019720931138221542,0.12102340146374914,0.0022364196473614595,0.0022364196473614595,fit
1503,/home/jinsookim/HEA_MC/FeCoNiPtPd_HER/cgcnn/100/add_data/results_dir/1503.cif,0.17535036111111055,slab100,54,108,54.0,0.18995841869923663,-0.014608057588126083,0.014608057588126083,0.19033653573874942,-0.014986174627638876,0.014986174627638876,fit
1504,/home/jinsookim/HEA_MC/FeCoNiPtPd_HER/cgcnn/100/add_data/results_dir/1504.cif,0.23729675629629632,slab100,54,108,54.0,0.233232691038854,0.004064065257442323,0.004064065257442323,0.2327506269598244,0.004546129336471916,0.004546129336471916,holdout
1505,/home/jinsookim/HEA_MC/FeCoNiPtPd_HER/cgcnn/100/add_data/results_dir/1505.cif,0.14597793037037096,slab100,54,108,54.0,0.1627673373349906,-0.01678940696461964,0.01678940696461964,0.16238362738099316,-0.016405697010622194,0.016405697010622194,fit
1506,/home/jinsookim/HEA_MC/FeCoNiPtPd_HER/cgcnn/100/add_data/results_dir/1506.cif,0.19728959907407398,slab100,54,108,54.0,0.19751276429045364,-0.00022316521637966158,0.00022316521637966158,0.19820224516554052,-0.0009126460914665457,0.0009126460914665457,holdout
1507,/home/jinsookim/HEA_MC/FeCoNiPtPd_HER/cgcnn/100/add_data/results_dir/1507.cif,0.15819350277777744,slab100,54,108,54.0,0.15053488409610055,0.0076586186816768875,0.0076586186816768875,0.1491107644399279,0.009082738337849533,0.009082738337849533,fit
1508,/home/jinsookim/HEA_MC/FeCoNiPtPd_HER/cgcnn/100/add_data/results_dir/1508.cif,0.17743306314814808,slab100,54,108,54.0,0.18312935066647576,-0.005696287518327681,0.005696287518327681,0.18272798183928957,-0.005294918691141487,0.005294918691141487,fit
1509,/home/jinsookim/HEA_MC/FeCoNiPtPd_HER/cgcnn/100/add_data/results_dir/1509.cif,0.22338166685185212,slab100,54,108,54.0,0.22116936884748514,0.0022122980043669804,0.0022122980043669804,0.2211575661759114,0.0022241006759407267,0.0022241006759407267,fit
1510,/home/jinsookim/HEA_MC/FeCoNiPtPd_HER/cgcnn/100/add_data/results_dir/1510.cif,0.21569004333333328,slab100,54,108,54.0,0.20969598949074092,0.005994053842592356,0.005994053842592356,0.20929452033477408,0.006395522998559194,0.006395522998559194,fit
1511,/home/jinsookim/HEA_MC/FeCoNiPtPd_HER/cgcnn/100/add_data/results_dir/1511.cif,0.20061296833333342,slab100,54,108,54.0,0.2085007918291544,-0.007887823495820984,0.007887823495820984,0.20793702956550505,-0.007324061232171636,0.007324061232171636,fit
1512,/home/jinsookim/HEA_MC/FeCoNiPtPd_HER/cgcnn/100/add_data/results_dir/1512.cif,0.16723669314814796,slab100,54,108,54.0,0.14742631747184143,0.01981037567630653,0.01981037567630653,0.1477023720539387,0.019534321094209245,0.019534321094209245,fit
1513,/home/jinsookim/HEA_MC/FeCoNiPtPd_HER/cgcnn/100/add_data/results_dir/1513.cif,0.1877187690740748,slab100,54,108,54.0,0.18436052723910987,0.0033582418349649423,0.0033582418349649423,0.18339763133969594,0.004321137734378866,0.004321137734378866,fit
1514,/home/jinsookim/HEA_MC/FeCoNiPtPd_HER/cgcnn/100/add_data/results_dir/1514.cif,0.20209488037037066,slab100,54,108,54.0,0.19000270958768875,0.012092170782681905,0.012092170782681905,0.1895834492025036,0.012511431167867043,0.012511431167867043,fit
1515,/home/jinsookim/HEA_MC/FeCoNiPtPd_HER/cgcnn/100/add_data/results_dir/1515.cif,0.1974021188888889,slab100,54,108,54.0,0.21108620880509119,-0.013684089916202291,0.013684089916202291,0.2099519983979296,-0.012549879509040712,0.012549879509040712,fit
1516,/home/jinsookim/HEA_MC/FeCoNiPtPd_HER/cgcnn/100/add_data/results_dir/1516.cif,0.1479150177777784,slab100,54,108,54.0,0.17168802317975165,-0.023773005401973246,0.023773005401973246,0.17008997861222638,-0.022174960834447976,0.022174960834447976,fit
1517,/home/jinsookim/HEA_MC/FeCoNiPtPd_HER/cgcnn/100/add_data/results_dir/1517.cif,0.22812646370370418,slab100,54,108,54.0,0.24343195109870486,-0.015305487395000678,0.015305487395000678,0.2452676217507921,-0.017141158047087907,0.017141158047087907,holdout
1518,/home/jinsookim/HEA_MC/FeCoNiPtPd_HER/cgcnn/100/add_data/results_dir/1518.cif,0.1502775096296297,slab100,54,108,54.0,0.16235494448434304,-0.012077434854713326,0.012077434854713326,0.16155216697991223,-0.011274657350282519,0.011274657350282519,fit
1519,/home/jinsookim/HEA_MC/FeCoNiPtPd_HER/cgcnn/100/add_data/results_dir/1519.cif,0.15492577148148184,slab100,54,108,54.0,0.15112187880520447,0.0038038926762773706,0.0038038926762773706,0.15087830448475065,0.004047466996731197,0.004047466996731197,holdout
1520,/home/jinsookim/HEA_MC/FeCoNiPtPd_HER/cgcnn/100/add_data/results_dir/1520.cif,0.16544601833333286,slab100,54,108,54.0,0.1728642062064546,-0.007418187873121734,0.007418187873121734,0.17300010520402556,-0.0075540868706927,0.0075540868706927,fit
1521,/home/jinsookim/HEA_MC/FeCoNiPtPd_HER/cgcnn/100/add_data/results_dir/1521.cif,0.17240187518518513,slab100,54,108,54.0,0.1562096703604915,0.016192204824693635,0.016192204824693635,0.15646430813493195,0.015937567050253176,0.015937567050253176,fit
1522,/home/jinsookim/HEA_MC/FeCoNiPtPd_HER/cgcnn/100/add_data/results_dir/1522.cif,0.20068939148148116,slab100,54,108,54.0,0.20896025676038543,-0.008270865278904277,0.008270865278904277,0.20837082665041817,-0.0076814351689370175,0.0076814351689370175,fit
1523,/home/jinsookim/HEA_MC/FeCoNiPtPd_HER/cgcnn/100/add_data/results_dir/1523.cif,0.14734596351851897,slab100,54,108,54.0,0.15016062561742788,-0.0028146620989089044,0.0028146620989089044,0.14917245077969,-0.001826487261171017,0.001826487261171017,fit
1524,/home/jinsookim/HEA_MC/FeCoNiPtPd_HER/cgcnn/100/add_data/results_dir/1524.cif,0.17763538000000023,slab100,54,108,54.0,0.18197565962872986,-0.004340279628729626,0.004340279628729626,0.18184250982985906,-0.0042071298298588244,0.0042071298298588244,fit
1525,/home/jinsookim/HEA_MC/FeCoNiPtPd_HER/cgcnn/100/add_data/results_dir/1525.cif,0.2448557335185184,slab100,54,108,54.0,0.2609622679906707,-0.016106534472152295,0.016106534472152295,0.2615655099724018,-0.016709776453883413,0.016709776453883413,fit
1526,/home/jinsookim/HEA_MC/FeCoNiPtPd_HER/cgcnn/100/add_data/results_dir/1526.cif,0.20073275648148106,slab100,54,108,54.0,0.19368889992929453,0.007043856552186534,0.007043856552186534,0.19376113548657325,0.006971620994907807,0.006971620994907807,fit
1527,/home/jinsookim/HEA_MC/FeCoNiPtPd_HER/cgcnn/100/add_data/results_dir/1527.cif,0.19607311037037053,slab100,54,108,54.0,0.18373297678368428,0.012340133586686258,0.012340133586686258,0.18255473112355908,0.013518379246811457,0.013518379246811457,fit
1528,/home/jinsookim/HEA_MC/FeCoNiPtPd_HER/cgcnn/100/add_data/results_dir/1528.cif,0.1643415190740743,slab100,54,108,54.0,0.16891877128461807,-0.004577252210543781,0.004577252210543781,0.16838219749143593,-0.004040678417361637,0.004040678417361637,fit
1529,/home/jinsookim/HEA_MC/FeCoNiPtPd_HER/cgcnn/100/add_data/results_dir/1529.cif,0.19831652574074013,slab100,54,108,54.0,0.18490602131237402,0.01341050442836611,0.01341050442836611,0.18388441485108578,0.014432110889654348,0.014432110889654348,fit
1530,/home/jinsookim/HEA_MC/FeCoNiPtPd_HER/cgcnn/100/add_data/results_dir/1530.cif,0.1800612033333327,slab100,54,108,54.0,0.17686229099271347,0.0031989123406192255,0.0031989123406192255,0.17605787632742692,0.004003327005905777,0.004003327005905777,holdout
1531,/home/jinsookim/HEA_MC/FeCoNiPtPd_HER/cgcnn/100/add_data/results_dir/1531.cif,0.1650142720370369,slab100,54,108,54.0,0.17163457030163504,-0.006620298264598146,0.006620298264598146,0.17176750643009156,-0.006753234393054669,0.006753234393054669,fit
1532,/home/jinsookim/HEA_MC/FeCoNiPtPd_HER/cgcnn/100/add_data/results_dir/1532.cif,0.18816242148148132,slab100,54,108,54.0,0.18904752015547643,-0.0008850986739951106,0.0008850986739951106,0.18952567746372684,-0.0013632559822455148,0.0013632559822455148,fit
1533,/home/jinsookim/HEA_MC/FeCoNiPtPd_HER/cgcnn/100/add_data/results_dir/1533.cif,0.19923808777777777,slab100,54,108,54.0,0.19241654130416988,0.006821546473607887,0.006821546473607887,0.19272912601427714,0.006508961763500631,0.006508961763500631,fit
1534,/home/jinsookim/HEA_MC/FeCoNiPtPd_HER/cgcnn/100/add_data/results_dir/1534.cif,0.1846355711111111,slab100,54,108,54.0,0.19163431502481412,-0.006998743913703032,0.006998743913703032,0.1927922851532387,-0.008156714042127616,0.008156714042127616,fit
1535,/home/jinsookim/HEA_MC/FeCoNiPtPd_HER/cgcnn/100/add_data/results_dir/1535.cif,0.16698939555555553,slab100,54,108,54.0,0.15444136079015308,0.01254803476540245,0.01254803476540245,0.15345063067072903,0.013538764884826499,0.013538764884826499,holdout
1536,/home/jinsookim/HEA_MC/FeCoNiPtPd_HER/cgcnn/100/add_data/results_dir/1536.cif,0.16286291777777673,slab100,54,108,54.0,0.158079829841474,0.004783087936302721,0.004783087936302721,0.15809431285330636,0.004768604924470371,0.004768604924470371,fit
1537,/home/jinsookim/HEA_MC/FeCoNiPtPd_HER/cgcnn/100/add_data/results_dir/1537.cif,0.13930291148148155,slab100,54,108,54.0,0.1342469469973322,0.005055964484149356,0.005055964484149356,0.13435753797904393,0.004945373502437622,0.004945373502437622,fit
1538,/home/jinsookim/HEA_MC/FeCoNiPtPd_HER/cgcnn/100/add_data/results_dir/1538.cif,0.23218987333333352,slab100,54,108,54.0,0.21819639236702146,0.01399348096631206,0.01399348096631206,0.2178007575384977,0.014389115794835816,0.014389115794835816,fit
1539,/home/jinsookim/HEA_MC/FeCoNiPtPd_HER/cgcnn/100/add_data/results_dir/1539.cif,0.2361197540740734,slab100,54,108,54.0,0.2350725986529782,0.0010471554210952083,0.0010471554210952083,0.23750586083304243,-0.0013861067589690246,0.0013861067589690246,fit
1540,/home/jinsookim/HEA_MC/FeCoNiPtPd_HER/cgcnn/100/add_data/results_dir/1540.cif,0.20349337999999972,slab100,54,108,54.0,0.19526258454061496,0.008230795459384765,0.008230795459384765,0.19517151411089453,0.00832186588910519,0.00832186588910519,fit
1541,/home/jinsookim/HEA_MC/FeCoNiPtPd_HER/cgcnn/100/add_data/results_dir/1541.cif,0.15459970814814764,slab100,54,108,54.0,0.1570607148679171,-0.002461006719769454,0.002461006719769454,0.15487653578814706,-0.00027682763999942184,0.00027682763999942184,fit
1542,/home/jinsookim/HEA_MC/FeCoNiPtPd_HER/cgcnn/100/add_data/results_dir/1542.cif,0.17985848462962992,slab100,54,108,54.0,0.18248600423811312,-0.002627519608483203,0.002627519608483203,0.18150348862456303,-0.0016450039949331141,0.0016450039949331141,fit
1543,/home/jinsookim/HEA_MC/FeCoNiPtPd_HER/cgcnn/100/add_data/results_dir/1543.cif,0.16292514537037017,slab100,54,108,54.0,0.1501910122800917,0.01273413309027846,0.01273413309027846,0.14982963200137744,0.013095513368992728,0.013095513368992728,fit
1544,/home/jinsookim/HEA_MC/FeCoNiPtPd_HER/cgcnn/100/add_data/results_dir/1544.cif,0.21154900388888917,slab100,54,108,54.0,0.21520570840905487,-0.003656704520165699,0.003656704520165699,0.21435246474311914,-0.002803460854229972,0.002803460854229972,fit
1545,/home/jinsookim/HEA_MC/FeCoNiPtPd_HER/cgcnn/100/add_data/results_dir/1545.cif,0.20238262592592568,slab100,54,108,54.0,0.2158510555809339,-0.013468429655008218,0.013468429655008218,0.217624151474885,-0.015241525548959328,0.015241525548959328,fit
1546,/home/jinsookim/HEA_MC/FeCoNiPtPd_HER/cgcnn/100/add_data/results_dir/1546.cif,0.19534439425925984,slab100,54,108,54.0,0.20115826834383654,-0.005813874084576703,0.005813874084576703,0.20212598794855952,-0.006781593689299675,0.006781593689299675,fit
1547,/home/jinsookim/HEA_MC/FeCoNiPtPd_HER/cgcnn/100/add_data/results_dir/1547.cif,0.17291522851851832,slab100,54,108,54.0,0.1602926164936984,0.01262261202481993,0.01262261202481993,0.16087737817963668,0.012037850338881634,0.012037850338881634,fit
1548,/home/jinsookim/HEA_MC/FeCoNiPtPd_HER/cgcnn/100/add_data/results_dir/1548.cif,0.19854398092592593,slab100,54,108,54.0,0.19408946705453847,0.0044545138713874555,0.0044545138713874555,0.19385423272771887,0.0046897481982070555,0.0046897481982070555,fit
1549,/home/jinsookim/HEA_MC/FeCoNiPtPd_HER/cgcnn/100/add_data/results_dir/1549.cif,0.17672896629629678,slab100,54,108,54.0,0.16887526063246527,0.007853705663831506,0.007853705663831506,0.16925881558652736,0.007470150709769419,0.007470150709769419,fit
1550,/home/jinsookim/HEA_MC/FeCoNiPtPd_HER/cgcnn/100/add_data/results_dir/1550.cif,0.21374052814814742,slab100,54,108,54.0,0.1975635816185306,0.01617694652961682,0.01617694652961682,0.19842994277535847,0.015310585372788954,0.015310585372788954,fit
1551,/home/jinsookim/HEA_MC/FeCoNiPtPd_HER/cgcnn/100/add_data/results_dir/1551.cif,0.1945612453703697,slab100,54,108,54.0,0.18950956629952426,0.005051679070845444,0.005051679070845444,0.18907669985746944,0.005484545512900257,0.005484545512900257,fit
1552,/home/jinsookim/HEA_MC/FeCoNiPtPd_HER/cgcnn/100/add_data/results_dir/1552.cif,0.2079187331481478,slab100,54,108,54.0,0.1938579393036278,0.014060793844519998,0.014060793844519998,0.19476379497639415,0.013154938171753644,0.013154938171753644,fit
1553,/home/jinsookim/HEA_MC/FeCoNiPtPd_HER/cgcnn/100/add_data/results_dir/1553.cif,0.18909735555555618,slab100,54,108,54.0,0.17033002157644717,0.018767333979109013,0.018767333979109013,0.17063932789667619,0.018458027658879994,0.018458027658879994,fit
1554,/home/jinsookim/HEA_MC/FeCoNiPtPd_HER/cgcnn/100/add_data/results_dir/1554.cif,0.19529719870370363,slab100,54,108,54.0,0.18767598618868894,0.007621212515014686,0.007621212515014686,0.18587848920913716,0.009418709494566468,0.009418709494566468,fit
1555,/home/jinsookim/HEA_MC/FeCoNiPtPd_HER/cgcnn/100/add_data/results_dir/1555.cif,0.15128602444444486,slab100,54,108,54.0,0.17033698909581121,-0.019050964651366353,0.019050964651366353,0.17126876926462564,-0.01998274482018078,0.01998274482018078,fit
1556,/home/jinsookim/HEA_MC/FeCoNiPtPd_HER/cgcnn/100/add_data/results_dir/1556.cif,0.19107853629629676,slab100,54,108,54.0,0.19526196922373193,-0.004183432927435171,0.004183432927435171,0.19574869413851972,-0.004670157842222966,0.004670157842222966,fit
1557,/home/jinsookim/HEA_MC/FeCoNiPtPd_HER/cgcnn/100/add_data/results_dir/1557.cif,0.16230686203703654,slab100,54,108,54.0,0.16776018329765,-0.0054533212606134585,0.0054533212606134585,0.1672748784862023,-0.004968016449165752,0.004968016449165752,fit
1558,/home/jinsookim/HEA_MC/FeCoNiPtPd_HER/cgcnn/100/add_data/results_dir/1558.cif,0.16664834981481522,slab100,54,108,54.0,0.16535970455313478,0.0012886452616804323,0.0012886452616804323,0.16554077625964683,0.001107573555168384,0.001107573555168384,fit
1559,/home/jinsookim/HEA_MC/FeCoNiPtPd_HER/cgcnn/100/add_data/results_dir/1559.cif,0.16911146259259255,slab100,54,108,54.0,0.18883770453302648,-0.01972624194043393,0.01972624194043393,0.19013733633723667,-0.021025873744644125,0.021025873744644125,holdout
1560,/home/jinsookim/HEA_MC/FeCoNiPtPd_HER/cgcnn/100/add_data/results_dir/1560.cif,0.16686723240740703,slab100,54,108,54.0,0.1810487942178416,-0.014181561810434562,0.014181561810434562,0.18099823417083896,-0.014131001763431933,0.014131001763431933,fit
1561,/home/jinsookim/HEA_MC/FeCoNiPtPd_HER/cgcnn/100/add_data/results_dir/1561.cif,0.18157656481481496,slab100,54,108,54.0,0.163310245710447,0.018266319104367962,0.018266319104367962,0.16225343030212094,0.019323134512694018,0.019323134512694018,holdout
1562,/home/jinsookim/HEA_MC/FeCoNiPtPd_HER/cgcnn/100/add_data/results_dir/1562.cif,0.15503528592592655,slab100,54,108,54.0,0.16271868933962122,-0.007683403413694667,0.007683403413694667,0.16311032025022826,-0.008075034324301705,0.008075034324301705,fit
1563,/home/jinsookim/HEA_MC/FeCoNiPtPd_HER/cgcnn/100/add_data/results_dir/1563.cif,0.2067194250000002,slab100,54,108,54.0,0.21108102208833715,-0.004361597088336944,0.004361597088336944,0.21126439885179632,-0.004544973851796114,0.004544973851796114,fit
1564,/home/jinsookim/HEA_MC/FeCoNiPtPd_HER/cgcnn/100/add_data/results_dir/1564.cif,0.19216209814814744,slab100,54,108,54.0,0.18429340471099456,0.00786869343715288,0.00786869343715288,0.18424088109412762,0.007921217054019825,0.007921217054019825,fit
1565,/home/jinsookim/HEA_MC/FeCoNiPtPd_HER/cgcnn/100/add_data/results_dir/1565.cif,0.16007094074074055,slab100,54,108,54.0,0.17946205547140212,-0.019391114730661574,0.019391114730661574,0.18003395164182032,-0.01996301090107977,0.01996301090107977,fit
1566,/home/jinsookim/HEA_MC/FeCoNiPtPd_HER/cgcnn/100/add_data/results_dir/1566.cif,0.16949429888888887,slab100,54,108,54.0,0.16906758644157713,0.00042671244731173896,0.00042671244731173896,0.16940727427789337,8.70246109954953e-05,8.70246109954953e-05,fit
1567,/home/jinsookim/HEA_MC/FeCoNiPtPd_HER/cgcnn/100/add_data/results_dir/1567.cif,0.1830924757407407,slab100,54,108,54.0,0.18281489535693163,0.00027758038380906735,0.00027758038380906735,0.1831692895038734,-7.681376313270483e-05,7.681376313270483e-05,fit
1568,/home/jinsookim/HEA_MC/FeCoNiPtPd_HER/cgcnn/100/add_data/results_dir/1568.cif,0.18152310351851814,slab100,54,108,54.0,0.17826721597200745,0.003255887546510683,0.003255887546510683,0.17872952969631434,0.0027935738222037987,0.0027935738222037987,fit
1569,/home/jinsookim/HEA_MC/FeCoNiPtPd_HER/cgcnn/100/add_data/results_dir/1569.cif,0.2413232612962967,slab100,54,108,54.0,0.23275250145552395,0.00857075984077274,0.00857075984077274,0.23255920716359357,0.00876405413270312,0.00876405413270312,fit
1570,/home/jinsookim/HEA_MC/FeCoNiPtPd_HER/cgcnn/100/add_data/results_dir/1570.cif,0.1772936903703697,slab100,54,108,54.0,0.1704572262121484,0.0068364641582213115,0.0068364641582213115,0.17127463272270627,0.006019057647663445,0.006019057647663445,fit
1571,/home/jinsookim/HEA_MC/FeCoNiPtPd_HER/cgcnn/100/add_data/results_dir/1571.cif,0.1634578877777781,slab100,54,108,54.0,0.16201687685160268,0.0014410109261754067,0.0014410109261754067,0.16236117011761397,0.0010967176601641149,0.0010967176601641149,fit
1572,/home/jinsookim/HEA_MC/FeCoNiPtPd_HER/cgcnn/100/add_data/results_dir/1572.cif,0.23784456851851868,slab100,54,108,54.0,0.22910057103926687,0.008743997479251808,0.008743997479251808,0.2290045004797387,0.008840068038779986,0.008840068038779986,fit
1573,/home/jinsookim/HEA_MC/FeCoNiPtPd_HER/cgcnn/100/add_data/results_dir/1573.cif,0.16387679018518497,slab100,54,108,54.0,0.162763775100163,0.0011130150850219844,0.0011130150850219844,0.16315196314594532,0.0007248270392396505,0.0007248270392396505,fit
1574,/home/jinsookim/HEA_MC/FeCoNiPtPd_HER/cgcnn/100/add_data/results_dir/1574.cif,0.19317845351851884,slab100,54,108,54.0,0.1986333517948995,-0.005454898276380654,0.005454898276380654,0.19857971867005303,-0.00540126515153419,0.00540126515153419,holdout
1575,/home/jinsookim/HEA_MC/FeCoNiPtPd_HER/cgcnn/100/add_data/results_dir/1575.cif,0.18245464425925942,slab100,54,108,54.0,0.18213844250833772,0.0003162017509217019,0.0003162017509217019,0.18148923587296928,0.0009654083862901397,0.0009654083862901397,fit
1576,/home/jinsookim/HEA_MC/FeCoNiPtPd_HER/cgcnn/100/add_data/results_dir/1576.cif,0.22282781314814737,slab100,54,108,54.0,0.22885822091200445,-0.006030407763857076,0.006030407763857076,0.23002917202675346,-0.007201358878606096,0.007201358878606096,fit
1577,/home/jinsookim/HEA_MC/FeCoNiPtPd_HER/cgcnn/100/add_data/results_dir/1577.cif,0.1686619298148152,slab100,54,108,54.0,0.15324552961873647,0.015416400196078733,0.015416400196078733,0.1535432834827983,0.0151186463320169,0.0151186463320169,fit
1578,/home/jinsookim/HEA_MC/FeCoNiPtPd_HER/cgcnn/100/add_data/results_dir/1578.cif,0.17576854388888852,slab100,54,108,54.0,0.17918040937016086,-0.0034118654812723415,0.0034118654812723415,0.1776505296448574,-0.0018819857559688735,0.0018819857559688735,fit
1579,/home/jinsookim/HEA_MC/FeCoNiPtPd_HER/cgcnn/100/add_data/results_dir/1579.cif,0.19025855870370378,slab100,54,108,54.0,0.18770721583099462,0.002551342872709167,0.002551342872709167,0.1875298675411205,0.0027286911625832855,0.0027286911625832855,fit
1580,/home/jinsookim/HEA_MC/FeCoNiPtPd_HER/cgcnn/100/add_data/results_dir/1580.cif,0.17771880870370393,slab100,54,108,54.0,0.1774207443744306,0.00029806432927334536,0.00029806432927334536,0.17664572675622034,0.001073081947483595,0.001073081947483595,fit
1581,/home/jinsookim/HEA_MC/FeCoNiPtPd_HER/cgcnn/100/add_data/results_dir/1581.cif,0.17929842629629572,slab100,54,108,54.0,0.1724637899225397,0.006834636373756031,0.006834636373756031,0.1698286865526247,0.009469739743671018,0.009469739743671018,fit
1582,/home/jinsookim/HEA_MC/FeCoNiPtPd_HER/cgcnn/100/add_data/results_dir/1582.cif,0.18498005481481422,slab100,54,108,54.0,0.18045277485460673,0.004527279960207492,0.004527279960207492,0.18146856054282728,0.003511494271986937,0.003511494271986937,fit
1583,/home/jinsookim/HEA_MC/FeCoNiPtPd_HER/cgcnn/100/add_data/results_dir/1583.cif,0.19427484222222274,slab100,54,108,54.0,0.19059472887614015,0.003680113346082592,0.003680113346082592,0.19056647534101834,0.0037083668812044057,0.0037083668812044057,fit
1584,/home/jinsookim/HEA_MC/FeCoNiPtPd_HER/cgcnn/100/add_data/results_dir/1584.cif,0.17722393481481533,slab100,54,108,54.0,0.17355106503950715,0.003672869775308174,0.003672869775308174,0.17360311675282097,0.003620818061994352,0.003620818061994352,fit
1585,/home/jinsookim/HEA_MC/FeCoNiPtPd_HER/cgcnn/100/add_data/results_dir/1585.cif,0.19389743037037074,slab100,54,108,54.0,0.18906641845924718,0.004831011911123562,0.004831011911123562,0.18846296367888782,0.005434466691482925,0.005434466691482925,fit
1586,/home/jinsookim/HEA_MC/FeCoNiPtPd_HER/cgcnn/100/add_data/results_dir/1586.cif,0.19919804629629698,slab100,54,108,54.0,0.1758759861521454,0.023322060144151585,0.023322060144151585,0.1747944247125403,0.02440362158375667,0.02440362158375667,fit
1587,/home/jinsookim/HEA_MC/FeCoNiPtPd_HER/cgcnn/100/add_data/results_dir/1587.cif,0.19040501074074132,slab100,54,108,54.0,0.18517797784629053,0.005227032894450784,0.005227032894450784,0.18475787401623212,0.0056471367245092,0.0056471367245092,fit
1588,/home/jinsookim/HEA_MC/FeCoNiPtPd_HER/cgcnn/100/add_data/results_dir/1588.cif,0.18881839148148133,slab100,54,108,54.0,0.19253248020065805,-0.0037140887191767225,0.0037140887191767225,0.19271319663483735,-0.0038948051533560235,0.0038948051533560235,fit
1589,/home/jinsookim/HEA_MC/FeCoNiPtPd_HER/cgcnn/100/add_data/results_dir/1589.cif,0.19232361518518498,slab100,54,108,54.0,0.1864189759376365,0.005904639247548471,0.005904639247548471,0.18717923997092492,0.005144375214260061,0.005144375214260061,fit
1590,/home/jinsookim/HEA_MC/FeCoNiPtPd_HER/cgcnn/100/add_data/results_dir/1590.cif,0.1923860468518523,slab100,54,108,54.0,0.19793078724162205,-0.0055447403897697645,0.0055447403897697645,0.19860707487015175,-0.006221028018299463,0.006221028018299463,fit
1591,/home/jinsookim/HEA_MC/FeCoNiPtPd_HER/cgcnn/100/add_data/results_dir/1591.cif,0.15288339629629658,slab100,54,108,54.0,0.16920640565998524,-0.016323009363688662,0.016323009363688662,0.16868444213773917,-0.015801045841442596,0.015801045841442596,fit
1592,/home/jinsookim/HEA_MC/FeCoNiPtPd_HER/cgcnn/100/add_data/results_dir/1592.cif,0.17148939851851866,slab100,54,108,54.0,0.16609962082671303,0.005389777691805625,0.005389777691805625,0.16454896157760535,0.006940436940913314,0.006940436940913314,fit
1593,/home/jinsookim/HEA_MC/FeCoNiPtPd_HER/cgcnn/100/add_data/results_dir/1593.cif,0.16411613962962954,slab100,54,108,54.0,0.16884387520280245,-0.004727735573172909,0.004727735573172909,0.1706261354681147,-0.006509995838485161,0.006509995838485161,fit
1594,/home/jinsookim/HEA_MC/FeCoNiPtPd_HER/cgcnn/100/add_data/results_dir/1594.cif,0.182517262592592,slab100,54,108,54.0,0.18333845764503912,-0.0008211950524471268,0.0008211950524471268,0.1842919917182293,-0.0017747291256373088,0.0017747291256373088,fit
1595,/home/jinsookim/HEA_MC/FeCoNiPtPd_HER/cgcnn/100/add_data/results_dir/1595.cif,0.1707205055555558,slab100,54,108,54.0,0.18217981692010923,-0.011459311364553443,0.011459311364553443,0.18303846372508337,-0.012317958169527576,0.012317958169527576,fit
1596,/home/jinsookim/HEA_MC/FeCoNiPtPd_HER/cgcnn/100/add_data/results_dir/1596.cif,0.15391100870370325,slab100,54,108,54.0,0.16722761428205096,-0.013316605578347712,0.013316605578347712,0.16659140889933352,-0.01268040019563027,0.01268040019563027,fit
1597,/home/jinsookim/HEA_MC/FeCoNiPtPd_HER/cgcnn/100/add_data/results_dir/1597.cif,0.1703939562962965,slab100,54,108,54.0,0.16718055250559136,0.003213403790705144,0.003213403790705144,0.16838304809131718,0.002010908204979317,0.002010908204979317,fit
1598,/home/jinsookim/HEA_MC/FeCoNiPtPd_HER/cgcnn/100/add_data/results_dir/1598.cif,0.17917236944444426,slab100,54,108,54.0,0.17276489744329643,0.006407472001147829,0.006407472001147829,0.170821261310228,0.008351108134216245,0.008351108134216245,fit
1599,/home/jinsookim/HEA_MC/FeCoNiPtPd_HER/cgcnn/100/add_data/results_dir/1599.cif,0.1767999111111117,slab100,54,108,54.0,0.17851045640922658,-0.0017105452981148739,0.0017105452981148739,0.1798755548802049,-0.003075643769093195,0.003075643769093195,fit
1600,/home/jinsookim/HEA_MC/FeCoNiPtPd_HER/cgcnn/100/add_data/results_dir/1600.cif,0.22525833648148083,slab100,54,108,54.0,0.21996648317541462,0.005291853306066213,0.005291853306066213,0.21908537176061504,0.006172964720865787,0.006172964720865787,holdout
1601,/home/jinsookim/HEA_MC/FeCoNiPtPd_HER/cgcnn/100/add_data/results_dir/1601.cif,0.18417042907407433,slab100,54,108,54.0,0.18330344012015487,0.0008669889539194564,0.0008669889539194564,0.18371708645919999,0.00045334261487434135,0.00045334261487434135,fit
1602,/home/jinsookim/HEA_MC/FeCoNiPtPd_HER/cgcnn/100/add_data/results_dir/1602.cif,0.21376344148148238,slab100,54,108,54.0,0.21045988874144425,0.0033035527400381293,0.0033035527400381293,0.21217425284678243,0.0015891886346999506,0.0015891886346999506,fit
1603,/home/jinsookim/HEA_MC/FeCoNiPtPd_HER/cgcnn/100/add_data/results_dir/1603.cif,0.21287400740740736,slab100,54,108,54.0,0.2065497223994116,0.006324285007995756,0.006324285007995756,0.20719202492205657,0.005681982485350789,0.005681982485350789,fit
1604,/home/jinsookim/HEA_MC/FeCoNiPtPd_HER/cgcnn/100/add_data/results_dir/1604.cif,0.1448834168518513,slab100,54,108,54.0,0.16254924936471088,-0.01766583251285958,0.01766583251285958,0.16351605785564274,-0.018632641003791445,0.018632641003791445,fit
1605,/home/jinsookim/HEA_MC/FeCoNiPtPd_HER/cgcnn/100/add_data/results_dir/1605.cif,0.18845874870370316,slab100,54,108,54.0,0.1954994046501272,-0.007040655946424029,0.007040655946424029,0.19716550038607322,-0.008706751682370062,0.008706751682370062,fit
1606,/home/jinsookim/HEA_MC/FeCoNiPtPd_HER/cgcnn/100/add_data/results_dir/1606.cif,0.18820991981481552,slab100,54,108,54.0,0.1884725539561532,-0.0002626341413376754,0.0002626341413376754,0.1865646385638053,0.001645281251010211,0.001645281251010211,fit
1607,/home/jinsookim/HEA_MC/FeCoNiPtPd_HER/cgcnn/100/add_data/results_dir/1607.cif,0.15006673574074134,slab100,54,108,54.0,0.1491838565001081,0.0008828792406332386,0.0008828792406332386,0.15090252484051894,-0.0008357890997776063,0.0008357890997776063,fit
1608,/home/jinsookim/HEA_MC/FeCoNiPtPd_HER/cgcnn/100/add_data/results_dir/1608.cif,0.14965092222222207,slab100,54,108,54.0,0.19807025776252443,-0.048419335540302366,0.048419335540302366,0.19839497690874344,-0.048744054686521376,0.048744054686521376,fit
1609,/home/jinsookim/HEA_MC/FeCoNiPtPd_HER/cgcnn/100/add_data/results_dir/1609.cif,0.18726127722222238,slab100,54,108,54.0,0.1797655923092115,0.007495684913010892,0.007495684913010892,0.17959552651959054,0.0076657507026318406,0.0076657507026318406,fit
1610,/home/jinsookim/HEA_MC/FeCoNiPtPd_HER/cgcnn/100/add_data/results_dir/1610.cif,0.1561298172222223,slab100,54,108,54.0,0.17531509729138745,-0.019185280069165145,0.019185280069165145,0.17569992550305868,-0.019570108280836385,0.019570108280836385,fit
1611,/home/jinsookim/HEA_MC/FeCoNiPtPd_HER/cgcnn/100/add_data/results_dir/1611.cif,0.2027248127777781,slab100,54,108,54.0,0.2001696699387346,0.002555142839043484,0.002555142839043484,0.19985075466316904,0.002874058114609057,0.002874058114609057,fit
1612,/home/jinsookim/HEA_MC/FeCoNiPtPd_HER/cgcnn/100/add_data/results_dir/1612.cif,0.19042063999999978,slab100,54,108,54.0,0.18736506408404302,0.0030555759159567597,0.0030555759159567597,0.18701241686508338,0.0034082231349163994,0.0034082231349163994,fit
1613,/home/jinsookim/HEA_MC/FeCoNiPtPd_HER/cgcnn/100/add_data/results_dir/1613.cif,0.19742602796296288,slab100,54,108,54.0,0.18162301300439032,0.01580301495857256,0.01580301495857256,0.18187143241566922,0.01555459554729366,0.01555459554729366,fit
1614,/home/jinsookim/HEA_MC/FeCoNiPtPd_HER/cgcnn/100/add_data/results_dir/1614.cif,0.20865304592592582,slab100,54,108,54.0,0.20606764909058864,0.002585396835337178,0.002585396835337178,0.20536425102287875,0.0032887949030470653,0.0032887949030470653,fit
1615,/home/jinsookim/HEA_MC/FeCoNiPtPd_HER/cgcnn/100/add_data/results_dir/1615.cif,0.18069219925925917,slab100,54,108,54.0,0.18887358264123127,-0.008181383381972107,0.008181383381972107,0.1908258556748332,-0.010133656415574038,0.010133656415574038,fit
1616,/home/jinsookim/HEA_MC/FeCoNiPtPd_HER/cgcnn/100/add_data/results_dir/1616.cif,0.19617020388888887,slab100,54,108,54.0,0.19714049784349552,-0.0009702939546066547,0.0009702939546066547,0.19742466017192,-0.0012544562830311412,0.0012544562830311412,fit
1617,/home/jinsookim/HEA_MC/FeCoNiPtPd_HER/cgcnn/100/add_data/results_dir/1617.cif,0.21026875981481416,slab100,54,108,54.0,0.210333538824182,-6.477900936782688e-05,6.477900936782688e-05,0.21017244603041896,9.631378439520222e-05,9.631378439520222e-05,fit
1618,/home/jinsookim/HEA_MC/FeCoNiPtPd_HER/cgcnn/100/add_data/results_dir/1618.cif,0.23197588111111145,slab100,54,108,54.0,0.21781302457710106,0.014162856534010393,0.014162856534010393,0.21883151480756288,0.013144366303548566,0.013144366303548566,fit
1619,/home/jinsookim/HEA_MC/FeCoNiPtPd_HER/cgcnn/100/add_data/results_dir/1619.cif,0.19083346500000037,slab100,54,108,54.0,0.18833348079211276,0.0024999842078876067,0.0024999842078876067,0.18917133874139813,0.0016621262586022367,0.0016621262586022367,fit
1620,/home/jinsookim/HEA_MC/FeCoNiPtPd_HER/cgcnn/100/add_data/results_dir/1620.cif,0.1870873359259267,slab100,54,108,54.0,0.19195539687427088,-0.004868060948344188,0.004868060948344188,0.19302149976124894,-0.005934163835322248,0.005934163835322248,fit
1621,/home/jinsookim/HEA_MC/FeCoNiPtPd_HER/cgcnn/100/add_data/results_dir/1621.cif,0.2032997998148142,slab100,54,108,54.0,0.20534997858661402,-0.002050178771799832,0.002050178771799832,0.20424065243955603,-0.0009408526247418336,0.0009408526247418336,fit
1622,/home/jinsookim/HEA_MC/FeCoNiPtPd_HER/cgcnn/100/add_data/results_dir/1622.cif,0.16761825296296284,slab100,54,108,54.0,0.1592286543579141,0.008389598605048731,0.008389598605048731,0.1578928982683969,0.009725354694565952,0.009725354694565952,fit
1623,/home/jinsookim/HEA_MC/FeCoNiPtPd_HER/cgcnn/100/add_data/results_dir/1623.cif,0.177111531111111,slab100,54,108,54.0,0.1667429587314439,0.010368572379667096,0.010368572379667096,0.16830872732768332,0.008802803783427682,0.008802803783427682,fit
1624,/home/jinsookim/HEA_MC/FeCoNiPtPd_HER/cgcnn/100/add_data/results_dir/1624.cif,0.18062876574074108,slab100,54,108,54.0,0.18455479557538898,-0.003926029834647904,0.003926029834647904,0.18390829484636184,-0.0032795291056207654,0.0032795291056207654,fit
1625,/home/jinsookim/HEA_MC/FeCoNiPtPd_HER/cgcnn/100/add_data/results_dir/1625.cif,0.20557217999999958,slab100,54,108,54.0,0.20134885441115882,0.004223325588840754,0.004223325588840754,0.20235167099938234,0.0032205090006172388,0.0032205090006172388,fit
1626,/home/jinsookim/HEA_MC/FeCoNiPtPd_HER/cgcnn/100/add_data/results_dir/1626.cif,0.1727589253703709,slab100,54,108,54.0,0.19510106474699976,-0.02234213937662885,0.02234213937662885,0.1958954964460199,-0.023136571075648982,0.023136571075648982,fit
1627,/home/jinsookim/HEA_MC/FeCoNiPtPd_HER/cgcnn/100/add_data/results_dir/1627.cif,0.17897931611111062,slab100,54,108,54.0,0.18067112304608596,-0.0016918069349753373,0.0016918069349753373,0.1804108250988724,-0.001431508987761787,0.001431508987761787,fit
1628,/home/jinsookim/HEA_MC/FeCoNiPtPd_HER/cgcnn/100/add_data/results_dir/1628.cif,0.20711342740740743,slab100,54,108,54.0,0.19975225201145075,0.007361175395956682,0.007361175395956682,0.19907120384038218,0.008042223567025247,0.008042223567025247,holdout
1629,/home/jinsookim/HEA_MC/FeCoNiPtPd_HER/cgcnn/100/add_data/results_dir/1629.cif,0.17710064370370382,slab100,54,108,54.0,0.17034711156497445,0.006753532138729368,0.006753532138729368,0.17052423217546708,0.006576411528236736,0.006576411528236736,fit
1630,/home/jinsookim/HEA_MC/FeCoNiPtPd_HER/cgcnn/100/add_data/results_dir/1630.cif,0.14287935870370388,slab100,54,108,54.0,0.13965283030306958,0.00322652840063431,0.00322652840063431,0.13884423451719827,0.0040351241865056175,0.0040351241865056175,fit
1631,/home/jinsookim/HEA_MC/FeCoNiPtPd_HER/cgcnn/100/add_data/results_dir/1631.cif,0.18996232740740712,slab100,54,108,54.0,0.18757584068670885,0.002386486720698272,0.002386486720698272,0.1863704590663574,0.0035918683410497143,0.0035918683410497143,fit
1632,/home/jinsookim/HEA_MC/FeCoNiPtPd_HER/cgcnn/100/add_data/results_dir/1632.cif,0.16552568333333356,slab100,54,108,54.0,0.16387947665922425,0.0016462066741093073,0.0016462066741093073,0.16336136967028167,0.002164313663051892,0.002164313663051892,fit
1633,/home/jinsookim/HEA_MC/FeCoNiPtPd_HER/cgcnn/100/add_data/results_dir/1633.cif,0.23251702999999996,slab100,54,108,54.0,0.23899427256241557,-0.006477242562415608,0.006477242562415608,0.23988504894882873,-0.0073680189488287695,0.0073680189488287695,fit
1634,/home/jinsookim/HEA_MC/FeCoNiPtPd_HER/cgcnn/100/add_data/results_dir/1634.cif,0.1335555759259261,slab100,54,108,54.0,0.1369211852812931,-0.0033656093553670052,0.0033656093553670052,0.13583858021005732,-0.0022830042841312237,0.0022830042841312237,fit
1635,/home/jinsookim/HEA_MC/FeCoNiPtPd_HER/cgcnn/100/add_data/results_dir/1635.cif,0.1686544292592592,slab100,54,108,54.0,0.16859675664726742,5.767261199177143e-05,5.767261199177143e-05,0.168354717996554,0.000299711262705199,0.000299711262705199,fit
1636,/home/jinsookim/HEA_MC/FeCoNiPtPd_HER/cgcnn/100/add_data/results_dir/1636.cif,0.21243092333333347,slab100,54,108,54.0,0.20578837104314832,0.00664255229018515,0.00664255229018515,0.2045680636629496,0.00786285967038386,0.00786285967038386,holdout
1637,/home/jinsookim/HEA_MC/FeCoNiPtPd_HER/cgcnn/100/add_data/results_dir/1637.cif,0.1488283014814821,slab100,54,108,54.0,0.14540835373539568,0.0034199477460864214,0.0034199477460864214,0.14420283738322423,0.00462546409825787,0.00462546409825787,fit
1638,/home/jinsookim/HEA_MC/FeCoNiPtPd_HER/cgcnn/100/add_data/results_dir/1638.cif,0.1971840957407412,slab100,54,108,54.0,0.1913884873983647,0.005795608342376496,0.005795608342376496,0.19174458663320382,0.005439509107537377,0.005439509107537377,fit
1639,/home/jinsookim/HEA_MC/FeCoNiPtPd_HER/cgcnn/100/add_data/results_dir/1639.cif,0.15758276240740823,slab100,54,108,54.0,0.158548800172448,-0.0009660377650397567,0.0009660377650397567,0.15906085431674705,-0.0014780919093388134,0.0014780919093388134,fit
1640,/home/jinsookim/HEA_MC/FeCoNiPtPd_HER/cgcnn/100/add_data/results_dir/1640.cif,0.19274967574074042,slab100,54,108,54.0,0.18917493812182173,0.0035747376189186886,0.0035747376189186886,0.18726982245912044,0.005479853281619984,0.005479853281619984,fit
1641,/home/jinsookim/HEA_MC/FeCoNiPtPd_HER/cgcnn/100/add_data/results_dir/1641.cif,0.2241261650000002,slab100,54,108,54.0,0.231512425666002,-0.007386260666001787,0.007386260666001787,0.23058063465258355,-0.006454469652583339,0.006454469652583339,fit
1642,/home/jinsookim/HEA_MC/FeCoNiPtPd_HER/cgcnn/100/add_data/results_dir/1642.cif,0.19610988055555578,slab100,54,108,54.0,0.20565251884265748,-0.009542638287101696,0.009542638287101696,0.20543451594963866,-0.009324635394082875,0.009324635394082875,fit
1643,/home/jinsookim/HEA_MC/FeCoNiPtPd_HER/cgcnn/100/add_data/results_dir/1643.cif,0.17685240111111125,slab100,54,108,54.0,0.17117864992588092,0.005673751185230336,0.005673751185230336,0.17293200728807206,0.003920393823039187,0.003920393823039187,fit
1644,/home/jinsookim/HEA_MC/FeCoNiPtPd_HER/cgcnn/100/add_data/results_dir/1644.cif,0.15778657555555628,slab100,54,108,54.0,0.17058039189425298,-0.012793816338696695,0.012793816338696695,0.17075015020122078,-0.0129635746456645,0.0129635746456645,fit
1645,/home/jinsookim/HEA_MC/FeCoNiPtPd_HER/cgcnn/100/add_data/results_dir/1645.cif,0.16448562388888868,slab100,54,108,54.0,0.181843565130458,-0.017357941241569308,0.017357941241569308,0.18143750452185822,-0.01695188063296954,0.01695188063296954,fit
1646,/home/jinsookim/HEA_MC/FeCoNiPtPd_HER/cgcnn/100/add_data/results_dir/1646.cif,0.19165324777777767,slab100,54,108,54.0,0.20145412342478644,-0.009800875647008767,0.009800875647008767,0.2010885631085215,-0.009435315330743821,0.009435315330743821,fit
1647,/home/jinsookim/HEA_MC/FeCoNiPtPd_HER/cgcnn/100/add_data/results_dir/1647.cif,0.17255592037037,slab100,54,108,54.0,0.1763732917292806,-0.0038173713589106095,0.0038173713589106095,0.17742647863102268,-0.004870558260652691,0.004870558260652691,fit
1648,/home/jinsookim/HEA_MC/FeCoNiPtPd_HER/cgcnn/100/add_data/results_dir/1648.cif,0.16211808944444467,slab100,54,108,54.0,0.17009984993124766,-0.007981760486802991,0.007981760486802991,0.16991879233869567,-0.007800702894250999,0.007800702894250999,fit
1649,/home/jinsookim/HEA_MC/FeCoNiPtPd_HER/cgcnn/100/add_data/results_dir/1649.cif,0.19942184314814848,slab100,54,108,54.0,0.21500253530020746,-0.015580692152058984,0.015580692152058984,0.21583557178180862,-0.01641372863366014,0.01641372863366014,holdout
1650,/home/jinsookim/HEA_MC/FeCoNiPtPd_HER/cgcnn/100/add_data/results_dir/1650.cif,0.19643383629629604,slab100,54,108,54.0,0.19512666464713174,0.0013071716491643015,0.0013071716491643015,0.19443627319654136,0.0019975630997546845,0.0019975630997546845,fit
1651,/home/jinsookim/HEA_MC/FeCoNiPtPd_HER/cgcnn/100/add_data/results_dir/1651.cif,0.18621415296296265,slab100,54,108,54.0,0.18205576659816636,0.00415838636479629,0.00415838636479629,0.18296216915463365,0.003251983808329001,0.003251983808329001,fit
1652,/home/jinsookim/HEA_MC/FeCoNiPtPd_HER/cgcnn/100/add_data/results_dir/1652.cif,0.20491031314814787,slab100,54,108,54.0,0.20037308245589733,0.004537230692250538,0.004537230692250538,0.20003060719710308,0.004879705951044783,0.004879705951044783,fit
1653,/home/jinsookim/HEA_MC/FeCoNiPtPd_HER/cgcnn/100/add_data/results_dir/1653.cif,0.17313841055555465,slab100,54,108,54.0,0.16829257453882956,0.004845836016725086,0.004845836016725086,0.16621615830088335,0.006922252254671302,0.006922252254671302,fit
1654,/home/jinsookim/HEA_MC/FeCoNiPtPd_HER/cgcnn/100/add_data/results_dir/1654.cif,0.18222301203703678,slab100,54,108,54.0,0.16890545661096432,0.013317555426072464,0.013317555426072464,0.1689638594390688,0.013259152597967977,0.013259152597967977,fit
1655,/home/jinsookim/HEA_MC/FeCoNiPtPd_HER/cgcnn/100/add_data/results_dir/1655.cif,0.18967035685185213,slab100,54,108,54.0,0.19784245655851523,-0.008172099706663105,0.008172099706663105,0.19893645113686578,-0.009266094285013654,0.009266094285013654,fit
1656,/home/jinsookim/HEA_MC/FeCoNiPtPd_HER/cgcnn/100/add_data/results_dir/1656.cif,0.22572585203703685,slab100,54,108,54.0,0.21922359437923988,0.006502257657796967,0.006502257657796967,0.2191149523096498,0.006610899727387043,0.006610899727387043,fit
1657,/home/jinsookim/HEA_MC/FeCoNiPtPd_HER/cgcnn/100/add_data/results_dir/1657.cif,0.17915477388888867,slab100,54,108,54.0,0.1762140991152388,0.0029406747736498706,0.0029406747736498706,0.17765576314695955,0.0014990107419291243,0.0014990107419291243,fit
1658,/home/jinsookim/HEA_MC/FeCoNiPtPd_HER/cgcnn/100/add_data/results_dir/1658.cif,0.21229190703703726,slab100,54,108,54.0,0.19737374841078073,0.014918158626256534,0.014918158626256534,0.1998010788485314,0.01249082818850586,0.01249082818850586,fit
1659,/home/jinsookim/HEA_MC/FeCoNiPtPd_HER/cgcnn/100/add_data/results_dir/1659.cif,0.1970673816666672,slab100,54,108,54.0,0.20644317133546664,-0.009375789668799428,0.009375789668799428,0.20678223894175302,-0.009714857275085809,0.009714857275085809,fit
1660,/home/jinsookim/HEA_MC/FeCoNiPtPd_HER/cgcnn/100/add_data/results_dir/1660.cif,0.20971420981481442,slab100,54,108,54.0,0.21345947722817427,-0.003745267413359843,0.003745267413359843,0.21253638465039745,-0.00282217483558303,0.00282217483558303,fit
1661,/home/jinsookim/HEA_MC/FeCoNiPtPd_HER/cgcnn/100/add_data/results_dir/1661.cif,0.1375429753703709,slab100,54,108,54.0,0.14645903351682882,-0.008916058146457906,0.008916058146457906,0.1468153379522871,-0.009272362581916188,0.009272362581916188,fit
1662,/home/jinsookim/HEA_MC/FeCoNiPtPd_HER/cgcnn/100/add_data/results_dir/1662.cif,0.1615563792592588,slab100,54,108,54.0,0.17351607038574424,-0.011959691126485428,0.011959691126485428,0.17242878357606192,-0.010872404316803114,0.010872404316803114,fit
1663,/home/jinsookim/HEA_MC/FeCoNiPtPd_HER/cgcnn/100/add_data/results_dir/1663.cif,0.1704976427777783,slab100,54,108,54.0,0.16347792402915792,0.007019718748620368,0.007019718748620368,0.16298971712949895,0.0075079256482793455,0.0075079256482793455,fit
1664,/home/jinsookim/HEA_MC/FeCoNiPtPd_HER/cgcnn/100/add_data/results_dir/1664.cif,0.19789979629629573,slab100,54,108,54.0,0.200409986470945,-0.0025101901746492628,0.0025101901746492628,0.20138187401422292,-0.00348207771792719,0.00348207771792719,fit
1665,/home/jinsookim/HEA_MC/FeCoNiPtPd_HER/cgcnn/100/add_data/results_dir/1665.cif,0.16657370314814873,slab100,54,108,54.0,0.1737987963928137,-0.007225093244664971,0.007225093244664971,0.17338039649119974,-0.006806693343051007,0.006806693343051007,fit
1666,/home/jinsookim/HEA_MC/FeCoNiPtPd_HER/cgcnn/100/add_data/results_dir/1666.cif,0.1896344305555557,slab100,54,108,54.0,0.1789085719591762,0.010725858596379506,0.010725858596379506,0.17846660722366808,0.011167823331887622,0.011167823331887622,holdout
1667,/home/jinsookim/HEA_MC/FeCoNiPtPd_HER/cgcnn/100/add_data/results_dir/1667.cif,0.17767140574074103,slab100,54,108,54.0,0.17893033857278198,-0.0012589328320409543,0.0012589328320409543,0.17949205754744166,-0.0018206518067006294,0.0018206518067006294,fit
1668,/home/jinsookim/HEA_MC/FeCoNiPtPd_HER/cgcnn/100/add_data/results_dir/1668.cif,0.19698406425925863,slab100,54,108,54.0,0.18333289837797015,0.01365116588128848,0.01365116588128848,0.1832536101199776,0.013730454139281034,0.013730454139281034,fit
1669,/home/jinsookim/HEA_MC/FeCoNiPtPd_HER/cgcnn/100/add_data/results_dir/1669.cif,0.14556796000000027,slab100,54,108,54.0,0.15191185339451663,-0.006343893394516353,0.006343893394516353,0.1514574713528766,-0.0058895113528763254,0.0058895113528763254,fit
1670,/home/jinsookim/HEA_MC/FeCoNiPtPd_HER/cgcnn/100/add_data/results_dir/1670.cif,0.2003097240740738,slab100,54,108,54.0,0.19645778508316694,0.0038519389909068558,0.0038519389909068558,0.19610036073335257,0.004209363340721223,0.004209363340721223,fit
1671,/home/jinsookim/HEA_MC/FeCoNiPtPd_HER/cgcnn/100/add_data/results_dir/1671.cif,0.18560037555555567,slab100,54,108,54.0,0.20052204677377586,-0.01492167121822019,0.01492167121822019,0.200664919548511,-0.015064543992955343,0.015064543992955343,fit
1672,/home/jinsookim/HEA_MC/FeCoNiPtPd_HER/cgcnn/100/add_data/results_dir/1672.cif,0.15109764111111051,slab100,54,108,54.0,0.15025269126595586,0.0008449498451546522,0.0008449498451546522,0.14951390795328467,0.0015837331578258396,0.0015837331578258396,fit
1673,/home/jinsookim/HEA_MC/FeCoNiPtPd_HER/cgcnn/100/add_data/results_dir/1673.cif,0.1599015588888893,slab100,54,108,54.0,0.16582477546393556,-0.0059232165750462695,0.0059232165750462695,0.16460153165856906,-0.004699972769679761,0.004699972769679761,fit
1674,/home/jinsookim/HEA_MC/FeCoNiPtPd_HER/cgcnn/100/add_data/results_dir/1674.cif,0.20195410277777784,slab100,54,108,54.0,0.19133251546129854,0.010621587316479303,0.010621587316479303,0.19054386051851635,0.011410242259261488,0.011410242259261488,holdout
1675,/home/jinsookim/HEA_MC/FeCoNiPtPd_HER/cgcnn/100/add_data/results_dir/1675.cif,0.21226187814814754,slab100,54,108,54.0,0.19667307883646803,0.015588799311679502,0.015588799311679502,0.1982071711863713,0.014054706961776242,0.014054706961776242,fit
1676,/home/jinsookim/HEA_MC/FeCoNiPtPd_HER/cgcnn/100/add_data/results_dir/1676.cif,0.19618323685185146,slab100,54,108,54.0,0.21855353094539415,-0.022370294093542686,0.022370294093542686,0.21866940629726936,-0.022486169445417897,0.022486169445417897,fit
1677,/home/jinsookim/HEA_MC/FeCoNiPtPd_HER/cgcnn/100/add_data/results_dir/1677.cif,0.17347725185185234,slab100,54,108,54.0,0.17424993443378517,-0.000772682581932832,0.000772682581932832,0.1736347465682906,-0.00015749471643825008,0.00015749471643825008,fit
1678,/home/jinsookim/HEA_MC/FeCoNiPtPd_HER/cgcnn/100/add_data/results_dir/1678.cif,0.16893690185185156,slab100,54,108,54.0,0.15848639509997173,0.010450506751879834,0.010450506751879834,0.15945415710455618,0.00948274474729538,0.00948274474729538,fit
1679,/home/jinsookim/HEA_MC/FeCoNiPtPd_HER/cgcnn/100/add_data/results_dir/1679.cif,0.20426781129629668,slab100,54,108,54.0,0.203897586782879,0.0003702245134176718,0.0003702245134176718,0.2049582381290813,-0.000690426832784613,0.000690426832784613,fit
1680,/home/jinsookim/HEA_MC/FeCoNiPtPd_HER/cgcnn/100/add_data/results_dir/1680.cif,0.18698676185185284,slab100,54,108,54.0,0.18459572658761964,0.0023910352642332044,0.0023910352642332044,0.18312291765000885,0.003863844201843991,0.003863844201843991,fit
1681,/home/jinsookim/HEA_MC/FeCoNiPtPd_HER/cgcnn/100/add_data/results_dir/1681.cif,0.14946874351851822,slab100,54,108,54.0,0.15284078858661915,-0.0033720450681009317,0.0033720450681009317,0.15262131197482814,-0.0031525684563099288,0.0031525684563099288,fit
1682,/home/jinsookim/HEA_MC/FeCoNiPtPd_HER/cgcnn/100/add_data/results_dir/1682.cif,0.2051828948148145,slab100,54,108,54.0,0.20017610793789126,0.0050067868769232415,0.0050067868769232415,0.19873620206255355,0.006446692752260952,0.006446692752260952,fit
1683,/home/jinsookim/HEA_MC/FeCoNiPtPd_HER/cgcnn/100/add_data/results_dir/1683.cif,0.1789822175925927,slab100,54,108,54.0,0.17426484041886348,0.00471737717372922,0.00471737717372922,0.17582720542934238,0.0031550121632503147,0.0031550121632503147,fit
1684,/home/jinsookim/HEA_MC/FeCoNiPtPd_HER/cgcnn/100/add_data/results_dir/1684.cif,0.19596121425925933,slab100,54,108,54.0,0.19800412522798425,-0.0020429109687249147,0.0020429109687249147,0.1981025927968515,-0.0021413785375921646,0.0021413785375921646,fit
1685,/home/jinsookim/HEA_MC/FeCoNiPtPd_HER/cgcnn/100/add_data/results_dir/1685.cif,0.11294906907407401,slab100,54,108,54.0,0.11981793296828493,-0.0068688638942109165,0.0068688638942109165,0.11855723047585078,-0.005608161401776765,0.005608161401776765,fit
1686,/home/jinsookim/HEA_MC/FeCoNiPtPd_HER/cgcnn/100/add_data/results_dir/1686.cif,0.20261420222222223,slab100,54,108,54.0,0.20047271694306845,0.002141485279153782,0.002141485279153782,0.20032103307078358,0.002293169151438651,0.002293169151438651,fit
1687,/home/jinsookim/HEA_MC/FeCoNiPtPd_HER/cgcnn/100/add_data/results_dir/1687.cif,0.1597525612962969,slab100,54,108,54.0,0.14927862528570246,0.010473936010594431,0.010473936010594431,0.14919634481535524,0.010556216480941655,0.010556216480941655,fit
1688,/home/jinsookim/HEA_MC/FeCoNiPtPd_HER/cgcnn/100/add_data/results_dir/1688.cif,0.21398484814814842,slab100,54,108,54.0,0.20851888107280311,0.005465967075345302,0.005465967075345302,0.2085063545926656,0.005478493555482827,0.005478493555482827,fit
1689,/home/jinsookim/HEA_MC/FeCoNiPtPd_HER/cgcnn/100/add_data/results_dir/1689.cif,0.13557434240740812,slab100,54,108,54.0,0.13179799462723998,0.0037763477801681378,0.0037763477801681378,0.13223398660227745,0.0033403558051306736,0.0033403558051306736,fit
1690,/home/jinsookim/HEA_MC/FeCoNiPtPd_HER/cgcnn/100/add_data/results_dir/1690.cif,0.2152647483333333,slab100,54,108,54.0,0.217125783846779,-0.0018610355134456857,0.0018610355134456857,0.21613567544822032,-0.0008709271148870101,0.0008709271148870101,fit
1691,/home/jinsookim/HEA_MC/FeCoNiPtPd_HER/cgcnn/100/add_data/results_dir/1691.cif,0.13771559037037082,slab100,54,108,54.0,0.12386900504491782,0.013846585325452992,0.013846585325452992,0.12171014433749253,0.01600544603287829,0.01600544603287829,fit
1692,/home/jinsookim/HEA_MC/FeCoNiPtPd_HER/cgcnn/100/add_data/results_dir/1692.cif,0.18501193129629587,slab100,54,108,54.0,0.1797905346098272,0.005221396686468677,0.005221396686468677,0.18059193445559485,0.004419996840701018,0.004419996840701018,fit
1693,/home/jinsookim/HEA_MC/FeCoNiPtPd_HER/cgcnn/100/add_data/results_dir/1693.cif,0.19149717111111036,slab100,54,108,54.0,0.182940311835944,0.008556859275166362,0.008556859275166362,0.18344202026517706,0.008055150845933307,0.008055150845933307,fit
1694,/home/jinsookim/HEA_MC/FeCoNiPtPd_HER/cgcnn/100/add_data/results_dir/1694.cif,0.15576395666666668,slab100,54,108,54.0,0.16650338630908282,-0.010739429642416143,0.010739429642416143,0.16685989356194622,-0.011095936895279546,0.011095936895279546,fit
1695,/home/jinsookim/HEA_MC/FeCoNiPtPd_HER/cgcnn/100/add_data/results_dir/1695.cif,0.24521637962963,slab100,54,108,54.0,0.24422489344864762,0.0009914861809823816,0.0009914861809823816,0.2423027814530211,0.0029135981766089114,0.0029135981766089114,fit
1696,/home/jinsookim/HEA_MC/FeCoNiPtPd_HER/cgcnn/100/add_data/results_dir/1696.cif,0.18413554870370405,slab100,54,108,54.0,0.18550199448415045,-0.0013664457804463959,0.0013664457804463959,0.18632122211506813,-0.0021856734113640808,0.0021856734113640808,fit
1697,/home/jinsookim/HEA_MC/FeCoNiPtPd_HER/cgcnn/100/add_data/results_dir/1697.cif,0.17317911203703687,slab100,54,108,54.0,0.170251745006242,0.0029273670307948807,0.0029273670307948807,0.1701331484296973,0.00304596360733958,0.00304596360733958,fit
1698,/home/jinsookim/HEA_MC/FeCoNiPtPd_HER/cgcnn/100/add_data/results_dir/1698.cif,0.18685316148148096,slab100,54,108,54.0,0.20284123002015558,-0.015988068538674627,0.015988068538674627,0.20255743619399819,-0.01570427471251723,0.01570427471251723,fit
1699,/home/jinsookim/HEA_MC/FeCoNiPtPd_HER/cgcnn/100/add_data/results_dir/1699.cif,0.18150773055555508,slab100,54,108,54.0,0.21229796277858323,-0.030790232223028152,0.030790232223028152,0.211505560243028,-0.029997829687472916,0.029997829687472916,fit
1700,/home/jinsookim/HEA_MC/FeCoNiPtPd_HER/cgcnn/100/add_data/results_dir/1700.cif,0.16137781111111146,slab100,54,108,54.0,0.14829454956228827,0.013083261548823194,0.013083261548823194,0.1477663012219833,0.013611509889128154,0.013611509889128154,fit
1701,/home/jinsookim/HEA_MC/FeCoNiPtPd_HER/cgcnn/100/add_data/results_dir/1701.cif,0.20606557611111076,slab100,54,108,54.0,0.2113583535282423,-0.00529277741713155,0.00529277741713155,0.21264109252430274,-0.006575516413191984,0.006575516413191984,holdout
1702,/home/jinsookim/HEA_MC/FeCoNiPtPd_HER/cgcnn/100/add_data/results_dir/1702.cif,0.14822773537037043,slab100,54,108,54.0,0.1601364211711901,-0.011908685800819663,0.011908685800819663,0.15750661949193911,-0.009278884121568687,0.009278884121568687,fit
1703,/home/jinsookim/HEA_MC/FeCoNiPtPd_HER/cgcnn/100/add_data/results_dir/1703.cif,0.170980438148149,slab100,54,108,54.0,0.17223667869682555,-0.0012562405486765404,0.0012562405486765404,0.17112531965979852,-0.0001448815116495139,0.0001448815116495139,holdout
1704,/home/jinsookim/HEA_MC/FeCoNiPtPd_HER/cgcnn/100/add_data/results_dir/1704.cif,0.22551429185185157,slab100,54,108,54.0,0.2150712858681889,0.010443005983662657,0.010443005983662657,0.21365776520876328,0.011856526643088283,0.011856526643088283,fit
1705,/home/jinsookim/HEA_MC/FeCoNiPtPd_HER/cgcnn/100/add_data/results_dir/1705.cif,0.17347030240740777,slab100,54,108,54.0,0.19393758975635186,-0.020467287348944097,0.020467287348944097,0.19397676657395835,-0.02050646416655058,0.02050646416655058,fit
1706,/home/jinsookim/HEA_MC/FeCoNiPtPd_HER/cgcnn/100/add_data/results_dir/1706.cif,0.16583257648148186,slab100,54,108,54.0,0.17986779692464377,-0.014035220443161911,0.014035220443161911,0.17888244126677497,-0.013049864785293103,0.013049864785293103,fit
1707,/home/jinsookim/HEA_MC/FeCoNiPtPd_HER/cgcnn/100/add_data/results_dir/1707.cif,0.1712064744444435,slab100,54,108,54.0,0.16774910419352435,0.0034573702509191617,0.0034573702509191617,0.16533825756621207,0.0058682168782314414,0.0058682168782314414,fit
1708,/home/jinsookim/HEA_MC/FeCoNiPtPd_HER/cgcnn/100/add_data/results_dir/1708.cif,0.16894809314814763,slab100,54,108,54.0,0.17179636180699664,-0.002848268658849018,0.002848268658849018,0.1728091169552453,-0.0038610238070976854,0.0038610238070976854,fit
1709,/home/jinsookim/HEA_MC/FeCoNiPtPd_HER/cgcnn/100/add_data/results_dir/1709.cif,0.1921666446296302,slab100,54,108,54.0,0.18241732652491421,0.009749318104715993,0.009749318104715993,0.18225837428104966,0.00990827034858055,0.00990827034858055,fit
1710,/home/jinsookim/HEA_MC/FeCoNiPtPd_HER/cgcnn/100/add_data/results_dir/1710.cif,0.20228322500000007,slab100,54,108,54.0,0.19612580316633496,0.006157421833665105,0.006157421833665105,0.1948916166758328,0.00739160832416727,0.00739160832416727,fit
1711,/home/jinsookim/HEA_MC/FeCoNiPtPd_HER/cgcnn/100/add_data/results_dir/1711.cif,0.1702253183333337,slab100,54,108,54.0,0.1826306331791567,-0.012405314845822996,0.012405314845822996,0.18161192023273545,-0.011386601899401744,0.011386601899401744,fit
1712,/home/jinsookim/HEA_MC/FeCoNiPtPd_HER/cgcnn/100/add_data/results_dir/1712.cif,0.19428253870370327,slab100,54,108,54.0,0.18974732065917704,0.004535218044526224,0.004535218044526224,0.18882857373884154,0.005453964964861724,0.005453964964861724,holdout
1713,/home/jinsookim/HEA_MC/FeCoNiPtPd_HER/cgcnn/100/add_data/results_dir/1713.cif,0.2039003879629625,slab100,54,108,54.0,0.19217597612289775,0.011724411840064758,0.011724411840064758,0.19250798304780234,0.011392404915160165,0.011392404915160165,fit
1714,/home/jinsookim/HEA_MC/FeCoNiPtPd_HER/cgcnn/100/add_data/results_dir/1714.cif,0.20513610129629634,slab100,54,108,54.0,0.2051624129485592,-2.6311652262855922e-05,2.6311652262855922e-05,0.20601786644686892,-0.0008817651505725888,0.0008817651505725888,fit
1715,/home/jinsookim/HEA_MC/FeCoNiPtPd_HER/cgcnn/100/add_data/results_dir/1715.cif,0.16000980037037071,slab100,54,108,54.0,0.1669228841815838,-0.006913083811213083,0.006913083811213083,0.16568136037744693,-0.005671560007076221,0.005671560007076221,holdout
1716,/home/jinsookim/HEA_MC/FeCoNiPtPd_HER/cgcnn/100/add_data/results_dir/1716.cif,0.15958755259259233,slab100,54,108,54.0,0.14366877658265154,0.015918776009940794,0.015918776009940794,0.14313600144374433,0.016451551148847998,0.016451551148847998,fit
1717,/home/jinsookim/HEA_MC/FeCoNiPtPd_HER/cgcnn/100/add_data/results_dir/1717.cif,0.1695999168518517,slab100,54,108,54.0,0.15915554690424505,0.010444369947606641,0.010444369947606641,0.15816824695490014,0.011431669896951546,0.011431669896951546,fit
1718,/home/jinsookim/HEA_MC/FeCoNiPtPd_HER/cgcnn/100/add_data/results_dir/1718.cif,0.18382510185185197,slab100,54,108,54.0,0.16709255650061236,0.01673254535123961,0.01673254535123961,0.1663219262423515,0.01750317560950046,0.01750317560950046,fit
1719,/home/jinsookim/HEA_MC/FeCoNiPtPd_HER/cgcnn/100/add_data/results_dir/1719.cif,0.23115147222222276,slab100,54,108,54.0,0.22460862307822432,0.0065428491439984415,0.0065428491439984415,0.22550142404954202,0.0056500481726807494,0.0056500481726807494,fit
1720,/home/jinsookim/HEA_MC/FeCoNiPtPd_HER/cgcnn/100/add_data/results_dir/1720.cif,0.16298708814814813,slab100,54,108,54.0,0.16224083516701882,0.0007462529811293195,0.0007462529811293195,0.16188872358071676,0.0010983645674313702,0.0010983645674313702,fit
1721,/home/jinsookim/HEA_MC/FeCoNiPtPd_HER/cgcnn/100/add_data/results_dir/1721.cif,0.22216634962962997,slab100,54,108,54.0,0.22492875370046653,-0.002762404070836555,0.002762404070836555,0.2241610427221547,-0.0019946930925247297,0.0019946930925247297,holdout
1722,/home/jinsookim/HEA_MC/FeCoNiPtPd_HER/cgcnn/100/add_data/results_dir/1722.cif,0.1957484244444448,slab100,54,108,54.0,0.19375534257127786,0.0019930818731669353,0.0019930818731669353,0.19497516523639308,0.0007732592080517131,0.0007732592080517131,holdout
1723,/home/jinsookim/HEA_MC/FeCoNiPtPd_HER/cgcnn/100/add_data/results_dir/1723.cif,0.17956802907407463,slab100,54,108,54.0,0.1753835136751999,0.0041845153988747386,0.0041845153988747386,0.17486774038849756,0.004700288685577064,0.004700288685577064,fit
1724,/home/jinsookim/HEA_MC/FeCoNiPtPd_HER/cgcnn/100/add_data/results_dir/1724.cif,0.191502279814814,slab100,54,108,54.0,0.18800686541559355,0.0034954143992204367,0.0034954143992204367,0.18773141202085036,0.003770867793963628,0.003770867793963628,fit
1725,/home/jinsookim/HEA_MC/FeCoNiPtPd_HER/cgcnn/100/add_data/results_dir/1725.cif,0.15569176740740748,slab100,54,108,54.0,0.14718208558681023,0.008509681820597248,0.008509681820597248,0.1462160181966439,0.009475749210763579,0.009475749210763579,fit
1726,/home/jinsookim/HEA_MC/FeCoNiPtPd_HER/cgcnn/100/add_data/results_dir/1726.cif,0.18193643648148147,slab100,54,108,54.0,0.17141044750868573,0.010525988972795747,0.010525988972795747,0.17205162975937846,0.009884806722103012,0.009884806722103012,fit
1727,/home/jinsookim/HEA_MC/FeCoNiPtPd_HER/cgcnn/100/add_data/results_dir/1727.cif,0.19042296277777804,slab100,54,108,54.0,0.19405619071498242,-0.0036332279372043863,0.0036332279372043863,0.19312848764014626,-0.0027055248623682193,0.0027055248623682193,fit
1728,/home/jinsookim/HEA_MC/FeCoNiPtPd_HER/cgcnn/100/add_data/results_dir/1728.cif,0.19914083648148176,slab100,54,108,54.0,0.19754148114980585,0.0015993553316759057,0.0015993553316759057,0.1983390183460985,0.0008018181353832698,0.0008018181353832698,fit
1729,/home/jinsookim/HEA_MC/FeCoNiPtPd_HER/cgcnn/100/add_data/results_dir/1729.cif,0.18389922148148125,slab100,54,108,54.0,0.18502072960501834,-0.0011215081235370905,0.0011215081235370905,0.18267193203787074,0.001227289443610502,0.001227289443610502,fit
1730,/home/jinsookim/HEA_MC/FeCoNiPtPd_HER/cgcnn/100/add_data/results_dir/1730.cif,0.20877119444444425,slab100,54,108,54.0,0.2143497141862738,-0.005578519741829546,0.005578519741829546,0.2141593436778992,-0.0053881492334549586,0.0053881492334549586,fit
1731,/home/jinsookim/HEA_MC/FeCoNiPtPd_HER/cgcnn/100/add_data/results_dir/1731.cif,0.17394852518518494,slab100,54,108,54.0,0.1903283553606259,-0.01637983017544095,0.01637983017544095,0.18886453842668993,-0.014916013241504988,0.014916013241504988,fit
1732,/home/jinsookim/HEA_MC/FeCoNiPtPd_HER/cgcnn/100/add_data/results_dir/1732.cif,0.17983294259259233,slab100,54,108,54.0,0.1794807350949897,0.00035220749760261905,0.00035220749760261905,0.17864336672016445,0.0011895758724278782,0.0011895758724278782,fit
1733,/home/jinsookim/HEA_MC/FeCoNiPtPd_HER/cgcnn/100/add_data/results_dir/1733.cif,0.2280483766666666,slab100,54,108,54.0,0.223637276591557,0.004411100075109614,0.004411100075109614,0.22428181266121014,0.0037665640054564686,0.0037665640054564686,fit
1734,/home/jinsookim/HEA_MC/FeCoNiPtPd_HER/cgcnn/100/add_data/results_dir/1734.cif,0.20179843425925928,slab100,54,108,54.0,0.20571890983781022,-0.003920475578550936,0.003920475578550936,0.20532432661801914,-0.003525892358759858,0.003525892358759858,fit
1735,/home/jinsookim/HEA_MC/FeCoNiPtPd_HER/cgcnn/100/add_data/results_dir/1735.cif,0.17681392962962958,slab100,54,108,54.0,0.15927635115371847,0.017537578475911114,0.017537578475911114,0.15857850441251253,0.018235425217117046,0.018235425217117046,fit
1736,/home/jinsookim/HEA_MC/FeCoNiPtPd_HER/cgcnn/100/add_data/results_dir/1736.cif,0.17352394740740773,slab100,54,108,54.0,0.1901515121699507,-0.016627564762542957,0.016627564762542957,0.18979404857311943,-0.016270101165711703,0.016270101165711703,fit
1737,/home/jinsookim/HEA_MC/FeCoNiPtPd_HER/cgcnn/100/add_data/results_dir/1737.cif,0.16086814703703672,slab100,54,108,54.0,0.16470707472922735,-0.00383892769219063,0.00383892769219063,0.1647675986069254,-0.0038994515698886623,0.0038994515698886623,fit
1738,/home/jinsookim/HEA_MC/FeCoNiPtPd_HER/cgcnn/100/add_data/results_dir/1738.cif,0.1894160468518517,slab100,54,108,54.0,0.18189295547793385,0.007523091373917851,0.007523091373917851,0.18173162796905729,0.007684418882794419,0.007684418882794419,fit
1739,/home/jinsookim/HEA_MC/FeCoNiPtPd_HER/cgcnn/100/add_data/results_dir/1739.cif,0.14108675833333312,slab100,54,108,54.0,0.14982482214349346,-0.008738063810160346,0.008738063810160346,0.1513816573487493,-0.010294899015416192,0.010294899015416192,holdout
1740,/home/jinsookim/HEA_MC/FeCoNiPtPd_HER/cgcnn/100/add_data/results_dir/1740.cif,0.19729198055555616,slab100,54,108,54.0,0.19143028427738124,0.005861696278174927,0.005861696278174927,0.1895212109846868,0.0077707695708693625,0.0077707695708693625,fit
1741,/home/jinsookim/HEA_MC/FeCoNiPtPd_HER/cgcnn/100/add_data/results_dir/1741.cif,0.1950763551851851,slab100,54,108,54.0,0.18558441382217533,0.009491941363009765,0.009491941363009765,0.1857610860455757,0.009315269139609395,0.009315269139609395,fit
1742,/home/jinsookim/HEA_MC/FeCoNiPtPd_HER/cgcnn/100/add_data/results_dir/1742.cif,0.20435068370370382,slab100,54,108,54.0,0.20586603328844483,-0.0015153495847410048,0.0015153495847410048,0.20729102623525075,-0.00294034253154693,0.00294034253154693,fit
1743,/home/jinsookim/HEA_MC/FeCoNiPtPd_HER/cgcnn/100/add_data/results_dir/1743.cif,0.165158240925926,slab100,54,108,54.0,0.15691080662604037,0.008247434299885614,0.008247434299885614,0.1547799871383404,0.010378253787585584,0.010378253787585584,fit
1744,/home/jinsookim/HEA_MC/FeCoNiPtPd_HER/cgcnn/100/add_data/results_dir/1744.cif,0.1605155035185185,slab100,54,108,54.0,0.15877465421862097,0.00174084929989754,0.00174084929989754,0.1606119539956478,-9.645047712927846e-05,9.645047712927846e-05,fit
1745,/home/jinsookim/HEA_MC/FeCoNiPtPd_HER/cgcnn/100/add_data/results_dir/1745.cif,0.18276205759259292,slab100,54,108,54.0,0.17586385013197328,0.006898207460619643,0.006898207460619643,0.17610351550286424,0.006658542089728686,0.006658542089728686,fit
1746,/home/jinsookim/HEA_MC/FeCoNiPtPd_HER/cgcnn/100/add_data/results_dir/1746.cif,0.19707040666666684,slab100,54,108,54.0,0.1933559571532847,0.003714449513382123,0.003714449513382123,0.19321112686353317,0.003859279803133664,0.003859279803133664,fit
1747,/home/jinsookim/HEA_MC/FeCoNiPtPd_HER/cgcnn/100/add_data/results_dir/1747.cif,0.16126975481481476,slab100,54,108,54.0,0.14928188360206143,0.011987871212753326,0.011987871212753326,0.14862862188119977,0.01264113293361499,0.01264113293361499,fit
1748,/home/jinsookim/HEA_MC/FeCoNiPtPd_HER/cgcnn/100/add_data/results_dir/1748.cif,0.1278192938888891,slab100,54,108,54.0,0.14470698573026117,-0.016887691841372066,0.016887691841372066,0.14402269453395614,-0.016203400645067034,0.016203400645067034,fit
1749,/home/jinsookim/HEA_MC/FeCoNiPtPd_HER/cgcnn/100/add_data/results_dir/1749.cif,0.12762963111111117,slab100,54,108,54.0,0.1364258470901602,-0.008796215979049032,0.008796215979049032,0.13676157697325272,-0.009131945862141555,0.009131945862141555,fit
1750,/home/jinsookim/HEA_MC/FeCoNiPtPd_HER/cgcnn/100/add_data/results_dir/1750.cif,0.17788585222222272,slab100,54,108,54.0,0.17862562349285685,-0.0007397712706341264,0.0007397712706341264,0.1793232486051973,-0.0014373963829745762,0.0014373963829745762,fit
1751,/home/jinsookim/HEA_MC/FeCoNiPtPd_HER/cgcnn/100/add_data/results_dir/1751.cif,0.2432588207407407,slab100,54,108,54.0,0.23519655736340592,0.008062263377334788,0.008062263377334788,0.23534174208201186,0.007917078658728843,0.007917078658728843,fit
1752,/home/jinsookim/HEA_MC/FeCoNiPtPd_HER/cgcnn/100/add_data/results_dir/1752.cif,0.18457244722222194,slab100,54,108,54.0,0.18056504150337552,0.0040074057188464185,0.0040074057188464185,0.17919579405421146,0.005376653168010476,0.005376653168010476,fit
1753,/home/jinsookim/HEA_MC/FeCoNiPtPd_HER/cgcnn/100/add_data/results_dir/1753.cif,0.18498754685185126,slab100,54,108,54.0,0.20781774425451222,-0.022830197402660957,0.022830197402660957,0.20848252597361014,-0.02349497912175888,0.02349497912175888,fit
1754,/home/jinsookim/HEA_MC/FeCoNiPtPd_HER/cgcnn/100/add_data/results_dir/1754.cif,0.1863062472222223,slab100,54,108,54.0,0.17933358995992754,0.0069726572622947625,0.0069726572622947625,0.17830130679769315,0.00800494042452915,0.00800494042452915,fit
1755,/home/jinsookim/HEA_MC/FeCoNiPtPd_HER/cgcnn/100/add_data/results_dir/1755.cif,0.19619420592592587,slab100,54,108,54.0,0.19639683326863308,-0.00020262734270720673,0.00020262734270720673,0.19842262767376848,-0.0022284217478426016,0.0022284217478426016,fit
1756,/home/jinsookim/HEA_MC/FeCoNiPtPd_HER/cgcnn/100/add_data/results_dir/1756.cif,0.16005270277777742,slab100,54,108,54.0,0.16398861000118373,-0.00393590722340631,0.00393590722340631,0.16553110772514623,-0.0054784049473688146,0.0054784049473688146,fit
1757,/home/jinsookim/HEA_MC/FeCoNiPtPd_HER/cgcnn/100/add_data/results_dir/1757.cif,0.18129756148148127,slab100,54,108,54.0,0.1842846511483218,-0.0029870896668405256,0.0029870896668405256,0.1844263449476321,-0.0031287834661508362,0.0031287834661508362,fit
1758,/home/jinsookim/HEA_MC/FeCoNiPtPd_HER/cgcnn/100/add_data/results_dir/1758.cif,0.15515301833333325,slab100,54,108,54.0,0.15500896033632516,0.0001440579970080902,0.0001440579970080902,0.15555451861197336,-0.00040150027864011006,0.00040150027864011006,fit
1759,/home/jinsookim/HEA_MC/FeCoNiPtPd_HER/cgcnn/100/add_data/results_dir/1759.cif,0.16894700481481517,slab100,54,108,54.0,0.19750821658524004,-0.028561211770424866,0.028561211770424866,0.19588799005570431,-0.026940985240889143,0.026940985240889143,fit
1760,/home/jinsookim/HEA_MC/FeCoNiPtPd_HER/cgcnn/100/add_data/results_dir/1760.cif,0.18163219018518467,slab100,54,108,54.0,0.18266942822558274,-0.0010372380403980697,0.0010372380403980697,0.18266690608502034,-0.0010347158998356698,0.0010347158998356698,holdout
1761,/home/jinsookim/HEA_MC/FeCoNiPtPd_HER/cgcnn/100/add_data/results_dir/1761.cif,0.16855693500000013,slab100,54,108,54.0,0.169227870183504,-0.0006709351835038624,0.0006709351835038624,0.1689387233980275,-0.00038178839802738285,0.00038178839802738285,holdout
1762,/home/jinsookim/HEA_MC/FeCoNiPtPd_HER/cgcnn/100/add_data/results_dir/1762.cif,0.20502329537036965,slab100,54,108,54.0,0.1966042014598664,0.008419093910503245,0.008419093910503245,0.19773916128121957,0.007284134089150074,0.007284134089150074,fit
1763,/home/jinsookim/HEA_MC/FeCoNiPtPd_HER/cgcnn/100/add_data/results_dir/1763.cif,0.2293750448148149,slab100,54,108,54.0,0.22434142010269884,0.005033624712116075,0.005033624712116075,0.22554120152434004,0.00383384329047487,0.00383384329047487,holdout
1764,/home/jinsookim/HEA_MC/FeCoNiPtPd_HER/cgcnn/100/add_data/results_dir/1764.cif,0.19636778666666735,slab100,54,108,54.0,0.1938182860922698,0.0025495005743975396,0.0025495005743975396,0.19283631812216626,0.003531468544501093,0.003531468544501093,fit
1765,/home/jinsookim/HEA_MC/FeCoNiPtPd_HER/cgcnn/100/add_data/results_dir/1765.cif,0.17184265962962988,slab100,54,108,54.0,0.16370444035171777,0.008138219277912112,0.008138219277912112,0.16338268689624874,0.008459972733381144,0.008459972733381144,holdout
1766,/home/jinsookim/HEA_MC/FeCoNiPtPd_HER/cgcnn/100/add_data/results_dir/1766.cif,0.17042108407407483,slab100,54,108,54.0,0.16158745822938925,0.008833625844685583,0.008833625844685583,0.16124801630646954,0.009173067767605292,0.009173067767605292,fit
1767,/home/jinsookim/HEA_MC/FeCoNiPtPd_HER/cgcnn/100/add_data/results_dir/1767.cif,0.17711768333333355,slab100,54,108,54.0,0.17727545253740046,-0.0001577692040669043,0.0001577692040669043,0.17807037058295905,-0.0009526872496254946,0.0009526872496254946,fit
1768,/home/jinsookim/HEA_MC/FeCoNiPtPd_HER/cgcnn/100/add_data/results_dir/1768.cif,0.17297721148148176,slab100,54,108,54.0,0.1589178984429902,0.014059313038491561,0.014059313038491561,0.15786181080118383,0.01511540068029793,0.01511540068029793,fit
1769,/home/jinsookim/HEA_MC/FeCoNiPtPd_HER/cgcnn/100/add_data/results_dir/1769.cif,0.19594500907407492,slab100,54,108,54.0,0.1928587252599925,0.003086283814082408,0.003086283814082408,0.1930030325607301,0.002941976513344824,0.002941976513344824,fit
1770,/home/jinsookim/HEA_MC/FeCoNiPtPd_HER/cgcnn/100/add_data/results_dir/1770.cif,0.18989899777777716,slab100,54,108,54.0,0.22631665800441045,-0.036417660226633286,0.036417660226633286,0.22556748744673866,-0.035668489668961495,0.035668489668961495,fit
1771,/home/jinsookim/HEA_MC/FeCoNiPtPd_HER/cgcnn/100/add_data/results_dir/1771.cif,0.17486329722222158,slab100,54,108,54.0,0.1640819661480517,0.01078133107416987,0.01078133107416987,0.1631500947328451,0.011713202489376462,0.011713202489376462,fit
1772,/home/jinsookim/HEA_MC/FeCoNiPtPd_HER/cgcnn/100/add_data/results_dir/1772.cif,0.16909001407407442,slab100,54,108,54.0,0.1927623149812381,-0.023672300907163685,0.023672300907163685,0.19285592213441805,-0.02376590806034362,0.02376590806034362,fit
1773,/home/jinsookim/HEA_MC/FeCoNiPtPd_HER/cgcnn/100/add_data/results_dir/1773.cif,0.20660000777777798,slab100,54,108,54.0,0.19718659598882074,0.009413411788957243,0.009413411788957243,0.19808222648348572,0.00851778129429226,0.00851778129429226,fit
1774,/home/jinsookim/HEA_MC/FeCoNiPtPd_HER/cgcnn/100/add_data/results_dir/1774.cif,0.18316662092592578,slab100,54,108,54.0,0.18125881422594095,0.001907806699984832,0.001907806699984832,0.18079193402181562,0.0023746869041101626,0.0023746869041101626,fit
1775,/home/jinsookim/HEA_MC/FeCoNiPtPd_HER/cgcnn/100/add_data/results_dir/1775.cif,0.1467140348148148,slab100,54,108,54.0,0.14318754438516793,0.003526490429646867,0.003526490429646867,0.14284221119439752,0.0038718236204172696,0.0038718236204172696,fit
1776,/home/jinsookim/HEA_MC/FeCoNiPtPd_HER/cgcnn/100/add_data/results_dir/1776.cif,0.15860500555555535,slab100,54,108,54.0,0.16195893812107315,-0.003353932565517803,0.003353932565517803,0.1609360284866219,-0.0023310229310665453,0.0023310229310665453,fit
1777,/home/jinsookim/HEA_MC/FeCoNiPtPd_HER/cgcnn/100/add_data/results_dir/1777.cif,0.12688901648148224,slab100,54,108,54.0,0.1520016316815968,-0.02511261520011457,0.02511261520011457,0.15128955595624707,-0.024400539474764837,0.024400539474764837,fit
1778,/home/jinsookim/HEA_MC/FeCoNiPtPd_HER/cgcnn/100/add_data/results_dir/1778.cif,0.18960948074074066,slab100,54,108,54.0,0.18301254340983228,0.006596937330908381,0.006596937330908381,0.18354325813607214,0.00606622260466852,0.00606622260466852,fit
1779,/home/jinsookim/HEA_MC/FeCoNiPtPd_HER/cgcnn/100/add_data/results_dir/1779.cif,0.20084998907407436,slab100,54,108,54.0,0.19668653781446702,0.004163451259607348,0.004163451259607348,0.19877136682865523,0.0020786222454191317,0.0020786222454191317,fit
1780,/home/jinsookim/HEA_MC/FeCoNiPtPd_HER/cgcnn/100/add_data/results_dir/1780.cif,0.20001607611111236,slab100,54,108,54.0,0.2064976809107422,-0.0064816047996298365,0.0064816047996298365,0.2040344888575814,-0.004018412746469052,0.004018412746469052,fit
1781,/home/jinsookim/HEA_MC/FeCoNiPtPd_HER/cgcnn/100/add_data/results_dir/1781.cif,0.1567003670370363,slab100,54,108,54.0,0.1470006242077251,0.009699742829311186,0.009699742829311186,0.14658067507556774,0.010119691961468558,0.010119691961468558,fit
1782,/home/jinsookim/HEA_MC/FeCoNiPtPd_HER/cgcnn/100/add_data/results_dir/1782.cif,0.17391587740740777,slab100,54,108,54.0,0.18429839556601813,-0.010382518158610354,0.010382518158610354,0.18509073973088302,-0.011174862323475254,0.011174862323475254,holdout
1783,/home/jinsookim/HEA_MC/FeCoNiPtPd_HER/cgcnn/100/add_data/results_dir/1783.cif,0.1839455674074065,slab100,54,108,54.0,0.16636963257559392,0.01757593483181258,0.01757593483181258,0.1658701738981097,0.018075393509296794,0.018075393509296794,fit
1784,/home/jinsookim/HEA_MC/FeCoNiPtPd_HER/cgcnn/100/add_data/results_dir/1784.cif,0.21188491555555536,slab100,54,108,54.0,0.22003955217666973,-0.008154636621114375,0.008154636621114375,0.2199014686847103,-0.008016553129154946,0.008016553129154946,fit
1785,/home/jinsookim/HEA_MC/FeCoNiPtPd_HER/cgcnn/100/add_data/results_dir/1785.cif,0.155783188148148,slab100,54,108,54.0,0.16721044848055536,-0.011427260332407346,0.011427260332407346,0.16698257169408318,-0.011199383545935165,0.011199383545935165,fit
1786,/home/jinsookim/HEA_MC/FeCoNiPtPd_HER/cgcnn/100/add_data/results_dir/1786.cif,0.16706999722222277,slab100,54,108,54.0,0.15137323486646925,0.015696762355753513,0.015696762355753513,0.15042789297239803,0.016642104249824735,0.016642104249824735,fit
1787,/home/jinsookim/HEA_MC/FeCoNiPtPd_HER/cgcnn/100/add_data/results_dir/1787.cif,0.20420810499999956,slab100,54,108,54.0,0.19457000337085678,0.009638101629142776,0.009638101629142776,0.19254683853954002,0.011661266460459535,0.011661266460459535,fit
1788,/home/jinsookim/HEA_MC/FeCoNiPtPd_HER/cgcnn/100/add_data/results_dir/1788.cif,0.20406502703703686,slab100,54,108,54.0,0.20537473582738835,-0.0013097087903514992,0.0013097087903514992,0.20506054286851616,-0.0009955158314793044,0.0009955158314793044,fit
1789,/home/jinsookim/HEA_MC/FeCoNiPtPd_HER/cgcnn/100/add_data/results_dir/1789.cif,0.17964451018518499,slab100,54,108,54.0,0.17411148037378735,0.005533029811397638,0.005533029811397638,0.1730955689638441,0.006548941221340893,0.006548941221340893,fit
1790,/home/jinsookim/HEA_MC/FeCoNiPtPd_HER/cgcnn/100/add_data/results_dir/1790.cif,0.19920520666666638,slab100,54,108,54.0,0.19447057622321315,0.004734630443453236,0.004734630443453236,0.19409383851175446,0.005111368154911922,0.005111368154911922,fit
1791,/home/jinsookim/HEA_MC/FeCoNiPtPd_HER/cgcnn/100/add_data/results_dir/1791.cif,0.218405470740741,slab100,54,108,54.0,0.2150947636222622,0.0033107071184787784,0.0033107071184787784,0.21536039861849798,0.0030450721222430033,0.0030450721222430033,fit
1792,/home/jinsookim/HEA_MC/FeCoNiPtPd_HER/cgcnn/100/add_data/results_dir/1792.cif,0.18776633500000048,slab100,54,108,54.0,0.17361840093398276,0.01414793406601772,0.01414793406601772,0.17361038905281695,0.01415594594718353,0.01415594594718353,fit
1793,/home/jinsookim/HEA_MC/FeCoNiPtPd_HER/cgcnn/100/add_data/results_dir/1793.cif,0.18118223333333264,slab100,54,108,54.0,0.16908864544808425,0.012093587885248391,0.012093587885248391,0.16948591198370977,0.011696321349622868,0.011696321349622868,fit
1794,/home/jinsookim/HEA_MC/FeCoNiPtPd_HER/cgcnn/100/add_data/results_dir/1794.cif,0.16484895500000074,slab100,54,108,54.0,0.15548238907497025,0.00936656592503049,0.00936656592503049,0.15515770971889556,0.009691245281105182,0.009691245281105182,fit
1795,/home/jinsookim/HEA_MC/FeCoNiPtPd_HER/cgcnn/100/add_data/results_dir/1795.cif,0.2424734472222225,slab100,54,108,54.0,0.2387451581119268,0.0037282891102957127,0.0037282891102957127,0.23956780807711425,0.0029056391451082464,0.0029056391451082464,fit
1796,/home/jinsookim/HEA_MC/FeCoNiPtPd_HER/cgcnn/100/add_data/results_dir/1796.cif,0.19150498240740835,slab100,54,108,54.0,0.1756169360267462,0.015888046380662157,0.015888046380662157,0.1766529874163822,0.014851994991026157,0.014851994991026157,fit
1797,/home/jinsookim/HEA_MC/FeCoNiPtPd_HER/cgcnn/100/add_data/results_dir/1797.cif,0.16968724185185197,slab100,54,108,54.0,0.16835320401816864,0.001334037833683327,0.001334037833683327,0.16892709890647417,0.0007601429453777953,0.0007601429453777953,fit
1798,/home/jinsookim/HEA_MC/FeCoNiPtPd_HER/cgcnn/100/add_data/results_dir/1798.cif,0.19050708407407427,slab100,54,108,54.0,0.18728544621606605,0.0032216378580082194,0.0032216378580082194,0.1874356781173188,0.0030714059567554797,0.0030714059567554797,fit
1799,/home/jinsookim/HEA_MC/FeCoNiPtPd_HER/cgcnn/100/add_data/results_dir/1799.cif,0.19849852685185157,slab100,54,108,54.0,0.21010539333508677,-0.011606866483235195,0.011606866483235195,0.2111953886372085,-0.012696861785356922,0.012696861785356922,fit
1800,/home/jinsookim/HEA_MC/FeCoNiPtPd_HER/cgcnn/100/add_data/results_dir/1800.cif,0.13132137129629537,slab100,54,108,54.0,0.13162771463663356,-0.0003063433403381888,0.0003063433403381888,0.1318662795840345,-0.0005449082877391209,0.0005449082877391209,fit
1801,/home/jinsookim/HEA_MC/FeCoNiPtPd_HER/cgcnn/100/add_data/results_dir/1801.cif,0.10868429351851804,slab100,54,108,54.0,0.10706519881826954,0.0016190947002484996,0.0016190947002484996,0.10718672134982445,0.0014975721686935894,0.0014975721686935894,fit
1802,/home/jinsookim/HEA_MC/FeCoNiPtPd_HER/cgcnn/100/add_data/results_dir/1802.cif,0.12340118537036915,slab100,54,108,54.0,0.11554760065805608,0.007853584712313066,0.007853584712313066,0.11573331604435749,0.007667869326011656,0.007667869326011656,fit
1803,/home/jinsookim/HEA_MC/FeCoNiPtPd_HER/cgcnn/100/add_data/results_dir/1803.cif,0.11388397314814719,slab100,54,108,54.0,0.11338249301136745,0.0005014801367797389,0.0005014801367797389,0.11393668874185975,-5.271559371256007e-05,5.271559371256007e-05,fit
1804,/home/jinsookim/HEA_MC/FeCoNiPtPd_HER/cgcnn/100/add_data/results_dir/1804.cif,0.14739666444444416,slab100,54,108,54.0,0.1459230840450751,0.0014735803993690677,0.0014735803993690677,0.14480203945228085,0.0025946249921633135,0.0025946249921633135,fit
1805,/home/jinsookim/HEA_MC/FeCoNiPtPd_HER/cgcnn/100/add_data/results_dir/1805.cif,0.13972961999999922,slab100,54,108,54.0,0.1351598561016684,0.004569763898330831,0.004569763898330831,0.13455156942136506,0.005178050578634158,0.005178050578634158,fit
1806,/home/jinsookim/HEA_MC/FeCoNiPtPd_HER/cgcnn/100/add_data/results_dir/1806.cif,0.11083161333333233,slab100,54,108,54.0,0.11659685930545216,-0.005765245972119831,0.005765245972119831,0.11814352148965954,-0.007311908156327207,0.007311908156327207,fit
1807,/home/jinsookim/HEA_MC/FeCoNiPtPd_HER/cgcnn/100/add_data/results_dir/1807.cif,0.10642192074073963,slab100,54,108,54.0,0.09827138503844249,0.008150535702297138,0.008150535702297138,0.09722475617933765,0.009197164561401974,0.009197164561401974,fit
1808,/home/jinsookim/HEA_MC/FeCoNiPtPd_HER/cgcnn/100/add_data/results_dir/1808.cif,0.12179292259259211,slab100,54,108,54.0,0.11835490606045235,0.003438016532139765,0.003438016532139765,0.11773550797928066,0.0040574146133114525,0.0040574146133114525,fit
1809,/home/jinsookim/HEA_MC/FeCoNiPtPd_HER/cgcnn/100/add_data/results_dir/1809.cif,0.1100298101851841,slab100,54,108,54.0,0.10899026934657888,0.0010395408386052185,0.0010395408386052185,0.10920505949351532,0.0008247506916687769,0.0008247506916687769,holdout
1810,/home/jinsookim/HEA_MC/FeCoNiPtPd_HER/cgcnn/100/add_data/results_dir/1810.cif,0.11591910333333262,slab100,54,108,54.0,0.11167685245809399,0.0042422508752386345,0.0042422508752386345,0.10984349121704941,0.006075612116283213,0.006075612116283213,fit
1811,/home/jinsookim/HEA_MC/FeCoNiPtPd_HER/cgcnn/100/add_data/results_dir/1811.cif,0.125447809259259,slab100,54,108,54.0,0.11104443485828988,0.014403374400969116,0.014403374400969116,0.11019145017108278,0.015256359088176213,0.015256359088176213,holdout
1812,/home/jinsookim/HEA_MC/FeCoNiPtPd_HER/cgcnn/100/add_data/results_dir/1812.cif,0.11888420537036908,slab100,54,108,54.0,0.1103788786553761,0.008505326714992975,0.008505326714992975,0.11060986059746128,0.008274344772907796,0.008274344772907796,fit
1813,/home/jinsookim/HEA_MC/FeCoNiPtPd_HER/cgcnn/100/add_data/results_dir/1813.cif,0.10742591740740674,slab100,54,108,54.0,0.10148929874100267,0.005936618666404075,0.005936618666404075,0.09977578717931646,0.007650130228090288,0.007650130228090288,fit
1814,/home/jinsookim/HEA_MC/FeCoNiPtPd_HER/cgcnn/100/add_data/results_dir/1814.cif,0.11345302962962898,slab100,54,108,54.0,0.1215806400072423,-0.008127610377613309,0.008127610377613309,0.12172245238794102,-0.008269422758312037,0.008269422758312037,fit
1815,/home/jinsookim/HEA_MC/FeCoNiPtPd_HER/cgcnn/100/add_data/results_dir/1815.cif,0.11385723351851754,slab100,54,108,54.0,0.11217988457177674,0.001677348946740792,0.001677348946740792,0.10964342631252343,0.004213807205994111,0.004213807205994111,fit
1816,/home/jinsookim/HEA_MC/FeCoNiPtPd_HER/cgcnn/100/add_data/results_dir/1816.cif,0.11925174999999892,slab100,54,108,54.0,0.1219379059196126,-0.0026861559196136725,0.0026861559196136725,0.1216098806202069,-0.002358130620207982,0.002358130620207982,fit
1817,/home/jinsookim/HEA_MC/FeCoNiPtPd_HER/cgcnn/100/add_data/results_dir/1817.cif,0.10702096407407292,slab100,54,108,54.0,0.10805643753088949,-0.0010354734568165658,0.0010354734568165658,0.10808222913235296,-0.0010612650582800393,0.0010612650582800393,fit
1818,/home/jinsookim/HEA_MC/FeCoNiPtPd_HER/cgcnn/100/add_data/results_dir/1818.cif,0.2053418596296284,slab100,54,108,54.0,0.21624731082032267,-0.010905451190694276,0.010905451190694276,0.21744125215908824,-0.012099392529459851,0.012099392529459851,fit
1819,/home/jinsookim/HEA_MC/FeCoNiPtPd_HER/cgcnn/100/add_data/results_dir/1819.cif,0.10416461259259159,slab100,54,108,54.0,0.10746849363699688,-0.0033038810444052935,0.0033038810444052935,0.10811434679633067,-0.003949734203739078,0.003949734203739078,fit
1820,/home/jinsookim/HEA_MC/FeCoNiPtPd_HER/cgcnn/100/add_data/results_dir/1820.cif,0.16006183333333276,slab100,54,108,54.0,0.15531311961685956,0.004748713716473202,0.004748713716473202,0.15567822038371154,0.004383612949621224,0.004383612949621224,fit
1821,/home/jinsookim/HEA_MC/FeCoNiPtPd_HER/cgcnn/100/add_data/results_dir/1821.cif,0.12154715629629596,slab100,54,108,54.0,0.12787487976426584,-0.0063277234679698785,0.0063277234679698785,0.12789596514369864,-0.006348808847402673,0.006348808847402673,fit
1822,/home/jinsookim/HEA_MC/FeCoNiPtPd_HER/cgcnn/100/add_data/results_dir/1822.cif,0.11799585703703609,slab100,54,108,54.0,0.11047571325815837,0.007520143778877719,0.007520143778877719,0.10963921125876258,0.008356645778273511,0.008356645778273511,fit
1823,/home/jinsookim/HEA_MC/FeCoNiPtPd_HER/cgcnn/100/add_data/results_dir/1823.cif,0.12026151074073992,slab100,54,108,54.0,0.12081985782313309,-0.0005583470823931763,0.0005583470823931763,0.121936398919167,-0.001674888178427078,0.001674888178427078,fit
1824,/home/jinsookim/HEA_MC/FeCoNiPtPd_HER/cgcnn/100/add_data/results_dir/1824.cif,0.09673141240740632,slab100,54,108,54.0,0.0964102644768892,0.00032114793051711554,0.00032114793051711554,0.09653090066470946,0.00020051174269686278,0.00020051174269686278,fit
1825,/home/jinsookim/HEA_MC/FeCoNiPtPd_HER/cgcnn/100/add_data/results_dir/1825.cif,0.09709056185185137,slab100,54,108,54.0,0.09163514682943395,0.00545541502241742,0.00545541502241742,0.09254885954484801,0.004541702307003362,0.004541702307003362,holdout
1826,/home/jinsookim/HEA_MC/FeCoNiPtPd_HER/cgcnn/100/add_data/results_dir/1826.cif,0.12155382722222106,slab100,54,108,54.0,0.1156645082977034,0.005889318924517661,0.005889318924517661,0.11565769698190148,0.005896130240319583,0.005896130240319583,fit
1827,/home/jinsookim/HEA_MC/FeCoNiPtPd_HER/cgcnn/100/add_data/results_dir/1827.cif,0.11933575055555441,slab100,54,108,54.0,0.11169801950635792,0.007637731049196489,0.007637731049196489,0.11123284138813774,0.00810290916741667,0.00810290916741667,fit
1828,/home/jinsookim/HEA_MC/FeCoNiPtPd_HER/cgcnn/100/add_data/results_dir/1828.cif,0.12811385999999966,slab100,54,108,54.0,0.12009401965945112,0.008019840340548548,0.008019840340548548,0.12047788648516322,0.007635973514836442,0.007635973514836442,fit
1829,/home/jinsookim/HEA_MC/FeCoNiPtPd_HER/cgcnn/100/add_data/results_dir/1829.cif,0.11641332981481393,slab100,54,108,54.0,0.11291782448473177,0.003495505330082166,0.003495505330082166,0.11112544435231754,0.0052878854624963945,0.0052878854624963945,fit
1830,/home/jinsookim/HEA_MC/FeCoNiPtPd_HER/cgcnn/100/add_data/results_dir/1830.cif,0.12285256129629513,slab100,54,108,54.0,0.12354207690967181,-0.0006895156133766844,0.0006895156133766844,0.12267911049394727,0.00017345080234786037,0.00017345080234786037,fit
1831,/home/jinsookim/HEA_MC/FeCoNiPtPd_HER/cgcnn/100/add_data/results_dir/1831.cif,0.1061695485185173,slab100,54,108,54.0,0.10016143271411418,0.006008115804403122,0.006008115804403122,0.10020260883123666,0.00596693968728064,0.00596693968728064,fit
1832,/home/jinsookim/HEA_MC/FeCoNiPtPd_HER/cgcnn/100/add_data/results_dir/1832.cif,0.13904214388888805,slab100,54,108,54.0,0.133423495690162,0.005618648198726067,0.005618648198726067,0.13339351440175,0.0056486294871380405,0.0056486294871380405,fit
1833,/home/jinsookim/HEA_MC/FeCoNiPtPd_HER/cgcnn/100/add_data/results_dir/1833.cif,0.1074321227777775,slab100,54,108,54.0,0.10577126190467855,0.0016608608730989544,0.0016608608730989544,0.1067240532623669,0.0007080695154105948,0.0007080695154105948,fit
1834,/home/jinsookim/HEA_MC/FeCoNiPtPd_HER/cgcnn/100/add_data/results_dir/1834.cif,0.11930822166666573,slab100,54,108,54.0,0.11780741095078107,0.0015008107158846623,0.0015008107158846623,0.11766231108280929,0.0016459105838564358,0.0016459105838564358,fit
1835,/home/jinsookim/HEA_MC/FeCoNiPtPd_HER/cgcnn/100/add_data/results_dir/1835.cif,0.1151818503703697,slab100,54,108,54.0,0.10444868413251779,0.010733166237851907,0.010733166237851907,0.10539277060554084,0.009789079764828859,0.009789079764828859,fit
1836,/home/jinsookim/HEA_MC/FeCoNiPtPd_HER/cgcnn/100/add_data/results_dir/1836.cif,0.12912952925925883,slab100,54,108,54.0,0.1268102315106243,0.002319297748634541,0.002319297748634541,0.12423935707471108,0.00489017218454775,0.00489017218454775,fit
1837,/home/jinsookim/HEA_MC/FeCoNiPtPd_HER/cgcnn/100/add_data/results_dir/1837.cif,0.12791238462962914,slab100,54,108,54.0,0.11330377183990595,0.014608612789723197,0.014608612789723197,0.11261690515404608,0.01529547947558306,0.01529547947558306,fit
1838,/home/jinsookim/HEA_MC/FeCoNiPtPd_HER/cgcnn/100/add_data/results_dir/1838.cif,0.12197105537037002,slab100,54,108,54.0,0.1243051947174623,-0.0023341393470922844,0.0023341393470922844,0.12375074229947491,-0.0017796869291048928,0.0017796869291048928,fit
1839,/home/jinsookim/HEA_MC/FeCoNiPtPd_HER/cgcnn/100/add_data/results_dir/1839.cif,0.12601191148148047,slab100,54,108,54.0,0.12507520770069983,0.0009367037807806455,0.0009367037807806455,0.12639220705522466,-0.00038029557374419376,0.00038029557374419376,fit
1840,/home/jinsookim/HEA_MC/FeCoNiPtPd_HER/cgcnn/100/add_data/results_dir/1840.cif,0.12062989703703672,slab100,54,108,54.0,0.1184069078078953,0.0022229892291414227,0.0022229892291414227,0.11876439322358966,0.0018655038134470642,0.0018655038134470642,fit
1841,/home/jinsookim/HEA_MC/FeCoNiPtPd_HER/cgcnn/100/add_data/results_dir/1841.cif,0.07193109722222155,slab100,54,108,54.0,0.0776951526975324,-0.00576405547531085,0.00576405547531085,0.07747738581429095,-0.005546288592069404,0.005546288592069404,fit
1842,/home/jinsookim/HEA_MC/FeCoNiPtPd_HER/cgcnn/100/add_data/results_dir/1842.cif,0.08255959518518491,slab100,54,108,54.0,0.0882479753820137,-0.005688380196828796,0.005688380196828796,0.08791196627049198,-0.0053523710853070755,0.0053523710853070755,fit
1843,/home/jinsookim/HEA_MC/FeCoNiPtPd_HER/cgcnn/100/add_data/results_dir/1843.cif,0.11215495907407347,slab100,54,108,54.0,0.11222611094273267,-7.115186865920553e-05,7.115186865920553e-05,0.11331474378652011,-0.0011597847124466404,0.0011597847124466404,fit
1844,/home/jinsookim/HEA_MC/FeCoNiPtPd_HER/cgcnn/100/add_data/results_dir/1844.cif,0.09597945629629596,slab100,54,108,54.0,0.08998966859298214,0.00598978770331382,0.00598978770331382,0.08862201768455745,0.007357438611738515,0.007357438611738515,fit
1845,/home/jinsookim/HEA_MC/FeCoNiPtPd_HER/cgcnn/100/add_data/results_dir/1845.cif,0.09925933870370382,slab100,54,108,54.0,0.09683431233306572,0.0024250263706381003,0.0024250263706381003,0.09698492875672121,0.0022744099469826085,0.0022744099469826085,fit
1846,/home/jinsookim/HEA_MC/FeCoNiPtPd_HER/cgcnn/100/add_data/results_dir/1846.cif,0.16978490574074048,slab100,54,108,54.0,0.17441385586220665,-0.004628950121466163,0.004628950121466163,0.17458168873545699,-0.004796782994716503,0.004796782994716503,fit
1847,/home/jinsookim/HEA_MC/FeCoNiPtPd_HER/cgcnn/100/add_data/results_dir/1847.cif,0.07611529481481491,slab100,54,108,54.0,0.0815111717030703,-0.005395876888255394,0.005395876888255394,0.08089225418383166,-0.004776959369016745,0.004776959369016745,fit
1848,/home/jinsookim/HEA_MC/FeCoNiPtPd_HER/cgcnn/100/add_data/results_dir/1848.cif,0.0938922992592592,slab100,54,108,54.0,0.09451637060008236,-0.0006240713408231652,0.0006240713408231652,0.09387026126093222,2.203799832697917e-05,2.203799832697917e-05,fit
1849,/home/jinsookim/HEA_MC/FeCoNiPtPd_HER/cgcnn/100/add_data/results_dir/1849.cif,0.10113334518518548,slab100,54,108,54.0,0.08903174390745265,0.012101601277732826,0.012101601277732826,0.08895185953099889,0.012181485654186586,0.012181485654186586,fit
1850,/home/jinsookim/HEA_MC/FeCoNiPtPd_HER/cgcnn/100/add_data/results_dir/1850.cif,0.07484862111111094,slab100,54,108,54.0,0.065420628012202,0.009427993098908946,0.009427993098908946,0.06534769768459381,0.009500923426517136,0.009500923426517136,fit
1851,/home/jinsookim/HEA_MC/FeCoNiPtPd_HER/cgcnn/100/add_data/results_dir/1851.cif,0.06855695185185208,slab100,54,108,54.0,0.06116003123011773,0.007396920621734353,0.007396920621734353,0.06078478548146587,0.007772166370386212,0.007772166370386212,fit
1852,/home/jinsookim/HEA_MC/FeCoNiPtPd_HER/cgcnn/100/add_data/results_dir/1852.cif,0.10219088222222202,slab100,54,108,54.0,0.09549839724938135,0.006692484972840668,0.006692484972840668,0.09568137974884484,0.006509502473377171,0.006509502473377171,fit
1853,/home/jinsookim/HEA_MC/FeCoNiPtPd_HER/cgcnn/100/add_data/results_dir/1853.cif,0.08300142592592599,slab100,54,108,54.0,0.09390385908639795,-0.010902433160471958,0.010902433160471958,0.09437535090984368,-0.011373924983917691,0.011373924983917691,fit
1854,/home/jinsookim/HEA_MC/FeCoNiPtPd_HER/cgcnn/100/add_data/results_dir/1854.cif,0.09106755277777741,slab100,54,108,54.0,0.09427742790263588,-0.0032098751248584717,0.0032098751248584717,0.09379468679945901,-0.002727134021681607,0.002727134021681607,fit
1855,/home/jinsookim/HEA_MC/FeCoNiPtPd_HER/cgcnn/100/add_data/results_dir/1855.cif,0.07587099555555533,slab100,54,108,54.0,0.07300839156711753,0.002862603988437809,0.002862603988437809,0.07393896104452147,0.0019320345110338671,0.0019320345110338671,fit
1856,/home/jinsookim/HEA_MC/FeCoNiPtPd_HER/cgcnn/100/add_data/results_dir/1856.cif,0.09610601462962988,slab100,54,108,54.0,0.09277908898999943,0.003326925639630454,0.003326925639630454,0.0921245970949123,0.003981417534717577,0.003981417534717577,fit
1857,/home/jinsookim/HEA_MC/FeCoNiPtPd_HER/cgcnn/100/add_data/results_dir/1857.cif,0.08868092629629658,slab100,54,108,54.0,0.09592754846850439,-0.007246622172207812,0.007246622172207812,0.09633807155852185,-0.007657145262225273,0.007657145262225273,fit
1858,/home/jinsookim/HEA_MC/FeCoNiPtPd_HER/cgcnn/100/add_data/results_dir/1858.cif,0.1342444490740741,slab100,54,108,54.0,0.13043510673177983,0.0038093423422942696,0.0038093423422942696,0.12978537452824201,0.004459074545832081,0.004459074545832081,fit
1859,/home/jinsookim/HEA_MC/FeCoNiPtPd_HER/cgcnn/100/add_data/results_dir/1859.cif,0.09135911907407351,slab100,54,108,54.0,0.103617919981037,-0.01225880090696349,0.01225880090696349,0.10241772996189914,-0.011058610887825629,0.011058610887825629,fit
1860,/home/jinsookim/HEA_MC/FeCoNiPtPd_HER/cgcnn/100/add_data/results_dir/1860.cif,0.09642498277777792,slab100,54,108,54.0,0.09246481786122622,0.003960164916551698,0.003960164916551698,0.09061212126840221,0.005812861509375711,0.005812861509375711,fit
1861,/home/jinsookim/HEA_MC/FeCoNiPtPd_HER/cgcnn/100/add_data/results_dir/1861.cif,0.09351978462962894,slab100,54,108,54.0,0.09216733822271522,0.0013524464069137182,0.0013524464069137182,0.09119198591899913,0.002327798710629811,0.002327798710629811,fit
1862,/home/jinsookim/HEA_MC/FeCoNiPtPd_HER/cgcnn/100/add_data/results_dir/1862.cif,0.08954910981481451,slab100,54,108,54.0,0.0949391205237866,-0.00539001070897209,0.00539001070897209,0.09587372998680843,-0.006324620171993922,0.006324620171993922,holdout
1863,/home/jinsookim/HEA_MC/FeCoNiPtPd_HER/cgcnn/100/add_data/results_dir/1863.cif,0.06966593962962975,slab100,54,108,54.0,0.07752130581100565,-0.007855366181375903,0.007855366181375903,0.07594656297804718,-0.006280623348417433,0.006280623348417433,fit
1864,/home/jinsookim/HEA_MC/FeCoNiPtPd_HER/cgcnn/100/add_data/results_dir/1864.cif,0.12004883222222154,slab100,54,108,54.0,0.12833010302251796,-0.00828127080029642,0.00828127080029642,0.1273077403191326,-0.007258908096911071,0.007258908096911071,fit
1865,/home/jinsookim/HEA_MC/FeCoNiPtPd_HER/cgcnn/100/add_data/results_dir/1865.cif,0.12110854129629603,slab100,54,108,54.0,0.1101479214042798,0.01096061989201623,0.01096061989201623,0.1098457016437876,0.011262839652508433,0.011262839652508433,fit
1866,/home/jinsookim/HEA_MC/FeCoNiPtPd_HER/cgcnn/100/add_data/results_dir/1866.cif,0.10539473259259192,slab100,54,108,54.0,0.1104130539758194,-0.00501832138322747,0.00501832138322747,0.11056226724167043,-0.005167534649078501,0.005167534649078501,fit
1867,/home/jinsookim/HEA_MC/FeCoNiPtPd_HER/cgcnn/100/add_data/results_dir/1867.cif,0.08148639351851886,slab100,54,108,54.0,0.07711269630270955,0.004373697215809311,0.004373697215809311,0.07523566953502463,0.00625072398349423,0.00625072398349423,fit
1868,/home/jinsookim/HEA_MC/FeCoNiPtPd_HER/cgcnn/100/add_data/results_dir/1868.cif,0.08436726481481413,slab100,54,108,54.0,0.07726630103612626,0.007100963778687866,0.007100963778687866,0.07740811801153033,0.0069591468032838,0.0069591468032838,holdout
1869,/home/jinsookim/HEA_MC/FeCoNiPtPd_HER/cgcnn/100/add_data/results_dir/1869.cif,0.08065101185185124,slab100,54,108,54.0,0.06919318916700117,0.011457822684850072,0.011457822684850072,0.06917427296918799,0.011476738882663248,0.011476738882663248,fit
1870,/home/jinsookim/HEA_MC/FeCoNiPtPd_HER/cgcnn/100/add_data/results_dir/1870.cif,0.12194556981481453,slab100,54,108,54.0,0.11803003465187119,0.003915535162943337,0.003915535162943337,0.1175818864847988,0.00436368333001573,0.00436368333001573,fit
1871,/home/jinsookim/HEA_MC/FeCoNiPtPd_HER/cgcnn/100/add_data/results_dir/1871.cif,0.09166725333333324,slab100,54,108,54.0,0.09169131709763206,-2.4063764298823398e-05,2.4063764298823398e-05,0.09178145870754247,-0.00011420537420922527,0.00011420537420922527,fit
1872,/home/jinsookim/HEA_MC/FeCoNiPtPd_HER/cgcnn/100/add_data/results_dir/1872.cif,0.10159205870370316,slab100,54,108,54.0,0.09149904170681791,0.010093016996885251,0.010093016996885251,0.09130300210425935,0.010289056599443819,0.010289056599443819,fit
1873,/home/jinsookim/HEA_MC/FeCoNiPtPd_HER/cgcnn/100/add_data/results_dir/1873.cif,0.10691405851851822,slab100,54,108,54.0,0.1051868265959024,0.0017272319226158267,0.0017272319226158267,0.10380449776448113,0.003109560754037094,0.003109560754037094,fit
1874,/home/jinsookim/HEA_MC/FeCoNiPtPd_HER/cgcnn/100/add_data/results_dir/1874.cif,0.08658347555555573,slab100,54,108,54.0,0.08370641979112628,0.0028770557644294537,0.0028770557644294537,0.0822778164607229,0.004305659094832839,0.004305659094832839,fit
1875,/home/jinsookim/HEA_MC/FeCoNiPtPd_HER/cgcnn/100/add_data/results_dir/1875.cif,0.09743741018518516,slab100,54,108,54.0,0.0935541390371954,0.003883271147989767,0.003883271147989767,0.09300311973123411,0.004434290453951051,0.004434290453951051,fit
1876,/home/jinsookim/HEA_MC/FeCoNiPtPd_HER/cgcnn/100/add_data/results_dir/1876.cif,0.07755916259259266,slab100,54,108,54.0,0.08092526051296883,-0.0033660979203761765,0.0033660979203761765,0.08148824427085916,-0.0039290816782664995,0.0039290816782664995,fit
1877,/home/jinsookim/HEA_MC/FeCoNiPtPd_HER/cgcnn/100/add_data/results_dir/1877.cif,0.08546278666666698,slab100,54,108,54.0,0.08315354299395579,0.002309243672711195,0.002309243672711195,0.08389915533869653,0.0015636313279704522,0.0015636313279704522,fit
1878,/home/jinsookim/HEA_MC/FeCoNiPtPd_HER/cgcnn/100/add_data/results_dir/1878.cif,0.10591139777777782,slab100,54,108,54.0,0.09863455289848791,0.007276844879289909,0.007276844879289909,0.09762994799694234,0.008281449780835476,0.008281449780835476,holdout
1879,/home/jinsookim/HEA_MC/FeCoNiPtPd_HER/cgcnn/100/add_data/results_dir/1879.cif,0.10318378629629613,slab100,54,108,54.0,0.10269815394284157,0.000485632353454557,0.000485632353454557,0.10257507202289048,0.0006087142734056417,0.0006087142734056417,fit
1880,/home/jinsookim/HEA_MC/FeCoNiPtPd_HER/cgcnn/100/add_data/results_dir/1880.cif,0.0752652916666671,slab100,54,108,54.0,0.06563157060331015,0.009633721063356943,0.009633721063356943,0.06452350101045784,0.010741790656209255,0.010741790656209255,fit
1881,/home/jinsookim/HEA_MC/FeCoNiPtPd_HER/cgcnn/100/add_data/results_dir/1881.cif,0.07702357685185167,slab100,54,108,54.0,0.08483847198085721,-0.007814895129005545,0.007814895129005545,0.085609813031939,-0.008586236180087331,0.008586236180087331,fit
1882,/home/jinsookim/HEA_MC/FeCoNiPtPd_HER/cgcnn/100/add_data/results_dir/1882.cif,0.08084498333333293,slab100,54,108,54.0,0.07972115762444146,0.0011238257088914683,0.0011238257088914683,0.07871010294325877,0.002134880390074159,0.002134880390074159,fit
1883,/home/jinsookim/HEA_MC/FeCoNiPtPd_HER/cgcnn/100/add_data/results_dir/1883.cif,0.07275265759259207,slab100,54,108,54.0,0.07839597851340248,-0.005643320920810407,0.005643320920810407,0.07708931953754114,-0.004336661944949069,0.004336661944949069,fit
1884,/home/jinsookim/HEA_MC/FeCoNiPtPd_HER/cgcnn/100/add_data/results_dir/1884.cif,0.06951258129629634,slab100,54,108,54.0,0.05934844541037074,0.010164135885925601,0.010164135885925601,0.06012441577651128,0.00938816551978506,0.00938816551978506,fit
1885,/home/jinsookim/HEA_MC/FeCoNiPtPd_HER/cgcnn/100/add_data/results_dir/1885.cif,0.0743330524074079,slab100,54,108,54.0,0.07345977495828265,0.0008732774491252426,0.0008732774491252426,0.07300055975872713,0.0013324926486807664,0.0013324926486807664,fit
1886,/home/jinsookim/HEA_MC/FeCoNiPtPd_HER/cgcnn/100/add_data/results_dir/1886.cif,0.06665616629629662,slab100,54,108,54.0,0.0804374751698915,-0.013781308873594883,0.013781308873594883,0.08012627313656594,-0.013470106840269322,0.013470106840269322,fit
1887,/home/jinsookim/HEA_MC/FeCoNiPtPd_HER/cgcnn/100/add_data/results_dir/1887.cif,0.06932429870370369,slab100,54,108,54.0,0.054700007212532,0.014624291491171684,0.014624291491171684,0.05432453189467983,0.014999766809023853,0.014999766809023853,fit
1888,/home/jinsookim/HEA_MC/FeCoNiPtPd_HER/cgcnn/100/add_data/results_dir/1888.cif,0.07947976814814853,slab100,54,108,54.0,0.08051885163569968,-0.0010390834875511484,0.0010390834875511484,0.08170738952120574,-0.002227621373057209,0.002227621373057209,fit
1889,/home/jinsookim/HEA_MC/FeCoNiPtPd_HER/cgcnn/100/add_data/results_dir/1889.cif,0.07801506629629608,slab100,54,108,54.0,0.0647062651629071,0.013308801133388976,0.013308801133388976,0.06568417175002626,0.012330894546269816,0.012330894546269816,fit
1890,/home/jinsookim/HEA_MC/FeCoNiPtPd_HER/cgcnn/100/add_data/results_dir/1890.cif,0.0740875368518514,slab100,54,108,54.0,0.08119367035089825,-0.007106133499046846,0.007106133499046846,0.07961583666372869,-0.005528299811877288,0.005528299811877288,fit
1891,/home/jinsookim/HEA_MC/FeCoNiPtPd_HER/cgcnn/100/add_data/results_dir/1891.cif,0.07564103388888922,slab100,54,108,54.0,0.0742066157039752,0.0014344181849140214,0.0014344181849140214,0.07378736232139606,0.0018536715674931648,0.0018536715674931648,fit
1892,/home/jinsookim/HEA_MC/FeCoNiPtPd_HER/cgcnn/100/add_data/results_dir/1892.cif,0.07791818925925938,slab100,54,108,54.0,0.08688438558795605,-0.008966196328696677,0.008966196328696677,0.08678836160122617,-0.008870172341966798,0.008870172341966798,fit
1893,/home/jinsookim/HEA_MC/FeCoNiPtPd_HER/cgcnn/100/add_data/results_dir/1893.cif,0.10390971518518516,slab100,54,108,54.0,0.09831814526148419,0.0055915699237009675,0.0055915699237009675,0.09743879063638602,0.006470924548799134,0.006470924548799134,fit
1894,/home/jinsookim/HEA_MC/FeCoNiPtPd_HER/cgcnn/100/add_data/results_dir/1894.cif,0.11193662537037018,slab100,54,108,54.0,0.13055685819619056,-0.018620232825820385,0.018620232825820385,0.12925781111971496,-0.017321185749344783,0.017321185749344783,fit
1895,/home/jinsookim/HEA_MC/FeCoNiPtPd_HER/cgcnn/100/add_data/results_dir/1895.cif,0.06440221296296256,slab100,54,108,54.0,0.06809855283998514,-0.0036963398770225864,0.0036963398770225864,0.06876189420985858,-0.004359681246896022,0.004359681246896022,fit
1896,/home/jinsookim/HEA_MC/FeCoNiPtPd_HER/cgcnn/100/add_data/results_dir/1896.cif,0.07850393574074027,slab100,54,108,54.0,0.07001949442534869,0.008484441315391583,0.008484441315391583,0.06926958783866313,0.009234347902077139,0.009234347902077139,fit
1897,/home/jinsookim/HEA_MC/FeCoNiPtPd_HER/cgcnn/100/add_data/results_dir/1897.cif,0.08781817574074087,slab100,54,108,54.0,0.08274168125339686,0.005076494487344013,0.005076494487344013,0.08326734038231137,0.0045508353584294975,0.0045508353584294975,fit
1898,/home/jinsookim/HEA_MC/FeCoNiPtPd_HER/cgcnn/100/add_data/results_dir/1898.cif,0.09114297259259274,slab100,54,108,54.0,0.09297639225940839,-0.0018334196668156472,0.0018334196668156472,0.09225874933905615,-0.0011157767464634039,0.0011157767464634039,holdout
1899,/home/jinsookim/HEA_MC/FeCoNiPtPd_HER/cgcnn/100/add_data/results_dir/1899.cif,0.08131873759259213,slab100,54,108,54.0,0.07457866356939591,0.006740074023196221,0.006740074023196221,0.073737561263186,0.007581176329406136,0.007581176329406136,fit
1900,/home/jinsookim/HEA_MC/FeCoNiPtPd_HER/cgcnn/100/add_data/results_dir/1900.cif,0.07592749037037076,slab100,54,108,54.0,0.07160225715094401,0.004325233219426752,0.004325233219426752,0.07246363787787376,0.003463852492497005,0.003463852492497005,fit
1901,/home/jinsookim/HEA_MC/FeCoNiPtPd_HER/cgcnn/100/add_data/results_dir/1901.cif,0.08449658370370398,slab100,54,108,54.0,0.07275637668415771,0.01174020701954627,0.01174020701954627,0.07368195458954092,0.01081462911416306,0.01081462911416306,fit
1902,/home/jinsookim/HEA_MC/FeCoNiPtPd_HER/cgcnn/100/add_data/results_dir/1902.cif,0.09456537185185236,slab100,54,108,54.0,0.10262122490068466,-0.008055853048832301,0.008055853048832301,0.10190538643035976,-0.007340014578507401,0.007340014578507401,holdout
1903,/home/jinsookim/HEA_MC/FeCoNiPtPd_HER/cgcnn/100/add_data/results_dir/1903.cif,0.0725639690740736,slab100,54,108,54.0,0.07155936606598604,0.001004603008087565,0.001004603008087565,0.0730618901230493,-0.0004979210489756969,0.0004979210489756969,fit
1904,/home/jinsookim/HEA_MC/FeCoNiPtPd_HER/cgcnn/100/add_data/results_dir/1904.cif,0.08517373333333361,slab100,54,108,54.0,0.08534703630083045,-0.00017330296749683283,0.00017330296749683283,0.08436689232339628,0.0008068410099373313,0.0008068410099373313,holdout
1905,/home/jinsookim/HEA_MC/FeCoNiPtPd_HER/cgcnn/100/add_data/results_dir/1905.cif,0.07835489370370397,slab100,54,108,54.0,0.06255314796823065,0.015801745735473313,0.015801745735473313,0.0619737088922696,0.016381184811434364,0.016381184811434364,holdout
1906,/home/jinsookim/HEA_MC/FeCoNiPtPd_HER/cgcnn/100/add_data/results_dir/1906.cif,0.07819823296296347,slab100,54,108,54.0,0.0840741635878039,-0.005875930624840431,0.005875930624840431,0.08531452267765499,-0.007116289714691526,0.007116289714691526,fit
1907,/home/jinsookim/HEA_MC/FeCoNiPtPd_HER/cgcnn/100/add_data/results_dir/1907.cif,0.07131643537037062,slab100,54,108,54.0,0.06572318018441935,0.005593255185951274,0.005593255185951274,0.06446946162698892,0.006846973743381696,0.006846973743381696,fit
1908,/home/jinsookim/HEA_MC/FeCoNiPtPd_HER/cgcnn/100/add_data/results_dir/1908.cif,0.08313783148148202,slab100,54,108,54.0,0.07154165711973491,0.011596174361747105,0.011596174361747105,0.07081903287802888,0.01231879860345314,0.01231879860345314,fit
1909,/home/jinsookim/HEA_MC/FeCoNiPtPd_HER/cgcnn/100/add_data/results_dir/1909.cif,0.09947162925925884,slab100,54,108,54.0,0.10528627568033812,-0.005814646421079275,0.005814646421079275,0.10567943748640517,-0.006207808227146325,0.006207808227146325,fit
1910,/home/jinsookim/HEA_MC/FeCoNiPtPd_HER/cgcnn/100/add_data/results_dir/1910.cif,0.08356200648148195,slab100,54,108,54.0,0.08453978698275551,-0.0009777805012735619,0.0009777805012735619,0.0825020659201011,0.00105994056138084,0.00105994056138084,fit
1911,/home/jinsookim/HEA_MC/FeCoNiPtPd_HER/cgcnn/100/add_data/results_dir/1911.cif,0.0816005146296298,slab100,54,108,54.0,0.09016615075553147,-0.008565636125901666,0.008565636125901666,0.08983583660832094,-0.008235321978691132,0.008235321978691132,fit
1912,/home/jinsookim/HEA_MC/FeCoNiPtPd_HER/cgcnn/100/add_data/results_dir/1912.cif,0.10312238925925919,slab100,54,108,54.0,0.115127628431515,-0.012005239172255808,0.012005239172255808,0.11506210163595283,-0.01193971237669364,0.01193971237669364,fit
1913,/home/jinsookim/HEA_MC/FeCoNiPtPd_HER/cgcnn/100/add_data/results_dir/1913.cif,0.06714431370370365,slab100,54,108,54.0,0.07151657367641737,-0.0043722599727137185,0.0043722599727137185,0.07198454274615429,-0.004840229042450642,0.004840229042450642,holdout
1914,/home/jinsookim/HEA_MC/FeCoNiPtPd_HER/cgcnn/100/add_data/results_dir/1914.cif,0.04806883018518546,slab100,54,108,54.0,0.05348372409450028,-0.005414893909314822,0.005414893909314822,0.053995051469593255,-0.005926221284407798,0.005926221284407798,holdout
1915,/home/jinsookim/HEA_MC/FeCoNiPtPd_HER/cgcnn/100/add_data/results_dir/1915.cif,0.05692401351851854,slab100,54,108,54.0,0.04552988226791466,0.01139413125060388,0.01139413125060388,0.044822000507553444,0.012102013010965099,0.012102013010965099,fit
1916,/home/jinsookim/HEA_MC/FeCoNiPtPd_HER/cgcnn/100/add_data/results_dir/1916.cif,0.07702135129629592,slab100,54,108,54.0,0.0913216071150227,-0.014300255818726779,0.014300255818726779,0.08848580950184833,-0.011464458205552405,0.011464458205552405,fit
1917,/home/jinsookim/HEA_MC/FeCoNiPtPd_HER/cgcnn/100/add_data/results_dir/1917.cif,0.07263068037037067,slab100,54,108,54.0,0.06442061559301397,0.008210064777356696,0.008210064777356696,0.06468212162756966,0.00794855874280101,0.00794855874280101,fit
1918,/home/jinsookim/HEA_MC/FeCoNiPtPd_HER/cgcnn/100/add_data/results_dir/1918.cif,0.08953113277777797,slab100,54,108,54.0,0.07700027574249818,0.012530857035279785,0.012530857035279785,0.0764607218009122,0.01307041097686576,0.01307041097686576,fit
1919,/home/jinsookim/HEA_MC/FeCoNiPtPd_HER/cgcnn/100/add_data/results_dir/1919.cif,0.08026468851851805,slab100,54,108,54.0,0.08330338203004188,-0.0030386935115238323,0.0030386935115238323,0.08419946658087023,-0.003934778062352179,0.003934778062352179,fit
1920,/home/jinsookim/HEA_MC/FeCoNiPtPd_HER/cgcnn/100/add_data/results_dir/1920.cif,0.12430288407407446,slab100,54,108,54.0,0.12280752337956394,0.0014953606945105197,0.0014953606945105197,0.12282074101728804,0.0014821430567864141,0.0014821430567864141,fit
1921,/home/jinsookim/HEA_MC/FeCoNiPtPd_HER/cgcnn/100/add_data/results_dir/1921.cif,0.11016689185185176,slab100,54,108,54.0,0.12127417453689343,-0.011107282685041672,0.011107282685041672,0.12056993075494238,-0.01040303890309062,0.01040303890309062,fit
1922,/home/jinsookim/HEA_MC/FeCoNiPtPd_HER/cgcnn/100/add_data/results_dir/1922.cif,0.12896995185185164,slab100,54,108,54.0,0.13155148348083612,-0.0025815316289844736,0.0025815316289844736,0.13116541796571307,-0.0021954661138614273,0.0021954661138614273,fit
1923,/home/jinsookim/HEA_MC/FeCoNiPtPd_HER/cgcnn/100/add_data/results_dir/1923.cif,0.14258762833333305,slab100,54,108,54.0,0.14954407894819943,-0.006956450614866383,0.006956450614866383,0.14981582643441485,-0.007228198101081801,0.007228198101081801,fit
1924,/home/jinsookim/HEA_MC/FeCoNiPtPd_HER/cgcnn/100/add_data/results_dir/1924.cif,0.15327118537037007,slab100,54,108,54.0,0.1541052398226854,-0.0008340544523153248,0.0008340544523153248,0.1536212670565035,-0.00035008168613342994,0.00035008168613342994,holdout
1925,/home/jinsookim/HEA_MC/FeCoNiPtPd_HER/cgcnn/100/add_data/results_dir/1925.cif,0.12960200722222193,slab100,54,108,54.0,0.14577149018899294,-0.01616948296677101,0.01616948296677101,0.14576337330912276,-0.01616136608690083,0.01616136608690083,fit
1926,/home/jinsookim/HEA_MC/FeCoNiPtPd_HER/cgcnn/100/add_data/results_dir/1926.cif,0.09936819962962949,slab100,54,108,54.0,0.101714329313755,-0.0023461296841255086,0.0023461296841255086,0.10288961834508774,-0.0035214187154582466,0.0035214187154582466,fit
1927,/home/jinsookim/HEA_MC/FeCoNiPtPd_HER/cgcnn/100/add_data/results_dir/1927.cif,0.09613290777777773,slab100,54,108,54.0,0.09435704859168388,0.0017758591860938533,0.0017758591860938533,0.09630407840853114,-0.0001711706307534061,0.0001711706307534061,holdout
1928,/home/jinsookim/HEA_MC/FeCoNiPtPd_HER/cgcnn/100/add_data/results_dir/1928.cif,0.1467270218518519,slab100,54,108,54.0,0.15015301807476084,-0.003425996222908928,0.003425996222908928,0.14922553409620726,-0.00249851224435535,0.00249851224435535,fit
1929,/home/jinsookim/HEA_MC/FeCoNiPtPd_HER/cgcnn/100/add_data/results_dir/1929.cif,0.12263090518518573,slab100,54,108,54.0,0.12063067466442945,0.002000230520756277,0.002000230520756277,0.12153189804901307,0.0010990071361726556,0.0010990071361726556,fit
1930,/home/jinsookim/HEA_MC/FeCoNiPtPd_HER/cgcnn/100/add_data/results_dir/1930.cif,0.14267478314814785,slab100,54,108,54.0,0.14839874493042016,-0.005723961782272302,0.005723961782272302,0.15044378183604543,-0.007768998687897571,0.007768998687897571,holdout
1931,/home/jinsookim/HEA_MC/FeCoNiPtPd_HER/cgcnn/100/add_data/results_dir/1931.cif,0.13796692185185208,slab100,54,108,54.0,0.14104921434616655,-0.0030822924943144647,0.0030822924943144647,0.14084534032567048,-0.002878418473818395,0.002878418473818395,fit
1932,/home/jinsookim/HEA_MC/FeCoNiPtPd_HER/cgcnn/100/add_data/results_dir/1932.cif,0.16310925981481453,slab100,54,108,54.0,0.15974377886339028,0.003365480951424249,0.003365480951424249,0.15963206757400675,0.0034771922408077804,0.0034771922408077804,fit
1933,/home/jinsookim/HEA_MC/FeCoNiPtPd_HER/cgcnn/100/add_data/results_dir/1933.cif,0.12695777296296265,slab100,54,108,54.0,0.12459708254485377,0.0023606904181088795,0.0023606904181088795,0.12252742522155287,0.004430347741409782,0.004430347741409782,fit
1934,/home/jinsookim/HEA_MC/FeCoNiPtPd_HER/cgcnn/100/add_data/results_dir/1934.cif,0.13378152111111088,slab100,54,108,54.0,0.13149087746326238,0.002290643647848506,0.002290643647848506,0.1318668804727523,0.0019146406383585834,0.0019146406383585834,fit
1935,/home/jinsookim/HEA_MC/FeCoNiPtPd_HER/cgcnn/100/add_data/results_dir/1935.cif,0.12517679462962933,slab100,54,108,54.0,0.1181597591623532,0.007017035467276125,0.007017035467276125,0.11859443588143392,0.006582358748195405,0.006582358748195405,fit
1936,/home/jinsookim/HEA_MC/FeCoNiPtPd_HER/cgcnn/100/add_data/results_dir/1936.cif,0.12551181981481502,slab100,54,108,54.0,0.13055973084934652,-0.005047911034531505,0.005047911034531505,0.13044298112616712,-0.0049311613113521,0.0049311613113521,fit
1937,/home/jinsookim/HEA_MC/FeCoNiPtPd_HER/cgcnn/100/add_data/results_dir/1937.cif,0.12098298888888916,slab100,54,108,54.0,0.12480867847122011,-0.0038256895823309545,0.0038256895823309545,0.12428846767328677,-0.003305478784397617,0.003305478784397617,fit
1938,/home/jinsookim/HEA_MC/FeCoNiPtPd_HER/cgcnn/100/add_data/results_dir/1938.cif,0.15172922296296346,slab100,54,108,54.0,0.1472087517544479,0.004520471208515564,0.004520471208515564,0.14672199761240473,0.005007225350558725,0.005007225350558725,fit
1939,/home/jinsookim/HEA_MC/FeCoNiPtPd_HER/cgcnn/100/add_data/results_dir/1939.cif,0.11837691407407436,slab100,54,108,54.0,0.12038591523870956,-0.0020090011646352046,0.0020090011646352046,0.1210029411484147,-0.0026260270743403424,0.0026260270743403424,holdout
1940,/home/jinsookim/HEA_MC/FeCoNiPtPd_HER/cgcnn/100/add_data/results_dir/1940.cif,0.1569271838888887,slab100,54,108,54.0,0.1576914708177036,-0.000764286928814889,0.000764286928814889,0.15640840447704715,0.0005187794118415578,0.0005187794118415578,fit
1941,/home/jinsookim/HEA_MC/FeCoNiPtPd_HER/cgcnn/100/add_data/results_dir/1941.cif,0.136084784444444,slab100,54,108,54.0,0.1394919079002678,-0.0034071234558238073,0.0034071234558238073,0.1389481418151002,-0.002863357370656211,0.002863357370656211,holdout
1942,/home/jinsookim/HEA_MC/FeCoNiPtPd_HER/cgcnn/100/add_data/results_dir/1942.cif,0.11522620055555527,slab100,54,108,54.0,0.12632159095000797,-0.011095390394452703,0.011095390394452703,0.12730228640697458,-0.01207608585141931,0.01207608585141931,fit
1943,/home/jinsookim/HEA_MC/FeCoNiPtPd_HER/cgcnn/100/add_data/results_dir/1943.cif,0.13029386851851898,slab100,54,108,54.0,0.1297861628940687,0.0005077056244502942,0.0005077056244502942,0.12914289070954754,0.0011509778089714429,0.0011509778089714429,fit
1944,/home/jinsookim/HEA_MC/FeCoNiPtPd_HER/cgcnn/100/add_data/results_dir/1944.cif,0.1259593614814818,slab100,54,108,54.0,0.1324232090398597,-0.006463847558377922,0.006463847558377922,0.1320478077502899,-0.006088446268808112,0.006088446268808112,fit
1945,/home/jinsookim/HEA_MC/FeCoNiPtPd_HER/cgcnn/100/add_data/results_dir/1945.cif,0.1100510818518522,slab100,54,108,54.0,0.11370374914367107,-0.003652667291818873,0.003652667291818873,0.11503802817176396,-0.00498694631991177,0.00498694631991177,fit
1946,/home/jinsookim/HEA_MC/FeCoNiPtPd_HER/cgcnn/100/add_data/results_dir/1946.cif,0.1535454577777776,slab100,54,108,54.0,0.1523991660477473,0.00114629173003028,0.00114629173003028,0.15357307942987092,-2.762165209332923e-05,2.762165209332923e-05,fit
1947,/home/jinsookim/HEA_MC/FeCoNiPtPd_HER/cgcnn/100/add_data/results_dir/1947.cif,0.12892589166666665,slab100,54,108,54.0,0.1251440199778369,0.003781871688829763,0.003781871688829763,0.12580477079784355,0.003121120868823102,0.003121120868823102,fit
1948,/home/jinsookim/HEA_MC/FeCoNiPtPd_HER/cgcnn/100/add_data/results_dir/1948.cif,0.13827699962962997,slab100,54,108,54.0,0.1345066263155411,0.0037703733140888596,0.0037703733140888596,0.13531356151095525,0.0029634381186747216,0.0029634381186747216,fit
1949,/home/jinsookim/HEA_MC/FeCoNiPtPd_HER/cgcnn/100/add_data/results_dir/1949.cif,0.1339946307407413,slab100,54,108,54.0,0.14000556487679688,-0.006010934136055579,0.006010934136055579,0.14057611060324027,-0.006581479862498962,0.006581479862498962,fit
1950,/home/jinsookim/HEA_MC/FeCoNiPtPd_HER/cgcnn/100/add_data/results_dir/1950.cif,0.1631725822222218,slab100,54,108,54.0,0.15124141031826777,0.011931171903954041,0.011931171903954041,0.15132847478289463,0.011844107439327178,0.011844107439327178,fit
1951,/home/jinsookim/HEA_MC/FeCoNiPtPd_HER/cgcnn/100/add_data/results_dir/1951.cif,0.14075994407407413,slab100,54,108,54.0,0.13676504891044372,0.003994895163630413,0.003994895163630413,0.1371504232290729,0.0036095208450012406,0.0036095208450012406,fit
1952,/home/jinsookim/HEA_MC/FeCoNiPtPd_HER/cgcnn/100/add_data/results_dir/1952.cif,0.1581450674074071,slab100,54,108,54.0,0.15849959516111367,-0.00035452775370656275,0.00035452775370656275,0.15761717246104137,0.0005278949463657368,0.0005278949463657368,fit
1953,/home/jinsookim/HEA_MC/FeCoNiPtPd_HER/cgcnn/100/add_data/results_dir/1953.cif,0.1301018055555561,slab100,54,108,54.0,0.1382597703572659,-0.0081579648017098,0.0081579648017098,0.13870086227879866,-0.00859905672324257,0.00859905672324257,fit
1954,/home/jinsookim/HEA_MC/FeCoNiPtPd_HER/cgcnn/100/add_data/results_dir/1954.cif,0.1183038942592597,slab100,54,108,54.0,0.12797241882938376,-0.009668524570124057,0.009668524570124057,0.1294813218805194,-0.011177427621259686,0.011177427621259686,fit
1955,/home/jinsookim/HEA_MC/FeCoNiPtPd_HER/cgcnn/100/add_data/results_dir/1955.cif,0.11736528648148166,slab100,54,108,54.0,0.12213309759247487,-0.004767811110993211,0.004767811110993211,0.12409671293008281,-0.006731426448601155,0.006731426448601155,holdout
1956,/home/jinsookim/HEA_MC/FeCoNiPtPd_HER/cgcnn/100/add_data/results_dir/1956.cif,0.1432196633333336,slab100,54,108,54.0,0.13601362870344919,0.0072060346298844224,0.0072060346298844224,0.13555290435811318,0.007666758975220428,0.007666758975220428,fit
1957,/home/jinsookim/HEA_MC/FeCoNiPtPd_HER/cgcnn/100/add_data/results_dir/1957.cif,0.13198927944444416,slab100,54,108,54.0,0.13281208232119307,-0.0008228028767489071,0.0008228028767489071,0.13213182427187278,-0.00014254482742862007,0.00014254482742862007,fit
1958,/home/jinsookim/HEA_MC/FeCoNiPtPd_HER/cgcnn/100/add_data/results_dir/1958.cif,0.142533454074074,slab100,54,108,54.0,0.1552035030440948,-0.012670048970020803,0.012670048970020803,0.15292328030170055,-0.010389826227626547,0.010389826227626547,fit
1959,/home/jinsookim/HEA_MC/FeCoNiPtPd_HER/cgcnn/100/add_data/results_dir/1959.cif,0.12190934907407378,slab100,54,108,54.0,0.1210063120834983,0.0009030369905754787,0.0009030369905754787,0.12110320207779902,0.0008061469962747508,0.0008061469962747508,fit
1960,/home/jinsookim/HEA_MC/FeCoNiPtPd_HER/cgcnn/100/add_data/results_dir/1960.cif,0.12077181407407364,slab100,54,108,54.0,0.12286345268554175,-0.002091638611468105,0.002091638611468105,0.1237538780298905,-0.0029820639558168632,0.0029820639558168632,fit
1961,/home/jinsookim/HEA_MC/FeCoNiPtPd_HER/cgcnn/100/add_data/results_dir/1961.cif,0.09349289333333335,slab100,54,108,54.0,0.08642465888232302,0.007068234451010333,0.007068234451010333,0.08629148919025832,0.0072014041430750325,0.0072014041430750325,fit
1962,/home/jinsookim/HEA_MC/FeCoNiPtPd_HER/cgcnn/100/add_data/results_dir/1962.cif,0.08701884444444427,slab100,54,108,54.0,0.08508406250204625,0.0019347819423980173,0.0019347819423980173,0.08459709312066412,0.0024217513237801552,0.0024217513237801552,fit
1963,/home/jinsookim/HEA_MC/FeCoNiPtPd_HER/cgcnn/100/add_data/results_dir/1963.cif,0.09868585722222178,slab100,54,108,54.0,0.10047442587490624,-0.0017885686526844524,0.0017885686526844524,0.10027804064422662,-0.0015921834220048309,0.0015921834220048309,fit
1964,/home/jinsookim/HEA_MC/FeCoNiPtPd_HER/cgcnn/100/add_data/results_dir/1964.cif,0.12094377018518516,slab100,54,108,54.0,0.12122536240858313,-0.00028159222339796397,0.00028159222339796397,0.12269281532450621,-0.0017490451393210454,0.0017490451393210454,fit
1965,/home/jinsookim/HEA_MC/FeCoNiPtPd_HER/cgcnn/100/add_data/results_dir/1965.cif,0.08340446166666605,slab100,54,108,54.0,0.0831600347273017,0.0002444269393643561,0.0002444269393643561,0.08254322630993026,0.0008612353567357955,0.0008612353567357955,fit
1966,/home/jinsookim/HEA_MC/FeCoNiPtPd_HER/cgcnn/100/add_data/results_dir/1966.cif,0.10021575777777778,slab100,54,108,54.0,0.0895947973500143,0.010620960427763476,0.010620960427763476,0.08987990455455569,0.010335853223222086,0.010335853223222086,fit
1967,/home/jinsookim/HEA_MC/FeCoNiPtPd_HER/cgcnn/100/add_data/results_dir/1967.cif,0.08545309037037054,slab100,54,108,54.0,0.08288636952826406,0.0025667208421064763,0.0025667208421064763,0.08109873115613749,0.00435435921423305,0.00435435921423305,fit
1968,/home/jinsookim/HEA_MC/FeCoNiPtPd_HER/cgcnn/100/add_data/results_dir/1968.cif,0.10365372814814788,slab100,54,108,54.0,0.11387250557339082,-0.010218777425242936,0.010218777425242936,0.11498763751352592,-0.011333909365378037,0.011333909365378037,fit
1969,/home/jinsookim/HEA_MC/FeCoNiPtPd_HER/cgcnn/100/add_data/results_dir/1969.cif,0.08789545296296335,slab100,54,108,54.0,0.08847356832042555,-0.0005781153574622028,0.0005781153574622028,0.08913790205696598,-0.0012424490940026317,0.0012424490940026317,fit
1970,/home/jinsookim/HEA_MC/FeCoNiPtPd_HER/cgcnn/100/add_data/results_dir/1970.cif,0.10143199055555543,slab100,54,108,54.0,0.10209608890915861,-0.0006640983536031764,0.0006640983536031764,0.10220092874997216,-0.0007689381944167295,0.0007689381944167295,fit
1971,/home/jinsookim/HEA_MC/FeCoNiPtPd_HER/cgcnn/100/add_data/results_dir/1971.cif,0.09158722796296262,slab100,54,108,54.0,0.09405584306527504,-0.002468615102312416,0.002468615102312416,0.09731953330742156,-0.005732305344458941,0.005732305344458941,holdout
1972,/home/jinsookim/HEA_MC/FeCoNiPtPd_HER/cgcnn/100/add_data/results_dir/1972.cif,0.09075292925925914,slab100,54,108,54.0,0.09694415188633836,-0.006191222627079218,0.006191222627079218,0.0984100123976807,-0.007657083138421561,0.007657083138421561,fit
1973,/home/jinsookim/HEA_MC/FeCoNiPtPd_HER/cgcnn/100/add_data/results_dir/1973.cif,0.10123691851851883,slab100,54,108,54.0,0.09602272606513684,0.005214192453381991,0.005214192453381991,0.0956991504881186,0.005537768030400236,0.005537768030400236,fit
1974,/home/jinsookim/HEA_MC/FeCoNiPtPd_HER/cgcnn/100/add_data/results_dir/1974.cif,0.09991089944444474,slab100,54,108,54.0,0.09807193409419518,0.0018389653502495634,0.0018389653502495634,0.09774417846828644,0.002166720976158304,0.002166720976158304,fit
1975,/home/jinsookim/HEA_MC/FeCoNiPtPd_HER/cgcnn/100/add_data/results_dir/1975.cif,0.0967227227777772,slab100,54,108,54.0,0.09868212486079664,-0.0019594020830194375,0.0019594020830194375,0.09901869430156601,-0.0022959715237888118,0.0022959715237888118,holdout
1976,/home/jinsookim/HEA_MC/FeCoNiPtPd_HER/cgcnn/100/add_data/results_dir/1976.cif,0.10225945129629584,slab100,54,108,54.0,0.09767545364280106,0.0045839976534947785,0.0045839976534947785,0.0975402665160052,0.004719184780290639,0.004719184780290639,fit
1977,/home/jinsookim/HEA_MC/FeCoNiPtPd_HER/cgcnn/100/add_data/results_dir/1977.cif,0.08072099314814754,slab100,54,108,54.0,0.087946451447721,-0.007225458299573453,0.007225458299573453,0.08784395381244174,-0.007122960664294201,0.007122960664294201,fit
1978,/home/jinsookim/HEA_MC/FeCoNiPtPd_HER/cgcnn/100/add_data/results_dir/1978.cif,0.09640476018518555,slab100,54,108,54.0,0.08649535680779662,0.009909403377388937,0.009909403377388937,0.08621283146282399,0.010191928722361562,0.010191928722361562,fit
1979,/home/jinsookim/HEA_MC/FeCoNiPtPd_HER/cgcnn/100/add_data/results_dir/1979.cif,0.08827302907407439,slab100,54,108,54.0,0.08048531189010265,0.00778771718397174,0.00778771718397174,0.0800639644293047,0.008209064644769684,0.008209064644769684,fit
1980,/home/jinsookim/HEA_MC/FeCoNiPtPd_HER/cgcnn/100/add_data/results_dir/1980.cif,0.07632772611111073,slab100,54,108,54.0,0.0815483343908828,-0.005220608279772068,0.005220608279772068,0.08267121032309392,-0.006343484211983191,0.006343484211983191,fit
1981,/home/jinsookim/HEA_MC/FeCoNiPtPd_HER/cgcnn/100/add_data/results_dir/1981.cif,0.08147731722222265,slab100,54,108,54.0,0.07263578373992385,0.008841533482298797,0.008841533482298797,0.07276089659252034,0.008716420629702307,0.008716420629702307,fit
1982,/home/jinsookim/HEA_MC/FeCoNiPtPd_HER/cgcnn/100/add_data/results_dir/1982.cif,0.09907288888888914,slab100,54,108,54.0,0.09632842856337744,0.002744460325511705,0.002744460325511705,0.09712778730428667,0.0019451015846024683,0.0019451015846024683,fit
1983,/home/jinsookim/HEA_MC/FeCoNiPtPd_HER/cgcnn/100/add_data/results_dir/1983.cif,0.08324267796296293,slab100,54,108,54.0,0.0786656247485724,0.004577053214390531,0.004577053214390531,0.07799789260383129,0.005244785359131643,0.005244785359131643,fit
1984,/home/jinsookim/HEA_MC/FeCoNiPtPd_HER/cgcnn/100/add_data/results_dir/1984.cif,0.09273652351851806,slab100,54,108,54.0,0.09834088149442054,-0.005604357975902474,0.005604357975902474,0.09898440259310363,-0.006247879074585572,0.006247879074585572,fit
1985,/home/jinsookim/HEA_MC/FeCoNiPtPd_HER/cgcnn/100/add_data/results_dir/1985.cif,0.09826218555555552,slab100,54,108,54.0,0.0872859237642697,0.010976261791285816,0.010976261791285816,0.08697251006922238,0.01128967548633314,0.01128967548633314,fit
1986,/home/jinsookim/HEA_MC/FeCoNiPtPd_HER/cgcnn/100/add_data/results_dir/1986.cif,0.0813227770370367,slab100,54,108,54.0,0.0878062372624653,-0.006483460225428589,0.006483460225428589,0.089363702513254,-0.008040925476217292,0.008040925476217292,fit
1987,/home/jinsookim/HEA_MC/FeCoNiPtPd_HER/cgcnn/100/add_data/results_dir/1987.cif,0.07048138425925866,slab100,54,108,54.0,0.07043931613881567,4.206812044299513e-05,4.206812044299513e-05,0.07009538492819431,0.00038599933106435447,0.00038599933106435447,holdout
1988,/home/jinsookim/HEA_MC/FeCoNiPtPd_HER/cgcnn/100/add_data/results_dir/1988.cif,0.11092108907407418,slab100,54,108,54.0,0.10802217172316546,0.0028989173509087196,0.0028989173509087196,0.10732292411985585,0.0035981649542183303,0.0035981649542183303,fit
1989,/home/jinsookim/HEA_MC/FeCoNiPtPd_HER/cgcnn/100/add_data/results_dir/1989.cif,0.09076858203703687,slab100,54,108,54.0,0.08246658732281006,0.00830199471422681,0.00830199471422681,0.08427099574317116,0.006497586293865709,0.006497586293865709,fit
1990,/home/jinsookim/HEA_MC/FeCoNiPtPd_HER/cgcnn/100/add_data/results_dir/1990.cif,0.09031982740740706,slab100,54,108,54.0,0.08932400411108785,0.000995823296319212,0.000995823296319212,0.08977725439142839,0.0005425730159786674,0.0005425730159786674,fit
1991,/home/jinsookim/HEA_MC/FeCoNiPtPd_HER/cgcnn/100/add_data/results_dir/1991.cif,0.08740596759259199,slab100,54,108,54.0,0.10334854886322299,-0.015942581270631,0.015942581270631,0.10279071502025793,-0.015384747427665935,0.015384747427665935,fit
1992,/home/jinsookim/HEA_MC/FeCoNiPtPd_HER/cgcnn/100/add_data/results_dir/1992.cif,0.09454805722222238,slab100,54,108,54.0,0.09973985045730771,-0.005191793235085326,0.005191793235085326,0.1000464442401267,-0.00549838701790431,0.00549838701790431,fit
1993,/home/jinsookim/HEA_MC/FeCoNiPtPd_HER/cgcnn/100/add_data/results_dir/1993.cif,0.11013721574074069,slab100,54,108,54.0,0.09642831364568688,0.013708902095053807,0.013708902095053807,0.0959409325289489,0.014196283211791783,0.014196283211791783,fit
1994,/home/jinsookim/HEA_MC/FeCoNiPtPd_HER/cgcnn/100/add_data/results_dir/1994.cif,0.13927185000000009,slab100,54,108,54.0,0.14092318049825164,-0.0016513304982515575,0.0016513304982515575,0.1394868389545084,-0.00021498895450830502,0.00021498895450830502,fit
1995,/home/jinsookim/HEA_MC/FeCoNiPtPd_HER/cgcnn/100/add_data/results_dir/1995.cif,0.10962083388888867,slab100,54,108,54.0,0.1042196685917938,0.005401165297094876,0.005401165297094876,0.1042320258090385,0.005388808079850177,0.005388808079850177,fit
1996,/home/jinsookim/HEA_MC/FeCoNiPtPd_HER/cgcnn/100/add_data/results_dir/1996.cif,0.1010172549999995,slab100,54,108,54.0,0.09404593876640406,0.00697131623359544,0.00697131623359544,0.0939446882455768,0.007072566754422707,0.007072566754422707,fit
1997,/home/jinsookim/HEA_MC/FeCoNiPtPd_HER/cgcnn/100/add_data/results_dir/1997.cif,0.08629831092592558,slab100,54,108,54.0,0.09184874991787528,-0.005550438991949708,0.005550438991949708,0.09200583017362644,-0.005707519247700868,0.005707519247700868,fit
1998,/home/jinsookim/HEA_MC/FeCoNiPtPd_HER/cgcnn/100/add_data/results_dir/1998.cif,0.08113337444444403,slab100,54,108,54.0,0.08143326346708622,-0.0002998890226421913,0.0002998890226421913,0.08189370980125282,-0.0007603353568087917,0.0007603353568087917,fit
1999,/home/jinsookim/HEA_MC/FeCoNiPtPd_HER/cgcnn/100/add_data/results_dir/1999.cif,0.08844116611111177,slab100,54,108,54.0,0.0958960735791142,-0.007454907468002425,0.007454907468002425,0.09669526615161866,-0.00825410004050689,0.00825410004050689,fit
2000,/home/jinsookim/HEA_MC/FeCoNiPtPd_HER/cgcnn/100/add_data/results_dir/2000.cif,0.07453700462962981,slab100,54,108,54.0,0.07366742638868437,0.00086957824094544,0.00086957824094544,0.07325974659648976,0.0012772580331400496,0.0012772580331400496,fit
2001,/home/jinsookim/HEA_MC/FeCoNiPtPd_HER/cgcnn/100/add_data/results_dir/2001.cif,0.08504293092592631,slab100,54,108,54.0,0.07799464166868089,0.007048289257245419,0.007048289257245419,0.07807838085729397,0.006964550068632336,0.006964550068632336,fit
2002,/home/jinsookim/HEA_MC/FeCoNiPtPd_HER/cgcnn/100/add_data/results_dir/2002.cif,0.0891169183333339,slab100,54,108,54.0,0.08550079245002822,0.0036161258833056903,0.0036161258833056903,0.0858114892712735,0.003305429062060411,0.003305429062060411,holdout
2003,/home/jinsookim/HEA_MC/FeCoNiPtPd_HER/cgcnn/100/add_data/results_dir/2003.cif,0.08877006925925983,slab100,54,108,54.0,0.08507960003456143,0.0036904692246984006,0.0036904692246984006,0.08527458939646622,0.00349547986279361,0.00349547986279361,fit
2004,/home/jinsookim/HEA_MC/FeCoNiPtPd_HER/cgcnn/100/add_data/results_dir/2004.cif,0.07638710703703724,slab100,54,108,54.0,0.07752652800152564,-0.001139420964488394,0.001139420964488394,0.07836825756047218,-0.0019811505234349353,0.0019811505234349353,holdout
2005,/home/jinsookim/HEA_MC/FeCoNiPtPd_HER/cgcnn/100/add_data/results_dir/2005.cif,0.07738393851851845,slab100,54,108,54.0,0.08560824424668342,-0.008224305728164974,0.008224305728164974,0.08380037771857932,-0.006416439200060867,0.006416439200060867,fit
2006,/home/jinsookim/HEA_MC/FeCoNiPtPd_HER/cgcnn/100/add_data/results_dir/2006.cif,0.0898249035185188,slab100,54,108,54.0,0.08517343357740914,0.004651469941109654,0.004651469941109654,0.08491613257501977,0.004908770943499022,0.004908770943499022,fit
2007,/home/jinsookim/HEA_MC/FeCoNiPtPd_HER/cgcnn/100/add_data/results_dir/2007.cif,0.09035863333333426,slab100,54,108,54.0,0.08189495351084719,0.008463679822487066,0.008463679822487066,0.08201095202675338,0.008347681306580881,0.008347681306580881,fit
2008,/home/jinsookim/HEA_MC/FeCoNiPtPd_HER/cgcnn/100/add_data/results_dir/2008.cif,0.07654131962962968,slab100,54,108,54.0,0.07190597634659975,0.004635343283029933,0.004635343283029933,0.07161809651808881,0.004923223111540864,0.004923223111540864,fit
2009,/home/jinsookim/HEA_MC/FeCoNiPtPd_HER/cgcnn/100/add_data/results_dir/2009.cif,0.09023474870370395,slab100,54,108,54.0,0.08196180732700951,0.008272941376694432,0.008272941376694432,0.08142958768091124,0.008805161022792704,0.008805161022792704,fit
2010,/home/jinsookim/HEA_MC/FeCoNiPtPd_HER/cgcnn/100/add_data/results_dir/2010.cif,0.08456590148148174,slab100,54,108,54.0,0.08117029022174108,0.0033956112597406662,0.0033956112597406662,0.08114784064932788,0.0034180608321538603,0.0034180608321538603,holdout
2011,/home/jinsookim/HEA_MC/FeCoNiPtPd_HER/cgcnn/100/add_data/results_dir/2011.cif,0.08402967999999991,slab100,54,108,54.0,0.09016558420516606,-0.0061359042051661455,0.0061359042051661455,0.09097404298433504,-0.006944362984335123,0.006944362984335123,fit
2012,/home/jinsookim/HEA_MC/FeCoNiPtPd_HER/cgcnn/100/add_data/results_dir/2012.cif,0.07491643425925919,slab100,54,108,54.0,0.06734527759312439,0.007571156666134796,0.007571156666134796,0.0680871431049798,0.006829291154279382,0.006829291154279382,fit
2013,/home/jinsookim/HEA_MC/FeCoNiPtPd_HER/cgcnn/100/add_data/results_dir/2013.cif,0.07670108425925916,slab100,54,108,54.0,0.06768878141985187,0.009012302839407293,0.009012302839407293,0.06877213128515863,0.007928952974100525,0.007928952974100525,fit
2014,/home/jinsookim/HEA_MC/FeCoNiPtPd_HER/cgcnn/100/add_data/results_dir/2014.cif,0.08225418925925965,slab100,54,108,54.0,0.06175430302684183,0.020499886232417816,0.020499886232417816,0.06259595344566991,0.019658235813589733,0.019658235813589733,fit
2015,/home/jinsookim/HEA_MC/FeCoNiPtPd_HER/cgcnn/100/add_data/results_dir/2015.cif,0.08836016000000031,slab100,54,108,54.0,0.088467677542103,-0.0001075175421026836,0.0001075175421026836,0.0873635399768597,0.000996620023140618,0.000996620023140618,fit
2016,/home/jinsookim/HEA_MC/FeCoNiPtPd_HER/cgcnn/100/add_data/results_dir/2016.cif,0.07418655148148164,slab100,54,108,54.0,0.06272698343082411,0.011459568050657523,0.011459568050657523,0.06381173916160263,0.01037481231987901,0.01037481231987901,fit
2017,/home/jinsookim/HEA_MC/FeCoNiPtPd_HER/cgcnn/100/add_data/results_dir/2017.cif,0.0706313766666666,slab100,54,108,54.0,0.10794904325010611,-0.037317666583439504,0.037317666583439504,0.10761588658749725,-0.03698450992083065,0.03698450992083065,fit
2018,/home/jinsookim/HEA_MC/FeCoNiPtPd_HER/cgcnn/100/add_data/results_dir/2018.cif,0.07955767500000009,slab100,54,108,54.0,0.08579888464606476,-0.0062412096460646715,0.0062412096460646715,0.08520357112558155,-0.005645896125581459,0.005645896125581459,fit
2019,/home/jinsookim/HEA_MC/FeCoNiPtPd_HER/cgcnn/100/add_data/results_dir/2019.cif,0.08456259296296291,slab100,54,108,54.0,0.09496805197523059,-0.010405459012267679,0.010405459012267679,0.0969404990796332,-0.012377906116670293,0.012377906116670293,fit
2020,/home/jinsookim/HEA_MC/FeCoNiPtPd_HER/cgcnn/100/add_data/results_dir/2020.cif,0.08226582185185259,slab100,54,108,54.0,0.09283641205350349,-0.010570590201650895,0.010570590201650895,0.09219371333090784,-0.009927891479055248,0.009927891479055248,fit
2021,/home/jinsookim/HEA_MC/FeCoNiPtPd_HER/cgcnn/100/add_data/results_dir/2021.cif,0.07317864925925976,slab100,54,108,54.0,0.05734366445307039,0.015834984806189376,0.015834984806189376,0.05878534597598109,0.014393303283278674,0.014393303283278674,fit
2022,/home/jinsookim/HEA_MC/FeCoNiPtPd_HER/cgcnn/100/add_data/results_dir/2022.cif,0.061413470925925945,slab100,54,108,54.0,0.0480317794511841,0.013381691474741844,0.013381691474741844,0.049880447777266516,0.011533023148659428,0.011533023148659428,fit
2023,/home/jinsookim/HEA_MC/FeCoNiPtPd_HER/cgcnn/100/add_data/results_dir/2023.cif,0.09842015055555622,slab100,54,108,54.0,0.10705852980398481,-0.008638379248428585,0.008638379248428585,0.1079693117496846,-0.00954916119412838,0.00954916119412838,fit
2024,/home/jinsookim/HEA_MC/FeCoNiPtPd_HER/cgcnn/100/add_data/results_dir/2024.cif,0.09297257759259289,slab100,54,108,54.0,0.08769859333475283,0.005273984257840064,0.005273984257840064,0.087848724824972,0.005123852767620896,0.005123852767620896,fit
2025,/home/jinsookim/HEA_MC/FeCoNiPtPd_HER/cgcnn/100/add_data/results_dir/2025.cif,0.08526351537037052,slab100,54,108,54.0,0.08652994910537014,-0.001266433734999614,0.001266433734999614,0.08691617681670898,-0.001652661446338452,0.001652661446338452,fit
2026,/home/jinsookim/HEA_MC/FeCoNiPtPd_HER/cgcnn/100/add_data/results_dir/2026.cif,0.08681731518518526,slab100,54,108,54.0,0.09506651657244979,-0.008249201387264524,0.008249201387264524,0.09521487039246665,-0.008397555207281387,0.008397555207281387,fit
2027,/home/jinsookim/HEA_MC/FeCoNiPtPd_HER/cgcnn/100/add_data/results_dir/2027.cif,0.09253287333333383,slab100,54,108,54.0,0.08897497918817587,0.003557894145157961,0.003557894145157961,0.08947433429378683,0.0030585390395470036,0.0030585390395470036,fit
2028,/home/jinsookim/HEA_MC/FeCoNiPtPd_HER/cgcnn/100/add_data/results_dir/2028.cif,0.08495338796296366,slab100,54,108,54.0,0.0894676207274478,-0.004514232764484136,0.004514232764484136,0.08954144210989669,-0.004588054146933029,0.004588054146933029,fit
2029,/home/jinsookim/HEA_MC/FeCoNiPtPd_HER/cgcnn/100/add_data/results_dir/2029.cif,0.11817960814814839,slab100,54,108,54.0,0.12794857480470367,-0.009768966656555286,0.009768966656555286,0.12812400454283754,-0.00994439639468915,0.00994439639468915,fit
2030,/home/jinsookim/HEA_MC/FeCoNiPtPd_HER/cgcnn/100/add_data/results_dir/2030.cif,0.07431731111111196,slab100,54,108,54.0,0.088614114633572,-0.01429680352246003,0.01429680352246003,0.08841922975858722,-0.014101918647475259,0.014101918647475259,fit
2031,/home/jinsookim/HEA_MC/FeCoNiPtPd_HER/cgcnn/100/add_data/results_dir/2031.cif,0.07794955129629691,slab100,54,108,54.0,0.0870955749341521,-0.009146023637855188,0.009146023637855188,0.087559213174182,-0.00960966187788509,0.00960966187788509,fit
2032,/home/jinsookim/HEA_MC/FeCoNiPtPd_HER/cgcnn/100/add_data/results_dir/2032.cif,0.06948984592592658,slab100,54,108,54.0,0.06025649607007134,0.009233349855855243,0.009233349855855243,0.05968748971150495,0.009802356214421631,0.009802356214421631,fit
2033,/home/jinsookim/HEA_MC/FeCoNiPtPd_HER/cgcnn/100/add_data/results_dir/2033.cif,0.08054633537037043,slab100,54,108,54.0,0.08755769350758028,-0.00701135813720985,0.00701135813720985,0.08810384852515199,-0.007557513154781564,0.007557513154781564,fit
2034,/home/jinsookim/HEA_MC/FeCoNiPtPd_HER/cgcnn/100/add_data/results_dir/2034.cif,0.06391561777777854,slab100,54,108,54.0,0.07247912178300424,-0.008563504005225694,0.008563504005225694,0.07155465184455327,-0.0076390340667747275,0.0076390340667747275,fit
2035,/home/jinsookim/HEA_MC/FeCoNiPtPd_HER/cgcnn/100/add_data/results_dir/2035.cif,0.0897987092592595,slab100,54,108,54.0,0.09047315362054653,-0.0006744443612870382,0.0006744443612870382,0.09031114233029232,-0.0005124330710328251,0.0005124330710328251,holdout
2036,/home/jinsookim/HEA_MC/FeCoNiPtPd_HER/cgcnn/100/add_data/results_dir/2036.cif,0.09822080518518587,slab100,54,108,54.0,0.08560781111515618,0.012612994070029693,0.012612994070029693,0.08362888693882295,0.014591918246362925,0.014591918246362925,holdout
2037,/home/jinsookim/HEA_MC/FeCoNiPtPd_HER/cgcnn/100/add_data/results_dir/2037.cif,0.08256731981481485,slab100,54,108,54.0,0.08326141651697537,-0.0006940967021605154,0.0006940967021605154,0.08329427238453595,-0.0007269525697210927,0.0007269525697210927,fit
2038,/home/jinsookim/HEA_MC/FeCoNiPtPd_HER/cgcnn/100/add_data/results_dir/2038.cif,0.09405732833333344,slab100,54,108,54.0,0.11098726179388516,-0.016929933460551716,0.016929933460551716,0.11132054338479826,-0.017263215051464817,0.017263215051464817,fit
2039,/home/jinsookim/HEA_MC/FeCoNiPtPd_HER/cgcnn/100/add_data/results_dir/2039.cif,0.10468412481481508,slab100,54,108,54.0,0.1053811649764647,-0.0006970401616496202,0.0006970401616496202,0.1064455927235815,-0.001761467908766426,0.001761467908766426,fit
2040,/home/jinsookim/HEA_MC/FeCoNiPtPd_HER/cgcnn/100/add_data/results_dir/2040.cif,0.10019117296296279,slab100,54,108,54.0,0.09558980252737298,0.004601370435589808,0.004601370435589808,0.0971910487397251,0.003000124223237685,0.003000124223237685,fit
2041,/home/jinsookim/HEA_MC/FeCoNiPtPd_HER/cgcnn/100/add_data/results_dir/2041.cif,0.10465933907407374,slab100,54,108,54.0,0.10409582206127087,0.0005635170128028694,0.0005635170128028694,0.10352897733965194,0.0011303617344217975,0.0011303617344217975,fit
2042,/home/jinsookim/HEA_MC/FeCoNiPtPd_HER/cgcnn/100/add_data/results_dir/2042.cif,0.07815881111111123,slab100,54,108,54.0,0.0730371636611635,0.005121647449947725,0.005121647449947725,0.07196179311195408,0.006197017999157145,0.006197017999157145,fit
2043,/home/jinsookim/HEA_MC/FeCoNiPtPd_HER/cgcnn/100/add_data/results_dir/2043.cif,0.097131663888889,slab100,54,108,54.0,0.11887262479369011,-0.021740960904801113,0.021740960904801113,0.11709902841932907,-0.019967364530440068,0.019967364530440068,fit
2044,/home/jinsookim/HEA_MC/FeCoNiPtPd_HER/cgcnn/100/add_data/results_dir/2044.cif,0.11255530370370345,slab100,54,108,54.0,0.10806547593656389,0.004489827767139562,0.004489827767139562,0.10794815371836006,0.004607149985343395,0.004607149985343395,fit
2045,/home/jinsookim/HEA_MC/FeCoNiPtPd_HER/cgcnn/100/add_data/results_dir/2045.cif,0.0917707725925928,slab100,54,108,54.0,0.08899252316674414,0.0027782494258486584,0.0027782494258486584,0.0898516963132381,0.0019190762793546978,0.0019190762793546978,fit
2046,/home/jinsookim/HEA_MC/FeCoNiPtPd_HER/cgcnn/100/add_data/results_dir/2046.cif,0.08001299648148154,slab100,54,108,54.0,0.09761603355342142,-0.017603037071939887,0.017603037071939887,0.09836087679031895,-0.01834788030883741,0.01834788030883741,fit
2047,/home/jinsookim/HEA_MC/FeCoNiPtPd_HER/cgcnn/100/add_data/results_dir/2047.cif,0.09253684092592641,slab100,54,108,54.0,0.11173176005370554,-0.019194919127779125,0.019194919127779125,0.11113422848802741,-0.018597387562100998,0.018597387562100998,fit
2048,/home/jinsookim/HEA_MC/FeCoNiPtPd_HER/cgcnn/100/add_data/results_dir/2048.cif,0.08586537629629679,slab100,54,108,54.0,0.08719315865698399,-0.001327782360687202,0.001327782360687202,0.08754221384746419,-0.0016768375511674039,0.0016768375511674039,fit
2049,/home/jinsookim/HEA_MC/FeCoNiPtPd_HER/cgcnn/100/add_data/results_dir/2049.cif,0.09363020796296248,slab100,54,108,54.0,0.09019568374555073,0.0034345242174117496,0.0034345242174117496,0.0906106968633399,0.0030195110996225766,0.0030195110996225766,holdout
2050,/home/jinsookim/HEA_MC/FeCoNiPtPd_HER/cgcnn/100/add_data/results_dir/2050.cif,0.08296377222222241,slab100,54,108,54.0,0.08930647654522374,-0.006342704323001325,0.006342704323001325,0.0895111639520312,-0.0065473917298087825,0.0065473917298087825,fit
2051,/home/jinsookim/HEA_MC/FeCoNiPtPd_HER/cgcnn/100/add_data/results_dir/2051.cif,0.07394137074074028,slab100,54,108,54.0,0.062313475974623105,0.011627894766117176,0.011627894766117176,0.0637349166514193,0.010206454089320985,0.010206454089320985,fit
2052,/home/jinsookim/HEA_MC/FeCoNiPtPd_HER/cgcnn/100/add_data/results_dir/2052.cif,0.06900956629629647,slab100,54,108,54.0,0.06025299586840301,0.008756570427893455,0.008756570427893455,0.06218175337577884,0.00682781292051763,0.00682781292051763,fit
2053,/home/jinsookim/HEA_MC/FeCoNiPtPd_HER/cgcnn/100/add_data/results_dir/2053.cif,0.10477750740740796,slab100,54,108,54.0,0.12567132159710556,-0.0208938141896976,0.0208938141896976,0.12676279093999007,-0.02198528353258211,0.02198528353258211,fit
2054,/home/jinsookim/HEA_MC/FeCoNiPtPd_HER/cgcnn/100/add_data/results_dir/2054.cif,0.11245023074074033,slab100,54,108,54.0,0.11163068912290504,0.0008195416178352899,0.0008195416178352899,0.11127587445444924,0.0011743562862910895,0.0011743562862910895,fit
2055,/home/jinsookim/HEA_MC/FeCoNiPtPd_HER/cgcnn/100/add_data/results_dir/2055.cif,0.10980204888888857,slab100,54,108,54.0,0.11712986373153213,-0.007327814842643554,0.007327814842643554,0.11763416514627144,-0.007832116257382865,0.007832116257382865,fit
2056,/home/jinsookim/HEA_MC/FeCoNiPtPd_HER/cgcnn/100/add_data/results_dir/2056.cif,0.08522325925925935,slab100,54,108,54.0,0.10149451021669524,-0.016271250957435895,0.016271250957435895,0.10167036607119463,-0.016447106811935286,0.016447106811935286,fit
2057,/home/jinsookim/HEA_MC/FeCoNiPtPd_HER/cgcnn/100/add_data/results_dir/2057.cif,0.10328572537037067,slab100,54,108,54.0,0.10994968094697813,-0.006663955576607455,0.006663955576607455,0.11108459329003252,-0.007798867919661848,0.007798867919661848,holdout
2058,/home/jinsookim/HEA_MC/FeCoNiPtPd_HER/cgcnn/100/add_data/results_dir/2058.cif,0.08725522907407371,slab100,54,108,54.0,0.1074473814858976,-0.020192152411823885,0.020192152411823885,0.10818963405064512,-0.02093440497657141,0.02093440497657141,fit
2059,/home/jinsookim/HEA_MC/FeCoNiPtPd_HER/cgcnn/100/add_data/results_dir/2059.cif,0.09431990537036991,slab100,54,108,54.0,0.09935487395917679,-0.005034968588806879,0.005034968588806879,0.10018444085214682,-0.005864535481776914,0.005864535481776914,fit
2060,/home/jinsookim/HEA_MC/FeCoNiPtPd_HER/cgcnn/100/add_data/results_dir/2060.cif,0.0961746683333331,slab100,54,108,54.0,0.10761160451271316,-0.011436936179380061,0.011436936179380061,0.10729757027198066,-0.011122901938647553,0.011122901938647553,fit
2061,/home/jinsookim/HEA_MC/FeCoNiPtPd_HER/cgcnn/100/add_data/results_dir/2061.cif,0.10607681222222183,slab100,54,108,54.0,0.1118749274796403,-0.005798115257418468,0.005798115257418468,0.1121123220713016,-0.006035509849079773,0.006035509849079773,fit
2062,/home/jinsookim/HEA_MC/FeCoNiPtPd_HER/cgcnn/100/add_data/results_dir/2062.cif,0.08204295833333378,slab100,54,108,54.0,0.09044259968790981,-0.008399641354576035,0.008399641354576035,0.09225273081859181,-0.010209772485258034,0.010209772485258034,holdout
2063,/home/jinsookim/HEA_MC/FeCoNiPtPd_HER/cgcnn/100/add_data/results_dir/2063.cif,0.15025041240740697,slab100,54,108,54.0,0.1834129171138881,-0.03316250470648113,0.03316250470648113,0.18418002330811672,-0.033929610900709756,0.033929610900709756,fit
2064,/home/jinsookim/HEA_MC/FeCoNiPtPd_HER/cgcnn/100/add_data/results_dir/2064.cif,0.09128405944444487,slab100,54,108,54.0,0.08043664395066323,0.01084741549378164,0.01084741549378164,0.08171669812987994,0.009567361314564926,0.009567361314564926,fit
2065,/home/jinsookim/HEA_MC/FeCoNiPtPd_HER/cgcnn/100/add_data/results_dir/2065.cif,0.09753436370370402,slab100,54,108,54.0,0.1043292976557178,-0.006794933952013776,0.006794933952013776,0.10569780500569967,-0.008163441301995644,0.008163441301995644,fit
2066,/home/jinsookim/HEA_MC/FeCoNiPtPd_HER/cgcnn/100/add_data/results_dir/2066.cif,0.08032915018518515,slab100,54,108,54.0,0.08132270937635579,-0.0009935591911706398,0.0009935591911706398,0.08221483623208235,-0.0018856860468972059,0.0018856860468972059,holdout
2067,/home/jinsookim/HEA_MC/FeCoNiPtPd_HER/cgcnn/100/add_data/results_dir/2067.cif,0.10478572944444409,slab100,54,108,54.0,0.1001231051916217,0.004662624252822392,0.004662624252822392,0.10079583248229232,0.003989896962151768,0.003989896962151768,fit
2068,/home/jinsookim/HEA_MC/FeCoNiPtPd_HER/cgcnn/100/add_data/results_dir/2068.cif,0.0979215253703703,slab100,54,108,54.0,0.09490496590044524,0.003016559469925059,0.003016559469925059,0.09337559515075852,0.004545930219611777,0.004545930219611777,fit
2069,/home/jinsookim/HEA_MC/FeCoNiPtPd_HER/cgcnn/100/add_data/results_dir/2069.cif,0.10754967148148109,slab100,54,108,54.0,0.1036461847156586,0.0039034867658224864,0.0039034867658224864,0.10368588969461517,0.0038637817868659163,0.0038637817868659163,fit
2070,/home/jinsookim/HEA_MC/FeCoNiPtPd_HER/cgcnn/100/add_data/results_dir/2070.cif,0.06781079759259283,slab100,54,108,54.0,0.06805639902656048,-0.00024560143396765155,0.00024560143396765155,0.06863625453589008,-0.0008254569432972481,0.0008254569432972481,fit
2071,/home/jinsookim/HEA_MC/FeCoNiPtPd_HER/cgcnn/100/add_data/results_dir/2071.cif,0.09140033203703662,slab100,54,108,54.0,0.10007098989880156,-0.008670657861764935,0.008670657861764935,0.09995311474642642,-0.008552782709389792,0.008552782709389792,fit
2072,/home/jinsookim/HEA_MC/FeCoNiPtPd_HER/cgcnn/100/add_data/results_dir/2072.cif,0.09980494870370332,slab100,54,108,54.0,0.09475486970668251,0.005050078997020813,0.005050078997020813,0.09563416342508167,0.00417078527862165,0.00417078527862165,fit
2073,/home/jinsookim/HEA_MC/FeCoNiPtPd_HER/cgcnn/100/add_data/results_dir/2073.cif,0.1341045957407411,slab100,54,108,54.0,0.15030092278556223,-0.01619632704482113,0.01619632704482113,0.151787060515448,-0.01768246477470689,0.01768246477470689,fit
2074,/home/jinsookim/HEA_MC/FeCoNiPtPd_HER/cgcnn/100/add_data/results_dir/2074.cif,0.10334326314814798,slab100,54,108,54.0,0.09667260761677922,0.006670655531368766,0.006670655531368766,0.09571650484656212,0.007626758301585865,0.007626758301585865,fit
2075,/home/jinsookim/HEA_MC/FeCoNiPtPd_HER/cgcnn/100/add_data/results_dir/2075.cif,0.09657106537037058,slab100,54,108,54.0,0.09816479317636358,-0.0015937278059929977,0.0015937278059929977,0.09834908880105071,-0.001778023430680134,0.001778023430680134,fit
2076,/home/jinsookim/HEA_MC/FeCoNiPtPd_HER/cgcnn/100/add_data/results_dir/2076.cif,0.08253184814814765,slab100,54,108,54.0,0.07113102252152972,0.011400825626617928,0.011400825626617928,0.07227283673142446,0.010259011416723196,0.010259011416723196,fit
2077,/home/jinsookim/HEA_MC/FeCoNiPtPd_HER/cgcnn/100/add_data/results_dir/2077.cif,0.10835357425925925,slab100,54,108,54.0,0.10815163308013528,0.0002019411791239628,0.0002019411791239628,0.11009023572383764,-0.00173666146457839,0.00173666146457839,fit
2078,/home/jinsookim/HEA_MC/FeCoNiPtPd_HER/cgcnn/100/add_data/results_dir/2078.cif,0.10657994148148107,slab100,54,108,54.0,0.10722317109498103,-0.0006432296134999543,0.0006432296134999543,0.10727185995421361,-0.0006919184727325334,0.0006919184727325334,fit
2079,/home/jinsookim/HEA_MC/FeCoNiPtPd_HER/cgcnn/100/add_data/results_dir/2079.cif,0.08154740888888846,slab100,54,108,54.0,0.07038021415380533,0.011167194735083139,0.011167194735083139,0.0701982720832629,0.011349136805625562,0.011349136805625562,fit
2080,/home/jinsookim/HEA_MC/FeCoNiPtPd_HER/cgcnn/100/add_data/results_dir/2080.cif,0.06615765537037006,slab100,54,108,54.0,0.06735336537543257,-0.0011957100050625086,0.0011957100050625086,0.06808923056764275,-0.0019315751972726891,0.0019315751972726891,fit
2081,/home/jinsookim/HEA_MC/FeCoNiPtPd_HER/cgcnn/100/add_data/results_dir/2081.cif,0.09815092444444383,slab100,54,108,54.0,0.09232031271493771,0.005830611729506122,0.005830611729506122,0.09466105671795103,0.003489867726492804,0.003489867726492804,fit
2082,/home/jinsookim/HEA_MC/FeCoNiPtPd_HER/cgcnn/100/add_data/results_dir/2082.cif,0.0897371766666658,slab100,54,108,54.0,0.09139199222271371,-0.00165481555604792,0.00165481555604792,0.09263549639293547,-0.0028983197262696797,0.0028983197262696797,fit
2083,/home/jinsookim/HEA_MC/FeCoNiPtPd_HER/cgcnn/100/add_data/results_dir/2083.cif,0.08865508444444424,slab100,54,108,54.0,0.10997803762670885,-0.021322953182264612,0.021322953182264612,0.1098478561646275,-0.02119277172018326,0.02119277172018326,fit
2084,/home/jinsookim/HEA_MC/FeCoNiPtPd_HER/cgcnn/100/add_data/results_dir/2084.cif,0.0668673885185182,slab100,54,108,54.0,0.07459261404499706,-0.007725225526478863,0.007725225526478863,0.07424768268015941,-0.00738029416164121,0.00738029416164121,holdout
2085,/home/jinsookim/HEA_MC/FeCoNiPtPd_HER/cgcnn/100/add_data/results_dir/2085.cif,0.09122763648148145,slab100,54,108,54.0,0.1005987325725125,-0.009371096091031053,0.009371096091031053,0.10089445763192662,-0.009666821150445162,0.009666821150445162,fit
2086,/home/jinsookim/HEA_MC/FeCoNiPtPd_HER/cgcnn/100/add_data/results_dir/2086.cif,0.08839802425925912,slab100,54,108,54.0,0.11110281713011712,-0.022704792870857998,0.022704792870857998,0.1118187491173853,-0.023420724858126185,0.023420724858126185,fit
2087,/home/jinsookim/HEA_MC/FeCoNiPtPd_HER/cgcnn/100/add_data/results_dir/2087.cif,0.08906337851851837,slab100,54,108,54.0,0.07548305186558218,0.013580326652936181,0.013580326652936181,0.0771291456452951,0.01193423287322326,0.01193423287322326,fit
2088,/home/jinsookim/HEA_MC/FeCoNiPtPd_HER/cgcnn/100/add_data/results_dir/2088.cif,0.0980417496296287,slab100,54,108,54.0,0.09829138645084194,-0.0002496368212132477,0.0002496368212132477,0.09859045027865532,-0.0005487006490266233,0.0005487006490266233,fit
2089,/home/jinsookim/HEA_MC/FeCoNiPtPd_HER/cgcnn/100/add_data/results_dir/2089.cif,0.09137371944444374,slab100,54,108,54.0,0.10010152226063374,-0.008727802816189997,0.008727802816189997,0.10038497525254073,-0.009011255808096988,0.009011255808096988,fit
2090,/home/jinsookim/HEA_MC/FeCoNiPtPd_HER/cgcnn/100/add_data/results_dir/2090.cif,0.09075474537036986,slab100,54,108,54.0,0.09783078740928575,-0.007076042038915889,0.007076042038915889,0.10107121361604787,-0.010316468245678015,0.010316468245678015,fit
2091,/home/jinsookim/HEA_MC/FeCoNiPtPd_HER/cgcnn/100/add_data/results_dir/2091.cif,0.10580184907407404,slab100,54,108,54.0,0.11042651977464082,-0.0046246707005667825,0.0046246707005667825,0.1109282781092808,-0.005126429035206756,0.005126429035206756,fit
2092,/home/jinsookim/HEA_MC/FeCoNiPtPd_HER/cgcnn/100/add_data/results_dir/2092.cif,0.0711418911111105,slab100,54,108,54.0,0.06528389675916905,0.00585799435194144,0.00585799435194144,0.06566633486649152,0.00547555624461897,0.00547555624461897,holdout
2093,/home/jinsookim/HEA_MC/FeCoNiPtPd_HER/cgcnn/100/add_data/results_dir/2093.cif,0.08727758462962945,slab100,54,108,54.0,0.0890511742674457,-0.0017735896378162502,0.0017735896378162502,0.0914482349690622,-0.004170650339432744,0.004170650339432744,fit
2094,/home/jinsookim/HEA_MC/FeCoNiPtPd_HER/cgcnn/100/add_data/results_dir/2094.cif,0.0822154046296288,slab100,54,108,54.0,0.08292916936924113,-0.0007137647396123353,0.0007137647396123353,0.08277233352351661,-0.0005569288938878092,0.0005569288938878092,fit
2095,/home/jinsookim/HEA_MC/FeCoNiPtPd_HER/cgcnn/100/add_data/results_dir/2095.cif,0.08697916777777719,slab100,54,108,54.0,0.11539787085629793,-0.02841870307852075,0.02841870307852075,0.11552494767242019,-0.028545779894643006,0.028545779894643006,fit
2096,/home/jinsookim/HEA_MC/FeCoNiPtPd_HER/cgcnn/100/add_data/results_dir/2096.cif,0.08897509185185173,slab100,54,108,54.0,0.08047033395652511,0.00850475789532662,0.00850475789532662,0.08200837025829283,0.0069667215935589055,0.0069667215935589055,fit
2097,/home/jinsookim/HEA_MC/FeCoNiPtPd_HER/cgcnn/100/add_data/results_dir/2097.cif,0.09828304037036951,slab100,54,108,54.0,0.08617821429843023,0.012104826071939287,0.012104826071939287,0.08764994291392618,0.010633097456443336,0.010633097456443336,fit
2098,/home/jinsookim/HEA_MC/FeCoNiPtPd_HER/cgcnn/100/add_data/results_dir/2098.cif,0.088054005925925,slab100,54,108,54.0,0.09365213971036195,-0.005598133784436951,0.005598133784436951,0.09457286833572562,-0.006518862409800624,0.006518862409800624,fit
2099,/home/jinsookim/HEA_MC/FeCoNiPtPd_HER/cgcnn/100/add_data/results_dir/2099.cif,0.09264648796296258,slab100,54,108,54.0,0.09652695765218909,-0.0038804696892265067,0.0038804696892265067,0.09716606321413818,-0.004519575251175592,0.004519575251175592,fit
2100,/home/jinsookim/HEA_MC/FeCoNiPtPd_HER/cgcnn/100/add_data/results_dir/2100.cif,0.08664650629629549,slab100,54,108,54.0,0.09268824672646837,-0.006041740430172887,0.006041740430172887,0.09328571197835589,-0.006639205682060403,0.006639205682060403,fit
2101,/home/jinsookim/HEA_MC/FeCoNiPtPd_HER/cgcnn/100/add_data/results_dir/2101.cif,0.11177857166666592,slab100,54,108,54.0,0.12908775188677515,-0.01730918022010923,0.01730918022010923,0.1310677149990437,-0.019289143332377787,0.019289143332377787,holdout
2102,/home/jinsookim/HEA_MC/FeCoNiPtPd_HER/cgcnn/100/add_data/results_dir/2102.cif,0.07156458796296235,slab100,54,108,54.0,0.07104275691954628,0.0005218310434160628,0.0005218310434160628,0.07199367168054241,-0.0004290837175800616,0.0004290837175800616,fit
2103,/home/jinsookim/HEA_MC/FeCoNiPtPd_HER/cgcnn/100/add_data/results_dir/2103.cif,0.07357397425925821,slab100,54,108,54.0,0.08125382754774194,-0.007679853288483723,0.007679853288483723,0.08328341183544807,-0.009709437576189861,0.009709437576189861,holdout
2104,/home/jinsookim/HEA_MC/FeCoNiPtPd_HER/cgcnn/100/add_data/results_dir/2104.cif,0.05690010481481417,slab100,54,108,54.0,0.05444430309132442,0.002455801723489748,0.002455801723489748,0.053237147459279696,0.0036629573555344713,0.0036629573555344713,fit
2105,/home/jinsookim/HEA_MC/FeCoNiPtPd_HER/cgcnn/100/add_data/results_dir/2105.cif,0.08060171814814773,slab100,54,108,54.0,0.09748079056015842,-0.016879072412010684,0.016879072412010684,0.09867799529005863,-0.0180762771419109,0.0180762771419109,fit
2106,/home/jinsookim/HEA_MC/FeCoNiPtPd_HER/cgcnn/100/add_data/results_dir/2106.cif,0.06259999925925884,slab100,54,108,54.0,0.07376266330597896,-0.011162664046720117,0.011162664046720117,0.07672929451552957,-0.014129295256270727,0.014129295256270727,fit
2107,/home/jinsookim/HEA_MC/FeCoNiPtPd_HER/cgcnn/100/add_data/results_dir/2107.cif,0.08682311499999981,slab100,54,108,54.0,0.10636801358270931,-0.019544898582709497,0.019544898582709497,0.1063588308973897,-0.019535715897389894,0.019535715897389894,fit
2108,/home/jinsookim/HEA_MC/FeCoNiPtPd_HER/cgcnn/100/add_data/results_dir/2108.cif,0.078006503888888,slab100,54,108,54.0,0.08393531116247405,-0.005928807273586051,0.005928807273586051,0.08352206781131084,-0.0055155639224228475,0.0055155639224228475,fit
2109,/home/jinsookim/HEA_MC/FeCoNiPtPd_HER/cgcnn/100/add_data/results_dir/2109.cif,0.09540719259259246,slab100,54,108,54.0,0.1025124065294935,-0.007105213936901042,0.007105213936901042,0.10213685321542942,-0.006729660622836961,0.006729660622836961,holdout
2110,/home/jinsookim/HEA_MC/FeCoNiPtPd_HER/cgcnn/100/add_data/results_dir/2110.cif,0.0854522377777774,slab100,54,108,54.0,0.09554394478944456,-0.010091707011667159,0.010091707011667159,0.09634628904625725,-0.010894051268479851,0.010894051268479851,fit
2111,/home/jinsookim/HEA_MC/FeCoNiPtPd_HER/cgcnn/100/add_data/results_dir/2111.cif,0.07893339944444346,slab100,54,108,54.0,0.07545952545226586,0.0034738739921775924,0.0034738739921775924,0.07509941681736788,0.0038339826270755717,0.0038339826270755717,fit
2112,/home/jinsookim/HEA_MC/FeCoNiPtPd_HER/cgcnn/100/add_data/results_dir/2112.cif,0.06897966518518481,slab100,54,108,54.0,0.06405841363271322,0.004921251552471584,0.004921251552471584,0.06638857611603445,0.002591089069150357,0.002591089069150357,fit
2113,/home/jinsookim/HEA_MC/FeCoNiPtPd_HER/cgcnn/100/add_data/results_dir/2113.cif,0.1006949868518516,slab100,54,108,54.0,0.09457122073637915,0.006123766115472454,0.006123766115472454,0.09653524736413385,0.004159739487717751,0.004159739487717751,fit
2114,/home/jinsookim/HEA_MC/FeCoNiPtPd_HER/cgcnn/100/add_data/results_dir/2114.cif,0.09128761907407403,slab100,54,108,54.0,0.09429203795865437,-0.0030044188845803482,0.0030044188845803482,0.09401925483634585,-0.002731635762271825,0.002731635762271825,fit
2115,/home/jinsookim/HEA_MC/FeCoNiPtPd_HER/cgcnn/100/add_data/results_dir/2115.cif,0.08296822055555497,slab100,54,108,54.0,0.08066876945669939,0.0022994510988555844,0.0022994510988555844,0.08007897669372396,0.002889243861831009,0.002889243861831009,fit
2116,/home/jinsookim/HEA_MC/FeCoNiPtPd_HER/cgcnn/100/add_data/results_dir/2116.cif,0.07894618518518458,slab100,54,108,54.0,0.08183054291569453,-0.0028843577305099483,0.0028843577305099483,0.08245904855318234,-0.0035128633679977622,0.0035128633679977622,fit
2117,/home/jinsookim/HEA_MC/FeCoNiPtPd_HER/cgcnn/100/add_data/results_dir/2117.cif,0.06080184425925844,slab100,54,108,54.0,0.04839858573260885,0.012403258526649592,0.012403258526649592,0.04825995740701963,0.01254188685223881,0.01254188685223881,fit
2118,/home/jinsookim/HEA_MC/FeCoNiPtPd_HER/cgcnn/100/add_data/results_dir/2118.cif,0.08452224462962897,slab100,54,108,54.0,0.07709043514501536,0.007431809484613611,0.007431809484613611,0.07832253133886038,0.006199713290768585,0.006199713290768585,fit
