identifier,path,target,kind,n_metal,n_lattice,normalization_denominator,prediction,residual,absolute_error,validation_prediction,validation_residual,validation_absolute_error,split
Slab_0,/home/jinsookim/HEA_MC/PtPdRhRuIr/cgcnn/root_dir/Slab_0.cif,0.2594099609259259,slab111,54,108,54.0,0.2592152808884611,0.00019468003746481166,0.00019468003746481166,0.25881587802450245,0.0005940829014234317,0.0005940829014234317,holdout
Slab_5,/home/jinsookim/HEA_MC/PtPdRhRuIr/cgcnn/root_dir/Slab_5.cif,0.278654705185185,slab111,54,108,54.0,0.2789910829926638,-0.00033637780747880486,0.00033637780747880486,0.2787680425020433,-0.0001133373168583085,0.0001133373168583085,fit
Slab_6,/home/jinsookim/HEA_MC/PtPdRhRuIr/cgcnn/root_dir/Slab_6.cif,0.2497131218518531,slab111,54,108,54.0,0.24941947273854612,0.00029364911330698185,0.00029364911330698185,0.24992393265961976,-0.00021081080776666483,0.00021081080776666483,fit
Slab_7,/home/jinsookim/HEA_MC/PtPdRhRuIr/cgcnn/root_dir/Slab_7.cif,0.2589610262962964,slab111,54,108,54.0,0.25937493123542205,-0.0004139049391256311,0.0004139049391256311,0.25938269034774225,-0.00042166405144583585,0.00042166405144583585,fit
Slab_8,/home/jinsookim/HEA_MC/PtPdRhRuIr/cgcnn/root_dir/Slab_8.cif,0.253541741296296,slab111,54,108,54.0,0.2528210164324254,0.0007207248638705921,0.0007207248638705921,0.2530384545906437,0.0005032867056522505,0.0005032867056522505,fit
Slab_9,/home/jinsookim/HEA_MC/PtPdRhRuIr/cgcnn/root_dir/Slab_9.cif,0.2695500985185198,slab111,54,108,54.0,0.267815537064189,0.0017345614543308185,0.0017345614543308185,0.2680348902735768,0.0015152082449430004,0.0015152082449430004,fit
Slab_10,/home/jinsookim/HEA_MC/PtPdRhRuIr/cgcnn/root_dir/Slab_10.cif,0.2416601399999997,slab111,54,108,54.0,0.23571056107139307,0.005949578928606619,0.005949578928606619,0.23580334155664898,0.005856798443350714,0.005856798443350714,fit
Slab_11,/home/jinsookim/HEA_MC/PtPdRhRuIr/cgcnn/root_dir/Slab_11.cif,0.2284518046296295,slab111,54,108,54.0,0.21987875478076457,0.008573049848864922,0.008573049848864922,0.22000787196187394,0.00844393266775556,0.00844393266775556,fit
Slab_12,/home/jinsookim/HEA_MC/PtPdRhRuIr/cgcnn/root_dir/Slab_12.cif,0.2431683142592594,slab111,54,108,54.0,0.2450020614607142,-0.0018337472014548217,0.0018337472014548217,0.24502489325095392,-0.0018565789916945297,0.0018565789916945297,fit
Slab_13,/home/jinsookim/HEA_MC/PtPdRhRuIr/cgcnn/root_dir/Slab_13.cif,0.2920751983333334,slab111,54,108,54.0,0.28732409565232675,0.004751102681006647,0.004751102681006647,0.2873548705928434,0.004720327740489971,0.004720327740489971,fit
Slab_14,/home/jinsookim/HEA_MC/PtPdRhRuIr/cgcnn/root_dir/Slab_14.cif,0.2664808848148149,slab111,54,108,54.0,0.2664610336556635,1.985115915142943e-05,1.985115915142943e-05,0.26641569919742514,6.518561738977358e-05,6.518561738977358e-05,holdout
Slab_15,/home/jinsookim/HEA_MC/PtPdRhRuIr/cgcnn/root_dir/Slab_15.cif,0.2575208920370379,slab111,54,108,54.0,0.2578876693594699,-0.00036677732243201033,0.00036677732243201033,0.25806873305654365,-0.0005478410195057792,0.0005478410195057792,fit
Slab_16,/home/jinsookim/HEA_MC/PtPdRhRuIr/cgcnn/root_dir/Slab_16.cif,0.2161916755555563,slab111,54,108,54.0,0.21578941479732316,0.00040226075823313057,0.00040226075823313057,0.2160458732370715,0.00014580231848479452,0.00014580231848479452,fit
Slab_17,/home/jinsookim/HEA_MC/PtPdRhRuIr/cgcnn/root_dir/Slab_17.cif,0.2751077194444433,slab111,54,108,54.0,0.27632358718739974,-0.0012158677429564557,0.0012158677429564557,0.27578525463240305,-0.0006775351879597658,0.0006775351879597658,fit
Slab_18,/home/jinsookim/HEA_MC/PtPdRhRuIr/cgcnn/root_dir/Slab_18.cif,0.2385700000000004,slab111,54,108,54.0,0.23896791578128856,-0.00039791578128817173,0.00039791578128817173,0.23901794775627072,-0.00044794775627032823,0.00044794775627032823,fit
Slab_20,/home/jinsookim/HEA_MC/PtPdRhRuIr/cgcnn/root_dir/Slab_20.cif,0.2680991709259259,slab111,54,108,54.0,0.2672732234554849,0.000825947470441013,0.000825947470441013,0.26703108528260855,0.0010680856433173402,0.0010680856433173402,fit
Slab_21,/home/jinsookim/HEA_MC/PtPdRhRuIr/cgcnn/root_dir/Slab_21.cif,0.206500779444444,slab111,54,108,54.0,0.20737650671462338,-0.0008757272701793717,0.0008757272701793717,0.2071648773783291,-0.0006640979338850828,0.0006640979338850828,fit
Slab_22,/home/jinsookim/HEA_MC/PtPdRhRuIr/cgcnn/root_dir/Slab_22.cif,0.2463387072222223,slab111,54,108,54.0,0.24997907345978707,-0.0036403662375647794,0.0036403662375647794,0.24998274635854847,-0.003644039136326188,0.003644039136326188,fit
Slab_23,/home/jinsookim/HEA_MC/PtPdRhRuIr/cgcnn/root_dir/Slab_23.cif,0.2732496148148153,slab111,54,108,54.0,0.27240489989354716,0.0008447149212681415,0.0008447149212681415,0.2725280581928874,0.0007215566219279101,0.0007215566219279101,fit
Slab_24,/home/jinsookim/HEA_MC/PtPdRhRuIr/cgcnn/root_dir/Slab_24.cif,0.2907150474074076,slab111,54,108,54.0,0.2868695585732646,0.003845488834142985,0.003845488834142985,0.28652433218477835,0.00419071522262926,0.00419071522262926,fit
Slab_25,/home/jinsookim/HEA_MC/PtPdRhRuIr/cgcnn/root_dir/Slab_25.cif,0.2464683012962967,slab111,54,108,54.0,0.24771188487409002,-0.0012435835777933057,0.0012435835777933057,0.24803951631487023,-0.0015712150185735185,0.0015712150185735185,fit
Slab_26,/home/jinsookim/HEA_MC/PtPdRhRuIr/cgcnn/root_dir/Slab_26.cif,0.2725270655555558,slab111,54,108,54.0,0.2688893522012872,0.0036377133542686013,0.0036377133542686013,0.2690239040707104,0.003503161484845363,0.003503161484845363,fit
Slab_27,/home/jinsookim/HEA_MC/PtPdRhRuIr/cgcnn/root_dir/Slab_27.cif,0.2567359081481489,slab111,54,108,54.0,0.25546121061289806,0.001274697535250835,0.001274697535250835,0.2555239491362591,0.0012119590118898071,0.0012119590118898071,holdout
Slab_28,/home/jinsookim/HEA_MC/PtPdRhRuIr/cgcnn/root_dir/Slab_28.cif,0.2417566146296308,slab111,54,108,54.0,0.2416269712613525,0.00012964336827830936,0.00012964336827830936,0.24155779231383176,0.00019882231579904097,0.00019882231579904097,fit
Slab_29,/home/jinsookim/HEA_MC/PtPdRhRuIr/cgcnn/root_dir/Slab_29.cif,0.2720511624074073,slab111,54,108,54.0,0.2730632788037102,-0.0010121163963028867,0.0010121163963028867,0.27291483388647403,-0.000863671479066741,0.000863671479066741,holdout
Slab_30,/home/jinsookim/HEA_MC/PtPdRhRuIr/cgcnn/root_dir/Slab_30.cif,0.2376798251851855,slab111,54,108,54.0,0.24270898758079182,-0.005029162395606329,0.005029162395606329,0.2427518863500933,-0.0050720611649077985,0.0050720611649077985,fit
Slab_31,/home/jinsookim/HEA_MC/PtPdRhRuIr/cgcnn/root_dir/Slab_31.cif,0.2391155629629635,slab111,54,108,54.0,0.24068274382192936,-0.001567180858965872,0.001567180858965872,0.240750839407405,-0.0016352764444415024,0.0016352764444415024,fit
Slab_32,/home/jinsookim/HEA_MC/PtPdRhRuIr/cgcnn/root_dir/Slab_32.cif,0.2400535709259257,slab111,54,108,54.0,0.2400828453198906,-2.927439396491205e-05,2.927439396491205e-05,0.24012307147164735,-6.950054572166242e-05,6.950054572166242e-05,fit
Slab_33,/home/jinsookim/HEA_MC/PtPdRhRuIr/cgcnn/root_dir/Slab_33.cif,0.2631186755555556,slab111,54,108,54.0,0.26224258272558276,0.0008760928299728632,0.0008760928299728632,0.26214444451500946,0.0009742310405461696,0.0009742310405461696,holdout
Slab_34,/home/jinsookim/HEA_MC/PtPdRhRuIr/cgcnn/root_dir/Slab_34.cif,0.2637704509259259,slab111,54,108,54.0,0.26802056044323797,-0.004250109517312084,0.004250109517312084,0.2681082427923686,-0.004337791866442731,0.004337791866442731,fit
Slab_35,/home/jinsookim/HEA_MC/PtPdRhRuIr/cgcnn/root_dir/Slab_35.cif,0.2568900040740747,slab111,54,108,54.0,0.25070567833151053,0.006184325742564167,0.006184325742564167,0.2507232224524004,0.006166781621674278,0.006166781621674278,fit
Slab_36,/home/jinsookim/HEA_MC/PtPdRhRuIr/cgcnn/root_dir/Slab_36.cif,0.2591304481481479,slab111,54,108,54.0,0.25869088378372557,0.00043956436442232905,0.00043956436442232905,0.25866000340183093,0.000470444746316967,0.000470444746316967,fit
Slab_37,/home/jinsookim/HEA_MC/PtPdRhRuIr/cgcnn/root_dir/Slab_37.cif,0.2474731275925926,slab111,54,108,54.0,0.2506898133807919,-0.0032166857881992805,0.0032166857881992805,0.25067420844812466,-0.003201080855532057,0.003201080855532057,fit
Slab_38,/home/jinsookim/HEA_MC/PtPdRhRuIr/cgcnn/root_dir/Slab_38.cif,0.2599759485185186,slab111,54,108,54.0,0.2572249159999882,0.002751032518530372,0.002751032518530372,0.2572076317480325,0.0027683167704860567,0.0027683167704860567,fit
Slab_40,/home/jinsookim/HEA_MC/PtPdRhRuIr/cgcnn/root_dir/Slab_40.cif,0.2793211009259266,slab111,54,108,54.0,0.28042438719529933,-0.0011032862693727274,0.0011032862693727274,0.280723457793419,-0.0014023568674924047,0.0014023568674924047,fit
Slab_41,/home/jinsookim/HEA_MC/PtPdRhRuIr/cgcnn/root_dir/Slab_41.cif,0.2304854646296298,slab111,54,108,54.0,0.22998854653889625,0.0004969180907335446,0.0004969180907335446,0.23010619758212397,0.0003792670475058213,0.0003792670475058213,fit
Slab_42,/home/jinsookim/HEA_MC/PtPdRhRuIr/cgcnn/root_dir/Slab_42.cif,0.2410478838888894,slab111,54,108,54.0,0.23696841361588736,0.004079470273002039,0.004079470273002039,0.23725523828303463,0.0037926456058547664,0.0037926456058547664,fit
Slab_43,/home/jinsookim/HEA_MC/PtPdRhRuIr/cgcnn/root_dir/Slab_43.cif,0.2643893168518511,slab111,54,108,54.0,0.2649736150315827,-0.0005842981797316016,0.0005842981797316016,0.26515954500562905,-0.0007702281537779743,0.0007702281537779743,fit
Slab_44,/home/jinsookim/HEA_MC/PtPdRhRuIr/cgcnn/root_dir/Slab_44.cif,0.2385288796296297,slab111,54,108,54.0,0.23582222596680188,0.0027066536628278237,0.0027066536628278237,0.23588767574228034,0.0026412038873493693,0.0026412038873493693,fit
Slab_45,/home/jinsookim/HEA_MC/PtPdRhRuIr/cgcnn/root_dir/Slab_45.cif,0.244653013333334,slab111,54,108,54.0,0.2410046340091808,0.0036483793241532114,0.0036483793241532114,0.24137029578365604,0.0032827175496779604,0.0032827175496779604,fit
Slab_46,/home/jinsookim/HEA_MC/PtPdRhRuIr/cgcnn/root_dir/Slab_46.cif,0.2994835624074081,slab111,54,108,54.0,0.2983074970303922,0.0011760653770158669,0.0011760653770158669,0.2977334033998277,0.0017501590075804097,0.0017501590075804097,fit
Slab_47,/home/jinsookim/HEA_MC/PtPdRhRuIr/cgcnn/root_dir/Slab_47.cif,0.2577144348148147,slab111,54,108,54.0,0.25736615443543726,0.0003482803793774525,0.0003482803793774525,0.25712859961925905,0.0005858351955556618,0.0005858351955556618,fit
Slab_48,/home/jinsookim/HEA_MC/PtPdRhRuIr/cgcnn/root_dir/Slab_48.cif,0.2365281133333349,slab111,54,108,54.0,0.23265044766145165,0.003877665671883246,0.003877665671883246,0.23259437804975552,0.003933735283579376,0.003933735283579376,fit
Slab_49,/home/jinsookim/HEA_MC/PtPdRhRuIr/cgcnn/root_dir/Slab_49.cif,0.2739247440740739,slab111,54,108,54.0,0.27381313506416216,0.0001116090099117506,0.0001116090099117506,0.27362146626786704,0.0003032778062068697,0.0003032778062068697,fit
Slab_50,/home/jinsookim/HEA_MC/PtPdRhRuIr/cgcnn/root_dir/Slab_50.cif,0.2314134194444437,slab111,54,108,54.0,0.233584780808125,-0.00217136136368129,0.00217136136368129,0.23342005603052407,-0.002006636586080357,0.002006636586080357,fit
Slab_51,/home/jinsookim/HEA_MC/PtPdRhRuIr/cgcnn/root_dir/Slab_51.cif,0.2480989875925937,slab111,54,108,54.0,0.24860744614845426,-0.0005084585558605692,0.0005084585558605692,0.24864172644309265,-0.0005427388504989639,0.0005427388504989639,fit
Slab_52,/home/jinsookim/HEA_MC/PtPdRhRuIr/cgcnn/root_dir/Slab_52.cif,0.2604106512962971,slab111,54,108,54.0,0.26183902092827493,-0.0014283696319778438,0.0014283696319778438,0.26164568104097685,-0.001235029744679761,0.001235029744679761,fit
Slab_53,/home/jinsookim/HEA_MC/PtPdRhRuIr/cgcnn/root_dir/Slab_53.cif,0.2431791144444456,slab111,54,108,54.0,0.2445360375824836,-0.0013569231380380076,0.0013569231380380076,0.24478567363869552,-0.001606559194249929,0.001606559194249929,fit
Slab_54,/home/jinsookim/HEA_MC/PtPdRhRuIr/cgcnn/root_dir/Slab_54.cif,0.2152920425925925,slab111,54,108,54.0,0.21660315707139224,-0.001311114478799752,0.001311114478799752,0.21686583095017,-0.0015737883575775158,0.0015737883575775158,fit
Slab_55,/home/jinsookim/HEA_MC/PtPdRhRuIr/cgcnn/root_dir/Slab_55.cif,0.2278734914814827,slab111,54,108,54.0,0.22788104482644833,-7.553344965632869e-06,7.553344965632869e-06,0.2275706277365221,0.00030286374496060753,0.00030286374496060753,fit
Slab_56,/home/jinsookim/HEA_MC/PtPdRhRuIr/cgcnn/root_dir/Slab_56.cif,0.2578072098148151,slab111,54,108,54.0,0.254077279134208,0.003729930680607063,0.003729930680607063,0.25402592478316793,0.0037812850316471525,0.0037812850316471525,holdout
Slab_57,/home/jinsookim/HEA_MC/PtPdRhRuIr/cgcnn/root_dir/Slab_57.cif,0.299452741851852,slab111,54,108,54.0,0.29924111507526796,0.0002116267765840396,0.0002116267765840396,0.2987994556268367,0.0006532862250153149,0.0006532862250153149,fit
Slab_58,/home/jinsookim/HEA_MC/PtPdRhRuIr/cgcnn/root_dir/Slab_58.cif,0.2358212051851856,slab111,54,108,54.0,0.2451230977980302,-0.009301892612844614,0.009301892612844614,0.24505033024555972,-0.009229125060374127,0.009229125060374127,fit
Slab_59,/home/jinsookim/HEA_MC/PtPdRhRuIr/cgcnn/root_dir/Slab_59.cif,0.2631875816666664,slab111,54,108,54.0,0.2621364668537557,0.0010511148129107029,0.0010511148129107029,0.2622540671580997,0.0009335145085667129,0.0009335145085667129,fit
Slab_60,/home/jinsookim/HEA_MC/PtPdRhRuIr/cgcnn/root_dir/Slab_60.cif,0.2709949979629626,slab111,54,108,54.0,0.2674537545806755,0.003541243382287118,0.003541243382287118,0.26750420463580676,0.00349079332715585,0.00349079332715585,fit
Slab_61,/home/jinsookim/HEA_MC/PtPdRhRuIr/cgcnn/root_dir/Slab_61.cif,0.2604141340740735,slab111,54,108,54.0,0.2676242129795078,-0.007210078905434292,0.007210078905434292,0.26715019547991714,-0.006736061405843652,0.006736061405843652,fit
Slab_62,/home/jinsookim/HEA_MC/PtPdRhRuIr/cgcnn/root_dir/Slab_62.cif,0.2408297461111117,slab111,54,108,54.0,0.24148659668190778,-0.0006568505707960914,0.0006568505707960914,0.24148564445466394,-0.0006558983435522581,0.0006558983435522581,fit
Slab_63,/home/jinsookim/HEA_MC/PtPdRhRuIr/cgcnn/root_dir/Slab_63.cif,0.2126337227777778,slab111,54,108,54.0,0.21449419664883776,-0.0018604738710599478,0.0018604738710599478,0.21467777511913919,-0.0020440523413613743,0.0020440523413613743,fit
Slab_64,/home/jinsookim/HEA_MC/PtPdRhRuIr/cgcnn/root_dir/Slab_64.cif,0.2416900148148142,slab111,54,108,54.0,0.2429444198859472,-0.0012544050711330024,0.0012544050711330024,0.24318741186517845,-0.001497397050364252,0.001497397050364252,fit
Slab_65,/home/jinsookim/HEA_MC/PtPdRhRuIr/cgcnn/root_dir/Slab_65.cif,0.2568908866666664,slab111,54,108,54.0,0.2557557954320349,0.0011350912346314579,0.0011350912346314579,0.2556621155261886,0.001228771140477758,0.001228771140477758,fit
Slab_66,/home/jinsookim/HEA_MC/PtPdRhRuIr/cgcnn/root_dir/Slab_66.cif,0.2392322153703693,slab111,54,108,54.0,0.24266294858462809,-0.0034307332142587965,0.0034307332142587965,0.2428312215351457,-0.0035990061647764027,0.0035990061647764027,fit
Slab_67,/home/jinsookim/HEA_MC/PtPdRhRuIr/cgcnn/root_dir/Slab_67.cif,0.2300789500000001,slab111,54,108,54.0,0.2335486822390534,-0.003469732239053308,0.003469732239053308,0.2336769389294029,-0.003597988929402801,0.003597988929402801,fit
Slab_68,/home/jinsookim/HEA_MC/PtPdRhRuIr/cgcnn/root_dir/Slab_68.cif,0.3198388359259249,slab111,54,108,54.0,0.31893841104486265,0.000900424881062234,0.000900424881062234,0.3188799007628043,0.0009589351631205667,0.0009589351631205667,holdout
Slab_69,/home/jinsookim/HEA_MC/PtPdRhRuIr/cgcnn/root_dir/Slab_69.cif,0.2375523305555557,slab111,54,108,54.0,0.23063983581449918,0.006912494741056513,0.006912494741056513,0.23060136250207444,0.006950968053481249,0.006950968053481249,fit
Slab_70,/home/jinsookim/HEA_MC/PtPdRhRuIr/cgcnn/root_dir/Slab_70.cif,0.2434117753703701,slab111,54,108,54.0,0.23877424886710413,0.00463752650326596,0.00463752650326596,0.23900447648757164,0.004407298882798449,0.004407298882798449,fit
Slab_71,/home/jinsookim/HEA_MC/PtPdRhRuIr/cgcnn/root_dir/Slab_71.cif,0.2143594531481483,slab111,54,108,54.0,0.21606975559051889,-0.0017103024423705815,0.0017103024423705815,0.2162350338968426,-0.0018755807486942888,0.0018755807486942888,fit
Slab_72,/home/jinsookim/HEA_MC/PtPdRhRuIr/cgcnn/root_dir/Slab_72.cif,0.2302585529629642,slab111,54,108,54.0,0.23483479247593167,-0.004576239512967456,0.004576239512967456,0.23498667404416942,-0.004728121081205211,0.004728121081205211,fit
Slab_73,/home/jinsookim/HEA_MC/PtPdRhRuIr/cgcnn/root_dir/Slab_73.cif,0.2652926318518527,slab111,54,108,54.0,0.26505861035477535,0.00023402149707735243,0.00023402149707735243,0.2648456079757233,0.0004470238761293821,0.0004470238761293821,fit
Slab_74,/home/jinsookim/HEA_MC/PtPdRhRuIr/cgcnn/root_dir/Slab_74.cif,0.2457555801851859,slab111,54,108,54.0,0.24753540317256387,-0.0017798229873779714,0.0017798229873779714,0.2473112738811047,-0.0015556936959187917,0.0015556936959187917,fit
Slab_75,/home/jinsookim/HEA_MC/PtPdRhRuIr/cgcnn/root_dir/Slab_75.cif,0.2665626698148142,slab111,54,108,54.0,0.26595991890754417,0.0006027509072700221,0.0006027509072700221,0.26551659754929996,0.0010460722655142307,0.0010460722655142307,fit
Slab_76,/home/jinsookim/HEA_MC/PtPdRhRuIr/cgcnn/root_dir/Slab_76.cif,0.2632149670370375,slab111,54,108,54.0,0.25921506235469277,0.003999904682344735,0.003999904682344735,0.2595634529247579,0.003651514112279597,0.003651514112279597,fit
Slab_77,/home/jinsookim/HEA_MC/PtPdRhRuIr/cgcnn/root_dir/Slab_77.cif,0.2463367468518516,slab111,54,108,54.0,0.2504010395025901,-0.00406429265073846,0.00406429265073846,0.2506682545806451,-0.00433150772879351,0.00433150772879351,fit
Slab_78,/home/jinsookim/HEA_MC/PtPdRhRuIr/cgcnn/root_dir/Slab_78.cif,0.262038264444445,slab111,54,108,54.0,0.2623473497392615,-0.0003090852948164913,0.0003090852948164913,0.262474092885651,-0.0004358284412059876,0.0004358284412059876,fit
Slab_79,/home/jinsookim/HEA_MC/PtPdRhRuIr/cgcnn/root_dir/Slab_79.cif,0.256286543333333,slab111,54,108,54.0,0.25484563844318564,0.0014409048901473653,0.0014409048901473653,0.25511637375200885,0.0011701695813241542,0.0011701695813241542,fit
Slab_80,/home/jinsookim/HEA_MC/PtPdRhRuIr/cgcnn/root_dir/Slab_80.cif,0.2493627101851845,slab111,54,108,54.0,0.24971677902687792,-0.00035406884169342234,0.00035406884169342234,0.2495266534570285,-0.00016394327184401924,0.00016394327184401924,holdout
Slab_81,/home/jinsookim/HEA_MC/PtPdRhRuIr/cgcnn/root_dir/Slab_81.cif,0.2232189911111106,slab111,54,108,54.0,0.2286773868567716,-0.00545839574566101,0.00545839574566101,0.22864116416982178,-0.005422173058711177,0.005422173058711177,fit
Slab_82,/home/jinsookim/HEA_MC/PtPdRhRuIr/cgcnn/root_dir/Slab_82.cif,0.2768048146296301,slab111,54,108,54.0,0.2747783136698906,0.0020265009597394967,0.0020265009597394967,0.274638860700833,0.002165953928797093,0.002165953928797093,fit
Slab_83,/home/jinsookim/HEA_MC/PtPdRhRuIr/cgcnn/root_dir/Slab_83.cif,0.2487761814814809,slab111,54,108,54.0,0.25129766999059755,-0.002521488509116654,0.002521488509116654,0.2514823196762468,-0.0027061381947658947,0.0027061381947658947,fit
Slab_84,/home/jinsookim/HEA_MC/PtPdRhRuIr/cgcnn/root_dir/Slab_84.cif,0.2574470733333343,slab111,54,108,54.0,0.2557786790095059,0.0016683943238283705,0.0016683943238283705,0.25622686894977026,0.0012202043835640164,0.0012202043835640164,fit
Slab_85,/home/jinsookim/HEA_MC/PtPdRhRuIr/cgcnn/root_dir/Slab_85.cif,0.2411655544444447,slab111,54,108,54.0,0.24074896369257834,0.0004165907518663692,0.0004165907518663692,0.24071710070298327,0.00044845374146143535,0.00044845374146143535,fit
Slab_86,/home/jinsookim/HEA_MC/PtPdRhRuIr/cgcnn/root_dir/Slab_86.cif,0.2256675694444454,slab111,54,108,54.0,0.2275711471503976,-0.001903577705952203,0.001903577705952203,0.22760915806963317,-0.0019415886251877568,0.0019415886251877568,fit
Slab_87,/home/jinsookim/HEA_MC/PtPdRhRuIr/cgcnn/root_dir/Slab_87.cif,0.2275490746296297,slab111,54,108,54.0,0.22809756386399088,-0.0005484892343611825,0.0005484892343611825,0.22760904314112215,-5.996851149245308e-05,5.996851149245308e-05,fit
Slab_88,/home/jinsookim/HEA_MC/PtPdRhRuIr/cgcnn/root_dir/Slab_88.cif,0.229911872037039,slab111,54,108,54.0,0.2329773330853176,-0.003065461048278595,0.003065461048278595,0.23293907638008413,-0.0030272043430451256,0.0030272043430451256,fit
Slab_89,/home/jinsookim/HEA_MC/PtPdRhRuIr/cgcnn/root_dir/Slab_89.cif,0.2436340309259258,slab111,54,108,54.0,0.2511497807825054,-0.007515749856579573,0.007515749856579573,0.2510517439681252,-0.007417713042199375,0.007417713042199375,fit
Slab_90,/home/jinsookim/HEA_MC/PtPdRhRuIr/cgcnn/root_dir/Slab_90.cif,0.2775215799999999,slab111,54,108,54.0,0.2787518554231653,-0.0012302754231653945,0.0012302754231653945,0.27856666985988937,-0.001045089859889492,0.001045089859889492,fit
Slab_91,/home/jinsookim/HEA_MC/PtPdRhRuIr/cgcnn/root_dir/Slab_91.cif,0.2438987603703708,slab111,54,108,54.0,0.2464516805127975,-0.0025529201424266956,0.0025529201424266956,0.24638412032422266,-0.002485359953851851,0.002485359953851851,fit
Slab_92,/home/jinsookim/HEA_MC/PtPdRhRuIr/cgcnn/root_dir/Slab_92.cif,0.2468704796296303,slab111,54,108,54.0,0.24483057836165822,0.002039901267972072,0.002039901267972072,0.2448574578395509,0.0020130217900793945,0.0020130217900793945,fit
Slab_93,/home/jinsookim/HEA_MC/PtPdRhRuIr/cgcnn/root_dir/Slab_93.cif,0.2202603709259257,slab111,54,108,54.0,0.22289574196543635,-0.0026353710395106422,0.0026353710395106422,0.22300483737993515,-0.002744466454009442,0.002744466454009442,fit
Slab_94,/home/jinsookim/HEA_MC/PtPdRhRuIr/cgcnn/root_dir/Slab_94.cif,0.2261553620370372,slab111,54,108,54.0,0.2287996556031108,-0.0026442935660735967,0.0026442935660735967,0.22889142025746081,-0.0027360582204236095,0.0027360582204236095,fit
Slab_95,/home/jinsookim/HEA_MC/PtPdRhRuIr/cgcnn/root_dir/Slab_95.cif,0.2707601155555565,slab111,54,108,54.0,0.2693096399293884,0.001450475626168124,0.001450475626168124,0.2691876288298353,0.0015724867257211894,0.0015724867257211894,fit
Slab_96,/home/jinsookim/HEA_MC/PtPdRhRuIr/cgcnn/root_dir/Slab_96.cif,0.2541107351851855,slab111,54,108,54.0,0.25360868656804386,0.0005020486171416483,0.0005020486171416483,0.2537776290388349,0.00033310614635062574,0.00033310614635062574,fit
Slab_97,/home/jinsookim/HEA_MC/PtPdRhRuIr/cgcnn/root_dir/Slab_97.cif,0.2550192355555562,slab111,54,108,54.0,0.2581023042516074,-0.0030830686960511833,0.0030830686960511833,0.2578424961365805,-0.0028232605810242783,0.0028232605810242783,fit
Slab_98,/home/jinsookim/HEA_MC/PtPdRhRuIr/cgcnn/root_dir/Slab_98.cif,0.2088279531481494,slab111,54,108,54.0,0.2085332205649215,0.0002947325832279024,0.0002947325832279024,0.20850055852688798,0.00032739462126141206,0.00032739462126141206,fit
Slab_99,/home/jinsookim/HEA_MC/PtPdRhRuIr/cgcnn/root_dir/Slab_99.cif,0.2558964337037042,slab111,54,108,54.0,0.2568157276998319,-0.0009192939961277236,0.0009192939961277236,0.2569705776738492,-0.0010741439701449917,0.0010741439701449917,fit
Bulk_0,/home/jinsookim/HEA_MC/PtPdRhRuIr/cgcnn/root_dir/Bulk_0.cif,0.0199450765625002,bulk,32,32,32.0,0.02068984657133477,-0.0007447700088345707,0.0007447700088345707,0.02046665478131393,-0.0005215782188137327,0.0005215782188137327,fit
Bulk_1,/home/jinsookim/HEA_MC/PtPdRhRuIr/cgcnn/root_dir/Bulk_1.cif,0.0264936224999994,bulk,32,32,32.0,0.027356021692415324,-0.0008623991924159233,0.0008623991924159233,0.027331144953462023,-0.0008375224534626219,0.0008375224534626219,fit
Bulk_2,/home/jinsookim/HEA_MC/PtPdRhRuIr/cgcnn/root_dir/Bulk_2.cif,0.0390742403124999,bulk,32,32,32.0,0.04005129204391239,-0.0009770517314124927,0.0009770517314124927,0.03979055888950927,-0.0007163185770093713,0.0007163185770093713,fit
Bulk_3,/home/jinsookim/HEA_MC/PtPdRhRuIr/cgcnn/root_dir/Bulk_3.cif,0.0639097003125002,bulk,32,32,32.0,0.06480089247098528,-0.0008911921584850713,0.0008911921584850713,0.06458355772451288,-0.0006738574120126739,0.0006738574120126739,fit
Bulk_4,/home/jinsookim/HEA_MC/PtPdRhRuIr/cgcnn/root_dir/Bulk_4.cif,0.0357935984375004,bulk,32,32,32.0,0.03298049581972541,0.0028131026177749888,0.0028131026177749888,0.032798344534043886,0.0029952539034565143,0.0029952539034565143,fit
Bulk_5,/home/jinsookim/HEA_MC/PtPdRhRuIr/cgcnn/root_dir/Bulk_5.cif,0.0205967253124992,bulk,32,32,32.0,0.024227041327228922,-0.0036303160147297224,0.0036303160147297224,0.024036009085826364,-0.003439283773327164,0.003439283773327164,fit
Bulk_6,/home/jinsookim/HEA_MC/PtPdRhRuIr/cgcnn/root_dir/Bulk_6.cif,0.0280584909374992,bulk,32,32,32.0,0.029265786799445033,-0.0012072958619458313,0.0012072958619458313,0.02937244069838133,-0.0013139497608821299,0.0013139497608821299,fit
Bulk_7,/home/jinsookim/HEA_MC/PtPdRhRuIr/cgcnn/root_dir/Bulk_7.cif,0.0281823015625004,bulk,32,32,32.0,0.02898199109678054,-0.0007996895342801402,0.0007996895342801402,0.028622829814452196,-0.0004405282519517953,0.0004405282519517953,fit
Bulk_8,/home/jinsookim/HEA_MC/PtPdRhRuIr/cgcnn/root_dir/Bulk_8.cif,0.0169160878125005,bulk,32,32,32.0,0.016993821151146046,-7.77333386455456e-05,7.77333386455456e-05,0.01664431421995359,0.0002717735925469103,0.0002717735925469103,fit
Bulk_9,/home/jinsookim/HEA_MC/PtPdRhRuIr/cgcnn/root_dir/Bulk_9.cif,0.0207498421875005,bulk,32,32,32.0,0.021681035822160594,-0.0009311936346600956,0.0009311936346600956,0.021701302647677737,-0.0009514604601772378,0.0009514604601772378,fit
Bulk_10,/home/jinsookim/HEA_MC/PtPdRhRuIr/cgcnn/root_dir/Bulk_10.cif,0.0305834390624983,bulk,32,32,32.0,0.030869153266704797,-0.00028571420420649835,0.00028571420420649835,0.03078826605960598,-0.00020482699710768285,0.00020482699710768285,fit
Bulk_11,/home/jinsookim/HEA_MC/PtPdRhRuIr/cgcnn/root_dir/Bulk_11.cif,0.0401680937500001,bulk,32,32,32.0,0.04279911297270329,-0.0026310192227031945,0.0026310192227031945,0.042339212014512,-0.002171118264511898,0.002171118264511898,fit
Bulk_12,/home/jinsookim/HEA_MC/PtPdRhRuIr/cgcnn/root_dir/Bulk_12.cif,0.0337562043749999,bulk,32,32,32.0,0.03277934389560581,0.00097686047939409,0.00097686047939409,0.03244982121775889,0.0013063831572410062,0.0013063831572410062,fit
Bulk_13,/home/jinsookim/HEA_MC/PtPdRhRuIr/cgcnn/root_dir/Bulk_13.cif,0.0222665893749995,bulk,32,32,32.0,0.021568420152157812,0.000698169222841688,0.000698169222841688,0.02184028501701231,0.00042630435798719085,0.00042630435798719085,holdout
Bulk_14,/home/jinsookim/HEA_MC/PtPdRhRuIr/cgcnn/root_dir/Bulk_14.cif,0.0241026150000003,bulk,32,32,32.0,0.024154134162219565,-5.151916221926567e-05,5.151916221926567e-05,0.023794554536613097,0.0003080604633872025,0.0003080604633872025,holdout
Bulk_15,/home/jinsookim/HEA_MC/PtPdRhRuIr/cgcnn/root_dir/Bulk_15.cif,0.0079416959375002,bulk,32,32,32.0,0.00754979731647782,0.00039189862102237925,0.00039189862102237925,0.007398775569225833,0.0005429203682743664,0.0005429203682743664,fit
Bulk_16,/home/jinsookim/HEA_MC/PtPdRhRuIr/cgcnn/root_dir/Bulk_16.cif,0.0233600118749999,bulk,32,32,32.0,0.02246860941664406,0.0008914024583558389,0.0008914024583558389,0.02261190158845568,0.0007481102865442187,0.0007481102865442187,fit
Bulk_17,/home/jinsookim/HEA_MC/PtPdRhRuIr/cgcnn/root_dir/Bulk_17.cif,0.0032419828124998,bulk,32,32,32.0,0.0016636242137842948,0.0015783585987155053,0.0015783585987155053,0.0010803251213453331,0.002161657691154467,0.002161657691154467,fit
Bulk_18,/home/jinsookim/HEA_MC/PtPdRhRuIr/cgcnn/root_dir/Bulk_18.cif,-0.0188790434374999,bulk,32,32,32.0,-0.013799622491696301,-0.005079420945803598,0.005079420945803598,-0.013953106952061112,-0.004925936485438787,0.004925936485438787,fit
Bulk_19,/home/jinsookim/HEA_MC/PtPdRhRuIr/cgcnn/root_dir/Bulk_19.cif,0.0187169750000002,bulk,32,32,32.0,0.018904962384863926,-0.0001879873848637248,0.0001879873848637248,0.01883589620313753,-0.0001189212031373274,0.0001189212031373274,fit
Bulk_20,/home/jinsookim/HEA_MC/PtPdRhRuIr/cgcnn/root_dir/Bulk_20.cif,0.0310047487500009,bulk,32,32,32.0,0.03240418155208552,-0.00139943280208462,0.00139943280208462,0.03237074149570339,-0.0013659927457024892,0.0013659927457024892,holdout
Bulk_21,/home/jinsookim/HEA_MC/PtPdRhRuIr/cgcnn/root_dir/Bulk_21.cif,0.0435884746874997,bulk,32,32,32.0,0.04391463615293055,-0.000326161465430852,0.000326161465430852,0.043943648328960194,-0.0003551736414604961,0.0003551736414604961,holdout
Bulk_22,/home/jinsookim/HEA_MC/PtPdRhRuIr/cgcnn/root_dir/Bulk_22.cif,0.0216886399999998,bulk,32,32,32.0,0.024191782631355838,-0.0025031426313560368,0.0025031426313560368,0.02425543858876858,-0.002566798588768779,0.002566798588768779,fit
Bulk_23,/home/jinsookim/HEA_MC/PtPdRhRuIr/cgcnn/root_dir/Bulk_23.cif,0.0428495006250004,bulk,32,32,32.0,0.04282662327182884,2.287735317155898e-05,2.287735317155898e-05,0.04305336072890797,-0.0002038601039075702,0.0002038601039075702,fit
Bulk_24,/home/jinsookim/HEA_MC/PtPdRhRuIr/cgcnn/root_dir/Bulk_24.cif,0.0119071459375001,bulk,32,32,32.0,0.012322375531740301,-0.0004152295942402018,0.0004152295942402018,0.012333372370015708,-0.00042622643251560843,0.00042622643251560843,fit
Bulk_25,/home/jinsookim/HEA_MC/PtPdRhRuIr/cgcnn/root_dir/Bulk_25.cif,0.0358844509374991,bulk,32,32,32.0,0.038076860376547034,-0.0021924094390479362,0.0021924094390479362,0.03780734233873117,-0.0019228914012320714,0.0019228914012320714,fit
Bulk_26,/home/jinsookim/HEA_MC/PtPdRhRuIr/cgcnn/root_dir/Bulk_26.cif,0.0061547159374999,bulk,32,32,32.0,0.004905557763731378,0.0012491581737685215,0.0012491581737685215,0.005054905822887638,0.0010998101146122612,0.0010998101146122612,fit
Bulk_27,/home/jinsookim/HEA_MC/PtPdRhRuIr/cgcnn/root_dir/Bulk_27.cif,0.0237587387499997,bulk,32,32,32.0,0.024401672739854083,-0.0006429339898543843,0.0006429339898543843,0.024220084230347855,-0.0004613454803481555,0.0004613454803481555,holdout
Bulk_28,/home/jinsookim/HEA_MC/PtPdRhRuIr/cgcnn/root_dir/Bulk_28.cif,0.0250492781249995,bulk,32,32,32.0,0.024343284633960037,0.0007059934910394645,0.0007059934910394645,0.02437156402115866,0.0006777141038408416,0.0006777141038408416,fit
Bulk_29,/home/jinsookim/HEA_MC/PtPdRhRuIr/cgcnn/root_dir/Bulk_29.cif,0.0148908371875,bulk,32,32,32.0,0.014587551959737688,0.00030328522776231284,0.00030328522776231284,0.014521495720464505,0.0003693414670354958,0.0003693414670354958,fit
Bulk_30,/home/jinsookim/HEA_MC/PtPdRhRuIr/cgcnn/root_dir/Bulk_30.cif,0.0112645659374992,bulk,32,32,32.0,0.009757281958266258,0.0015072839792329429,0.0015072839792329429,0.009894301305277912,0.0013702646322212887,0.0013702646322212887,fit
Bulk_31,/home/jinsookim/HEA_MC/PtPdRhRuIr/cgcnn/root_dir/Bulk_31.cif,0.0050862790625005,bulk,32,32,32.0,0.008088423746727398,-0.0030021446842268974,0.0030021446842268974,0.008111831026382802,-0.0030255519638823017,0.0030255519638823017,fit
Bulk_32,/home/jinsookim/HEA_MC/PtPdRhRuIr/cgcnn/root_dir/Bulk_32.cif,0.0232931425,bulk,32,32,32.0,0.021555278221674634,0.001737864278325365,0.001737864278325365,0.021736848817358878,0.001556293682641121,0.001556293682641121,holdout
Bulk_33,/home/jinsookim/HEA_MC/PtPdRhRuIr/cgcnn/root_dir/Bulk_33.cif,0.0397644868750006,bulk,32,32,32.0,0.040077409393070126,-0.000312922518069525,0.000312922518069525,0.04002506238839856,-0.00026057551339796203,0.00026057551339796203,fit
Bulk_34,/home/jinsookim/HEA_MC/PtPdRhRuIr/cgcnn/root_dir/Bulk_34.cif,0.0277067668750001,bulk,32,32,32.0,0.024417094295528994,0.003289672579471107,0.003289672579471107,0.023981079437423985,0.003725687437576116,0.003725687437576116,holdout
Bulk_35,/home/jinsookim/HEA_MC/PtPdRhRuIr/cgcnn/root_dir/Bulk_35.cif,0.0174910237500007,bulk,32,32,32.0,0.018297888197923363,-0.0008068644479226651,0.0008068644479226651,0.01793076509651445,-0.00043974134651375216,0.00043974134651375216,fit
Bulk_36,/home/jinsookim/HEA_MC/PtPdRhRuIr/cgcnn/root_dir/Bulk_36.cif,0.0304273296874999,bulk,32,32,32.0,0.032633989565864455,-0.0022066598783645544,0.0022066598783645544,0.03245996214831596,-0.0020326324608160584,0.0020326324608160584,fit
Bulk_37,/home/jinsookim/HEA_MC/PtPdRhRuIr/cgcnn/root_dir/Bulk_37.cif,0.0204037109375008,bulk,32,32,32.0,0.022759396324856615,-0.002355685387355814,0.002355685387355814,0.022509170426048865,-0.0021054594885480636,0.0021054594885480636,fit
Bulk_38,/home/jinsookim/HEA_MC/PtPdRhRuIr/cgcnn/root_dir/Bulk_38.cif,0.0413626496875005,bulk,32,32,32.0,0.04246471964536804,-0.0011020699578675394,0.0011020699578675394,0.04262399543962701,-0.001261345752126511,0.001261345752126511,fit
Bulk_39,/home/jinsookim/HEA_MC/PtPdRhRuIr/cgcnn/root_dir/Bulk_39.cif,0.0131695406249994,bulk,32,32,32.0,0.014118790590600219,-0.000949249965600819,0.000949249965600819,0.014187235200502048,-0.0010176945755026486,0.0010176945755026486,fit
Bulk_40,/home/jinsookim/HEA_MC/PtPdRhRuIr/cgcnn/root_dir/Bulk_40.cif,0.0158322862500002,bulk,32,32,32.0,0.017783163953775112,-0.0019508777037749135,0.0019508777037749135,0.017799213772807732,-0.0019669275228075336,0.0019669275228075336,holdout
Bulk_41,/home/jinsookim/HEA_MC/PtPdRhRuIr/cgcnn/root_dir/Bulk_41.cif,0.0188271178125001,bulk,32,32,32.0,0.01891546791615317,-8.83501036530697e-05,8.83501036530697e-05,0.018916446648734295,-8.93288362341961e-05,8.93288362341961e-05,fit
Bulk_42,/home/jinsookim/HEA_MC/PtPdRhRuIr/cgcnn/root_dir/Bulk_42.cif,0.0275767712499996,bulk,32,32,32.0,0.029438830430802976,-0.001862059180803375,0.001862059180803375,0.029596073762209137,-0.002019302512209536,0.002019302512209536,fit
Bulk_43,/home/jinsookim/HEA_MC/PtPdRhRuIr/cgcnn/root_dir/Bulk_43.cif,0.0093757637499996,bulk,32,32,32.0,0.0065082974708159415,0.002867466279183658,0.002867466279183658,0.0065158138544876044,0.002859949895511995,0.002859949895511995,fit
Bulk_44,/home/jinsookim/HEA_MC/PtPdRhRuIr/cgcnn/root_dir/Bulk_44.cif,0.0022419918750005,bulk,32,32,32.0,0.0002921812287079856,0.0019498106462925145,0.0019498106462925145,0.0004544312443646517,0.0017875606306358483,0.0017875606306358483,fit
Bulk_45,/home/jinsookim/HEA_MC/PtPdRhRuIr/cgcnn/root_dir/Bulk_45.cif,0.0253498034375008,bulk,32,32,32.0,0.025567519273827534,-0.00021771583632673383,0.00021771583632673383,0.025302121599290482,4.7681838210317934e-05,4.7681838210317934e-05,fit
Bulk_46,/home/jinsookim/HEA_MC/PtPdRhRuIr/cgcnn/root_dir/Bulk_46.cif,0.036300770625,bulk,32,32,32.0,0.034618827571955085,0.001681943053044914,0.001681943053044914,0.03456916273729043,0.0017316078877095686,0.0017316078877095686,fit
Bulk_47,/home/jinsookim/HEA_MC/PtPdRhRuIr/cgcnn/root_dir/Bulk_47.cif,0.0474208028124998,bulk,32,32,32.0,0.04725984768170814,0.00016095513079165957,0.00016095513079165957,0.047087420478461664,0.00033338233403813755,0.00033338233403813755,holdout
Bulk_48,/home/jinsookim/HEA_MC/PtPdRhRuIr/cgcnn/root_dir/Bulk_48.cif,0.0232016275000006,bulk,32,32,32.0,0.026375466314877836,-0.003173838814877237,0.003173838814877237,0.025721794945326573,-0.0025201674453259743,0.0025201674453259743,fit
Bulk_49,/home/jinsookim/HEA_MC/PtPdRhRuIr/cgcnn/root_dir/Bulk_49.cif,0.0019289715625001,bulk,32,32,32.0,0.002028746228886158,-9.977466638605805e-05,9.977466638605805e-05,0.0019548002792595283,-2.5828716759428378e-05,2.5828716759428378e-05,fit
Bulk_50,/home/jinsookim/HEA_MC/PtPdRhRuIr/cgcnn/root_dir/Bulk_50.cif,0.0383381534374995,bulk,32,32,32.0,0.038140667155753094,0.00019748628174640764,0.00019748628174640764,0.038187240863251204,0.0001509125742482978,0.0001509125742482978,fit
Bulk_51,/home/jinsookim/HEA_MC/PtPdRhRuIr/cgcnn/root_dir/Bulk_51.cif,0.0086978871875,bulk,32,32,32.0,0.008788332776994557,-9.04455894945571e-05,9.04455894945571e-05,0.008603328267469805,9.455892003019419e-05,9.455892003019419e-05,fit
Bulk_52,/home/jinsookim/HEA_MC/PtPdRhRuIr/cgcnn/root_dir/Bulk_52.cif,0.0152275553124994,bulk,32,32,32.0,0.014572504948654447,0.0006550503638449532,0.0006550503638449532,0.014533629269510748,0.0006939260429886518,0.0006939260429886518,fit
Bulk_53,/home/jinsookim/HEA_MC/PtPdRhRuIr/cgcnn/root_dir/Bulk_53.cif,0.0456547446875008,bulk,32,32,32.0,0.045796290957320636,-0.00014154626981983248,0.00014154626981983248,0.04565952070287763,-4.776015376829756e-06,4.776015376829756e-06,fit
Bulk_54,/home/jinsookim/HEA_MC/PtPdRhRuIr/cgcnn/root_dir/Bulk_54.cif,0.0352123096874992,bulk,32,32,32.0,0.03533562410804924,-0.0001233144205500386,0.0001233144205500386,0.03535849277476946,-0.00014618308727026158,0.00014618308727026158,fit
Bulk_55,/home/jinsookim/HEA_MC/PtPdRhRuIr/cgcnn/root_dir/Bulk_55.cif,0.0182754324999994,bulk,32,32,32.0,0.02071221591471352,-0.0024367834147141186,0.0024367834147141186,0.0204212496898448,-0.0021458171898453976,0.0021458171898453976,fit
Bulk_56,/home/jinsookim/HEA_MC/PtPdRhRuIr/cgcnn/root_dir/Bulk_56.cif,0.040462985625,bulk,32,32,32.0,0.04139119358921891,-0.0009282079642189064,0.0009282079642189064,0.041128386309231144,-0.0006654006842311405,0.0006654006842311405,fit
Bulk_57,/home/jinsookim/HEA_MC/PtPdRhRuIr/cgcnn/root_dir/Bulk_57.cif,0.0337680950000001,bulk,32,32,32.0,0.033668227668282966,9.986733171713641e-05,9.986733171713641e-05,0.03398490563475326,-0.0002168106347531576,0.0002168106347531576,fit
Bulk_58,/home/jinsookim/HEA_MC/PtPdRhRuIr/cgcnn/root_dir/Bulk_58.cif,0.0279455896875004,bulk,32,32,32.0,0.026190798076626644,0.0017547916108737564,0.0017547916108737564,0.02648291369519748,0.0014626759923029205,0.0014626759923029205,fit
Bulk_59,/home/jinsookim/HEA_MC/PtPdRhRuIr/cgcnn/root_dir/Bulk_59.cif,0.0312163728125005,bulk,32,32,32.0,0.030405834422192638,0.000810538390307862,0.000810538390307862,0.03054812832348954,0.0006682444890109586,0.0006682444890109586,fit
Bulk_60,/home/jinsookim/HEA_MC/PtPdRhRuIr/cgcnn/root_dir/Bulk_60.cif,0.0330670693749999,bulk,32,32,32.0,0.03136711707593268,0.00169995229906722,0.00169995229906722,0.031238853667056855,0.001828215707943042,0.001828215707943042,fit
Bulk_61,/home/jinsookim/HEA_MC/PtPdRhRuIr/cgcnn/root_dir/Bulk_61.cif,-0.0020666540625002,bulk,32,32,32.0,-0.002227611894419639,0.00016095783191943892,0.00016095783191943892,-0.0022970799702006946,0.00023042590770049444,0.00023042590770049444,fit
Bulk_62,/home/jinsookim/HEA_MC/PtPdRhRuIr/cgcnn/root_dir/Bulk_62.cif,0.0198333253124998,bulk,32,32,32.0,0.02044679522091565,-0.0006134699084158514,0.0006134699084158514,0.020402470137262964,-0.0005691448247631646,0.0005691448247631646,fit
Bulk_63,/home/jinsookim/HEA_MC/PtPdRhRuIr/cgcnn/root_dir/Bulk_63.cif,0.020546270312499,bulk,32,32,32.0,0.02090340167607233,-0.0003571313635733278,0.0003571313635733278,0.020840968457576072,-0.00029469814507707137,0.00029469814507707137,fit
Bulk_64,/home/jinsookim/HEA_MC/PtPdRhRuIr/cgcnn/root_dir/Bulk_64.cif,0.0174797415625009,bulk,32,32,32.0,0.015628414448270678,0.0018513271142302223,0.0018513271142302223,0.015817746416182974,0.001661995146317926,0.001661995146317926,holdout
Bulk_65,/home/jinsookim/HEA_MC/PtPdRhRuIr/cgcnn/root_dir/Bulk_65.cif,0.0019800246874996,bulk,32,32,32.0,0.001290042451719917,0.0006899822357796831,0.0006899822357796831,0.0013132698518338855,0.0006667548356657147,0.0006667548356657147,fit
Bulk_66,/home/jinsookim/HEA_MC/PtPdRhRuIr/cgcnn/root_dir/Bulk_66.cif,0.0402610868749997,bulk,32,32,32.0,0.042105733679148334,-0.001844646804148635,0.001844646804148635,0.04201053550033927,-0.0017494486253395725,0.0017494486253395725,fit
Bulk_67,/home/jinsookim/HEA_MC/PtPdRhRuIr/cgcnn/root_dir/Bulk_67.cif,0.0290198093749998,bulk,32,32,32.0,0.03141850555611651,-0.002398696181116714,0.002398696181116714,0.031684212366413694,-0.002664402991413895,0.002664402991413895,fit
Bulk_68,/home/jinsookim/HEA_MC/PtPdRhRuIr/cgcnn/root_dir/Bulk_68.cif,0.0144359306249999,bulk,32,32,32.0,0.015152606979695254,-0.0007166763546953541,0.0007166763546953541,0.015046459807501139,-0.0006105291825012384,0.0006105291825012384,fit
Bulk_69,/home/jinsookim/HEA_MC/PtPdRhRuIr/cgcnn/root_dir/Bulk_69.cif,0.0543102840624998,bulk,32,32,32.0,0.05387144842674474,0.00043883563575505824,0.00043883563575505824,0.054000173245955706,0.0003101108165440916,0.0003101108165440916,fit
Bulk_70,/home/jinsookim/HEA_MC/PtPdRhRuIr/cgcnn/root_dir/Bulk_70.cif,0.0492749696874996,bulk,32,32,32.0,0.049361749645554266,-8.677995805466548e-05,8.677995805466548e-05,0.049124780458681995,0.0001501892288176057,0.0001501892288176057,fit
Bulk_71,/home/jinsookim/HEA_MC/PtPdRhRuIr/cgcnn/root_dir/Bulk_71.cif,-0.0055166153124996,bulk,32,32,32.0,-0.0063282581459658364,0.0008116428334662366,0.0008116428334662366,-0.006726967000874436,0.0012103516883748364,0.0012103516883748364,fit
Bulk_72,/home/jinsookim/HEA_MC/PtPdRhRuIr/cgcnn/root_dir/Bulk_72.cif,0.0083451181249998,bulk,32,32,32.0,0.010634362533871379,-0.0022892444088715783,0.0022892444088715783,0.01046212993459172,-0.00211701180959192,0.00211701180959192,fit
Bulk_73,/home/jinsookim/HEA_MC/PtPdRhRuIr/cgcnn/root_dir/Bulk_73.cif,0.0171097309374994,bulk,32,32,32.0,0.016706133799654767,0.0004035971378446336,0.0004035971378446336,0.01685232369670437,0.0002574072407950309,0.0002574072407950309,fit
Bulk_74,/home/jinsookim/HEA_MC/PtPdRhRuIr/cgcnn/root_dir/Bulk_74.cif,0.0198036409375008,bulk,32,32,32.0,0.02164222320262453,-0.0018385822651237303,0.0018385822651237303,0.021570073694981345,-0.0017664327574805454,0.0017664327574805454,fit
Bulk_75,/home/jinsookim/HEA_MC/PtPdRhRuIr/cgcnn/root_dir/Bulk_75.cif,0.0398413537499999,bulk,32,32,32.0,0.0410241042096403,-0.0011827504596403984,0.0011827504596403984,0.04060132346298905,-0.0007599697129891531,0.0007599697129891531,fit
Bulk_76,/home/jinsookim/HEA_MC/PtPdRhRuIr/cgcnn/root_dir/Bulk_76.cif,0.0403721396875011,bulk,32,32,32.0,0.042318438868618476,-0.0019462991811173766,0.0019462991811173766,0.04244149889944647,-0.0020693592119453708,0.0020693592119453708,fit
Bulk_77,/home/jinsookim/HEA_MC/PtPdRhRuIr/cgcnn/root_dir/Bulk_77.cif,-0.0077414165625002,bulk,32,32,32.0,-0.009846473819135382,0.0021050572566351823,0.0021050572566351823,-0.009636244939882417,0.001894828377382217,0.001894828377382217,fit
Bulk_78,/home/jinsookim/HEA_MC/PtPdRhRuIr/cgcnn/root_dir/Bulk_78.cif,0.0204998493749997,bulk,32,32,32.0,0.02239841057486954,-0.001898561199869843,0.001898561199869843,0.02238002045971752,-0.001880171084717823,0.001880171084717823,fit
Bulk_79,/home/jinsookim/HEA_MC/PtPdRhRuIr/cgcnn/root_dir/Bulk_79.cif,0.0209297809375001,bulk,32,32,32.0,0.02095841386385259,-2.863292635248843e-05,2.863292635248843e-05,0.02091686573606081,1.291520143929109e-05,1.291520143929109e-05,fit
Bulk_80,/home/jinsookim/HEA_MC/PtPdRhRuIr/cgcnn/root_dir/Bulk_80.cif,0.0039096909375002,bulk,32,32,32.0,0.0024843325786533636,0.0014253583588468366,0.0014253583588468366,0.002521893084658878,0.0013877978528413224,0.0013877978528413224,fit
Bulk_81,/home/jinsookim/HEA_MC/PtPdRhRuIr/cgcnn/root_dir/Bulk_81.cif,0.0139161796875004,bulk,32,32,32.0,0.012918293531405403,0.0009978861560949962,0.0009978861560949962,0.012780361480685041,0.0011358182068153585,0.0011358182068153585,fit
Bulk_82,/home/jinsookim/HEA_MC/PtPdRhRuIr/cgcnn/root_dir/Bulk_82.cif,0.0349525562499994,bulk,32,32,32.0,0.0349124375221664,4.011872783300091e-05,4.011872783300091e-05,0.03496365794541311,-1.1101695413712198e-05,1.1101695413712198e-05,fit
Bulk_83,/home/jinsookim/HEA_MC/PtPdRhRuIr/cgcnn/root_dir/Bulk_83.cif,0.0395204321874995,bulk,32,32,32.0,0.039362609329135254,0.00015782285836424964,0.00015782285836424964,0.03933876383784185,0.00018166834965765294,0.00018166834965765294,fit
Bulk_84,/home/jinsookim/HEA_MC/PtPdRhRuIr/cgcnn/root_dir/Bulk_84.cif,0.0531991237500006,bulk,32,32,32.0,0.05397734993884529,-0.0007782261888446898,0.0007782261888446898,0.05403266434038023,-0.0008335405903796347,0.0008335405903796347,fit
Bulk_85,/home/jinsookim/HEA_MC/PtPdRhRuIr/cgcnn/root_dir/Bulk_85.cif,0.0458416490625008,bulk,32,32,32.0,0.047110089595849364,-0.0012684405333485624,0.0012684405333485624,0.0471314081044473,-0.0012897590419464963,0.0012897590419464963,fit
Bulk_86,/home/jinsookim/HEA_MC/PtPdRhRuIr/cgcnn/root_dir/Bulk_86.cif,0.0251060278125008,bulk,32,32,32.0,0.024987506790392088,0.0001185210221087106,0.0001185210221087106,0.02485565632419777,0.0002503714883030292,0.0002503714883030292,fit
Bulk_87,/home/jinsookim/HEA_MC/PtPdRhRuIr/cgcnn/root_dir/Bulk_87.cif,0.0519729356249998,bulk,32,32,32.0,0.05121902657359776,0.0007539090514020394,0.0007539090514020394,0.05157671019510986,0.00039622542988994314,0.00039622542988994314,holdout
Bulk_88,/home/jinsookim/HEA_MC/PtPdRhRuIr/cgcnn/root_dir/Bulk_88.cif,0.0220552568749994,bulk,32,32,32.0,0.02222795965169138,-0.00017270277669197837,0.00017270277669197837,0.022169194334506502,-0.00011393745950710049,0.00011393745950710049,fit
Bulk_89,/home/jinsookim/HEA_MC/PtPdRhRuIr/cgcnn/root_dir/Bulk_89.cif,0.0414461034374999,bulk,32,32,32.0,0.04232443104339435,-0.0008783276058944509,0.0008783276058944509,0.0421786521164172,-0.0007325486789172969,0.0007325486789172969,fit
Bulk_90,/home/jinsookim/HEA_MC/PtPdRhRuIr/cgcnn/root_dir/Bulk_90.cif,0.0596538256249994,bulk,32,32,32.0,0.060653943689628224,-0.0010001180646288244,0.0010001180646288244,0.06072547594634056,-0.0010716503213411624,0.0010716503213411624,fit
Bulk_91,/home/jinsookim/HEA_MC/PtPdRhRuIr/cgcnn/root_dir/Bulk_91.cif,0.0647820762500002,bulk,32,32,32.0,0.06426947357187512,0.0005126026781250709,0.0005126026781250709,0.06398132514421324,0.000800751105786951,0.000800751105786951,holdout
Bulk_92,/home/jinsookim/HEA_MC/PtPdRhRuIr/cgcnn/root_dir/Bulk_92.cif,0.0069918803125004,bulk,32,32,32.0,0.005678210360864011,0.0013136699516363894,0.0013136699516363894,0.005841451500962067,0.0011504288115383333,0.0011504288115383333,fit
Bulk_93,/home/jinsookim/HEA_MC/PtPdRhRuIr/cgcnn/root_dir/Bulk_93.cif,0.0375344000000001,bulk,32,32,32.0,0.038260729692277465,-0.0007263296922773652,0.0007263296922773652,0.038074462571906914,-0.0005400625719068144,0.0005400625719068144,fit
Bulk_94,/home/jinsookim/HEA_MC/PtPdRhRuIr/cgcnn/root_dir/Bulk_94.cif,0.0417664496874996,bulk,32,32,32.0,0.044010903559897646,-0.002244453872398043,0.002244453872398043,0.04373492381202457,-0.0019684741245249646,0.0019684741245249646,fit
Bulk_95,/home/jinsookim/HEA_MC/PtPdRhRuIr/cgcnn/root_dir/Bulk_95.cif,0.0180593165624998,bulk,32,32,32.0,0.018809463763529308,-0.0007501472010295086,0.0007501472010295086,0.018672631139847483,-0.0006133145773476838,0.0006133145773476838,fit
Bulk_96,/home/jinsookim/HEA_MC/PtPdRhRuIr/cgcnn/root_dir/Bulk_96.cif,0.0123784693750002,bulk,32,32,32.0,0.01191368208303396,0.0004647872919662406,0.0004647872919662406,0.011730706713790064,0.0006477626612101366,0.0006477626612101366,fit
Bulk_97,/home/jinsookim/HEA_MC/PtPdRhRuIr/cgcnn/root_dir/Bulk_97.cif,0.0637811659375007,bulk,32,32,32.0,0.063875018897974,-9.385296047330349e-05,9.385296047330349e-05,0.06396273701219943,-0.0001815710746987248,0.0001815710746987248,fit
Bulk_98,/home/jinsookim/HEA_MC/PtPdRhRuIr/cgcnn/root_dir/Bulk_98.cif,0.0099642284375001,bulk,32,32,32.0,0.01097015610722724,-0.0010059276697271385,0.0010059276697271385,0.011011145200752137,-0.0010469167632520364,0.0010469167632520364,holdout
Bulk_99,/home/jinsookim/HEA_MC/PtPdRhRuIr/cgcnn/root_dir/Bulk_99.cif,0.0131451315625001,bulk,32,32,32.0,0.01268998003117259,0.0004551515313275089,0.0004551515313275089,0.01243603724258503,0.0007090943199150688,0.0007090943199150688,fit
Bulk_100,/home/jinsookim/HEA_MC/PtPdRhRuIr/cgcnn/root_dir/Bulk_100.cif,0.0394553340624996,bulk,32,32,32.0,0.039802195647144135,-0.00034686158464453803,0.00034686158464453803,0.03959350723341506,-0.00013817317091546072,0.00013817317091546072,fit
Bulk_101,/home/jinsookim/HEA_MC/PtPdRhRuIr/cgcnn/root_dir/Bulk_101.cif,0.0079907346874996,bulk,32,32,32.0,0.008193982788585411,-0.00020324810108581122,0.00020324810108581122,0.00849108623649824,-0.0005003515489986395,0.0005003515489986395,fit
Bulk_102,/home/jinsookim/HEA_MC/PtPdRhRuIr/cgcnn/root_dir/Bulk_102.cif,0.0181354890625007,bulk,32,32,32.0,0.018133408388572712,2.0806739279878583e-06,2.0806739279878583e-06,0.01813009009407656,5.3989684241396996e-06,5.3989684241396996e-06,fit
Bulk_103,/home/jinsookim/HEA_MC/PtPdRhRuIr/cgcnn/root_dir/Bulk_103.cif,0.0460521556250004,bulk,32,32,32.0,0.04451230389189716,0.0015398517331032396,0.0015398517331032396,0.04437485155401613,0.0016773040709842715,0.0016773040709842715,fit
Bulk_104,/home/jinsookim/HEA_MC/PtPdRhRuIr/cgcnn/root_dir/Bulk_104.cif,0.0200464559375008,bulk,32,32,32.0,0.01995476483095065,9.169110655015203e-05,9.169110655015203e-05,0.019875622741292877,0.00017083319620792362,0.00017083319620792362,fit
Bulk_105,/home/jinsookim/HEA_MC/PtPdRhRuIr/cgcnn/root_dir/Bulk_105.cif,0.0172063084374993,bulk,32,32,32.0,0.012789271138859686,0.004417037298639615,0.004417037298639615,0.01305879986455493,0.00414750857294437,0.00414750857294437,fit
Bulk_106,/home/jinsookim/HEA_MC/PtPdRhRuIr/cgcnn/root_dir/Bulk_106.cif,0.0390459415624997,bulk,32,32,32.0,0.03870137034169096,0.0003445712208087412,0.0003445712208087412,0.03886621804135894,0.00017972352114076218,0.00017972352114076218,fit
Bulk_107,/home/jinsookim/HEA_MC/PtPdRhRuIr/cgcnn/root_dir/Bulk_107.cif,0.0247020178124994,bulk,32,32,32.0,0.02447674262566285,0.00022527518683655018,0.00022527518683655018,0.024458006073494916,0.00024401173900448492,0.00024401173900448492,fit
Bulk_108,/home/jinsookim/HEA_MC/PtPdRhRuIr/cgcnn/root_dir/Bulk_108.cif,0.0549624971875006,bulk,32,32,32.0,0.05500200089569341,-3.950370819281318e-05,3.950370819281318e-05,0.054874019575028306,8.847761247229163e-05,8.847761247229163e-05,fit
Bulk_109,/home/jinsookim/HEA_MC/PtPdRhRuIr/cgcnn/root_dir/Bulk_109.cif,0.0239940650000001,bulk,32,32,32.0,0.025691175010186584,-0.0016971100101864853,0.0016971100101864853,0.025650033411818082,-0.0016559684118179832,0.0016559684118179832,fit
Bulk_110,/home/jinsookim/HEA_MC/PtPdRhRuIr/cgcnn/root_dir/Bulk_110.cif,0.0365684868749998,bulk,32,32,32.0,0.036838724979717664,-0.00027023810471786536,0.00027023810471786536,0.03676215643797631,-0.0001936695629765131,0.0001936695629765131,fit
Bulk_111,/home/jinsookim/HEA_MC/PtPdRhRuIr/cgcnn/root_dir/Bulk_111.cif,0.0434370596875002,bulk,32,32,32.0,0.04224099548004838,0.0011960642074518232,0.0011960642074518232,0.042338708806588535,0.001098350880911668,0.001098350880911668,fit
Bulk_112,/home/jinsookim/HEA_MC/PtPdRhRuIr/cgcnn/root_dir/Bulk_112.cif,0.0189041062499999,bulk,32,32,32.0,0.01868813834896087,0.00021596790103902905,0.00021596790103902905,0.018404550996184346,0.0004995552538155541,0.0004995552538155541,fit
Bulk_113,/home/jinsookim/HEA_MC/PtPdRhRuIr/cgcnn/root_dir/Bulk_113.cif,-0.013418133750001,bulk,32,32,32.0,-0.014461040763933019,0.0010429070139320196,0.0010429070139320196,-0.014573072085968228,0.0011549383359672292,0.0011549383359672292,fit
Bulk_114,/home/jinsookim/HEA_MC/PtPdRhRuIr/cgcnn/root_dir/Bulk_114.cif,-0.0075735171874997,bulk,32,32,32.0,-0.00979172318987553,0.0022182060023758308,0.0022182060023758308,-0.009925647573854585,0.0023521303863548847,0.0023521303863548847,fit
Bulk_115,/home/jinsookim/HEA_MC/PtPdRhRuIr/cgcnn/root_dir/Bulk_115.cif,0.0076947378124998,bulk,32,32,32.0,0.00649658458259433,0.00119815322990547,0.00119815322990547,0.006443932264428881,0.0012508055480709192,0.0012508055480709192,fit
Bulk_116,/home/jinsookim/HEA_MC/PtPdRhRuIr/cgcnn/root_dir/Bulk_116.cif,0.0535480218749997,bulk,32,32,32.0,0.052698812551660104,0.0008492093233395948,0.0008492093233395948,0.052986177779155,0.0005618440958446991,0.0005618440958446991,fit
Bulk_117,/home/jinsookim/HEA_MC/PtPdRhRuIr/cgcnn/root_dir/Bulk_117.cif,0.0101128884374999,bulk,32,32,32.0,0.010077853463652746,3.503497384715372e-05,3.503497384715372e-05,0.010012388894324084,0.00010049954317581551,0.00010049954317581551,fit
Bulk_118,/home/jinsookim/HEA_MC/PtPdRhRuIr/cgcnn/root_dir/Bulk_118.cif,-0.0011080153125,bulk,32,32,32.0,-0.0006385257140480351,-0.00046948959845196487,0.00046948959845196487,-0.0005473610644500873,-0.0005606542480499127,0.0005606542480499127,fit
Bulk_119,/home/jinsookim/HEA_MC/PtPdRhRuIr/cgcnn/root_dir/Bulk_119.cif,0.0046666484374995,bulk,32,32,32.0,0.005817635769128013,-0.0011509873316285129,0.0011509873316285129,0.005840055197638919,-0.0011734067601394194,0.0011734067601394194,fit
Bulk_120,/home/jinsookim/HEA_MC/PtPdRhRuIr/cgcnn/root_dir/Bulk_120.cif,0.0181823081249996,bulk,32,32,32.0,0.01520474912562663,0.002977558999372968,0.002977558999372968,0.015058400335884063,0.0031239077891155355,0.0031239077891155355,fit
Bulk_121,/home/jinsookim/HEA_MC/PtPdRhRuIr/cgcnn/root_dir/Bulk_121.cif,0.0484276140624997,bulk,32,32,32.0,0.046846489612108355,0.0015811244503913455,0.0015811244503913455,0.046696121213498074,0.001731492849001627,0.001731492849001627,holdout
Bulk_122,/home/jinsookim/HEA_MC/PtPdRhRuIr/cgcnn/root_dir/Bulk_122.cif,0.0117417353125004,bulk,32,32,32.0,0.01131893473587097,0.0004228005766294309,0.0004228005766294309,0.01133380692567857,0.0004079283868218299,0.0004079283868218299,fit
Bulk_123,/home/jinsookim/HEA_MC/PtPdRhRuIr/cgcnn/root_dir/Bulk_123.cif,0.0182471624999998,bulk,32,32,32.0,0.018634790432258835,-0.00038762793225903536,0.00038762793225903536,0.0186204387304697,-0.00037327623046990235,0.00037327623046990235,fit
Bulk_124,/home/jinsookim/HEA_MC/PtPdRhRuIr/cgcnn/root_dir/Bulk_124.cif,0.0023289359374993,bulk,32,32,32.0,0.004206443621629663,-0.0018775076841303635,0.0018775076841303635,0.004284432999563511,-0.0019554970620642115,0.0019554970620642115,fit
Bulk_125,/home/jinsookim/HEA_MC/PtPdRhRuIr/cgcnn/root_dir/Bulk_125.cif,0.0203615812500004,bulk,32,32,32.0,0.019530825593696278,0.0008307556563041212,0.0008307556563041212,0.019511850201621744,0.0008497310483786547,0.0008497310483786547,fit
Bulk_126,/home/jinsookim/HEA_MC/PtPdRhRuIr/cgcnn/root_dir/Bulk_126.cif,0.0515140996875,bulk,32,32,32.0,0.05530980842186125,-0.0037957087343612472,0.0037957087343612472,0.05535537163760373,-0.003841271950103725,0.003841271950103725,fit
Bulk_127,/home/jinsookim/HEA_MC/PtPdRhRuIr/cgcnn/root_dir/Bulk_127.cif,0.0423218259375008,bulk,32,32,32.0,0.041276473361306285,0.001045352576194515,0.001045352576194515,0.041244380294851106,0.0010774456426496937,0.0010774456426496937,fit
Bulk_128,/home/jinsookim/HEA_MC/PtPdRhRuIr/cgcnn/root_dir/Bulk_128.cif,0.0097785490625001,bulk,32,32,32.0,0.010125413479324535,-0.0003468644168244349,0.0003468644168244349,0.010092790340574993,-0.0003142412780748928,0.0003142412780748928,fit
Bulk_129,/home/jinsookim/HEA_MC/PtPdRhRuIr/cgcnn/root_dir/Bulk_129.cif,0.0233319453125009,bulk,32,32,32.0,0.022951851860809922,0.0003800934516909778,0.0003800934516909778,0.0231282543596203,0.00020369095288060024,0.00020369095288060024,fit
Bulk_130,/home/jinsookim/HEA_MC/PtPdRhRuIr/cgcnn/root_dir/Bulk_130.cif,0.0100562334375009,bulk,32,32,32.0,0.011173809950931689,-0.0011175765134307895,0.0011175765134307895,0.011164529667242807,-0.0011082962297419077,0.0011082962297419077,holdout
Bulk_131,/home/jinsookim/HEA_MC/PtPdRhRuIr/cgcnn/root_dir/Bulk_131.cif,0.0150660984375008,bulk,32,32,32.0,0.014965804413775395,0.00010029402372540436,0.00010029402372540436,0.014818490948514975,0.00024760748898582444,0.00024760748898582444,fit
Bulk_132,/home/jinsookim/HEA_MC/PtPdRhRuIr/cgcnn/root_dir/Bulk_132.cif,0.0014996075000004,bulk,32,32,32.0,-0.000370462217900748,0.001870069717901148,0.001870069717901148,0.00021767227744187018,0.0012819352225585299,0.0012819352225585299,fit
Bulk_133,/home/jinsookim/HEA_MC/PtPdRhRuIr/cgcnn/root_dir/Bulk_133.cif,0.0367737184374998,bulk,32,32,32.0,0.03626392265865182,0.0005097957788479796,0.0005097957788479796,0.03624796418463236,0.0005257542528674386,0.0005257542528674386,fit
Bulk_134,/home/jinsookim/HEA_MC/PtPdRhRuIr/cgcnn/root_dir/Bulk_134.cif,-0.0054919068750001,bulk,32,32,32.0,-0.0061849030624586306,0.0006929961874585309,0.0006929961874585309,-0.006228536666277425,0.0007366297912773257,0.0007366297912773257,holdout
Bulk_135,/home/jinsookim/HEA_MC/PtPdRhRuIr/cgcnn/root_dir/Bulk_135.cif,0.0434701115625006,bulk,32,32,32.0,0.04404529733130643,-0.0005751857688058304,0.0005751857688058304,0.04408931570878788,-0.0006192041462872791,0.0006192041462872791,fit
Bulk_136,/home/jinsookim/HEA_MC/PtPdRhRuIr/cgcnn/root_dir/Bulk_136.cif,0.0248004384375004,bulk,32,32,32.0,0.023636291413728527,0.0011641470237718742,0.0011641470237718742,0.023620933479011695,0.0011795049584887064,0.0011795049584887064,fit
Bulk_137,/home/jinsookim/HEA_MC/PtPdRhRuIr/cgcnn/root_dir/Bulk_137.cif,0.0135635031249998,bulk,32,32,32.0,0.014261826317793786,-0.0006983231927939863,0.0006983231927939863,0.014471921022493775,-0.0009084178974939749,0.0009084178974939749,fit
Bulk_138,/home/jinsookim/HEA_MC/PtPdRhRuIr/cgcnn/root_dir/Bulk_138.cif,0.0431571821875005,bulk,32,32,32.0,0.04302671739269348,0.00013046479480701562,0.00013046479480701562,0.04306001997980153,9.7162207698967e-05,9.7162207698967e-05,fit
Bulk_139,/home/jinsookim/HEA_MC/PtPdRhRuIr/cgcnn/root_dir/Bulk_139.cif,0.0211028121875003,bulk,32,32,32.0,0.023330177699829972,-0.0022273655123296737,0.0022273655123296737,0.023329840985366855,-0.0022270287978665565,0.0022270287978665565,fit
Bulk_140,/home/jinsookim/HEA_MC/PtPdRhRuIr/cgcnn/root_dir/Bulk_140.cif,0.0411994109375006,bulk,32,32,32.0,0.039923044198446216,0.0012763667390543812,0.0012763667390543812,0.040205721447121465,0.0009936894903791321,0.0009936894903791321,fit
Bulk_141,/home/jinsookim/HEA_MC/PtPdRhRuIr/cgcnn/root_dir/Bulk_141.cif,0.0197019337499995,bulk,32,32,32.0,0.02122879626722817,-0.00152686251722867,0.00152686251722867,0.021347148636851977,-0.0016452148868524759,0.0016452148868524759,fit
Bulk_142,/home/jinsookim/HEA_MC/PtPdRhRuIr/cgcnn/root_dir/Bulk_142.cif,0.0332803556249992,bulk,32,32,32.0,0.0312794819396555,0.0020008736853437056,0.0020008736853437056,0.031309279224341,0.0019710764006582032,0.0019710764006582032,fit
Bulk_143,/home/jinsookim/HEA_MC/PtPdRhRuIr/cgcnn/root_dir/Bulk_143.cif,0.0296872921874999,bulk,32,32,32.0,0.029911488121435417,-0.00022419593393551568,0.00022419593393551568,0.030122118119126177,-0.0004348259316262759,0.0004348259316262759,fit
Bulk_144,/home/jinsookim/HEA_MC/PtPdRhRuIr/cgcnn/root_dir/Bulk_144.cif,0.0506958971875013,bulk,32,32,32.0,0.05099883433409683,-0.0003029371465955305,0.0003029371465955305,0.051157542637630726,-0.00046164545012942343,0.00046164545012942343,fit
Bulk_145,/home/jinsookim/HEA_MC/PtPdRhRuIr/cgcnn/root_dir/Bulk_145.cif,-0.0081137084374995,bulk,32,32,32.0,-0.009906792380705479,0.0017930839432059795,0.0017930839432059795,-0.010061396721546892,0.0019476882840473927,0.0019476882840473927,fit
Bulk_146,/home/jinsookim/HEA_MC/PtPdRhRuIr/cgcnn/root_dir/Bulk_146.cif,0.0107081456249993,bulk,32,32,32.0,0.009780200832976137,0.0009279447920231623,0.0009279447920231623,0.009905298243023723,0.0008028473819755768,0.0008028473819755768,fit
Bulk_147,/home/jinsookim/HEA_MC/PtPdRhRuIr/cgcnn/root_dir/Bulk_147.cif,0.0179713125000011,bulk,32,32,32.0,0.016118718160537546,0.0018525943394635536,0.0018525943394635536,0.016626432150361074,0.001344880349640025,0.001344880349640025,fit
Bulk_148,/home/jinsookim/HEA_MC/PtPdRhRuIr/cgcnn/root_dir/Bulk_148.cif,0.0090307784375012,bulk,32,32,32.0,0.009942120251633923,-0.0009113418141327226,0.0009113418141327226,0.010022297626399137,-0.000991519188897937,0.000991519188897937,fit
Bulk_149,/home/jinsookim/HEA_MC/PtPdRhRuIr/cgcnn/root_dir/Bulk_149.cif,0.0156536309374999,bulk,32,32,32.0,0.014871396006231502,0.0007822349312683972,0.0007822349312683972,0.014877057049792437,0.0007765738877074622,0.0007765738877074622,fit
Bulk_150,/home/jinsookim/HEA_MC/PtPdRhRuIr/cgcnn/root_dir/Bulk_150.cif,0.0304051687499988,bulk,32,32,32.0,0.030387576436335068,1.7592313663730708e-05,1.7592313663730708e-05,0.03043637965429525,-3.121090429645049e-05,3.121090429645049e-05,fit
Bulk_151,/home/jinsookim/HEA_MC/PtPdRhRuIr/cgcnn/root_dir/Bulk_151.cif,0.0437432703125004,bulk,32,32,32.0,0.04297995862302874,0.000763311689471663,0.000763311689471663,0.04329541224785762,0.0004478580646427796,0.0004478580646427796,fit
Bulk_152,/home/jinsookim/HEA_MC/PtPdRhRuIr/cgcnn/root_dir/Bulk_152.cif,0.0020656815624997,bulk,32,32,32.0,0.0025177922872630515,-0.0004521107247633517,0.0004521107247633517,0.002366511890475452,-0.0003008303279757522,0.0003008303279757522,fit
Bulk_153,/home/jinsookim/HEA_MC/PtPdRhRuIr/cgcnn/root_dir/Bulk_153.cif,0.0127704981249996,bulk,32,32,32.0,0.012506497800776721,0.0002640003242228798,0.0002640003242228798,0.01270298936969698,6.750875530262164e-05,6.750875530262164e-05,fit
Bulk_154,/home/jinsookim/HEA_MC/PtPdRhRuIr/cgcnn/root_dir/Bulk_154.cif,0.0125808587500007,bulk,32,32,32.0,0.014699741712245643,-0.0021188829622449425,0.0021188829622449425,0.014730538103750159,-0.0021496793537494584,0.0021496793537494584,fit
Bulk_155,/home/jinsookim/HEA_MC/PtPdRhRuIr/cgcnn/root_dir/Bulk_155.cif,0.0157975612500003,bulk,32,32,32.0,0.016655434283299637,-0.0008578730332993376,0.0008578730332993376,0.01665623546300457,-0.0008586742130042707,0.0008586742130042707,fit
Bulk_156,/home/jinsookim/HEA_MC/PtPdRhRuIr/cgcnn/root_dir/Bulk_156.cif,0.0518300609375002,bulk,32,32,32.0,0.052453264930246435,-0.0006232039927462352,0.0006232039927462352,0.05196960252077308,-0.00013954158327288135,0.00013954158327288135,fit
Bulk_157,/home/jinsookim/HEA_MC/PtPdRhRuIr/cgcnn/root_dir/Bulk_157.cif,0.0053004175000008,bulk,32,32,32.0,0.002131041121975853,0.003169376378024947,0.003169376378024947,0.0020690095728648668,0.0032314079271359335,0.0032314079271359335,fit
Bulk_158,/home/jinsookim/HEA_MC/PtPdRhRuIr/cgcnn/root_dir/Bulk_158.cif,-0.0182667046875,bulk,32,32,32.0,-0.021909558855633955,0.0036428541681339556,0.0036428541681339556,-0.021875198915704365,0.0036084942282043654,0.0036084942282043654,fit
Bulk_159,/home/jinsookim/HEA_MC/PtPdRhRuIr/cgcnn/root_dir/Bulk_159.cif,0.0023593546874991,bulk,32,32,32.0,0.0018872125177285502,0.00047214216977054966,0.00047214216977054966,0.001504188405233791,0.0008551662822653089,0.0008551662822653089,fit
Bulk_160,/home/jinsookim/HEA_MC/PtPdRhRuIr/cgcnn/root_dir/Bulk_160.cif,-0.0079075184374994,bulk,32,32,32.0,-0.005953607139977567,-0.0019539112975218327,0.0019539112975218327,-0.0059844554233244845,-0.0019230630141749156,0.0019230630141749156,fit
Bulk_161,/home/jinsookim/HEA_MC/PtPdRhRuIr/cgcnn/root_dir/Bulk_161.cif,-0.003355328125,bulk,32,32,32.0,-0.004101782456873218,0.0007464543318732183,0.0007464543318732183,-0.004655586361179593,0.0013002582361795931,0.0013002582361795931,holdout
Bulk_162,/home/jinsookim/HEA_MC/PtPdRhRuIr/cgcnn/root_dir/Bulk_162.cif,0.0165406678124995,bulk,32,32,32.0,0.017290575805362987,-0.0007499079928634869,0.0007499079928634869,0.017353626749712657,-0.0008129589372131568,0.0008129589372131568,fit
Bulk_163,/home/jinsookim/HEA_MC/PtPdRhRuIr/cgcnn/root_dir/Bulk_163.cif,0.016021789999999,bulk,32,32,32.0,0.01588113021108805,0.0001406597889109483,0.0001406597889109483,0.01589346190780115,0.00012832809219784705,0.00012832809219784705,fit
Bulk_164,/home/jinsookim/HEA_MC/PtPdRhRuIr/cgcnn/root_dir/Bulk_164.cif,0.0038972581249998,bulk,32,32,32.0,0.0017885690183004344,0.0021086891066993655,0.0021086891066993655,0.0017879210083670584,0.0021093371166327414,0.0021093371166327414,fit
Bulk_165,/home/jinsookim/HEA_MC/PtPdRhRuIr/cgcnn/root_dir/Bulk_165.cif,0.0321461587499998,bulk,32,32,32.0,0.03146803936190408,0.0006781193880957201,0.0006781193880957201,0.031563950383593026,0.0005822083664067737,0.0005822083664067737,fit
Bulk_166,/home/jinsookim/HEA_MC/PtPdRhRuIr/cgcnn/root_dir/Bulk_166.cif,0.0013833081249998,bulk,32,32,32.0,0.0039847451496593175,-0.0026014370246595173,0.0026014370246595173,0.004260866924937941,-0.0028775587999381406,0.0028775587999381406,holdout
Bulk_167,/home/jinsookim/HEA_MC/PtPdRhRuIr/cgcnn/root_dir/Bulk_167.cif,0.0023707149999996,bulk,32,32,32.0,-0.00022324325259318045,0.0025939582525927804,0.0025939582525927804,-0.00018321375177791227,0.0025539287517775122,0.0025539287517775122,fit
Bulk_168,/home/jinsookim/HEA_MC/PtPdRhRuIr/cgcnn/root_dir/Bulk_168.cif,3.4939374999432005e-05,bulk,32,32,32.0,0.0010480824736174617,-0.0010131430986180297,0.0010131430986180297,0.0009999930040411262,-0.0009650536290416942,0.0009650536290416942,fit
Bulk_169,/home/jinsookim/HEA_MC/PtPdRhRuIr/cgcnn/root_dir/Bulk_169.cif,0.0252921881250003,bulk,32,32,32.0,0.026343052973797278,-0.0010508648487969792,0.0010508648487969792,0.02652225408271889,-0.0012300659577185909,0.0012300659577185909,fit
Bulk_170,/home/jinsookim/HEA_MC/PtPdRhRuIr/cgcnn/root_dir/Bulk_170.cif,0.0450457003125013,bulk,32,32,32.0,0.04611827683546474,-0.001072576522963442,0.001072576522963442,0.04601915179595028,-0.0009734514834489824,0.0009734514834489824,fit
Bulk_171,/home/jinsookim/HEA_MC/PtPdRhRuIr/cgcnn/root_dir/Bulk_171.cif,0.0166991106249998,bulk,32,32,32.0,0.015657778622069435,0.0010413320029303667,0.0010413320029303667,0.01544611445890396,0.0012529961660958412,0.0012529961660958412,fit
Bulk_172,/home/jinsookim/HEA_MC/PtPdRhRuIr/cgcnn/root_dir/Bulk_172.cif,0.0409150734375005,bulk,32,32,32.0,0.04182566776717722,-0.0009105943296767241,0.0009105943296767241,0.041755890841194056,-0.0008408174036935584,0.0008408174036935584,fit
Bulk_173,/home/jinsookim/HEA_MC/PtPdRhRuIr/cgcnn/root_dir/Bulk_173.cif,0.0504589356250004,bulk,32,32,32.0,0.048622278271985245,0.0018366573530151573,0.0018366573530151573,0.04862972257126094,0.0018292130537394605,0.0018292130537394605,fit
Bulk_174,/home/jinsookim/HEA_MC/PtPdRhRuIr/cgcnn/root_dir/Bulk_174.cif,0.0182288906249992,bulk,32,32,32.0,0.01930602199455948,-0.0010771313695602802,0.0010771313695602802,0.019358288706606122,-0.0011293980816069228,0.0011293980816069228,fit
Bulk_175,/home/jinsookim/HEA_MC/PtPdRhRuIr/cgcnn/root_dir/Bulk_175.cif,0.0023050531249992,bulk,32,32,32.0,0.0016633881638962664,0.0006416649611029335,0.0006416649611029335,0.0014403066593755842,0.0008647464656236156,0.0008647464656236156,fit
Bulk_176,/home/jinsookim/HEA_MC/PtPdRhRuIr/cgcnn/root_dir/Bulk_176.cif,0.0084724440624999,bulk,32,32,32.0,0.006447974615442494,0.002024469447057406,0.002024469447057406,0.0064293806209260035,0.0020430634415738967,0.0020430634415738967,fit
Bulk_177,/home/jinsookim/HEA_MC/PtPdRhRuIr/cgcnn/root_dir/Bulk_177.cif,0.0197428428124997,bulk,32,32,32.0,0.018685675223505237,0.001057167588994462,0.001057167588994462,0.018421938507150196,0.0013209043053495038,0.0013209043053495038,fit
Bulk_178,/home/jinsookim/HEA_MC/PtPdRhRuIr/cgcnn/root_dir/Bulk_178.cif,0.0397613037499997,bulk,32,32,32.0,0.037189401527918955,0.0025719022220807436,0.0025719022220807436,0.037042867298919,0.0027184364510806983,0.0027184364510806983,fit
Bulk_179,/home/jinsookim/HEA_MC/PtPdRhRuIr/cgcnn/root_dir/Bulk_179.cif,0.0124707643750001,bulk,32,32,32.0,0.01182095378560383,0.0006498105893962686,0.0006498105893962686,0.011505305296003004,0.0009654590789970954,0.0009654590789970954,fit
Bulk_180,/home/jinsookim/HEA_MC/PtPdRhRuIr/cgcnn/root_dir/Bulk_180.cif,0.0199481396875,bulk,32,32,32.0,0.021258935920216597,-0.0013107962327165955,0.0013107962327165955,0.02151208286926816,-0.0015639431817681577,0.0015639431817681577,fit
Bulk_181,/home/jinsookim/HEA_MC/PtPdRhRuIr/cgcnn/root_dir/Bulk_181.cif,0.0352856071875002,bulk,32,32,32.0,0.034116526316658985,0.0011690808708412145,0.0011690808708412145,0.03399285716837811,0.001292750019122088,0.001292750019122088,fit
Bulk_182,/home/jinsookim/HEA_MC/PtPdRhRuIr/cgcnn/root_dir/Bulk_182.cif,0.0497654828124991,bulk,32,32,32.0,0.047613080741108565,0.002152402071390537,0.002152402071390537,0.04771348499317075,0.002051997819328355,0.002051997819328355,fit
Bulk_183,/home/jinsookim/HEA_MC/PtPdRhRuIr/cgcnn/root_dir/Bulk_183.cif,0.0130965159374998,bulk,32,32,32.0,0.011466266738795972,0.001630249198703828,0.001630249198703828,0.011276838822042643,0.0018196771154571564,0.0018196771154571564,fit
Bulk_184,/home/jinsookim/HEA_MC/PtPdRhRuIr/cgcnn/root_dir/Bulk_184.cif,0.0348809349999994,bulk,32,32,32.0,0.03356272998321719,0.0013182050167822104,0.0013182050167822104,0.0334228116734929,0.001458123326506501,0.001458123326506501,fit
Bulk_185,/home/jinsookim/HEA_MC/PtPdRhRuIr/cgcnn/root_dir/Bulk_185.cif,0.0401867321875002,bulk,32,32,32.0,0.040284636260387224,-9.790407288702563e-05,9.790407288702563e-05,0.040214011004599405,-2.7278817099206376e-05,2.7278817099206376e-05,fit
Bulk_186,/home/jinsookim/HEA_MC/PtPdRhRuIr/cgcnn/root_dir/Bulk_186.cif,0.0298072731249998,bulk,32,32,32.0,0.028840561237997754,0.0009667118870020468,0.0009667118870020468,0.029029736970378577,0.0007775361546212244,0.0007775361546212244,fit
Bulk_187,/home/jinsookim/HEA_MC/PtPdRhRuIr/cgcnn/root_dir/Bulk_187.cif,0.0028492378124997,bulk,32,32,32.0,0.003926170572090307,-0.001076932759590607,0.001076932759590607,0.003896782764932461,-0.0010475449524327608,0.0010475449524327608,holdout
Bulk_188,/home/jinsookim/HEA_MC/PtPdRhRuIr/cgcnn/root_dir/Bulk_188.cif,0.040186451874999,bulk,32,32,32.0,0.03939551689757477,0.0007909349774242319,0.0007909349774242319,0.039176468647744635,0.0010099832272543671,0.0010099832272543671,fit
Bulk_189,/home/jinsookim/HEA_MC/PtPdRhRuIr/cgcnn/root_dir/Bulk_189.cif,0.0167928271875004,bulk,32,32,32.0,0.016860283988270594,-6.745680077019367e-05,6.745680077019367e-05,0.016938038012979554,-0.00014521082547915357,0.00014521082547915357,holdout
Bulk_190,/home/jinsookim/HEA_MC/PtPdRhRuIr/cgcnn/root_dir/Bulk_190.cif,0.00340692375,bulk,32,32,32.0,0.00444867548024324,-0.00104175173024324,0.00104175173024324,0.004291026446408462,-0.000884102696408462,0.000884102696408462,fit
Bulk_191,/home/jinsookim/HEA_MC/PtPdRhRuIr/cgcnn/root_dir/Bulk_191.cif,0.0454287568749993,bulk,32,32,32.0,0.04810034439715163,-0.0026715875221523244,0.0026715875221523244,0.048083240415298475,-0.0026544835402991726,0.0026544835402991726,fit
Bulk_192,/home/jinsookim/HEA_MC/PtPdRhRuIr/cgcnn/root_dir/Bulk_192.cif,0.041860471562499,bulk,32,32,32.0,0.04097894430588331,0.000881527256615694,0.000881527256615694,0.040797798663476305,0.0010626728990226972,0.0010626728990226972,fit
Bulk_193,/home/jinsookim/HEA_MC/PtPdRhRuIr/cgcnn/root_dir/Bulk_193.cif,0.0301656525,bulk,32,32,32.0,0.0293524566179534,0.0008131958820466016,0.0008131958820466016,0.029349667780226994,0.0008159847197730073,0.0008159847197730073,fit
Bulk_194,/home/jinsookim/HEA_MC/PtPdRhRuIr/cgcnn/root_dir/Bulk_194.cif,0.0317851837500002,bulk,32,32,32.0,0.031865048338189386,-7.98645881891838e-05,7.98645881891838e-05,0.03209460364702049,-0.00030941989702028966,0.00030941989702028966,fit
Bulk_195,/home/jinsookim/HEA_MC/PtPdRhRuIr/cgcnn/root_dir/Bulk_195.cif,0.0433976562499998,bulk,32,32,32.0,0.03993947441906192,0.0034581818309378787,0.0034581818309378787,0.03982148857022867,0.0035761676797711264,0.0035761676797711264,fit
Bulk_196,/home/jinsookim/HEA_MC/PtPdRhRuIr/cgcnn/root_dir/Bulk_196.cif,0.0190352728125002,bulk,32,32,32.0,0.018231716694410694,0.0008035561180895073,0.0008035561180895073,0.01781450392299591,0.0012207688895042902,0.0012207688895042902,fit
Bulk_197,/home/jinsookim/HEA_MC/PtPdRhRuIr/cgcnn/root_dir/Bulk_197.cif,0.033636222500001,bulk,32,32,32.0,0.03454316148252549,-0.0009069389825244883,0.0009069389825244883,0.034566296706383795,-0.0009300742063827958,0.0009300742063827958,fit
Bulk_198,/home/jinsookim/HEA_MC/PtPdRhRuIr/cgcnn/root_dir/Bulk_198.cif,0.0088956549999998,bulk,32,32,32.0,0.008486340342925273,0.0004093146570745259,0.0004093146570745259,0.00864002500172963,0.0002556299982701699,0.0002556299982701699,fit
Bulk_199,/home/jinsookim/HEA_MC/PtPdRhRuIr/cgcnn/root_dir/Bulk_199.cif,0.0652268637500004,bulk,32,32,32.0,0.06673085775520421,-0.0015039940052038042,0.0015039940052038042,0.06686782441737629,-0.0016409606673758875,0.0016409606673758875,fit
Bulk_200,/home/jinsookim/HEA_MC/PtPdRhRuIr/cgcnn/root_dir/Bulk_200.cif,0.0270024099999988,bulk,32,32,32.0,0.027663573262260432,-0.0006611632622616319,0.0006611632622616319,0.02774680459045306,-0.0007443945904542608,0.0007443945904542608,holdout
Bulk_201,/home/jinsookim/HEA_MC/PtPdRhRuIr/cgcnn/root_dir/Bulk_201.cif,0.0236673178124995,bulk,32,32,32.0,0.018905618367870608,0.0047616994446288904,0.0047616994446288904,0.018598624207375007,0.005068693605124491,0.005068693605124491,holdout
Bulk_202,/home/jinsookim/HEA_MC/PtPdRhRuIr/cgcnn/root_dir/Bulk_202.cif,0.0189334878125002,bulk,32,32,32.0,0.02287221760457739,-0.003938729792077187,0.003938729792077187,0.02264051617200312,-0.003707028359502918,0.003707028359502918,fit
Bulk_203,/home/jinsookim/HEA_MC/PtPdRhRuIr/cgcnn/root_dir/Bulk_203.cif,0.0307103384375002,bulk,32,32,32.0,0.030431960248971827,0.00027837818852837273,0.00027837818852837273,0.03031391723566574,0.00039642120183445984,0.00039642120183445984,fit
Bulk_204,/home/jinsookim/HEA_MC/PtPdRhRuIr/cgcnn/root_dir/Bulk_204.cif,0.0143326806250012,bulk,32,32,32.0,0.014077555324534793,0.0002551253004664071,0.0002551253004664071,0.013940723703202304,0.0003919569217988965,0.0003919569217988965,fit
Bulk_205,/home/jinsookim/HEA_MC/PtPdRhRuIr/cgcnn/root_dir/Bulk_205.cif,0.0175170118749994,bulk,32,32,32.0,0.019369193281427256,-0.001852181406427858,0.001852181406427858,0.019139320852411507,-0.001622308977412109,0.001622308977412109,holdout
Bulk_206,/home/jinsookim/HEA_MC/PtPdRhRuIr/cgcnn/root_dir/Bulk_206.cif,0.0260085999999999,bulk,32,32,32.0,0.02635085279636084,-0.0003422527963609402,0.0003422527963609402,0.026117238928456125,-0.00010863892845622627,0.00010863892845622627,fit
Bulk_207,/home/jinsookim/HEA_MC/PtPdRhRuIr/cgcnn/root_dir/Bulk_207.cif,0.0051691203124999,bulk,32,32,32.0,0.0047110165843696344,0.0004581037281302658,0.0004581037281302658,0.004819420683651378,0.00034969962884852206,0.00034969962884852206,fit
Bulk_208,/home/jinsookim/HEA_MC/PtPdRhRuIr/cgcnn/root_dir/Bulk_208.cif,0.0346672771875002,bulk,32,32,32.0,0.03895166732374565,-0.0042843901362454515,0.0042843901362454515,0.038781872249619626,-0.004114595062119426,0.004114595062119426,fit
Bulk_209,/home/jinsookim/HEA_MC/PtPdRhRuIr/cgcnn/root_dir/Bulk_209.cif,0.0467637212500005,bulk,32,32,32.0,0.04662202858240795,0.0001416926675925495,0.0001416926675925495,0.04676061185982154,3.1093901789597256e-06,3.1093901789597256e-06,fit
Bulk_210,/home/jinsookim/HEA_MC/PtPdRhRuIr/cgcnn/root_dir/Bulk_210.cif,0.0281294775000002,bulk,32,32,32.0,0.028893562651036125,-0.0007640851510359245,0.0007640851510359245,0.028705228187648132,-0.0005757506876479315,0.0005757506876479315,fit
Bulk_211,/home/jinsookim/HEA_MC/PtPdRhRuIr/cgcnn/root_dir/Bulk_211.cif,0.0347245787499996,bulk,32,32,32.0,0.035787936721379476,-0.0010633579713798733,0.0010633579713798733,0.03568087867043998,-0.0009562999204403774,0.0009562999204403774,fit
Bulk_212,/home/jinsookim/HEA_MC/PtPdRhRuIr/cgcnn/root_dir/Bulk_212.cif,0.0025199665624997,bulk,32,32,32.0,0.006862045629245764,-0.004342079066746064,0.004342079066746064,0.006825328843440479,-0.004305362280940779,0.004305362280940779,fit
Bulk_213,/home/jinsookim/HEA_MC/PtPdRhRuIr/cgcnn/root_dir/Bulk_213.cif,0.0566895162499996,bulk,32,32,32.0,0.05437204090855608,0.0023174753414435187,0.0023174753414435187,0.054470841363804645,0.0022186748861949546,0.0022186748861949546,fit
Bulk_214,/home/jinsookim/HEA_MC/PtPdRhRuIr/cgcnn/root_dir/Bulk_214.cif,0.0358997421874995,bulk,32,32,32.0,0.036678429366676396,-0.0007786871791768957,0.0007786871791768957,0.03677030406090943,-0.0008705618734099266,0.0008705618734099266,fit
Bulk_215,/home/jinsookim/HEA_MC/PtPdRhRuIr/cgcnn/root_dir/Bulk_215.cif,0.0294199475000001,bulk,32,32,32.0,0.02828826449319788,0.00113168300680222,0.00113168300680222,0.02844131994436259,0.0009786275556375075,0.0009786275556375075,fit
Bulk_216,/home/jinsookim/HEA_MC/PtPdRhRuIr/cgcnn/root_dir/Bulk_216.cif,0.0097642746874999,bulk,32,32,32.0,0.010787292383894764,-0.001023017696394863,0.001023017696394863,0.010944707830720463,-0.001180433143220562,0.001180433143220562,holdout
Bulk_217,/home/jinsookim/HEA_MC/PtPdRhRuIr/cgcnn/root_dir/Bulk_217.cif,0.001396429062499,bulk,32,32,32.0,-0.0001492789457307915,0.0015457080082297914,0.0015457080082297914,-0.00024276548895947603,0.001639194551458476,0.001639194551458476,fit
Bulk_218,/home/jinsookim/HEA_MC/PtPdRhRuIr/cgcnn/root_dir/Bulk_218.cif,0.0090938937499984,bulk,32,32,32.0,0.00829022922784162,0.0008036645221567804,0.0008036645221567804,0.008080767028696725,0.001013126721301676,0.001013126721301676,fit
Bulk_219,/home/jinsookim/HEA_MC/PtPdRhRuIr/cgcnn/root_dir/Bulk_219.cif,0.0255440131249997,bulk,32,32,32.0,0.026162186236985973,-0.0006181731119862741,0.0006181731119862741,0.02638153120218565,-0.000837518077185951,0.000837518077185951,fit
Bulk_220,/home/jinsookim/HEA_MC/PtPdRhRuIr/cgcnn/root_dir/Bulk_220.cif,-0.0138924615625004,bulk,32,32,32.0,-0.013172838974242236,-0.000719622588258164,0.000719622588258164,-0.01312704843258063,-0.0007654131299197706,0.0007654131299197706,fit
Bulk_221,/home/jinsookim/HEA_MC/PtPdRhRuIr/cgcnn/root_dir/Bulk_221.cif,0.0048216031250003,bulk,32,32,32.0,0.0019274410947106857,0.002894162030289614,0.002894162030289614,0.0019648328052418694,0.0028567703197584305,0.0028567703197584305,fit
Bulk_222,/home/jinsookim/HEA_MC/PtPdRhRuIr/cgcnn/root_dir/Bulk_222.cif,-0.0022666028125,bulk,32,32,32.0,-0.004536607966212133,0.0022700051537121327,0.0022700051537121327,-0.004747796207176948,0.002481193394676948,0.002481193394676948,fit
Bulk_223,/home/jinsookim/HEA_MC/PtPdRhRuIr/cgcnn/root_dir/Bulk_223.cif,0.0206414290624996,bulk,32,32,32.0,0.020088262070906013,0.0005531669915935858,0.0005531669915935858,0.02021047431268738,0.00043095474981222,0.00043095474981222,fit
Bulk_224,/home/jinsookim/HEA_MC/PtPdRhRuIr/cgcnn/root_dir/Bulk_224.cif,0.0674550915624987,bulk,32,32,32.0,0.06705348501613856,0.0004016065463601365,0.0004016065463601365,0.06693245220824645,0.000522639354252244,0.000522639354252244,fit
Bulk_225,/home/jinsookim/HEA_MC/PtPdRhRuIr/cgcnn/root_dir/Bulk_225.cif,0.0285196053124998,bulk,32,32,32.0,0.027626417382605246,0.0008931879298945539,0.0008931879298945539,0.02763675318212412,0.0008828521303756789,0.0008828521303756789,fit
Bulk_226,/home/jinsookim/HEA_MC/PtPdRhRuIr/cgcnn/root_dir/Bulk_226.cif,0.0313216859375007,bulk,32,32,32.0,0.03614888524239372,-0.004827199304893025,0.004827199304893025,0.036459017894330835,-0.005137331956830138,0.005137331956830138,fit
Bulk_227,/home/jinsookim/HEA_MC/PtPdRhRuIr/cgcnn/root_dir/Bulk_227.cif,0.0440386200000002,bulk,32,32,32.0,0.043729630713773164,0.0003089892862270377,0.0003089892862270377,0.043957872185916826,8.074781408337617e-05,8.074781408337617e-05,fit
Bulk_228,/home/jinsookim/HEA_MC/PtPdRhRuIr/cgcnn/root_dir/Bulk_228.cif,0.0162389281249994,bulk,32,32,32.0,0.016193673941996334,4.525418300306561e-05,4.525418300306561e-05,0.016174431227632936,6.449689736646308e-05,6.449689736646308e-05,fit
Bulk_229,/home/jinsookim/HEA_MC/PtPdRhRuIr/cgcnn/root_dir/Bulk_229.cif,0.0248886649999997,bulk,32,32,32.0,0.02412233055950165,0.0007663344404980482,0.0007663344404980482,0.02423675595506993,0.0006519090449297674,0.0006519090449297674,fit
Bulk_230,/home/jinsookim/HEA_MC/PtPdRhRuIr/cgcnn/root_dir/Bulk_230.cif,0.0575404643750001,bulk,32,32,32.0,0.06170510557515901,-0.004164641200158907,0.004164641200158907,0.062061712658883376,-0.0045212482838832765,0.0045212482838832765,holdout
Bulk_231,/home/jinsookim/HEA_MC/PtPdRhRuIr/cgcnn/root_dir/Bulk_231.cif,0.009399032500001,bulk,32,32,32.0,0.0062923801416996175,0.003106652358301383,0.003106652358301383,0.006274305289680336,0.0031247272103206644,0.0031247272103206644,fit
Bulk_232,/home/jinsookim/HEA_MC/PtPdRhRuIr/cgcnn/root_dir/Bulk_232.cif,0.0486905181250003,bulk,32,32,32.0,0.05149773721045672,-0.0028072190854564263,0.0028072190854564263,0.05138202036152903,-0.0026915022365287325,0.0026915022365287325,fit
Bulk_233,/home/jinsookim/HEA_MC/PtPdRhRuIr/cgcnn/root_dir/Bulk_233.cif,0.0403630074999998,bulk,32,32,32.0,0.04025176271663155,0.00011124478336824867,0.00011124478336824867,0.04003479230932572,0.00032821519067408045,0.00032821519067408045,fit
Bulk_234,/home/jinsookim/HEA_MC/PtPdRhRuIr/cgcnn/root_dir/Bulk_234.cif,0.0156334865625007,bulk,32,32,32.0,0.011292958255106778,0.0043405283073939226,0.0043405283073939226,0.011498421153973995,0.004135065408526706,0.004135065408526706,fit
Bulk_235,/home/jinsookim/HEA_MC/PtPdRhRuIr/cgcnn/root_dir/Bulk_235.cif,0.0241847065625,bulk,32,32,32.0,0.023949932836867083,0.00023477372563291896,0.00023477372563291896,0.024212942737897838,-2.8236175397836072e-05,2.8236175397836072e-05,fit
Bulk_236,/home/jinsookim/HEA_MC/PtPdRhRuIr/cgcnn/root_dir/Bulk_236.cif,0.0607738293749999,bulk,32,32,32.0,0.061446767875210875,-0.0006729385002109747,0.0006729385002109747,0.06121251878371024,-0.0004386894087103424,0.0004386894087103424,fit
Bulk_237,/home/jinsookim/HEA_MC/PtPdRhRuIr/cgcnn/root_dir/Bulk_237.cif,0.0136714831249999,bulk,32,32,32.0,0.01438558493396976,-0.0007141018089698616,0.0007141018089698616,0.014415385301521937,-0.0007439021765220377,0.0007439021765220377,fit
Bulk_238,/home/jinsookim/HEA_MC/PtPdRhRuIr/cgcnn/root_dir/Bulk_238.cif,0.0282841890625,bulk,32,32,32.0,0.02927867756654429,-0.0009944885040442906,0.0009944885040442906,0.029189677044560276,-0.0009054879820602768,0.0009054879820602768,fit
Bulk_239,/home/jinsookim/HEA_MC/PtPdRhRuIr/cgcnn/root_dir/Bulk_239.cif,0.0456262681249999,bulk,32,32,32.0,0.044833589164863116,0.0007926789601367806,0.0007926789601367806,0.04464214958288938,0.0009841185421105153,0.0009841185421105153,fit
Bulk_240,/home/jinsookim/HEA_MC/PtPdRhRuIr/cgcnn/root_dir/Bulk_240.cif,0.0154780993749996,bulk,32,32,32.0,0.015575937375182397,-9.783800018279762e-05,9.783800018279762e-05,0.01565281512946553,-0.0001747157544659296,0.0001747157544659296,fit
Bulk_241,/home/jinsookim/HEA_MC/PtPdRhRuIr/cgcnn/root_dir/Bulk_241.cif,0.0200849824999993,bulk,32,32,32.0,0.020264447321778904,-0.0001794648217796034,0.0001794648217796034,0.02021615691328363,-0.00013117441328432816,0.00013117441328432816,holdout
Bulk_242,/home/jinsookim/HEA_MC/PtPdRhRuIr/cgcnn/root_dir/Bulk_242.cif,0.0165983428125002,bulk,32,32,32.0,0.015516707541072707,0.0010816352714274943,0.0010816352714274943,0.01555142876913391,0.001046914043366291,0.001046914043366291,fit
Bulk_243,/home/jinsookim/HEA_MC/PtPdRhRuIr/cgcnn/root_dir/Bulk_243.cif,0.0233185343750008,bulk,32,32,32.0,0.0240424902438763,-0.0007239558688755011,0.0007239558688755011,0.024419312441562112,-0.0011007780665613122,0.0011007780665613122,fit
Bulk_244,/home/jinsookim/HEA_MC/PtPdRhRuIr/cgcnn/root_dir/Bulk_244.cif,0.0464391790624993,bulk,32,32,32.0,0.045053916300227134,0.0013852627622721672,0.0013852627622721672,0.04483382030654039,0.0016053587559589147,0.0016053587559589147,fit
Bulk_245,/home/jinsookim/HEA_MC/PtPdRhRuIr/cgcnn/root_dir/Bulk_245.cif,0.032064558750001,bulk,32,32,32.0,0.03227138906738273,-0.00020683031738173013,0.00020683031738173013,0.032161497391476834,-9.693864147583553e-05,9.693864147583553e-05,fit
Bulk_246,/home/jinsookim/HEA_MC/PtPdRhRuIr/cgcnn/root_dir/Bulk_246.cif,-0.0074643253124992,bulk,32,32,32.0,-0.010209515622656592,0.0027451903101573917,0.0027451903101573917,-0.010429467819280842,0.0029651425067816423,0.0029651425067816423,fit
Bulk_247,/home/jinsookim/HEA_MC/PtPdRhRuIr/cgcnn/root_dir/Bulk_247.cif,0.0124788231249999,bulk,32,32,32.0,0.012070403188199796,0.0004084199368001029,0.0004084199368001029,0.011970325033440702,0.0005084980915591973,0.0005084980915591973,fit
Bulk_248,/home/jinsookim/HEA_MC/PtPdRhRuIr/cgcnn/root_dir/Bulk_248.cif,0.0093189043750001,bulk,32,32,32.0,0.007194127869552241,0.002124776505447859,0.002124776505447859,0.007218444758066194,0.0021004596169339057,0.0021004596169339057,fit
Bulk_249,/home/jinsookim/HEA_MC/PtPdRhRuIr/cgcnn/root_dir/Bulk_249.cif,0.0604082762500013,bulk,32,32,32.0,0.06283438294950293,-0.0024261066995016276,0.0024261066995016276,0.06257480862116094,-0.0021665323711596365,0.0021665323711596365,fit
Bulk_250,/home/jinsookim/HEA_MC/PtPdRhRuIr/cgcnn/root_dir/Bulk_250.cif,0.0049065599999993,bulk,32,32,32.0,0.005243910306624924,-0.00033735030662562435,0.00033735030662562435,0.005185110974772656,-0.00027855097477335646,0.00027855097477335646,fit
Bulk_251,/home/jinsookim/HEA_MC/PtPdRhRuIr/cgcnn/root_dir/Bulk_251.cif,0.0636059728125006,bulk,32,32,32.0,0.06467673458239814,-0.001070761769897538,0.001070761769897538,0.06493161243134343,-0.0013256396188428277,0.0013256396188428277,fit
Bulk_252,/home/jinsookim/HEA_MC/PtPdRhRuIr/cgcnn/root_dir/Bulk_252.cif,0.0141698456250001,bulk,32,32,32.0,0.01376632853362042,0.00040351709137968067,0.00040351709137968067,0.013939463653487034,0.00023038197151306616,0.00023038197151306616,holdout
Bulk_253,/home/jinsookim/HEA_MC/PtPdRhRuIr/cgcnn/root_dir/Bulk_253.cif,0.0265341909375003,bulk,32,32,32.0,0.028564092147132694,-0.0020299012096323954,0.0020299012096323954,0.028772052459450304,-0.0022378615219500048,0.0022378615219500048,fit
Bulk_254,/home/jinsookim/HEA_MC/PtPdRhRuIr/cgcnn/root_dir/Bulk_254.cif,0.0444210368750006,bulk,32,32,32.0,0.04594785611224762,-0.0015268192372470263,0.0015268192372470263,0.04584749471606327,-0.00142645784106267,0.00142645784106267,fit
Bulk_255,/home/jinsookim/HEA_MC/PtPdRhRuIr/cgcnn/root_dir/Bulk_255.cif,0.054859616249999,bulk,32,32,32.0,0.05577583252585337,-0.0009162162758543715,0.0009162162758543715,0.05614742522833096,-0.0012878089783319585,0.0012878089783319585,fit
Bulk_256,/home/jinsookim/HEA_MC/PtPdRhRuIr/cgcnn/root_dir/Bulk_256.cif,-0.0049436565624993,bulk,32,32,32.0,-0.005210940971754466,0.0002672844092551658,0.0002672844092551658,-0.00553200337207891,0.00058834680957961,0.00058834680957961,fit
Bulk_257,/home/jinsookim/HEA_MC/PtPdRhRuIr/cgcnn/root_dir/Bulk_257.cif,0.0058449812500001,bulk,32,32,32.0,0.007114941298743946,-0.0012699600487438463,0.0012699600487438463,0.006900117983848779,-0.0010551367338486797,0.0010551367338486797,fit
Bulk_258,/home/jinsookim/HEA_MC/PtPdRhRuIr/cgcnn/root_dir/Bulk_258.cif,-0.0100882228124996,bulk,32,32,32.0,-0.006292542615859783,-0.0037956801966398165,0.0037956801966398165,-0.00630951286851183,-0.00377870994398777,0.00377870994398777,fit
Bulk_259,/home/jinsookim/HEA_MC/PtPdRhRuIr/cgcnn/root_dir/Bulk_259.cif,0.0423312524999994,bulk,32,32,32.0,0.04115289382387903,0.0011783586761203724,0.0011783586761203724,0.04125515640277798,0.001076096097221424,0.001076096097221424,fit
Bulk_260,/home/jinsookim/HEA_MC/PtPdRhRuIr/cgcnn/root_dir/Bulk_260.cif,0.0277231375000006,bulk,32,32,32.0,0.027712285591239075,1.0851908761523588e-05,1.0851908761523588e-05,0.02783794835487808,-0.00011481085487748122,0.00011481085487748122,fit
Bulk_261,/home/jinsookim/HEA_MC/PtPdRhRuIr/cgcnn/root_dir/Bulk_261.cif,0.0465709053124996,bulk,32,32,32.0,0.04659488057919566,-2.3975266696063535e-05,2.3975266696063535e-05,0.04631813535807856,0.00025276995442103517,0.00025276995442103517,fit
Bulk_262,/home/jinsookim/HEA_MC/PtPdRhRuIr/cgcnn/root_dir/Bulk_262.cif,0.005685321562499,bulk,32,32,32.0,0.00716174307907263,-0.0014764215165736306,0.0014764215165736306,0.007311389079680732,-0.0016260675171817325,0.0016260675171817325,fit
Bulk_263,/home/jinsookim/HEA_MC/PtPdRhRuIr/cgcnn/root_dir/Bulk_263.cif,0.0325824353125003,bulk,32,32,32.0,0.03210071967550292,0.000481715636997386,0.000481715636997386,0.03193618893895487,0.0006462463735454338,0.0006462463735454338,fit
Bulk_264,/home/jinsookim/HEA_MC/PtPdRhRuIr/cgcnn/root_dir/Bulk_264.cif,0.0400149837500007,bulk,32,32,32.0,0.0411592598298379,-0.001144276079837206,0.001144276079837206,0.04109174368212658,-0.00107675993212588,0.00107675993212588,fit
Bulk_265,/home/jinsookim/HEA_MC/PtPdRhRuIr/cgcnn/root_dir/Bulk_265.cif,0.0285755781249994,bulk,32,32,32.0,0.02863546272696928,-5.9884601969879825e-05,5.9884601969879825e-05,0.028579481079267163,-3.902954267762104e-06,3.902954267762104e-06,fit
Bulk_266,/home/jinsookim/HEA_MC/PtPdRhRuIr/cgcnn/root_dir/Bulk_266.cif,0.0423468793750005,bulk,32,32,32.0,0.042142718524484785,0.00020416085051571525,0.00020416085051571525,0.042311903062881975,3.497631211852453e-05,3.497631211852453e-05,fit
Bulk_267,/home/jinsookim/HEA_MC/PtPdRhRuIr/cgcnn/root_dir/Bulk_267.cif,0.0247485787499996,bulk,32,32,32.0,0.025502436111482625,-0.0007538573614830242,0.0007538573614830242,0.025388913954855635,-0.0006403352048560337,0.0006403352048560337,fit
Bulk_268,/home/jinsookim/HEA_MC/PtPdRhRuIr/cgcnn/root_dir/Bulk_268.cif,-0.0019803787500007,bulk,32,32,32.0,-0.0005732984685152161,-0.001407080281485484,0.001407080281485484,-0.0007090053264948402,-0.0012713734235058598,0.0012713734235058598,fit
Bulk_269,/home/jinsookim/HEA_MC/PtPdRhRuIr/cgcnn/root_dir/Bulk_269.cif,0.0063114518749998,bulk,32,32,32.0,0.005205798997341075,0.0011056528776587247,0.0011056528776587247,0.004834952216365953,0.0014764996586338472,0.0014764996586338472,holdout
Bulk_270,/home/jinsookim/HEA_MC/PtPdRhRuIr/cgcnn/root_dir/Bulk_270.cif,0.0326237618750004,bulk,32,32,32.0,0.03436174781648582,-0.0017379859414854218,0.0017379859414854218,0.03436863600520659,-0.0017448741302061935,0.0017448741302061935,fit
Bulk_271,/home/jinsookim/HEA_MC/PtPdRhRuIr/cgcnn/root_dir/Bulk_271.cif,-0.011341253437501,bulk,32,32,32.0,-0.013067191967011348,0.0017259385295103485,0.0017259385295103485,-0.01316359436562851,0.001822340928127511,0.001822340928127511,fit
Bulk_272,/home/jinsookim/HEA_MC/PtPdRhRuIr/cgcnn/root_dir/Bulk_272.cif,0.0078021662500002,bulk,32,32,32.0,0.0067905675454417985,0.001011598704558402,0.001011598704558402,0.006707153940301053,0.0010950123096991476,0.0010950123096991476,fit
Bulk_273,/home/jinsookim/HEA_MC/PtPdRhRuIr/cgcnn/root_dir/Bulk_273.cif,-0.0204543221875006,bulk,32,32,32.0,-0.01994883388523623,-0.0005054883022643682,0.0005054883022643682,-0.020471072127730167,1.6749940229567745e-05,1.6749940229567745e-05,fit
Bulk_274,/home/jinsookim/HEA_MC/PtPdRhRuIr/cgcnn/root_dir/Bulk_274.cif,0.0170636187499999,bulk,32,32,32.0,0.018820458364705563,-0.001756839614705661,0.001756839614705661,0.018957179758006978,-0.001893561008007076,0.001893561008007076,fit
Bulk_275,/home/jinsookim/HEA_MC/PtPdRhRuIr/cgcnn/root_dir/Bulk_275.cif,0.0166419334374996,bulk,32,32,32.0,0.016563782794311137,7.815064318846335e-05,7.815064318846335e-05,0.01676725633970567,-0.0001253229022060709,0.0001253229022060709,fit
Bulk_276,/home/jinsookim/HEA_MC/PtPdRhRuIr/cgcnn/root_dir/Bulk_276.cif,-0.0091642687499993,bulk,32,32,32.0,-0.013589805834038628,0.004425537084039328,0.004425537084039328,-0.013753236270928209,0.004588967520928909,0.004588967520928909,holdout
Bulk_277,/home/jinsookim/HEA_MC/PtPdRhRuIr/cgcnn/root_dir/Bulk_277.cif,0.005223885624999,bulk,32,32,32.0,0.0021287338638637243,0.0030951517611352754,0.0030951517611352754,0.0022001962325144953,0.0030236893924845045,0.0030236893924845045,fit
Bulk_278,/home/jinsookim/HEA_MC/PtPdRhRuIr/cgcnn/root_dir/Bulk_278.cif,0.0561415809375001,bulk,32,32,32.0,0.056962834815461744,-0.0008212538779616418,0.0008212538779616418,0.0569039562623678,-0.0007623753248676979,0.0007623753248676979,fit
Bulk_279,/home/jinsookim/HEA_MC/PtPdRhRuIr/cgcnn/root_dir/Bulk_279.cif,0.0109546140625003,bulk,32,32,32.0,0.010550877985017956,0.0004037360774823435,0.0004037360774823435,0.010761332958646412,0.0001932811038538873,0.0001932811038538873,fit
Bulk_280,/home/jinsookim/HEA_MC/PtPdRhRuIr/cgcnn/root_dir/Bulk_280.cif,-0.0071721431249995,bulk,32,32,32.0,-0.007006973058594039,-0.00016517006640546106,0.00016517006640546106,-0.006862130320358923,-0.0003100128046405774,0.0003100128046405774,fit
Bulk_281,/home/jinsookim/HEA_MC/PtPdRhRuIr/cgcnn/root_dir/Bulk_281.cif,0.0039960025,bulk,32,32,32.0,0.0012077033270239887,0.0027882991729760113,0.0027882991729760113,0.0012234836071641948,0.002772518892835805,0.002772518892835805,fit
Bulk_282,/home/jinsookim/HEA_MC/PtPdRhRuIr/cgcnn/root_dir/Bulk_282.cif,0.0452896962500002,bulk,32,32,32.0,0.044709927532489216,0.0005797687175109825,0.0005797687175109825,0.04450196809442417,0.0007877281555760257,0.0007877281555760257,fit
Bulk_283,/home/jinsookim/HEA_MC/PtPdRhRuIr/cgcnn/root_dir/Bulk_283.cif,0.0458544296874992,bulk,32,32,32.0,0.04722051904188848,-0.0013660893543892827,0.0013660893543892827,0.0471847565929373,-0.0013303269054380992,0.0013303269054380992,fit
Bulk_284,/home/jinsookim/HEA_MC/PtPdRhRuIr/cgcnn/root_dir/Bulk_284.cif,0.0199908481250004,bulk,32,32,32.0,0.02115213156553798,-0.0011612834405375777,0.0011612834405375777,0.020696074607072526,-0.000705226482072125,0.000705226482072125,fit
Bulk_285,/home/jinsookim/HEA_MC/PtPdRhRuIr/cgcnn/root_dir/Bulk_285.cif,0.0060334984374996,bulk,32,32,32.0,0.005466244936212428,0.0005672535012871717,0.0005672535012871717,0.005723359546743778,0.00031013889075582213,0.00031013889075582213,fit
Bulk_286,/home/jinsookim/HEA_MC/PtPdRhRuIr/cgcnn/root_dir/Bulk_286.cif,0.0445549937500002,bulk,32,32,32.0,0.047016052240365994,-0.0024610584903657917,0.0024610584903657917,0.04713260415955854,-0.0025776104095583396,0.0025776104095583396,fit
Bulk_287,/home/jinsookim/HEA_MC/PtPdRhRuIr/cgcnn/root_dir/Bulk_287.cif,0.0468347978125001,bulk,32,32,32.0,0.04972302119175176,-0.00288822337925166,0.00288822337925166,0.049450815760217044,-0.002616017947716945,0.002616017947716945,fit
Bulk_288,/home/jinsookim/HEA_MC/PtPdRhRuIr/cgcnn/root_dir/Bulk_288.cif,0.0106012428125001,bulk,32,32,32.0,0.01080444809012547,-0.00020320527762537031,0.00020320527762537031,0.011103390526031,-0.000502147713530899,0.000502147713530899,holdout
Bulk_289,/home/jinsookim/HEA_MC/PtPdRhRuIr/cgcnn/root_dir/Bulk_289.cif,0.0454607631250008,bulk,32,32,32.0,0.044584012678707804,0.0008767504462929981,0.0008767504462929981,0.044411179341658856,0.0010495837833419466,0.0010495837833419466,fit
Bulk_290,/home/jinsookim/HEA_MC/PtPdRhRuIr/cgcnn/root_dir/Bulk_290.cif,0.093274306875001,bulk,32,32,32.0,0.08891250175952901,0.0043618051154719895,0.0043618051154719895,0.08875321174294618,0.004521095132054828,0.004521095132054828,fit
Bulk_291,/home/jinsookim/HEA_MC/PtPdRhRuIr/cgcnn/root_dir/Bulk_291.cif,0.0385773843749994,bulk,32,32,32.0,0.038199136932515615,0.00037824744248378395,0.00037824744248378395,0.03831491961146249,0.00026246476353691123,0.00026246476353691123,fit
Bulk_292,/home/jinsookim/HEA_MC/PtPdRhRuIr/cgcnn/root_dir/Bulk_292.cif,0.0328540109374992,bulk,32,32,32.0,0.032275456524850595,0.0005785544126486047,0.0005785544126486047,0.03196532625862295,0.0008886846788762476,0.0008886846788762476,fit
Bulk_293,/home/jinsookim/HEA_MC/PtPdRhRuIr/cgcnn/root_dir/Bulk_293.cif,0.0291916765624993,bulk,32,32,32.0,0.03055397762863518,-0.0013623010661358813,0.0013623010661358813,0.030656161324594193,-0.0014644847620948927,0.0014644847620948927,fit
Bulk_294,/home/jinsookim/HEA_MC/PtPdRhRuIr/cgcnn/root_dir/Bulk_294.cif,0.0227761790624994,bulk,32,32,32.0,0.023064411772675906,-0.00028823271017650726,0.00028823271017650726,0.022893949624973917,-0.00011777056247451803,0.00011777056247451803,fit
Bulk_295,/home/jinsookim/HEA_MC/PtPdRhRuIr/cgcnn/root_dir/Bulk_295.cif,0.0374867343750002,bulk,32,32,32.0,0.038365933231872484,-0.0008791988568722861,0.0008791988568722861,0.03813989097369724,-0.0006531565986970383,0.0006531565986970383,holdout
Bulk_296,/home/jinsookim/HEA_MC/PtPdRhRuIr/cgcnn/root_dir/Bulk_296.cif,0.0164797600000001,bulk,32,32,32.0,0.01514634029044767,0.0013334197095524296,0.0013334197095524296,0.015145029070125991,0.0013347309298741093,0.0013347309298741093,fit
Bulk_297,/home/jinsookim/HEA_MC/PtPdRhRuIr/cgcnn/root_dir/Bulk_297.cif,-0.0119742440625003,bulk,32,32,32.0,-0.013703315572253842,0.0017290715097535419,0.0017290715097535419,-0.01410966068083707,0.00213541661833677,0.00213541661833677,fit
Bulk_298,/home/jinsookim/HEA_MC/PtPdRhRuIr/cgcnn/root_dir/Bulk_298.cif,0.0330874606249995,bulk,32,32,32.0,0.033975037339585526,-0.0008875767145860233,0.0008875767145860233,0.034010552762601405,-0.0009230921376019025,0.0009230921376019025,fit
Bulk_299,/home/jinsookim/HEA_MC/PtPdRhRuIr/cgcnn/root_dir/Bulk_299.cif,0.031021795,bulk,32,32,32.0,0.03293535387985014,-0.0019135588798501364,0.0019135588798501364,0.032940307746601276,-0.0019185127466012745,0.0019185127466012745,fit
Bulk_300,/home/jinsookim/HEA_MC/PtPdRhRuIr/cgcnn/root_dir/Bulk_300.cif,0.0442406093750005,bulk,32,32,32.0,0.043361953616996136,0.0008786557580043666,0.0008786557580043666,0.043446148950566865,0.0007944604244336378,0.0007944604244336378,fit
Bulk_301,/home/jinsookim/HEA_MC/PtPdRhRuIr/cgcnn/root_dir/Bulk_301.cif,0.0082747909374996,bulk,32,32,32.0,0.00717327434493715,0.001101516592562449,0.001101516592562449,0.007203924057236426,0.0010708668802631733,0.0010708668802631733,fit
Bulk_302,/home/jinsookim/HEA_MC/PtPdRhRuIr/cgcnn/root_dir/Bulk_302.cif,0.0226888062499996,bulk,32,32,32.0,0.020335203085856124,0.002353603164143476,0.002353603164143476,0.020142694117318692,0.0025461121326809076,0.0025461121326809076,fit
Bulk_303,/home/jinsookim/HEA_MC/PtPdRhRuIr/cgcnn/root_dir/Bulk_303.cif,0.0289887537500002,bulk,32,32,32.0,0.029407988976567406,-0.0004192352265672064,0.0004192352265672064,0.029436297112842468,-0.0004475433628422683,0.0004475433628422683,fit
Bulk_304,/home/jinsookim/HEA_MC/PtPdRhRuIr/cgcnn/root_dir/Bulk_304.cif,0.0139340524999997,bulk,32,32,32.0,0.014362226117739659,-0.0004281736177399586,0.0004281736177399586,0.014379052781604324,-0.00044500028160462425,0.00044500028160462425,fit
Bulk_305,/home/jinsookim/HEA_MC/PtPdRhRuIr/cgcnn/root_dir/Bulk_305.cif,0.0449716787499996,bulk,32,32,32.0,0.04210112208911059,0.0028705566608890065,0.0028705566608890065,0.04209330399490868,0.0028783747550909164,0.0028783747550909164,fit
Bulk_306,/home/jinsookim/HEA_MC/PtPdRhRuIr/cgcnn/root_dir/Bulk_306.cif,0.0421251696874991,bulk,32,32,32.0,0.04116079398950247,0.0009643756979966361,0.0009643756979966361,0.04108984307921826,0.0010353266082808454,0.0010353266082808454,fit
Bulk_307,/home/jinsookim/HEA_MC/PtPdRhRuIr/cgcnn/root_dir/Bulk_307.cif,0.0355235065624999,bulk,32,32,32.0,0.03488896938233212,0.000634537180167774,0.000634537180167774,0.03505451064292892,0.00046899591957097475,0.00046899591957097475,fit
Bulk_308,/home/jinsookim/HEA_MC/PtPdRhRuIr/cgcnn/root_dir/Bulk_308.cif,0.0251114712499997,bulk,32,32,32.0,0.024881504286643544,0.00022996696335615685,0.00022996696335615685,0.024779721409874653,0.00033174984012504863,0.00033174984012504863,fit
Bulk_309,/home/jinsookim/HEA_MC/PtPdRhRuIr/cgcnn/root_dir/Bulk_309.cif,0.0032555949999988,bulk,32,32,32.0,0.0016832218721564568,0.0015723731278423432,0.0015723731278423432,0.0016870893187925368,0.0015685056812062633,0.0015685056812062633,fit
Bulk_310,/home/jinsookim/HEA_MC/PtPdRhRuIr/cgcnn/root_dir/Bulk_310.cif,-0.0125331296874993,bulk,32,32,32.0,-0.013609043142499375,0.0010759134550000753,0.0010759134550000753,-0.013755801717631145,0.001222672030131846,0.001222672030131846,fit
Bulk_311,/home/jinsookim/HEA_MC/PtPdRhRuIr/cgcnn/root_dir/Bulk_311.cif,0.0458603715624992,bulk,32,32,32.0,0.046822570279602925,-0.000962198717103728,0.000962198717103728,0.04696310025216359,-0.0011027286896643923,0.0011027286896643923,fit
Bulk_312,/home/jinsookim/HEA_MC/PtPdRhRuIr/cgcnn/root_dir/Bulk_312.cif,0.0195632149999998,bulk,32,32,32.0,0.020334205366334325,-0.0007709903663345244,0.0007709903663345244,0.020551635597153887,-0.0009884205971540869,0.0009884205971540869,fit
Bulk_313,/home/jinsookim/HEA_MC/PtPdRhRuIr/cgcnn/root_dir/Bulk_313.cif,0.0041736356249995,bulk,32,32,32.0,-0.0012272912682721737,0.005400926893271674,0.005400926893271674,-0.0008434211229196853,0.0050170567479191856,0.0050170567479191856,fit
Bulk_314,/home/jinsookim/HEA_MC/PtPdRhRuIr/cgcnn/root_dir/Bulk_314.cif,0.0055791234375002,bulk,32,32,32.0,0.01002315809000761,-0.00444403465250741,0.00444403465250741,0.010016429439485174,-0.004437306001984974,0.004437306001984974,fit
Bulk_315,/home/jinsookim/HEA_MC/PtPdRhRuIr/cgcnn/root_dir/Bulk_315.cif,-0.0097857396874996,bulk,32,32,32.0,-0.010225359684926797,0.00043961999742719686,0.00043961999742719686,-0.010303054943452367,0.0005173152559527668,0.0005173152559527668,holdout
Bulk_316,/home/jinsookim/HEA_MC/PtPdRhRuIr/cgcnn/root_dir/Bulk_316.cif,0.0293689021874996,bulk,32,32,32.0,0.029268514943070766,0.0001003872444288352,0.0001003872444288352,0.029050928758003355,0.00031797342949624677,0.00031797342949624677,fit
Bulk_317,/home/jinsookim/HEA_MC/PtPdRhRuIr/cgcnn/root_dir/Bulk_317.cif,0.0438384274999998,bulk,32,32,32.0,0.044980633010669686,-0.0011422055106698886,0.0011422055106698886,0.04520225445254514,-0.0013638269525453398,0.0013638269525453398,fit
Bulk_318,/home/jinsookim/HEA_MC/PtPdRhRuIr/cgcnn/root_dir/Bulk_318.cif,0.0252877034374998,bulk,32,32,32.0,0.02483616883962806,0.0004515345978717382,0.0004515345978717382,0.02482135832312139,0.0004663451143784095,0.0004663451143784095,fit
Bulk_319,/home/jinsookim/HEA_MC/PtPdRhRuIr/cgcnn/root_dir/Bulk_319.cif,0.0206275746875004,bulk,32,32,32.0,0.025353174059959974,-0.004725599372459574,0.004725599372459574,0.02560369875482303,-0.004976124067322632,0.004976124067322632,fit
Bulk_320,/home/jinsookim/HEA_MC/PtPdRhRuIr/cgcnn/root_dir/Bulk_320.cif,0.0148370943749984,bulk,32,32,32.0,0.013044072343400874,0.0017930220315975267,0.0017930220315975267,0.012834604308433306,0.0020024900665650946,0.0020024900665650946,fit
Bulk_321,/home/jinsookim/HEA_MC/PtPdRhRuIr/cgcnn/root_dir/Bulk_321.cif,0.0416169434375008,bulk,32,32,32.0,0.043078800746216936,-0.001461857308716133,0.001461857308716133,0.043140475979007095,-0.0015235325415062922,0.0015235325415062922,fit
Bulk_322,/home/jinsookim/HEA_MC/PtPdRhRuIr/cgcnn/root_dir/Bulk_322.cif,0.0491193984375009,bulk,32,32,32.0,0.051392498788874724,-0.002273100351373826,0.002273100351373826,0.05124721464063199,-0.002127816203131093,0.002127816203131093,fit
Bulk_323,/home/jinsookim/HEA_MC/PtPdRhRuIr/cgcnn/root_dir/Bulk_323.cif,-0.0178825071874992,bulk,32,32,32.0,-0.014922911160018522,-0.0029595960274806776,0.0029595960274806776,-0.014969749690242451,-0.002912757497256748,0.002912757497256748,fit
Bulk_324,/home/jinsookim/HEA_MC/PtPdRhRuIr/cgcnn/root_dir/Bulk_324.cif,0.0120923387499995,bulk,32,32,32.0,0.01220370971534434,-0.00011137096534484005,0.00011137096534484005,0.012329069602050744,-0.00023673085205124476,0.00023673085205124476,fit
Bulk_325,/home/jinsookim/HEA_MC/PtPdRhRuIr/cgcnn/root_dir/Bulk_325.cif,0.0296919265625001,bulk,32,32,32.0,0.029718369676138893,-2.6443113638793814e-05,2.6443113638793814e-05,0.029710321749978015,-1.8395187477916047e-05,1.8395187477916047e-05,fit
Bulk_326,/home/jinsookim/HEA_MC/PtPdRhRuIr/cgcnn/root_dir/Bulk_326.cif,0.0296702993749997,bulk,32,32,32.0,0.030643034132545093,-0.0009727347575453939,0.0009727347575453939,0.03065581017839743,-0.0009855108033977322,0.0009855108033977322,fit
Bulk_327,/home/jinsookim/HEA_MC/PtPdRhRuIr/cgcnn/root_dir/Bulk_327.cif,0.0462456562499999,bulk,32,32,32.0,0.04727070347011057,-0.001025047220110674,0.001025047220110674,0.04741252793615739,-0.0011668716861574918,0.0011668716861574918,fit
Bulk_328,/home/jinsookim/HEA_MC/PtPdRhRuIr/cgcnn/root_dir/Bulk_328.cif,0.0186168621874989,bulk,32,32,32.0,0.01872222904358726,-0.00010536685608835902,0.00010536685608835902,0.019068604943854053,-0.0004517427563551536,0.0004517427563551536,fit
Bulk_329,/home/jinsookim/HEA_MC/PtPdRhRuIr/cgcnn/root_dir/Bulk_329.cif,0.0156067128125005,bulk,32,32,32.0,0.015471879328814124,0.0001348334836863748,0.0001348334836863748,0.015428171580140598,0.00017854123235990123,0.00017854123235990123,fit
Bulk_330,/home/jinsookim/HEA_MC/PtPdRhRuIr/cgcnn/root_dir/Bulk_330.cif,0.025601434374999,bulk,32,32,32.0,0.02441086666669497,0.00119056770830403,0.00119056770830403,0.02444511398419115,0.0011563203908078502,0.0011563203908078502,holdout
Bulk_331,/home/jinsookim/HEA_MC/PtPdRhRuIr/cgcnn/root_dir/Bulk_331.cif,0.0257092850000004,bulk,32,32,32.0,0.027575292953238455,-0.0018660079532380539,0.0018660079532380539,0.0274742635475407,-0.0017649785475402982,0.0017649785475402982,fit
Bulk_332,/home/jinsookim/HEA_MC/PtPdRhRuIr/cgcnn/root_dir/Bulk_332.cif,0.0001043324999994,bulk,32,32,32.0,0.0018631997835611598,-0.00175886728356176,0.00175886728356176,0.001577846914328978,-0.001473514414329578,0.001473514414329578,fit
Bulk_333,/home/jinsookim/HEA_MC/PtPdRhRuIr/cgcnn/root_dir/Bulk_333.cif,0.0476202090624999,bulk,32,32,32.0,0.05012893735384,-0.0025087282913400996,0.0025087282913400996,0.04998283929272178,-0.0023626302302218807,0.0023626302302218807,fit
Bulk_334,/home/jinsookim/HEA_MC/PtPdRhRuIr/cgcnn/root_dir/Bulk_334.cif,0.031810633437499,bulk,32,32,32.0,0.030708038671851005,0.0011025947656479948,0.0011025947656479948,0.03052565542157723,0.00128497801592177,0.00128497801592177,fit
Bulk_335,/home/jinsookim/HEA_MC/PtPdRhRuIr/cgcnn/root_dir/Bulk_335.cif,0.0079986471874997,bulk,32,32,32.0,0.006377549940431174,0.0016210972470685255,0.0016210972470685255,0.0063174800459190605,0.0016811671415806386,0.0016811671415806386,fit
Bulk_336,/home/jinsookim/HEA_MC/PtPdRhRuIr/cgcnn/root_dir/Bulk_336.cif,0.0160140193749995,bulk,32,32,32.0,0.01905593129110245,-0.0030419119161029483,0.0030419119161029483,0.0188714410676453,-0.0028574216926457972,0.0028574216926457972,fit
Bulk_337,/home/jinsookim/HEA_MC/PtPdRhRuIr/cgcnn/root_dir/Bulk_337.cif,0.0486194034374998,bulk,32,32,32.0,0.04850598480519445,0.00011341863230535099,0.00011341863230535099,0.04868812248362356,-6.87190461237594e-05,6.87190461237594e-05,holdout
Bulk_338,/home/jinsookim/HEA_MC/PtPdRhRuIr/cgcnn/root_dir/Bulk_338.cif,0.0182008284374992,bulk,32,32,32.0,0.01897306312179741,-0.000772234684298212,0.000772234684298212,0.018974847944564378,-0.0007740195070651788,0.0007740195070651788,fit
Bulk_339,/home/jinsookim/HEA_MC/PtPdRhRuIr/cgcnn/root_dir/Bulk_339.cif,0.0071791203125002,bulk,32,32,32.0,0.00901318881172053,-0.0018340684992203295,0.0018340684992203295,0.009134263133022645,-0.001955142820522445,0.001955142820522445,fit
Bulk_340,/home/jinsookim/HEA_MC/PtPdRhRuIr/cgcnn/root_dir/Bulk_340.cif,-0.0018499837499996,bulk,32,32,32.0,-0.0028647664017691678,0.0010147826517695677,0.0010147826517695677,-0.002626769706504918,0.000776785956505318,0.000776785956505318,fit
Bulk_341,/home/jinsookim/HEA_MC/PtPdRhRuIr/cgcnn/root_dir/Bulk_341.cif,0.0326130790625001,bulk,32,32,32.0,0.03242566749957843,0.00018741156292166605,0.00018741156292166605,0.032309500815592404,0.00030357824690769447,0.00030357824690769447,fit
Bulk_342,/home/jinsookim/HEA_MC/PtPdRhRuIr/cgcnn/root_dir/Bulk_342.cif,0.0066400743749994,bulk,32,32,32.0,0.005970533722291144,0.0006695406527082561,0.0006695406527082561,0.006043022600897636,0.0005970517741017639,0.0005970517741017639,fit
Bulk_343,/home/jinsookim/HEA_MC/PtPdRhRuIr/cgcnn/root_dir/Bulk_343.cif,0.0542212299999995,bulk,32,32,32.0,0.0552240410387284,-0.0010028110387288944,0.0010028110387288944,0.05539006449231691,-0.0011688344923174096,0.0011688344923174096,holdout
Bulk_344,/home/jinsookim/HEA_MC/PtPdRhRuIr/cgcnn/root_dir/Bulk_344.cif,0.0183692050000008,bulk,32,32,32.0,0.017570511525579285,0.0007986934744215156,0.0007986934744215156,0.017466931810949257,0.0009022731890515438,0.0009022731890515438,fit
Bulk_345,/home/jinsookim/HEA_MC/PtPdRhRuIr/cgcnn/root_dir/Bulk_345.cif,0.0464824309375,bulk,32,32,32.0,0.04783267812748327,-0.001350247189983271,0.001350247189983271,0.047849396701165066,-0.0013669657636650664,0.0013669657636650664,fit
Bulk_346,/home/jinsookim/HEA_MC/PtPdRhRuIr/cgcnn/root_dir/Bulk_346.cif,0.022299545937499,bulk,32,32,32.0,0.02195094520347949,0.00034860073401950936,0.00034860073401950936,0.02209048793461979,0.00020905800287920884,0.00020905800287920884,fit
Bulk_347,/home/jinsookim/HEA_MC/PtPdRhRuIr/cgcnn/root_dir/Bulk_347.cif,0.0605756431249995,bulk,32,32,32.0,0.061944366227891984,-0.0013687231028924815,0.0013687231028924815,0.062145742649750244,-0.0015700995247507413,0.0015700995247507413,fit
Bulk_348,/home/jinsookim/HEA_MC/PtPdRhRuIr/cgcnn/root_dir/Bulk_348.cif,0.0263320381250009,bulk,32,32,32.0,0.02733167811623353,-0.0009996399912326308,0.0009996399912326308,0.02760189976903174,-0.0012698616440308397,0.0012698616440308397,fit
Bulk_349,/home/jinsookim/HEA_MC/PtPdRhRuIr/cgcnn/root_dir/Bulk_349.cif,0.0294717231249999,bulk,32,32,32.0,0.031032705361684943,-0.001560982236685042,0.001560982236685042,0.0308300646272148,-0.0013583415022149006,0.0013583415022149006,fit
Bulk_350,/home/jinsookim/HEA_MC/PtPdRhRuIr/cgcnn/root_dir/Bulk_350.cif,0.0074584490624998,bulk,32,32,32.0,0.008588274487271367,-0.001129825424771567,0.001129825424771567,0.008385806690171029,-0.0009273576276712285,0.0009273576276712285,fit
Bulk_351,/home/jinsookim/HEA_MC/PtPdRhRuIr/cgcnn/root_dir/Bulk_351.cif,0.0381422459375002,bulk,32,32,32.0,0.03821954078488022,-7.72948473800189e-05,7.72948473800189e-05,0.03798555019089503,0.00015669574660517188,0.00015669574660517188,fit
Bulk_352,/home/jinsookim/HEA_MC/PtPdRhRuIr/cgcnn/root_dir/Bulk_352.cif,0.0162453543749991,bulk,32,32,32.0,0.015895294063096387,0.0003500603119027147,0.0003500603119027147,0.01570930084287482,0.0005360535321242803,0.0005360535321242803,fit
Bulk_353,/home/jinsookim/HEA_MC/PtPdRhRuIr/cgcnn/root_dir/Bulk_353.cif,0.0759490934375,bulk,32,32,32.0,0.07741423567184377,-0.0014651422343437692,0.0014651422343437692,0.07763249311322418,-0.0016833996757241732,0.0016833996757241732,fit
Bulk_354,/home/jinsookim/HEA_MC/PtPdRhRuIr/cgcnn/root_dir/Bulk_354.cif,0.0457052056250004,bulk,32,32,32.0,0.04792382371148676,-0.0022186180864863653,0.0022186180864863653,0.04766738472918458,-0.0019621791041841835,0.0019621791041841835,fit
Bulk_355,/home/jinsookim/HEA_MC/PtPdRhRuIr/cgcnn/root_dir/Bulk_355.cif,0.0226840962499998,bulk,32,32,32.0,0.022529346271811454,0.00015474997818834546,0.00015474997818834546,0.022449181108587124,0.00023491514141267544,0.00023491514141267544,fit
Bulk_356,/home/jinsookim/HEA_MC/PtPdRhRuIr/cgcnn/root_dir/Bulk_356.cif,0.0457257103124995,bulk,32,32,32.0,0.052187233061776736,-0.006461522749277235,0.006461522749277235,0.05205309322349401,-0.0063273829109945084,0.0063273829109945084,fit
Bulk_357,/home/jinsookim/HEA_MC/PtPdRhRuIr/cgcnn/root_dir/Bulk_357.cif,0.0292159506249998,bulk,32,32,32.0,0.02741416815514243,0.00180178246985737,0.00180178246985737,0.027366572510338513,0.0018493781146612862,0.0018493781146612862,fit
Bulk_358,/home/jinsookim/HEA_MC/PtPdRhRuIr/cgcnn/root_dir/Bulk_358.cif,-0.0001533228124994,bulk,32,32,32.0,-0.0028097103372709126,0.0026563875247715128,0.0026563875247715128,-0.002851623828845358,0.002698301016345958,0.002698301016345958,fit
Bulk_359,/home/jinsookim/HEA_MC/PtPdRhRuIr/cgcnn/root_dir/Bulk_359.cif,0.0632406381249994,bulk,32,32,32.0,0.06623687942308712,-0.002996241298087718,0.002996241298087718,0.06617404269671555,-0.002933404571716147,0.002933404571716147,fit
Bulk_360,/home/jinsookim/HEA_MC/PtPdRhRuIr/cgcnn/root_dir/Bulk_360.cif,0.0114187025000003,bulk,32,32,32.0,0.011019263685825193,0.00039943881417510603,0.00039943881417510603,0.011177735120703617,0.00024096737929668252,0.00024096737929668252,fit
Bulk_361,/home/jinsookim/HEA_MC/PtPdRhRuIr/cgcnn/root_dir/Bulk_361.cif,-0.0143176393749993,bulk,32,32,32.0,-0.01917258396091314,0.00485494458591384,0.00485494458591384,-0.019141180475529995,0.004823541100530694,0.004823541100530694,fit
Bulk_362,/home/jinsookim/HEA_MC/PtPdRhRuIr/cgcnn/root_dir/Bulk_362.cif,0.0043996559375001,bulk,32,32,32.0,0.0030419171859418902,0.0013577387515582096,0.0013577387515582096,0.003259364063266039,0.0011402918742340609,0.0011402918742340609,fit
Bulk_363,/home/jinsookim/HEA_MC/PtPdRhRuIr/cgcnn/root_dir/Bulk_363.cif,0.0296978981249997,bulk,32,32,32.0,0.030942843958063314,-0.0012449458330636154,0.0012449458330636154,0.031048430288491777,-0.001350532163492079,0.001350532163492079,fit
Bulk_364,/home/jinsookim/HEA_MC/PtPdRhRuIr/cgcnn/root_dir/Bulk_364.cif,0.0363062796875004,bulk,32,32,32.0,0.034658797386921555,0.0016474823005788453,0.0016474823005788453,0.03493497233953953,0.0013713073479608706,0.0013713073479608706,fit
Bulk_365,/home/jinsookim/HEA_MC/PtPdRhRuIr/cgcnn/root_dir/Bulk_365.cif,0.0448879290624999,bulk,32,32,32.0,0.04492029248715622,-3.2363424656317585e-05,3.2363424656317585e-05,0.04489272076745988,-4.791704959976328e-06,4.791704959976328e-06,fit
Bulk_366,/home/jinsookim/HEA_MC/PtPdRhRuIr/cgcnn/root_dir/Bulk_366.cif,0.0322566634374998,bulk,32,32,32.0,0.03222102217000258,3.56412674972148e-05,3.56412674972148e-05,0.032179506276623214,7.71571608765842e-05,7.71571608765842e-05,fit
Bulk_367,/home/jinsookim/HEA_MC/PtPdRhRuIr/cgcnn/root_dir/Bulk_367.cif,0.03812128625,bulk,32,32,32.0,0.03718252200474715,0.0009387642452528475,0.0009387642452528475,0.037226439460786166,0.0008948467892138309,0.0008948467892138309,fit
Bulk_368,/home/jinsookim/HEA_MC/PtPdRhRuIr/cgcnn/root_dir/Bulk_368.cif,0.0362344700000001,bulk,32,32,32.0,0.03836524812579821,-0.002130778125798108,0.002130778125798108,0.03877625766696379,-0.0025417876669636894,0.0025417876669636894,fit
Bulk_369,/home/jinsookim/HEA_MC/PtPdRhRuIr/cgcnn/root_dir/Bulk_369.cif,0.0118402753124993,bulk,32,32,32.0,0.01157564387458512,0.00026463143791418016,0.00026463143791418016,0.011566824719120763,0.000273450593378537,0.000273450593378537,fit
Bulk_370,/home/jinsookim/HEA_MC/PtPdRhRuIr/cgcnn/root_dir/Bulk_370.cif,-0.0113717896875007,bulk,32,32,32.0,-0.01299138588166971,0.00161959619416901,0.00161959619416901,-0.013196485786556904,0.0018246960990562031,0.0018246960990562031,fit
Bulk_371,/home/jinsookim/HEA_MC/PtPdRhRuIr/cgcnn/root_dir/Bulk_371.cif,0.0359831959374989,bulk,32,32,32.0,0.03813341075303267,-0.00215021481553377,0.00215021481553377,0.03822212150189677,-0.0022389255643978714,0.0022389255643978714,fit
Bulk_372,/home/jinsookim/HEA_MC/PtPdRhRuIr/cgcnn/root_dir/Bulk_372.cif,0.0084304384375002,bulk,32,32,32.0,0.009183095550614875,-0.0007526571131146759,0.0007526571131146759,0.009364137906635494,-0.0009336994691352945,0.0009336994691352945,fit
Bulk_373,/home/jinsookim/HEA_MC/PtPdRhRuIr/cgcnn/root_dir/Bulk_373.cif,-0.0044065965625001,bulk,32,32,32.0,-0.00515560885553574,0.0007490122930356403,0.0007490122930356403,-0.0048606508019438215,0.00045405423944372154,0.00045405423944372154,fit
Bulk_374,/home/jinsookim/HEA_MC/PtPdRhRuIr/cgcnn/root_dir/Bulk_374.cif,-0.0042321162500007,bulk,32,32,32.0,-0.008353330896570733,0.004121214646570033,0.004121214646570033,-0.008300484621841717,0.004068368371841017,0.004068368371841017,fit
Bulk_375,/home/jinsookim/HEA_MC/PtPdRhRuIr/cgcnn/root_dir/Bulk_375.cif,-0.0106023756249999,bulk,32,32,32.0,-0.010188936965955575,-0.00041343865904432467,0.00041343865904432467,-0.010050688434044597,-0.0005516871909553023,0.0005516871909553023,fit
Bulk_376,/home/jinsookim/HEA_MC/PtPdRhRuIr/cgcnn/root_dir/Bulk_376.cif,0.012779087187499,bulk,32,32,32.0,0.013997274764980742,-0.001218187577481742,0.001218187577481742,0.01404239220619393,-0.0012633050186949303,0.0012633050186949303,fit
Bulk_377,/home/jinsookim/HEA_MC/PtPdRhRuIr/cgcnn/root_dir/Bulk_377.cif,0.0307750671874993,bulk,32,32,32.0,0.029665140510841063,0.001109926676658237,0.001109926676658237,0.029648184294540365,0.0011268828929589352,0.0011268828929589352,fit
Bulk_378,/home/jinsookim/HEA_MC/PtPdRhRuIr/cgcnn/root_dir/Bulk_378.cif,0.0180320696875,bulk,32,32,32.0,0.017619501491945157,0.0004125681955548417,0.0004125681955548417,0.017546177123022096,0.0004858925644779036,0.0004858925644779036,holdout
Bulk_379,/home/jinsookim/HEA_MC/PtPdRhRuIr/cgcnn/root_dir/Bulk_379.cif,0.0243576121874999,bulk,32,32,32.0,0.023917535951101007,0.00044007623639889457,0.00044007623639889457,0.024005048494559596,0.000352563692940306,0.000352563692940306,holdout
Bulk_380,/home/jinsookim/HEA_MC/PtPdRhRuIr/cgcnn/root_dir/Bulk_380.cif,0.0638048528125008,bulk,32,32,32.0,0.06751785117595265,-0.003712998363451847,0.003712998363451847,0.0676403099646792,-0.0038354571521783953,0.0038354571521783953,fit
Bulk_381,/home/jinsookim/HEA_MC/PtPdRhRuIr/cgcnn/root_dir/Bulk_381.cif,0.0401777775000002,bulk,32,32,32.0,0.039603470281253696,0.0005743072187465031,0.0005743072187465031,0.03945582537186519,0.0007219521281350075,0.0007219521281350075,fit
Bulk_382,/home/jinsookim/HEA_MC/PtPdRhRuIr/cgcnn/root_dir/Bulk_382.cif,0.0383251340624992,bulk,32,32,32.0,0.03936729761359966,-0.0010421635511004626,0.0010421635511004626,0.039409112534966394,-0.0010839784724671966,0.0010839784724671966,fit
Bulk_383,/home/jinsookim/HEA_MC/PtPdRhRuIr/cgcnn/root_dir/Bulk_383.cif,0.0118875987500004,bulk,32,32,32.0,0.010823806202165949,0.0010637925478344506,0.0010637925478344506,0.010876746267964527,0.0010108524820358726,0.0010108524820358726,fit
Bulk_384,/home/jinsookim/HEA_MC/PtPdRhRuIr/cgcnn/root_dir/Bulk_384.cif,-0.0248847449999995,bulk,32,32,32.0,-0.02589513825450287,0.001010393254503368,0.001010393254503368,-0.02595623670368919,0.0010714917036896907,0.0010714917036896907,fit
Bulk_385,/home/jinsookim/HEA_MC/PtPdRhRuIr/cgcnn/root_dir/Bulk_385.cif,0.0062573543749993,bulk,32,32,32.0,0.007568436898690157,-0.0013110825236908562,0.0013110825236908562,0.007781453591397336,-0.0015240992163980359,0.0015240992163980359,holdout
Bulk_386,/home/jinsookim/HEA_MC/PtPdRhRuIr/cgcnn/root_dir/Bulk_386.cif,0.0292503365624998,bulk,32,32,32.0,0.028727178573778177,0.0005231579887216217,0.0005231579887216217,0.028507414614326165,0.0007429219481736339,0.0007429219481736339,fit
Bulk_387,/home/jinsookim/HEA_MC/PtPdRhRuIr/cgcnn/root_dir/Bulk_387.cif,0.0163940009374998,bulk,32,32,32.0,0.015837737535986184,0.0005562634015136153,0.0005562634015136153,0.015625718987027516,0.0007682819504722833,0.0007682819504722833,holdout
Bulk_388,/home/jinsookim/HEA_MC/PtPdRhRuIr/cgcnn/root_dir/Bulk_388.cif,0.0123323437499998,bulk,32,32,32.0,0.011574136266444768,0.0007582074835550314,0.0007582074835550314,0.01129782128222173,0.0010345224677780693,0.0010345224677780693,fit
Bulk_389,/home/jinsookim/HEA_MC/PtPdRhRuIr/cgcnn/root_dir/Bulk_389.cif,0.0438072912500002,bulk,32,32,32.0,0.04529579655542942,-0.0014885053054292177,0.0014885053054292177,0.045232264944680335,-0.0014249736946801358,0.0014249736946801358,fit
Bulk_390,/home/jinsookim/HEA_MC/PtPdRhRuIr/cgcnn/root_dir/Bulk_390.cif,0.0167247831250003,bulk,32,32,32.0,0.01724071129749264,-0.0005159281724923422,0.0005159281724923422,0.01710632860180222,-0.00038154547680192136,0.00038154547680192136,fit
Bulk_391,/home/jinsookim/HEA_MC/PtPdRhRuIr/cgcnn/root_dir/Bulk_391.cif,0.0116664278125,bulk,32,32,32.0,0.012834219683052149,-0.001167791870552149,0.001167791870552149,0.013200438625146627,-0.0015340108126466277,0.0015340108126466277,holdout
Bulk_392,/home/jinsookim/HEA_MC/PtPdRhRuIr/cgcnn/root_dir/Bulk_392.cif,0.0233945100000001,bulk,32,32,32.0,0.022886616470914323,0.0005078935290857775,0.0005078935290857775,0.02297078362469124,0.00042372637530885965,0.00042372637530885965,fit
Bulk_393,/home/jinsookim/HEA_MC/PtPdRhRuIr/cgcnn/root_dir/Bulk_393.cif,0.0237038925000003,bulk,32,32,32.0,0.023540754760236024,0.00016313773976427484,0.00016313773976427484,0.02359217222762347,0.0001117202723768286,0.0001117202723768286,fit
Bulk_394,/home/jinsookim/HEA_MC/PtPdRhRuIr/cgcnn/root_dir/Bulk_394.cif,-0.0099480115624999,bulk,32,32,32.0,-0.010218284246941618,0.00027027268444171706,0.00027027268444171706,-0.010308707107475813,0.0003606955449759128,0.0003606955449759128,fit
Bulk_395,/home/jinsookim/HEA_MC/PtPdRhRuIr/cgcnn/root_dir/Bulk_395.cif,0.0727841753125,bulk,32,32,32.0,0.07084188637673114,0.0019422889357688655,0.0019422889357688655,0.07090579494009318,0.0018783803724068265,0.0018783803724068265,fit
Bulk_396,/home/jinsookim/HEA_MC/PtPdRhRuIr/cgcnn/root_dir/Bulk_396.cif,0.0565960556249995,bulk,32,32,32.0,0.05514982615541268,0.001446229469586821,0.001446229469586821,0.05523178455795379,0.0013642710670457095,0.0013642710670457095,fit
Bulk_397,/home/jinsookim/HEA_MC/PtPdRhRuIr/cgcnn/root_dir/Bulk_397.cif,0.0063624218749991,bulk,32,32,32.0,0.007929047272058537,-0.0015666253970594369,0.0015666253970594369,0.0078512146760573,-0.001488792801058199,0.001488792801058199,fit
Bulk_398,/home/jinsookim/HEA_MC/PtPdRhRuIr/cgcnn/root_dir/Bulk_398.cif,0.0265664449999993,bulk,32,32,32.0,0.02473374925758267,0.0018326957424166304,0.0018326957424166304,0.024849405666337337,0.0017170393336619627,0.0017170393336619627,fit
Bulk_399,/home/jinsookim/HEA_MC/PtPdRhRuIr/cgcnn/root_dir/Bulk_399.cif,0.0306066296875,bulk,32,32,32.0,0.032982029102562774,-0.0023753994150627726,0.0023753994150627726,0.03263156483634924,-0.0020249351488492405,0.0020249351488492405,fit
Bulk_400,/home/jinsookim/HEA_MC/PtPdRhRuIr/cgcnn/root_dir/Bulk_400.cif,0.0012029909375002,bulk,32,32,32.0,0.0002075435640207894,0.0009954473734794106,0.0009954473734794106,-3.650715368623547e-05,0.0012394980911864355,0.0012394980911864355,fit
Bulk_401,/home/jinsookim/HEA_MC/PtPdRhRuIr/cgcnn/root_dir/Bulk_401.cif,0.0159954153125001,bulk,32,32,32.0,0.016670212886229933,-0.0006747975737298323,0.0006747975737298323,0.016716817663751028,-0.0007214023512509271,0.0007214023512509271,holdout
Bulk_402,/home/jinsookim/HEA_MC/PtPdRhRuIr/cgcnn/root_dir/Bulk_402.cif,0.0120819562499994,bulk,32,32,32.0,0.012166937602643316,-8.498135264391714e-05,8.498135264391714e-05,0.012181452352523162,-9.949610252376305e-05,9.949610252376305e-05,fit
Bulk_403,/home/jinsookim/HEA_MC/PtPdRhRuIr/cgcnn/root_dir/Bulk_403.cif,0.0470710009374997,bulk,32,32,32.0,0.046331738513228325,0.0007392624242713725,0.0007392624242713725,0.046408124310153606,0.0006628766273460915,0.0006628766273460915,fit
Bulk_404,/home/jinsookim/HEA_MC/PtPdRhRuIr/cgcnn/root_dir/Bulk_404.cif,0.0172369946874999,bulk,32,32,32.0,0.01737030324059268,-0.00013330855309278203,0.00013330855309278203,0.017390305256964826,-0.00015331056946492685,0.00015331056946492685,fit
Bulk_405,/home/jinsookim/HEA_MC/PtPdRhRuIr/cgcnn/root_dir/Bulk_405.cif,0.0913970328125,bulk,32,32,32.0,0.0940790600146124,-0.0026820272021123998,0.0026820272021123998,0.09383192003965493,-0.0024348872271549304,0.0024348872271549304,fit
Bulk_406,/home/jinsookim/HEA_MC/PtPdRhRuIr/cgcnn/root_dir/Bulk_406.cif,-0.0276721118749989,bulk,32,32,32.0,-0.031156502597187368,0.003484390722188469,0.003484390722188469,-0.0318038926176863,0.004131780742687399,0.004131780742687399,holdout
Bulk_407,/home/jinsookim/HEA_MC/PtPdRhRuIr/cgcnn/root_dir/Bulk_407.cif,0.0260083921874993,bulk,32,32,32.0,0.02312342371875691,0.0028849684687423903,0.0028849684687423903,0.023083542432517142,0.002924849754982157,0.002924849754982157,fit
Bulk_408,/home/jinsookim/HEA_MC/PtPdRhRuIr/cgcnn/root_dir/Bulk_408.cif,0.0408257321875007,bulk,32,32,32.0,0.03870589519134428,0.002119836996156421,0.002119836996156421,0.038491039374951824,0.0023346928125488747,0.0023346928125488747,fit
Bulk_409,/home/jinsookim/HEA_MC/PtPdRhRuIr/cgcnn/root_dir/Bulk_409.cif,0.0256366115625006,bulk,32,32,32.0,0.025814321965434768,-0.00017771040293416973,0.00017771040293416973,0.02583077209647739,-0.00019416053397679212,0.00019416053397679212,fit
Bulk_410,/home/jinsookim/HEA_MC/PtPdRhRuIr/cgcnn/root_dir/Bulk_410.cif,0.0310581678125005,bulk,32,32,32.0,0.02904989056944855,0.0020082772430519494,0.0020082772430519494,0.029166718829311357,0.0018914489831891416,0.0018914489831891416,fit
Bulk_411,/home/jinsookim/HEA_MC/PtPdRhRuIr/cgcnn/root_dir/Bulk_411.cif,0.0164991637499989,bulk,32,32,32.0,0.014897244977030474,0.0016019187729684262,0.0016019187729684262,0.014899464438320145,0.0015996993116787553,0.0015996993116787553,fit
Bulk_412,/home/jinsookim/HEA_MC/PtPdRhRuIr/cgcnn/root_dir/Bulk_412.cif,0.0499533568749992,bulk,32,32,32.0,0.04918216463041508,0.0007711922445841207,0.0007711922445841207,0.04915927344868222,0.0007940834263169827,0.0007940834263169827,fit
Bulk_413,/home/jinsookim/HEA_MC/PtPdRhRuIr/cgcnn/root_dir/Bulk_413.cif,0.0193672993750002,bulk,32,32,32.0,0.022215251937974773,-0.002847952562974574,0.002847952562974574,0.021957370603020877,-0.002590071228020678,0.002590071228020678,fit
Bulk_414,/home/jinsookim/HEA_MC/PtPdRhRuIr/cgcnn/root_dir/Bulk_414.cif,0.0217473675000006,bulk,32,32,32.0,0.020774667804595023,0.0009726996954055774,0.0009726996954055774,0.020887979748836112,0.0008593877511644879,0.0008593877511644879,fit
Bulk_415,/home/jinsookim/HEA_MC/PtPdRhRuIr/cgcnn/root_dir/Bulk_415.cif,0.0100810609374999,bulk,32,32,32.0,0.012113003916723358,-0.0020319429792234577,0.0020319429792234577,0.011869892574999213,-0.0017888316374993132,0.0017888316374993132,fit
Bulk_416,/home/jinsookim/HEA_MC/PtPdRhRuIr/cgcnn/root_dir/Bulk_416.cif,0.0346014112499997,bulk,32,32,32.0,0.036261512395520445,-0.0016601011455207454,0.0016601011455207454,0.0360699593193803,-0.0014685480693805986,0.0014685480693805986,fit
Bulk_417,/home/jinsookim/HEA_MC/PtPdRhRuIr/cgcnn/root_dir/Bulk_417.cif,0.0208972468750001,bulk,32,32,32.0,0.02122772250308525,-0.0003304756280851501,0.0003304756280851501,0.021194022862955988,-0.00029677598795588636,0.00029677598795588636,fit
Bulk_418,/home/jinsookim/HEA_MC/PtPdRhRuIr/cgcnn/root_dir/Bulk_418.cif,0.0305343871875001,bulk,32,32,32.0,0.03055408081652456,-1.9693629024462173e-05,1.9693629024462173e-05,0.03068598542158687,-0.00015159823408677012,0.00015159823408677012,holdout
Bulk_419,/home/jinsookim/HEA_MC/PtPdRhRuIr/cgcnn/root_dir/Bulk_419.cif,0.0461532656250005,bulk,32,32,32.0,0.04913892443551796,-0.002985658810517461,0.002985658810517461,0.0491883014307547,-0.003035035805754198,0.003035035805754198,fit
Bulk_420,/home/jinsookim/HEA_MC/PtPdRhRuIr/cgcnn/root_dir/Bulk_420.cif,0.0587517106250006,bulk,32,32,32.0,0.06078088062393017,-0.0020291699989295683,0.0020291699989295683,0.0605337929272453,-0.0017820823022446988,0.0017820823022446988,fit
Bulk_421,/home/jinsookim/HEA_MC/PtPdRhRuIr/cgcnn/root_dir/Bulk_421.cif,0.0286804103125,bulk,32,32,32.0,0.028972923323349435,-0.00029251301084943365,0.00029251301084943365,0.029085059119852107,-0.0004046488073521058,0.0004046488073521058,fit
Bulk_422,/home/jinsookim/HEA_MC/PtPdRhRuIr/cgcnn/root_dir/Bulk_422.cif,0.0390805596875001,bulk,32,32,32.0,0.03924535617752768,-0.0001647964900275828,0.0001647964900275828,0.039223260815200486,-0.000142701127700387,0.000142701127700387,fit
Bulk_423,/home/jinsookim/HEA_MC/PtPdRhRuIr/cgcnn/root_dir/Bulk_423.cif,0.0072551371874984,bulk,32,32,32.0,0.0071563410053193145,9.879618217908514e-05,9.879618217908514e-05,0.006920878959925079,0.0003342582275733209,0.0003342582275733209,fit
Bulk_424,/home/jinsookim/HEA_MC/PtPdRhRuIr/cgcnn/root_dir/Bulk_424.cif,0.0456971387500004,bulk,32,32,32.0,0.04516246023247952,0.0005346785175208771,0.0005346785175208771,0.04563099819356175,6.614055643865135e-05,6.614055643865135e-05,fit
Bulk_425,/home/jinsookim/HEA_MC/PtPdRhRuIr/cgcnn/root_dir/Bulk_425.cif,0.0243884421875,bulk,32,32,32.0,0.022809105880943335,0.001579336306556666,0.001579336306556666,0.022744659243085698,0.0016437829444143036,0.0016437829444143036,fit
Bulk_426,/home/jinsookim/HEA_MC/PtPdRhRuIr/cgcnn/root_dir/Bulk_426.cif,0.0322960403125005,bulk,32,32,32.0,0.03285049309353708,-0.0005544527810365796,0.0005544527810365796,0.033090499542984264,-0.0007944592304837614,0.0007944592304837614,fit
Bulk_427,/home/jinsookim/HEA_MC/PtPdRhRuIr/cgcnn/root_dir/Bulk_427.cif,0.0196675174999994,bulk,32,32,32.0,0.016579095735937736,0.003088421764061662,0.003088421764061662,0.017123261699812282,0.0025442558001871167,0.0025442558001871167,fit
Bulk_428,/home/jinsookim/HEA_MC/PtPdRhRuIr/cgcnn/root_dir/Bulk_428.cif,0.0339220562500006,bulk,32,32,32.0,0.03313606565079324,0.0007859905992073646,0.0007859905992073646,0.03303038439468826,0.0008916718553123454,0.0008916718553123454,fit
Bulk_429,/home/jinsookim/HEA_MC/PtPdRhRuIr/cgcnn/root_dir/Bulk_429.cif,0.0044154887500003,bulk,32,32,32.0,0.005660990787009771,-0.001245502037009471,0.001245502037009471,0.005435448746326892,-0.0010199599963265915,0.0010199599963265915,fit
Bulk_430,/home/jinsookim/HEA_MC/PtPdRhRuIr/cgcnn/root_dir/Bulk_430.cif,0.0271020196874998,bulk,32,32,32.0,0.025951024799867488,0.0011509948876323138,0.0011509948876323138,0.026161313789064722,0.0009407058984350798,0.0009407058984350798,fit
Bulk_431,/home/jinsookim/HEA_MC/PtPdRhRuIr/cgcnn/root_dir/Bulk_431.cif,0.0571032221875,bulk,32,32,32.0,0.05555487600234432,0.0015483461851556746,0.0015483461851556746,0.0556725410353574,0.0014306811521426002,0.0014306811521426002,fit
Bulk_432,/home/jinsookim/HEA_MC/PtPdRhRuIr/cgcnn/root_dir/Bulk_432.cif,0.03354533125,bulk,32,32,32.0,0.03226325633401443,0.0012820749159855663,0.0012820749159855663,0.032298621753670126,0.0012467094963298717,0.0012467094963298717,fit
Bulk_433,/home/jinsookim/HEA_MC/PtPdRhRuIr/cgcnn/root_dir/Bulk_433.cif,0.0210945418749997,bulk,32,32,32.0,0.022169558046770524,-0.0010750161717708248,0.0010750161717708248,0.022245985834838427,-0.0011514439598387279,0.0011514439598387279,fit
Bulk_434,/home/jinsookim/HEA_MC/PtPdRhRuIr/cgcnn/root_dir/Bulk_434.cif,0.02557455125,bulk,32,32,32.0,0.02333314456476094,0.0022414066852390613,0.0022414066852390613,0.023435530327873613,0.0021390209221263876,0.0021390209221263876,fit
Bulk_435,/home/jinsookim/HEA_MC/PtPdRhRuIr/cgcnn/root_dir/Bulk_435.cif,0.0030959690624996,bulk,32,32,32.0,0.005075559796056704,-0.001979590733557104,0.001979590733557104,0.004763300941593843,-0.0016673318790942425,0.0016673318790942425,fit
Bulk_436,/home/jinsookim/HEA_MC/PtPdRhRuIr/cgcnn/root_dir/Bulk_436.cif,0.0190014134374996,bulk,32,32,32.0,0.019559399182338018,-0.0005579857448384171,0.0005579857448384171,0.01951581293363644,-0.0005143994961368387,0.0005143994961368387,fit
Bulk_437,/home/jinsookim/HEA_MC/PtPdRhRuIr/cgcnn/root_dir/Bulk_437.cif,0.0047371459374989,bulk,32,32,32.0,0.004044702427661381,0.0006924435098375186,0.0006924435098375186,0.003944834392433304,0.0007923115450655955,0.0007923115450655955,fit
Bulk_438,/home/jinsookim/HEA_MC/PtPdRhRuIr/cgcnn/root_dir/Bulk_438.cif,0.0109059378125007,bulk,32,32,32.0,0.009469706298189533,0.0014362315143111662,0.0014362315143111662,0.009481238347078695,0.0014246994654220045,0.0014246994654220045,fit
Bulk_439,/home/jinsookim/HEA_MC/PtPdRhRuIr/cgcnn/root_dir/Bulk_439.cif,0.0527655809375007,bulk,32,32,32.0,0.054503581338965046,-0.0017380004014643444,0.0017380004014643444,0.054407451202962864,-0.0016418702654621628,0.0016418702654621628,fit
Bulk_440,/home/jinsookim/HEA_MC/PtPdRhRuIr/cgcnn/root_dir/Bulk_440.cif,0.0398712990624998,bulk,32,32,32.0,0.04017623089063024,-0.00030493182813044056,0.00030493182813044056,0.040092490766040316,-0.0002211917035405131,0.0002211917035405131,fit
Bulk_441,/home/jinsookim/HEA_MC/PtPdRhRuIr/cgcnn/root_dir/Bulk_441.cif,0.0280133134374995,bulk,32,32,32.0,0.030197052564410583,-0.002183739126911083,0.002183739126911083,0.030189098866517397,-0.002175785429017897,0.002175785429017897,fit
Bulk_442,/home/jinsookim/HEA_MC/PtPdRhRuIr/cgcnn/root_dir/Bulk_442.cif,0.0296494875000004,bulk,32,32,32.0,0.029895516875562446,-0.00024602937556204504,0.00024602937556204504,0.029642556724213946,6.9307757864546515e-06,6.9307757864546515e-06,fit
Bulk_443,/home/jinsookim/HEA_MC/PtPdRhRuIr/cgcnn/root_dir/Bulk_443.cif,0.0301972949999997,bulk,32,32,32.0,0.03079042214347251,-0.0005931271434728089,0.0005931271434728089,0.030570267012770574,-0.00037297201277087383,0.00037297201277087383,fit
Bulk_444,/home/jinsookim/HEA_MC/PtPdRhRuIr/cgcnn/root_dir/Bulk_444.cif,0.026399709375001,bulk,32,32,32.0,0.02457981909861459,0.001819890276386408,0.001819890276386408,0.024681787036955366,0.0017179223380456334,0.0017179223380456334,fit
Bulk_445,/home/jinsookim/HEA_MC/PtPdRhRuIr/cgcnn/root_dir/Bulk_445.cif,0.0350473871875003,bulk,32,32,32.0,0.030360286728032093,0.004687100459468206,0.004687100459468206,0.030445896072941906,0.004601491114558393,0.004601491114558393,fit
Bulk_446,/home/jinsookim/HEA_MC/PtPdRhRuIr/cgcnn/root_dir/Bulk_446.cif,0.0470475121875004,bulk,32,32,32.0,0.047676766948616875,-0.0006292547611164781,0.0006292547611164781,0.047564704439974334,-0.0005171922524739372,0.0005171922524739372,fit
Bulk_447,/home/jinsookim/HEA_MC/PtPdRhRuIr/cgcnn/root_dir/Bulk_447.cif,0.0041431728124994,bulk,32,32,32.0,0.006095074858850202,-0.0019519020463508018,0.0019519020463508018,0.0058658119207500095,-0.0017226391082506096,0.0017226391082506096,fit
Bulk_448,/home/jinsookim/HEA_MC/PtPdRhRuIr/cgcnn/root_dir/Bulk_448.cif,0.0222595187499994,bulk,32,32,32.0,0.02456281044043054,-0.002303291690431142,0.002303291690431142,0.024211656579041133,-0.0019521378290417342,0.0019521378290417342,fit
Bulk_449,/home/jinsookim/HEA_MC/PtPdRhRuIr/cgcnn/root_dir/Bulk_449.cif,0.0573346065625006,bulk,32,32,32.0,0.05752606142226312,-0.00019145485976251875,0.00019145485976251875,0.05774917006295493,-0.0004145635004543305,0.0004145635004543305,fit
Bulk_450,/home/jinsookim/HEA_MC/PtPdRhRuIr/cgcnn/root_dir/Bulk_450.cif,-0.0138924899999999,bulk,32,32,32.0,-0.01741903863826303,0.0035265486382631307,0.0035265486382631307,-0.017401312036680397,0.003508822036680497,0.003508822036680497,fit
Bulk_451,/home/jinsookim/HEA_MC/PtPdRhRuIr/cgcnn/root_dir/Bulk_451.cif,0.0180730981249999,bulk,32,32,32.0,0.015840505777767674,0.002232592347232224,0.002232592347232224,0.016034870760551045,0.002038227364448853,0.002038227364448853,fit
Bulk_452,/home/jinsookim/HEA_MC/PtPdRhRuIr/cgcnn/root_dir/Bulk_452.cif,0.0251532790624997,bulk,32,32,32.0,0.026754782759531692,-0.0016015036970319918,0.0016015036970319918,0.026394713098320036,-0.0012414340358203359,0.0012414340358203359,fit
Bulk_453,/home/jinsookim/HEA_MC/PtPdRhRuIr/cgcnn/root_dir/Bulk_453.cif,0.0643755959375012,bulk,32,32,32.0,0.06327719823528025,0.001098397702220949,0.001098397702220949,0.06329627625214722,0.0010793196853539772,0.0010793196853539772,fit
Bulk_454,/home/jinsookim/HEA_MC/PtPdRhRuIr/cgcnn/root_dir/Bulk_454.cif,0.0133206287499998,bulk,32,32,32.0,0.013090853998825647,0.0002297747511741527,0.0002297747511741527,0.013158183064233525,0.00016244568576627427,0.00016244568576627427,fit
Bulk_455,/home/jinsookim/HEA_MC/PtPdRhRuIr/cgcnn/root_dir/Bulk_455.cif,0.0659818184374998,bulk,32,32,32.0,0.0653320747907584,0.0006497436467414047,0.0006497436467414047,0.06557121052769518,0.0004106079098046139,0.0004106079098046139,holdout
Bulk_456,/home/jinsookim/HEA_MC/PtPdRhRuIr/cgcnn/root_dir/Bulk_456.cif,0.0199056790625,bulk,32,32,32.0,0.02053967355854317,-0.0006339944960431707,0.0006339944960431707,0.020620910219177134,-0.0007152311566771333,0.0007152311566771333,fit
Bulk_457,/home/jinsookim/HEA_MC/PtPdRhRuIr/cgcnn/root_dir/Bulk_457.cif,0.0050939421874991,bulk,32,32,32.0,0.006780273012937231,-0.0016863308254381308,0.0016863308254381308,0.006626980917278227,-0.0015330387297791265,0.0015330387297791265,fit
Bulk_458,/home/jinsookim/HEA_MC/PtPdRhRuIr/cgcnn/root_dir/Bulk_458.cif,0.0192626134375002,bulk,32,32,32.0,0.019197856712187635,6.47567253125661e-05,6.47567253125661e-05,0.019193965304175102,6.86481333250985e-05,6.86481333250985e-05,fit
Bulk_459,/home/jinsookim/HEA_MC/PtPdRhRuIr/cgcnn/root_dir/Bulk_459.cif,0.02322587,bulk,32,32,32.0,0.02327847791174616,-5.260791174616086e-05,5.260791174616086e-05,0.023563097136650706,-0.0003372271366507071,0.0003372271366507071,holdout
Bulk_460,/home/jinsookim/HEA_MC/PtPdRhRuIr/cgcnn/root_dir/Bulk_460.cif,0.0038822071875008,bulk,32,32,32.0,0.003679750503694953,0.00020245668380584718,0.00020245668380584718,0.0039617275626867305,-7.952037518593053e-05,7.952037518593053e-05,fit
Bulk_461,/home/jinsookim/HEA_MC/PtPdRhRuIr/cgcnn/root_dir/Bulk_461.cif,0.0124002825000006,bulk,32,32,32.0,0.014065067261443282,-0.0016647847614426822,0.0016647847614426822,0.013979231562244017,-0.0015789490622434166,0.0015789490622434166,holdout
Bulk_462,/home/jinsookim/HEA_MC/PtPdRhRuIr/cgcnn/root_dir/Bulk_462.cif,0.0046169012500003,bulk,32,32,32.0,0.00529467048556961,-0.0006777692355693105,0.0006777692355693105,0.005453582855950559,-0.0008366816059502593,0.0008366816059502593,fit
Bulk_463,/home/jinsookim/HEA_MC/PtPdRhRuIr/cgcnn/root_dir/Bulk_463.cif,0.0305389218750002,bulk,32,32,32.0,0.03336443258730619,-0.0028255107123059883,0.0028255107123059883,0.033624164452195404,-0.0030852425771952033,0.0030852425771952033,fit
Bulk_464,/home/jinsookim/HEA_MC/PtPdRhRuIr/cgcnn/root_dir/Bulk_464.cif,0.043498878437501,bulk,32,32,32.0,0.04475894363814017,-0.0012600652006391697,0.0012600652006391697,0.044740158966172415,-0.0012412805286714165,0.0012412805286714165,fit
Bulk_465,/home/jinsookim/HEA_MC/PtPdRhRuIr/cgcnn/root_dir/Bulk_465.cif,0.0129035956249996,bulk,32,32,32.0,0.012989297996902557,-8.570237190295808e-05,8.570237190295808e-05,0.013001142956263187,-9.754733126358765e-05,9.754733126358765e-05,fit
Bulk_466,/home/jinsookim/HEA_MC/PtPdRhRuIr/cgcnn/root_dir/Bulk_466.cif,0.0124881384374999,bulk,32,32,32.0,0.012066703897534854,0.0004214345399650467,0.0004214345399650467,0.011953600282219388,0.0005345381552805117,0.0005345381552805117,holdout
Bulk_467,/home/jinsookim/HEA_MC/PtPdRhRuIr/cgcnn/root_dir/Bulk_467.cif,0.0373185046874997,bulk,32,32,32.0,0.038464560688582894,-0.0011460560010831955,0.0011460560010831955,0.03826116343909355,-0.0009426587515938487,0.0009426587515938487,fit
Bulk_468,/home/jinsookim/HEA_MC/PtPdRhRuIr/cgcnn/root_dir/Bulk_468.cif,0.0218380853124999,bulk,32,32,32.0,0.021519925714727217,0.00031815959777268393,0.00031815959777268393,0.021314329292545925,0.0005237560199539762,0.0005237560199539762,fit
Bulk_469,/home/jinsookim/HEA_MC/PtPdRhRuIr/cgcnn/root_dir/Bulk_469.cif,0.0358325825000003,bulk,32,32,32.0,0.037107187380139864,-0.001274604880139564,0.001274604880139564,0.03740949240270715,-0.0015769099027068481,0.0015769099027068481,fit
Bulk_470,/home/jinsookim/HEA_MC/PtPdRhRuIr/cgcnn/root_dir/Bulk_470.cif,0.0342533303124996,bulk,32,32,32.0,0.03495468337280247,-0.0007013530603028686,0.0007013530603028686,0.034738597571516136,-0.00048526725901653495,0.00048526725901653495,fit
Bulk_471,/home/jinsookim/HEA_MC/PtPdRhRuIr/cgcnn/root_dir/Bulk_471.cif,0.0119805324999999,bulk,32,32,32.0,0.014967919192364235,-0.002987386692364336,0.002987386692364336,0.014834105017214914,-0.0028535725172150143,0.0028535725172150143,fit
Bulk_472,/home/jinsookim/HEA_MC/PtPdRhRuIr/cgcnn/root_dir/Bulk_472.cif,0.022092341875,bulk,32,32,32.0,0.020693126692877567,0.001399215182122434,0.001399215182122434,0.02052173741340437,0.0015706044615956295,0.0015706044615956295,fit
Bulk_473,/home/jinsookim/HEA_MC/PtPdRhRuIr/cgcnn/root_dir/Bulk_473.cif,0.0159303331249995,bulk,32,32,32.0,0.0171838172061961,-0.0012534840811965972,0.0012534840811965972,0.0172943432981437,-0.0013640101731441992,0.0013640101731441992,fit
Bulk_474,/home/jinsookim/HEA_MC/PtPdRhRuIr/cgcnn/root_dir/Bulk_474.cif,0.0137398390625005,bulk,32,32,32.0,0.013868987574279325,-0.00012914851177882498,0.00012914851177882498,0.013786188004669346,-4.634894216884629e-05,4.634894216884629e-05,holdout
Bulk_475,/home/jinsookim/HEA_MC/PtPdRhRuIr/cgcnn/root_dir/Bulk_475.cif,0.0152705053125004,bulk,32,32,32.0,0.014821390660329736,0.00044911465217066515,0.00044911465217066515,0.014865926306684972,0.0004045790058154284,0.0004045790058154284,fit
Bulk_476,/home/jinsookim/HEA_MC/PtPdRhRuIr/cgcnn/root_dir/Bulk_476.cif,0.0123449315625006,bulk,32,32,32.0,0.01149599011921523,0.0008489414432853691,0.0008489414432853691,0.011407978174942178,0.0009369533875584219,0.0009369533875584219,fit
Bulk_477,/home/jinsookim/HEA_MC/PtPdRhRuIr/cgcnn/root_dir/Bulk_477.cif,0.0412539678125005,bulk,32,32,32.0,0.03924334698699366,0.002010620825506841,0.002010620825506841,0.03935073052497793,0.0019032372875225703,0.0019032372875225703,fit
Bulk_478,/home/jinsookim/HEA_MC/PtPdRhRuIr/cgcnn/root_dir/Bulk_478.cif,0.043628291250001,bulk,32,32,32.0,0.04209335916963163,0.0015349320803693667,0.0015349320803693667,0.04197970678017925,0.0016485844698217456,0.0016485844698217456,fit
Bulk_479,/home/jinsookim/HEA_MC/PtPdRhRuIr/cgcnn/root_dir/Bulk_479.cif,0.0444286078124998,bulk,32,32,32.0,0.042235219438577706,0.002193388373922092,0.002193388373922092,0.042341481771472136,0.002087126041027662,0.002087126041027662,fit
Bulk_480,/home/jinsookim/HEA_MC/PtPdRhRuIr/cgcnn/root_dir/Bulk_480.cif,-0.0040760340624999,bulk,32,32,32.0,-0.0023236030265133554,-0.001752431035986545,0.001752431035986545,-0.0025560320292593326,-0.0015200020332405677,0.0015200020332405677,fit
Bulk_481,/home/jinsookim/HEA_MC/PtPdRhRuIr/cgcnn/root_dir/Bulk_481.cif,0.0107536890624997,bulk,32,32,32.0,0.009975231280050931,0.0007784577824487687,0.0007784577824487687,0.00983484056525373,0.00091884849724597,0.00091884849724597,fit
Bulk_482,/home/jinsookim/HEA_MC/PtPdRhRuIr/cgcnn/root_dir/Bulk_482.cif,0.0553023390625009,bulk,32,32,32.0,0.05586322634266719,-0.000560887280166289,0.000560887280166289,0.05622536889617076,-0.0009230298336698611,0.0009230298336698611,fit
Bulk_483,/home/jinsookim/HEA_MC/PtPdRhRuIr/cgcnn/root_dir/Bulk_483.cif,0.0043154184374998,bulk,32,32,32.0,0.0038826292774377727,0.00043278916006202726,0.00043278916006202726,0.0036024606017157866,0.0007129578357840134,0.0007129578357840134,fit
Bulk_484,/home/jinsookim/HEA_MC/PtPdRhRuIr/cgcnn/root_dir/Bulk_484.cif,0.0066320409375002,bulk,32,32,32.0,0.008605115004863752,-0.0019730740673635514,0.0019730740673635514,0.008773919368486285,-0.0021418784309860843,0.0021418784309860843,fit
Bulk_485,/home/jinsookim/HEA_MC/PtPdRhRuIr/cgcnn/root_dir/Bulk_485.cif,0.0408489265625,bulk,32,32,32.0,0.03975969312479244,0.0010892334377075596,0.0010892334377075596,0.039529995232288125,0.001318931330211874,0.001318931330211874,fit
Bulk_486,/home/jinsookim/HEA_MC/PtPdRhRuIr/cgcnn/root_dir/Bulk_486.cif,0.0100499450000004,bulk,32,32,32.0,0.009037771070577901,0.001012173929422499,0.001012173929422499,0.009231664292307694,0.0008182807076927059,0.0008182807076927059,fit
Bulk_487,/home/jinsookim/HEA_MC/PtPdRhRuIr/cgcnn/root_dir/Bulk_487.cif,0.0141191015625006,bulk,32,32,32.0,0.01590342338915108,-0.0017843218266504791,0.0017843218266504791,0.015554549973507466,-0.0014354484110068663,0.0014354484110068663,fit
Bulk_488,/home/jinsookim/HEA_MC/PtPdRhRuIr/cgcnn/root_dir/Bulk_488.cif,0.0256423365625,bulk,32,32,32.0,0.027795558934255622,-0.0021532223717556226,0.0021532223717556226,0.027638887835674898,-0.0019965512731748986,0.0019965512731748986,fit
Bulk_489,/home/jinsookim/HEA_MC/PtPdRhRuIr/cgcnn/root_dir/Bulk_489.cif,0.0235837337500006,bulk,32,32,32.0,0.02370210343139756,-0.0001183696813969598,0.0001183696813969598,0.023764859444163188,-0.00018112569416258925,0.00018112569416258925,holdout
Bulk_490,/home/jinsookim/HEA_MC/PtPdRhRuIr/cgcnn/root_dir/Bulk_490.cif,0.0141298418749995,bulk,32,32,32.0,0.01507577119036745,-0.0009459293153679486,0.0009459293153679486,0.015277751153108306,-0.0011479092781088059,0.0011479092781088059,fit
Bulk_491,/home/jinsookim/HEA_MC/PtPdRhRuIr/cgcnn/root_dir/Bulk_491.cif,0.0390505662499993,bulk,32,32,32.0,0.038859426603473655,0.0001911396465256454,0.0001911396465256454,0.03909460142981462,-4.403517981532018e-05,4.403517981532018e-05,fit
Bulk_492,/home/jinsookim/HEA_MC/PtPdRhRuIr/cgcnn/root_dir/Bulk_492.cif,0.0364675665624991,bulk,32,32,32.0,0.03611437598526438,0.0003531905772347216,0.0003531905772347216,0.036068478384489025,0.00039908817801007773,0.00039908817801007773,holdout
Bulk_493,/home/jinsookim/HEA_MC/PtPdRhRuIr/cgcnn/root_dir/Bulk_493.cif,0.0649768515625011,bulk,32,32,32.0,0.0667565818075348,-0.001779730245033695,0.001779730245033695,0.06659251164283328,-0.0016156600803321763,0.0016156600803321763,fit
Bulk_494,/home/jinsookim/HEA_MC/PtPdRhRuIr/cgcnn/root_dir/Bulk_494.cif,0.0106695665624991,bulk,32,32,32.0,0.008986180709078657,0.0016833858534204427,0.0016833858534204427,0.009084661204067666,0.0015849053584314331,0.0015849053584314331,fit
Bulk_495,/home/jinsookim/HEA_MC/PtPdRhRuIr/cgcnn/root_dir/Bulk_495.cif,0.0676739471875,bulk,32,32,32.0,0.0681840932037682,-0.0005101460162681981,0.0005101460162681981,0.06831407186537627,-0.0006401246778762748,0.0006401246778762748,fit
Bulk_496,/home/jinsookim/HEA_MC/PtPdRhRuIr/cgcnn/root_dir/Bulk_496.cif,0.0418750746875007,bulk,32,32,32.0,0.04064668120430856,0.0012283934831921403,0.0012283934831921403,0.04055767240367813,0.0013174022838225719,0.0013174022838225719,fit
Bulk_497,/home/jinsookim/HEA_MC/PtPdRhRuIr/cgcnn/root_dir/Bulk_497.cif,-0.0024051465625003,bulk,32,32,32.0,-0.0025175991238691013,0.00011245256136880113,0.00011245256136880113,-0.002560404804107446,0.00015525824160714588,0.00015525824160714588,fit
Bulk_498,/home/jinsookim/HEA_MC/PtPdRhRuIr/cgcnn/root_dir/Bulk_498.cif,-0.00493061375,bulk,32,32,32.0,-0.00909571075846801,0.0041650970084680106,0.0041650970084680106,-0.009168426059704388,0.004237812309704388,0.004237812309704388,fit
Bulk_499,/home/jinsookim/HEA_MC/PtPdRhRuIr/cgcnn/root_dir/Bulk_499.cif,0.0249767703124996,bulk,32,32,32.0,0.024063648926893742,0.0009131213856058591,0.0009131213856058591,0.024060899074829084,0.0009158712376705173,0.0009158712376705173,fit
Bulk_500,/home/jinsookim/HEA_MC/PtPdRhRuIr/cgcnn/root_dir/Bulk_500.cif,0.0169770812499994,bulk,32,32,32.0,0.017653974668231785,-0.0006768934182323841,0.0006768934182323841,0.01773915706519385,-0.0007620758151944476,0.0007620758151944476,fit
Bulk_501,/home/jinsookim/HEA_MC/PtPdRhRuIr/cgcnn/root_dir/Bulk_501.cif,0.0601479887499998,bulk,32,32,32.0,0.06057006710688016,-0.0004220783568803649,0.0004220783568803649,0.06035622784106004,-0.00020823909106024163,0.00020823909106024163,fit
Bulk_502,/home/jinsookim/HEA_MC/PtPdRhRuIr/cgcnn/root_dir/Bulk_502.cif,0.0587168318750004,bulk,32,32,32.0,0.05782824059515465,0.0008885912798457518,0.0008885912798457518,0.057960256506889976,0.0007565753681104265,0.0007565753681104265,holdout
Bulk_503,/home/jinsookim/HEA_MC/PtPdRhRuIr/cgcnn/root_dir/Bulk_503.cif,0.0275395643750009,bulk,32,32,32.0,0.028469171280687943,-0.0009296069056870422,0.0009296069056870422,0.0285702190275966,-0.0010306546525956986,0.0010306546525956986,fit
Bulk_504,/home/jinsookim/HEA_MC/PtPdRhRuIr/cgcnn/root_dir/Bulk_504.cif,0.0349707962499996,bulk,32,32,32.0,0.03569052764594263,-0.0007197313959430296,0.0007197313959430296,0.03556147850940965,-0.0005906822594100442,0.0005906822594100442,fit
Bulk_505,/home/jinsookim/HEA_MC/PtPdRhRuIr/cgcnn/root_dir/Bulk_505.cif,0.0204598093750005,bulk,32,32,32.0,0.019394301190682535,0.0010655081843179634,0.0010655081843179634,0.01957755666828045,0.0008822527067200471,0.0008822527067200471,fit
Bulk_506,/home/jinsookim/HEA_MC/PtPdRhRuIr/cgcnn/root_dir/Bulk_506.cif,0.0112054074999994,bulk,32,32,32.0,0.00944125441886506,0.0017641530811343398,0.0017641530811343398,0.009316898085779225,0.0018885094142201755,0.0018885094142201755,fit
Bulk_507,/home/jinsookim/HEA_MC/PtPdRhRuIr/cgcnn/root_dir/Bulk_507.cif,0.0401552834374996,bulk,32,32,32.0,0.038867637507449475,0.0012876459300501242,0.0012876459300501242,0.03903320622691336,0.001122077210586242,0.001122077210586242,fit
Bulk_508,/home/jinsookim/HEA_MC/PtPdRhRuIr/cgcnn/root_dir/Bulk_508.cif,0.0282002243749994,bulk,32,32,32.0,0.027167656108809203,0.001032568266190196,0.001032568266190196,0.026937915593224997,0.0012623087817744023,0.0012623087817744023,holdout
Bulk_509,/home/jinsookim/HEA_MC/PtPdRhRuIr/cgcnn/root_dir/Bulk_509.cif,0.0386305684375001,bulk,32,32,32.0,0.03714553833834151,0.0014850300991585894,0.0014850300991585894,0.03712607946105262,0.0015044889764474836,0.0015044889764474836,fit
Bulk_510,/home/jinsookim/HEA_MC/PtPdRhRuIr/cgcnn/root_dir/Bulk_510.cif,0.0452841250000002,bulk,32,32,32.0,0.046690878638871225,-0.0014067536388710222,0.0014067536388710222,0.04689467046258724,-0.001610545462587036,0.001610545462587036,holdout
Bulk_511,/home/jinsookim/HEA_MC/PtPdRhRuIr/cgcnn/root_dir/Bulk_511.cif,0.0119620425000004,bulk,32,32,32.0,0.013109566441294103,-0.0011475239412937037,0.0011475239412937037,0.013177683773072013,-0.0012156412730716139,0.0012156412730716139,fit
Bulk_512,/home/jinsookim/HEA_MC/PtPdRhRuIr/cgcnn/root_dir/Bulk_512.cif,0.0199980262500005,bulk,32,32,32.0,0.017822006451345893,0.002176019798654609,0.002176019798654609,0.01777610913663536,0.0022219171133651405,0.0022219171133651405,fit
Bulk_513,/home/jinsookim/HEA_MC/PtPdRhRuIr/cgcnn/root_dir/Bulk_513.cif,0.056091427500001,bulk,32,32,32.0,0.05640270630380202,-0.0003112788038010239,0.0003112788038010239,0.05646984606067668,-0.00037841856067568486,0.00037841856067568486,fit
Bulk_514,/home/jinsookim/HEA_MC/PtPdRhRuIr/cgcnn/root_dir/Bulk_514.cif,-0.0188611953124997,bulk,32,32,32.0,-0.018708142726878017,-0.00015305258562168383,0.00015305258562168383,-0.018939748293647328,7.855298114762752e-05,7.855298114762752e-05,fit
Bulk_515,/home/jinsookim/HEA_MC/PtPdRhRuIr/cgcnn/root_dir/Bulk_515.cif,0.0222185771875,bulk,32,32,32.0,0.022331198348084863,-0.00011262116058486163,0.00011262116058486163,0.02236794180382394,-0.00014936461632393885,0.00014936461632393885,fit
Bulk_516,/home/jinsookim/HEA_MC/PtPdRhRuIr/cgcnn/root_dir/Bulk_516.cif,0.0244334209375001,bulk,32,32,32.0,0.023777890764982466,0.0006555301725176335,0.0006555301725176335,0.02368211751454049,0.0007513034229596101,0.0007513034229596101,fit
Bulk_517,/home/jinsookim/HEA_MC/PtPdRhRuIr/cgcnn/root_dir/Bulk_517.cif,0.0178144415624998,bulk,32,32,32.0,0.016107477101237284,0.001706964461262516,0.001706964461262516,0.015903997664307955,0.001910443898191845,0.001910443898191845,fit
Bulk_518,/home/jinsookim/HEA_MC/PtPdRhRuIr/cgcnn/root_dir/Bulk_518.cif,0.0056197271875007,bulk,32,32,32.0,0.007040650082637552,-0.0014209228951368525,0.0014209228951368525,0.006998010748901554,-0.0013782835614008547,0.0013782835614008547,fit
Bulk_519,/home/jinsookim/HEA_MC/PtPdRhRuIr/cgcnn/root_dir/Bulk_519.cif,0.0199952268750003,bulk,32,32,32.0,0.02314476898804526,-0.0031495421130449605,0.0031495421130449605,0.023367922677700076,-0.0033726958026997766,0.0033726958026997766,fit
Bulk_520,/home/jinsookim/HEA_MC/PtPdRhRuIr/cgcnn/root_dir/Bulk_520.cif,0.0614028090625007,bulk,32,32,32.0,0.06357849975295397,-0.002175690690453272,0.002175690690453272,0.06369097588652722,-0.002288166824026522,0.002288166824026522,holdout
Bulk_521,/home/jinsookim/HEA_MC/PtPdRhRuIr/cgcnn/root_dir/Bulk_521.cif,-0.0034257818749994,bulk,32,32,32.0,-0.0032832128462268843,-0.00014256902877251556,0.00014256902877251556,-0.003439673006037775,1.389113103837528e-05,1.389113103837528e-05,fit
Bulk_522,/home/jinsookim/HEA_MC/PtPdRhRuIr/cgcnn/root_dir/Bulk_522.cif,0.0425926753125001,bulk,32,32,32.0,0.04356396933237317,-0.000971294019873073,0.000971294019873073,0.0436039258185531,-0.0010112505060530033,0.0010112505060530033,fit
Bulk_523,/home/jinsookim/HEA_MC/PtPdRhRuIr/cgcnn/root_dir/Bulk_523.cif,0.0166626487499996,bulk,32,32,32.0,0.014573786750906616,0.002088861999092983,0.002088861999092983,0.014632482056867895,0.0020301666931317047,0.0020301666931317047,fit
Bulk_524,/home/jinsookim/HEA_MC/PtPdRhRuIr/cgcnn/root_dir/Bulk_524.cif,-0.009548060000001,bulk,32,32,32.0,-0.009621545350917096,7.34853509160964e-05,7.34853509160964e-05,-0.009480805452783876,-6.725454721712328e-05,6.725454721712328e-05,fit
Bulk_525,/home/jinsookim/HEA_MC/PtPdRhRuIr/cgcnn/root_dir/Bulk_525.cif,0.0130615003124994,bulk,32,32,32.0,0.013852866028481072,-0.000791365715981672,0.000791365715981672,0.013305371991226715,-0.00024387167872731534,0.00024387167872731534,fit
Bulk_526,/home/jinsookim/HEA_MC/PtPdRhRuIr/cgcnn/root_dir/Bulk_526.cif,0.0553820021875006,bulk,32,32,32.0,0.05605603289536512,-0.000674030707864523,0.000674030707864523,0.05617544798970417,-0.0007934458022035712,0.0007934458022035712,fit
Bulk_527,/home/jinsookim/HEA_MC/PtPdRhRuIr/cgcnn/root_dir/Bulk_527.cif,0.0129774584374997,bulk,32,32,32.0,0.014538732585234904,-0.001561274147735204,0.001561274147735204,0.01469840616700051,-0.0017209477295008092,0.0017209477295008092,fit
Bulk_528,/home/jinsookim/HEA_MC/PtPdRhRuIr/cgcnn/root_dir/Bulk_528.cif,0.0393933374999999,bulk,32,32,32.0,0.038969218141816545,0.00042411935818335855,0.00042411935818335855,0.039039835269689724,0.00035350223031017924,0.00035350223031017924,fit
Bulk_529,/home/jinsookim/HEA_MC/PtPdRhRuIr/cgcnn/root_dir/Bulk_529.cif,0.0445695390625004,bulk,32,32,32.0,0.043289086740500096,0.0012804523220003028,0.0012804523220003028,0.04303844249627532,0.0015310965662250764,0.0015310965662250764,fit
Bulk_530,/home/jinsookim/HEA_MC/PtPdRhRuIr/cgcnn/root_dir/Bulk_530.cif,0.0150329334374994,bulk,32,32,32.0,0.015704611066866724,-0.0006716776293673246,0.0006716776293673246,0.015457967567493607,-0.0004250341299942076,0.0004250341299942076,fit
Bulk_531,/home/jinsookim/HEA_MC/PtPdRhRuIr/cgcnn/root_dir/Bulk_531.cif,0.0256113540624998,bulk,32,32,32.0,0.024073799140185273,0.0015375549223145268,0.0015375549223145268,0.02408327268929847,0.0015280813732013315,0.0015280813732013315,fit
Bulk_532,/home/jinsookim/HEA_MC/PtPdRhRuIr/cgcnn/root_dir/Bulk_532.cif,0.002982489999999,bulk,32,32,32.0,0.0038558082506814934,-0.0008733182506824935,0.0008733182506824935,0.00417962203152074,-0.0011971320315217401,0.0011971320315217401,fit
Bulk_533,/home/jinsookim/HEA_MC/PtPdRhRuIr/cgcnn/root_dir/Bulk_533.cif,-0.0123066990625,bulk,32,32,32.0,-0.011794016216133482,-0.000512682846366519,0.000512682846366519,-0.011786042367290195,-0.0005206566952098059,0.0005206566952098059,fit
Bulk_534,/home/jinsookim/HEA_MC/PtPdRhRuIr/cgcnn/root_dir/Bulk_534.cif,0.0174843718749988,bulk,32,32,32.0,0.020225517938333187,-0.002741146063334386,0.002741146063334386,0.019998504597534557,-0.0025141327225357557,0.0025141327225357557,fit
Bulk_535,/home/jinsookim/HEA_MC/PtPdRhRuIr/cgcnn/root_dir/Bulk_535.cif,0.0083964375,bulk,32,32,32.0,0.011603258664934855,-0.003206821164934856,0.003206821164934856,0.011440490622530507,-0.003044053122530508,0.003044053122530508,fit
Bulk_536,/home/jinsookim/HEA_MC/PtPdRhRuIr/cgcnn/root_dir/Bulk_536.cif,0.0113708184375003,bulk,32,32,32.0,0.01117102075213364,0.00019979768536665908,0.00019979768536665908,0.01102683747566667,0.00034398096183362904,0.00034398096183362904,fit
Bulk_537,/home/jinsookim/HEA_MC/PtPdRhRuIr/cgcnn/root_dir/Bulk_537.cif,-0.0016405603125004,bulk,32,32,32.0,-0.0023514252624311158,0.0007108649499307158,0.0007108649499307158,-0.0023794592823110847,0.0007388989698106847,0.0007388989698106847,fit
Bulk_538,/home/jinsookim/HEA_MC/PtPdRhRuIr/cgcnn/root_dir/Bulk_538.cif,0.0125772678124995,bulk,32,32,32.0,0.014485146191374048,-0.001907878378874548,0.001907878378874548,0.014445527006972912,-0.001868259194473412,0.001868259194473412,fit
Bulk_539,/home/jinsookim/HEA_MC/PtPdRhRuIr/cgcnn/root_dir/Bulk_539.cif,-0.0007053868749995,bulk,32,32,32.0,-0.001283670308820279,0.0005782834338207791,0.0005782834338207791,-0.0013300608300641156,0.0006246739550646157,0.0006246739550646157,fit
Bulk_540,/home/jinsookim/HEA_MC/PtPdRhRuIr/cgcnn/root_dir/Bulk_540.cif,0.0059966221875003,bulk,32,32,32.0,0.0051195143973592865,0.0008771077901410136,0.0008771077901410136,0.004845268514010931,0.0011513536734893692,0.0011513536734893692,fit
Bulk_541,/home/jinsookim/HEA_MC/PtPdRhRuIr/cgcnn/root_dir/Bulk_541.cif,-0.0033934062500007,bulk,32,32,32.0,-0.007173417047989447,0.003780010797988747,0.003780010797988747,-0.006871935538561441,0.003478529288560741,0.003478529288560741,fit
Bulk_542,/home/jinsookim/HEA_MC/PtPdRhRuIr/cgcnn/root_dir/Bulk_542.cif,0.0334746143749997,bulk,32,32,32.0,0.03260093037922065,0.0008736839957790496,0.0008736839957790496,0.03257641182571734,0.0008982025492823564,0.0008982025492823564,fit
Bulk_543,/home/jinsookim/HEA_MC/PtPdRhRuIr/cgcnn/root_dir/Bulk_543.cif,0.0377650959374999,bulk,32,32,32.0,0.03658022331009614,0.0011848726274037644,0.0011848726274037644,0.03656048071845237,0.0012046152190475293,0.0012046152190475293,fit
Bulk_544,/home/jinsookim/HEA_MC/PtPdRhRuIr/cgcnn/root_dir/Bulk_544.cif,0.0261733871874998,bulk,32,32,32.0,0.026336443864279382,-0.000163056676779582,0.000163056676779582,0.026402507875798127,-0.00022912068829832738,0.00022912068829832738,fit
Bulk_545,/home/jinsookim/HEA_MC/PtPdRhRuIr/cgcnn/root_dir/Bulk_545.cif,0.0258888521875002,bulk,32,32,32.0,0.024256744163928038,0.0016321080235721618,0.0016321080235721618,0.024057935657899633,0.0018309165296005667,0.0018309165296005667,fit
Bulk_546,/home/jinsookim/HEA_MC/PtPdRhRuIr/cgcnn/root_dir/Bulk_546.cif,0.059235549687501,bulk,32,32,32.0,0.05644877616218166,0.002786773525319336,0.002786773525319336,0.056174505868323774,0.0030610438191772255,0.0030610438191772255,holdout
Bulk_547,/home/jinsookim/HEA_MC/PtPdRhRuIr/cgcnn/root_dir/Bulk_547.cif,0.0341443762499986,bulk,32,32,32.0,0.031928098350093775,0.002216277899904827,0.002216277899904827,0.03221057180216545,0.0019338044478331498,0.0019338044478331498,fit
Bulk_548,/home/jinsookim/HEA_MC/PtPdRhRuIr/cgcnn/root_dir/Bulk_548.cif,0.0602097362499991,bulk,32,32,32.0,0.06267644933997325,-0.0024667130899741554,0.0024667130899741554,0.06303835015653127,-0.0028286139065321694,0.0028286139065321694,fit
Bulk_549,/home/jinsookim/HEA_MC/PtPdRhRuIr/cgcnn/root_dir/Bulk_549.cif,0.0232839484375002,bulk,32,32,32.0,0.020887074799626343,0.0023968736378738587,0.0023968736378738587,0.02086668995225336,0.0024172584852468412,0.0024172584852468412,fit
Bulk_550,/home/jinsookim/HEA_MC/PtPdRhRuIr/cgcnn/root_dir/Bulk_550.cif,0.0126372628124986,bulk,32,32,32.0,0.010424742632407618,0.002212520180090981,0.002212520180090981,0.010396317609397385,0.002240945203101214,0.002240945203101214,fit
Bulk_551,/home/jinsookim/HEA_MC/PtPdRhRuIr/cgcnn/root_dir/Bulk_551.cif,0.0020167609374999,bulk,32,32,32.0,0.00100080084942911,0.00101596008807079,0.00101596008807079,0.0007512849028480303,0.0012654760346518697,0.0012654760346518697,fit
Bulk_552,/home/jinsookim/HEA_MC/PtPdRhRuIr/cgcnn/root_dir/Bulk_552.cif,0.0351760390624997,bulk,32,32,32.0,0.036428913176530096,-0.0012528741140303973,0.0012528741140303973,0.03644150339167076,-0.0012654643291710593,0.0012654643291710593,fit
Bulk_553,/home/jinsookim/HEA_MC/PtPdRhRuIr/cgcnn/root_dir/Bulk_553.cif,0.0111626049999991,bulk,32,32,32.0,0.009083699393956203,0.002078905606042897,0.002078905606042897,0.009006707499156512,0.0021558975008425883,0.0021558975008425883,fit
Bulk_554,/home/jinsookim/HEA_MC/PtPdRhRuIr/cgcnn/root_dir/Bulk_554.cif,0.0317641775000003,bulk,32,32,32.0,0.03179874059443935,-3.45630944390482e-05,3.45630944390482e-05,0.031819972040667326,-5.579454066702294e-05,5.579454066702294e-05,fit
Bulk_555,/home/jinsookim/HEA_MC/PtPdRhRuIr/cgcnn/root_dir/Bulk_555.cif,0.0424340409374996,bulk,32,32,32.0,0.040758579973043774,0.0016754609644558244,0.0016754609644558244,0.040723740894997876,0.0017103000425017223,0.0017103000425017223,fit
Bulk_556,/home/jinsookim/HEA_MC/PtPdRhRuIr/cgcnn/root_dir/Bulk_556.cif,0.0768791903124999,bulk,32,32,32.0,0.07963096063870467,-0.002751770326204772,0.002751770326204772,0.0792735646384336,-0.0023943743259337014,0.0023943743259337014,fit
Bulk_557,/home/jinsookim/HEA_MC/PtPdRhRuIr/cgcnn/root_dir/Bulk_557.cif,0.0259617618749992,bulk,32,32,32.0,0.026036343628082423,-7.458175308322143e-05,7.458175308322143e-05,0.0263393729455249,-0.0003776110705256998,0.0003776110705256998,fit
Bulk_558,/home/jinsookim/HEA_MC/PtPdRhRuIr/cgcnn/root_dir/Bulk_558.cif,0.0327896175000006,bulk,32,32,32.0,0.034007994090986246,-0.0012183765909856495,0.0012183765909856495,0.03396708899055372,-0.0011774714905531253,0.0011774714905531253,fit
Bulk_559,/home/jinsookim/HEA_MC/PtPdRhRuIr/cgcnn/root_dir/Bulk_559.cif,0.028158120625001,bulk,32,32,32.0,0.027465901807219653,0.0006922188177813475,0.0006922188177813475,0.027259074614863495,0.000899046010137506,0.000899046010137506,fit
Bulk_560,/home/jinsookim/HEA_MC/PtPdRhRuIr/cgcnn/root_dir/Bulk_560.cif,0.0245663828125,bulk,32,32,32.0,0.024548798744062204,1.758406843779467e-05,1.758406843779467e-05,0.024621250094500256,-5.486728200025659e-05,5.486728200025659e-05,fit
Bulk_561,/home/jinsookim/HEA_MC/PtPdRhRuIr/cgcnn/root_dir/Bulk_561.cif,-0.007183115000001,bulk,32,32,32.0,-0.005971717437948589,-0.001211397562052411,0.001211397562052411,-0.006364208696947769,-0.0008189063030532313,0.0008189063030532313,fit
Bulk_562,/home/jinsookim/HEA_MC/PtPdRhRuIr/cgcnn/root_dir/Bulk_562.cif,0.0136756065625007,bulk,32,32,32.0,0.011920027475597058,0.0017555790869036424,0.0017555790869036424,0.011404367922032196,0.0022712386404685047,0.0022712386404685047,holdout
Bulk_563,/home/jinsookim/HEA_MC/PtPdRhRuIr/cgcnn/root_dir/Bulk_563.cif,0.0355524625000001,bulk,32,32,32.0,0.03689879632516288,-0.0013463338251627835,0.0013463338251627835,0.036688007729144614,-0.0011355452291445176,0.0011355452291445176,fit
Bulk_564,/home/jinsookim/HEA_MC/PtPdRhRuIr/cgcnn/root_dir/Bulk_564.cif,-0.0114385674999999,bulk,32,32,32.0,-0.011591742920941,0.00015317542094109987,0.00015317542094109987,-0.01175769561270382,0.00031912811270392097,0.00031912811270392097,holdout
Bulk_565,/home/jinsookim/HEA_MC/PtPdRhRuIr/cgcnn/root_dir/Bulk_565.cif,0.0311244578125,bulk,32,32,32.0,0.03332823980232815,-0.002203781989828152,0.002203781989828152,0.03385206642579665,-0.002727608613296649,0.002727608613296649,holdout
Bulk_566,/home/jinsookim/HEA_MC/PtPdRhRuIr/cgcnn/root_dir/Bulk_566.cif,0.0285604321874997,bulk,32,32,32.0,0.02849371706378586,6.67151237138397e-05,6.67151237138397e-05,0.028037371183664513,0.0005230610038351874,0.0005230610038351874,fit
Bulk_567,/home/jinsookim/HEA_MC/PtPdRhRuIr/cgcnn/root_dir/Bulk_567.cif,0.0125085312499999,bulk,32,32,32.0,0.010594228692859416,0.0019143025571404845,0.0019143025571404845,0.01084478543453004,0.0016637458154698612,0.0016637458154698612,fit
Bulk_568,/home/jinsookim/HEA_MC/PtPdRhRuIr/cgcnn/root_dir/Bulk_568.cif,0.0397399271875009,bulk,32,32,32.0,0.04040830370014196,-0.0006683765126410599,0.0006683765126410599,0.040209319749813156,-0.0004693925623122583,0.0004693925623122583,fit
Bulk_569,/home/jinsookim/HEA_MC/PtPdRhRuIr/cgcnn/root_dir/Bulk_569.cif,0.0297496793750005,bulk,32,32,32.0,0.030072799407224578,-0.00032312003222407723,0.00032312003222407723,0.0302047587786974,-0.0004550794036968994,0.0004550794036968994,fit
Bulk_570,/home/jinsookim/HEA_MC/PtPdRhRuIr/cgcnn/root_dir/Bulk_570.cif,0.0328490353125001,bulk,32,32,32.0,0.03075628941075586,0.002092745901744242,0.002092745901744242,0.030874964635472735,0.001974070677027366,0.001974070677027366,fit
Bulk_571,/home/jinsookim/HEA_MC/PtPdRhRuIr/cgcnn/root_dir/Bulk_571.cif,0.0347511537500002,bulk,32,32,32.0,0.03333030231381935,0.0014208514361808491,0.0014208514361808491,0.033228504375097036,0.001522649374903165,0.001522649374903165,fit
Bulk_572,/home/jinsookim/HEA_MC/PtPdRhRuIr/cgcnn/root_dir/Bulk_572.cif,0.0507626275000001,bulk,32,32,32.0,0.052147937822444666,-0.0013853103224445648,0.0013853103224445648,0.0521333729749416,-0.0013707454749414955,0.0013707454749414955,fit
Bulk_573,/home/jinsookim/HEA_MC/PtPdRhRuIr/cgcnn/root_dir/Bulk_573.cif,0.0151735268749995,bulk,32,32,32.0,0.012477439875102548,0.002696086999896952,0.002696086999896952,0.012036315329400901,0.0031372115455985984,0.0031372115455985984,holdout
Bulk_574,/home/jinsookim/HEA_MC/PtPdRhRuIr/cgcnn/root_dir/Bulk_574.cif,0.0710756918749995,bulk,32,32,32.0,0.07388119939157636,-0.0028055075165768634,0.0028055075165768634,0.07390921393071491,-0.0028335220557154095,0.0028335220557154095,fit
Bulk_575,/home/jinsookim/HEA_MC/PtPdRhRuIr/cgcnn/root_dir/Bulk_575.cif,0.0319272384374995,bulk,32,32,32.0,0.03185866580462385,6.857263287565057e-05,6.857263287565057e-05,0.03182636052001505,0.00010087791748444874,0.00010087791748444874,fit
Bulk_576,/home/jinsookim/HEA_MC/PtPdRhRuIr/cgcnn/root_dir/Bulk_576.cif,0.0239598174999997,bulk,32,32,32.0,0.022988340625683765,0.0009714768743159345,0.0009714768743159345,0.02288118023866273,0.0010786372613369698,0.0010786372613369698,fit
Bulk_577,/home/jinsookim/HEA_MC/PtPdRhRuIr/cgcnn/root_dir/Bulk_577.cif,0.0147809084375003,bulk,32,32,32.0,0.012622167497719883,0.0021587409397804177,0.0021587409397804177,0.012685886593407478,0.0020950218440928224,0.0020950218440928224,fit
Bulk_578,/home/jinsookim/HEA_MC/PtPdRhRuIr/cgcnn/root_dir/Bulk_578.cif,0.0146228303125006,bulk,32,32,32.0,0.014080172978202554,0.000542657334298046,0.000542657334298046,0.01387412808639047,0.0007487022261101293,0.0007487022261101293,fit
Bulk_579,/home/jinsookim/HEA_MC/PtPdRhRuIr/cgcnn/root_dir/Bulk_579.cif,0.0384380462500004,bulk,32,32,32.0,0.03668636175443594,0.0017516844955644609,0.0017516844955644609,0.03669515071410158,0.0017428955358988196,0.0017428955358988196,fit
Bulk_580,/home/jinsookim/HEA_MC/PtPdRhRuIr/cgcnn/root_dir/Bulk_580.cif,0.0403255428125008,bulk,32,32,32.0,0.040739039700156784,-0.00041349688765598275,0.00041349688765598275,0.04057437909222052,-0.00024883627971971495,0.00024883627971971495,fit
Bulk_581,/home/jinsookim/HEA_MC/PtPdRhRuIr/cgcnn/root_dir/Bulk_581.cif,0.0454859821875004,bulk,32,32,32.0,0.04559618617149078,-0.00011020398399037845,0.00011020398399037845,0.04544308486425079,4.289732324960771e-05,4.289732324960771e-05,fit
Bulk_582,/home/jinsookim/HEA_MC/PtPdRhRuIr/cgcnn/root_dir/Bulk_582.cif,0.0439923824999999,bulk,32,32,32.0,0.04315731754240701,0.0008350649575928903,0.0008350649575928903,0.04307079350657976,0.0009215889934201388,0.0009215889934201388,fit
Bulk_583,/home/jinsookim/HEA_MC/PtPdRhRuIr/cgcnn/root_dir/Bulk_583.cif,0.0527897018750005,bulk,32,32,32.0,0.050959930682345535,0.0018297711926549623,0.0018297711926549623,0.05071717994636669,0.0020725219286338095,0.0020725219286338095,fit
Bulk_584,/home/jinsookim/HEA_MC/PtPdRhRuIr/cgcnn/root_dir/Bulk_584.cif,0.0459206828124996,bulk,32,32,32.0,0.049806392324915,-0.003885709512415403,0.003885709512415403,0.049538382686131616,-0.003617699873632016,0.003617699873632016,fit
Bulk_585,/home/jinsookim/HEA_MC/PtPdRhRuIr/cgcnn/root_dir/Bulk_585.cif,0.0380618318750007,bulk,32,32,32.0,0.03905196961354574,-0.0009901377385450397,0.0009901377385450397,0.038963811080449814,-0.0009019792054491133,0.0009019792054491133,fit
Bulk_586,/home/jinsookim/HEA_MC/PtPdRhRuIr/cgcnn/root_dir/Bulk_586.cif,0.0118202271875,bulk,32,32,32.0,0.012353043280338313,-0.0005328160928383119,0.0005328160928383119,0.01241868652846995,-0.0005984593409699493,0.0005984593409699493,fit
Bulk_587,/home/jinsookim/HEA_MC/PtPdRhRuIr/cgcnn/root_dir/Bulk_587.cif,0.0019179321875002,bulk,32,32,32.0,0.0006032671419336118,0.0013146650455665883,0.0013146650455665883,0.0004654631098600353,0.0014524690776401648,0.0014524690776401648,fit
Bulk_588,/home/jinsookim/HEA_MC/PtPdRhRuIr/cgcnn/root_dir/Bulk_588.cif,0.00551145875,bulk,32,32,32.0,0.006108168495334807,-0.0005967097453348068,0.0005967097453348068,0.006097441347486632,-0.0005859825974866319,0.0005859825974866319,fit
Bulk_589,/home/jinsookim/HEA_MC/PtPdRhRuIr/cgcnn/root_dir/Bulk_589.cif,0.0015519790625004,bulk,32,32,32.0,-0.002369028542765838,0.003921007605266238,0.003921007605266238,-0.002107857332403703,0.003659836394904103,0.003659836394904103,fit
Bulk_590,/home/jinsookim/HEA_MC/PtPdRhRuIr/cgcnn/root_dir/Bulk_590.cif,0.0300183862499991,bulk,32,32,32.0,0.030726654667332744,-0.0007082684173336448,0.0007082684173336448,0.030707043621703147,-0.0006886573717040483,0.0006886573717040483,fit
Bulk_591,/home/jinsookim/HEA_MC/PtPdRhRuIr/cgcnn/root_dir/Bulk_591.cif,0.0123010987499991,bulk,32,32,32.0,0.013575149463313601,-0.0012740507133145017,0.0012740507133145017,0.013288332460904346,-0.0009872337109052467,0.0009872337109052467,fit
Bulk_592,/home/jinsookim/HEA_MC/PtPdRhRuIr/cgcnn/root_dir/Bulk_592.cif,0.0004327675000004,bulk,32,32,32.0,-0.0005493701668945047,0.0009821376668949046,0.0009821376668949046,-0.0006423749237122753,0.0010751424237126753,0.0010751424237126753,holdout
Bulk_593,/home/jinsookim/HEA_MC/PtPdRhRuIr/cgcnn/root_dir/Bulk_593.cif,0.027700470937499,bulk,32,32,32.0,0.028753019437026003,-0.0010525484995270035,0.0010525484995270035,0.02864745867909394,-0.0009469877415949415,0.0009469877415949415,fit
Bulk_594,/home/jinsookim/HEA_MC/PtPdRhRuIr/cgcnn/root_dir/Bulk_594.cif,-0.0110163603125004,bulk,32,32,32.0,-0.01183721036032303,0.0008208500478226292,0.0008208500478226292,-0.01174880380742472,0.0007324434949243196,0.0007324434949243196,fit
Bulk_595,/home/jinsookim/HEA_MC/PtPdRhRuIr/cgcnn/root_dir/Bulk_595.cif,0.0365186799999994,bulk,32,32,32.0,0.03513356643486521,0.0013851135651341898,0.0013851135651341898,0.034945409323448515,0.0015732706765508864,0.0015732706765508864,fit
Bulk_596,/home/jinsookim/HEA_MC/PtPdRhRuIr/cgcnn/root_dir/Bulk_596.cif,0.0125222478124999,bulk,32,32,32.0,0.015169191465760347,-0.002646943653260448,0.002646943653260448,0.01504412362268263,-0.0025218758101827315,0.0025218758101827315,fit
Bulk_597,/home/jinsookim/HEA_MC/PtPdRhRuIr/cgcnn/root_dir/Bulk_597.cif,0.0309516140625003,bulk,32,32,32.0,0.02981186111623977,0.001139752946260529,0.001139752946260529,0.029715676618383882,0.0012359374441164167,0.0012359374441164167,fit
Bulk_598,/home/jinsookim/HEA_MC/PtPdRhRuIr/cgcnn/root_dir/Bulk_598.cif,-0.0100317984375006,bulk,32,32,32.0,-0.010379597854129147,0.00034779941662854696,0.00034779941662854696,-0.010587783704229218,0.0005559852667286185,0.0005559852667286185,fit
Bulk_599,/home/jinsookim/HEA_MC/PtPdRhRuIr/cgcnn/root_dir/Bulk_599.cif,0.0303662990624999,bulk,32,32,32.0,0.030961348922756732,-0.0005950498602568313,0.0005950498602568313,0.030942837094150993,-0.0005765380316510929,0.0005765380316510929,fit
Bulk_600,/home/jinsookim/HEA_MC/PtPdRhRuIr/cgcnn/root_dir/Bulk_600.cif,0.0162598306249996,bulk,32,32,32.0,0.015773290581361628,0.0004865400436379723,0.0004865400436379723,0.015668941751750848,0.0005908888732487523,0.0005908888732487523,holdout
Bulk_601,/home/jinsookim/HEA_MC/PtPdRhRuIr/cgcnn/root_dir/Bulk_601.cif,0.0648036703125001,bulk,32,32,32.0,0.06728646715790954,-0.0024827968454094324,0.0024827968454094324,0.06732983395749698,-0.0025261636449968733,0.0025261636449968733,fit
Bulk_602,/home/jinsookim/HEA_MC/PtPdRhRuIr/cgcnn/root_dir/Bulk_602.cif,0.006380509375,bulk,32,32,32.0,0.008388369329197093,-0.0020078599541970927,0.0020078599541970927,0.008351933754623848,-0.0019714243796238482,0.0019714243796238482,fit
Bulk_603,/home/jinsookim/HEA_MC/PtPdRhRuIr/cgcnn/root_dir/Bulk_603.cif,0.0319433849999999,bulk,32,32,32.0,0.030658644913404146,0.0012847400865957544,0.0012847400865957544,0.030501789745242577,0.0014415952547573233,0.0014415952547573233,fit
Bulk_604,/home/jinsookim/HEA_MC/PtPdRhRuIr/cgcnn/root_dir/Bulk_604.cif,0.0366505493750004,bulk,32,32,32.0,0.035767649438725097,0.0008828999362753068,0.0008828999362753068,0.03593498033324535,0.00071556904175505,0.00071556904175505,fit
Bulk_605,/home/jinsookim/HEA_MC/PtPdRhRuIr/cgcnn/root_dir/Bulk_605.cif,-0.0025573674999996,bulk,32,32,32.0,-0.00233759392802816,-0.00021977357197143976,0.00021977357197143976,-0.002341307322496166,-0.00021606017750343395,0.00021606017750343395,fit
Bulk_606,/home/jinsookim/HEA_MC/PtPdRhRuIr/cgcnn/root_dir/Bulk_606.cif,0.0101910575000001,bulk,32,32,32.0,0.008395549811170997,0.0017955076888291031,0.0017955076888291031,0.008557945652450868,0.0016331118475492318,0.0016331118475492318,fit
Bulk_607,/home/jinsookim/HEA_MC/PtPdRhRuIr/cgcnn/root_dir/Bulk_607.cif,0.0292978759374991,bulk,32,32,32.0,0.030339419087995808,-0.0010415431504967078,0.0010415431504967078,0.030135771247892202,-0.0008378953103931018,0.0008378953103931018,fit
Bulk_608,/home/jinsookim/HEA_MC/PtPdRhRuIr/cgcnn/root_dir/Bulk_608.cif,0.0072493212499997,bulk,32,32,32.0,0.007243413970534409,5.907279465291494e-06,5.907279465291494e-06,0.0073692433815490815,-0.00011992213154938137,0.00011992213154938137,fit
Bulk_609,/home/jinsookim/HEA_MC/PtPdRhRuIr/cgcnn/root_dir/Bulk_609.cif,0.0194245184375008,bulk,32,32,32.0,0.017765776257364967,0.0016587421801358346,0.0016587421801358346,0.01800131808926799,0.0014232003482328101,0.0014232003482328101,fit
Bulk_610,/home/jinsookim/HEA_MC/PtPdRhRuIr/cgcnn/root_dir/Bulk_610.cif,0.0365631409375,bulk,32,32,32.0,0.03535344447965574,0.0012096964578442587,0.0012096964578442587,0.035202509933523446,0.0013606310039765562,0.0013606310039765562,fit
Bulk_611,/home/jinsookim/HEA_MC/PtPdRhRuIr/cgcnn/root_dir/Bulk_611.cif,-8.914531250070468e-05,bulk,32,32,32.0,0.0008737360737964047,-0.0009628813862971094,0.0009628813862971094,0.0008936239784458622,-0.0009827692909465668,0.0009827692909465668,fit
Bulk_612,/home/jinsookim/HEA_MC/PtPdRhRuIr/cgcnn/root_dir/Bulk_612.cif,0.0285926521875001,bulk,32,32,32.0,0.02881726426245477,-0.00022461207495466998,0.00022461207495466998,0.028842836742866636,-0.000250184555366538,0.000250184555366538,holdout
Bulk_613,/home/jinsookim/HEA_MC/PtPdRhRuIr/cgcnn/root_dir/Bulk_613.cif,0.0457284978125001,bulk,32,32,32.0,0.04508486342093154,0.0006436343915685594,0.0006436343915685594,0.045118307876596334,0.0006101899359037682,0.0006101899359037682,fit
Bulk_614,/home/jinsookim/HEA_MC/PtPdRhRuIr/cgcnn/root_dir/Bulk_614.cif,0.0189542743749999,bulk,32,32,32.0,0.02167078545427575,-0.002716511079275851,0.002716511079275851,0.02175751240831668,-0.0028032380333167795,0.0028032380333167795,fit
Bulk_615,/home/jinsookim/HEA_MC/PtPdRhRuIr/cgcnn/root_dir/Bulk_615.cif,0.030710241875,bulk,32,32,32.0,0.03033796448775799,0.00037227738724201,0.00037227738724201,0.030259385329731037,0.0004508565452689614,0.0004508565452689614,fit
Bulk_616,/home/jinsookim/HEA_MC/PtPdRhRuIr/cgcnn/root_dir/Bulk_616.cif,0.0453443937499997,bulk,32,32,32.0,0.04631435721276216,-0.0009699634627624645,0.0009699634627624645,0.04634667406511936,-0.0010022803151196608,0.0010022803151196608,fit
Bulk_617,/home/jinsookim/HEA_MC/PtPdRhRuIr/cgcnn/root_dir/Bulk_617.cif,0.0304423371875,bulk,32,32,32.0,0.028302306145750078,0.0021400310417499235,0.0021400310417499235,0.028186765235342366,0.0022555719521576353,0.0022555719521576353,fit
Bulk_618,/home/jinsookim/HEA_MC/PtPdRhRuIr/cgcnn/root_dir/Bulk_618.cif,0.0103645890624992,bulk,32,32,32.0,0.009789701766641146,0.0005748872958580547,0.0005748872958580547,0.009584655639521164,0.0007799334229780363,0.0007799334229780363,fit
Bulk_619,/home/jinsookim/HEA_MC/PtPdRhRuIr/cgcnn/root_dir/Bulk_619.cif,0.0061876709374999,bulk,32,32,32.0,0.006364613969902538,-0.00017694303240263845,0.00017694303240263845,0.006462264610141297,-0.0002745936726413975,0.0002745936726413975,fit
Bulk_620,/home/jinsookim/HEA_MC/PtPdRhRuIr/cgcnn/root_dir/Bulk_620.cif,0.0319265387500005,bulk,32,32,32.0,0.031577722085843724,0.00034881666415677304,0.00034881666415677304,0.0312266034066202,0.0006999353433802952,0.0006999353433802952,fit
Bulk_621,/home/jinsookim/HEA_MC/PtPdRhRuIr/cgcnn/root_dir/Bulk_621.cif,0.0246186565624997,bulk,32,32,32.0,0.02632262251950778,-0.0017039659570080821,0.0017039659570080821,0.026621148376193796,-0.002002491813694097,0.002002491813694097,fit
Bulk_622,/home/jinsookim/HEA_MC/PtPdRhRuIr/cgcnn/root_dir/Bulk_622.cif,0.0339394474999998,bulk,32,32,32.0,0.03241624826227603,0.001523199237723774,0.001523199237723774,0.03229865002597408,0.0016407974740257208,0.0016407974740257208,fit
Bulk_623,/home/jinsookim/HEA_MC/PtPdRhRuIr/cgcnn/root_dir/Bulk_623.cif,0.0400058984375002,bulk,32,32,32.0,0.040478115506570725,-0.0004722170690705241,0.0004722170690705241,0.04075537931655948,-0.0007494808790592805,0.0007494808790592805,fit
Bulk_624,/home/jinsookim/HEA_MC/PtPdRhRuIr/cgcnn/root_dir/Bulk_624.cif,0.0300356337499998,bulk,32,32,32.0,0.030617865626189265,-0.0005822318761894638,0.0005822318761894638,0.030623746426927355,-0.000588112676927554,0.000588112676927554,fit
Bulk_625,/home/jinsookim/HEA_MC/PtPdRhRuIr/cgcnn/root_dir/Bulk_625.cif,0.0451702350000005,bulk,32,32,32.0,0.046371368513240994,-0.0012011335132404918,0.0012011335132404918,0.04669409286687752,-0.001523857866877018,0.001523857866877018,fit
Bulk_626,/home/jinsookim/HEA_MC/PtPdRhRuIr/cgcnn/root_dir/Bulk_626.cif,0.0293928499999998,bulk,32,32,32.0,0.03185428024571557,-0.002461430245715771,0.002461430245715771,0.0316852486335282,-0.002292398633528401,0.002292398633528401,fit
Bulk_627,/home/jinsookim/HEA_MC/PtPdRhRuIr/cgcnn/root_dir/Bulk_627.cif,0.0411174506249993,bulk,32,32,32.0,0.039711585821699986,0.0014058648032993157,0.0014058648032993157,0.03995052304346364,0.001166927581535665,0.001166927581535665,fit
Bulk_628,/home/jinsookim/HEA_MC/PtPdRhRuIr/cgcnn/root_dir/Bulk_628.cif,0.033100090625,bulk,32,32,32.0,0.03326816702631214,-0.0001680764013121394,0.0001680764013121394,0.03318103074671381,-8.094012171380727e-05,8.094012171380727e-05,fit
Bulk_629,/home/jinsookim/HEA_MC/PtPdRhRuIr/cgcnn/root_dir/Bulk_629.cif,0.0722121209375004,bulk,32,32,32.0,0.0752295506287615,-0.003017429691261092,0.003017429691261092,0.07518391126635174,-0.002971790328851337,0.002971790328851337,fit
Bulk_630,/home/jinsookim/HEA_MC/PtPdRhRuIr/cgcnn/root_dir/Bulk_630.cif,0.0087984846874995,bulk,32,32,32.0,0.0052557939641445,0.0035426907233550003,0.0035426907233550003,0.005054973710771377,0.003743510976728124,0.003743510976728124,fit
Bulk_631,/home/jinsookim/HEA_MC/PtPdRhRuIr/cgcnn/root_dir/Bulk_631.cif,0.0427184525000008,bulk,32,32,32.0,0.04341976245743555,-0.0007013099574347467,0.0007013099574347467,0.043634067147978434,-0.000915614647977632,0.000915614647977632,fit
Bulk_632,/home/jinsookim/HEA_MC/PtPdRhRuIr/cgcnn/root_dir/Bulk_632.cif,0.0018670396875002,bulk,32,32,32.0,0.005123001512567725,-0.0032559618250675246,0.0032559618250675246,0.004911175323592446,-0.0030441356360922456,0.0030441356360922456,fit
Bulk_633,/home/jinsookim/HEA_MC/PtPdRhRuIr/cgcnn/root_dir/Bulk_633.cif,0.0367115362499994,bulk,32,32,32.0,0.034559218878635244,0.0021523173713641555,0.0021523173713641555,0.03452425148412827,0.002187284765871128,0.002187284765871128,fit
Bulk_634,/home/jinsookim/HEA_MC/PtPdRhRuIr/cgcnn/root_dir/Bulk_634.cif,0.0044937824999999,bulk,32,32,32.0,0.005019402665421106,-0.0005256201654212063,0.0005256201654212063,0.004722291013739943,-0.00022850851374004322,0.00022850851374004322,fit
Bulk_635,/home/jinsookim/HEA_MC/PtPdRhRuIr/cgcnn/root_dir/Bulk_635.cif,0.0342053106250004,bulk,32,32,32.0,0.03133214865867233,0.002873161966328072,0.002873161966328072,0.03178993757039217,0.002415373054608233,0.002415373054608233,fit
Bulk_636,/home/jinsookim/HEA_MC/PtPdRhRuIr/cgcnn/root_dir/Bulk_636.cif,0.0210586346874999,bulk,32,32,32.0,0.01838406394148876,0.0026745707460111394,0.0026745707460111394,0.018823115158529004,0.0022355195289708966,0.0022355195289708966,fit
Bulk_637,/home/jinsookim/HEA_MC/PtPdRhRuIr/cgcnn/root_dir/Bulk_637.cif,0.0185488259375006,bulk,32,32,32.0,0.018781800599828882,-0.00023297466232828287,0.00023297466232828287,0.018691035783988345,-0.00014220984648774526,0.00014220984648774526,fit
Bulk_638,/home/jinsookim/HEA_MC/PtPdRhRuIr/cgcnn/root_dir/Bulk_638.cif,0.0076022740625001,bulk,32,32,32.0,0.006972996505193854,0.0006292775573062456,0.0006292775573062456,0.006987041119135052,0.0006152329433650478,0.0006152329433650478,fit
Bulk_639,/home/jinsookim/HEA_MC/PtPdRhRuIr/cgcnn/root_dir/Bulk_639.cif,0.0518490659375006,bulk,32,32,32.0,0.05019367090836914,0.0016553950291314581,0.0016553950291314581,0.05040034058417803,0.0014487253533225705,0.0014487253533225705,fit
Bulk_640,/home/jinsookim/HEA_MC/PtPdRhRuIr/cgcnn/root_dir/Bulk_640.cif,0.0064282081249995,bulk,32,32,32.0,0.007430995689646724,-0.0010027875646472246,0.0010027875646472246,0.00731391573660338,-0.0008857076116038799,0.0008857076116038799,fit
Bulk_641,/home/jinsookim/HEA_MC/PtPdRhRuIr/cgcnn/root_dir/Bulk_641.cif,0.0046776381249999,bulk,32,32,32.0,0.00435669332982192,0.00032094479517798,0.00032094479517798,0.004433276295329485,0.00024436182967041507,0.00024436182967041507,fit
Bulk_642,/home/jinsookim/HEA_MC/PtPdRhRuIr/cgcnn/root_dir/Bulk_642.cif,0.0235122912499994,bulk,32,32,32.0,0.022571979023998028,0.0009403122260013726,0.0009403122260013726,0.022443995130769022,0.0010682961192303789,0.0010682961192303789,holdout
Bulk_643,/home/jinsookim/HEA_MC/PtPdRhRuIr/cgcnn/root_dir/Bulk_643.cif,0.0648882718750005,bulk,32,32,32.0,0.06846868546504459,-0.0035804135900440875,0.0035804135900440875,0.06834838233779299,-0.0034601104627924872,0.0034601104627924872,fit
Bulk_644,/home/jinsookim/HEA_MC/PtPdRhRuIr/cgcnn/root_dir/Bulk_644.cif,0.016500418125001,bulk,32,32,32.0,0.015228559345262639,0.0012718587797383597,0.0012718587797383597,0.014946952573952363,0.001553465551048636,0.001553465551048636,fit
Bulk_645,/home/jinsookim/HEA_MC/PtPdRhRuIr/cgcnn/root_dir/Bulk_645.cif,0.0155183203124984,bulk,32,32,32.0,0.014437951057163641,0.0010803692553347597,0.0010803692553347597,0.014357063505950712,0.0011612568065476891,0.0011612568065476891,fit
Bulk_646,/home/jinsookim/HEA_MC/PtPdRhRuIr/cgcnn/root_dir/Bulk_646.cif,0.0273092065625002,bulk,32,32,32.0,0.02804671648551902,-0.0007375099230188184,0.0007375099230188184,0.028390231687060577,-0.0010810251245603753,0.0010810251245603753,holdout
Bulk_647,/home/jinsookim/HEA_MC/PtPdRhRuIr/cgcnn/root_dir/Bulk_647.cif,0.0137319625000005,bulk,32,32,32.0,0.01594639465399049,-0.0022144321539899897,0.0022144321539899897,0.016023381152620086,-0.0022914186526195868,0.0022914186526195868,holdout
Bulk_648,/home/jinsookim/HEA_MC/PtPdRhRuIr/cgcnn/root_dir/Bulk_648.cif,-0.0054008865624997,bulk,32,32,32.0,-0.004304448326621378,-0.001096438235878322,0.001096438235878322,-0.004249557135690241,-0.0011513294268094589,0.0011513294268094589,fit
Bulk_649,/home/jinsookim/HEA_MC/PtPdRhRuIr/cgcnn/root_dir/Bulk_649.cif,0.0405154118749999,bulk,32,32,32.0,0.040586092629162795,-7.068075416289538e-05,7.068075416289538e-05,0.040343527484332176,0.00017188439066772448,0.00017188439066772448,fit
Bulk_650,/home/jinsookim/HEA_MC/PtPdRhRuIr/cgcnn/root_dir/Bulk_650.cif,0.0249237443750001,bulk,32,32,32.0,0.02517180416621087,-0.0002480597912107689,0.0002480597912107689,0.025018153469414887,-9.440909441478518e-05,9.440909441478518e-05,fit
Bulk_651,/home/jinsookim/HEA_MC/PtPdRhRuIr/cgcnn/root_dir/Bulk_651.cif,0.0119536409375005,bulk,32,32,32.0,0.010984535960068084,0.0009691049774324164,0.0009691049774324164,0.010713455111556946,0.0012401858259435544,0.0012401858259435544,fit
Bulk_652,/home/jinsookim/HEA_MC/PtPdRhRuIr/cgcnn/root_dir/Bulk_652.cif,-0.0085998721875002,bulk,32,32,32.0,-0.009598694029056002,0.0009988218415558012,0.0009988218415558012,-0.009722084332332183,0.0011222121448319824,0.0011222121448319824,fit
Bulk_653,/home/jinsookim/HEA_MC/PtPdRhRuIr/cgcnn/root_dir/Bulk_653.cif,0.0146503081249997,bulk,32,32,32.0,0.01498760738135001,-0.00033729925635031,0.00033729925635031,0.014931170008997074,-0.00028086188399737387,0.00028086188399737387,fit
Bulk_654,/home/jinsookim/HEA_MC/PtPdRhRuIr/cgcnn/root_dir/Bulk_654.cif,0.0414113737499999,bulk,32,32,32.0,0.043450914715038425,-0.0020395409650385277,0.0020395409650385277,0.0430833634974281,-0.0016719897474282014,0.0016719897474282014,fit
Bulk_655,/home/jinsookim/HEA_MC/PtPdRhRuIr/cgcnn/root_dir/Bulk_655.cif,0.0344897162499995,bulk,32,32,32.0,0.03587549139862356,-0.0013857751486240633,0.0013857751486240633,0.03608811166055576,-0.001598395410556265,0.001598395410556265,fit
Bulk_656,/home/jinsookim/HEA_MC/PtPdRhRuIr/cgcnn/root_dir/Bulk_656.cif,0.0513370393750003,bulk,32,32,32.0,0.05308004153319795,-0.0017430021581976499,0.0017430021581976499,0.05292567861634569,-0.001588639241345384,0.001588639241345384,fit
Bulk_657,/home/jinsookim/HEA_MC/PtPdRhRuIr/cgcnn/root_dir/Bulk_657.cif,0.0140961987499999,bulk,32,32,32.0,0.0154684848962139,-0.0013722861462139996,0.0013722861462139996,0.015900643602845113,-0.0018044448528452134,0.0018044448528452134,fit
Bulk_658,/home/jinsookim/HEA_MC/PtPdRhRuIr/cgcnn/root_dir/Bulk_658.cif,-0.0039643950000005,bulk,32,32,32.0,-0.005335255438448356,0.001370860438447856,0.001370860438447856,-0.005218708559195125,0.0012543135591946246,0.0012543135591946246,fit
Bulk_659,/home/jinsookim/HEA_MC/PtPdRhRuIr/cgcnn/root_dir/Bulk_659.cif,0.0261497931249996,bulk,32,32,32.0,0.026689365536997255,-0.0005395724119976568,0.0005395724119976568,0.026631933920048208,-0.00048214079504860924,0.00048214079504860924,fit
Bulk_660,/home/jinsookim/HEA_MC/PtPdRhRuIr/cgcnn/root_dir/Bulk_660.cif,0.0220399096874999,bulk,32,32,32.0,0.022468484828458445,-0.00042857514095854393,0.00042857514095854393,0.022584352423196202,-0.0005444427356963016,0.0005444427356963016,fit
Bulk_661,/home/jinsookim/HEA_MC/PtPdRhRuIr/cgcnn/root_dir/Bulk_661.cif,0.0339134015624997,bulk,32,32,32.0,0.03180983229510175,0.0021035692673979506,0.0021035692673979506,0.03214630293842661,0.0017670986240730935,0.0017670986240730935,fit
Bulk_662,/home/jinsookim/HEA_MC/PtPdRhRuIr/cgcnn/root_dir/Bulk_662.cif,0.0108854556249999,bulk,32,32,32.0,0.011533794639747599,-0.0006483390147476991,0.0006483390147476991,0.011476170429463414,-0.000590714804463514,0.000590714804463514,fit
Bulk_663,/home/jinsookim/HEA_MC/PtPdRhRuIr/cgcnn/root_dir/Bulk_663.cif,0.0008395174999993,bulk,32,32,32.0,0.0038500534853784414,-0.0030105359853791415,0.0030105359853791415,0.0034660936795925072,-0.0026265761795932073,0.0026265761795932073,fit
Bulk_664,/home/jinsookim/HEA_MC/PtPdRhRuIr/cgcnn/root_dir/Bulk_664.cif,0.0245495365624996,bulk,32,32,32.0,0.02414385312177394,0.0004056834407256578,0.0004056834407256578,0.023981875705885662,0.0005676608566139371,0.0005676608566139371,fit
Bulk_665,/home/jinsookim/HEA_MC/PtPdRhRuIr/cgcnn/root_dir/Bulk_665.cif,0.0462705631249997,bulk,32,32,32.0,0.04618642047154223,8.414265345747102e-05,8.414265345747102e-05,0.04639944221480469,-0.00012887908980498824,0.00012887908980498824,fit
Bulk_666,/home/jinsookim/HEA_MC/PtPdRhRuIr/cgcnn/root_dir/Bulk_666.cif,0.0207864862500004,bulk,32,32,32.0,0.02119242653261488,-0.0004059402826144809,0.0004059402826144809,0.02149519775318036,-0.0007087115031799603,0.0007087115031799603,fit
Bulk_667,/home/jinsookim/HEA_MC/PtPdRhRuIr/cgcnn/root_dir/Bulk_667.cif,0.0228051618750004,bulk,32,32,32.0,0.024056198463685827,-0.0012510365886854273,0.0012510365886854273,0.02402019807777423,-0.0012150362027738316,0.0012150362027738316,fit
Bulk_668,/home/jinsookim/HEA_MC/PtPdRhRuIr/cgcnn/root_dir/Bulk_668.cif,0.0102545078125002,bulk,32,32,32.0,0.010844023920167287,-0.000589516107667087,0.000589516107667087,0.010612047709906862,-0.0003575398974066616,0.0003575398974066616,fit
Bulk_669,/home/jinsookim/HEA_MC/PtPdRhRuIr/cgcnn/root_dir/Bulk_669.cif,-0.0108379178125002,bulk,32,32,32.0,-0.009913492536393839,-0.0009244252761063613,0.0009244252761063613,-0.010299367785993654,-0.0005385500265065457,0.0005385500265065457,fit
Bulk_670,/home/jinsookim/HEA_MC/PtPdRhRuIr/cgcnn/root_dir/Bulk_670.cif,0.0212095065625002,bulk,32,32,32.0,0.020395600091216416,0.0008139064712837825,0.0008139064712837825,0.021027993098831743,0.00018151346366845553,0.00018151346366845553,fit
Bulk_671,/home/jinsookim/HEA_MC/PtPdRhRuIr/cgcnn/root_dir/Bulk_671.cif,0.0225371021875009,bulk,32,32,32.0,0.02189659128889511,0.0006405108986057909,0.0006405108986057909,0.021846933879378645,0.0006901683081222548,0.0006901683081222548,fit
Bulk_672,/home/jinsookim/HEA_MC/PtPdRhRuIr/cgcnn/root_dir/Bulk_672.cif,0.0118007456249991,bulk,32,32,32.0,0.010943446475950205,0.0008572991490488954,0.0008572991490488954,0.010707252080342868,0.0010934935446562325,0.0010934935446562325,fit
Bulk_673,/home/jinsookim/HEA_MC/PtPdRhRuIr/cgcnn/root_dir/Bulk_673.cif,0.0279606146875002,bulk,32,32,32.0,0.02708202747025025,0.0008785872172499508,0.0008785872172499508,0.027125363727763755,0.0008352509597364458,0.0008352509597364458,fit
Bulk_674,/home/jinsookim/HEA_MC/PtPdRhRuIr/cgcnn/root_dir/Bulk_674.cif,0.0087372943749999,bulk,32,32,32.0,0.009170602625624453,-0.00043330825062455267,0.00043330825062455267,0.009232254269246051,-0.0004949598942461508,0.0004949598942461508,holdout
Bulk_675,/home/jinsookim/HEA_MC/PtPdRhRuIr/cgcnn/root_dir/Bulk_675.cif,0.0541926421875,bulk,32,32,32.0,0.051235070373924135,0.0029575718135758655,0.0029575718135758655,0.051215535738566596,0.0029771064489334045,0.0029771064489334045,fit
Bulk_676,/home/jinsookim/HEA_MC/PtPdRhRuIr/cgcnn/root_dir/Bulk_676.cif,0.0011371140625007,bulk,32,32,32.0,3.68568052238772e-05,0.0011002572572768228,0.0011002572572768228,-0.00011945151865820625,0.0012565655811589062,0.0012565655811589062,fit
Bulk_677,/home/jinsookim/HEA_MC/PtPdRhRuIr/cgcnn/root_dir/Bulk_677.cif,0.0499041993749997,bulk,32,32,32.0,0.05070554016521539,-0.0008013407902156891,0.0008013407902156891,0.05078383447320499,-0.0008796350982052878,0.0008796350982052878,fit
Bulk_678,/home/jinsookim/HEA_MC/PtPdRhRuIr/cgcnn/root_dir/Bulk_678.cif,0.0401294440624999,bulk,32,32,32.0,0.04014962998881902,-2.0185926319117586e-05,2.0185926319117586e-05,0.04021249756555406,-8.305350305416043e-05,8.305350305416043e-05,fit
Bulk_679,/home/jinsookim/HEA_MC/PtPdRhRuIr/cgcnn/root_dir/Bulk_679.cif,0.0055190462500007,bulk,32,32,32.0,0.004026383832788447,0.001492662417212253,0.001492662417212253,0.004078926722520783,0.0014401195274799175,0.0014401195274799175,fit
Bulk_680,/home/jinsookim/HEA_MC/PtPdRhRuIr/cgcnn/root_dir/Bulk_680.cif,0.0302311931249992,bulk,32,32,32.0,0.030019266652488726,0.0002119264725104729,0.0002119264725104729,0.029811387802125004,0.0004198053228741949,0.0004198053228741949,fit
Bulk_681,/home/jinsookim/HEA_MC/PtPdRhRuIr/cgcnn/root_dir/Bulk_681.cif,0.0039082559374996,bulk,32,32,32.0,0.0065773567665629844,-0.0026691008290633846,0.0026691008290633846,0.006605183180441402,-0.002696927242941802,0.002696927242941802,fit
Bulk_682,/home/jinsookim/HEA_MC/PtPdRhRuIr/cgcnn/root_dir/Bulk_682.cif,0.0200389465624999,bulk,32,32,32.0,0.021418734685484858,-0.0013797881229849589,0.0013797881229849589,0.021665477354354274,-0.0016265307918543748,0.0016265307918543748,fit
Bulk_683,/home/jinsookim/HEA_MC/PtPdRhRuIr/cgcnn/root_dir/Bulk_683.cif,0.0320108734375006,bulk,32,32,32.0,0.032664448517020106,-0.0006535750795195056,0.0006535750795195056,0.032439016256017875,-0.0004281428185172742,0.0004281428185172742,holdout
Bulk_684,/home/jinsookim/HEA_MC/PtPdRhRuIr/cgcnn/root_dir/Bulk_684.cif,0.008866850625,bulk,32,32,32.0,0.008704266420634597,0.0001625842043654034,0.0001625842043654034,0.008326289770023669,0.0005405608549763317,0.0005405608549763317,fit
Bulk_685,/home/jinsookim/HEA_MC/PtPdRhRuIr/cgcnn/root_dir/Bulk_685.cif,0.0340958009375,bulk,32,32,32.0,0.031094246184979753,0.003001554752520244,0.003001554752520244,0.03100763055285899,0.0030881703846410077,0.0030881703846410077,fit
Bulk_686,/home/jinsookim/HEA_MC/PtPdRhRuIr/cgcnn/root_dir/Bulk_686.cif,0.0217609081249996,bulk,32,32,32.0,0.02003431277011131,0.0017265953548882898,0.0017265953548882898,0.01974508266570773,0.0020158254592918708,0.0020158254592918708,holdout
Bulk_687,/home/jinsookim/HEA_MC/PtPdRhRuIr/cgcnn/root_dir/Bulk_687.cif,-0.0081600159375012,bulk,32,32,32.0,-0.007071524973742837,-0.0010884909637583623,0.0010884909637583623,-0.007103676545864315,-0.0010563393916368843,0.0010563393916368843,fit
Bulk_688,/home/jinsookim/HEA_MC/PtPdRhRuIr/cgcnn/root_dir/Bulk_688.cif,0.0519755946875015,bulk,32,32,32.0,0.0502355581089096,0.001740036578591897,0.001740036578591897,0.050152324175439224,0.0018232705120622764,0.0018232705120622764,fit
Bulk_689,/home/jinsookim/HEA_MC/PtPdRhRuIr/cgcnn/root_dir/Bulk_689.cif,0.0112248490624997,bulk,32,32,32.0,0.012411423235005159,-0.0011865741725054588,0.0011865741725054588,0.012131065494281435,-0.000906216431781735,0.000906216431781735,fit
Bulk_690,/home/jinsookim/HEA_MC/PtPdRhRuIr/cgcnn/root_dir/Bulk_690.cif,0.0301094568749995,bulk,32,32,32.0,0.02946871611352172,0.0006407407614777809,0.0006407407614777809,0.02973981940168166,0.00036963747331783883,0.00036963747331783883,fit
Bulk_691,/home/jinsookim/HEA_MC/PtPdRhRuIr/cgcnn/root_dir/Bulk_691.cif,0.0122386249999983,bulk,32,32,32.0,0.010689759902988722,0.0015488650970095774,0.0015488650970095774,0.010576225374653319,0.0016623996253449808,0.0016623996253449808,fit
Bulk_692,/home/jinsookim/HEA_MC/PtPdRhRuIr/cgcnn/root_dir/Bulk_692.cif,0.0103230443749993,bulk,32,32,32.0,0.010493023702228531,-0.00016997932722923048,0.00016997932722923048,0.01036745201841333,-4.440764341403017e-05,4.440764341403017e-05,fit
Bulk_693,/home/jinsookim/HEA_MC/PtPdRhRuIr/cgcnn/root_dir/Bulk_693.cif,0.038371859062499,bulk,32,32,32.0,0.045044906813815386,-0.0066730477513163855,0.0066730477513163855,0.04516895183344482,-0.006797092770945819,0.006797092770945819,fit
Bulk_694,/home/jinsookim/HEA_MC/PtPdRhRuIr/cgcnn/root_dir/Bulk_694.cif,0.0304369840624998,bulk,32,32,32.0,0.033261385210638636,-0.0028244011481388352,0.0028244011481388352,0.03310866500435311,-0.00267168094185331,0.00267168094185331,fit
Bulk_695,/home/jinsookim/HEA_MC/PtPdRhRuIr/cgcnn/root_dir/Bulk_695.cif,0.0490440728125003,bulk,32,32,32.0,0.04739238337486243,0.0016516894376378682,0.0016516894376378682,0.04749955697001233,0.0015445158424879646,0.0015445158424879646,fit
Bulk_696,/home/jinsookim/HEA_MC/PtPdRhRuIr/cgcnn/root_dir/Bulk_696.cif,0.0276870253124998,bulk,32,32,32.0,0.027191762099862564,0.0004952632126372369,0.0004952632126372369,0.02707039786676066,0.0006166274457391416,0.0006166274457391416,fit
Bulk_697,/home/jinsookim/HEA_MC/PtPdRhRuIr/cgcnn/root_dir/Bulk_697.cif,0.0225559953124996,bulk,32,32,32.0,0.022503009972321315,5.2985340178286766e-05,5.2985340178286766e-05,0.022428680945630164,0.0001273143668694375,0.0001273143668694375,fit
Bulk_698,/home/jinsookim/HEA_MC/PtPdRhRuIr/cgcnn/root_dir/Bulk_698.cif,0.0015176521875002,bulk,32,32,32.0,0.006058753085489761,-0.004541100897989561,0.004541100897989561,0.00616026569125281,-0.00464261350375261,0.00464261350375261,fit
Bulk_699,/home/jinsookim/HEA_MC/PtPdRhRuIr/cgcnn/root_dir/Bulk_699.cif,-0.0022641100000013,bulk,32,32,32.0,-0.0020628618998559285,-0.0002012481001453714,0.0002012481001453714,-0.0021412287211582913,-0.0001228812788430086,0.0001228812788430086,holdout
Bulk_700,/home/jinsookim/HEA_MC/PtPdRhRuIr/cgcnn/root_dir/Bulk_700.cif,0.0201402953124993,bulk,32,32,32.0,0.021368644119205533,-0.0012283488067062337,0.0012283488067062337,0.021451885858075247,-0.001311590545575947,0.001311590545575947,fit
Bulk_701,/home/jinsookim/HEA_MC/PtPdRhRuIr/cgcnn/root_dir/Bulk_701.cif,0.0329856556249996,bulk,32,32,32.0,0.03012283499580981,0.0028628206291897926,0.0028628206291897926,0.030294008738594818,0.0026916468864047853,0.0026916468864047853,fit
Bulk_702,/home/jinsookim/HEA_MC/PtPdRhRuIr/cgcnn/root_dir/Bulk_702.cif,0.0113038212500002,bulk,32,32,32.0,0.011284125903422376,1.969534657782386e-05,1.969534657782386e-05,0.01120469384284125,9.912740715894985e-05,9.912740715894985e-05,holdout
Bulk_703,/home/jinsookim/HEA_MC/PtPdRhRuIr/cgcnn/root_dir/Bulk_703.cif,0.0089357368749993,bulk,32,32,32.0,0.008004510841641808,0.0009312260333574924,0.0009312260333574924,0.007938375723007266,0.000997361151992034,0.000997361151992034,fit
Bulk_704,/home/jinsookim/HEA_MC/PtPdRhRuIr/cgcnn/root_dir/Bulk_704.cif,0.0489358090624998,bulk,32,32,32.0,0.04697187314273558,0.001963935919764223,0.001963935919764223,0.04683343926557174,0.002102369796928058,0.002102369796928058,fit
Bulk_705,/home/jinsookim/HEA_MC/PtPdRhRuIr/cgcnn/root_dir/Bulk_705.cif,0.0414754631249998,bulk,32,32,32.0,0.04129822378842983,0.00017723933656996899,0.00017723933656996899,0.04124510181616112,0.00023036130883868217,0.00023036130883868217,fit
Bulk_706,/home/jinsookim/HEA_MC/PtPdRhRuIr/cgcnn/root_dir/Bulk_706.cif,-0.0028348224999987,bulk,32,32,32.0,-0.003057815673953978,0.00022299317395527802,0.00022299317395527802,-0.0028082197329858533,-2.66027670128466e-05,2.66027670128466e-05,fit
Bulk_707,/home/jinsookim/HEA_MC/PtPdRhRuIr/cgcnn/root_dir/Bulk_707.cif,0.0395768165625005,bulk,32,32,32.0,0.03895080286145773,0.0006260137010427672,0.0006260137010427672,0.03864140358685532,0.0009354129756451793,0.0009354129756451793,fit
Bulk_708,/home/jinsookim/HEA_MC/PtPdRhRuIr/cgcnn/root_dir/Bulk_708.cif,0.0159077903125002,bulk,32,32,32.0,0.016913061227003545,-0.0010052709145033437,0.0010052709145033437,0.01697693570941894,-0.001069145396918738,0.001069145396918738,fit
Bulk_709,/home/jinsookim/HEA_MC/PtPdRhRuIr/cgcnn/root_dir/Bulk_709.cif,0.0218434771874997,bulk,32,32,32.0,0.020222800560650706,0.0016206766268489943,0.0016206766268489943,0.020290452967482005,0.001553024220017695,0.001553024220017695,fit
Bulk_710,/home/jinsookim/HEA_MC/PtPdRhRuIr/cgcnn/root_dir/Bulk_710.cif,0.0613961165625003,bulk,32,32,32.0,0.060681830421106045,0.000714286141394252,0.000714286141394252,0.06031426409388119,0.00108185246861911,0.00108185246861911,fit
Bulk_711,/home/jinsookim/HEA_MC/PtPdRhRuIr/cgcnn/root_dir/Bulk_711.cif,0.0376138393749991,bulk,32,32,32.0,0.03586667999816012,0.0017471593768389748,0.0017471593768389748,0.03575585134325614,0.0018579880317429603,0.0018579880317429603,fit
Bulk_712,/home/jinsookim/HEA_MC/PtPdRhRuIr/cgcnn/root_dir/Bulk_712.cif,0.0078484959375009,bulk,32,32,32.0,0.009634566439034894,-0.0017860705015339939,0.0017860705015339939,0.009933825246828397,-0.0020853293093274963,0.0020853293093274963,fit
Bulk_713,/home/jinsookim/HEA_MC/PtPdRhRuIr/cgcnn/root_dir/Bulk_713.cif,0.0126948334375009,bulk,32,32,32.0,0.012128779094828183,0.0005660543426727165,0.0005660543426727165,0.01205725121978921,0.0006375822177116901,0.0006375822177116901,fit
Bulk_714,/home/jinsookim/HEA_MC/PtPdRhRuIr/cgcnn/root_dir/Bulk_714.cif,0.0190537287500003,bulk,32,32,32.0,0.01944037623446781,-0.00038664748446750816,0.00038664748446750816,0.019350412640031737,-0.0002966838900314364,0.0002966838900314364,fit
Bulk_715,/home/jinsookim/HEA_MC/PtPdRhRuIr/cgcnn/root_dir/Bulk_715.cif,-0.028274084375,bulk,32,32,32.0,-0.028511458594920703,0.0002373742199207017,0.0002373742199207017,-0.02830063184637978,2.6547471379777254e-05,2.6547471379777254e-05,fit
Bulk_716,/home/jinsookim/HEA_MC/PtPdRhRuIr/cgcnn/root_dir/Bulk_716.cif,0.0185144065624998,bulk,32,32,32.0,0.018770531999468036,-0.0002561254369682353,0.0002561254369682353,0.018800515551300002,-0.00028610898880020164,0.00028610898880020164,fit
Bulk_717,/home/jinsookim/HEA_MC/PtPdRhRuIr/cgcnn/root_dir/Bulk_717.cif,0.0065266059375002,bulk,32,32,32.0,0.006965360948103705,-0.00043875501060350493,0.00043875501060350493,0.0071214742691482966,-0.0005948683316480963,0.0005948683316480963,fit
Bulk_718,/home/jinsookim/HEA_MC/PtPdRhRuIr/cgcnn/root_dir/Bulk_718.cif,0.0550899865624998,bulk,32,32,32.0,0.05773848148064188,-0.0026484949181420844,0.0026484949181420844,0.05773079305898354,-0.0026408064964837455,0.0026408064964837455,fit
Bulk_719,/home/jinsookim/HEA_MC/PtPdRhRuIr/cgcnn/root_dir/Bulk_719.cif,0.0691701009374998,bulk,32,32,32.0,0.07370489211891088,-0.004534791181411077,0.004534791181411077,0.0734410473227694,-0.004270946385269606,0.004270946385269606,holdout
Bulk_720,/home/jinsookim/HEA_MC/PtPdRhRuIr/cgcnn/root_dir/Bulk_720.cif,0.0529254840625004,bulk,32,32,32.0,0.056420230814153184,-0.0034947467516527816,0.0034947467516527816,0.05666514517653543,-0.0037396611140350297,0.0037396611140350297,fit
Bulk_721,/home/jinsookim/HEA_MC/PtPdRhRuIr/cgcnn/root_dir/Bulk_721.cif,0.0317181884374999,bulk,32,32,32.0,0.030918928974227454,0.0007992594632724448,0.0007992594632724448,0.030936928125550815,0.0007812603119490835,0.0007812603119490835,fit
Bulk_722,/home/jinsookim/HEA_MC/PtPdRhRuIr/cgcnn/root_dir/Bulk_722.cif,0.0265322231249998,bulk,32,32,32.0,0.02552371952793208,0.001008503597067719,0.001008503597067719,0.025493504382550578,0.0010387187424492211,0.0010387187424492211,fit
Bulk_723,/home/jinsookim/HEA_MC/PtPdRhRuIr/cgcnn/root_dir/Bulk_723.cif,0.0520406462500009,bulk,32,32,32.0,0.05382657525449682,-0.001785929004495923,0.001785929004495923,0.05364965331512786,-0.001609007065126962,0.001609007065126962,fit
Bulk_724,/home/jinsookim/HEA_MC/PtPdRhRuIr/cgcnn/root_dir/Bulk_724.cif,0.0187148021875005,bulk,32,32,32.0,0.01840770151555709,0.00030710067194341176,0.00030710067194341176,0.01828745540547708,0.0004273467820234203,0.0004273467820234203,fit
Bulk_725,/home/jinsookim/HEA_MC/PtPdRhRuIr/cgcnn/root_dir/Bulk_725.cif,0.0480646956250003,bulk,32,32,32.0,0.04694743118188351,0.001117264443116786,0.001117264443116786,0.04662827803838736,0.0014364175866129411,0.0014364175866129411,holdout
Bulk_726,/home/jinsookim/HEA_MC/PtPdRhRuIr/cgcnn/root_dir/Bulk_726.cif,0.0099504840624993,bulk,32,32,32.0,0.009848643673581545,0.00010184038891775452,0.00010184038891775452,0.009783889250584023,0.00016659481191527714,0.00016659481191527714,fit
Bulk_727,/home/jinsookim/HEA_MC/PtPdRhRuIr/cgcnn/root_dir/Bulk_727.cif,0.0100576168750006,bulk,32,32,32.0,0.010982070867791523,-0.0009244539927909228,0.0009244539927909228,0.01093844624649453,-0.0008808293714939307,0.0008808293714939307,holdout
Bulk_728,/home/jinsookim/HEA_MC/PtPdRhRuIr/cgcnn/root_dir/Bulk_728.cif,0.0573098425000004,bulk,32,32,32.0,0.060289297236251344,-0.0029794547362509416,0.0029794547362509416,0.06033899534960684,-0.003029152849606441,0.003029152849606441,fit
Bulk_729,/home/jinsookim/HEA_MC/PtPdRhRuIr/cgcnn/root_dir/Bulk_729.cif,0.0465560653125001,bulk,32,32,32.0,0.04618776227314816,0.0003683030393519457,0.0003683030393519457,0.045926381826007355,0.0006296834864927478,0.0006296834864927478,holdout
Bulk_730,/home/jinsookim/HEA_MC/PtPdRhRuIr/cgcnn/root_dir/Bulk_730.cif,0.0013668243750002,bulk,32,32,32.0,0.0024166822318441618,-0.0010498578568439618,0.0010498578568439618,0.0025397621656475817,-0.0011729377906473817,0.0011729377906473817,fit
Bulk_731,/home/jinsookim/HEA_MC/PtPdRhRuIr/cgcnn/root_dir/Bulk_731.cif,0.0231019287499991,bulk,32,32,32.0,0.02410141714593142,-0.0009994883959323214,0.0009994883959323214,0.02410918819733976,-0.001007259447340661,0.001007259447340661,fit
Bulk_732,/home/jinsookim/HEA_MC/PtPdRhRuIr/cgcnn/root_dir/Bulk_732.cif,-0.0007542265625009,bulk,32,32,32.0,-0.00023238177241415373,-0.0005218447900867463,0.0005218447900867463,-0.00040412425354281745,-0.00035010230895808256,0.00035010230895808256,fit
Bulk_733,/home/jinsookim/HEA_MC/PtPdRhRuIr/cgcnn/root_dir/Bulk_733.cif,0.0359436478124992,bulk,32,32,32.0,0.03584558256661133,9.806524588787391e-05,9.806524588787391e-05,0.035741759998737854,0.0002018878137613478,0.0002018878137613478,fit
Bulk_734,/home/jinsookim/HEA_MC/PtPdRhRuIr/cgcnn/root_dir/Bulk_734.cif,0.0089807187500001,bulk,32,32,32.0,0.009087195436165301,-0.00010647668616520049,0.00010647668616520049,0.008902421226210992,7.829752378910905e-05,7.829752378910905e-05,fit
Bulk_735,/home/jinsookim/HEA_MC/PtPdRhRuIr/cgcnn/root_dir/Bulk_735.cif,0.0487038478125008,bulk,32,32,32.0,0.04920135445033441,-0.000497506637833614,0.000497506637833614,0.04866453900266708,3.930880983371576e-05,3.930880983371576e-05,fit
Bulk_736,/home/jinsookim/HEA_MC/PtPdRhRuIr/cgcnn/root_dir/Bulk_736.cif,0.0557200115625002,bulk,32,32,32.0,0.05586997847942517,-0.00014996691692496789,0.00014996691692496789,0.055605357191655005,0.00011465437084519359,0.00011465437084519359,fit
Bulk_737,/home/jinsookim/HEA_MC/PtPdRhRuIr/cgcnn/root_dir/Bulk_737.cif,0.037195658749999,bulk,32,32,32.0,0.034709998557693834,0.0024856601923051655,0.0024856601923051655,0.03486147692581214,0.0023341818241868623,0.0023341818241868623,fit
Bulk_738,/home/jinsookim/HEA_MC/PtPdRhRuIr/cgcnn/root_dir/Bulk_738.cif,0.0303231756250008,bulk,32,32,32.0,0.03141499545410845,-0.0010918198291076549,0.0010918198291076549,0.031502064298160104,-0.0011788886731593055,0.0011788886731593055,holdout
Bulk_739,/home/jinsookim/HEA_MC/PtPdRhRuIr/cgcnn/root_dir/Bulk_739.cif,0.0018262987499992,bulk,32,32,32.0,0.0008133292237733018,0.0010129695262258982,0.0010129695262258982,0.0008813543658071875,0.0009449443841920125,0.0009449443841920125,fit
Bulk_740,/home/jinsookim/HEA_MC/PtPdRhRuIr/cgcnn/root_dir/Bulk_740.cif,0.0372294993750008,bulk,32,32,32.0,0.03495190683412289,0.002277592540877914,0.002277592540877914,0.03479128151294296,0.0024382178620578412,0.0024382178620578412,fit
Bulk_741,/home/jinsookim/HEA_MC/PtPdRhRuIr/cgcnn/root_dir/Bulk_741.cif,0.0092509815625003,bulk,32,32,32.0,0.00938714167094188,-0.00013616010844158012,0.00013616010844158012,0.009481072664110662,-0.00023009110161036246,0.00023009110161036246,fit
Bulk_742,/home/jinsookim/HEA_MC/PtPdRhRuIr/cgcnn/root_dir/Bulk_742.cif,0.0356699625,bulk,32,32,32.0,0.03533663454373647,0.000333327956263528,0.000333327956263528,0.03515274669843702,0.0005172158015629771,0.0005172158015629771,fit
Bulk_743,/home/jinsookim/HEA_MC/PtPdRhRuIr/cgcnn/root_dir/Bulk_743.cif,0.0193655096875007,bulk,32,32,32.0,0.020240592767069618,-0.0008750830795689162,0.0008750830795689162,0.020526358345450454,-0.0011608486579497528,0.0011608486579497528,fit
Bulk_744,/home/jinsookim/HEA_MC/PtPdRhRuIr/cgcnn/root_dir/Bulk_744.cif,-0.0072625587499999,bulk,32,32,32.0,-0.010246275160706114,0.002983716410706214,0.002983716410706214,-0.010079615327003418,0.002817056577003517,0.002817056577003517,fit
Bulk_745,/home/jinsookim/HEA_MC/PtPdRhRuIr/cgcnn/root_dir/Bulk_745.cif,0.0376887762500004,bulk,32,32,32.0,0.037469939778703956,0.00021883647129644634,0.00021883647129644634,0.03699694787122887,0.0006918283787715335,0.0006918283787715335,fit
Bulk_746,/home/jinsookim/HEA_MC/PtPdRhRuIr/cgcnn/root_dir/Bulk_746.cif,0.0341680634374998,bulk,32,32,32.0,0.03347445283757001,0.0006936105999297906,0.0006936105999297906,0.03352179736078891,0.0006462660767108871,0.0006462660767108871,fit
Bulk_747,/home/jinsookim/HEA_MC/PtPdRhRuIr/cgcnn/root_dir/Bulk_747.cif,0.0358871015625004,bulk,32,32,32.0,0.037800688206988564,-0.001913586644488166,0.001913586644488166,0.037869729526888045,-0.001982627964387647,0.001982627964387647,holdout
Bulk_748,/home/jinsookim/HEA_MC/PtPdRhRuIr/cgcnn/root_dir/Bulk_748.cif,0.0322920896875,bulk,32,32,32.0,0.03324526094306689,-0.0009531712555668898,0.0009531712555668898,0.033594780295695605,-0.0013026906081956072,0.0013026906081956072,fit
Bulk_749,/home/jinsookim/HEA_MC/PtPdRhRuIr/cgcnn/root_dir/Bulk_749.cif,0.0171374440625005,bulk,32,32,32.0,0.016592903865095186,0.0005445401974053139,0.0005445401974053139,0.016347891811623803,0.0007895522508766968,0.0007895522508766968,fit
Bulk_750,/home/jinsookim/HEA_MC/PtPdRhRuIr/cgcnn/root_dir/Bulk_750.cif,0.0070030678124997,bulk,32,32,32.0,0.00638114468937029,0.0006219231231294102,0.0006219231231294102,0.006323209128166274,0.0006798586843334261,0.0006798586843334261,fit
Bulk_751,/home/jinsookim/HEA_MC/PtPdRhRuIr/cgcnn/root_dir/Bulk_751.cif,0.0278690993749997,bulk,32,32,32.0,0.027628599074266944,0.0002405003007327558,0.0002405003007327558,0.027613581935124993,0.00025551743987470635,0.00025551743987470635,fit
Bulk_752,/home/jinsookim/HEA_MC/PtPdRhRuIr/cgcnn/root_dir/Bulk_752.cif,0.0122078053125003,bulk,32,32,32.0,0.01121003424106562,0.0009977710714346808,0.0009977710714346808,0.011036765476801309,0.0011710398356989914,0.0011710398356989914,fit
Bulk_753,/home/jinsookim/HEA_MC/PtPdRhRuIr/cgcnn/root_dir/Bulk_753.cif,0.0277159993750011,bulk,32,32,32.0,0.02770675612514771,9.243249853390506e-06,9.243249853390506e-06,0.028116467944634897,-0.00040046856963379604,0.00040046856963379604,fit
Bulk_754,/home/jinsookim/HEA_MC/PtPdRhRuIr/cgcnn/root_dir/Bulk_754.cif,0.0202328506249998,bulk,32,32,32.0,0.018288225958094734,0.0019446246669050649,0.0019446246669050649,0.018400970285968873,0.0018318803390309259,0.0018318803390309259,fit
Bulk_755,/home/jinsookim/HEA_MC/PtPdRhRuIr/cgcnn/root_dir/Bulk_755.cif,0.0025549865625,bulk,32,32,32.0,0.002752752016240834,-0.0001977654537408339,0.0001977654537408339,0.0027871529591219895,-0.0002321663966219894,0.0002321663966219894,fit
Bulk_756,/home/jinsookim/HEA_MC/PtPdRhRuIr/cgcnn/root_dir/Bulk_756.cif,-0.0003405803125007,bulk,32,32,32.0,-0.0013524420036247764,0.0010118616911240763,0.0010118616911240763,-0.0015977396482061736,0.0012571593357054735,0.0012571593357054735,fit
Bulk_757,/home/jinsookim/HEA_MC/PtPdRhRuIr/cgcnn/root_dir/Bulk_757.cif,0.030194534375,bulk,32,32,32.0,0.031129248480867393,-0.0009347141058673944,0.0009347141058673944,0.031326882947587315,-0.0011323485725873161,0.0011323485725873161,fit
Bulk_758,/home/jinsookim/HEA_MC/PtPdRhRuIr/cgcnn/root_dir/Bulk_758.cif,0.0452832874999993,bulk,32,32,32.0,0.04191976510234803,0.003363522397651267,0.003363522397651267,0.042018962182525654,0.003264325317473643,0.003264325317473643,fit
Bulk_759,/home/jinsookim/HEA_MC/PtPdRhRuIr/cgcnn/root_dir/Bulk_759.cif,0.0063216065625013,bulk,32,32,32.0,0.006033676445396968,0.0002879301171043319,0.0002879301171043319,0.006170311470620037,0.0001512950918812631,0.0001512950918812631,fit
Bulk_760,/home/jinsookim/HEA_MC/PtPdRhRuIr/cgcnn/root_dir/Bulk_760.cif,0.0132577671874996,bulk,32,32,32.0,0.015694262780049706,-0.0024364955925501065,0.0024364955925501065,0.015799488737981406,-0.0025417215504818062,0.0025417215504818062,fit
Bulk_761,/home/jinsookim/HEA_MC/PtPdRhRuIr/cgcnn/root_dir/Bulk_761.cif,-0.0118789381250001,bulk,32,32,32.0,-0.012622438372313576,0.0007435002473134764,0.0007435002473134764,-0.012972117761467346,0.0010931796364672466,0.0010931796364672466,fit
Bulk_762,/home/jinsookim/HEA_MC/PtPdRhRuIr/cgcnn/root_dir/Bulk_762.cif,0.0312632328124999,bulk,32,32,32.0,0.030427506180317913,0.0008357266321819892,0.0008357266321819892,0.030436077016866115,0.0008271557956337876,0.0008271557956337876,fit
Bulk_763,/home/jinsookim/HEA_MC/PtPdRhRuIr/cgcnn/root_dir/Bulk_763.cif,0.0410155209375,bulk,32,32,32.0,0.04260013138311558,-0.0015846104456155793,0.0015846104456155793,0.04253739338672724,-0.0015218724492272392,0.0015218724492272392,holdout
Bulk_764,/home/jinsookim/HEA_MC/PtPdRhRuIr/cgcnn/root_dir/Bulk_764.cif,0.0359992118749996,bulk,32,32,32.0,0.03477745827784493,0.001221753597154665,0.001221753597154665,0.03486197787475369,0.0011372340002459083,0.0011372340002459083,fit
Bulk_765,/home/jinsookim/HEA_MC/PtPdRhRuIr/cgcnn/root_dir/Bulk_765.cif,0.0333972724999993,bulk,32,32,32.0,0.03266484850863982,0.0007324239913594766,0.0007324239913594766,0.03278641822515707,0.0006108542748422263,0.0006108542748422263,fit
Bulk_766,/home/jinsookim/HEA_MC/PtPdRhRuIr/cgcnn/root_dir/Bulk_766.cif,0.0409058490624998,bulk,32,32,32.0,0.0427882838813448,-0.001882434818845001,0.001882434818845001,0.04270212711684239,-0.0017962780543425913,0.0017962780543425913,fit
Bulk_767,/home/jinsookim/HEA_MC/PtPdRhRuIr/cgcnn/root_dir/Bulk_767.cif,0.0091243528125,bulk,32,32,32.0,0.010187917925502879,-0.0010635651130028786,0.0010635651130028786,0.01027849550418084,-0.0011541426916808397,0.0011541426916808397,fit
Bulk_768,/home/jinsookim/HEA_MC/PtPdRhRuIr/cgcnn/root_dir/Bulk_768.cif,-0.0037149449999986,bulk,32,32,32.0,-0.005005392703993042,0.0012904477039944419,0.0012904477039944419,-0.005166578061971714,0.001451633061973114,0.001451633061973114,fit
Bulk_769,/home/jinsookim/HEA_MC/PtPdRhRuIr/cgcnn/root_dir/Bulk_769.cif,0.0335473665624999,bulk,32,32,32.0,0.032108626913790475,0.0014387396487094278,0.0014387396487094278,0.031764293656514946,0.0017830729059849573,0.0017830729059849573,holdout
Bulk_770,/home/jinsookim/HEA_MC/PtPdRhRuIr/cgcnn/root_dir/Bulk_770.cif,0.0226022040625011,bulk,32,32,32.0,0.023387526648645178,-0.0007853225861440792,0.0007853225861440792,0.023348018528838513,-0.000745814466337414,0.000745814466337414,fit
Bulk_771,/home/jinsookim/HEA_MC/PtPdRhRuIr/cgcnn/root_dir/Bulk_771.cif,0.0340166993750008,bulk,32,32,32.0,0.035296830881554234,-0.001280131506553435,0.001280131506553435,0.03546368332493517,-0.0014469839499343731,0.0014469839499343731,fit
Bulk_772,/home/jinsookim/HEA_MC/PtPdRhRuIr/cgcnn/root_dir/Bulk_772.cif,0.0142655824999993,bulk,32,32,32.0,0.012326624520875198,0.001938957979124101,0.001938957979124101,0.01159316833167233,0.00267241416832697,0.00267241416832697,holdout
Bulk_773,/home/jinsookim/HEA_MC/PtPdRhRuIr/cgcnn/root_dir/Bulk_773.cif,0.0004013584374993,bulk,32,32,32.0,0.0022351250020466173,-0.0018337665645473174,0.0018337665645473174,0.002342509237159042,-0.001941150799659742,0.001941150799659742,fit
Bulk_774,/home/jinsookim/HEA_MC/PtPdRhRuIr/cgcnn/root_dir/Bulk_774.cif,-0.0107841506249997,bulk,32,32,32.0,-0.011332040658551432,0.0005478900335517314,0.0005478900335517314,-0.011081805620525288,0.00029765499552558694,0.00029765499552558694,fit
Bulk_775,/home/jinsookim/HEA_MC/PtPdRhRuIr/cgcnn/root_dir/Bulk_775.cif,-0.0120050171874988,bulk,32,32,32.0,-0.013910623020813619,0.0019056058333148194,0.0019056058333148194,-0.014020926424365227,0.0020159092368664273,0.0020159092368664273,holdout
Bulk_776,/home/jinsookim/HEA_MC/PtPdRhRuIr/cgcnn/root_dir/Bulk_776.cif,0.0450859006249997,bulk,32,32,32.0,0.0434024785679791,0.0016834220570206004,0.0016834220570206004,0.04319189298356027,0.0018940076414394325,0.0018940076414394325,holdout
Bulk_777,/home/jinsookim/HEA_MC/PtPdRhRuIr/cgcnn/root_dir/Bulk_777.cif,0.0140377396875006,bulk,32,32,32.0,0.016185270235114946,-0.002147530547614346,0.002147530547614346,0.01592938234364315,-0.0018916426561425507,0.0018916426561425507,fit
Bulk_778,/home/jinsookim/HEA_MC/PtPdRhRuIr/cgcnn/root_dir/Bulk_778.cif,0.0388392990624995,bulk,32,32,32.0,0.03928038284625521,-0.000441083783755708,0.000441083783755708,0.039399345916868875,-0.0005600468543693754,0.0005600468543693754,fit
Bulk_779,/home/jinsookim/HEA_MC/PtPdRhRuIr/cgcnn/root_dir/Bulk_779.cif,0.0569935940625008,bulk,32,32,32.0,0.05928409951451995,-0.0022905054520191495,0.0022905054520191495,0.05933662253494447,-0.0023430284724436715,0.0023430284724436715,holdout
Bulk_780,/home/jinsookim/HEA_MC/PtPdRhRuIr/cgcnn/root_dir/Bulk_780.cif,0.0092039878124996,bulk,32,32,32.0,0.008629098975105224,0.0005748888373943769,0.0005748888373943769,0.008588424121246167,0.0006155636912534342,0.0006155636912534342,fit
Bulk_781,/home/jinsookim/HEA_MC/PtPdRhRuIr/cgcnn/root_dir/Bulk_781.cif,0.0166163009374997,bulk,32,32,32.0,0.01764042047014912,-0.0010241195326494215,0.0010241195326494215,0.017916126257624766,-0.0012998253201250663,0.0012998253201250663,fit
Bulk_782,/home/jinsookim/HEA_MC/PtPdRhRuIr/cgcnn/root_dir/Bulk_782.cif,0.0057353843749998,bulk,32,32,32.0,0.004877956499116896,0.0008574278758829035,0.0008574278758829035,0.005104954280969606,0.0006304300940301938,0.0006304300940301938,fit
Bulk_783,/home/jinsookim/HEA_MC/PtPdRhRuIr/cgcnn/root_dir/Bulk_783.cif,0.0409524812499997,bulk,32,32,32.0,0.042046404986492036,-0.001093923736492336,0.001093923736492336,0.04185196795407318,-0.000899486704073478,0.000899486704073478,fit
Bulk_784,/home/jinsookim/HEA_MC/PtPdRhRuIr/cgcnn/root_dir/Bulk_784.cif,0.0388610259374999,bulk,32,32,32.0,0.03805630792719057,0.0008047180103093257,0.0008047180103093257,0.03801028723443028,0.0008507387030696201,0.0008507387030696201,fit
Bulk_785,/home/jinsookim/HEA_MC/PtPdRhRuIr/cgcnn/root_dir/Bulk_785.cif,0.0207430024999997,bulk,32,32,32.0,0.02132128402634546,-0.0005782815263457586,0.0005782815263457586,0.02159227065190223,-0.000849268151902529,0.000849268151902529,fit
Bulk_786,/home/jinsookim/HEA_MC/PtPdRhRuIr/cgcnn/root_dir/Bulk_786.cif,0.0507968221874994,bulk,32,32,32.0,0.04796448474007973,0.002832337447419675,0.002832337447419675,0.04809945838182007,0.00269736380567933,0.00269736380567933,fit
Bulk_787,/home/jinsookim/HEA_MC/PtPdRhRuIr/cgcnn/root_dir/Bulk_787.cif,0.0323989118749992,bulk,32,32,32.0,0.03269271937844244,-0.0002938075034432386,0.0002938075034432386,0.03269022384140044,-0.00029131196640123924,0.00029131196640123924,fit
Bulk_788,/home/jinsookim/HEA_MC/PtPdRhRuIr/cgcnn/root_dir/Bulk_788.cif,0.0293369121875004,bulk,32,32,32.0,0.02800141934034585,0.001335492847154552,0.001335492847154552,0.028012770514120388,0.0013241416733800124,0.0013241416733800124,fit
Bulk_789,/home/jinsookim/HEA_MC/PtPdRhRuIr/cgcnn/root_dir/Bulk_789.cif,0.0048137796874998,bulk,32,32,32.0,0.004194730122793691,0.0006190495647061091,0.0006190495647061091,0.004210220757315877,0.0006035589301839226,0.0006035589301839226,fit
Bulk_790,/home/jinsookim/HEA_MC/PtPdRhRuIr/cgcnn/root_dir/Bulk_790.cif,0.0376396759375001,bulk,32,32,32.0,0.03940635215317793,-0.0017666762156778246,0.0017666762156778246,0.03938458426213326,-0.001744908324633157,0.001744908324633157,fit
Bulk_791,/home/jinsookim/HEA_MC/PtPdRhRuIr/cgcnn/root_dir/Bulk_791.cif,0.0088948953125003,bulk,32,32,32.0,0.009848571655102938,-0.0009536763426026378,0.0009536763426026378,0.009983142840993678,-0.001088247528493378,0.001088247528493378,holdout
Bulk_792,/home/jinsookim/HEA_MC/PtPdRhRuIr/cgcnn/root_dir/Bulk_792.cif,0.0106540478125003,bulk,32,32,32.0,0.008989147006642231,0.0016649008058580682,0.0016649008058580682,0.00887865331475057,0.00177539449774973,0.00177539449774973,fit
Bulk_793,/home/jinsookim/HEA_MC/PtPdRhRuIr/cgcnn/root_dir/Bulk_793.cif,0.0097579690625009,bulk,32,32,32.0,0.01113836119875802,-0.0013803921362571196,0.0013803921362571196,0.010974309562484064,-0.001216340499983164,0.001216340499983164,fit
Bulk_794,/home/jinsookim/HEA_MC/PtPdRhRuIr/cgcnn/root_dir/Bulk_794.cif,0.0529625443749992,bulk,32,32,32.0,0.05345412978104643,-0.0004915854060472333,0.0004915854060472333,0.05372166849823822,-0.0007591241232390231,0.0007591241232390231,fit
Bulk_795,/home/jinsookim/HEA_MC/PtPdRhRuIr/cgcnn/root_dir/Bulk_795.cif,0.0156096971875001,bulk,32,32,32.0,0.01634822186071906,-0.0007385246732189623,0.0007385246732189623,0.016159025027215928,-0.0005493278397158286,0.0005493278397158286,fit
Bulk_796,/home/jinsookim/HEA_MC/PtPdRhRuIr/cgcnn/root_dir/Bulk_796.cif,0.0650406812500001,bulk,32,32,32.0,0.06321976291852129,0.0018209183314788213,0.0018209183314788213,0.06310756367075232,0.0019331175792477867,0.0019331175792477867,fit
Bulk_797,/home/jinsookim/HEA_MC/PtPdRhRuIr/cgcnn/root_dir/Bulk_797.cif,0.0169725865624998,bulk,32,32,32.0,0.015849643914090876,0.0011229426484089255,0.0011229426484089255,0.015655350072490255,0.0013172364900095462,0.0013172364900095462,fit
Bulk_798,/home/jinsookim/HEA_MC/PtPdRhRuIr/cgcnn/root_dir/Bulk_798.cif,0.0252631131250007,bulk,32,32,32.0,0.022419905681174135,0.002843207443826566,0.002843207443826566,0.02206344813795465,0.0031996649870460504,0.0031996649870460504,fit
Bulk_799,/home/jinsookim/HEA_MC/PtPdRhRuIr/cgcnn/root_dir/Bulk_799.cif,0.0376727381250008,bulk,32,32,32.0,0.03990001344293756,-0.002227275317936761,0.002227275317936761,0.03988052402964957,-0.0022077859046487694,0.0022077859046487694,fit
Bulk_800,/home/jinsookim/HEA_MC/PtPdRhRuIr/cgcnn/root_dir/Bulk_800.cif,-0.0029204112499998,bulk,32,32,32.0,-0.004537688553757163,0.0016172773037573633,0.0016172773037573633,-0.004555099029697075,0.0016346877796972747,0.0016346877796972747,fit
Bulk_801,/home/jinsookim/HEA_MC/PtPdRhRuIr/cgcnn/root_dir/Bulk_801.cif,-0.0039296315625003,bulk,32,32,32.0,-0.004548177328709973,0.0006185457662096728,0.0006185457662096728,-0.004519684556724917,0.0005900529942246173,0.0005900529942246173,fit
Bulk_802,/home/jinsookim/HEA_MC/PtPdRhRuIr/cgcnn/root_dir/Bulk_802.cif,0.0363133353125002,bulk,32,32,32.0,0.03953886771803593,-0.0032255324055357262,0.0032255324055357262,0.039686916598996314,-0.003373581286496112,0.003373581286496112,fit
Bulk_803,/home/jinsookim/HEA_MC/PtPdRhRuIr/cgcnn/root_dir/Bulk_803.cif,0.03223599875,bulk,32,32,32.0,0.03247733700547041,-0.00024133825547040938,0.00024133825547040938,0.03267467770722979,-0.0004386789572297864,0.0004386789572297864,fit
Bulk_804,/home/jinsookim/HEA_MC/PtPdRhRuIr/cgcnn/root_dir/Bulk_804.cif,0.0326650496875,bulk,32,32,32.0,0.03468297096391495,-0.0020179212764149454,0.0020179212764149454,0.03504872917711538,-0.0023836794896153757,0.0023836794896153757,holdout
Bulk_805,/home/jinsookim/HEA_MC/PtPdRhRuIr/cgcnn/root_dir/Bulk_805.cif,0.0491021146874999,bulk,32,32,32.0,0.04855521019967952,0.0005469044878203821,0.0005469044878203821,0.04877609096222952,0.00032602372527038015,0.00032602372527038015,holdout
Bulk_806,/home/jinsookim/HEA_MC/PtPdRhRuIr/cgcnn/root_dir/Bulk_806.cif,0.0314003353125,bulk,32,32,32.0,0.032210476506362364,-0.000810141193862364,0.000810141193862364,0.032172953305717414,-0.0007726179932174143,0.0007726179932174143,fit
Bulk_807,/home/jinsookim/HEA_MC/PtPdRhRuIr/cgcnn/root_dir/Bulk_807.cif,0.0037311799999999,bulk,32,32,32.0,0.004455147318010983,-0.0007239673180110826,0.0007239673180110826,0.004426834410517654,-0.0006956544105177539,0.0006956544105177539,fit
Bulk_808,/home/jinsookim/HEA_MC/PtPdRhRuIr/cgcnn/root_dir/Bulk_808.cif,0.0239084131250004,bulk,32,32,32.0,0.02474773169732322,-0.0008393185723228197,0.0008393185723228197,0.02486192792948068,-0.0009535148044802801,0.0009535148044802801,fit
Bulk_809,/home/jinsookim/HEA_MC/PtPdRhRuIr/cgcnn/root_dir/Bulk_809.cif,0.0291060109375003,bulk,32,32,32.0,0.030716095425507947,-0.001610084488007646,0.001610084488007646,0.030771151881832506,-0.0016651409443322052,0.0016651409443322052,fit
Bulk_810,/home/jinsookim/HEA_MC/PtPdRhRuIr/cgcnn/root_dir/Bulk_810.cif,0.0273422331249992,bulk,32,32,32.0,0.028238816692958288,-0.0008965835679590889,0.0008965835679590889,0.028228151180972973,-0.0008859180559737737,0.0008859180559737737,fit
Bulk_811,/home/jinsookim/HEA_MC/PtPdRhRuIr/cgcnn/root_dir/Bulk_811.cif,0.0487058287500001,bulk,32,32,32.0,0.05097682330858898,-0.002270994558588875,0.002270994558588875,0.05065840622339921,-0.0019525774733991086,0.0019525774733991086,fit
Bulk_812,/home/jinsookim/HEA_MC/PtPdRhRuIr/cgcnn/root_dir/Bulk_812.cif,0.0609924118750004,bulk,32,32,32.0,0.061910508621280384,-0.0009180967462799824,0.0009180967462799824,0.06180127500076475,-0.0008088631257643503,0.0008088631257643503,fit
Bulk_813,/home/jinsookim/HEA_MC/PtPdRhRuIr/cgcnn/root_dir/Bulk_813.cif,0.009605079062501,bulk,32,32,32.0,0.011870187910031188,-0.0022651088475301884,0.0022651088475301884,0.011720663235439913,-0.0021155841729389134,0.0021155841729389134,fit
Bulk_814,/home/jinsookim/HEA_MC/PtPdRhRuIr/cgcnn/root_dir/Bulk_814.cif,0.0380260253124999,bulk,32,32,32.0,0.03675973783737515,0.00126628747512475,0.00126628747512475,0.03676580719568241,0.0012602181168174867,0.0012602181168174867,fit
Bulk_815,/home/jinsookim/HEA_MC/PtPdRhRuIr/cgcnn/root_dir/Bulk_815.cif,0.0355661762499996,bulk,32,32,32.0,0.0342056626782071,0.001360513571792503,0.001360513571792503,0.034083459579133585,0.0014827166708660175,0.0014827166708660175,holdout
Bulk_816,/home/jinsookim/HEA_MC/PtPdRhRuIr/cgcnn/root_dir/Bulk_816.cif,0.0182981975,bulk,32,32,32.0,0.01719331167390495,0.00110488582609505,0.00110488582609505,0.017205294176627854,0.0010929033233721443,0.0010929033233721443,fit
Bulk_817,/home/jinsookim/HEA_MC/PtPdRhRuIr/cgcnn/root_dir/Bulk_817.cif,0.0266108784374994,bulk,32,32,32.0,0.02440274514996757,0.0022081332875318292,0.0022081332875318292,0.024368222478366237,0.0022426559591331614,0.0022426559591331614,fit
Bulk_818,/home/jinsookim/HEA_MC/PtPdRhRuIr/cgcnn/root_dir/Bulk_818.cif,0.0336446971875004,bulk,32,32,32.0,0.03607846821124755,-0.0024337710237471513,0.0024337710237471513,0.036014107268108435,-0.0023694100806080365,0.0023694100806080365,fit
Bulk_819,/home/jinsookim/HEA_MC/PtPdRhRuIr/cgcnn/root_dir/Bulk_819.cif,0.0319664940625008,bulk,32,32,32.0,0.03422279808902377,-0.002256304026522972,0.002256304026522972,0.03432713216010346,-0.0023606380976026603,0.0023606380976026603,fit
Bulk_820,/home/jinsookim/HEA_MC/PtPdRhRuIr/cgcnn/root_dir/Bulk_820.cif,0.0494106615625016,bulk,32,32,32.0,0.04861238512431222,0.0007982764381893812,0.0007982764381893812,0.04859645898318832,0.0008142025793132848,0.0008142025793132848,fit
Bulk_821,/home/jinsookim/HEA_MC/PtPdRhRuIr/cgcnn/root_dir/Bulk_821.cif,-0.0161881678125004,bulk,32,32,32.0,-0.01697819036009535,0.0007900225475949499,0.0007900225475949499,-0.016933475329450044,0.0007453075169496434,0.0007453075169496434,fit
Bulk_822,/home/jinsookim/HEA_MC/PtPdRhRuIr/cgcnn/root_dir/Bulk_822.cif,0.030652512812499,bulk,32,32,32.0,0.027184140491555084,0.0034683723209439146,0.0034683723209439146,0.027044563280845733,0.0036079495316532657,0.0036079495316532657,fit
Bulk_823,/home/jinsookim/HEA_MC/PtPdRhRuIr/cgcnn/root_dir/Bulk_823.cif,0.0166879584375001,bulk,32,32,32.0,0.016584619578221126,0.00010333885927897579,0.00010333885927897579,0.01697446246251942,-0.0002865040250193199,0.0002865040250193199,fit
Bulk_824,/home/jinsookim/HEA_MC/PtPdRhRuIr/cgcnn/root_dir/Bulk_824.cif,0.0348578974999993,bulk,32,32,32.0,0.034488123323884325,0.0003697741761149731,0.0003697741761149731,0.03477316292175128,8.473457824801495e-05,8.473457824801495e-05,fit
Bulk_825,/home/jinsookim/HEA_MC/PtPdRhRuIr/cgcnn/root_dir/Bulk_825.cif,0.0180346559374999,bulk,32,32,32.0,0.019054555822876476,-0.0010198998853765753,0.0010198998853765753,0.019165731472495957,-0.0011310755349960566,0.0011310755349960566,fit
Bulk_826,/home/jinsookim/HEA_MC/PtPdRhRuIr/cgcnn/root_dir/Bulk_826.cif,-0.0219144046875001,bulk,32,32,32.0,-0.02414505096353952,0.00223064627603942,0.00223064627603942,-0.023983967832079324,0.0020695631445792236,0.0020695631445792236,fit
Bulk_827,/home/jinsookim/HEA_MC/PtPdRhRuIr/cgcnn/root_dir/Bulk_827.cif,0.0580928656249994,bulk,32,32,32.0,0.05870861495427214,-0.0006157493292727398,0.0006157493292727398,0.05880831254423836,-0.0007154469192389573,0.0007154469192389573,fit
Bulk_828,/home/jinsookim/HEA_MC/PtPdRhRuIr/cgcnn/root_dir/Bulk_828.cif,0.0245683940625003,bulk,32,32,32.0,0.024438515246090888,0.00012987881640941223,0.00012987881640941223,0.024355456216627207,0.00021293784587309364,0.00021293784587309364,fit
Bulk_829,/home/jinsookim/HEA_MC/PtPdRhRuIr/cgcnn/root_dir/Bulk_829.cif,0.0112917281249993,bulk,32,32,32.0,0.011495047734608858,-0.0002033196096095577,0.0002033196096095577,0.011694778260809783,-0.00040305013581048293,0.00040305013581048293,fit
Bulk_830,/home/jinsookim/HEA_MC/PtPdRhRuIr/cgcnn/root_dir/Bulk_830.cif,0.0020955534375,bulk,32,32,32.0,0.0029366251509571756,-0.0008410717134571754,0.0008410717134571754,0.0028944451852840475,-0.0007988917477840473,0.0007988917477840473,fit
Bulk_831,/home/jinsookim/HEA_MC/PtPdRhRuIr/cgcnn/root_dir/Bulk_831.cif,0.0649086040624995,bulk,32,32,32.0,0.06534954292568221,-0.0004409388631827077,0.0004409388631827077,0.06549261538776224,-0.0005840113252627427,0.0005840113252627427,holdout
Bulk_832,/home/jinsookim/HEA_MC/PtPdRhRuIr/cgcnn/root_dir/Bulk_832.cif,0.0393181368749999,bulk,32,32,32.0,0.04095132939481723,-0.0016331925198173267,0.0016331925198173267,0.041071431194760484,-0.0017532943197605816,0.0017532943197605816,fit
Bulk_833,/home/jinsookim/HEA_MC/PtPdRhRuIr/cgcnn/root_dir/Bulk_833.cif,0.0246893434375001,bulk,32,32,32.0,0.028580739003905585,-0.003891395566405484,0.003891395566405484,0.028633726659468513,-0.003944383221968412,0.003944383221968412,fit
Bulk_834,/home/jinsookim/HEA_MC/PtPdRhRuIr/cgcnn/root_dir/Bulk_834.cif,0.0207706549999997,bulk,32,32,32.0,0.01988077716501184,0.0008898778349878608,0.0008898778349878608,0.020141596105143496,0.0006290588948562048,0.0006290588948562048,fit
Bulk_835,/home/jinsookim/HEA_MC/PtPdRhRuIr/cgcnn/root_dir/Bulk_835.cif,0.0118383571875009,bulk,32,32,32.0,0.010541838391933447,0.0012965187955674522,0.0012965187955674522,0.010528843296450839,0.0013095138910500601,0.0013095138910500601,fit
Bulk_836,/home/jinsookim/HEA_MC/PtPdRhRuIr/cgcnn/root_dir/Bulk_836.cif,0.0226366303125002,bulk,32,32,32.0,0.02234706896890276,0.0002895613435974394,0.0002895613435974394,0.02240936683748706,0.00022726347501314179,0.00022726347501314179,fit
Bulk_837,/home/jinsookim/HEA_MC/PtPdRhRuIr/cgcnn/root_dir/Bulk_837.cif,0.0050780915624999,bulk,32,32,32.0,0.00455597426980188,0.0005221172926980202,0.0005221172926980202,0.0046123231901121775,0.0004657683723877223,0.0004657683723877223,fit
Bulk_838,/home/jinsookim/HEA_MC/PtPdRhRuIr/cgcnn/root_dir/Bulk_838.cif,0.0325561603124997,bulk,32,32,32.0,0.03420329481555608,-0.0016471345030563828,0.0016471345030563828,0.034383052091470155,-0.0018268917789704547,0.0018268917789704547,fit
Bulk_839,/home/jinsookim/HEA_MC/PtPdRhRuIr/cgcnn/root_dir/Bulk_839.cif,0.0628204974999997,bulk,32,32,32.0,0.0620837583160425,0.0007367391839571968,0.0007367391839571968,0.06202216194844007,0.0007983355515596285,0.0007983355515596285,holdout
Bulk_840,/home/jinsookim/HEA_MC/PtPdRhRuIr/cgcnn/root_dir/Bulk_840.cif,0.0422043175000004,bulk,32,32,32.0,0.04168432522792921,0.0005199922720711889,0.0005199922720711889,0.041567161864583965,0.0006371556354164351,0.0006371556354164351,holdout
Bulk_841,/home/jinsookim/HEA_MC/PtPdRhRuIr/cgcnn/root_dir/Bulk_841.cif,0.0195916550000001,bulk,32,32,32.0,0.018359961874166986,0.0012316931258331137,0.0012316931258331137,0.018488601575776368,0.0011030534242237322,0.0011030534242237322,fit
Bulk_842,/home/jinsookim/HEA_MC/PtPdRhRuIr/cgcnn/root_dir/Bulk_842.cif,0.0021255687500003,bulk,32,32,32.0,0.0003108198879402807,0.0018147488620600194,0.0018147488620600194,0.00016590222998488953,0.0019596665200154106,0.0019596665200154106,fit
Bulk_843,/home/jinsookim/HEA_MC/PtPdRhRuIr/cgcnn/root_dir/Bulk_843.cif,0.0371536628124991,bulk,32,32,32.0,0.036311691123503326,0.000841971688995774,0.000841971688995774,0.0365043104552874,0.0006493523572116966,0.0006493523572116966,fit
Bulk_844,/home/jinsookim/HEA_MC/PtPdRhRuIr/cgcnn/root_dir/Bulk_844.cif,0.0200786271874999,bulk,32,32,32.0,0.019165065097770217,0.0009135620897296817,0.0009135620897296817,0.01911820518277352,0.000960422004726378,0.000960422004726378,fit
Bulk_845,/home/jinsookim/HEA_MC/PtPdRhRuIr/cgcnn/root_dir/Bulk_845.cif,-0.0077000934375002,bulk,32,32,32.0,-0.007248768032955896,-0.0004513254045443041,0.0004513254045443041,-0.0075039576792120255,-0.0001961357582881745,0.0001961357582881745,fit
Bulk_846,/home/jinsookim/HEA_MC/PtPdRhRuIr/cgcnn/root_dir/Bulk_846.cif,0.0013901490624999,bulk,32,32,32.0,0.0017224008948590504,-0.00033225183235915034,0.00033225183235915034,0.001657783430847378,-0.00026763436834747805,0.00026763436834747805,fit
Bulk_847,/home/jinsookim/HEA_MC/PtPdRhRuIr/cgcnn/root_dir/Bulk_847.cif,0.0827021190625005,bulk,32,32,32.0,0.08081474378006501,0.0018873752824354884,0.0018873752824354884,0.08083154988795935,0.001870569174541148,0.001870569174541148,fit
Bulk_848,/home/jinsookim/HEA_MC/PtPdRhRuIr/cgcnn/root_dir/Bulk_848.cif,0.0372193184374998,bulk,32,32,32.0,0.038274736778317296,-0.0010554183408174947,0.0010554183408174947,0.03800547903934259,-0.0007861606018427919,0.0007861606018427919,fit
Bulk_849,/home/jinsookim/HEA_MC/PtPdRhRuIr/cgcnn/root_dir/Bulk_849.cif,0.0143100540624994,bulk,32,32,32.0,0.013937088464083924,0.0003729655984154763,0.0003729655984154763,0.01385995707766499,0.0004500969848344107,0.0004500969848344107,fit
Bulk_850,/home/jinsookim/HEA_MC/PtPdRhRuIr/cgcnn/root_dir/Bulk_850.cif,0.0353812575,bulk,32,32,32.0,0.03597652013057213,-0.0005952626305721284,0.0005952626305721284,0.036310524711149206,-0.0009292672111492067,0.0009292672111492067,fit
Bulk_851,/home/jinsookim/HEA_MC/PtPdRhRuIr/cgcnn/root_dir/Bulk_851.cif,0.0419553665624983,bulk,32,32,32.0,0.04426558300042565,-0.002310216437927351,0.002310216437927351,0.04408823350338478,-0.002132866940886484,0.002132866940886484,fit
Bulk_852,/home/jinsookim/HEA_MC/PtPdRhRuIr/cgcnn/root_dir/Bulk_852.cif,0.0148448368750004,bulk,32,32,32.0,0.013990134394546752,0.0008547024804536479,0.0008547024804536479,0.01372777126810958,0.001117065606890821,0.001117065606890821,fit
Bulk_853,/home/jinsookim/HEA_MC/PtPdRhRuIr/cgcnn/root_dir/Bulk_853.cif,0.017736262812499,bulk,32,32,32.0,0.01900344368937324,-0.0012671808768742396,0.0012671808768742396,0.01876617794003256,-0.0010299151275335594,0.0010299151275335594,fit
Bulk_854,/home/jinsookim/HEA_MC/PtPdRhRuIr/cgcnn/root_dir/Bulk_854.cif,0.0227871000000003,bulk,32,32,32.0,0.02333820039763403,-0.0005511003976337303,0.0005511003976337303,0.023343163231621708,-0.0005560632316214086,0.0005560632316214086,fit
Bulk_855,/home/jinsookim/HEA_MC/PtPdRhRuIr/cgcnn/root_dir/Bulk_855.cif,0.0180024075000009,bulk,32,32,32.0,0.017501568748719144,0.0005008387512817555,0.0005008387512817555,0.017791852509144758,0.00021055499085614188,0.00021055499085614188,fit
Bulk_856,/home/jinsookim/HEA_MC/PtPdRhRuIr/cgcnn/root_dir/Bulk_856.cif,0.0348468409374991,bulk,32,32,32.0,0.03382086579697996,0.0010259751405191433,0.0010259751405191433,0.03365728319261243,0.001189557744886674,0.001189557744886674,holdout
Bulk_857,/home/jinsookim/HEA_MC/PtPdRhRuIr/cgcnn/root_dir/Bulk_857.cif,0.0168979921874994,bulk,32,32,32.0,0.0200087121192039,-0.003110719931704503,0.003110719931704503,0.019750702088841686,-0.0028527099013422874,0.0028527099013422874,fit
Bulk_858,/home/jinsookim/HEA_MC/PtPdRhRuIr/cgcnn/root_dir/Bulk_858.cif,0.005630230625,bulk,32,32,32.0,0.006437155115559796,-0.0008069244905597964,0.0008069244905597964,0.006482426665409765,-0.0008521960404097653,0.0008521960404097653,fit
Bulk_859,/home/jinsookim/HEA_MC/PtPdRhRuIr/cgcnn/root_dir/Bulk_859.cif,0.0298201546875001,bulk,32,32,32.0,0.029027735021688462,0.0007924196658116375,0.0007924196658116375,0.02894896025682326,0.0008711944306768402,0.0008711944306768402,fit
Bulk_860,/home/jinsookim/HEA_MC/PtPdRhRuIr/cgcnn/root_dir/Bulk_860.cif,0.0047841440625004,bulk,32,32,32.0,0.00613669522349826,-0.0013525511609978596,0.0013525511609978596,0.007317857274401103,-0.0025337132119007027,0.0025337132119007027,holdout
Bulk_861,/home/jinsookim/HEA_MC/PtPdRhRuIr/cgcnn/root_dir/Bulk_861.cif,0.0206279518750003,bulk,32,32,32.0,0.023808445233184823,-0.0031804933581845232,0.0031804933581845232,0.02366308583531188,-0.003035133960311579,0.003035133960311579,fit
Bulk_862,/home/jinsookim/HEA_MC/PtPdRhRuIr/cgcnn/root_dir/Bulk_862.cif,0.0380417093750002,bulk,32,32,32.0,0.03950016559384172,-0.001458456218841525,0.001458456218841525,0.03938635822159757,-0.0013446488465973724,0.0013446488465973724,fit
Bulk_863,/home/jinsookim/HEA_MC/PtPdRhRuIr/cgcnn/root_dir/Bulk_863.cif,0.0276714937500006,bulk,32,32,32.0,0.029135651359598343,-0.001464157609597741,0.001464157609597741,0.028658785770917336,-0.0009872920209167343,0.0009872920209167343,fit
Bulk_864,/home/jinsookim/HEA_MC/PtPdRhRuIr/cgcnn/root_dir/Bulk_864.cif,0.0094057706250003,bulk,32,32,32.0,0.011109818526492156,-0.0017040479014918553,0.0017040479014918553,0.01101037895746559,-0.00160460833246529,0.00160460833246529,fit
Bulk_865,/home/jinsookim/HEA_MC/PtPdRhRuIr/cgcnn/root_dir/Bulk_865.cif,-0.0162761287500003,bulk,32,32,32.0,-0.016254613413317888,-2.1515336682410846e-05,2.1515336682410846e-05,-0.016475270034917097,0.0001991412849167984,0.0001991412849167984,fit
Bulk_866,/home/jinsookim/HEA_MC/PtPdRhRuIr/cgcnn/root_dir/Bulk_866.cif,0.0069846312500008,bulk,32,32,32.0,0.0030746433916951487,0.0039099878583056516,0.0039099878583056516,0.002939375364061572,0.0040452558859392284,0.0040452558859392284,fit
Bulk_867,/home/jinsookim/HEA_MC/PtPdRhRuIr/cgcnn/root_dir/Bulk_867.cif,0.0121090115625008,bulk,32,32,32.0,0.013433344989259056,-0.001324333426758256,0.001324333426758256,0.013582579375219726,-0.0014735678127189254,0.0014735678127189254,fit
Bulk_868,/home/jinsookim/HEA_MC/PtPdRhRuIr/cgcnn/root_dir/Bulk_868.cif,0.0093202778124998,bulk,32,32,32.0,0.009029121028129226,0.00029115678437057445,0.00029115678437057445,0.008869381579731304,0.00045089623276849643,0.00045089623276849643,fit
Bulk_869,/home/jinsookim/HEA_MC/PtPdRhRuIr/cgcnn/root_dir/Bulk_869.cif,0.0193470896874998,bulk,32,32,32.0,0.018736140052659687,0.000610949634840114,0.000610949634840114,0.01868283524736073,0.0006642544401390706,0.0006642544401390706,fit
Bulk_870,/home/jinsookim/HEA_MC/PtPdRhRuIr/cgcnn/root_dir/Bulk_870.cif,0.0364999165624997,bulk,32,32,32.0,0.035078823577101785,0.0014210929853979148,0.0014210929853979148,0.035122395544307905,0.001377521018191795,0.001377521018191795,fit
Bulk_871,/home/jinsookim/HEA_MC/PtPdRhRuIr/cgcnn/root_dir/Bulk_871.cif,0.0418542949999993,bulk,32,32,32.0,0.041035042156761195,0.0008192528432381038,0.0008192528432381038,0.04108466658106048,0.0007696284189388156,0.0007696284189388156,holdout
Bulk_872,/home/jinsookim/HEA_MC/PtPdRhRuIr/cgcnn/root_dir/Bulk_872.cif,0.0375805356250005,bulk,32,32,32.0,0.035507635115370764,0.0020729005096297368,0.0020729005096297368,0.03547783547706924,0.0021027001479312635,0.0021027001479312635,fit
Bulk_873,/home/jinsookim/HEA_MC/PtPdRhRuIr/cgcnn/root_dir/Bulk_873.cif,0.0112358190625005,bulk,32,32,32.0,0.012184673734889712,-0.000948854672389211,0.000948854672389211,0.012490018733549525,-0.0012541996710490246,0.0012541996710490246,fit
Bulk_874,/home/jinsookim/HEA_MC/PtPdRhRuIr/cgcnn/root_dir/Bulk_874.cif,0.0282819184375,bulk,32,32,32.0,0.027272101014743054,0.0010098174227569472,0.0010098174227569472,0.027180066684460328,0.0011018517530396732,0.0011018517530396732,fit
Bulk_875,/home/jinsookim/HEA_MC/PtPdRhRuIr/cgcnn/root_dir/Bulk_875.cif,0.0287941250000001,bulk,32,32,32.0,0.029010546345286277,-0.00021642134528617601,0.00021642134528617601,0.029012460850393974,-0.00021833585039387343,0.00021833585039387343,fit
Bulk_876,/home/jinsookim/HEA_MC/PtPdRhRuIr/cgcnn/root_dir/Bulk_876.cif,0.0139948456250005,bulk,32,32,32.0,0.013572353536560122,0.0004224920884403783,0.0004224920884403783,0.01341630451847417,0.0005785411065263295,0.0005785411065263295,fit
Bulk_877,/home/jinsookim/HEA_MC/PtPdRhRuIr/cgcnn/root_dir/Bulk_877.cif,0.0354237125000009,bulk,32,32,32.0,0.032361467623951326,0.003062244876049572,0.003062244876049572,0.03249993796879821,0.00292377453120269,0.00292377453120269,fit
Bulk_878,/home/jinsookim/HEA_MC/PtPdRhRuIr/cgcnn/root_dir/Bulk_878.cif,0.0326917712499996,bulk,32,32,32.0,0.030050735851340788,0.0026410353986588107,0.0026410353986588107,0.030221317208483926,0.0024704540415156732,0.0024704540415156732,holdout
Bulk_879,/home/jinsookim/HEA_MC/PtPdRhRuIr/cgcnn/root_dir/Bulk_879.cif,0.0274748865624996,bulk,32,32,32.0,0.028471086367428983,-0.0009961998049293833,0.0009961998049293833,0.02861110852859703,-0.001136221966097431,0.001136221966097431,fit
Bulk_880,/home/jinsookim/HEA_MC/PtPdRhRuIr/cgcnn/root_dir/Bulk_880.cif,-0.0084897093749995,bulk,32,32,32.0,-0.009828295140455936,0.0013385857654564359,0.0013385857654564359,-0.009920482236477934,0.001430772861478434,0.001430772861478434,fit
Bulk_881,/home/jinsookim/HEA_MC/PtPdRhRuIr/cgcnn/root_dir/Bulk_881.cif,0.0329215375000009,bulk,32,32,32.0,0.032634171016456555,0.00028736648354434763,0.00028736648354434763,0.032763865766377104,0.00015767173362379872,0.00015767173362379872,fit
Bulk_882,/home/jinsookim/HEA_MC/PtPdRhRuIr/cgcnn/root_dir/Bulk_882.cif,0.0246824578124993,bulk,32,32,32.0,0.024140596406720484,0.0005418614057788144,0.0005418614057788144,0.02433274572545139,0.0003497120870479091,0.0003497120870479091,fit
Bulk_883,/home/jinsookim/HEA_MC/PtPdRhRuIr/cgcnn/root_dir/Bulk_883.cif,0.0011698615625004,bulk,32,32,32.0,0.00033826599364264465,0.0008315955688577552,0.0008315955688577552,-5.602202307672735e-05,0.0012258835855771272,0.0012258835855771272,fit
Bulk_884,/home/jinsookim/HEA_MC/PtPdRhRuIr/cgcnn/root_dir/Bulk_884.cif,0.0245858571875006,bulk,32,32,32.0,0.023431302647959926,0.0011545545395406746,0.0011545545395406746,0.023342183353765904,0.0012436738337346966,0.0012436738337346966,fit
Bulk_885,/home/jinsookim/HEA_MC/PtPdRhRuIr/cgcnn/root_dir/Bulk_885.cif,0.005602749374999,bulk,32,32,32.0,0.006108636566207918,-0.0005058871912089176,0.0005058871912089176,0.00586483567146626,-0.0002620862964672595,0.0002620862964672595,fit
Bulk_886,/home/jinsookim/HEA_MC/PtPdRhRuIr/cgcnn/root_dir/Bulk_886.cif,0.000605110625,bulk,32,32,32.0,0.0021517267669554294,-0.0015466161419554294,0.0015466161419554294,0.002025206831684362,-0.001420096206684362,0.001420096206684362,fit
Bulk_887,/home/jinsookim/HEA_MC/PtPdRhRuIr/cgcnn/root_dir/Bulk_887.cif,-0.0214839087499996,bulk,32,32,32.0,-0.020900198288234192,-0.0005837104617654083,0.0005837104617654083,-0.021205910045664286,-0.0002779987043353138,0.0002779987043353138,fit
Bulk_888,/home/jinsookim/HEA_MC/PtPdRhRuIr/cgcnn/root_dir/Bulk_888.cif,0.0330655262499997,bulk,32,32,32.0,0.03284735535783861,0.0002181708921610917,0.0002181708921610917,0.032775106000209185,0.00029042024979051423,0.00029042024979051423,fit
Bulk_889,/home/jinsookim/HEA_MC/PtPdRhRuIr/cgcnn/root_dir/Bulk_889.cif,0.0115646403124998,bulk,32,32,32.0,0.013136608842205407,-0.0015719685297056075,0.0015719685297056075,0.013031289511402158,-0.0014666491989023586,0.0014666491989023586,fit
Bulk_890,/home/jinsookim/HEA_MC/PtPdRhRuIr/cgcnn/root_dir/Bulk_890.cif,0.0335346568749992,bulk,32,32,32.0,0.03441433524004505,-0.0008796783650458495,0.0008796783650458495,0.03445202006541263,-0.0009173631904134255,0.0009173631904134255,fit
Bulk_891,/home/jinsookim/HEA_MC/PtPdRhRuIr/cgcnn/root_dir/Bulk_891.cif,0.0402118959374995,bulk,32,32,32.0,0.037547885690264994,0.002664010247234505,0.002664010247234505,0.03770618822296657,0.0025057077145329287,0.0025057077145329287,fit
Bulk_892,/home/jinsookim/HEA_MC/PtPdRhRuIr/cgcnn/root_dir/Bulk_892.cif,0.0135654456250007,bulk,32,32,32.0,0.013116691610032736,0.0004487540149679635,0.0004487540149679635,0.013193268043935552,0.00037217758106514696,0.00037217758106514696,fit
Bulk_893,/home/jinsookim/HEA_MC/PtPdRhRuIr/cgcnn/root_dir/Bulk_893.cif,0.0360626390625,bulk,32,32,32.0,0.03469896926867519,0.0013636697938248094,0.0013636697938248094,0.0348536665325874,0.0012089725299125956,0.0012089725299125956,fit
Bulk_894,/home/jinsookim/HEA_MC/PtPdRhRuIr/cgcnn/root_dir/Bulk_894.cif,0.0285341893749997,bulk,32,32,32.0,0.02874562945406079,-0.00021144007906109125,0.00021144007906109125,0.02888785621981553,-0.0003536668448158309,0.0003536668448158309,fit
Bulk_895,/home/jinsookim/HEA_MC/PtPdRhRuIr/cgcnn/root_dir/Bulk_895.cif,0.0098119809375001,bulk,32,32,32.0,0.009462451361411243,0.00034952957608885664,0.00034952957608885664,0.009735488743742466,7.649219375763412e-05,7.649219375763412e-05,fit
Bulk_896,/home/jinsookim/HEA_MC/PtPdRhRuIr/cgcnn/root_dir/Bulk_896.cif,0.0248094987500007,bulk,32,32,32.0,0.026041890310897972,-0.0012323915608972724,0.0012323915608972724,0.02623947728211107,-0.0014299785321103715,0.0014299785321103715,fit
Bulk_897,/home/jinsookim/HEA_MC/PtPdRhRuIr/cgcnn/root_dir/Bulk_897.cif,0.00521153625,bulk,32,32,32.0,0.006389288563805358,-0.0011777523138053582,0.0011777523138053582,0.006233781963483953,-0.001022245713483953,0.001022245713483953,holdout
Bulk_898,/home/jinsookim/HEA_MC/PtPdRhRuIr/cgcnn/root_dir/Bulk_898.cif,0.046088079375,bulk,32,32,32.0,0.04580430951956596,0.00028376985543403926,0.00028376985543403926,0.0457546736298324,0.00033340574516760313,0.00033340574516760313,fit
Bulk_899,/home/jinsookim/HEA_MC/PtPdRhRuIr/cgcnn/root_dir/Bulk_899.cif,0.0290992665624996,bulk,32,32,32.0,0.03038380591027065,-0.0012845393477710493,0.0012845393477710493,0.030451068848959692,-0.001351802286460091,0.001351802286460091,fit
Bulk_900,/home/jinsookim/HEA_MC/PtPdRhRuIr/cgcnn/root_dir/Bulk_900.cif,0.0526264878124997,bulk,32,32,32.0,0.050238296860997116,0.0023881909515025834,0.0023881909515025834,0.05023154003828505,0.002394947774214652,0.002394947774214652,fit
Bulk_901,/home/jinsookim/HEA_MC/PtPdRhRuIr/cgcnn/root_dir/Bulk_901.cif,-0.0109292899999999,bulk,32,32,32.0,-0.013381592427980208,0.0024523024279803074,0.0024523024279803074,-0.013707878565305342,0.0027785885653054416,0.0027785885653054416,fit
Bulk_902,/home/jinsookim/HEA_MC/PtPdRhRuIr/cgcnn/root_dir/Bulk_902.cif,-0.0086379134375,bulk,32,32,32.0,-0.008563896542926538,-7.401689457346185e-05,7.401689457346185e-05,-0.008900638421241846,0.00026272498374184557,0.00026272498374184557,fit
Bulk_903,/home/jinsookim/HEA_MC/PtPdRhRuIr/cgcnn/root_dir/Bulk_903.cif,0.0188217237500003,bulk,32,32,32.0,0.016732547196920806,0.0020891765530794935,0.0020891765530794935,0.016807677803127235,0.002014045946873065,0.002014045946873065,fit
Bulk_904,/home/jinsookim/HEA_MC/PtPdRhRuIr/cgcnn/root_dir/Bulk_904.cif,0.0188390287499986,bulk,32,32,32.0,0.019542427844259653,-0.0007033990942610542,0.0007033990942610542,0.019355718986901395,-0.0005166902369027962,0.0005166902369027962,fit
Bulk_905,/home/jinsookim/HEA_MC/PtPdRhRuIr/cgcnn/root_dir/Bulk_905.cif,0.0225243700000001,bulk,32,32,32.0,0.020429110284269164,0.002095259715730935,0.002095259715730935,0.020468384321839575,0.002055985678160524,0.002055985678160524,fit
Bulk_906,/home/jinsookim/HEA_MC/PtPdRhRuIr/cgcnn/root_dir/Bulk_906.cif,0.0198803837500003,bulk,32,32,32.0,0.019728026155468512,0.00015235759453178718,0.00015235759453178718,0.019635994784263033,0.0002443889657372661,0.0002443889657372661,fit
Bulk_907,/home/jinsookim/HEA_MC/PtPdRhRuIr/cgcnn/root_dir/Bulk_907.cif,0.0238465165625001,bulk,32,32,32.0,0.021643472012331404,0.0022030445501686965,0.0022030445501686965,0.02148739650700801,0.0023591200554920894,0.0023591200554920894,fit
Bulk_908,/home/jinsookim/HEA_MC/PtPdRhRuIr/cgcnn/root_dir/Bulk_908.cif,0.0046128737500001,bulk,32,32,32.0,0.005073950357821026,-0.0004610766078209259,0.0004610766078209259,0.005082225878644631,-0.00046935212864453093,0.00046935212864453093,fit
Bulk_909,/home/jinsookim/HEA_MC/PtPdRhRuIr/cgcnn/root_dir/Bulk_909.cif,-0.0111556431250008,bulk,32,32,32.0,-0.013373013389902048,0.0022173702649012483,0.0022173702649012483,-0.013827474195720803,0.002671831070720004,0.002671831070720004,fit
Bulk_910,/home/jinsookim/HEA_MC/PtPdRhRuIr/cgcnn/root_dir/Bulk_910.cif,0.0020495712499997,bulk,32,32,32.0,0.003617807794442117,-0.0015682365444424171,0.0015682365444424171,0.00354259489400573,-0.0014930236440060304,0.0014930236440060304,fit
Bulk_911,/home/jinsookim/HEA_MC/PtPdRhRuIr/cgcnn/root_dir/Bulk_911.cif,0.0279929971874999,bulk,32,32,32.0,0.029218020801051483,-0.0012250236135515832,0.0012250236135515832,0.029085670870454147,-0.0010926736829542476,0.0010926736829542476,fit
Bulk_912,/home/jinsookim/HEA_MC/PtPdRhRuIr/cgcnn/root_dir/Bulk_912.cif,0.0375694293750008,bulk,32,32,32.0,0.03828093079439484,-0.0007115014193940367,0.0007115014193940367,0.03823582335555238,-0.0006663939805515787,0.0006663939805515787,fit
Bulk_913,/home/jinsookim/HEA_MC/PtPdRhRuIr/cgcnn/root_dir/Bulk_913.cif,-0.0043154925000008,bulk,32,32,32.0,-0.006586889112901718,0.0022713966129009177,0.0022713966129009177,-0.006473196184364566,0.0021577036843637657,0.0021577036843637657,fit
Bulk_914,/home/jinsookim/HEA_MC/PtPdRhRuIr/cgcnn/root_dir/Bulk_914.cif,-0.0062637421875004,bulk,32,32,32.0,-0.007361383626835041,0.0010976414393346415,0.0010976414393346415,-0.007627390789386915,0.0013636486018865149,0.0013636486018865149,fit
Bulk_915,/home/jinsookim/HEA_MC/PtPdRhRuIr/cgcnn/root_dir/Bulk_915.cif,0.0492777390624992,bulk,32,32,32.0,0.05018735625175069,-0.0009096171892514909,0.0009096171892514909,0.050017739032334044,-0.0007399999698348425,0.0007399999698348425,fit
Bulk_916,/home/jinsookim/HEA_MC/PtPdRhRuIr/cgcnn/root_dir/Bulk_916.cif,0.0095921740625009,bulk,32,32,32.0,0.008254994569473897,0.0013371794930270037,0.0013371794930270037,0.007794938457207844,0.0017972356052930565,0.0017972356052930565,fit
Bulk_917,/home/jinsookim/HEA_MC/PtPdRhRuIr/cgcnn/root_dir/Bulk_917.cif,0.0293622225000005,bulk,32,32,32.0,0.027475269005505558,0.0018869534944949418,0.0018869534944949418,0.02754545317719275,0.0018167693228077486,0.0018167693228077486,fit
Bulk_918,/home/jinsookim/HEA_MC/PtPdRhRuIr/cgcnn/root_dir/Bulk_918.cif,-0.0077432396874996,bulk,32,32,32.0,-0.009113417145961238,0.0013701774584616386,0.0013701774584616386,-0.009339507107708428,0.001596267420208828,0.001596267420208828,fit
Bulk_919,/home/jinsookim/HEA_MC/PtPdRhRuIr/cgcnn/root_dir/Bulk_919.cif,0.0097986024999991,bulk,32,32,32.0,0.011457126588809171,-0.001658524088810072,0.001658524088810072,0.011768722194090083,-0.0019701196940909837,0.0019701196940909837,fit
Bulk_920,/home/jinsookim/HEA_MC/PtPdRhRuIr/cgcnn/root_dir/Bulk_920.cif,0.0726082534375009,bulk,32,32,32.0,0.0717398290456428,0.0008684243918580942,0.0008684243918580942,0.07123900881736824,0.0013692446201326591,0.0013692446201326591,fit
Bulk_921,/home/jinsookim/HEA_MC/PtPdRhRuIr/cgcnn/root_dir/Bulk_921.cif,0.073781614375,bulk,32,32,32.0,0.07525201926239201,-0.0014704048873920156,0.0014704048873920156,0.07542593237927209,-0.0016443180042720884,0.0016443180042720884,fit
Bulk_922,/home/jinsookim/HEA_MC/PtPdRhRuIr/cgcnn/root_dir/Bulk_922.cif,0.0118382468749995,bulk,32,32,32.0,0.0105938883209138,0.0012443585540857002,0.0012443585540857002,0.010540561375201632,0.0012976854997978678,0.0012976854997978678,fit
Bulk_923,/home/jinsookim/HEA_MC/PtPdRhRuIr/cgcnn/root_dir/Bulk_923.cif,0.0153251037500004,bulk,32,32,32.0,0.01500871035741948,0.0003163933925809208,0.0003163933925809208,0.014920327145235997,0.00040477660476440254,0.00040477660476440254,fit
Bulk_924,/home/jinsookim/HEA_MC/PtPdRhRuIr/cgcnn/root_dir/Bulk_924.cif,0.0054513546874996,bulk,32,32,32.0,0.006474097733590985,-0.0010227430460913846,0.0010227430460913846,0.006284059937004073,-0.0008327052495044731,0.0008327052495044731,fit
Bulk_925,/home/jinsookim/HEA_MC/PtPdRhRuIr/cgcnn/root_dir/Bulk_925.cif,0.0472920656250002,bulk,32,32,32.0,0.04677072631348578,0.000521339311514421,0.000521339311514421,0.047132565933506176,0.0001594996914940222,0.0001594996914940222,fit
Bulk_926,/home/jinsookim/HEA_MC/PtPdRhRuIr/cgcnn/root_dir/Bulk_926.cif,0.0090190462499997,bulk,32,32,32.0,0.007000443843031164,0.0020186024069685365,0.0020186024069685365,0.007028846833067788,0.0019901994169319124,0.0019901994169319124,fit
Bulk_927,/home/jinsookim/HEA_MC/PtPdRhRuIr/cgcnn/root_dir/Bulk_927.cif,0.0099263587499995,bulk,32,32,32.0,0.00889521148796309,0.0010311472620364096,0.0010311472620364096,0.00889306963112171,0.0010332891188777893,0.0010332891188777893,fit
Bulk_928,/home/jinsookim/HEA_MC/PtPdRhRuIr/cgcnn/root_dir/Bulk_928.cif,0.0150765340625005,bulk,32,32,32.0,0.0159978142403458,-0.000921280177845301,0.000921280177845301,0.015980634970633237,-0.0009041009081327371,0.0009041009081327371,fit
Bulk_929,/home/jinsookim/HEA_MC/PtPdRhRuIr/cgcnn/root_dir/Bulk_929.cif,0.0127923406249985,bulk,32,32,32.0,0.013746166868415576,-0.0009538262434170761,0.0009538262434170761,0.01352297380619888,-0.0007306331812003807,0.0007306331812003807,holdout
Bulk_930,/home/jinsookim/HEA_MC/PtPdRhRuIr/cgcnn/root_dir/Bulk_930.cif,0.0828674565625009,bulk,32,32,32.0,0.08696932447351327,-0.004101867911012372,0.004101867911012372,0.08690008536590677,-0.004032628803405866,0.004032628803405866,fit
Bulk_931,/home/jinsookim/HEA_MC/PtPdRhRuIr/cgcnn/root_dir/Bulk_931.cif,0.0412613334375002,bulk,32,32,32.0,0.040601286453426685,0.0006600469840735146,0.0006600469840735146,0.0402886270461731,0.0009727063913270995,0.0009727063913270995,fit
Bulk_932,/home/jinsookim/HEA_MC/PtPdRhRuIr/cgcnn/root_dir/Bulk_932.cif,0.0211478178124995,bulk,32,32,32.0,0.020107129788983606,0.0010406880235158955,0.0010406880235158955,0.01975761037829945,0.0013902074342000519,0.0013902074342000519,fit
Bulk_933,/home/jinsookim/HEA_MC/PtPdRhRuIr/cgcnn/root_dir/Bulk_933.cif,0.0695881015625001,bulk,32,32,32.0,0.06876297206448748,0.000825129498012625,0.000825129498012625,0.06871360999749296,0.0008744915650071433,0.0008744915650071433,fit
Bulk_934,/home/jinsookim/HEA_MC/PtPdRhRuIr/cgcnn/root_dir/Bulk_934.cif,0.0506082959374998,bulk,32,32,32.0,0.051872388338383965,-0.0012640924008841675,0.0012640924008841675,0.051758476794741375,-0.001150180857241577,0.001150180857241577,fit
Bulk_935,/home/jinsookim/HEA_MC/PtPdRhRuIr/cgcnn/root_dir/Bulk_935.cif,0.0308482040624999,bulk,32,32,32.0,0.030949050710573377,-0.00010084664807347501,0.00010084664807347501,0.03067324589058193,0.00017495817191797228,0.00017495817191797228,fit
Bulk_936,/home/jinsookim/HEA_MC/PtPdRhRuIr/cgcnn/root_dir/Bulk_936.cif,0.0342273893750002,bulk,32,32,32.0,0.03490578070100416,-0.0006783913260039603,0.0006783913260039603,0.03473192893327859,-0.0005045395582783871,0.0005045395582783871,fit
Bulk_937,/home/jinsookim/HEA_MC/PtPdRhRuIr/cgcnn/root_dir/Bulk_937.cif,0.0114753953125008,bulk,32,32,32.0,0.008232470612707373,0.0032429246997934275,0.0032429246997934275,0.008319765754240468,0.003155629558260332,0.003155629558260332,fit
Bulk_938,/home/jinsookim/HEA_MC/PtPdRhRuIr/cgcnn/root_dir/Bulk_938.cif,0.0307030009375006,bulk,32,32,32.0,0.028151878463726965,0.0025511224737736343,0.0025511224737736343,0.02797735007923907,0.0027256508582615274,0.0027256508582615274,fit
Bulk_939,/home/jinsookim/HEA_MC/PtPdRhRuIr/cgcnn/root_dir/Bulk_939.cif,0.0299096943750001,bulk,32,32,32.0,0.028841064840773978,0.0010686295342261232,0.0010686295342261232,0.02888383718990989,0.001025857185090212,0.001025857185090212,fit
Bulk_940,/home/jinsookim/HEA_MC/PtPdRhRuIr/cgcnn/root_dir/Bulk_940.cif,-0.0012197081250011,bulk,32,32,32.0,-0.0024996981268588653,0.0012799900018577652,0.0012799900018577652,-0.0028287102728038332,0.0016090021478027332,0.0016090021478027332,fit
Bulk_941,/home/jinsookim/HEA_MC/PtPdRhRuIr/cgcnn/root_dir/Bulk_941.cif,0.0500861224999997,bulk,32,32,32.0,0.048045716452758826,0.0020404060472408725,0.0020404060472408725,0.04825759902484038,0.0018285234751593202,0.0018285234751593202,fit
Bulk_942,/home/jinsookim/HEA_MC/PtPdRhRuIr/cgcnn/root_dir/Bulk_942.cif,0.0084141365625001,bulk,32,32,32.0,0.008289604906828483,0.0001245316556716166,0.0001245316556716166,0.008273582445654012,0.0001405541168460877,0.0001405541168460877,holdout
Bulk_943,/home/jinsookim/HEA_MC/PtPdRhRuIr/cgcnn/root_dir/Bulk_943.cif,-0.0241557009374995,bulk,32,32,32.0,-0.024064128391596582,-9.157254590291819e-05,9.157254590291819e-05,-0.024017724102232203,-0.00013797683526729776,0.00013797683526729776,fit
Bulk_944,/home/jinsookim/HEA_MC/PtPdRhRuIr/cgcnn/root_dir/Bulk_944.cif,0.0211267596875002,bulk,32,32,32.0,0.020958853942713594,0.00016790574478660683,0.00016790574478660683,0.021273497485066524,-0.00014673779756632296,0.00014673779756632296,fit
Bulk_945,/home/jinsookim/HEA_MC/PtPdRhRuIr/cgcnn/root_dir/Bulk_945.cif,0.0279543293749986,bulk,32,32,32.0,0.029065413804252017,-0.0011110844292534158,0.0011110844292534158,0.029155763028806923,-0.0012014336538083217,0.0012014336538083217,fit
Bulk_946,/home/jinsookim/HEA_MC/PtPdRhRuIr/cgcnn/root_dir/Bulk_946.cif,0.0407417443749995,bulk,32,32,32.0,0.039839103255807015,0.0009026411191924849,0.0009026411191924849,0.03995094840498607,0.0007907959700134276,0.0007907959700134276,fit
Bulk_947,/home/jinsookim/HEA_MC/PtPdRhRuIr/cgcnn/root_dir/Bulk_947.cif,0.0104673475000005,bulk,32,32,32.0,0.010116757571639701,0.00035058992836079807,0.00035058992836079807,0.010058889569477793,0.0004084579305227067,0.0004084579305227067,fit
Bulk_948,/home/jinsookim/HEA_MC/PtPdRhRuIr/cgcnn/root_dir/Bulk_948.cif,0.0286181274999997,bulk,32,32,32.0,0.030807318496736156,-0.0021891909967364544,0.0021891909967364544,0.03056982808734246,-0.0019517005873427584,0.0019517005873427584,fit
Bulk_949,/home/jinsookim/HEA_MC/PtPdRhRuIr/cgcnn/root_dir/Bulk_949.cif,0.0186551165624999,bulk,32,32,32.0,0.017968694682041046,0.0006864218804588547,0.0006864218804588547,0.018054509488128402,0.0006006070743714981,0.0006006070743714981,fit
Bulk_950,/home/jinsookim/HEA_MC/PtPdRhRuIr/cgcnn/root_dir/Bulk_950.cif,-0.0028517771874998,bulk,32,32,32.0,-0.0011290842152140192,-0.001722692972285781,0.001722692972285781,-0.0013499497860034008,-0.0015018274014963993,0.0015018274014963993,fit
Bulk_951,/home/jinsookim/HEA_MC/PtPdRhRuIr/cgcnn/root_dir/Bulk_951.cif,0.0370574834374997,bulk,32,32,32.0,0.03808417610624356,-0.0010266926687438616,0.0010266926687438616,0.03833190349198347,-0.00127442005448377,0.00127442005448377,fit
Bulk_952,/home/jinsookim/HEA_MC/PtPdRhRuIr/cgcnn/root_dir/Bulk_952.cif,0.0150725525000003,bulk,32,32,32.0,0.015777156157854667,-0.000704603657854368,0.000704603657854368,0.015838284035789796,-0.0007657315357894965,0.0007657315357894965,fit
Bulk_953,/home/jinsookim/HEA_MC/PtPdRhRuIr/cgcnn/root_dir/Bulk_953.cif,0.0277765721875002,bulk,32,32,32.0,0.027179328615343962,0.0005972435721562364,0.0005972435721562364,0.02726893922931247,0.000507632958187728,0.000507632958187728,fit
Bulk_954,/home/jinsookim/HEA_MC/PtPdRhRuIr/cgcnn/root_dir/Bulk_954.cif,0.0212064431250009,bulk,32,32,32.0,0.018883335911965397,0.0023231072130355038,0.0023231072130355038,0.01884312704149772,0.002363316083503181,0.002363316083503181,fit
Bulk_955,/home/jinsookim/HEA_MC/PtPdRhRuIr/cgcnn/root_dir/Bulk_955.cif,0.0299750265625,bulk,32,32,32.0,0.029619734466281154,0.0003552920962188455,0.0003552920962188455,0.029975876083597502,-8.495210975026368e-07,8.495210975026368e-07,holdout
Bulk_956,/home/jinsookim/HEA_MC/PtPdRhRuIr/cgcnn/root_dir/Bulk_956.cif,0.0466967978125003,bulk,32,32,32.0,0.04903522421719847,-0.0023384264046981684,0.0023384264046981684,0.04878288994299192,-0.0020860921304916152,0.0020860921304916152,fit
Bulk_957,/home/jinsookim/HEA_MC/PtPdRhRuIr/cgcnn/root_dir/Bulk_957.cif,0.0220664840625,bulk,32,32,32.0,0.018298079451831532,0.0037684046106684667,0.0037684046106684667,0.01822922025154535,0.0038372638109546477,0.0038372638109546477,holdout
Bulk_958,/home/jinsookim/HEA_MC/PtPdRhRuIr/cgcnn/root_dir/Bulk_958.cif,0.0189301109374993,bulk,32,32,32.0,0.01661004743256392,0.002320063504935379,0.002320063504935379,0.016431911532141838,0.0024981994053574624,0.0024981994053574624,fit
Bulk_959,/home/jinsookim/HEA_MC/PtPdRhRuIr/cgcnn/root_dir/Bulk_959.cif,0.0148034265625005,bulk,32,32,32.0,0.015691584177827317,-0.0008881576153268161,0.0008881576153268161,0.015653034415617353,-0.000849607853116852,0.000849607853116852,fit
Bulk_960,/home/jinsookim/HEA_MC/PtPdRhRuIr/cgcnn/root_dir/Bulk_960.cif,0.0052436003125002,bulk,32,32,32.0,0.00558724720517202,-0.0003436468926718197,0.0003436468926718197,0.005326166468845277,-8.25661563450767e-05,8.25661563450767e-05,holdout
Bulk_961,/home/jinsookim/HEA_MC/PtPdRhRuIr/cgcnn/root_dir/Bulk_961.cif,0.0214630796874999,bulk,32,32,32.0,0.022068917962909634,-0.0006058382754097341,0.0006058382754097341,0.0222123978107062,-0.0007493181232062981,0.0007493181232062981,fit
Bulk_962,/home/jinsookim/HEA_MC/PtPdRhRuIr/cgcnn/root_dir/Bulk_962.cif,0.0322329806249994,bulk,32,32,32.0,0.03145452958058346,0.0007784510444159426,0.0007784510444159426,0.031547576737252496,0.0006854038877469049,0.0006854038877469049,fit
Bulk_963,/home/jinsookim/HEA_MC/PtPdRhRuIr/cgcnn/root_dir/Bulk_963.cif,0.0258561965624997,bulk,32,32,32.0,0.024162642958491902,0.001693553604007799,0.001693553604007799,0.024268767790619157,0.001587428771880544,0.001587428771880544,fit
Bulk_964,/home/jinsookim/HEA_MC/PtPdRhRuIr/cgcnn/root_dir/Bulk_964.cif,0.0634314065624996,bulk,32,32,32.0,0.06465636562162615,-0.0012249590591265486,0.0012249590591265486,0.06465599160675015,-0.001224585044250548,0.001224585044250548,fit
Bulk_965,/home/jinsookim/HEA_MC/PtPdRhRuIr/cgcnn/root_dir/Bulk_965.cif,0.0129075790624995,bulk,32,32,32.0,0.011046501061803611,0.0018610780006958882,0.0018610780006958882,0.010979607822465522,0.0019279712400339776,0.0019279712400339776,fit
Bulk_966,/home/jinsookim/HEA_MC/PtPdRhRuIr/cgcnn/root_dir/Bulk_966.cif,0.0221894606249994,bulk,32,32,32.0,0.02215603516266018,3.3425462339219114e-05,3.3425462339219114e-05,0.022101372467542568,8.808815745683235e-05,8.808815745683235e-05,fit
Bulk_967,/home/jinsookim/HEA_MC/PtPdRhRuIr/cgcnn/root_dir/Bulk_967.cif,0.0133600512499993,bulk,32,32,32.0,0.013743028430762494,-0.00038297718076319397,0.00038297718076319397,0.013841019952284551,-0.0004809687022852508,0.0004809687022852508,fit
Bulk_968,/home/jinsookim/HEA_MC/PtPdRhRuIr/cgcnn/root_dir/Bulk_968.cif,0.0171083715624993,bulk,32,32,32.0,0.018698762773420197,-0.0015903912109208954,0.0015903912109208954,0.018778254940473117,-0.001669883377973816,0.001669883377973816,fit
Bulk_969,/home/jinsookim/HEA_MC/PtPdRhRuIr/cgcnn/root_dir/Bulk_969.cif,0.0024619334375,bulk,32,32,32.0,0.0033345999641419544,-0.0008726665266419542,0.0008726665266419542,0.0034556457885000294,-0.0009937123510000293,0.0009937123510000293,fit
Bulk_970,/home/jinsookim/HEA_MC/PtPdRhRuIr/cgcnn/root_dir/Bulk_970.cif,0.0048150131250004,bulk,32,32,32.0,0.00590234255764599,-0.00108732943264559,0.00108732943264559,0.0058962825511228115,-0.0010812694261224118,0.0010812694261224118,fit
Bulk_971,/home/jinsookim/HEA_MC/PtPdRhRuIr/cgcnn/root_dir/Bulk_971.cif,0.0138036756249997,bulk,32,32,32.0,0.013891596280583438,-8.792065558373835e-05,8.792065558373835e-05,0.013933082397241867,-0.0001294067722421681,0.0001294067722421681,fit
Bulk_972,/home/jinsookim/HEA_MC/PtPdRhRuIr/cgcnn/root_dir/Bulk_972.cif,0.0080742693750002,bulk,32,32,32.0,0.010412871299487533,-0.002338601924487333,0.002338601924487333,0.010089495353649811,-0.0020152259786496117,0.0020152259786496117,fit
Bulk_973,/home/jinsookim/HEA_MC/PtPdRhRuIr/cgcnn/root_dir/Bulk_973.cif,0.0134514296874996,bulk,32,32,32.0,0.014385422123364851,-0.0009339924358652517,0.0009339924358652517,0.014147754315436075,-0.0006963246279364753,0.0006963246279364753,fit
Bulk_974,/home/jinsookim/HEA_MC/PtPdRhRuIr/cgcnn/root_dir/Bulk_974.cif,0.0444543106249994,bulk,32,32,32.0,0.043262942473870296,0.0011913681511291074,0.0011913681511291074,0.04309957371339765,0.0013547369116017546,0.0013547369116017546,fit
Bulk_975,/home/jinsookim/HEA_MC/PtPdRhRuIr/cgcnn/root_dir/Bulk_975.cif,-0.0039541581250004,bulk,32,32,32.0,-0.00837613085216948,0.00442197272716908,0.00442197272716908,-0.008896081546202486,0.004941923421202086,0.004941923421202086,holdout
Bulk_976,/home/jinsookim/HEA_MC/PtPdRhRuIr/cgcnn/root_dir/Bulk_976.cif,0.0358004928125001,bulk,32,32,32.0,0.03331592715712446,0.002484565655375637,0.002484565655375637,0.033261418979002894,0.0025390738334972046,0.0025390738334972046,fit
Bulk_977,/home/jinsookim/HEA_MC/PtPdRhRuIr/cgcnn/root_dir/Bulk_977.cif,0.0291930331249998,bulk,32,32,32.0,0.028304108773901937,0.0008889243510978619,0.0008889243510978619,0.027928826543054945,0.0012642065819448538,0.0012642065819448538,fit
Bulk_978,/home/jinsookim/HEA_MC/PtPdRhRuIr/cgcnn/root_dir/Bulk_978.cif,0.0153897984375008,bulk,32,32,32.0,0.01725768594820543,-0.00186788751070463,0.00186788751070463,0.017312530017853763,-0.001922731580352964,0.001922731580352964,fit
Bulk_979,/home/jinsookim/HEA_MC/PtPdRhRuIr/cgcnn/root_dir/Bulk_979.cif,0.0176660284375005,bulk,32,32,32.0,0.017573055182621332,9.297325487916952e-05,9.297325487916952e-05,0.017868672290071063,-0.00020264385257056164,0.00020264385257056164,fit
Bulk_980,/home/jinsookim/HEA_MC/PtPdRhRuIr/cgcnn/root_dir/Bulk_980.cif,0.0073609009374999,bulk,32,32,32.0,0.0034642500310698397,0.00389665090643006,0.00389665090643006,0.003243515084842292,0.004117385852657608,0.004117385852657608,fit
Bulk_981,/home/jinsookim/HEA_MC/PtPdRhRuIr/cgcnn/root_dir/Bulk_981.cif,0.0200152765624999,bulk,32,32,32.0,0.019470407640100475,0.0005448689223994246,0.0005448689223994246,0.019246816515338362,0.0007684600471615372,0.0007684600471615372,fit
Bulk_982,/home/jinsookim/HEA_MC/PtPdRhRuIr/cgcnn/root_dir/Bulk_982.cif,0.0148855693750009,bulk,32,32,32.0,0.014117692434992262,0.0007678769400086376,0.0007678769400086376,0.01430888758943476,0.0005766817855661389,0.0005766817855661389,fit
Bulk_983,/home/jinsookim/HEA_MC/PtPdRhRuIr/cgcnn/root_dir/Bulk_983.cif,0.0531960528125008,bulk,32,32,32.0,0.05387046551002435,-0.0006744126975235451,0.0006744126975235451,0.05370561888287313,-0.000509566070372329,0.000509566070372329,fit
Bulk_984,/home/jinsookim/HEA_MC/PtPdRhRuIr/cgcnn/root_dir/Bulk_984.cif,0.0128887256250003,bulk,32,32,32.0,0.011994131194732896,0.0008945944302674036,0.0008945944302674036,0.012216505035063573,0.0006722205899367274,0.0006722205899367274,fit
Bulk_985,/home/jinsookim/HEA_MC/PtPdRhRuIr/cgcnn/root_dir/Bulk_985.cif,0.0046579434374995,bulk,32,32,32.0,0.002107386165530356,0.0025505572719691436,0.0025505572719691436,0.002582820540778484,0.0020751228967210156,0.0020751228967210156,fit
Bulk_986,/home/jinsookim/HEA_MC/PtPdRhRuIr/cgcnn/root_dir/Bulk_986.cif,0.0243149996874993,bulk,32,32,32.0,0.024938430200665072,-0.0006234305131657715,0.0006234305131657715,0.02488367317502052,-0.00056867348752122,0.00056867348752122,holdout
Bulk_987,/home/jinsookim/HEA_MC/PtPdRhRuIr/cgcnn/root_dir/Bulk_987.cif,0.0117712131250007,bulk,32,32,32.0,0.013209296240472904,-0.0014380831154722044,0.0014380831154722044,0.01324593101099813,-0.0014747178859974303,0.0014747178859974303,fit
Bulk_988,/home/jinsookim/HEA_MC/PtPdRhRuIr/cgcnn/root_dir/Bulk_988.cif,0.0617385209374994,bulk,32,32,32.0,0.061725449052647416,1.3071884851986737e-05,1.3071884851986737e-05,0.06163537938135565,0.00010314155614375015,0.00010314155614375015,fit
Bulk_989,/home/jinsookim/HEA_MC/PtPdRhRuIr/cgcnn/root_dir/Bulk_989.cif,0.0402489712500004,bulk,32,32,32.0,0.039878523590313915,0.00037044765968648197,0.00037044765968648197,0.0397932548704934,0.0004557163795069971,0.0004557163795069971,fit
Bulk_990,/home/jinsookim/HEA_MC/PtPdRhRuIr/cgcnn/root_dir/Bulk_990.cif,0.0349263809374997,bulk,32,32,32.0,0.033757251741197425,0.001169129196302278,0.001169129196302278,0.03329134097584874,0.001635039961650965,0.001635039961650965,fit
Bulk_991,/home/jinsookim/HEA_MC/PtPdRhRuIr/cgcnn/root_dir/Bulk_991.cif,0.0003035196874998,bulk,32,32,32.0,-0.0020687310394063158,0.002372250726906116,0.002372250726906116,-0.002275796325435781,0.002579316012935581,0.002579316012935581,fit
Bulk_992,/home/jinsookim/HEA_MC/PtPdRhRuIr/cgcnn/root_dir/Bulk_992.cif,0.0168474884374996,bulk,32,32,32.0,0.016077669200076097,0.0007698192374235024,0.0007698192374235024,0.016081515770267184,0.0007659726672324153,0.0007659726672324153,fit
Bulk_993,/home/jinsookim/HEA_MC/PtPdRhRuIr/cgcnn/root_dir/Bulk_993.cif,0.0580740096875,bulk,32,32,32.0,0.055400657136766576,0.002673352550733421,0.002673352550733421,0.05563341895420207,0.0024405907332979287,0.0024405907332979287,fit
Bulk_994,/home/jinsookim/HEA_MC/PtPdRhRuIr/cgcnn/root_dir/Bulk_994.cif,-0.0151082178125001,bulk,32,32,32.0,-0.016916846438168598,0.0018086286256684975,0.0018086286256684975,-0.017316449828943994,0.002208232016443894,0.002208232016443894,fit
Bulk_995,/home/jinsookim/HEA_MC/PtPdRhRuIr/cgcnn/root_dir/Bulk_995.cif,0.0186795090625002,bulk,32,32,32.0,0.019009771333031656,-0.0003302622705314562,0.0003302622705314562,0.01892908544494414,-0.000249576382443939,0.000249576382443939,holdout
Bulk_996,/home/jinsookim/HEA_MC/PtPdRhRuIr/cgcnn/root_dir/Bulk_996.cif,0.0148678324999993,bulk,32,32,32.0,0.016621977900705135,-0.0017541454007058352,0.0017541454007058352,0.01656174343493954,-0.0016939109349402397,0.0016939109349402397,fit
Bulk_997,/home/jinsookim/HEA_MC/PtPdRhRuIr/cgcnn/root_dir/Bulk_997.cif,0.0266315328125008,bulk,32,32,32.0,0.027396449484895793,-0.0007649166723949948,0.0007649166723949948,0.02711324942909026,-0.00048171661658946013,0.00048171661658946013,fit
Bulk_998,/home/jinsookim/HEA_MC/PtPdRhRuIr/cgcnn/root_dir/Bulk_998.cif,0.0778032053124997,bulk,32,32,32.0,0.07925497579319114,-0.00145177048069145,0.00145177048069145,0.07942638944012868,-0.0016231841276289904,0.0016231841276289904,fit
Bulk_999,/home/jinsookim/HEA_MC/PtPdRhRuIr/cgcnn/root_dir/Bulk_999.cif,0.0142976546874997,bulk,32,32,32.0,0.018138866968136543,-0.0038412122806368437,0.0038412122806368437,0.018438282138946674,-0.0041406274514469744,0.0041406274514469744,fit
Bulk_1000,/home/jinsookim/HEA_MC/PtPdRhRuIr/cgcnn/root_dir/Bulk_1000.cif,0.0122208212499996,bulk,32,32,32.0,0.013612101510081985,-0.0013912802600823844,0.0013912802600823844,0.01368781752624501,-0.0014669962762454102,0.0014669962762454102,fit
Bulk_1001,/home/jinsookim/HEA_MC/PtPdRhRuIr/cgcnn/root_dir/Bulk_1001.cif,0.0458767231249996,bulk,32,32,32.0,0.04676692591893294,-0.0008902027939333354,0.0008902027939333354,0.04698616877134853,-0.0011094456463489263,0.0011094456463489263,fit
Bulk_1002,/home/jinsookim/HEA_MC/PtPdRhRuIr/cgcnn/root_dir/Bulk_1002.cif,0.0201808665625007,bulk,32,32,32.0,0.017058258080758906,0.0031226084817417947,0.0031226084817417947,0.016842812862111364,0.0033380537003893374,0.0033380537003893374,fit
Bulk_1003,/home/jinsookim/HEA_MC/PtPdRhRuIr/cgcnn/root_dir/Bulk_1003.cif,-0.0162331649999991,bulk,32,32,32.0,-0.016337718312238916,0.00010455331223981762,0.00010455331223981762,-0.016548229129357734,0.00031506412935863523,0.00031506412935863523,fit
Bulk_1004,/home/jinsookim/HEA_MC/PtPdRhRuIr/cgcnn/root_dir/Bulk_1004.cif,0.0627096521875003,bulk,32,32,32.0,0.06587499505639215,-0.003165342868891849,0.003165342868891849,0.06587795621713215,-0.0031683040296318493,0.0031683040296318493,fit
Bulk_1005,/home/jinsookim/HEA_MC/PtPdRhRuIr/cgcnn/root_dir/Bulk_1005.cif,0.0155283375000001,bulk,32,32,32.0,0.014179530703031526,0.0013488067969685737,0.0013488067969685737,0.014192995191560295,0.0013353423084398047,0.0013353423084398047,fit
Bulk_1006,/home/jinsookim/HEA_MC/PtPdRhRuIr/cgcnn/root_dir/Bulk_1006.cif,0.0001445071874996,bulk,32,32,32.0,0.00012075673888943192,2.375044861016809e-05,2.375044861016809e-05,-8.793606028004164e-05,0.00023244324777964165,0.00023244324777964165,fit
Bulk_1007,/home/jinsookim/HEA_MC/PtPdRhRuIr/cgcnn/root_dir/Bulk_1007.cif,0.0293890653125012,bulk,32,32,32.0,0.030497762443613248,-0.001108697131112047,0.001108697131112047,0.03053193641636021,-0.0011428711038590084,0.0011428711038590084,fit
Bulk_1008,/home/jinsookim/HEA_MC/PtPdRhRuIr/cgcnn/root_dir/Bulk_1008.cif,-0.0081820187499994,bulk,32,32,32.0,-0.010833720884204858,0.002651702134205458,0.002651702134205458,-0.010881859999357578,0.002699841249358178,0.002699841249358178,fit
Bulk_1009,/home/jinsookim/HEA_MC/PtPdRhRuIr/cgcnn/root_dir/Bulk_1009.cif,0.009725419375,bulk,32,32,32.0,0.011037824647602019,-0.0013124052726020182,0.0013124052726020182,0.010892318478465925,-0.001166899103465924,0.001166899103465924,fit
Bulk_1010,/home/jinsookim/HEA_MC/PtPdRhRuIr/cgcnn/root_dir/Bulk_1010.cif,0.0361040968750012,bulk,32,32,32.0,0.03606085270135968,4.324417364151567e-05,4.324417364151567e-05,0.03613168117077603,-2.7584295774832346e-05,2.7584295774832346e-05,fit
Bulk_1011,/home/jinsookim/HEA_MC/PtPdRhRuIr/cgcnn/root_dir/Bulk_1011.cif,-0.0064196890625005,bulk,32,32,32.0,-0.005323741907265157,-0.0010959471552353427,0.0010959471552353427,-0.005264780942645521,-0.0011549081198549789,0.0011549081198549789,fit
Bulk_1012,/home/jinsookim/HEA_MC/PtPdRhRuIr/cgcnn/root_dir/Bulk_1012.cif,0.0225771956250007,bulk,32,32,32.0,0.02375094187360259,-0.0011737462486018924,0.0011737462486018924,0.02361021651487933,-0.0010330208898786317,0.0010330208898786317,fit
Bulk_1013,/home/jinsookim/HEA_MC/PtPdRhRuIr/cgcnn/root_dir/Bulk_1013.cif,-0.0303181190624997,bulk,32,32,32.0,-0.030070278188826405,-0.0002478408736732961,0.0002478408736732961,-0.02999318371001352,-0.000324935352486181,0.000324935352486181,fit
Bulk_1014,/home/jinsookim/HEA_MC/PtPdRhRuIr/cgcnn/root_dir/Bulk_1014.cif,0.0265207156249998,bulk,32,32,32.0,0.027363646461518978,-0.000842930836519179,0.000842930836519179,0.02737056107181234,-0.0008498454468125402,0.0008498454468125402,fit
Bulk_1015,/home/jinsookim/HEA_MC/PtPdRhRuIr/cgcnn/root_dir/Bulk_1015.cif,0.0129994268749999,bulk,32,32,32.0,0.012021661891806023,0.0009777649831938778,0.0009777649831938778,0.011742211968938952,0.001257214906060948,0.001257214906060948,fit
Bulk_1016,/home/jinsookim/HEA_MC/PtPdRhRuIr/cgcnn/root_dir/Bulk_1016.cif,0.0136183912500005,bulk,32,32,32.0,0.01590858299082713,-0.0022901917408266297,0.0022901917408266297,0.016024639205144756,-0.0024062479551442556,0.0024062479551442556,holdout
Bulk_1017,/home/jinsookim/HEA_MC/PtPdRhRuIr/cgcnn/root_dir/Bulk_1017.cif,0.0144075387500004,bulk,32,32,32.0,0.016718622808552373,-0.0023110840585519737,0.0023110840585519737,0.01662791908130957,-0.002220380331309172,0.002220380331309172,fit
Bulk_1018,/home/jinsookim/HEA_MC/PtPdRhRuIr/cgcnn/root_dir/Bulk_1018.cif,-0.0012413462499996,bulk,32,32,32.0,0.004794835389797435,-0.006036181639797035,0.006036181639797035,0.004836242506570618,-0.006077588756570218,0.006077588756570218,fit
Bulk_1019,/home/jinsookim/HEA_MC/PtPdRhRuIr/cgcnn/root_dir/Bulk_1019.cif,0.0217217653125008,bulk,32,32,32.0,0.021731574884677043,-9.809572176243397e-06,9.809572176243397e-06,0.02184462393387536,-0.00012285862137455944,0.00012285862137455944,fit
Bulk_1020,/home/jinsookim/HEA_MC/PtPdRhRuIr/cgcnn/root_dir/Bulk_1020.cif,0.0240623475000001,bulk,32,32,32.0,0.023421346674526135,0.0006410008254739662,0.0006410008254739662,0.02336922357740031,0.000693123922599792,0.000693123922599792,fit
Bulk_1021,/home/jinsookim/HEA_MC/PtPdRhRuIr/cgcnn/root_dir/Bulk_1021.cif,0.0088847725,bulk,32,32,32.0,0.0068377552133323735,0.002047017286667627,0.002047017286667627,0.006953332397201858,0.0019314401027981428,0.0019314401027981428,holdout
Bulk_1022,/home/jinsookim/HEA_MC/PtPdRhRuIr/cgcnn/root_dir/Bulk_1022.cif,0.0122852875000001,bulk,32,32,32.0,0.013342250525659051,-0.0010569630256589517,0.0010569630256589517,0.013216586066310664,-0.000931298566310565,0.000931298566310565,fit
Bulk_1023,/home/jinsookim/HEA_MC/PtPdRhRuIr/cgcnn/root_dir/Bulk_1023.cif,0.0631533231250003,bulk,32,32,32.0,0.06395440068110123,-0.0008010775561009265,0.0008010775561009265,0.06425060001845259,-0.0010972768934522925,0.0010972768934522925,fit
Bulk_1024,/home/jinsookim/HEA_MC/PtPdRhRuIr/cgcnn/root_dir/Bulk_1024.cif,0.0293283056249995,bulk,32,32,32.0,0.02802850036404496,0.0012998052609545403,0.0012998052609545403,0.027880957549885257,0.0014473480751142423,0.0014473480751142423,fit
Bulk_1025,/home/jinsookim/HEA_MC/PtPdRhRuIr/cgcnn/root_dir/Bulk_1025.cif,0.0166404606250001,bulk,32,32,32.0,0.012653308243560854,0.0039871523814392455,0.0039871523814392455,0.012511754380443206,0.004128706244556893,0.004128706244556893,holdout
Bulk_1026,/home/jinsookim/HEA_MC/PtPdRhRuIr/cgcnn/root_dir/Bulk_1026.cif,0.0163709515625001,bulk,32,32,32.0,0.013859958787964873,0.0025109927745352277,0.0025109927745352277,0.013778810938901449,0.0025921406235986516,0.0025921406235986516,fit
Bulk_1027,/home/jinsookim/HEA_MC/PtPdRhRuIr/cgcnn/root_dir/Bulk_1027.cif,0.0215729987499999,bulk,32,32,32.0,0.020250190829305847,0.001322807920694051,0.001322807920694051,0.020257795315123187,0.001315203434876712,0.001315203434876712,fit
Bulk_1028,/home/jinsookim/HEA_MC/PtPdRhRuIr/cgcnn/root_dir/Bulk_1028.cif,0.0358563828125007,bulk,32,32,32.0,0.03651344568491427,-0.0006570628724135719,0.0006570628724135719,0.036373102586309373,-0.0005167197738086757,0.0005167197738086757,fit
Bulk_1029,/home/jinsookim/HEA_MC/PtPdRhRuIr/cgcnn/root_dir/Bulk_1029.cif,0.0224142187499998,bulk,32,32,32.0,0.021645013278421343,0.0007692054715784588,0.0007692054715784588,0.021596086068202805,0.0008181326817969965,0.0008181326817969965,fit
Bulk_1030,/home/jinsookim/HEA_MC/PtPdRhRuIr/cgcnn/root_dir/Bulk_1030.cif,0.018550695,bulk,32,32,32.0,0.017908769767342292,0.0006419252326577071,0.0006419252326577071,0.01843975830452828,0.00011093669547171739,0.00011093669547171739,fit
Bulk_1031,/home/jinsookim/HEA_MC/PtPdRhRuIr/cgcnn/root_dir/Bulk_1031.cif,0.0596092793749996,bulk,32,32,32.0,0.057299193164486166,0.002310086210513436,0.002310086210513436,0.05727230313669319,0.002336976238306414,0.002336976238306414,fit
Bulk_1032,/home/jinsookim/HEA_MC/PtPdRhRuIr/cgcnn/root_dir/Bulk_1032.cif,0.0584061971874998,bulk,32,32,32.0,0.05973652616376783,-0.0013303289762680304,0.0013303289762680304,0.05972033446860339,-0.0013141372811035917,0.0013141372811035917,fit
Bulk_1033,/home/jinsookim/HEA_MC/PtPdRhRuIr/cgcnn/root_dir/Bulk_1033.cif,0.0181798409375,bulk,32,32,32.0,0.01733225002866513,0.0008475909088348707,0.0008475909088348707,0.017389577357817505,0.0007902635796824958,0.0007902635796824958,fit
Bulk_1034,/home/jinsookim/HEA_MC/PtPdRhRuIr/cgcnn/root_dir/Bulk_1034.cif,0.0384113359375,bulk,32,32,32.0,0.0346442234004963,0.0037671125370037015,0.0037671125370037015,0.03452043617086558,0.003890899766634419,0.003890899766634419,fit
Bulk_1035,/home/jinsookim/HEA_MC/PtPdRhRuIr/cgcnn/root_dir/Bulk_1035.cif,0.0241429037499996,bulk,32,32,32.0,0.026426185377916928,-0.0022832816279173274,0.0022832816279173274,0.026267446694296665,-0.0021245429442970643,0.0021245429442970643,fit
Bulk_1036,/home/jinsookim/HEA_MC/PtPdRhRuIr/cgcnn/root_dir/Bulk_1036.cif,0.0213007546874992,bulk,32,32,32.0,0.021061308697276647,0.00023944599022255458,0.00023944599022255458,0.020683857937286818,0.000616896750212384,0.000616896750212384,fit
Bulk_1037,/home/jinsookim/HEA_MC/PtPdRhRuIr/cgcnn/root_dir/Bulk_1037.cif,0.0138701587499996,bulk,32,32,32.0,0.01306638896333325,0.0008037697866663494,0.0008037697866663494,0.012935759682594033,0.0009343990674055662,0.0009343990674055662,fit
Bulk_1038,/home/jinsookim/HEA_MC/PtPdRhRuIr/cgcnn/root_dir/Bulk_1038.cif,0.0044691606250006,bulk,32,32,32.0,0.004267218229831568,0.00020194239516903127,0.00020194239516903127,0.004279934052957648,0.00018922657204295187,0.00018922657204295187,fit
Bulk_1039,/home/jinsookim/HEA_MC/PtPdRhRuIr/cgcnn/root_dir/Bulk_1039.cif,0.0108421315625006,bulk,32,32,32.0,0.012853441439279762,-0.0020113098767791625,0.0020113098767791625,0.012654849133353314,-0.0018127175708527142,0.0018127175708527142,fit
Bulk_1040,/home/jinsookim/HEA_MC/PtPdRhRuIr/cgcnn/root_dir/Bulk_1040.cif,0.0340540415624994,bulk,32,32,32.0,0.03469100178832859,-0.0006369602258291876,0.0006369602258291876,0.03480553491842082,-0.0007514933559214163,0.0007514933559214163,fit
Bulk_1041,/home/jinsookim/HEA_MC/PtPdRhRuIr/cgcnn/root_dir/Bulk_1041.cif,0.0161939071874996,bulk,32,32,32.0,0.014377456103906689,0.0018164510835929105,0.0018164510835929105,0.014314841216000292,0.0018790659714993073,0.0018790659714993073,fit
Bulk_1042,/home/jinsookim/HEA_MC/PtPdRhRuIr/cgcnn/root_dir/Bulk_1042.cif,0.0007479012499995,bulk,32,32,32.0,0.0007908671110649973,-4.2965861065497285e-05,4.2965861065497285e-05,0.0010574631282341835,-0.0003095618782346835,0.0003095618782346835,fit
Bulk_1043,/home/jinsookim/HEA_MC/PtPdRhRuIr/cgcnn/root_dir/Bulk_1043.cif,0.0060071631250009,bulk,32,32,32.0,0.006438382495840701,-0.0004312193708398016,0.0004312193708398016,0.006388807104860808,-0.0003816439798599086,0.0003816439798599086,fit
Bulk_1044,/home/jinsookim/HEA_MC/PtPdRhRuIr/cgcnn/root_dir/Bulk_1044.cif,0.0168374206250003,bulk,32,32,32.0,0.015449591095973176,0.0013878295290271243,0.0013878295290271243,0.015211310628690761,0.001626109996309539,0.001626109996309539,holdout
Bulk_1045,/home/jinsookim/HEA_MC/PtPdRhRuIr/cgcnn/root_dir/Bulk_1045.cif,0.0360802184375002,bulk,32,32,32.0,0.03352275463627417,0.002557463801226033,0.002557463801226033,0.033462307379155565,0.0026179110583446352,0.0026179110583446352,fit
Bulk_1046,/home/jinsookim/HEA_MC/PtPdRhRuIr/cgcnn/root_dir/Bulk_1046.cif,0.0398803118749997,bulk,32,32,32.0,0.040974113114966806,-0.001093801239967107,0.001093801239967107,0.04080060516641311,-0.0009202932914134099,0.0009202932914134099,fit
Bulk_1047,/home/jinsookim/HEA_MC/PtPdRhRuIr/cgcnn/root_dir/Bulk_1047.cif,0.0122438546875001,bulk,32,32,32.0,0.008326389132533495,0.003917465554966606,0.003917465554966606,0.008333537777796884,0.003910316909703216,0.003910316909703216,fit
Bulk_1048,/home/jinsookim/HEA_MC/PtPdRhRuIr/cgcnn/root_dir/Bulk_1048.cif,-0.0022048928125002,bulk,32,32,32.0,-0.0014610644531612912,-0.0007438283593389087,0.0007438283593389087,-0.001381183263256109,-0.0008237095492440909,0.0008237095492440909,fit
Bulk_1049,/home/jinsookim/HEA_MC/PtPdRhRuIr/cgcnn/root_dir/Bulk_1049.cif,0.0292761959375003,bulk,32,32,32.0,0.03144912682502131,-0.002172930887521008,0.002172930887521008,0.03155161804036977,-0.0022754221028694656,0.0022754221028694656,fit
Bulk_1050,/home/jinsookim/HEA_MC/PtPdRhRuIr/cgcnn/root_dir/Bulk_1050.cif,0.0346166321874994,bulk,32,32,32.0,0.033983261773518625,0.0006333704139807744,0.0006333704139807744,0.033893292881935225,0.0007233393055641746,0.0007233393055641746,fit
Bulk_1051,/home/jinsookim/HEA_MC/PtPdRhRuIr/cgcnn/root_dir/Bulk_1051.cif,0.0116692062500005,bulk,32,32,32.0,0.011159971772865984,0.000509234477134515,0.000509234477134515,0.011277395433351406,0.0003918108166490932,0.0003918108166490932,fit
Bulk_1052,/home/jinsookim/HEA_MC/PtPdRhRuIr/cgcnn/root_dir/Bulk_1052.cif,0.042365733125,bulk,32,32,32.0,0.04597361123948173,-0.0036078781144817315,0.0036078781144817315,0.045928009889477824,-0.0035622767644778244,0.0035622767644778244,fit
Bulk_1053,/home/jinsookim/HEA_MC/PtPdRhRuIr/cgcnn/root_dir/Bulk_1053.cif,0.0069197531249995,bulk,32,32,32.0,0.006601102694095855,0.0003186504309036454,0.0003186504309036454,0.006790873641317426,0.00012887948368207457,0.00012887948368207457,fit
Bulk_1054,/home/jinsookim/HEA_MC/PtPdRhRuIr/cgcnn/root_dir/Bulk_1054.cif,0.034090214062501,bulk,32,32,32.0,0.03607432355390777,-0.001984109491406774,0.001984109491406774,0.03578141332079883,-0.001691199258297832,0.001691199258297832,fit
Bulk_1055,/home/jinsookim/HEA_MC/PtPdRhRuIr/cgcnn/root_dir/Bulk_1055.cif,0.0295290812499997,bulk,32,32,32.0,0.028452551527456463,0.0010765297225432367,0.0010765297225432367,0.028457903225002003,0.0010711780249976974,0.0010711780249976974,fit
Bulk_1056,/home/jinsookim/HEA_MC/PtPdRhRuIr/cgcnn/root_dir/Bulk_1056.cif,0.0390489318749995,bulk,32,32,32.0,0.0381171426522725,0.0009317892227269989,0.0009317892227269989,0.037894720276592755,0.001154211598406743,0.001154211598406743,fit
Bulk_1057,/home/jinsookim/HEA_MC/PtPdRhRuIr/cgcnn/root_dir/Bulk_1057.cif,0.0315407331250003,bulk,32,32,32.0,0.031363860765725136,0.0001768723592751667,0.0001768723592751667,0.03111119574760071,0.0004295373773995914,0.0004295373773995914,fit
Bulk_1058,/home/jinsookim/HEA_MC/PtPdRhRuIr/cgcnn/root_dir/Bulk_1058.cif,0.0488040450000006,bulk,32,32,32.0,0.048167085898462976,0.000636959101537625,0.000636959101537625,0.048265714917197056,0.0005383300828035453,0.0005383300828035453,fit
Bulk_1059,/home/jinsookim/HEA_MC/PtPdRhRuIr/cgcnn/root_dir/Bulk_1059.cif,0.0094339415625004,bulk,32,32,32.0,0.011117722069046406,-0.0016837805065460058,0.0016837805065460058,0.011312094801421866,-0.0018781532389214664,0.0018781532389214664,fit
Bulk_1060,/home/jinsookim/HEA_MC/PtPdRhRuIr/cgcnn/root_dir/Bulk_1060.cif,0.0376848459374992,bulk,32,32,32.0,0.035544505731557464,0.0021403402059417334,0.0021403402059417334,0.035722326001607935,0.001962519935891263,0.001962519935891263,fit
Bulk_1061,/home/jinsookim/HEA_MC/PtPdRhRuIr/cgcnn/root_dir/Bulk_1061.cif,0.0268338856249998,bulk,32,32,32.0,0.029759729800841614,-0.0029258441758418137,0.0029258441758418137,0.029471995191235112,-0.0026381095662353117,0.0026381095662353117,fit
Bulk_1062,/home/jinsookim/HEA_MC/PtPdRhRuIr/cgcnn/root_dir/Bulk_1062.cif,0.0116236559375,bulk,32,32,32.0,0.010959968785609054,0.0006636871518909456,0.0006636871518909456,0.0108883758145616,0.0007352801229384004,0.0007352801229384004,fit
Bulk_1063,/home/jinsookim/HEA_MC/PtPdRhRuIr/cgcnn/root_dir/Bulk_1063.cif,0.0542909868749994,bulk,32,32,32.0,0.05785842712585208,-0.003567440250852684,0.003567440250852684,0.05768311442751127,-0.0033921275525118713,0.0033921275525118713,fit
Bulk_1064,/home/jinsookim/HEA_MC/PtPdRhRuIr/cgcnn/root_dir/Bulk_1064.cif,0.0292869306250009,bulk,32,32,32.0,0.031532345123518477,-0.0022454144985175756,0.0022454144985175756,0.031519445205104815,-0.0022325145801039142,0.0022325145801039142,fit
Bulk_1065,/home/jinsookim/HEA_MC/PtPdRhRuIr/cgcnn/root_dir/Bulk_1065.cif,0.0289304865624995,bulk,32,32,32.0,0.028148492920232904,0.0007819936422665957,0.0007819936422665957,0.02813483184746539,0.0007956547150341116,0.0007956547150341116,fit
Bulk_1066,/home/jinsookim/HEA_MC/PtPdRhRuIr/cgcnn/root_dir/Bulk_1066.cif,0.0458599681249998,bulk,32,32,32.0,0.04730574847320693,-0.0014457803482071235,0.0014457803482071235,0.04724429577089118,-0.0013843276458913797,0.0013843276458913797,fit
Bulk_1067,/home/jinsookim/HEA_MC/PtPdRhRuIr/cgcnn/root_dir/Bulk_1067.cif,0.0181080334374987,bulk,32,32,32.0,0.019448639294326817,-0.001340605856828117,0.001340605856828117,0.01935605686368283,-0.0012480234261841305,0.0012480234261841305,fit
Bulk_1068,/home/jinsookim/HEA_MC/PtPdRhRuIr/cgcnn/root_dir/Bulk_1068.cif,0.0272025271874998,bulk,32,32,32.0,0.02688754835145782,0.00031497883604198265,0.00031497883604198265,0.027011483092387954,0.0001910440951118468,0.0001910440951118468,fit
Bulk_1069,/home/jinsookim/HEA_MC/PtPdRhRuIr/cgcnn/root_dir/Bulk_1069.cif,-0.0121195759375005,bulk,32,32,32.0,-0.011129438438388203,-0.000990137499112297,0.000990137499112297,-0.011343722557679315,-0.0007758533798211849,0.0007758533798211849,fit
Bulk_1070,/home/jinsookim/HEA_MC/PtPdRhRuIr/cgcnn/root_dir/Bulk_1070.cif,0.0295218596875006,bulk,32,32,32.0,0.03145365064282432,-0.0019317909553237221,0.0019317909553237221,0.031448794862115666,-0.0019269351746150666,0.0019269351746150666,fit
Bulk_1071,/home/jinsookim/HEA_MC/PtPdRhRuIr/cgcnn/root_dir/Bulk_1071.cif,-0.0076662128124995,bulk,32,32,32.0,-0.0058640417307009385,-0.0018021710817985618,0.0018021710817985618,-0.0059764698411209965,-0.0016897429713785038,0.0016897429713785038,fit
Bulk_1072,/home/jinsookim/HEA_MC/PtPdRhRuIr/cgcnn/root_dir/Bulk_1072.cif,0.0466190781250004,bulk,32,32,32.0,0.04821016143285046,-0.001591083307850058,0.001591083307850058,0.0485036010196178,-0.0018845228946174006,0.0018845228946174006,fit
Bulk_1073,/home/jinsookim/HEA_MC/PtPdRhRuIr/cgcnn/root_dir/Bulk_1073.cif,0.0559686796875,bulk,32,32,32.0,0.05708268564834764,-0.0011140059608476388,0.0011140059608476388,0.0571358461780838,-0.0011671664905838,0.0011671664905838,fit
Bulk_1074,/home/jinsookim/HEA_MC/PtPdRhRuIr/cgcnn/root_dir/Bulk_1074.cif,0.0168672190625001,bulk,32,32,32.0,0.015773479849941784,0.001093739212558318,0.001093739212558318,0.01574771288187572,0.0011195061806243828,0.0011195061806243828,holdout
Bulk_1075,/home/jinsookim/HEA_MC/PtPdRhRuIr/cgcnn/root_dir/Bulk_1075.cif,0.0104896403125005,bulk,32,32,32.0,0.00990086106590923,0.0005887792465912693,0.0005887792465912693,0.009957398825234904,0.0005322414872655952,0.0005322414872655952,fit
Bulk_1076,/home/jinsookim/HEA_MC/PtPdRhRuIr/cgcnn/root_dir/Bulk_1076.cif,0.0312201353125001,bulk,32,32,32.0,0.03333779717514693,-0.002117661862646829,0.002117661862646829,0.03353279206452329,-0.00231265675202319,0.00231265675202319,fit
Bulk_1077,/home/jinsookim/HEA_MC/PtPdRhRuIr/cgcnn/root_dir/Bulk_1077.cif,0.0565168512500013,bulk,32,32,32.0,0.057973311215291035,-0.0014564599652897373,0.0014564599652897373,0.057999618811472343,-0.0014827675614710462,0.0014827675614710462,fit
Bulk_1078,/home/jinsookim/HEA_MC/PtPdRhRuIr/cgcnn/root_dir/Bulk_1078.cif,0.0289452365624995,bulk,32,32,32.0,0.02753633366182085,0.0014089029006786498,0.0014089029006786498,0.027636765303424654,0.001308471259074847,0.001308471259074847,fit
Bulk_1079,/home/jinsookim/HEA_MC/PtPdRhRuIr/cgcnn/root_dir/Bulk_1079.cif,0.0502944306249997,bulk,32,32,32.0,0.04985197732050062,0.0004424533044990811,0.0004424533044990811,0.049993845126716646,0.00030058549828305275,0.00030058549828305275,fit
Bulk_1080,/home/jinsookim/HEA_MC/PtPdRhRuIr/cgcnn/root_dir/Bulk_1080.cif,0.0342906712500008,bulk,32,32,32.0,0.029568482390718555,0.004722188859282245,0.004722188859282245,0.029832589886513945,0.004458081363486854,0.004458081363486854,fit
Bulk_1081,/home/jinsookim/HEA_MC/PtPdRhRuIr/cgcnn/root_dir/Bulk_1081.cif,0.0322762721875005,bulk,32,32,32.0,0.034540489241327174,-0.002264217053826671,0.002264217053826671,0.0344198423920067,-0.002143570204506194,0.002143570204506194,fit
Bulk_1082,/home/jinsookim/HEA_MC/PtPdRhRuIr/cgcnn/root_dir/Bulk_1082.cif,0.0517942181250008,bulk,32,32,32.0,0.04938105854386131,0.0024131595811394888,0.0024131595811394888,0.04945849256693952,0.0023357255580612746,0.0023357255580612746,fit
Bulk_1083,/home/jinsookim/HEA_MC/PtPdRhRuIr/cgcnn/root_dir/Bulk_1083.cif,0.0099274421875001,bulk,32,32,32.0,0.012071202838388344,-0.002143760650888244,0.002143760650888244,0.011860844773936466,-0.0019334025864363655,0.0019334025864363655,fit
Bulk_1084,/home/jinsookim/HEA_MC/PtPdRhRuIr/cgcnn/root_dir/Bulk_1084.cif,-0.0011642165625005,bulk,32,32,32.0,-0.0005386076490567337,-0.0006256089134437663,0.0006256089134437663,-0.0006871520280668526,-0.00047706453443364743,0.00047706453443364743,fit
Bulk_1085,/home/jinsookim/HEA_MC/PtPdRhRuIr/cgcnn/root_dir/Bulk_1085.cif,0.021246643125,bulk,32,32,32.0,0.023296705235276827,-0.0020500621102768277,0.0020500621102768277,0.023402513324049697,-0.0021558701990496976,0.0021558701990496976,fit
Bulk_1086,/home/jinsookim/HEA_MC/PtPdRhRuIr/cgcnn/root_dir/Bulk_1086.cif,0.0636212087500007,bulk,32,32,32.0,0.06197182711527359,0.0016493816347271095,0.0016493816347271095,0.06185198950154855,0.0017692192484521502,0.0017692192484521502,holdout
Bulk_1087,/home/jinsookim/HEA_MC/PtPdRhRuIr/cgcnn/root_dir/Bulk_1087.cif,0.0068665656250006,bulk,32,32,32.0,0.009484135978869756,-0.002617570353869156,0.002617570353869156,0.009637070873044887,-0.0027705052480442877,0.0027705052480442877,fit
Bulk_1088,/home/jinsookim/HEA_MC/PtPdRhRuIr/cgcnn/root_dir/Bulk_1088.cif,0.0657550687500005,bulk,32,32,32.0,0.06554940644982077,0.00020566230017973752,0.00020566230017973752,0.06573267333491714,2.2395415083364956e-05,2.2395415083364956e-05,fit
Bulk_1089,/home/jinsookim/HEA_MC/PtPdRhRuIr/cgcnn/root_dir/Bulk_1089.cif,0.0045670853124999,bulk,32,32,32.0,0.0058724284547021065,-0.0013053431422022062,0.0013053431422022062,0.005914582571070998,-0.0013474972585710973,0.0013474972585710973,fit
Bulk_1090,/home/jinsookim/HEA_MC/PtPdRhRuIr/cgcnn/root_dir/Bulk_1090.cif,0.0270139159375002,bulk,32,32,32.0,0.02265031850195584,0.004363597435544358,0.004363597435544358,0.02285053621856073,0.004163379718939469,0.004163379718939469,fit
Bulk_1091,/home/jinsookim/HEA_MC/PtPdRhRuIr/cgcnn/root_dir/Bulk_1091.cif,0.0603779253125003,bulk,32,32,32.0,0.06062359962997184,-0.00024567431747153645,0.00024567431747153645,0.06073137108324793,-0.0003534457707476263,0.0003534457707476263,fit
Bulk_1092,/home/jinsookim/HEA_MC/PtPdRhRuIr/cgcnn/root_dir/Bulk_1092.cif,0.0071930981249996,bulk,32,32,32.0,0.006766590553379926,0.0004265075716196739,0.0004265075716196739,0.0066340269742311865,0.0005590711507684138,0.0005590711507684138,holdout
Bulk_1093,/home/jinsookim/HEA_MC/PtPdRhRuIr/cgcnn/root_dir/Bulk_1093.cif,0.0381312903125001,bulk,32,32,32.0,0.03688957847098735,0.0012417118415127479,0.0012417118415127479,0.0368370715915211,0.0012942187209789985,0.0012942187209789985,fit
Bulk_1094,/home/jinsookim/HEA_MC/PtPdRhRuIr/cgcnn/root_dir/Bulk_1094.cif,0.0229225896875,bulk,32,32,32.0,0.023336430176907178,-0.00041384048940717663,0.00041384048940717663,0.02325582271225933,-0.00033323302475932876,0.00033323302475932876,fit
Bulk_1095,/home/jinsookim/HEA_MC/PtPdRhRuIr/cgcnn/root_dir/Bulk_1095.cif,0.0302256471875006,bulk,32,32,32.0,0.029733457615222083,0.0004921895722785168,0.0004921895722785168,0.029152968790910627,0.0010726783965899732,0.0010726783965899732,holdout
Bulk_1096,/home/jinsookim/HEA_MC/PtPdRhRuIr/cgcnn/root_dir/Bulk_1096.cif,0.0547264996875007,bulk,32,32,32.0,0.05390022693249649,0.0008262727550042079,0.0008262727550042079,0.05408125055391359,0.0006452491335871072,0.0006452491335871072,fit
Bulk_1097,/home/jinsookim/HEA_MC/PtPdRhRuIr/cgcnn/root_dir/Bulk_1097.cif,0.0282329900000002,bulk,32,32,32.0,0.02738759920578142,0.0008453907942187824,0.0008453907942187824,0.02753100403181445,0.000701985968185749,0.000701985968185749,fit
Bulk_1098,/home/jinsookim/HEA_MC/PtPdRhRuIr/cgcnn/root_dir/Bulk_1098.cif,-0.0016088081250007,bulk,32,32,32.0,-0.00032252843800818776,-0.0012862796869925123,0.0012862796869925123,-0.0004049725463045259,-0.0012038355786961742,0.0012038355786961742,fit
Bulk_1099,/home/jinsookim/HEA_MC/PtPdRhRuIr/cgcnn/root_dir/Bulk_1099.cif,-0.0015297612499995,bulk,32,32,32.0,0.00013081287064239597,-0.001660574120641896,0.001660574120641896,-0.00013572225942400096,-0.001394038990575499,0.001394038990575499,fit
Slab_537,/home/jinsookim/HEA_MC/PtPdRhRuIr/cgcnn/root_dir/Slab_537.cif,0.29012975944444375,slab111,54,108,54.0,0.2873400803868691,0.0027896790575746566,0.0027896790575746566,0.2874553845389626,0.0026743749054811694,0.0026743749054811694,fit
Slab_538,/home/jinsookim/HEA_MC/PtPdRhRuIr/cgcnn/root_dir/Slab_538.cif,0.27109837962962996,slab111,54,108,54.0,0.2627449993045729,0.008353380325057058,0.008353380325057058,0.26264339359304933,0.008454986036580625,0.008454986036580625,fit
Slab_539,/home/jinsookim/HEA_MC/PtPdRhRuIr/cgcnn/root_dir/Slab_539.cif,0.2604582927777783,slab111,54,108,54.0,0.26065705285948354,-0.0001987600817052182,0.0001987600817052182,0.2609584659015426,-0.0005001731237642693,0.0005001731237642693,fit
Slab_540,/home/jinsookim/HEA_MC/PtPdRhRuIr/cgcnn/root_dir/Slab_540.cif,0.2742340749999991,slab111,54,108,54.0,0.27167258620155565,0.002561488798443423,0.002561488798443423,0.2723590218358303,0.001875053164168805,0.001875053164168805,fit
Slab_541,/home/jinsookim/HEA_MC/PtPdRhRuIr/cgcnn/root_dir/Slab_541.cif,0.2395080198148144,slab111,54,108,54.0,0.24171716801679893,-0.0022091482019845343,0.0022091482019845343,0.24130809179165194,-0.0018000719768375417,0.0018000719768375417,fit
Slab_542,/home/jinsookim/HEA_MC/PtPdRhRuIr/cgcnn/root_dir/Slab_542.cif,0.21707841629629623,slab111,54,108,54.0,0.2184045263628733,-0.0013261100665770686,0.0013261100665770686,0.21877967962650877,-0.0017012633302125324,0.0017012633302125324,fit
Slab_543,/home/jinsookim/HEA_MC/PtPdRhRuIr/cgcnn/root_dir/Slab_543.cif,0.25451487055555594,slab111,54,108,54.0,0.25827360411201106,-0.0037587335564551183,0.0037587335564551183,0.25840883538363624,-0.0038939648280802985,0.0038939648280802985,fit
Slab_544,/home/jinsookim/HEA_MC/PtPdRhRuIr/cgcnn/root_dir/Slab_544.cif,0.23330513999999986,slab111,54,108,54.0,0.23574436968296678,-0.0024392296829669202,0.0024392296829669202,0.23576433859985207,-0.0024591985998522192,0.0024591985998522192,fit
Slab_545,/home/jinsookim/HEA_MC/PtPdRhRuIr/cgcnn/root_dir/Slab_545.cif,0.25207175833333256,slab111,54,108,54.0,0.25330154704289376,-0.001229788709561197,0.001229788709561197,0.25323612810919954,-0.0011643697758669802,0.0011643697758669802,fit
Slab_546,/home/jinsookim/HEA_MC/PtPdRhRuIr/cgcnn/root_dir/Slab_546.cif,0.23992129259259218,slab111,54,108,54.0,0.24194982884860516,-0.002028536256012986,0.002028536256012986,0.2419879212836864,-0.0020666286910942244,0.0020666286910942244,fit
Slab_547,/home/jinsookim/HEA_MC/PtPdRhRuIr/cgcnn/root_dir/Slab_547.cif,0.26804377314814937,slab111,54,108,54.0,0.2660718915031372,0.0019718816450121635,0.0019718816450121635,0.26610307415438267,0.0019406989937666985,0.0019406989937666985,fit
Slab_548,/home/jinsookim/HEA_MC/PtPdRhRuIr/cgcnn/root_dir/Slab_548.cif,0.27084739314814865,slab111,54,108,54.0,0.27366657443751974,-0.0028191812893710866,0.0028191812893710866,0.2739282270431801,-0.003080833895031443,0.003080833895031443,holdout
Slab_549,/home/jinsookim/HEA_MC/PtPdRhRuIr/cgcnn/root_dir/Slab_549.cif,0.24050230685185275,slab111,54,108,54.0,0.23797947568516414,0.0025228311666886105,0.0025228311666886105,0.2380246022240612,0.002477704627791566,0.002477704627791566,fit
Slab_550,/home/jinsookim/HEA_MC/PtPdRhRuIr/cgcnn/root_dir/Slab_550.cif,0.23325912462963028,slab111,54,108,54.0,0.2333976310904246,-0.00013850646079432982,0.00013850646079432982,0.23382743284458474,-0.0005683082149544605,0.0005683082149544605,fit
Slab_551,/home/jinsookim/HEA_MC/PtPdRhRuIr/cgcnn/root_dir/Slab_551.cif,0.2679828670370373,slab111,54,108,54.0,0.2694818222732503,-0.0014989552362130176,0.0014989552362130176,0.26960005023625555,-0.001617183199218275,0.001617183199218275,fit
Slab_552,/home/jinsookim/HEA_MC/PtPdRhRuIr/cgcnn/root_dir/Slab_552.cif,0.29675006444444485,slab111,54,108,54.0,0.29977737580760305,-0.0030273113631582027,0.0030273113631582027,0.3001447175861033,-0.0033946531416584325,0.0033946531416584325,fit
Slab_553,/home/jinsookim/HEA_MC/PtPdRhRuIr/cgcnn/root_dir/Slab_553.cif,0.24107343537036952,slab111,54,108,54.0,0.23785147889264013,0.003221956477729382,0.003221956477729382,0.23807903535941835,0.002994400010951165,0.002994400010951165,fit
Slab_554,/home/jinsookim/HEA_MC/PtPdRhRuIr/cgcnn/root_dir/Slab_554.cif,0.21194118944444434,slab111,54,108,54.0,0.21415104511061323,-0.0022098556661688806,0.0022098556661688806,0.21433542935095914,-0.0023942399065148,0.0023942399065148,fit
Slab_555,/home/jinsookim/HEA_MC/PtPdRhRuIr/cgcnn/root_dir/Slab_555.cif,0.2716910620370367,slab111,54,108,54.0,0.27129006341741424,0.0004009986196224502,0.0004009986196224502,0.2714051100805612,0.0002859519564755164,0.0002859519564755164,fit
Slab_556,/home/jinsookim/HEA_MC/PtPdRhRuIr/cgcnn/root_dir/Slab_556.cif,0.2625033298148154,slab111,54,108,54.0,0.26339714209837745,-0.0008938122835620566,0.0008938122835620566,0.2633020457786642,-0.000798715963848784,0.000798715963848784,fit
Slab_557,/home/jinsookim/HEA_MC/PtPdRhRuIr/cgcnn/root_dir/Slab_557.cif,0.29644600962962986,slab111,54,108,54.0,0.29352684085689523,0.002919168772734626,0.002919168772734626,0.29383921193188894,0.0026067976977409146,0.0026067976977409146,fit
Slab_558,/home/jinsookim/HEA_MC/PtPdRhRuIr/cgcnn/root_dir/Slab_558.cif,0.21816690425925836,slab111,54,108,54.0,0.22303409191433798,-0.0048671876550796245,0.0048671876550796245,0.22293764535017757,-0.004770741090919212,0.004770741090919212,fit
Slab_559,/home/jinsookim/HEA_MC/PtPdRhRuIr/cgcnn/root_dir/Slab_559.cif,0.25641742333333234,slab111,54,108,54.0,0.25190189001666125,0.004515533316671094,0.004515533316671094,0.25179552276452716,0.004621900568805182,0.004621900568805182,holdout
Slab_560,/home/jinsookim/HEA_MC/PtPdRhRuIr/cgcnn/root_dir/Slab_560.cif,0.24027906629629675,slab111,54,108,54.0,0.23520383500595649,0.005075231290340265,0.005075231290340265,0.2353274873530038,0.004951578943292956,0.004951578943292956,fit
Slab_561,/home/jinsookim/HEA_MC/PtPdRhRuIr/cgcnn/root_dir/Slab_561.cif,0.23368151907407483,slab111,54,108,54.0,0.23499091235521588,-0.001309393281141047,0.001309393281141047,0.2351842213525401,-0.0015027022784652733,0.0015027022784652733,fit
Slab_562,/home/jinsookim/HEA_MC/PtPdRhRuIr/cgcnn/root_dir/Slab_562.cif,0.25841635314814887,slab111,54,108,54.0,0.26053989714814585,-0.0021235439999969796,0.0021235439999969796,0.2603134132875669,-0.0018970601394180386,0.0018970601394180386,fit
Slab_563,/home/jinsookim/HEA_MC/PtPdRhRuIr/cgcnn/root_dir/Slab_563.cif,0.27290368481481486,slab111,54,108,54.0,0.26812342929743793,0.00478025551737693,0.00478025551737693,0.2682361225995778,0.004667562215237064,0.004667562215237064,fit
Slab_564,/home/jinsookim/HEA_MC/PtPdRhRuIr/cgcnn/root_dir/Slab_564.cif,0.2649891922222225,slab111,54,108,54.0,0.26521483349172204,-0.00022564126949953245,0.00022564126949953245,0.2648926212407447,9.657098147780596e-05,9.657098147780596e-05,fit
Slab_565,/home/jinsookim/HEA_MC/PtPdRhRuIr/cgcnn/root_dir/Slab_565.cif,0.24813441425926003,slab111,54,108,54.0,0.24955476604087587,-0.0014203517816158417,0.0014203517816158417,0.24981719205102648,-0.0016827777917664544,0.0016827777917664544,fit
Slab_566,/home/jinsookim/HEA_MC/PtPdRhRuIr/cgcnn/root_dir/Slab_566.cif,0.24168769796296236,slab111,54,108,54.0,0.24786306641662664,-0.006175368453664287,0.006175368453664287,0.2480734168440527,-0.006385718881090352,0.006385718881090352,fit
Slab_567,/home/jinsookim/HEA_MC/PtPdRhRuIr/cgcnn/root_dir/Slab_567.cif,0.2337362329629621,slab111,54,108,54.0,0.23620078935667563,-0.0024645563937135406,0.0024645563937135406,0.23637967244803235,-0.002643439485070259,0.002643439485070259,fit
Slab_568,/home/jinsookim/HEA_MC/PtPdRhRuIr/cgcnn/root_dir/Slab_568.cif,0.25906993388888794,slab111,54,108,54.0,0.25907751654846717,-7.582659579230544e-06,7.582659579230544e-06,0.25900534377930395,6.459010958398403e-05,6.459010958398403e-05,fit
Slab_569,/home/jinsookim/HEA_MC/PtPdRhRuIr/cgcnn/root_dir/Slab_569.cif,0.25740862851851937,slab111,54,108,54.0,0.2611639869348458,-0.0037553584163264597,0.0037553584163264597,0.26124969059243225,-0.003841062073912882,0.003841062073912882,holdout
Slab_570,/home/jinsookim/HEA_MC/PtPdRhRuIr/cgcnn/root_dir/Slab_570.cif,0.24796563851851858,slab111,54,108,54.0,0.25064271102065255,-0.002677072502133976,0.002677072502133976,0.2504724521680096,-0.002506813649491041,0.002506813649491041,fit
Slab_571,/home/jinsookim/HEA_MC/PtPdRhRuIr/cgcnn/root_dir/Slab_571.cif,0.21695968944444466,slab111,54,108,54.0,0.2229844994469041,-0.006024810002459441,0.006024810002459441,0.22300788447478762,-0.006048195030342957,0.006048195030342957,fit
Slab_572,/home/jinsookim/HEA_MC/PtPdRhRuIr/cgcnn/root_dir/Slab_572.cif,0.260426860740741,slab111,54,108,54.0,0.2586219884900474,0.00180487225069359,0.00180487225069359,0.25848163225219345,0.0019452284885475568,0.0019452284885475568,fit
Slab_573,/home/jinsookim/HEA_MC/PtPdRhRuIr/cgcnn/root_dir/Slab_573.cif,0.2693669638888886,slab111,54,108,54.0,0.2719911110330815,-0.002624147144192901,0.002624147144192901,0.27254569529816824,-0.003178731409279656,0.003178731409279656,fit
Slab_574,/home/jinsookim/HEA_MC/PtPdRhRuIr/cgcnn/root_dir/Slab_574.cif,0.23642531444444456,slab111,54,108,54.0,0.23730403059489436,-0.0008787161504497931,0.0008787161504497931,0.23733392942319187,-0.0009086149787473075,0.0009086149787473075,fit
Slab_575,/home/jinsookim/HEA_MC/PtPdRhRuIr/cgcnn/root_dir/Slab_575.cif,0.25673497370370424,slab111,54,108,54.0,0.25796462656791086,-0.0012296528642066207,0.0012296528642066207,0.25853079160333975,-0.00179581789963551,0.00179581789963551,holdout
Slab_576,/home/jinsookim/HEA_MC/PtPdRhRuIr/cgcnn/root_dir/Slab_576.cif,0.2395624074074076,slab111,54,108,54.0,0.24226744129504652,-0.0027050338876389024,0.0027050338876389024,0.24220192707216143,-0.0026395196647538144,0.0026395196647538144,holdout
Slab_577,/home/jinsookim/HEA_MC/PtPdRhRuIr/cgcnn/root_dir/Slab_577.cif,0.2446003370370367,slab111,54,108,54.0,0.24354707584349508,0.001053261193541627,0.001053261193541627,0.24379938680047716,0.0008009502365595444,0.0008009502365595444,fit
Slab_578,/home/jinsookim/HEA_MC/PtPdRhRuIr/cgcnn/root_dir/Slab_578.cif,0.23959728833333388,slab111,54,108,54.0,0.24394002582412713,-0.0043427374907932526,0.0043427374907932526,0.2439518438537106,-0.004354555520376724,0.004354555520376724,fit
Slab_579,/home/jinsookim/HEA_MC/PtPdRhRuIr/cgcnn/root_dir/Slab_579.cif,0.2742599211111109,slab111,54,108,54.0,0.27513282621095564,-0.000872905099844723,0.000872905099844723,0.2750566419577511,-0.0007967208466401754,0.0007967208466401754,holdout
Slab_580,/home/jinsookim/HEA_MC/PtPdRhRuIr/cgcnn/root_dir/Slab_580.cif,0.27715770148148205,slab111,54,108,54.0,0.2733992087126651,0.0037584927688169567,0.0037584927688169567,0.27311701121241144,0.004040690269070613,0.004040690269070613,fit
Slab_581,/home/jinsookim/HEA_MC/PtPdRhRuIr/cgcnn/root_dir/Slab_581.cif,0.24366245777777826,slab111,54,108,54.0,0.24530701264027993,-0.0016445548625016737,0.0016445548625016737,0.2454777609658518,-0.001815303188073547,0.001815303188073547,fit
Slab_582,/home/jinsookim/HEA_MC/PtPdRhRuIr/cgcnn/root_dir/Slab_582.cif,0.23640658944444437,slab111,54,108,54.0,0.23680576977883858,-0.00039918033439420575,0.00039918033439420575,0.23698079487636978,-0.0005742054319254064,0.0005742054319254064,fit
Slab_583,/home/jinsookim/HEA_MC/PtPdRhRuIr/cgcnn/root_dir/Slab_583.cif,0.24392631611111162,slab111,54,108,54.0,0.24496070132028958,-0.0010343852091779515,0.0010343852091779515,0.24475739710179675,-0.0008310809906851291,0.0008310809906851291,holdout
Slab_584,/home/jinsookim/HEA_MC/PtPdRhRuIr/cgcnn/root_dir/Slab_584.cif,0.23615966574074163,slab111,54,108,54.0,0.23589753070220154,0.00026213503854008446,0.00026213503854008446,0.2359982347662689,0.00016143097447271493,0.00016143097447271493,fit
Slab_585,/home/jinsookim/HEA_MC/PtPdRhRuIr/cgcnn/root_dir/Slab_585.cif,0.267561996481481,slab111,54,108,54.0,0.26786520851726126,-0.0003032120357802648,0.0003032120357802648,0.2678658217995068,-0.0003038253180258077,0.0003038253180258077,fit
Slab_586,/home/jinsookim/HEA_MC/PtPdRhRuIr/cgcnn/root_dir/Slab_586.cif,0.26637402574073965,slab111,54,108,54.0,0.2658892677744586,0.0004847579662810575,0.0004847579662810575,0.26581899683169147,0.000555028909048183,0.000555028909048183,fit
Slab_587,/home/jinsookim/HEA_MC/PtPdRhRuIr/cgcnn/root_dir/Slab_587.cif,0.25090364074073973,slab111,54,108,54.0,0.24802946729845443,0.0028741734422852994,0.0028741734422852994,0.248270890743087,0.002632749997652728,0.002632749997652728,fit
Slab_588,/home/jinsookim/HEA_MC/PtPdRhRuIr/cgcnn/root_dir/Slab_588.cif,0.2642861203703717,slab111,54,108,54.0,0.26616813081021257,-0.0018820104398408755,0.0018820104398408755,0.26585246833537923,-0.0015663479650075418,0.0015663479650075418,fit
Slab_589,/home/jinsookim/HEA_MC/PtPdRhRuIr/cgcnn/root_dir/Slab_589.cif,0.2828496588888893,slab111,54,108,54.0,0.28508249372566463,-0.0022328348367753326,0.0022328348367753326,0.2852139717874279,-0.002364312898538612,0.002364312898538612,fit
Slab_590,/home/jinsookim/HEA_MC/PtPdRhRuIr/cgcnn/root_dir/Slab_590.cif,0.2505554161111116,slab111,54,108,54.0,0.24894748034056768,0.0016079357705439112,0.0016079357705439112,0.24884277784990264,0.0017126382612089597,0.0017126382612089597,fit
Slab_591,/home/jinsookim/HEA_MC/PtPdRhRuIr/cgcnn/root_dir/Slab_591.cif,0.26848685185185284,slab111,54,108,54.0,0.2653356265162102,0.00315122533564266,0.00315122533564266,0.26536204328773294,0.0031248085641198964,0.0031248085641198964,fit
Slab_592,/home/jinsookim/HEA_MC/PtPdRhRuIr/cgcnn/root_dir/Slab_592.cif,0.2336903483333338,slab111,54,108,54.0,0.23445234871087184,-0.0007620003775380413,0.0007620003775380413,0.23451004440512896,-0.0008196960717951618,0.0008196960717951618,fit
Slab_593,/home/jinsookim/HEA_MC/PtPdRhRuIr/cgcnn/root_dir/Slab_593.cif,0.2641792429629622,slab111,54,108,54.0,0.26379669230230246,0.00038255066065973065,0.00038255066065973065,0.26365539824517054,0.000523844717791655,0.000523844717791655,fit
Slab_594,/home/jinsookim/HEA_MC/PtPdRhRuIr/cgcnn/root_dir/Slab_594.cif,0.2804670374074076,slab111,54,108,54.0,0.27659612105957143,0.003870916347836151,0.003870916347836151,0.276849978978699,0.003617058428708575,0.003617058428708575,fit
Slab_595,/home/jinsookim/HEA_MC/PtPdRhRuIr/cgcnn/root_dir/Slab_595.cif,0.25837892277777785,slab111,54,108,54.0,0.26251707380836614,-0.0041381510305882885,0.0041381510305882885,0.2625187517979675,-0.004139829020189667,0.004139829020189667,fit
Slab_596,/home/jinsookim/HEA_MC/PtPdRhRuIr/cgcnn/root_dir/Slab_596.cif,0.24832785388889006,slab111,54,108,54.0,0.24542504922254516,0.0029028046663449047,0.0029028046663449047,0.24563039839458403,0.002697455494306028,0.002697455494306028,fit
Slab_597,/home/jinsookim/HEA_MC/PtPdRhRuIr/cgcnn/root_dir/Slab_597.cif,0.27628226981481574,slab111,54,108,54.0,0.2728971333784732,0.0033851364363425285,0.0033851364363425285,0.2728339069976026,0.003448362817213113,0.003448362817213113,fit
Slab_598,/home/jinsookim/HEA_MC/PtPdRhRuIr/cgcnn/root_dir/Slab_598.cif,0.23557003222222234,slab111,54,108,54.0,0.23742560291813652,-0.0018555706959141882,0.0018555706959141882,0.23761066288637175,-0.0020406306641494176,0.0020406306641494176,holdout
Slab_599,/home/jinsookim/HEA_MC/PtPdRhRuIr/cgcnn/root_dir/Slab_599.cif,0.2509170175925935,slab111,54,108,54.0,0.24558428748972352,0.00533273010286997,0.00533273010286997,0.24611536339722534,0.004801654195368155,0.004801654195368155,fit
Slab_600,/home/jinsookim/HEA_MC/PtPdRhRuIr/cgcnn/root_dir/Slab_600.cif,0.27721819444444457,slab111,54,108,54.0,0.27530082120157956,0.0019173732428650059,0.0019173732428650059,0.2751789279663017,0.0020392664781428427,0.0020392664781428427,fit
Slab_601,/home/jinsookim/HEA_MC/PtPdRhRuIr/cgcnn/root_dir/Slab_601.cif,0.21965867555555588,slab111,54,108,54.0,0.22248079110453506,-0.0028221155489791816,0.0028221155489791816,0.22253799437129387,-0.0028793188157379968,0.0028793188157379968,fit
Slab_602,/home/jinsookim/HEA_MC/PtPdRhRuIr/cgcnn/root_dir/Slab_602.cif,0.27811767851851926,slab111,54,108,54.0,0.28213773120468477,-0.0040200526861655095,0.0040200526861655095,0.28159727359698167,-0.0034795950784624052,0.0034795950784624052,fit
Slab_603,/home/jinsookim/HEA_MC/PtPdRhRuIr/cgcnn/root_dir/Slab_603.cif,0.2531261196296302,slab111,54,108,54.0,0.24995744213267512,0.003168677496955097,0.003168677496955097,0.2503302679539958,0.0027958516756343976,0.0027958516756343976,holdout
Slab_604,/home/jinsookim/HEA_MC/PtPdRhRuIr/cgcnn/root_dir/Slab_604.cif,0.2514100201851856,slab111,54,108,54.0,0.24759125126283643,0.0038187689223491694,0.0038187689223491694,0.24763854645508834,0.003771473730097258,0.003771473730097258,fit
Slab_605,/home/jinsookim/HEA_MC/PtPdRhRuIr/cgcnn/root_dir/Slab_605.cif,0.25112974314814834,slab111,54,108,54.0,0.25307442688084225,-0.0019446837326939082,0.0019446837326939082,0.2530472049581573,-0.001917461810008958,0.001917461810008958,fit
Slab_606,/home/jinsookim/HEA_MC/PtPdRhRuIr/cgcnn/root_dir/Slab_606.cif,0.2704531161111119,slab111,54,108,54.0,0.26863380043788165,0.0018193156732302374,0.0018193156732302374,0.2686495359536272,0.0018035801574846633,0.0018035801574846633,fit
Slab_607,/home/jinsookim/HEA_MC/PtPdRhRuIr/cgcnn/root_dir/Slab_607.cif,0.2548711255555563,slab111,54,108,54.0,0.2560213070724182,-0.0011501815168619145,0.0011501815168619145,0.2559240356559544,-0.0010529101003980967,0.0010529101003980967,fit
Slab_608,/home/jinsookim/HEA_MC/PtPdRhRuIr/cgcnn/root_dir/Slab_608.cif,0.27087766629629567,slab111,54,108,54.0,0.26984976775416464,0.0010278985421310338,0.0010278985421310338,0.2699511481523817,0.0009265181439139791,0.0009265181439139791,fit
Slab_609,/home/jinsookim/HEA_MC/PtPdRhRuIr/cgcnn/root_dir/Slab_609.cif,0.24196348499999995,slab111,54,108,54.0,0.24563440781223309,-0.003670922812233135,0.003670922812233135,0.24559629945693345,-0.003632814456933503,0.003632814456933503,fit
Slab_610,/home/jinsookim/HEA_MC/PtPdRhRuIr/cgcnn/root_dir/Slab_610.cif,0.2371207824074083,slab111,54,108,54.0,0.23504648298391567,0.0020742994234926315,0.0020742994234926315,0.2350481753291575,0.002072607078250799,0.002072607078250799,fit
Slab_611,/home/jinsookim/HEA_MC/PtPdRhRuIr/cgcnn/root_dir/Slab_611.cif,0.2508474872222219,slab111,54,108,54.0,0.24824705200127026,0.00260043522095163,0.00260043522095163,0.24829759041928517,0.002549896802936713,0.002549896802936713,fit
Slab_612,/home/jinsookim/HEA_MC/PtPdRhRuIr/cgcnn/root_dir/Slab_612.cif,0.2503447172222216,slab111,54,108,54.0,0.25168443470000834,-0.0013397174777867171,0.0013397174777867171,0.25193274592631926,-0.0015880287040976326,0.0015880287040976326,fit
Slab_613,/home/jinsookim/HEA_MC/PtPdRhRuIr/cgcnn/root_dir/Slab_613.cif,0.20912260092592622,slab111,54,108,54.0,0.21777769463341076,-0.008655093707484546,0.008655093707484546,0.21813263819840836,-0.009010037272482146,0.009010037272482146,fit
Slab_614,/home/jinsookim/HEA_MC/PtPdRhRuIr/cgcnn/root_dir/Slab_614.cif,0.300230361481481,slab111,54,108,54.0,0.29695493961923736,0.003275421862243666,0.003275421862243666,0.2969513406383724,0.0032790208431086043,0.0032790208431086043,fit
Slab_615,/home/jinsookim/HEA_MC/PtPdRhRuIr/cgcnn/root_dir/Slab_615.cif,0.2769089411111104,slab111,54,108,54.0,0.27530130911193496,0.0016076319991754628,0.0016076319991754628,0.2750349149028758,0.0018740262082346248,0.0018740262082346248,fit
Slab_616,/home/jinsookim/HEA_MC/PtPdRhRuIr/cgcnn/root_dir/Slab_616.cif,0.26543293500000054,slab111,54,108,54.0,0.26379749049444695,0.001635444505553585,0.001635444505553585,0.26422156267645364,0.0012113723235468998,0.0012113723235468998,fit
Slab_617,/home/jinsookim/HEA_MC/PtPdRhRuIr/cgcnn/root_dir/Slab_617.cif,0.2516018942592592,slab111,54,108,54.0,0.2542294388471031,-0.0026275445878438664,0.0026275445878438664,0.25437835031627487,-0.0027764560570156527,0.0027764560570156527,fit
Slab_618,/home/jinsookim/HEA_MC/PtPdRhRuIr/cgcnn/root_dir/Slab_618.cif,0.24078879296296427,slab111,54,108,54.0,0.24065722387230337,0.0001315690906608935,0.0001315690906608935,0.24120351900911335,-0.0004147260461490887,0.0004147260461490887,fit
Slab_619,/home/jinsookim/HEA_MC/PtPdRhRuIr/cgcnn/root_dir/Slab_619.cif,0.2711072468518515,slab111,54,108,54.0,0.27327445349355,-0.0021672066416985047,0.0021672066416985047,0.2733483681968765,-0.002241121345025021,0.002241121345025021,holdout
Slab_620,/home/jinsookim/HEA_MC/PtPdRhRuIr/cgcnn/root_dir/Slab_620.cif,0.25543548407407424,slab111,54,108,54.0,0.2633805094121404,-0.00794502533806618,0.00794502533806618,0.2635258019495221,-0.008090317875447839,0.008090317875447839,fit
Slab_621,/home/jinsookim/HEA_MC/PtPdRhRuIr/cgcnn/root_dir/Slab_621.cif,0.2048925157407403,slab111,54,108,54.0,0.2124136405674546,-0.007521124826714298,0.007521124826714298,0.21289197047843436,-0.007999454737694062,0.007999454737694062,holdout
Slab_622,/home/jinsookim/HEA_MC/PtPdRhRuIr/cgcnn/root_dir/Slab_622.cif,0.25915308981481644,slab111,54,108,54.0,0.2598274422879445,-0.0006743524731280814,0.0006743524731280814,0.2601208480424162,-0.0009677582275997576,0.0009677582275997576,holdout
Slab_623,/home/jinsookim/HEA_MC/PtPdRhRuIr/cgcnn/root_dir/Slab_623.cif,0.24472605703703648,slab111,54,108,54.0,0.24891753146016962,-0.00419147442313314,0.00419147442313314,0.2488630125424241,-0.004136955505387618,0.004136955505387618,fit
Slab_624,/home/jinsookim/HEA_MC/PtPdRhRuIr/cgcnn/root_dir/Slab_624.cif,0.27581289166666645,slab111,54,108,54.0,0.27935310409505243,-0.0035402124283859804,0.0035402124283859804,0.27970861512062684,-0.003895723453960387,0.003895723453960387,holdout
Slab_625,/home/jinsookim/HEA_MC/PtPdRhRuIr/cgcnn/root_dir/Slab_625.cif,0.2499166679629628,slab111,54,108,54.0,0.25401680525312126,-0.0041001372901584565,0.0041001372901584565,0.2539205852805172,-0.004003917317554395,0.004003917317554395,fit
Slab_626,/home/jinsookim/HEA_MC/PtPdRhRuIr/cgcnn/root_dir/Slab_626.cif,0.25797718185185237,slab111,54,108,54.0,0.25794410063831386,3.308121353851057e-05,3.308121353851057e-05,0.25794772688393974,2.9454967912623253e-05,2.9454967912623253e-05,fit
Slab_627,/home/jinsookim/HEA_MC/PtPdRhRuIr/cgcnn/root_dir/Slab_627.cif,0.21326864814814692,slab111,54,108,54.0,0.21855899052900976,-0.005290342380862845,0.005290342380862845,0.21869004670389183,-0.005421398555744916,0.005421398555744916,fit
Slab_628,/home/jinsookim/HEA_MC/PtPdRhRuIr/cgcnn/root_dir/Slab_628.cif,0.2786909335185181,slab111,54,108,54.0,0.27642280133384356,0.0022681321846745317,0.0022681321846745317,0.2765258204467435,0.0021651130717745826,0.0021651130717745826,fit
Slab_629,/home/jinsookim/HEA_MC/PtPdRhRuIr/cgcnn/root_dir/Slab_629.cif,0.26918681203703704,slab111,54,108,54.0,0.2724883824435357,-0.003301570406498644,0.003301570406498644,0.2724508859988873,-0.0032640739618502446,0.0032640739618502446,fit
Slab_630,/home/jinsookim/HEA_MC/PtPdRhRuIr/cgcnn/root_dir/Slab_630.cif,0.25620093796296334,slab111,54,108,54.0,0.2514352598356672,0.0047656781272961135,0.0047656781272961135,0.25152985364057784,0.004671084322385499,0.004671084322385499,fit
Slab_631,/home/jinsookim/HEA_MC/PtPdRhRuIr/cgcnn/root_dir/Slab_631.cif,0.2212905379629633,slab111,54,108,54.0,0.21466191464976908,0.006628623313194221,0.006628623313194221,0.21488918202793045,0.006401355935032854,0.006401355935032854,fit
Slab_632,/home/jinsookim/HEA_MC/PtPdRhRuIr/cgcnn/root_dir/Slab_632.cif,0.23437164981481512,slab111,54,108,54.0,0.2323603632767156,0.0020112865380995104,0.0020112865380995104,0.23205815638277782,0.0023134934320372946,0.0023134934320372946,fit
Slab_633,/home/jinsookim/HEA_MC/PtPdRhRuIr/cgcnn/root_dir/Slab_633.cif,0.25465536925925863,slab111,54,108,54.0,0.25386915380004516,0.0007862154592134796,0.0007862154592134796,0.25377653020192353,0.0008788390573351013,0.0008788390573351013,fit
Slab_634,/home/jinsookim/HEA_MC/PtPdRhRuIr/cgcnn/root_dir/Slab_634.cif,0.28727891777777853,slab111,54,108,54.0,0.29265633301775584,-0.005377415239977312,0.005377415239977312,0.2927678725169856,-0.005488954739207075,0.005488954739207075,fit
Slab_635,/home/jinsookim/HEA_MC/PtPdRhRuIr/cgcnn/root_dir/Slab_635.cif,0.31291605999999944,slab111,54,108,54.0,0.31168630729733504,0.0012297527026643995,0.0012297527026643995,0.31140823537455936,0.0015078246254400796,0.0015078246254400796,fit
Slab_636,/home/jinsookim/HEA_MC/PtPdRhRuIr/cgcnn/root_dir/Slab_636.cif,0.25098129462962976,slab111,54,108,54.0,0.2528474284609411,-0.0018661338313113451,0.0018661338313113451,0.25282635365696554,-0.0018450590273357825,0.0018450590273357825,fit
Slab_637,/home/jinsookim/HEA_MC/PtPdRhRuIr/cgcnn/root_dir/Slab_637.cif,0.2755629668518509,slab111,54,108,54.0,0.2785259261132726,-0.002962959261421705,0.002962959261421705,0.2788113074205651,-0.003248340568714203,0.003248340568714203,fit
Slab_638,/home/jinsookim/HEA_MC/PtPdRhRuIr/cgcnn/root_dir/Slab_638.cif,0.25635376425925877,slab111,54,108,54.0,0.25857148495958354,-0.0022177207003247768,0.0022177207003247768,0.2583245217261701,-0.0019707574669113326,0.0019707574669113326,fit
Slab_639,/home/jinsookim/HEA_MC/PtPdRhRuIr/cgcnn/root_dir/Slab_639.cif,0.3078457357407411,slab111,54,108,54.0,0.3016979565443506,0.006147779196390479,0.006147779196390479,0.3018598943287947,0.005985841411946413,0.005985841411946413,fit
Slab_640,/home/jinsookim/HEA_MC/PtPdRhRuIr/cgcnn/root_dir/Slab_640.cif,0.2673164020370372,slab111,54,108,54.0,0.26303476947712456,0.0042816325599126515,0.0042816325599126515,0.263176520135581,0.004139881901456199,0.004139881901456199,fit
Slab_641,/home/jinsookim/HEA_MC/PtPdRhRuIr/cgcnn/root_dir/Slab_641.cif,0.2675759879629635,slab111,54,108,54.0,0.2677768445700499,-0.00020085660708640818,0.00020085660708640818,0.2676693806368792,-9.339267391567097e-05,9.339267391567097e-05,fit
Slab_642,/home/jinsookim/HEA_MC/PtPdRhRuIr/cgcnn/root_dir/Slab_642.cif,0.25611455018518564,slab111,54,108,54.0,0.25775981491303995,-0.001645264727854312,0.001645264727854312,0.25783195840301665,-0.0017174082178310068,0.0017174082178310068,fit
Slab_643,/home/jinsookim/HEA_MC/PtPdRhRuIr/cgcnn/root_dir/Slab_643.cif,0.2838286418518513,slab111,54,108,54.0,0.28292552476297406,0.0009031170888772477,0.0009031170888772477,0.2830640405031747,0.000764601348676619,0.000764601348676619,fit
Slab_644,/home/jinsookim/HEA_MC/PtPdRhRuIr/cgcnn/root_dir/Slab_644.cif,0.26442080925925926,slab111,54,108,54.0,0.2607206668180306,0.003700142441228682,0.003700142441228682,0.26045160714039267,0.003969202118866588,0.003969202118866588,holdout
Slab_645,/home/jinsookim/HEA_MC/PtPdRhRuIr/cgcnn/root_dir/Slab_645.cif,0.2587347687037038,slab111,54,108,54.0,0.25995324417323873,-0.0012184754695349076,0.0012184754695349076,0.2602304547126155,-0.0014956860089117008,0.0014956860089117008,fit
Slab_646,/home/jinsookim/HEA_MC/PtPdRhRuIr/cgcnn/root_dir/Slab_646.cif,0.22480941537037114,slab111,54,108,54.0,0.22610275851212053,-0.0012933431417493924,0.0012933431417493924,0.22622834623753776,-0.001418930867166629,0.001418930867166629,fit
Slab_647,/home/jinsookim/HEA_MC/PtPdRhRuIr/cgcnn/root_dir/Slab_647.cif,0.28640731259259333,slab111,54,108,54.0,0.2831411718365867,0.003266140756006619,0.003266140756006619,0.28295087912761907,0.0034564334649742623,0.0034564334649742623,fit
Slab_648,/home/jinsookim/HEA_MC/PtPdRhRuIr/cgcnn/root_dir/Slab_648.cif,0.2553671635185182,slab111,54,108,54.0,0.25245705398434093,0.002910109534177252,0.002910109534177252,0.2525559272223358,0.0028112362961824067,0.0028112362961824067,fit
Slab_649,/home/jinsookim/HEA_MC/PtPdRhRuIr/cgcnn/root_dir/Slab_649.cif,0.22918864148148174,slab111,54,108,54.0,0.23390434891727846,-0.004715707435796718,0.004715707435796718,0.23387455414907185,-0.004685912667590109,0.004685912667590109,fit
Slab_650,/home/jinsookim/HEA_MC/PtPdRhRuIr/cgcnn/root_dir/Slab_650.cif,0.2671913901851842,slab111,54,108,54.0,0.26306408810238885,0.0041273020827953255,0.0041273020827953255,0.2631508754703432,0.004040514714840959,0.004040514714840959,fit
Slab_651,/home/jinsookim/HEA_MC/PtPdRhRuIr/cgcnn/root_dir/Slab_651.cif,0.2780030977777783,slab111,54,108,54.0,0.2761298623239556,0.0018732354538227303,0.0018732354538227303,0.27598297552752865,0.0020201222502496674,0.0020201222502496674,fit
Slab_652,/home/jinsookim/HEA_MC/PtPdRhRuIr/cgcnn/root_dir/Slab_652.cif,0.26816749425925984,slab111,54,108,54.0,0.27092889292277605,-0.0027613986635162124,0.0027613986635162124,0.27103021670022875,-0.0028627224409689123,0.0028627224409689123,holdout
Slab_653,/home/jinsookim/HEA_MC/PtPdRhRuIr/cgcnn/root_dir/Slab_653.cif,0.26058004555555514,slab111,54,108,54.0,0.2578346470873002,0.002745398468254945,0.002745398468254945,0.2577049057097305,0.002875139845824659,0.002875139845824659,fit
Slab_654,/home/jinsookim/HEA_MC/PtPdRhRuIr/cgcnn/root_dir/Slab_654.cif,0.25817631759259313,slab111,54,108,54.0,0.2627630472250961,-0.0045867296325029505,0.0045867296325029505,0.2628931262958523,-0.00471680870325919,0.00471680870325919,fit
Slab_655,/home/jinsookim/HEA_MC/PtPdRhRuIr/cgcnn/root_dir/Slab_655.cif,0.2829974311111119,slab111,54,108,54.0,0.28252198580228105,0.00047544530883086855,0.00047544530883086855,0.2823576416003028,0.0006397895108091189,0.0006397895108091189,fit
Slab_656,/home/jinsookim/HEA_MC/PtPdRhRuIr/cgcnn/root_dir/Slab_656.cif,0.23203755055555503,slab111,54,108,54.0,0.23505916314568556,-0.0030216125901305346,0.0030216125901305346,0.23508813937920753,-0.0030505888236525003,0.0030505888236525003,fit
Slab_657,/home/jinsookim/HEA_MC/PtPdRhRuIr/cgcnn/root_dir/Slab_657.cif,0.24246179351851854,slab111,54,108,54.0,0.24073660325402024,0.0017251902644982997,0.0017251902644982997,0.24067729436149188,0.0017844991570266644,0.0017844991570266644,fit
Slab_658,/home/jinsookim/HEA_MC/PtPdRhRuIr/cgcnn/root_dir/Slab_658.cif,0.24420885666666614,slab111,54,108,54.0,0.25049705030859354,-0.006288193641927398,0.006288193641927398,0.2506229607679047,-0.006414104101238549,0.006414104101238549,fit
Slab_659,/home/jinsookim/HEA_MC/PtPdRhRuIr/cgcnn/root_dir/Slab_659.cif,0.26170820629629654,slab111,54,108,54.0,0.2632019520478205,-0.001493745751523945,0.001493745751523945,0.2635619111058604,-0.001853704809563872,0.001853704809563872,fit
Slab_660,/home/jinsookim/HEA_MC/PtPdRhRuIr/cgcnn/root_dir/Slab_660.cif,0.24470720240740804,slab111,54,108,54.0,0.247767091515397,-0.003059889107988961,0.003059889107988961,0.24835003711545744,-0.0036428347080494083,0.0036428347080494083,holdout
Slab_661,/home/jinsookim/HEA_MC/PtPdRhRuIr/cgcnn/root_dir/Slab_661.cif,0.2664515940740736,slab111,54,108,54.0,0.2712136356206354,-0.0047620415465617905,0.0047620415465617905,0.2712361964675325,-0.004784602393458903,0.004784602393458903,fit
Slab_662,/home/jinsookim/HEA_MC/PtPdRhRuIr/cgcnn/root_dir/Slab_662.cif,0.26486872351851837,slab111,54,108,54.0,0.26535735960868334,-0.0004886360901649733,0.0004886360901649733,0.26530638021627984,-0.0004376566977614682,0.0004376566977614682,fit
Slab_663,/home/jinsookim/HEA_MC/PtPdRhRuIr/cgcnn/root_dir/Slab_663.cif,0.2383950964814824,slab111,54,108,54.0,0.24012808885801018,-0.00173299237652777,0.00173299237652777,0.24016877585798585,-0.0017736793765034398,0.0017736793765034398,fit
Slab_664,/home/jinsookim/HEA_MC/PtPdRhRuIr/cgcnn/root_dir/Slab_664.cif,0.23576150611111021,slab111,54,108,54.0,0.2339258846218375,0.0018356214892727152,0.0018356214892727152,0.23413692008380843,0.0016245860273017831,0.0016245860273017831,fit
Slab_665,/home/jinsookim/HEA_MC/PtPdRhRuIr/cgcnn/root_dir/Slab_665.cif,0.2979082396296296,slab111,54,108,54.0,0.2973684333463292,0.0005398062833004147,0.0005398062833004147,0.29728924233013626,0.000618997299493329,0.000618997299493329,fit
Slab_666,/home/jinsookim/HEA_MC/PtPdRhRuIr/cgcnn/root_dir/Slab_666.cif,0.25578704240740746,slab111,54,108,54.0,0.25650341824989925,-0.0007163758424917899,0.0007163758424917899,0.25619597311093917,-0.0004089307035317069,0.0004089307035317069,fit
Slab_667,/home/jinsookim/HEA_MC/PtPdRhRuIr/cgcnn/root_dir/Slab_667.cif,0.26953315055555477,slab111,54,108,54.0,0.26522322167995244,0.004309928875602331,0.004309928875602331,0.2649146761048595,0.004618474450695242,0.004618474450695242,fit
Slab_668,/home/jinsookim/HEA_MC/PtPdRhRuIr/cgcnn/root_dir/Slab_668.cif,0.23555778648148223,slab111,54,108,54.0,0.23562986280658516,-7.207632510292106e-05,7.207632510292106e-05,0.23556046441365547,-2.6779321732339767e-06,2.6779321732339767e-06,fit
Slab_669,/home/jinsookim/HEA_MC/PtPdRhRuIr/cgcnn/root_dir/Slab_669.cif,0.22789254777777782,slab111,54,108,54.0,0.23027594943796992,-0.0023834016601921026,0.0023834016601921026,0.23012467475805135,-0.00223212698027353,0.00223212698027353,fit
Slab_670,/home/jinsookim/HEA_MC/PtPdRhRuIr/cgcnn/root_dir/Slab_670.cif,0.26901648629629554,slab111,54,108,54.0,0.26948308163516055,-0.0004665953388650057,0.0004665953388650057,0.26951260989391795,-0.000496123597622411,0.000496123597622411,fit
Slab_671,/home/jinsookim/HEA_MC/PtPdRhRuIr/cgcnn/root_dir/Slab_671.cif,0.26818922888888974,slab111,54,108,54.0,0.27337573586290254,-0.0051865069740127945,0.0051865069740127945,0.2737039812312301,-0.005514752342340334,0.005514752342340334,fit
Slab_672,/home/jinsookim/HEA_MC/PtPdRhRuIr/cgcnn/root_dir/Slab_672.cif,0.22403420166666718,slab111,54,108,54.0,0.2287746405827213,-0.004740438916054107,0.004740438916054107,0.22888180208394182,-0.004847600417274639,0.004847600417274639,fit
Slab_673,/home/jinsookim/HEA_MC/PtPdRhRuIr/cgcnn/root_dir/Slab_673.cif,0.23702114962963008,slab111,54,108,54.0,0.23500847108909356,0.002012678540536522,0.002012678540536522,0.2353140652142602,0.001707084415369875,0.001707084415369875,fit
Slab_674,/home/jinsookim/HEA_MC/PtPdRhRuIr/cgcnn/root_dir/Slab_674.cif,0.26231505907407454,slab111,54,108,54.0,0.2626138332919549,-0.00029877421788038205,0.00029877421788038205,0.26251494807084164,-0.0001998889967670947,0.0001998889967670947,fit
Slab_675,/home/jinsookim/HEA_MC/PtPdRhRuIr/cgcnn/root_dir/Slab_675.cif,0.23250653351851935,slab111,54,108,54.0,0.2347197533850767,-0.002213219866557342,0.002213219866557342,0.23440038718559097,-0.001893853667071621,0.001893853667071621,fit
Slab_676,/home/jinsookim/HEA_MC/PtPdRhRuIr/cgcnn/root_dir/Slab_676.cif,0.24447028203703813,slab111,54,108,54.0,0.24505497195855852,-0.0005846899215203871,0.0005846899215203871,0.2449810183731394,-0.0005107363361012696,0.0005107363361012696,fit
Slab_677,/home/jinsookim/HEA_MC/PtPdRhRuIr/cgcnn/root_dir/Slab_677.cif,0.27740713592592564,slab111,54,108,54.0,0.27885437140412855,-0.0014472354782029129,0.0014472354782029129,0.27836231147196,-0.0009551755460343592,0.0009551755460343592,fit
Slab_678,/home/jinsookim/HEA_MC/PtPdRhRuIr/cgcnn/root_dir/Slab_678.cif,0.23762100037037023,slab111,54,108,54.0,0.23900543513638103,-0.0013844347660108003,0.0013844347660108003,0.2389673391292094,-0.0013463387588391607,0.0013463387588391607,fit
Slab_679,/home/jinsookim/HEA_MC/PtPdRhRuIr/cgcnn/root_dir/Slab_679.cif,0.21162195444444543,slab111,54,108,54.0,0.21207746007422787,-0.00045550562978244336,0.00045550562978244336,0.2117771670345817,-0.0001552125901362611,0.0001552125901362611,fit
Slab_680,/home/jinsookim/HEA_MC/PtPdRhRuIr/cgcnn/root_dir/Slab_680.cif,0.22936924500000036,slab111,54,108,54.0,0.23405766836370479,-0.004688423363704425,0.004688423363704425,0.23437386198607024,-0.005004616986069882,0.005004616986069882,fit
Slab_681,/home/jinsookim/HEA_MC/PtPdRhRuIr/cgcnn/root_dir/Slab_681.cif,0.2698842162962962,slab111,54,108,54.0,0.26920455111899744,0.0006796651772987827,0.0006796651772987827,0.26916293418366644,0.0007212821126297841,0.0007212821126297841,fit
Slab_682,/home/jinsookim/HEA_MC/PtPdRhRuIr/cgcnn/root_dir/Slab_682.cif,0.25548859999999934,slab111,54,108,54.0,0.25671393079433813,-0.0012253307943387859,0.0012253307943387859,0.2564180491375796,-0.0009294491375802516,0.0009294491375802516,fit
Slab_683,/home/jinsookim/HEA_MC/PtPdRhRuIr/cgcnn/root_dir/Slab_683.cif,0.28126209870370433,slab111,54,108,54.0,0.2769237572855623,0.004338341418142044,0.004338341418142044,0.27716054952022756,0.0041015491834767714,0.0041015491834767714,fit
Slab_684,/home/jinsookim/HEA_MC/PtPdRhRuIr/cgcnn/root_dir/Slab_684.cif,0.24037483481481559,slab111,54,108,54.0,0.24668509928347998,-0.006310264468664395,0.006310264468664395,0.24653867317783715,-0.006163838363021562,0.006163838363021562,fit
Slab_685,/home/jinsookim/HEA_MC/PtPdRhRuIr/cgcnn/root_dir/Slab_685.cif,0.25325184518518573,slab111,54,108,54.0,0.2548817219363331,-0.0016298767511473966,0.0016298767511473966,0.2549674254906747,-0.0017155803054889618,0.0017155803054889618,fit
Slab_686,/home/jinsookim/HEA_MC/PtPdRhRuIr/cgcnn/root_dir/Slab_686.cif,0.27913416185185197,slab111,54,108,54.0,0.2761284197363193,0.0030057421155326725,0.0030057421155326725,0.27582109648700787,0.0033130653648441033,0.0033130653648441033,holdout
Slab_687,/home/jinsookim/HEA_MC/PtPdRhRuIr/cgcnn/root_dir/Slab_687.cif,0.24160057074074096,slab111,54,108,54.0,0.24544361877769555,-0.003843048036954594,0.003843048036954594,0.24558276420623046,-0.003982193465489503,0.003982193465489503,fit
Slab_688,/home/jinsookim/HEA_MC/PtPdRhRuIr/cgcnn/root_dir/Slab_688.cif,0.2371861450000002,slab111,54,108,54.0,0.2338077441012847,0.0033784008987155223,0.0033784008987155223,0.23397549924863262,0.0032106457513675912,0.0032106457513675912,fit
Slab_689,/home/jinsookim/HEA_MC/PtPdRhRuIr/cgcnn/root_dir/Slab_689.cif,0.2582101511111116,slab111,54,108,54.0,0.2626592406028968,-0.004449089491785185,0.004449089491785185,0.2626390327580581,-0.004428881646946492,0.004428881646946492,fit
Slab_690,/home/jinsookim/HEA_MC/PtPdRhRuIr/cgcnn/root_dir/Slab_690.cif,0.23299791462963,slab111,54,108,54.0,0.234077307019194,-0.0010793923895640045,0.0010793923895640045,0.23392414479470855,-0.000926230165078562,0.000926230165078562,fit
Slab_691,/home/jinsookim/HEA_MC/PtPdRhRuIr/cgcnn/root_dir/Slab_691.cif,0.23689403925926017,slab111,54,108,54.0,0.24471910385438542,-0.007825064595125247,0.007825064595125247,0.24446330516125406,-0.007569265901993888,0.007569265901993888,fit
Slab_692,/home/jinsookim/HEA_MC/PtPdRhRuIr/cgcnn/root_dir/Slab_692.cif,0.24789821907407478,slab111,54,108,54.0,0.2473472388347105,0.0005509802393642849,0.0005509802393642849,0.24739423923467083,0.0005039798394039507,0.0005039798394039507,fit
Slab_693,/home/jinsookim/HEA_MC/PtPdRhRuIr/cgcnn/root_dir/Slab_693.cif,0.2481023325925925,slab111,54,108,54.0,0.24960054827121506,-0.0014982156786225442,0.0014982156786225442,0.24981414393984286,-0.0017118113472503471,0.0017118113472503471,fit
Slab_694,/home/jinsookim/HEA_MC/PtPdRhRuIr/cgcnn/root_dir/Slab_694.cif,0.22949153796296246,slab111,54,108,54.0,0.23354258286242197,-0.0040510448994595105,0.0040510448994595105,0.2336498816661248,-0.004158343703162343,0.004158343703162343,fit
Slab_695,/home/jinsookim/HEA_MC/PtPdRhRuIr/cgcnn/root_dir/Slab_695.cif,0.2784750875925934,slab111,54,108,54.0,0.2767873781849373,0.0016877094076560573,0.0016877094076560573,0.27700961024133725,0.001465477351256128,0.001465477351256128,fit
Slab_696,/home/jinsookim/HEA_MC/PtPdRhRuIr/cgcnn/root_dir/Slab_696.cif,0.2777999742592585,slab111,54,108,54.0,0.2800490117165544,-0.002249037457295877,0.002249037457295877,0.28012092680439304,-0.002320952545134536,0.002320952545134536,holdout
Slab_697,/home/jinsookim/HEA_MC/PtPdRhRuIr/cgcnn/root_dir/Slab_697.cif,0.2591386740740749,slab111,54,108,54.0,0.26326972116322234,-0.0041310470891474105,0.0041310470891474105,0.2633793479296977,-0.0042406738556227674,0.0042406738556227674,fit
Slab_698,/home/jinsookim/HEA_MC/PtPdRhRuIr/cgcnn/root_dir/Slab_698.cif,0.2772693292592586,slab111,54,108,54.0,0.274892257275491,0.0023770719837676313,0.0023770719837676313,0.2755989794446347,0.0016703498146239393,0.0016703498146239393,fit
Slab_699,/home/jinsookim/HEA_MC/PtPdRhRuIr/cgcnn/root_dir/Slab_699.cif,0.2473444429629631,slab111,54,108,54.0,0.24435231560363155,0.002992127359331548,0.002992127359331548,0.24429225581419645,0.0030521871487666496,0.0030521871487666496,fit
Slab_700,/home/jinsookim/HEA_MC/PtPdRhRuIr/cgcnn/root_dir/Slab_700.cif,0.2606999051851841,slab111,54,108,54.0,0.2589515438735232,0.0017483613116608954,0.0017483613116608954,0.258866419421122,0.001833485764062115,0.001833485764062115,fit
Slab_701,/home/jinsookim/HEA_MC/PtPdRhRuIr/cgcnn/root_dir/Slab_701.cif,0.2701499961111111,slab111,54,108,54.0,0.2709906178894843,-0.0008406217783731851,0.0008406217783731851,0.2708685105142747,-0.0007185144031635615,0.0007185144031635615,fit
Slab_702,/home/jinsookim/HEA_MC/PtPdRhRuIr/cgcnn/root_dir/Slab_702.cif,0.26333955981481455,slab111,54,108,54.0,0.26367090727023246,-0.00033134745541790744,0.00033134745541790744,0.26375613342629356,-0.00041657361147900973,0.00041657361147900973,fit
Slab_703,/home/jinsookim/HEA_MC/PtPdRhRuIr/cgcnn/root_dir/Slab_703.cif,0.26730776833333314,slab111,54,108,54.0,0.26917141812189027,-0.0018636497885571313,0.0018636497885571313,0.26917132400744953,-0.0018635556741163906,0.0018635556741163906,fit
Slab_704,/home/jinsookim/HEA_MC/PtPdRhRuIr/cgcnn/root_dir/Slab_704.cif,0.28213380500000085,slab111,54,108,54.0,0.272576888490877,0.009556916509123825,0.009556916509123825,0.2726887111501495,0.009445093849851371,0.009445093849851371,fit
Slab_705,/home/jinsookim/HEA_MC/PtPdRhRuIr/cgcnn/root_dir/Slab_705.cif,0.2890061431481475,slab111,54,108,54.0,0.2851396309923108,0.0038665121558366655,0.0038665121558366655,0.28512967784295984,0.0038764653051876485,0.0038764653051876485,fit
Slab_706,/home/jinsookim/HEA_MC/PtPdRhRuIr/cgcnn/root_dir/Slab_706.cif,0.20481189203703748,slab111,54,108,54.0,0.2105494009648236,-0.005737508927786128,0.005737508927786128,0.21036269457506257,-0.00555080253802509,0.00555080253802509,fit
Slab_707,/home/jinsookim/HEA_MC/PtPdRhRuIr/cgcnn/root_dir/Slab_707.cif,0.2682582729629625,slab111,54,108,54.0,0.2651134008427167,0.003144872120245834,0.003144872120245834,0.2648624517782023,0.003395821184760228,0.003395821184760228,fit
Slab_708,/home/jinsookim/HEA_MC/PtPdRhRuIr/cgcnn/root_dir/Slab_708.cif,0.2618448327777769,slab111,54,108,54.0,0.2579453803325834,0.0038994524451935186,0.0038994524451935186,0.2583294644745092,0.0035153683032677074,0.0035153683032677074,fit
Slab_709,/home/jinsookim/HEA_MC/PtPdRhRuIr/cgcnn/root_dir/Slab_709.cif,0.25967289277777655,slab111,54,108,54.0,0.2551999026280205,0.004472990149756051,0.004472990149756051,0.2549437953734788,0.004729097404297777,0.004729097404297777,fit
Slab_710,/home/jinsookim/HEA_MC/PtPdRhRuIr/cgcnn/root_dir/Slab_710.cif,0.281002938148149,slab111,54,108,54.0,0.2752091576554475,0.005793780492701461,0.005793780492701461,0.2754046919668753,0.005598246181273692,0.005598246181273692,fit
Slab_711,/home/jinsookim/HEA_MC/PtPdRhRuIr/cgcnn/root_dir/Slab_711.cif,0.24287627111111107,slab111,54,108,54.0,0.2411829518905789,0.0016933192205321745,0.0016933192205321745,0.241419471433368,0.0014567996777430647,0.0014567996777430647,fit
Slab_712,/home/jinsookim/HEA_MC/PtPdRhRuIr/cgcnn/root_dir/Slab_712.cif,0.2518939275925923,slab111,54,108,54.0,0.24996648703011703,0.001927440562475291,0.001927440562475291,0.24974957642828902,0.0021443511643033097,0.0021443511643033097,fit
Slab_713,/home/jinsookim/HEA_MC/PtPdRhRuIr/cgcnn/root_dir/Slab_713.cif,0.23600729981481444,slab111,54,108,54.0,0.23672782998015374,-0.0007205301653392948,0.0007205301653392948,0.23657449541998826,-0.0005671956051738203,0.0005671956051738203,fit
Slab_714,/home/jinsookim/HEA_MC/PtPdRhRuIr/cgcnn/root_dir/Slab_714.cif,0.23057463888888788,slab111,54,108,54.0,0.23151245483929958,-0.0009378159504117023,0.0009378159504117023,0.23164774908990954,-0.0010731102010216598,0.0010731102010216598,fit
Slab_715,/home/jinsookim/HEA_MC/PtPdRhRuIr/cgcnn/root_dir/Slab_715.cif,0.20977347351851836,slab111,54,108,54.0,0.20967529283831698,9.818068020137072e-05,9.818068020137072e-05,0.20961026058358137,0.00016321293493698485,0.00016321293493698485,fit
Slab_716,/home/jinsookim/HEA_MC/PtPdRhRuIr/cgcnn/root_dir/Slab_716.cif,0.25448936277777745,slab111,54,108,54.0,0.25389967378226735,0.0005896889955100959,0.0005896889955100959,0.2538594690466197,0.000629893731157738,0.000629893731157738,fit
Slab_717,/home/jinsookim/HEA_MC/PtPdRhRuIr/cgcnn/root_dir/Slab_717.cif,0.24248880999999967,slab111,54,108,54.0,0.23990819479800832,0.0025806152019913486,0.0025806152019913486,0.2400428617079334,0.0024459482920662634,0.0024459482920662634,fit
Slab_718,/home/jinsookim/HEA_MC/PtPdRhRuIr/cgcnn/root_dir/Slab_718.cif,0.282896952222223,slab111,54,108,54.0,0.28795351200086555,-0.005056559778642555,0.005056559778642555,0.2879114271773181,-0.005014474955095105,0.005014474955095105,fit
Slab_719,/home/jinsookim/HEA_MC/PtPdRhRuIr/cgcnn/root_dir/Slab_719.cif,0.26375757759259216,slab111,54,108,54.0,0.26656974173121556,-0.0028121641386233964,0.0028121641386233964,0.2662333187180078,-0.0024757411254156536,0.0024757411254156536,fit
Slab_720,/home/jinsookim/HEA_MC/PtPdRhRuIr/cgcnn/root_dir/Slab_720.cif,0.26316636222222095,slab111,54,108,54.0,0.2620398871816512,0.00112647504056973,0.00112647504056973,0.26199866452186227,0.001167697700358683,0.001167697700358683,fit
Slab_721,/home/jinsookim/HEA_MC/PtPdRhRuIr/cgcnn/root_dir/Slab_721.cif,0.23256230185185173,slab111,54,108,54.0,0.22804319923735358,0.004519102614498144,0.004519102614498144,0.22797174086912247,0.004590560982729253,0.004590560982729253,fit
Slab_722,/home/jinsookim/HEA_MC/PtPdRhRuIr/cgcnn/root_dir/Slab_722.cif,0.21785241092592644,slab111,54,108,54.0,0.2197794727478605,-0.0019270618219340563,0.0019270618219340563,0.21964821289520758,-0.001795801969281141,0.001795801969281141,fit
Slab_723,/home/jinsookim/HEA_MC/PtPdRhRuIr/cgcnn/root_dir/Slab_723.cif,0.2710976696296299,slab111,54,108,54.0,0.2664164777738931,0.004681191855736788,0.004681191855736788,0.2664692449687057,0.004628424660924169,0.004628424660924169,fit
Slab_724,/home/jinsookim/HEA_MC/PtPdRhRuIr/cgcnn/root_dir/Slab_724.cif,0.24875517499999997,slab111,54,108,54.0,0.24171231446089583,0.007042860539104134,0.007042860539104134,0.24161334208037302,0.007141832919626945,0.007141832919626945,fit
Slab_725,/home/jinsookim/HEA_MC/PtPdRhRuIr/cgcnn/root_dir/Slab_725.cif,0.26942362351851906,slab111,54,108,54.0,0.2701742840045681,-0.0007506604860490484,0.0007506604860490484,0.2701118043257674,-0.000688180807248362,0.000688180807248362,fit
Slab_726,/home/jinsookim/HEA_MC/PtPdRhRuIr/cgcnn/root_dir/Slab_726.cif,0.22710340462963022,slab111,54,108,54.0,0.2259157318668569,0.0011876727627733175,0.0011876727627733175,0.2257345271360019,0.0013688774936283232,0.0013688774936283232,fit
Slab_727,/home/jinsookim/HEA_MC/PtPdRhRuIr/cgcnn/root_dir/Slab_727.cif,0.29243324388888864,slab111,54,108,54.0,0.28657831336373596,0.0058549305251526795,0.0058549305251526795,0.28615099846931624,0.0062822454195723965,0.0062822454195723965,holdout
Slab_728,/home/jinsookim/HEA_MC/PtPdRhRuIr/cgcnn/root_dir/Slab_728.cif,0.2585172227777769,slab111,54,108,54.0,0.2528806234707174,0.005636599307059509,0.005636599307059509,0.2537138020489992,0.0048034207287777075,0.0048034207287777075,fit
Slab_729,/home/jinsookim/HEA_MC/PtPdRhRuIr/cgcnn/root_dir/Slab_729.cif,0.20295098611111098,slab111,54,108,54.0,0.20846060645055695,-0.005509620339445964,0.005509620339445964,0.20868464352854355,-0.005733657417432564,0.005733657417432564,fit
Slab_730,/home/jinsookim/HEA_MC/PtPdRhRuIr/cgcnn/root_dir/Slab_730.cif,0.27150416,slab111,54,108,54.0,0.2730704968774452,-0.001566336877445229,0.001566336877445229,0.27327815013648515,-0.0017739901364851596,0.0017739901364851596,fit
Slab_731,/home/jinsookim/HEA_MC/PtPdRhRuIr/cgcnn/root_dir/Slab_731.cif,0.24307483537037175,slab111,54,108,54.0,0.2414933293273453,0.0015815060430264538,0.0015815060430264538,0.24124145161964053,0.0018333837507312212,0.0018333837507312212,fit
Slab_732,/home/jinsookim/HEA_MC/PtPdRhRuIr/cgcnn/root_dir/Slab_732.cif,0.2604695948148156,slab111,54,108,54.0,0.25671481017712394,0.0037547846376916327,0.0037547846376916327,0.25666001543929434,0.0038095793755212326,0.0038095793755212326,fit
Slab_733,/home/jinsookim/HEA_MC/PtPdRhRuIr/cgcnn/root_dir/Slab_733.cif,0.2374010933333329,slab111,54,108,54.0,0.23941442085902787,-0.002013327525694969,0.002013327525694969,0.23964507741783114,-0.002243984084498246,0.002243984084498246,fit
Slab_734,/home/jinsookim/HEA_MC/PtPdRhRuIr/cgcnn/root_dir/Slab_734.cif,0.2574372331481485,slab111,54,108,54.0,0.26004389677443,-0.0026066636262815357,0.0026066636262815357,0.26025276885765436,-0.0028155357095058786,0.0028155357095058786,fit
Slab_735,/home/jinsookim/HEA_MC/PtPdRhRuIr/cgcnn/root_dir/Slab_735.cif,0.24832455074074058,slab111,54,108,54.0,0.2444526504539754,0.0038719002867651786,0.0038719002867651786,0.2447715664245775,0.003552984316163077,0.003552984316163077,fit
Slab_736,/home/jinsookim/HEA_MC/PtPdRhRuIr/cgcnn/root_dir/Slab_736.cif,0.2523270011111118,slab111,54,108,54.0,0.2511783894648413,0.0011486116462705032,0.0011486116462705032,0.2512884043828438,0.0010385967282680042,0.0010385967282680042,fit
Slab_737,/home/jinsookim/HEA_MC/PtPdRhRuIr/cgcnn/root_dir/Slab_737.cif,0.25574424129629636,slab111,54,108,54.0,0.25226844170836865,0.003475799587927708,0.003475799587927708,0.2526253868598535,0.003118854436442886,0.003118854436442886,fit
Slab_738,/home/jinsookim/HEA_MC/PtPdRhRuIr/cgcnn/root_dir/Slab_738.cif,0.2750261774074082,slab111,54,108,54.0,0.27262597839928443,0.002400199008123771,0.002400199008123771,0.27236652648207393,0.002659650925334267,0.002659650925334267,holdout
Slab_739,/home/jinsookim/HEA_MC/PtPdRhRuIr/cgcnn/root_dir/Slab_739.cif,0.29657371037037106,slab111,54,108,54.0,0.295819833838883,0.0007538765314880624,0.0007538765314880624,0.2955843662899627,0.0009893440804083498,0.0009893440804083498,holdout
Slab_740,/home/jinsookim/HEA_MC/PtPdRhRuIr/cgcnn/root_dir/Slab_740.cif,0.24989490481481494,slab111,54,108,54.0,0.25003693002917604,-0.00014202521436110227,0.00014202521436110227,0.2499892333330503,-9.432851823534816e-05,9.432851823534816e-05,fit
Slab_741,/home/jinsookim/HEA_MC/PtPdRhRuIr/cgcnn/root_dir/Slab_741.cif,0.3152186942592594,slab111,54,108,54.0,0.31587370030548934,-0.0006550060462299223,0.0006550060462299223,0.3161800818083359,-0.0009613875490764867,0.0009613875490764867,fit
Slab_742,/home/jinsookim/HEA_MC/PtPdRhRuIr/cgcnn/root_dir/Slab_742.cif,0.2304317938888887,slab111,54,108,54.0,0.23039981660985925,3.19772790294548e-05,3.19772790294548e-05,0.23061553079813707,-0.00018373690924836095,0.00018373690924836095,fit
Slab_743,/home/jinsookim/HEA_MC/PtPdRhRuIr/cgcnn/root_dir/Slab_743.cif,0.25894093888888814,slab111,54,108,54.0,0.25785644081988884,0.0010844980689992956,0.0010844980689992956,0.257832632231022,0.0011083066578661538,0.0011083066578661538,fit
Slab_744,/home/jinsookim/HEA_MC/PtPdRhRuIr/cgcnn/root_dir/Slab_744.cif,0.2495273468518517,slab111,54,108,54.0,0.2550250168894369,-0.005497670037585195,0.005497670037585195,0.255380155328728,-0.005852808476876276,0.005852808476876276,holdout
Slab_745,/home/jinsookim/HEA_MC/PtPdRhRuIr/cgcnn/root_dir/Slab_745.cif,0.2518948296296291,slab111,54,108,54.0,0.25718825577966486,-0.0052934261500357516,0.0052934261500357516,0.25717122854652763,-0.005276398916898517,0.005276398916898517,fit
Slab_746,/home/jinsookim/HEA_MC/PtPdRhRuIr/cgcnn/root_dir/Slab_746.cif,0.28225065796296334,slab111,54,108,54.0,0.2844536584633471,-0.002203000500383745,0.002203000500383745,0.2844165305740895,-0.002165872611126163,0.002165872611126163,fit
Slab_747,/home/jinsookim/HEA_MC/PtPdRhRuIr/cgcnn/root_dir/Slab_747.cif,0.21927060277777677,slab111,54,108,54.0,0.2207517057301121,-0.0014811029523353336,0.0014811029523353336,0.2210851102323377,-0.0018145074545609374,0.0018145074545609374,fit
Slab_748,/home/jinsookim/HEA_MC/PtPdRhRuIr/cgcnn/root_dir/Slab_748.cif,0.22647597444444467,slab111,54,108,54.0,0.23277942427975365,-0.006303449835308977,0.006303449835308977,0.2326289797450255,-0.006153005300580827,0.006153005300580827,fit
Slab_749,/home/jinsookim/HEA_MC/PtPdRhRuIr/cgcnn/root_dir/Slab_749.cif,0.2274470374074082,slab111,54,108,54.0,0.23111121626047088,-0.0036641788530626662,0.0036641788530626662,0.23114517955529848,-0.003698142147890271,0.003698142147890271,fit
Slab_750,/home/jinsookim/HEA_MC/PtPdRhRuIr/cgcnn/root_dir/Slab_750.cif,0.20930667870370326,slab111,54,108,54.0,0.2115613448460602,-0.002254666142356948,0.002254666142356948,0.21153777141441998,-0.0022310927107167255,0.0022310927107167255,fit
Slab_751,/home/jinsookim/HEA_MC/PtPdRhRuIr/cgcnn/root_dir/Slab_751.cif,0.23400892277777846,slab111,54,108,54.0,0.23355769777481253,0.0004512250029659326,0.0004512250029659326,0.23349890050107075,0.0005100222767077112,0.0005100222767077112,holdout
Slab_752,/home/jinsookim/HEA_MC/PtPdRhRuIr/cgcnn/root_dir/Slab_752.cif,0.2264432696296305,slab111,54,108,54.0,0.22709642763618745,-0.0006531580065569642,0.0006531580065569642,0.22714359435552048,-0.0007003247258899892,0.0007003247258899892,fit
Slab_753,/home/jinsookim/HEA_MC/PtPdRhRuIr/cgcnn/root_dir/Slab_753.cif,0.27380340703703715,slab111,54,108,54.0,0.2742519124466281,-0.0004485054095909602,0.0004485054095909602,0.2742876187431423,-0.000484211706105131,0.000484211706105131,fit
Slab_754,/home/jinsookim/HEA_MC/PtPdRhRuIr/cgcnn/root_dir/Slab_754.cif,0.22795565592592745,slab111,54,108,54.0,0.22802192335692195,-6.626743099449883e-05,6.626743099449883e-05,0.22807460169309715,-0.00011894576716969807,0.00011894576716969807,fit
Slab_755,/home/jinsookim/HEA_MC/PtPdRhRuIr/cgcnn/root_dir/Slab_755.cif,0.24318717240740811,slab111,54,108,54.0,0.24404086990298807,-0.0008536974955799526,0.0008536974955799526,0.24402876919710623,-0.0008415967896981125,0.0008415967896981125,holdout
Slab_756,/home/jinsookim/HEA_MC/PtPdRhRuIr/cgcnn/root_dir/Slab_756.cif,0.25852153537037054,slab111,54,108,54.0,0.2613521857040101,-0.0028306503336395505,0.0028306503336395505,0.26183726842830357,-0.0033157330579330346,0.0033157330579330346,fit
Slab_757,/home/jinsookim/HEA_MC/PtPdRhRuIr/cgcnn/root_dir/Slab_757.cif,0.2654595685185181,slab111,54,108,54.0,0.2610618850884506,0.004397683430067523,0.004397683430067523,0.2609852456548509,0.004474322863667224,0.004474322863667224,fit
Slab_758,/home/jinsookim/HEA_MC/PtPdRhRuIr/cgcnn/root_dir/Slab_758.cif,0.262481656481481,slab111,54,108,54.0,0.25746241284982063,0.005019243631660342,0.005019243631660342,0.257309194024282,0.00517246245719899,0.00517246245719899,fit
Slab_759,/home/jinsookim/HEA_MC/PtPdRhRuIr/cgcnn/root_dir/Slab_759.cif,0.258563475000001,slab111,54,108,54.0,0.2548375372606172,0.003725937739383789,0.003725937739383789,0.25481514800701927,0.003748326992981721,0.003748326992981721,fit
Slab_760,/home/jinsookim/HEA_MC/PtPdRhRuIr/cgcnn/root_dir/Slab_760.cif,0.23675994648148183,slab111,54,108,54.0,0.23702279491964212,-0.0002628484381602958,0.0002628484381602958,0.23730497028834852,-0.0005450238068666902,0.0005450238068666902,fit
Slab_761,/home/jinsookim/HEA_MC/PtPdRhRuIr/cgcnn/root_dir/Slab_761.cif,0.2569316500000011,slab111,54,108,54.0,0.2583114775471353,-0.0013798275471341714,0.0013798275471341714,0.25839535527181257,-0.001463705271811444,0.001463705271811444,fit
Slab_762,/home/jinsookim/HEA_MC/PtPdRhRuIr/cgcnn/root_dir/Slab_762.cif,0.2205018914814816,slab111,54,108,54.0,0.21834394773571675,0.002157943745764862,0.002157943745764862,0.2184611174569423,0.0020407740245393102,0.0020407740245393102,fit
Slab_763,/home/jinsookim/HEA_MC/PtPdRhRuIr/cgcnn/root_dir/Slab_763.cif,0.26055083851851757,slab111,54,108,54.0,0.26160358526102906,-0.00105274674251149,0.00105274674251149,0.2618682275949735,-0.0013173890764559548,0.0013173890764559548,fit
Slab_764,/home/jinsookim/HEA_MC/PtPdRhRuIr/cgcnn/root_dir/Slab_764.cif,0.29093254666666774,slab111,54,108,54.0,0.2891059444791789,0.0018266021874888128,0.0018266021874888128,0.2893869893072259,0.0015455573594418404,0.0015455573594418404,fit
Slab_765,/home/jinsookim/HEA_MC/PtPdRhRuIr/cgcnn/root_dir/Slab_765.cif,0.2586298588888888,slab111,54,108,54.0,0.2638347214999666,-0.005204862611077832,0.005204862611077832,0.2634268536929703,-0.0047969948040815225,0.0047969948040815225,fit
Slab_766,/home/jinsookim/HEA_MC/PtPdRhRuIr/cgcnn/root_dir/Slab_766.cif,0.24599095592592513,slab111,54,108,54.0,0.25361694883587876,-0.007625992909953638,0.007625992909953638,0.2539545809805957,-0.007963625054670576,0.007963625054670576,holdout
Slab_767,/home/jinsookim/HEA_MC/PtPdRhRuIr/cgcnn/root_dir/Slab_767.cif,0.22778026870370408,slab111,54,108,54.0,0.23264070288292815,-0.004860434179224077,0.004860434179224077,0.23286004449060604,-0.005079775786901969,0.005079775786901969,fit
Slab_768,/home/jinsookim/HEA_MC/PtPdRhRuIr/cgcnn/root_dir/Slab_768.cif,0.2589520581481479,slab111,54,108,54.0,0.25827682305861155,0.0006752350895363746,0.0006752350895363746,0.25865042565871516,0.0003016324894327682,0.0003016324894327682,fit
Slab_769,/home/jinsookim/HEA_MC/PtPdRhRuIr/cgcnn/root_dir/Slab_769.cif,0.2472886733333334,slab111,54,108,54.0,0.249748812223717,-0.002460138890383601,0.002460138890383601,0.24946722273234956,-0.0021785493990161553,0.0021785493990161553,fit
Slab_770,/home/jinsookim/HEA_MC/PtPdRhRuIr/cgcnn/root_dir/Slab_770.cif,0.2584611390740745,slab111,54,108,54.0,0.2595325539327255,-0.001071414858651032,0.001071414858651032,0.25988173450370883,-0.0014205954296343526,0.0014205954296343526,fit
Slab_771,/home/jinsookim/HEA_MC/PtPdRhRuIr/cgcnn/root_dir/Slab_771.cif,0.2317508890740751,slab111,54,108,54.0,0.2328631596053316,-0.0011122705312565095,0.0011122705312565095,0.23297218480959495,-0.0012212957355198506,0.0012212957355198506,fit
Slab_772,/home/jinsookim/HEA_MC/PtPdRhRuIr/cgcnn/root_dir/Slab_772.cif,0.25811628722222174,slab111,54,108,54.0,0.253444836668229,0.004671450553992762,0.004671450553992762,0.2532290297486006,0.0048872574736211205,0.0048872574736211205,fit
Slab_773,/home/jinsookim/HEA_MC/PtPdRhRuIr/cgcnn/root_dir/Slab_773.cif,0.28641640333333385,slab111,54,108,54.0,0.2858398069609075,0.0005765963724263523,0.0005765963724263523,0.28561924197529404,0.0007971613580398107,0.0007971613580398107,fit
Slab_774,/home/jinsookim/HEA_MC/PtPdRhRuIr/cgcnn/root_dir/Slab_774.cif,0.2500404788888899,slab111,54,108,54.0,0.2540792717737383,-0.0040387928848483745,0.0040387928848483745,0.2538842132115512,-0.003843734322661274,0.003843734322661274,fit
Slab_775,/home/jinsookim/HEA_MC/PtPdRhRuIr/cgcnn/root_dir/Slab_775.cif,0.240716990925925,slab111,54,108,54.0,0.23845550574840313,0.002261485177521866,0.002261485177521866,0.23875677341478235,0.0019602175111426423,0.0019602175111426423,fit
Slab_776,/home/jinsookim/HEA_MC/PtPdRhRuIr/cgcnn/root_dir/Slab_776.cif,0.26843044388888765,slab111,54,108,54.0,0.26439502621176625,0.0040354176771214,0.0040354176771214,0.26462242462555485,0.003808019263332796,0.003808019263332796,fit
Slab_777,/home/jinsookim/HEA_MC/PtPdRhRuIr/cgcnn/root_dir/Slab_777.cif,0.2945953574074083,slab111,54,108,54.0,0.2915674051048721,0.003027952302536163,0.003027952302536163,0.2913946096073704,0.003200747800037873,0.003200747800037873,fit
Slab_778,/home/jinsookim/HEA_MC/PtPdRhRuIr/cgcnn/root_dir/Slab_778.cif,0.3090163203703711,slab111,54,108,54.0,0.3034269490527016,0.005589371317669456,0.005589371317669456,0.30366765488985825,0.005348665480512826,0.005348665480512826,fit
Slab_779,/home/jinsookim/HEA_MC/PtPdRhRuIr/cgcnn/root_dir/Slab_779.cif,0.29039374981481575,slab111,54,108,54.0,0.28637019742478437,0.004023552390031382,0.004023552390031382,0.28627081945024885,0.004122930364566901,0.004122930364566901,fit
Slab_780,/home/jinsookim/HEA_MC/PtPdRhRuIr/cgcnn/root_dir/Slab_780.cif,0.24626100555555666,slab111,54,108,54.0,0.24915108720276793,-0.0028900816472112734,0.0028900816472112734,0.24907154603149903,-0.002810540475942369,0.002810540475942369,fit
Slab_781,/home/jinsookim/HEA_MC/PtPdRhRuIr/cgcnn/root_dir/Slab_781.cif,0.290152745370371,slab111,54,108,54.0,0.2873498632236185,0.0028028821467525056,0.0028028821467525056,0.2877086066031871,0.002444138767183912,0.002444138767183912,fit
Slab_782,/home/jinsookim/HEA_MC/PtPdRhRuIr/cgcnn/root_dir/Slab_782.cif,0.24175078481481563,slab111,54,108,54.0,0.24030530352440502,0.0014454812904106107,0.0014454812904106107,0.24040867045224026,0.001342114362575364,0.001342114362575364,fit
Slab_783,/home/jinsookim/HEA_MC/PtPdRhRuIr/cgcnn/root_dir/Slab_783.cif,0.22090798185185126,slab111,54,108,54.0,0.22002810634025502,0.0008798755115962398,0.0008798755115962398,0.21994878512578633,0.0009591967260649259,0.0009591967260649259,fit
Slab_784,/home/jinsookim/HEA_MC/PtPdRhRuIr/cgcnn/root_dir/Slab_784.cif,0.2596558022222226,slab111,54,108,54.0,0.2576721923487536,0.0019836098734690166,0.0019836098734690166,0.2575673856875009,0.002088416534721693,0.002088416534721693,fit
Slab_785,/home/jinsookim/HEA_MC/PtPdRhRuIr/cgcnn/root_dir/Slab_785.cif,0.2534671246296301,slab111,54,108,54.0,0.2531761665460896,0.00029095808354051567,0.00029095808354051567,0.2530318772890815,0.0004352473405486168,0.0004352473405486168,fit
Slab_786,/home/jinsookim/HEA_MC/PtPdRhRuIr/cgcnn/root_dir/Slab_786.cif,0.2759313651851848,slab111,54,108,54.0,0.2719386395869352,0.003992725598249591,0.003992725598249591,0.27202066991973867,0.003910695265446129,0.003910695265446129,fit
Slab_787,/home/jinsookim/HEA_MC/PtPdRhRuIr/cgcnn/root_dir/Slab_787.cif,0.27354557148148234,slab111,54,108,54.0,0.2708961699395102,0.0026494015419721295,0.0026494015419721295,0.27104860709462647,0.002496964386855871,0.002496964386855871,fit
Slab_788,/home/jinsookim/HEA_MC/PtPdRhRuIr/cgcnn/root_dir/Slab_788.cif,0.23784759851851808,slab111,54,108,54.0,0.24053085799193125,-0.002683259473413163,0.002683259473413163,0.2407875801324401,-0.0029399816139220047,0.0029399816139220047,holdout
Slab_789,/home/jinsookim/HEA_MC/PtPdRhRuIr/cgcnn/root_dir/Slab_789.cif,0.24891237425925986,slab111,54,108,54.0,0.25022054786683917,-0.001308173607579316,0.001308173607579316,0.2502371725280555,-0.0013247982687956406,0.0013247982687956406,holdout
Slab_790,/home/jinsookim/HEA_MC/PtPdRhRuIr/cgcnn/root_dir/Slab_790.cif,0.2607333312962962,slab111,54,108,54.0,0.2638388710354503,-0.003105539739154062,0.003105539739154062,0.26395958477318043,-0.003226253476884211,0.003226253476884211,fit
Slab_791,/home/jinsookim/HEA_MC/PtPdRhRuIr/cgcnn/root_dir/Slab_791.cif,0.279315625,slab111,54,108,54.0,0.2768867826837746,0.0024288423162254213,0.0024288423162254213,0.2771253276836966,0.0021902973163034356,0.0021902973163034356,fit
Slab_792,/home/jinsookim/HEA_MC/PtPdRhRuIr/cgcnn/root_dir/Slab_792.cif,0.2512860562962963,slab111,54,108,54.0,0.25017467077757494,0.001111385518721364,0.001111385518721364,0.2504163852096886,0.0008696710866076818,0.0008696710866076818,fit
Slab_793,/home/jinsookim/HEA_MC/PtPdRhRuIr/cgcnn/root_dir/Slab_793.cif,0.2608372368518501,slab111,54,108,54.0,0.2608455006113734,-8.263759523285952e-06,8.263759523285952e-06,0.2610034344443835,-0.00016619759253339028,0.00016619759253339028,fit
Slab_794,/home/jinsookim/HEA_MC/PtPdRhRuIr/cgcnn/root_dir/Slab_794.cif,0.2521418333333343,slab111,54,108,54.0,0.2503548126326448,0.001787020700689479,0.001787020700689479,0.2502657438824123,0.0018760894509219916,0.0018760894509219916,fit
Slab_795,/home/jinsookim/HEA_MC/PtPdRhRuIr/cgcnn/root_dir/Slab_795.cif,0.28953886592592604,slab111,54,108,54.0,0.28951095708914953,2.7908836776502355e-05,2.7908836776502355e-05,0.2894313699191526,0.00010749600677345539,0.00010749600677345539,fit
Slab_796,/home/jinsookim/HEA_MC/PtPdRhRuIr/cgcnn/root_dir/Slab_796.cif,0.2547002424074073,slab111,54,108,54.0,0.2573763676136247,-0.0026761252062174057,0.0026761252062174057,0.25694612030133035,-0.002245877893923054,0.002245877893923054,fit
Slab_797,/home/jinsookim/HEA_MC/PtPdRhRuIr/cgcnn/root_dir/Slab_797.cif,0.26258374796296274,slab111,54,108,54.0,0.26242435879900033,0.00015938916396240899,0.00015938916396240899,0.26227855988279236,0.0003051880801703821,0.0003051880801703821,fit
Slab_798,/home/jinsookim/HEA_MC/PtPdRhRuIr/cgcnn/root_dir/Slab_798.cif,0.24200883129629627,slab111,54,108,54.0,0.24439515986903726,-0.0023863285727409866,0.0023863285727409866,0.24496100466025006,-0.002952173363953786,0.002952173363953786,holdout
Slab_799,/home/jinsookim/HEA_MC/PtPdRhRuIr/cgcnn/root_dir/Slab_799.cif,0.2202383494444449,slab111,54,108,54.0,0.22173832920482395,-0.00149997976037905,0.00149997976037905,0.22201986571524027,-0.0017815162707953691,0.0017815162707953691,fit
Slab_800,/home/jinsookim/HEA_MC/PtPdRhRuIr/cgcnn/root_dir/Slab_800.cif,0.24533501870370364,slab111,54,108,54.0,0.24346846316369336,0.0018665555400102785,0.0018665555400102785,0.24367044050829506,0.001664578195408578,0.001664578195408578,fit
Slab_801,/home/jinsookim/HEA_MC/PtPdRhRuIr/cgcnn/root_dir/Slab_801.cif,0.2537305944444441,slab111,54,108,54.0,0.25382557265871414,-9.497821427001396e-05,9.497821427001396e-05,0.25399171666756326,-0.0002611222231191368,0.0002611222231191368,fit
Slab_802,/home/jinsookim/HEA_MC/PtPdRhRuIr/cgcnn/root_dir/Slab_802.cif,0.2949157920370369,slab111,54,108,54.0,0.2951495138424723,-0.0002337218054354051,0.0002337218054354051,0.29505328660645075,-0.00013749456941386518,0.00013749456941386518,fit
Slab_803,/home/jinsookim/HEA_MC/PtPdRhRuIr/cgcnn/root_dir/Slab_803.cif,0.2685921948148154,slab111,54,108,54.0,0.26560698125927606,0.0029852135555393233,0.0029852135555393233,0.2657906511954441,0.002801543619371294,0.002801543619371294,fit
Slab_804,/home/jinsookim/HEA_MC/PtPdRhRuIr/cgcnn/root_dir/Slab_804.cif,0.2540049209259265,slab111,54,108,54.0,0.25478286863397626,-0.000777947708049731,0.000777947708049731,0.2547522690274985,-0.0007473481015719541,0.0007473481015719541,fit
Slab_805,/home/jinsookim/HEA_MC/PtPdRhRuIr/cgcnn/root_dir/Slab_805.cif,0.29760825666666596,slab111,54,108,54.0,0.29741208726987245,0.00019616939679351075,0.00019616939679351075,0.29774933168804696,-0.0001410750213809986,0.0001410750213809986,holdout
Slab_806,/home/jinsookim/HEA_MC/PtPdRhRuIr/cgcnn/root_dir/Slab_806.cif,0.28595717796296355,slab111,54,108,54.0,0.27953168177112364,0.006425496191839908,0.006425496191839908,0.27925883206192653,0.006698345901037017,0.006698345901037017,fit
Slab_807,/home/jinsookim/HEA_MC/PtPdRhRuIr/cgcnn/root_dir/Slab_807.cif,0.28802887592592624,slab111,54,108,54.0,0.28755379112159013,0.0004750848043361122,0.0004750848043361122,0.2873554186843834,0.0006734572415428297,0.0006734572415428297,fit
Slab_808,/home/jinsookim/HEA_MC/PtPdRhRuIr/cgcnn/root_dir/Slab_808.cif,0.312982759629629,slab111,54,108,54.0,0.30874734838953155,0.004235411240097464,0.004235411240097464,0.30896639273761844,0.00401636689201057,0.00401636689201057,fit
Slab_809,/home/jinsookim/HEA_MC/PtPdRhRuIr/cgcnn/root_dir/Slab_809.cif,0.26019818777777776,slab111,54,108,54.0,0.26363346739719073,-0.0034352796194129787,0.0034352796194129787,0.2626002373057341,-0.0024020495279563625,0.0024020495279563625,fit
Slab_810,/home/jinsookim/HEA_MC/PtPdRhRuIr/cgcnn/root_dir/Slab_810.cif,0.2413065318518519,slab111,54,108,54.0,0.24505589381475432,-0.0037493619629024033,0.0037493619629024033,0.24501398304502583,-0.003707451193173922,0.003707451193173922,fit
Slab_811,/home/jinsookim/HEA_MC/PtPdRhRuIr/cgcnn/root_dir/Slab_811.cif,0.2276525787037037,slab111,54,108,54.0,0.23099048360679825,-0.0033379049030945462,0.0033379049030945462,0.23114278262822513,-0.003490203924521429,0.003490203924521429,fit
Slab_812,/home/jinsookim/HEA_MC/PtPdRhRuIr/cgcnn/root_dir/Slab_812.cif,0.23308067370370342,slab111,54,108,54.0,0.23132108169853308,0.0017595920051703406,0.0017595920051703406,0.2313148154770876,0.0017658582266158185,0.0017658582266158185,fit
Slab_813,/home/jinsookim/HEA_MC/PtPdRhRuIr/cgcnn/root_dir/Slab_813.cif,0.25891868851851785,slab111,54,108,54.0,0.2610000203371561,-0.0020813318186382324,0.0020813318186382324,0.26128545192391545,-0.0023667634053975983,0.0023667634053975983,holdout
Slab_814,/home/jinsookim/HEA_MC/PtPdRhRuIr/cgcnn/root_dir/Slab_814.cif,0.288188225,slab111,54,108,54.0,0.2868025213588753,0.0013857036411247248,0.0013857036411247248,0.28728976430616854,0.0008984606938314821,0.0008984606938314821,fit
Slab_815,/home/jinsookim/HEA_MC/PtPdRhRuIr/cgcnn/root_dir/Slab_815.cif,0.25209353018518577,slab111,54,108,54.0,0.2509574719293109,0.0011360582558748722,0.0011360582558748722,0.25097541107452587,0.0011181191106598987,0.0011181191106598987,fit
Slab_816,/home/jinsookim/HEA_MC/PtPdRhRuIr/cgcnn/root_dir/Slab_816.cif,0.2289056355555551,slab111,54,108,54.0,0.23470993290045483,-0.005804297344899734,0.005804297344899734,0.23456163988008968,-0.005656004324534586,0.005656004324534586,fit
Slab_817,/home/jinsookim/HEA_MC/PtPdRhRuIr/cgcnn/root_dir/Slab_817.cif,0.2678387542592599,slab111,54,108,54.0,0.2657910061763526,0.002047748082907308,0.002047748082907308,0.2656594513952896,0.0021793028639702783,0.0021793028639702783,fit
Slab_818,/home/jinsookim/HEA_MC/PtPdRhRuIr/cgcnn/root_dir/Slab_818.cif,0.2771866231481481,slab111,54,108,54.0,0.27386073272535655,0.0033258904227915775,0.0033258904227915775,0.2737138896923277,0.0034727334558204426,0.0034727334558204426,fit
Slab_819,/home/jinsookim/HEA_MC/PtPdRhRuIr/cgcnn/root_dir/Slab_819.cif,0.2690616574074067,slab111,54,108,54.0,0.2630122070220053,0.006049450385401389,0.006049450385401389,0.2633303932325427,0.00573126417486397,0.00573126417486397,fit
Slab_820,/home/jinsookim/HEA_MC/PtPdRhRuIr/cgcnn/root_dir/Slab_820.cif,0.23585443851851867,slab111,54,108,54.0,0.2393858256943026,-0.00353138717578394,0.00353138717578394,0.2400397936221895,-0.004185355103670824,0.004185355103670824,holdout
Slab_821,/home/jinsookim/HEA_MC/PtPdRhRuIr/cgcnn/root_dir/Slab_821.cif,0.2472940364814812,slab111,54,108,54.0,0.24077829279025306,0.0065157436912281486,0.0065157436912281486,0.24060445657574808,0.0066895799057331284,0.0066895799057331284,fit
Slab_822,/home/jinsookim/HEA_MC/PtPdRhRuIr/cgcnn/root_dir/Slab_822.cif,0.21777901111111142,slab111,54,108,54.0,0.21934399481094766,-0.0015649836998362365,0.0015649836998362365,0.21939514552118536,-0.0016161344100739383,0.0016161344100739383,fit
Slab_823,/home/jinsookim/HEA_MC/PtPdRhRuIr/cgcnn/root_dir/Slab_823.cif,0.2675031174074065,slab111,54,108,54.0,0.2637437830527795,0.0037593343546269975,0.0037593343546269975,0.2636391393799237,0.003863978027482784,0.003863978027482784,fit
Slab_824,/home/jinsookim/HEA_MC/PtPdRhRuIr/cgcnn/root_dir/Slab_824.cif,0.24742447407407375,slab111,54,108,54.0,0.24684685729929037,0.0005776167747833794,0.0005776167747833794,0.24703502930582713,0.0003894447682466218,0.0003894447682466218,fit
Slab_825,/home/jinsookim/HEA_MC/PtPdRhRuIr/cgcnn/root_dir/Slab_825.cif,0.2770073957407406,slab111,54,108,54.0,0.27419726906218356,0.0028101266785570678,0.0028101266785570678,0.27427062472461083,0.002736771016129791,0.002736771016129791,fit
Slab_826,/home/jinsookim/HEA_MC/PtPdRhRuIr/cgcnn/root_dir/Slab_826.cif,0.2555158868518506,slab111,54,108,54.0,0.26288805000271276,-0.007372163150862143,0.007372163150862143,0.2628306204865112,-0.007314733634660564,0.007314733634660564,fit
Slab_827,/home/jinsookim/HEA_MC/PtPdRhRuIr/cgcnn/root_dir/Slab_827.cif,0.28078673240740826,slab111,54,108,54.0,0.2756276526305578,0.005159079776850484,0.005159079776850484,0.27528881390185506,0.005497918505553201,0.005497918505553201,fit
Slab_828,/home/jinsookim/HEA_MC/PtPdRhRuIr/cgcnn/root_dir/Slab_828.cif,0.23868751907407512,slab111,54,108,54.0,0.2389287509142781,-0.00024123184020297117,0.00024123184020297117,0.2390001841708667,-0.0003126650967915645,0.0003126650967915645,holdout
Slab_829,/home/jinsookim/HEA_MC/PtPdRhRuIr/cgcnn/root_dir/Slab_829.cif,0.2487807175925925,slab111,54,108,54.0,0.24883464209786715,-5.392450527466619e-05,5.392450527466619e-05,0.24912797297218328,-0.000347255379590794,0.000347255379590794,fit
Slab_830,/home/jinsookim/HEA_MC/PtPdRhRuIr/cgcnn/root_dir/Slab_830.cif,0.2791025012962949,slab111,54,108,54.0,0.28262644042978324,-0.003523939133488363,0.003523939133488363,0.283008219202639,-0.0039057179063441416,0.0039057179063441416,fit
Slab_831,/home/jinsookim/HEA_MC/PtPdRhRuIr/cgcnn/root_dir/Slab_831.cif,0.25784122092592604,slab111,54,108,54.0,0.25418333322943926,0.0036578876964867835,0.0036578876964867835,0.25435216489431584,0.003489056031610205,0.003489056031610205,fit
Slab_832,/home/jinsookim/HEA_MC/PtPdRhRuIr/cgcnn/root_dir/Slab_832.cif,0.22568644981481506,slab111,54,108,54.0,0.22708558840913548,-0.0013991385943204204,0.0013991385943204204,0.22698698072669768,-0.0013005309118826192,0.0013005309118826192,fit
Slab_833,/home/jinsookim/HEA_MC/PtPdRhRuIr/cgcnn/root_dir/Slab_833.cif,0.25602009759259237,slab111,54,108,54.0,0.2536291596805283,0.002390937912064073,0.002390937912064073,0.25360022263873183,0.0024198749538605346,0.0024198749538605346,fit
Slab_834,/home/jinsookim/HEA_MC/PtPdRhRuIr/cgcnn/root_dir/Slab_834.cif,0.2280563794444443,slab111,54,108,54.0,0.22669822843369503,0.0013581510107492645,0.0013581510107492645,0.2269920611290151,0.0010643183154291913,0.0010643183154291913,fit
Slab_835,/home/jinsookim/HEA_MC/PtPdRhRuIr/cgcnn/root_dir/Slab_835.cif,0.2611611927777778,slab111,54,108,54.0,0.25920232668427906,0.0019588660934987123,0.0019588660934987123,0.2589472576340476,0.0022139351437301946,0.0022139351437301946,fit
Slab_836,/home/jinsookim/HEA_MC/PtPdRhRuIr/cgcnn/root_dir/Slab_836.cif,0.26208035574074035,slab111,54,108,54.0,0.2590627860944724,0.003017569646267926,0.003017569646267926,0.2592656830261491,0.0028146727145912376,0.0028146727145912376,fit
Slab_837,/home/jinsookim/HEA_MC/PtPdRhRuIr/cgcnn/root_dir/Slab_837.cif,0.2308703687037042,slab111,54,108,54.0,0.23192522248006897,-0.0010548537763647725,0.0010548537763647725,0.23198949996601884,-0.0011191312623146377,0.0011191312623146377,fit
Slab_838,/home/jinsookim/HEA_MC/PtPdRhRuIr/cgcnn/root_dir/Slab_838.cif,0.2789952542592605,slab111,54,108,54.0,0.28249481642697655,-0.003499562167716075,0.003499562167716075,0.28270347756171377,-0.003708223302453295,0.003708223302453295,holdout
Slab_839,/home/jinsookim/HEA_MC/PtPdRhRuIr/cgcnn/root_dir/Slab_839.cif,0.2894883220370361,slab111,54,108,54.0,0.289673442994177,-0.00018512095714090515,0.00018512095714090515,0.2897012495203659,-0.0002129274833297945,0.0002129274833297945,fit
Slab_840,/home/jinsookim/HEA_MC/PtPdRhRuIr/cgcnn/root_dir/Slab_840.cif,0.24786106074074188,slab111,54,108,54.0,0.24497641968100525,0.0028846410597366257,0.0028846410597366257,0.24536321182825885,0.0024978489124830305,0.0024978489124830305,fit
Slab_841,/home/jinsookim/HEA_MC/PtPdRhRuIr/cgcnn/root_dir/Slab_841.cif,0.25504954370370464,slab111,54,108,54.0,0.26046574197166433,-0.005416198267959693,0.005416198267959693,0.26014580547480365,-0.005096261771099009,0.005096261771099009,fit
Slab_842,/home/jinsookim/HEA_MC/PtPdRhRuIr/cgcnn/root_dir/Slab_842.cif,0.2746576120370363,slab111,54,108,54.0,0.2729410714455922,0.0017165405914441045,0.0017165405914441045,0.27265218191871904,0.002005430118317275,0.002005430118317275,fit
Slab_843,/home/jinsookim/HEA_MC/PtPdRhRuIr/cgcnn/root_dir/Slab_843.cif,0.25505373796296266,slab111,54,108,54.0,0.25605968468101453,-0.0010059467180518755,0.0010059467180518755,0.25612165686063676,-0.0010679188976741028,0.0010679188976741028,fit
Slab_844,/home/jinsookim/HEA_MC/PtPdRhRuIr/cgcnn/root_dir/Slab_844.cif,0.25670022499999984,slab111,54,108,54.0,0.25804255520722097,-0.0013423302072211318,0.0013423302072211318,0.2579666759390747,-0.001266450939074848,0.001266450939074848,fit
Slab_845,/home/jinsookim/HEA_MC/PtPdRhRuIr/cgcnn/root_dir/Slab_845.cif,0.2762272587037042,slab111,54,108,54.0,0.274626082119152,0.0016011765845521664,0.0016011765845521664,0.27436784369627853,0.0018594150074256466,0.0018594150074256466,fit
Slab_846,/home/jinsookim/HEA_MC/PtPdRhRuIr/cgcnn/root_dir/Slab_846.cif,0.2326064562962971,slab111,54,108,54.0,0.23363735640622754,-0.0010309001099304549,0.0010309001099304549,0.2335465995223602,-0.0009401432260631171,0.0009401432260631171,fit
Slab_847,/home/jinsookim/HEA_MC/PtPdRhRuIr/cgcnn/root_dir/Slab_847.cif,0.26143645203703686,slab111,54,108,54.0,0.2632357751919918,-0.001799323154954957,0.001799323154954957,0.263481003476991,-0.0020445514399541342,0.0020445514399541342,holdout
Slab_848,/home/jinsookim/HEA_MC/PtPdRhRuIr/cgcnn/root_dir/Slab_848.cif,0.2621736703703711,slab111,54,108,54.0,0.26517709397578004,-0.0030034236054089503,0.0030034236054089503,0.26510490480654153,-0.002931234436170438,0.002931234436170438,fit
Slab_849,/home/jinsookim/HEA_MC/PtPdRhRuIr/cgcnn/root_dir/Slab_849.cif,0.24387256388888862,slab111,54,108,54.0,0.24342138151612097,0.0004511823727676445,0.0004511823727676445,0.24376192112127346,0.00011064276761516001,0.00011064276761516001,holdout
Slab_850,/home/jinsookim/HEA_MC/PtPdRhRuIr/cgcnn/root_dir/Slab_850.cif,0.2961579311111109,slab111,54,108,54.0,0.293602604724547,0.002555326386563861,0.002555326386563861,0.29320932051951426,0.002948610591596623,0.002948610591596623,fit
Slab_851,/home/jinsookim/HEA_MC/PtPdRhRuIr/cgcnn/root_dir/Slab_851.cif,0.2713031868518512,slab111,54,108,54.0,0.2757041021786109,-0.004400915326759736,0.004400915326759736,0.2758510958452482,-0.004547908993397021,0.004547908993397021,fit
Slab_852,/home/jinsookim/HEA_MC/PtPdRhRuIr/cgcnn/root_dir/Slab_852.cif,0.2600654053703703,slab111,54,108,54.0,0.26308078767721516,-0.003015382306844838,0.003015382306844838,0.26301139191700446,-0.0029459865466341384,0.0029459865466341384,fit
Slab_853,/home/jinsookim/HEA_MC/PtPdRhRuIr/cgcnn/root_dir/Slab_853.cif,0.24274914648148216,slab111,54,108,54.0,0.24159722649859464,0.0011519199828875226,0.0011519199828875226,0.2418214687342774,0.0009276777472047582,0.0009276777472047582,fit
Slab_854,/home/jinsookim/HEA_MC/PtPdRhRuIr/cgcnn/root_dir/Slab_854.cif,0.23308480000000031,slab111,54,108,54.0,0.23372757694364218,-0.0006427769436418707,0.0006427769436418707,0.23407141328802084,-0.0009866132880205214,0.0009866132880205214,fit
Slab_855,/home/jinsookim/HEA_MC/PtPdRhRuIr/cgcnn/root_dir/Slab_855.cif,0.26589595370370384,slab111,54,108,54.0,0.26619485471599585,-0.0002989010122920188,0.0002989010122920188,0.2660404131793169,-0.00014445947561309014,0.00014445947561309014,fit
Slab_856,/home/jinsookim/HEA_MC/PtPdRhRuIr/cgcnn/root_dir/Slab_856.cif,0.22295598870370428,slab111,54,108,54.0,0.21803675729553096,0.004919231408173325,0.004919231408173325,0.2183632887177495,0.004592699985954796,0.004592699985954796,fit
Slab_857,/home/jinsookim/HEA_MC/PtPdRhRuIr/cgcnn/root_dir/Slab_857.cif,0.21268179685185162,slab111,54,108,54.0,0.21945803936851868,-0.006776242516667058,0.006776242516667058,0.21945466481079237,-0.006772867958940748,0.006772867958940748,fit
Slab_858,/home/jinsookim/HEA_MC/PtPdRhRuIr/cgcnn/root_dir/Slab_858.cif,0.2676629753703697,slab111,54,108,54.0,0.26960281368629546,-0.001939838315925757,0.001939838315925757,0.2693018290787238,-0.0016388537083540933,0.0016388537083540933,fit
Slab_859,/home/jinsookim/HEA_MC/PtPdRhRuIr/cgcnn/root_dir/Slab_859.cif,0.23247893574074185,slab111,54,108,54.0,0.2296497218502218,0.0028292138905200437,0.0028292138905200437,0.23003820044892478,0.00244073529181707,0.00244073529181707,fit
Slab_860,/home/jinsookim/HEA_MC/PtPdRhRuIr/cgcnn/root_dir/Slab_860.cif,0.26852130296296334,slab111,54,108,54.0,0.26917329059586287,-0.0006519876328995311,0.0006519876328995311,0.2692748122991351,-0.0007535093361717426,0.0007535093361717426,holdout
Slab_861,/home/jinsookim/HEA_MC/PtPdRhRuIr/cgcnn/root_dir/Slab_861.cif,0.1992711424074074,slab111,54,108,54.0,0.195933541053808,0.0033376013535993954,0.0033376013535993954,0.19604757931256256,0.003223563094844839,0.003223563094844839,fit
Slab_862,/home/jinsookim/HEA_MC/PtPdRhRuIr/cgcnn/root_dir/Slab_862.cif,0.23151508611111057,slab111,54,108,54.0,0.23498368139079362,-0.0034685952796830455,0.0034685952796830455,0.2349178025809413,-0.00340271646983073,0.00340271646983073,holdout
Slab_863,/home/jinsookim/HEA_MC/PtPdRhRuIr/cgcnn/root_dir/Slab_863.cif,0.2821761250000002,slab111,54,108,54.0,0.28256315865825987,-0.0003870336582596501,0.0003870336582596501,0.2823432705591922,-0.0001671455591920057,0.0001671455591920057,fit
Slab_864,/home/jinsookim/HEA_MC/PtPdRhRuIr/cgcnn/root_dir/Slab_864.cif,0.30083819092592673,slab111,54,108,54.0,0.30150858989129675,-0.0006703989653700226,0.0006703989653700226,0.30162813927704285,-0.0007899483511161209,0.0007899483511161209,fit
Slab_865,/home/jinsookim/HEA_MC/PtPdRhRuIr/cgcnn/root_dir/Slab_865.cif,0.27268318444444406,slab111,54,108,54.0,0.27000984148563056,0.002673342958813496,0.002673342958813496,0.26996452844286284,0.002718656001581221,0.002718656001581221,fit
Slab_866,/home/jinsookim/HEA_MC/PtPdRhRuIr/cgcnn/root_dir/Slab_866.cif,0.26156544222222117,slab111,54,108,54.0,0.26563220537138404,-0.0040667631491628775,0.0040667631491628775,0.26586423330806425,-0.004298791085843079,0.004298791085843079,fit
Slab_867,/home/jinsookim/HEA_MC/PtPdRhRuIr/cgcnn/root_dir/Slab_867.cif,0.26506513814814947,slab111,54,108,54.0,0.26015810056258526,0.004907037585564211,0.004907037585564211,0.2603253447080493,0.004739793440100171,0.004739793440100171,fit
Slab_868,/home/jinsookim/HEA_MC/PtPdRhRuIr/cgcnn/root_dir/Slab_868.cif,0.23735813962963026,slab111,54,108,54.0,0.23425589727802715,0.003102242351603113,0.003102242351603113,0.23431442657542734,0.0030437130542029234,0.0030437130542029234,fit
Slab_869,/home/jinsookim/HEA_MC/PtPdRhRuIr/cgcnn/root_dir/Slab_869.cif,0.2304819409259256,slab111,54,108,54.0,0.22967678726407081,0.0008051536618547961,0.0008051536618547961,0.2295603313900521,0.0009216095358735021,0.0009216095358735021,fit
Slab_870,/home/jinsookim/HEA_MC/PtPdRhRuIr/cgcnn/root_dir/Slab_870.cif,0.24228298222222175,slab111,54,108,54.0,0.2420383022688392,0.00024467995338253723,0.00024467995338253723,0.2419263582501184,0.0003566239721033426,0.0003566239721033426,fit
Slab_871,/home/jinsookim/HEA_MC/PtPdRhRuIr/cgcnn/root_dir/Slab_871.cif,0.3125222909259264,slab111,54,108,54.0,0.3091984055371152,0.003323885388811232,0.003323885388811232,0.3095682822858354,0.0029540086400910437,0.0029540086400910437,fit
Slab_872,/home/jinsookim/HEA_MC/PtPdRhRuIr/cgcnn/root_dir/Slab_872.cif,0.2553711740740741,slab111,54,108,54.0,0.2620599352327182,-0.006688761158644085,0.006688761158644085,0.2620171464834778,-0.006645972409403678,0.006645972409403678,fit
Slab_873,/home/jinsookim/HEA_MC/PtPdRhRuIr/cgcnn/root_dir/Slab_873.cif,0.26960238148148125,slab111,54,108,54.0,0.2682758124440796,0.001326569037401637,0.001326569037401637,0.2675171418646869,0.0020852396167943543,0.0020852396167943543,holdout
Slab_874,/home/jinsookim/HEA_MC/PtPdRhRuIr/cgcnn/root_dir/Slab_874.cif,0.28785108611111176,slab111,54,108,54.0,0.28775285591211325,9.823019899851682e-05,9.823019899851682e-05,0.28749942218230917,0.00035166392880259245,0.00035166392880259245,fit
Slab_875,/home/jinsookim/HEA_MC/PtPdRhRuIr/cgcnn/root_dir/Slab_875.cif,0.26213166555555745,slab111,54,108,54.0,0.26174162697931574,0.00039003857624170246,0.00039003857624170246,0.26119639167044373,0.0009352738851137188,0.0009352738851137188,fit
Slab_876,/home/jinsookim/HEA_MC/PtPdRhRuIr/cgcnn/root_dir/Slab_876.cif,0.23256882851851893,slab111,54,108,54.0,0.2344123951598142,-0.0018435666412952856,0.0018435666412952856,0.23438473903023888,-0.001815910511719948,0.001815910511719948,fit
Slab_877,/home/jinsookim/HEA_MC/PtPdRhRuIr/cgcnn/root_dir/Slab_877.cif,0.23289175666666725,slab111,54,108,54.0,0.23471323472707128,-0.0018214780604040304,0.0018214780604040304,0.23493726856151048,-0.002045511894843227,0.002045511894843227,fit
Slab_878,/home/jinsookim/HEA_MC/PtPdRhRuIr/cgcnn/root_dir/Slab_878.cif,0.2542725461111104,slab111,54,108,54.0,0.25004017202237017,0.004232374088740221,0.004232374088740221,0.24980046473253062,0.0044720813785797675,0.0044720813785797675,holdout
Slab_879,/home/jinsookim/HEA_MC/PtPdRhRuIr/cgcnn/root_dir/Slab_879.cif,0.24294084129629645,slab111,54,108,54.0,0.24863818072592697,-0.005697339429630521,0.005697339429630521,0.24877643117128426,-0.005835589874987807,0.005835589874987807,fit
Slab_880,/home/jinsookim/HEA_MC/PtPdRhRuIr/cgcnn/root_dir/Slab_880.cif,0.224824403333333,slab111,54,108,54.0,0.2226450881668457,0.002179315166487311,0.002179315166487311,0.2226202160207795,0.002204187312553507,0.002204187312553507,fit
Slab_881,/home/jinsookim/HEA_MC/PtPdRhRuIr/cgcnn/root_dir/Slab_881.cif,0.2977891651851855,slab111,54,108,54.0,0.29569203207846945,0.0020971331067160537,0.0020971331067160537,0.29557096103281827,0.0022182041523672313,0.0022182041523672313,fit
Slab_882,/home/jinsookim/HEA_MC/PtPdRhRuIr/cgcnn/root_dir/Slab_882.cif,0.26742398240740733,slab111,54,108,54.0,0.2707326005188463,-0.0033086181114389546,0.0033086181114389546,0.2701683690917506,-0.002744386684343292,0.002744386684343292,fit
Slab_883,/home/jinsookim/HEA_MC/PtPdRhRuIr/cgcnn/root_dir/Slab_883.cif,0.22834174166666799,slab111,54,108,54.0,0.22729329858602498,0.0010484430806430023,0.0010484430806430023,0.22733752432327234,0.001004217343395647,0.001004217343395647,fit
Slab_884,/home/jinsookim/HEA_MC/PtPdRhRuIr/cgcnn/root_dir/Slab_884.cif,0.23968576870370312,slab111,54,108,54.0,0.2379527914412044,0.0017329772624987139,0.0017329772624987139,0.238387635917489,0.001298132786214129,0.001298132786214129,fit
Slab_885,/home/jinsookim/HEA_MC/PtPdRhRuIr/cgcnn/root_dir/Slab_885.cif,0.24082276870370306,slab111,54,108,54.0,0.24563084052478543,-0.004808071821082366,0.004808071821082366,0.2459447059023663,-0.005121937198663246,0.005121937198663246,fit
Slab_886,/home/jinsookim/HEA_MC/PtPdRhRuIr/cgcnn/root_dir/Slab_886.cif,0.29476104055555546,slab111,54,108,54.0,0.2960467744975061,-0.0012857339419506397,0.0012857339419506397,0.2962073762123218,-0.0014463356567663288,0.0014463356567663288,fit
Slab_887,/home/jinsookim/HEA_MC/PtPdRhRuIr/cgcnn/root_dir/Slab_887.cif,0.23700261777777756,slab111,54,108,54.0,0.2293280970437409,0.007674520734036655,0.007674520734036655,0.22961942837522215,0.007383189402555418,0.007383189402555418,fit
Slab_888,/home/jinsookim/HEA_MC/PtPdRhRuIr/cgcnn/root_dir/Slab_888.cif,0.282563742592592,slab111,54,108,54.0,0.2810389461970858,0.0015247963955061783,0.0015247963955061783,0.28132323964002326,0.0012405029525687228,0.0012405029525687228,fit
Slab_889,/home/jinsookim/HEA_MC/PtPdRhRuIr/cgcnn/root_dir/Slab_889.cif,0.2541278988888888,slab111,54,108,54.0,0.24739610607658902,0.006731792812299797,0.006731792812299797,0.24757460993368832,0.0065532889552004925,0.0065532889552004925,fit
Slab_890,/home/jinsookim/HEA_MC/PtPdRhRuIr/cgcnn/root_dir/Slab_890.cif,0.23903017666666695,slab111,54,108,54.0,0.24028239539600155,-0.001252218729334592,0.001252218729334592,0.24028831478585996,-0.0012581381191930086,0.0012581381191930086,fit
Slab_891,/home/jinsookim/HEA_MC/PtPdRhRuIr/cgcnn/root_dir/Slab_891.cif,0.2472101761111105,slab111,54,108,54.0,0.24627077400426944,0.0009394021068410696,0.0009394021068410696,0.2462025430324658,0.0010076330786447096,0.0010076330786447096,fit
Slab_892,/home/jinsookim/HEA_MC/PtPdRhRuIr/cgcnn/root_dir/Slab_892.cif,0.22598805055555557,slab111,54,108,54.0,0.2291006890810329,-0.0031126385254773292,0.0031126385254773292,0.22923927079074535,-0.0032512202351897834,0.0032512202351897834,fit
Slab_893,/home/jinsookim/HEA_MC/PtPdRhRuIr/cgcnn/root_dir/Slab_893.cif,0.23158512907407405,slab111,54,108,54.0,0.22894300809150803,0.0026421209825660263,0.0026421209825660263,0.2291973229331949,0.0023878061408791618,0.0023878061408791618,fit
Slab_894,/home/jinsookim/HEA_MC/PtPdRhRuIr/cgcnn/root_dir/Slab_894.cif,0.2407892424074084,slab111,54,108,54.0,0.24327139409117385,-0.002482151683765449,0.002482151683765449,0.24329317604748008,-0.002503933640071676,0.002503933640071676,fit
Slab_895,/home/jinsookim/HEA_MC/PtPdRhRuIr/cgcnn/root_dir/Slab_895.cif,0.2441732042592601,slab111,54,108,54.0,0.2463980972858386,-0.0022248930265785227,0.0022248930265785227,0.2467762863782422,-0.0026030821189821085,0.0026030821189821085,fit
Slab_896,/home/jinsookim/HEA_MC/PtPdRhRuIr/cgcnn/root_dir/Slab_896.cif,0.24305089611111177,slab111,54,108,54.0,0.24437514713994246,-0.0013242510288306863,0.0013242510288306863,0.24421551994320156,-0.0011646238320897895,0.0011646238320897895,fit
Slab_897,/home/jinsookim/HEA_MC/PtPdRhRuIr/cgcnn/root_dir/Slab_897.cif,0.27889952240740684,slab111,54,108,54.0,0.2789217277820791,-2.2205374672235045e-05,2.2205374672235045e-05,0.27905717090150917,-0.00015764849410232484,0.00015764849410232484,fit
Slab_898,/home/jinsookim/HEA_MC/PtPdRhRuIr/cgcnn/root_dir/Slab_898.cif,0.22717354814814797,slab111,54,108,54.0,0.22663285359547858,0.0005406945526693907,0.0005406945526693907,0.2268493712318749,0.0003241769162730668,0.0003241769162730668,fit
Slab_899,/home/jinsookim/HEA_MC/PtPdRhRuIr/cgcnn/root_dir/Slab_899.cif,0.24806563925925904,slab111,54,108,54.0,0.2516101624426803,-0.003544523183421272,0.003544523183421272,0.25192825821514936,-0.0038626189558903234,0.0038626189558903234,fit
Slab_900,/home/jinsookim/HEA_MC/PtPdRhRuIr/cgcnn/root_dir/Slab_900.cif,0.25901374444444514,slab111,54,108,54.0,0.258318023005418,0.0006957214390271305,0.0006957214390271305,0.25840428092273243,0.0006094635217127053,0.0006094635217127053,fit
Slab_901,/home/jinsookim/HEA_MC/PtPdRhRuIr/cgcnn/root_dir/Slab_901.cif,0.28794730129629476,slab111,54,108,54.0,0.27801225619167313,0.00993504510462162,0.00993504510462162,0.2782971337849059,0.009650167511388863,0.009650167511388863,fit
Slab_902,/home/jinsookim/HEA_MC/PtPdRhRuIr/cgcnn/root_dir/Slab_902.cif,0.30580864129629715,slab111,54,108,54.0,0.3024360788479049,0.0033725624483922356,0.0033725624483922356,0.30178735442097604,0.004021286875321106,0.004021286875321106,holdout
Slab_903,/home/jinsookim/HEA_MC/PtPdRhRuIr/cgcnn/root_dir/Slab_903.cif,0.24637784018518602,slab111,54,108,54.0,0.24759811481949776,-0.0012202746343117354,0.0012202746343117354,0.24761220376519957,-0.0012343635800135533,0.0012343635800135533,fit
Slab_904,/home/jinsookim/HEA_MC/PtPdRhRuIr/cgcnn/root_dir/Slab_904.cif,0.2600738383333344,slab111,54,108,54.0,0.2586012884289691,0.0014725499043652945,0.0014725499043652945,0.25808900057502754,0.001984837758306879,0.001984837758306879,holdout
Slab_905,/home/jinsookim/HEA_MC/PtPdRhRuIr/cgcnn/root_dir/Slab_905.cif,0.26357190888889037,slab111,54,108,54.0,0.26459649907883714,-0.0010245901899467724,0.0010245901899467724,0.2650668056851751,-0.0014948967962847282,0.0014948967962847282,fit
Slab_906,/home/jinsookim/HEA_MC/PtPdRhRuIr/cgcnn/root_dir/Slab_906.cif,0.3181413259259258,slab111,54,108,54.0,0.3126243336283111,0.005516992297614709,0.005516992297614709,0.3119889959268874,0.0061523299990384195,0.0061523299990384195,fit
Slab_907,/home/jinsookim/HEA_MC/PtPdRhRuIr/cgcnn/root_dir/Slab_907.cif,0.2168368342592586,slab111,54,108,54.0,0.21430086575735455,0.0025359685019040457,0.0025359685019040457,0.2149489527518837,0.0018878815073749,0.0018878815073749,fit
Slab_908,/home/jinsookim/HEA_MC/PtPdRhRuIr/cgcnn/root_dir/Slab_908.cif,0.22483706814814805,slab111,54,108,54.0,0.22840022242724017,-0.0035631542790921233,0.0035631542790921233,0.22825093247931486,-0.003413864331166805,0.003413864331166805,fit
Slab_909,/home/jinsookim/HEA_MC/PtPdRhRuIr/cgcnn/root_dir/Slab_909.cif,0.28358416518518464,slab111,54,108,54.0,0.2846068416461091,-0.0010226764609244654,0.0010226764609244654,0.28475469809757004,-0.0011705329123853914,0.0011705329123853914,fit
Slab_910,/home/jinsookim/HEA_MC/PtPdRhRuIr/cgcnn/root_dir/Slab_910.cif,0.24168939092592617,slab111,54,108,54.0,0.2447369816099275,-0.0030475906840013167,0.0030475906840013167,0.24514189055346944,-0.003452499627543265,0.003452499627543265,fit
Slab_911,/home/jinsookim/HEA_MC/PtPdRhRuIr/cgcnn/root_dir/Slab_911.cif,0.27287429259259155,slab111,54,108,54.0,0.27726642450705985,-0.0043921319144683,0.0043921319144683,0.2777892523126824,-0.004914959720090872,0.004914959720090872,fit
Slab_912,/home/jinsookim/HEA_MC/PtPdRhRuIr/cgcnn/root_dir/Slab_912.cif,0.271767479814815,slab111,54,108,54.0,0.2750581584587281,-0.003290678643913081,0.003290678643913081,0.2751280493137017,-0.0033605694988866897,0.0033605694988866897,fit
Slab_913,/home/jinsookim/HEA_MC/PtPdRhRuIr/cgcnn/root_dir/Slab_913.cif,0.2982633248148145,slab111,54,108,54.0,0.29021875818319376,0.008044566631620731,0.008044566631620731,0.2903739639588829,0.007889360855931615,0.007889360855931615,fit
Slab_914,/home/jinsookim/HEA_MC/PtPdRhRuIr/cgcnn/root_dir/Slab_914.cif,0.3078653212962963,slab111,54,108,54.0,0.3070488900570632,0.0008164312392330841,0.0008164312392330841,0.30689482422008046,0.000970497076215826,0.000970497076215826,fit
Slab_915,/home/jinsookim/HEA_MC/PtPdRhRuIr/cgcnn/root_dir/Slab_915.cif,0.27575591500000013,slab111,54,108,54.0,0.27709400531383777,-0.0013380903138376365,0.0013380903138376365,0.27745137761239713,-0.001695462612397003,0.001695462612397003,fit
Slab_916,/home/jinsookim/HEA_MC/PtPdRhRuIr/cgcnn/root_dir/Slab_916.cif,0.23126049592592587,slab111,54,108,54.0,0.23033702215499105,0.000923473770934824,0.000923473770934824,0.23047540976251646,0.0007850861634094153,0.0007850861634094153,fit
Slab_917,/home/jinsookim/HEA_MC/PtPdRhRuIr/cgcnn/root_dir/Slab_917.cif,0.2413154157407407,slab111,54,108,54.0,0.24144005716525552,-0.00012464142451482085,0.00012464142451482085,0.24155806803097493,-0.0002426522902342354,0.0002426522902342354,holdout
Slab_918,/home/jinsookim/HEA_MC/PtPdRhRuIr/cgcnn/root_dir/Slab_918.cif,0.2582886364814827,slab111,54,108,54.0,0.26001322095426627,-0.0017245844727835635,0.0017245844727835635,0.25980783605027774,-0.0015191995687950377,0.0015191995687950377,fit
Slab_919,/home/jinsookim/HEA_MC/PtPdRhRuIr/cgcnn/root_dir/Slab_919.cif,0.23562165148148198,slab111,54,108,54.0,0.23520566740160836,0.00041598407987361585,0.00041598407987361585,0.23526376133498786,0.000357890146494122,0.000357890146494122,fit
Slab_920,/home/jinsookim/HEA_MC/PtPdRhRuIr/cgcnn/root_dir/Slab_920.cif,0.2553283607407416,slab111,54,108,54.0,0.25547625715157907,-0.00014789641083745586,0.00014789641083745586,0.2553306177459149,-2.2570051733117324e-06,2.2570051733117324e-06,fit
Slab_921,/home/jinsookim/HEA_MC/PtPdRhRuIr/cgcnn/root_dir/Slab_921.cif,0.2758006294444455,slab111,54,108,54.0,0.2756361562422816,0.00016447320216389505,0.00016447320216389505,0.275566333871013,0.00023429557343251917,0.00023429557343251917,fit
Slab_922,/home/jinsookim/HEA_MC/PtPdRhRuIr/cgcnn/root_dir/Slab_922.cif,0.27424172000000047,slab111,54,108,54.0,0.274158241959182,8.347804081848542e-05,8.347804081848542e-05,0.27418092132741173,6.07986725887355e-05,6.07986725887355e-05,fit
Slab_923,/home/jinsookim/HEA_MC/PtPdRhRuIr/cgcnn/root_dir/Slab_923.cif,0.26474373425926007,slab111,54,108,54.0,0.262783553442384,0.001960180816876045,0.001960180816876045,0.2628558649316447,0.0018878693276153657,0.0018878693276153657,fit
Slab_924,/home/jinsookim/HEA_MC/PtPdRhRuIr/cgcnn/root_dir/Slab_924.cif,0.26433612092592673,slab111,54,108,54.0,0.2622849991742058,0.0020511217517209523,0.0020511217517209523,0.26189470858363495,0.002441412342291782,0.002441412342291782,fit
Slab_925,/home/jinsookim/HEA_MC/PtPdRhRuIr/cgcnn/root_dir/Slab_925.cif,0.24262413444444486,slab111,54,108,54.0,0.23732027137052739,0.005303863073917475,0.005303863073917475,0.23698350713012756,0.005640627314317304,0.005640627314317304,fit
Slab_926,/home/jinsookim/HEA_MC/PtPdRhRuIr/cgcnn/root_dir/Slab_926.cif,0.2518896007407418,slab111,54,108,54.0,0.24337705258798864,0.008512548152753152,0.008512548152753152,0.2432599904050311,0.008629610335710691,0.008629610335710691,fit
Slab_927,/home/jinsookim/HEA_MC/PtPdRhRuIr/cgcnn/root_dir/Slab_927.cif,0.20214693962962985,slab111,54,108,54.0,0.20049134009509145,0.0016555995345383934,0.0016555995345383934,0.20066468515222985,0.0014822544773999968,0.0014822544773999968,fit
Slab_928,/home/jinsookim/HEA_MC/PtPdRhRuIr/cgcnn/root_dir/Slab_928.cif,0.24528507777777922,slab111,54,108,54.0,0.24670903054703233,-0.0014239527692531118,0.0014239527692531118,0.24680860050832087,-0.0015235227305416543,0.0015235227305416543,fit
Slab_929,/home/jinsookim/HEA_MC/PtPdRhRuIr/cgcnn/root_dir/Slab_929.cif,0.28614559740740714,slab111,54,108,54.0,0.2880787534376624,-0.0019331560302552897,0.0019331560302552897,0.2882337775141014,-0.0020881801066942596,0.0020881801066942596,fit
Slab_930,/home/jinsookim/HEA_MC/PtPdRhRuIr/cgcnn/root_dir/Slab_930.cif,0.2429175301851861,slab111,54,108,54.0,0.24264328430750118,0.00027424587768493103,0.00027424587768493103,0.24225288869764994,0.0006646414875361717,0.0006646414875361717,fit
Slab_931,/home/jinsookim/HEA_MC/PtPdRhRuIr/cgcnn/root_dir/Slab_931.cif,0.23677608185185287,slab111,54,108,54.0,0.23603507595746664,0.0007410058943862208,0.0007410058943862208,0.23605438396971123,0.0007216978821416309,0.0007216978821416309,fit
Slab_932,/home/jinsookim/HEA_MC/PtPdRhRuIr/cgcnn/root_dir/Slab_932.cif,0.26528668796296245,slab111,54,108,54.0,0.26431576580691896,0.0009709221560434966,0.0009709221560434966,0.2643038912208884,0.0009827967420740769,0.0009827967420740769,fit
Slab_933,/home/jinsookim/HEA_MC/PtPdRhRuIr/cgcnn/root_dir/Slab_933.cif,0.24446823055555456,slab111,54,108,54.0,0.23942956506397475,0.005038665491579802,0.005038665491579802,0.23924338784712207,0.005224842708432487,0.005224842708432487,fit
Slab_934,/home/jinsookim/HEA_MC/PtPdRhRuIr/cgcnn/root_dir/Slab_934.cif,0.26315886851851905,slab111,54,108,54.0,0.26215974938860837,0.000999119129910686,0.000999119129910686,0.262319574481478,0.0008392940370410273,0.0008392940370410273,fit
Slab_935,/home/jinsookim/HEA_MC/PtPdRhRuIr/cgcnn/root_dir/Slab_935.cif,0.27132882722222323,slab111,54,108,54.0,0.2693718482553637,0.001956978966859535,0.001956978966859535,0.2694116702644959,0.0019171569577273173,0.0019171569577273173,fit
Slab_936,/home/jinsookim/HEA_MC/PtPdRhRuIr/cgcnn/root_dir/Slab_936.cif,0.250040036481481,slab111,54,108,54.0,0.2510810698009871,-0.0010410333195061128,0.0010410333195061128,0.2511719471500149,-0.0011319106685339086,0.0011319106685339086,fit
Slab_937,/home/jinsookim/HEA_MC/PtPdRhRuIr/cgcnn/root_dir/Slab_937.cif,0.2657045903703708,slab111,54,108,54.0,0.2604239649584469,0.005280625411923923,0.005280625411923923,0.26043943853974183,0.005265151830628978,0.005265151830628978,fit
Slab_938,/home/jinsookim/HEA_MC/PtPdRhRuIr/cgcnn/root_dir/Slab_938.cif,0.2971829118518517,slab111,54,108,54.0,0.29550374301362337,0.0016791688382283287,0.0016791688382283287,0.29548771588900974,0.0016951959628419555,0.0016951959628419555,fit
Slab_939,/home/jinsookim/HEA_MC/PtPdRhRuIr/cgcnn/root_dir/Slab_939.cif,0.2458381618518512,slab111,54,108,54.0,0.2451580981597469,0.0006800636921042991,0.0006800636921042991,0.24522806478823364,0.0006100970636175596,0.0006100970636175596,fit
Slab_940,/home/jinsookim/HEA_MC/PtPdRhRuIr/cgcnn/root_dir/Slab_940.cif,0.21962264444444465,slab111,54,108,54.0,0.21618372224864896,0.003438922195795696,0.003438922195795696,0.21635037578067445,0.0032722686637702003,0.0032722686637702003,fit
Slab_941,/home/jinsookim/HEA_MC/PtPdRhRuIr/cgcnn/root_dir/Slab_941.cif,0.2537892107407408,slab111,54,108,54.0,0.24738476795715567,0.006404442783585124,0.006404442783585124,0.24720318245421063,0.0065860282865301545,0.0065860282865301545,fit
Slab_942,/home/jinsookim/HEA_MC/PtPdRhRuIr/cgcnn/root_dir/Slab_942.cif,0.28254165796296343,slab111,54,108,54.0,0.28016744414521555,0.0023742138177478833,0.0023742138177478833,0.2802449178101136,0.0022967401528498077,0.0022967401528498077,fit
Slab_943,/home/jinsookim/HEA_MC/PtPdRhRuIr/cgcnn/root_dir/Slab_943.cif,0.2388260259259259,slab111,54,108,54.0,0.23882265736939864,3.3685565272445483e-06,3.3685565272445483e-06,0.23904839443064468,-0.0002223685047187951,0.0002223685047187951,holdout
Slab_944,/home/jinsookim/HEA_MC/PtPdRhRuIr/cgcnn/root_dir/Slab_944.cif,0.2856580598148134,slab111,54,108,54.0,0.28693563516286924,-0.0012775753480558372,0.0012775753480558372,0.2868344535429298,-0.0011763937281163983,0.0011763937281163983,fit
Slab_945,/home/jinsookim/HEA_MC/PtPdRhRuIr/cgcnn/root_dir/Slab_945.cif,0.26488064055555616,slab111,54,108,54.0,0.26635662570867763,-0.001475985153121473,0.001475985153121473,0.26654811804469836,-0.0016674774891421995,0.0016674774891421995,fit
Slab_946,/home/jinsookim/HEA_MC/PtPdRhRuIr/cgcnn/root_dir/Slab_946.cif,0.2679879914814815,slab111,54,108,54.0,0.2690773257229626,-0.0010893342414811102,0.0010893342414811102,0.2690472532897625,-0.0010592618082809757,0.0010592618082809757,fit
Slab_947,/home/jinsookim/HEA_MC/PtPdRhRuIr/cgcnn/root_dir/Slab_947.cif,0.2461558107407408,slab111,54,108,54.0,0.24542637520251848,0.0007294355382223283,0.0007294355382223283,0.2457492280779053,0.0004065826628354974,0.0004065826628354974,fit
Slab_948,/home/jinsookim/HEA_MC/PtPdRhRuIr/cgcnn/root_dir/Slab_948.cif,0.26652301425925917,slab111,54,108,54.0,0.265508021711488,0.001014992547771154,0.001014992547771154,0.26535966334712857,0.0011633509121306007,0.0011633509121306007,fit
Slab_949,/home/jinsookim/HEA_MC/PtPdRhRuIr/cgcnn/root_dir/Slab_949.cif,0.2515106038888893,slab111,54,108,54.0,0.25299543378337414,-0.0014848298944848404,0.0014848298944848404,0.2530373741613745,-0.0015267702724852117,0.0015267702724852117,fit
Slab_950,/home/jinsookim/HEA_MC/PtPdRhRuIr/cgcnn/root_dir/Slab_950.cif,0.26465088722222235,slab111,54,108,54.0,0.2615291336697245,0.00312175355249783,0.00312175355249783,0.26176640837312143,0.0028844788491009243,0.0028844788491009243,fit
Slab_951,/home/jinsookim/HEA_MC/PtPdRhRuIr/cgcnn/root_dir/Slab_951.cif,0.2911411690740743,slab111,54,108,54.0,0.2873867584398513,0.0037544106342229933,0.0037544106342229933,0.28749387532200193,0.0036472937520723447,0.0036472937520723447,fit
Slab_952,/home/jinsookim/HEA_MC/PtPdRhRuIr/cgcnn/root_dir/Slab_952.cif,0.2764468329629629,slab111,54,108,54.0,0.2811543373771495,-0.004707504414186603,0.004707504414186603,0.2811275691761891,-0.004680736213226178,0.004680736213226178,fit
Slab_953,/home/jinsookim/HEA_MC/PtPdRhRuIr/cgcnn/root_dir/Slab_953.cif,0.25213772314814864,slab111,54,108,54.0,0.25376205526288115,-0.0016243321147325074,0.0016243321147325074,0.25394397759052706,-0.0018062544423784188,0.0018062544423784188,fit
Slab_954,/home/jinsookim/HEA_MC/PtPdRhRuIr/cgcnn/root_dir/Slab_954.cif,0.25007690388888876,slab111,54,108,54.0,0.2507334024331773,-0.000656498544288564,0.000656498544288564,0.25066338136820365,-0.0005864774793148952,0.0005864774793148952,fit
Slab_955,/home/jinsookim/HEA_MC/PtPdRhRuIr/cgcnn/root_dir/Slab_955.cif,0.18760850555555655,slab111,54,108,54.0,0.19123693459785435,-0.0036284290422977927,0.0036284290422977927,0.1914499963465696,-0.003841490791013036,0.003841490791013036,fit
Slab_956,/home/jinsookim/HEA_MC/PtPdRhRuIr/cgcnn/root_dir/Slab_956.cif,0.24953189925925987,slab111,54,108,54.0,0.24782617763116294,0.001705721628096929,0.001705721628096929,0.24758740456073233,0.0019444946985275324,0.0019444946985275324,fit
Slab_957,/home/jinsookim/HEA_MC/PtPdRhRuIr/cgcnn/root_dir/Slab_957.cif,0.26603657407407394,slab111,54,108,54.0,0.26826394856711044,-0.0022273744930365047,0.0022273744930365047,0.268167255886872,-0.0021306818127980742,0.0021306818127980742,fit
Slab_958,/home/jinsookim/HEA_MC/PtPdRhRuIr/cgcnn/root_dir/Slab_958.cif,0.2420615544444447,slab111,54,108,54.0,0.24190751967810614,0.00015403476633854551,0.00015403476633854551,0.24210262283391842,-4.1068389473736255e-05,4.1068389473736255e-05,fit
Slab_959,/home/jinsookim/HEA_MC/PtPdRhRuIr/cgcnn/root_dir/Slab_959.cif,0.26775184888888953,slab111,54,108,54.0,0.2666047406408049,0.0011471082480846162,0.0011471082480846162,0.26671145587967354,0.0010403930092159897,0.0010403930092159897,fit
Slab_960,/home/jinsookim/HEA_MC/PtPdRhRuIr/cgcnn/root_dir/Slab_960.cif,0.2546702409259246,slab111,54,108,54.0,0.25213165019327843,0.002538590732646173,0.002538590732646173,0.2522778586693113,0.0023923822566133124,0.0023923822566133124,fit
Slab_961,/home/jinsookim/HEA_MC/PtPdRhRuIr/cgcnn/root_dir/Slab_961.cif,0.24611589759259309,slab111,54,108,54.0,0.24745845311520748,-0.0013425555226143915,0.0013425555226143915,0.24751900673291283,-0.0014031091403197415,0.0014031091403197415,fit
Slab_962,/home/jinsookim/HEA_MC/PtPdRhRuIr/cgcnn/root_dir/Slab_962.cif,0.2778223092592603,slab111,54,108,54.0,0.27834192197793406,-0.0005196127186737343,0.0005196127186737343,0.278618236627299,-0.0007959273680386847,0.0007959273680386847,fit
Slab_963,/home/jinsookim/HEA_MC/PtPdRhRuIr/cgcnn/root_dir/Slab_963.cif,0.22195342166666718,slab111,54,108,54.0,0.22045225292226422,0.0015011687444029531,0.0015011687444029531,0.2206609939593345,0.0012924277073326773,0.0012924277073326773,fit
Slab_964,/home/jinsookim/HEA_MC/PtPdRhRuIr/cgcnn/root_dir/Slab_964.cif,0.2569815972222216,slab111,54,108,54.0,0.2538464218865896,0.0031351753356319567,0.0031351753356319567,0.25415227034164917,0.0028293268805724137,0.0028293268805724137,fit
Slab_965,/home/jinsookim/HEA_MC/PtPdRhRuIr/cgcnn/root_dir/Slab_965.cif,0.2518959464814827,slab111,54,108,54.0,0.2508830351952005,0.0010129112862822254,0.0010129112862822254,0.2508739538351534,0.0010219926463293505,0.0010219926463293505,fit
Slab_966,/home/jinsookim/HEA_MC/PtPdRhRuIr/cgcnn/root_dir/Slab_966.cif,0.2957866777777785,slab111,54,108,54.0,0.29291340940969385,0.0028732683680846582,0.0028732683680846582,0.29336026253300446,0.0024264152447740495,0.0024264152447740495,fit
Slab_967,/home/jinsookim/HEA_MC/PtPdRhRuIr/cgcnn/root_dir/Slab_967.cif,0.27749427944444466,slab111,54,108,54.0,0.2756759474186178,0.0018183320258268743,0.0018183320258268743,0.27563752849251566,0.0018567509519289982,0.0018567509519289982,fit
Slab_968,/home/jinsookim/HEA_MC/PtPdRhRuIr/cgcnn/root_dir/Slab_968.cif,0.2791566329629634,slab111,54,108,54.0,0.27905392468117474,0.00010270828178865488,0.00010270828178865488,0.2793269246142155,-0.0001702916512520969,0.0001702916512520969,fit
Slab_969,/home/jinsookim/HEA_MC/PtPdRhRuIr/cgcnn/root_dir/Slab_969.cif,0.2932995044444445,slab111,54,108,54.0,0.29250573378200595,0.0007937706624385754,0.0007937706624385754,0.29235243801519906,0.0009470664292454689,0.0009470664292454689,fit
Slab_970,/home/jinsookim/HEA_MC/PtPdRhRuIr/cgcnn/root_dir/Slab_970.cif,0.2516756327777782,slab111,54,108,54.0,0.2530205225785367,-0.0013448898007584753,0.0013448898007584753,0.2530834960957546,-0.0014078633179763766,0.0014078633179763766,fit
Slab_971,/home/jinsookim/HEA_MC/PtPdRhRuIr/cgcnn/root_dir/Slab_971.cif,0.3084567444444438,slab111,54,108,54.0,0.3060570912798238,0.0023996531646200414,0.0023996531646200414,0.30535082352206017,0.0031059209223836537,0.0031059209223836537,holdout
Slab_972,/home/jinsookim/HEA_MC/PtPdRhRuIr/cgcnn/root_dir/Slab_972.cif,0.26416818907407413,slab111,54,108,54.0,0.2602850371376068,0.0038831519364673217,0.0038831519364673217,0.2608529953773398,0.003315193696734331,0.003315193696734331,fit
Slab_973,/home/jinsookim/HEA_MC/PtPdRhRuIr/cgcnn/root_dir/Slab_973.cif,0.24462632425926,slab111,54,108,54.0,0.2450769182332525,-0.0004505939739924969,0.0004505939739924969,0.2450460219898698,-0.00041969773060979154,0.00041969773060979154,fit
Slab_974,/home/jinsookim/HEA_MC/PtPdRhRuIr/cgcnn/root_dir/Slab_974.cif,0.29023114703703723,slab111,54,108,54.0,0.29060654578376843,-0.00037539874673120366,0.00037539874673120366,0.2908064392699266,-0.0005752922328893795,0.0005752922328893795,fit
Slab_975,/home/jinsookim/HEA_MC/PtPdRhRuIr/cgcnn/root_dir/Slab_975.cif,0.2230675416666667,slab111,54,108,54.0,0.22337147517263484,-0.00030393350596813473,0.00030393350596813473,0.22340147902971114,-0.0003339373630444342,0.0003339373630444342,fit
Slab_976,/home/jinsookim/HEA_MC/PtPdRhRuIr/cgcnn/root_dir/Slab_976.cif,0.2597270651851865,slab111,54,108,54.0,0.2577361513401888,0.0019909138449977215,0.0019909138449977215,0.257581800899294,0.002145264285892512,0.002145264285892512,fit
Slab_977,/home/jinsookim/HEA_MC/PtPdRhRuIr/cgcnn/root_dir/Slab_977.cif,0.2300143305555564,slab111,54,108,54.0,0.2311365103882002,-0.001122179832643816,0.001122179832643816,0.23145022833221177,-0.0014358977766553704,0.0014358977766553704,fit
Slab_978,/home/jinsookim/HEA_MC/PtPdRhRuIr/cgcnn/root_dir/Slab_978.cif,0.30130127462963,slab111,54,108,54.0,0.30187855167126154,-0.0005772770416315187,0.0005772770416315187,0.3017402421286635,-0.0004389674990334935,0.0004389674990334935,fit
Slab_979,/home/jinsookim/HEA_MC/PtPdRhRuIr/cgcnn/root_dir/Slab_979.cif,0.2674152261111113,slab111,54,108,54.0,0.2649326021067981,0.0024826240043132053,0.0024826240043132053,0.26482771734684485,0.002587508764266444,0.002587508764266444,holdout
Slab_980,/home/jinsookim/HEA_MC/PtPdRhRuIr/cgcnn/root_dir/Slab_980.cif,0.26345209870370395,slab111,54,108,54.0,0.2638480055744735,-0.000395906870769569,0.000395906870769569,0.263738509435418,-0.0002864107317140374,0.0002864107317140374,fit
Slab_981,/home/jinsookim/HEA_MC/PtPdRhRuIr/cgcnn/root_dir/Slab_981.cif,0.2571729577777767,slab111,54,108,54.0,0.25710129726672415,7.166051105256255e-05,7.166051105256255e-05,0.2572538635953872,-8.090581761049931e-05,8.090581761049931e-05,fit
Slab_982,/home/jinsookim/HEA_MC/PtPdRhRuIr/cgcnn/root_dir/Slab_982.cif,0.24471597759259323,slab111,54,108,54.0,0.24402538922504458,0.0006905883675486502,0.0006905883675486502,0.24456021128437228,0.0001557663082209504,0.0001557663082209504,fit
Slab_983,/home/jinsookim/HEA_MC/PtPdRhRuIr/cgcnn/root_dir/Slab_983.cif,0.2682349362962963,slab111,54,108,54.0,0.2705114418159625,-0.002276505519666183,0.002276505519666183,0.270381248690374,-0.0021463123940776985,0.0021463123940776985,fit
Slab_984,/home/jinsookim/HEA_MC/PtPdRhRuIr/cgcnn/root_dir/Slab_984.cif,0.2809601955555565,slab111,54,108,54.0,0.2812041289824919,-0.00024393342693540543,0.00024393342693540543,0.28104561835967207,-8.542280411555359e-05,8.542280411555359e-05,fit
Slab_985,/home/jinsookim/HEA_MC/PtPdRhRuIr/cgcnn/root_dir/Slab_985.cif,0.2708188420370374,slab111,54,108,54.0,0.2685306960566971,0.0022881459803402726,0.0022881459803402726,0.2684990040431614,0.0023198379938759728,0.0023198379938759728,fit
Slab_986,/home/jinsookim/HEA_MC/PtPdRhRuIr/cgcnn/root_dir/Slab_986.cif,0.24317529296296328,slab111,54,108,54.0,0.24733505250415885,-0.0041597595411955735,0.0041597595411955735,0.24721449000964896,-0.0040391970466856775,0.0040391970466856775,fit
Slab_987,/home/jinsookim/HEA_MC/PtPdRhRuIr/cgcnn/root_dir/Slab_987.cif,0.2529996062962962,slab111,54,108,54.0,0.25764807097598463,-0.0046484646796884355,0.0046484646796884355,0.2578886025047285,-0.004888996208432306,0.004888996208432306,fit
Slab_988,/home/jinsookim/HEA_MC/PtPdRhRuIr/cgcnn/root_dir/Slab_988.cif,0.25094132944444475,slab111,54,108,54.0,0.2488631127842111,0.0020782166602336394,0.0020782166602336394,0.24929111420294836,0.0016502152414963889,0.0016502152414963889,fit
Slab_989,/home/jinsookim/HEA_MC/PtPdRhRuIr/cgcnn/root_dir/Slab_989.cif,0.24381803444444472,slab111,54,108,54.0,0.24410406279986557,-0.00028602835542085314,0.00028602835542085314,0.24445905677091856,-0.0006410223264738391,0.0006410223264738391,fit
Slab_990,/home/jinsookim/HEA_MC/PtPdRhRuIr/cgcnn/root_dir/Slab_990.cif,0.21928734259259175,slab111,54,108,54.0,0.22060619926860736,-0.0013188566760156117,0.0013188566760156117,0.22071572609092574,-0.0014283834983339905,0.0014283834983339905,fit
Slab_991,/home/jinsookim/HEA_MC/PtPdRhRuIr/cgcnn/root_dir/Slab_991.cif,0.2666291427777773,slab111,54,108,54.0,0.2646861152973416,0.0019430274804356773,0.0019430274804356773,0.26494472339378944,0.001684419383987834,0.001684419383987834,fit
Slab_992,/home/jinsookim/HEA_MC/PtPdRhRuIr/cgcnn/root_dir/Slab_992.cif,0.3100029331481477,slab111,54,108,54.0,0.30656993224139245,0.003433000906755246,0.003433000906755246,0.30562805076290595,0.004374882385241752,0.004374882385241752,holdout
Slab_993,/home/jinsookim/HEA_MC/PtPdRhRuIr/cgcnn/root_dir/Slab_993.cif,0.24129729981481457,slab111,54,108,54.0,0.24216773290842086,-0.0008704330936062932,0.0008704330936062932,0.24224096698296427,-0.0009436671681496978,0.0009436671681496978,fit
Slab_994,/home/jinsookim/HEA_MC/PtPdRhRuIr/cgcnn/root_dir/Slab_994.cif,0.2736958051851843,slab111,54,108,54.0,0.27092810210179197,0.002767703083392359,0.002767703083392359,0.27106663295122724,0.002629172233957089,0.002629172233957089,fit
Slab_995,/home/jinsookim/HEA_MC/PtPdRhRuIr/cgcnn/root_dir/Slab_995.cif,0.2747365372222227,slab111,54,108,54.0,0.27338971557185077,0.001346821650371921,0.001346821650371921,0.27333613312394084,0.0014004040982818489,0.0014004040982818489,fit
Slab_996,/home/jinsookim/HEA_MC/PtPdRhRuIr/cgcnn/root_dir/Slab_996.cif,0.2788657053703713,slab111,54,108,54.0,0.2778673972630402,0.0009983081073310918,0.0009983081073310918,0.2778732938302522,0.000992411540119087,0.000992411540119087,fit
Slab_997,/home/jinsookim/HEA_MC/PtPdRhRuIr/cgcnn/root_dir/Slab_997.cif,0.25283907833333313,slab111,54,108,54.0,0.255184812014475,-0.0023457336811418816,0.0023457336811418816,0.2551026766444188,-0.0022635983110856905,0.0022635983110856905,fit
Slab_998,/home/jinsookim/HEA_MC/PtPdRhRuIr/cgcnn/root_dir/Slab_998.cif,0.27857093129629495,slab111,54,108,54.0,0.2763150872684403,0.00225584402785467,0.00225584402785467,0.27640112134753,0.002169809948764978,0.002169809948764978,fit
Slab_999,/home/jinsookim/HEA_MC/PtPdRhRuIr/cgcnn/root_dir/Slab_999.cif,0.20197260259259212,slab111,54,108,54.0,0.2046163894343597,-0.0026437868417675814,0.0026437868417675814,0.2044091226024141,-0.002436520009821974,0.002436520009821974,fit
Slab_1000,/home/jinsookim/HEA_MC/PtPdRhRuIr/cgcnn/root_dir/Slab_1000.cif,0.2362422862962961,slab111,54,108,54.0,0.2416968540484098,-0.005454567752113698,0.005454567752113698,0.2423017103323302,-0.0060594240360341,0.0060594240360341,fit
Slab_1001,/home/jinsookim/HEA_MC/PtPdRhRuIr/cgcnn/root_dir/Slab_1001.cif,0.269421404074074,slab111,54,108,54.0,0.2706444766498307,-0.0012230725757567118,0.0012230725757567118,0.2702300695327428,-0.0008086654586688113,0.0008086654586688113,fit
Slab_1002,/home/jinsookim/HEA_MC/PtPdRhRuIr/cgcnn/root_dir/Slab_1002.cif,0.28642534962963007,slab111,54,108,54.0,0.2914866044084501,-0.0050612547788200235,0.0050612547788200235,0.29120446560136054,-0.004779115971730474,0.004779115971730474,fit
Slab_1003,/home/jinsookim/HEA_MC/PtPdRhRuIr/cgcnn/root_dir/Slab_1003.cif,0.22751134537036966,slab111,54,108,54.0,0.22961652908966104,-0.002105183719291387,0.002105183719291387,0.22977244900803045,-0.0022611036376607996,0.0022611036376607996,fit
Slab_1004,/home/jinsookim/HEA_MC/PtPdRhRuIr/cgcnn/root_dir/Slab_1004.cif,0.29035542888888805,slab111,54,108,54.0,0.29448425016280394,-0.004128821273915895,0.004128821273915895,0.29438040582519764,-0.004024976936309599,0.004024976936309599,fit
Slab_1005,/home/jinsookim/HEA_MC/PtPdRhRuIr/cgcnn/root_dir/Slab_1005.cif,0.3038139761111101,slab111,54,108,54.0,0.3014164920814931,0.002397484029616981,0.002397484029616981,0.3012921088968787,0.0025218672142314214,0.0025218672142314214,fit
Slab_1006,/home/jinsookim/HEA_MC/PtPdRhRuIr/cgcnn/root_dir/Slab_1006.cif,0.2622488477777783,slab111,54,108,54.0,0.2637251075484446,-0.0014762597706662883,0.0014762597706662883,0.26349836285244144,-0.0012495150746631434,0.0012495150746631434,fit
Slab_1007,/home/jinsookim/HEA_MC/PtPdRhRuIr/cgcnn/root_dir/Slab_1007.cif,0.2690531783333338,slab111,54,108,54.0,0.2657062686529542,0.003346909680379595,0.003346909680379595,0.2657888419157133,0.003264336417620528,0.003264336417620528,fit
Slab_1008,/home/jinsookim/HEA_MC/PtPdRhRuIr/cgcnn/root_dir/Slab_1008.cif,0.2673357992592592,slab111,54,108,54.0,0.27004334609920194,-0.0027075468399427316,0.0027075468399427316,0.26959161568399787,-0.0022558164247386547,0.0022558164247386547,fit
Slab_1009,/home/jinsookim/HEA_MC/PtPdRhRuIr/cgcnn/root_dir/Slab_1009.cif,0.238898733518518,slab111,54,108,54.0,0.24138432309221264,-0.00248558957369463,0.00248558957369463,0.2417138896780519,-0.002815156159533899,0.002815156159533899,holdout
Slab_1010,/home/jinsookim/HEA_MC/PtPdRhRuIr/cgcnn/root_dir/Slab_1010.cif,0.257495879074073,slab111,54,108,54.0,0.25757885940371195,-8.298032963893753e-05,8.298032963893753e-05,0.25743489296039995,6.0986113673056064e-05,6.0986113673056064e-05,fit
Slab_1011,/home/jinsookim/HEA_MC/PtPdRhRuIr/cgcnn/root_dir/Slab_1011.cif,0.24760527981481395,slab111,54,108,54.0,0.2414409820876345,0.006164297727179441,0.006164297727179441,0.24131914134202645,0.0062861384727875,0.0062861384727875,fit
Slab_1012,/home/jinsookim/HEA_MC/PtPdRhRuIr/cgcnn/root_dir/Slab_1012.cif,0.2979130687037039,slab111,54,108,54.0,0.2925638220971895,0.0053492466065143685,0.0053492466065143685,0.2927555508907424,0.005157517812961476,0.005157517812961476,fit
Slab_1013,/home/jinsookim/HEA_MC/PtPdRhRuIr/cgcnn/root_dir/Slab_1013.cif,0.2698123003703714,slab111,54,108,54.0,0.2694145116388312,0.0003977887315402273,0.0003977887315402273,0.2695527003821146,0.00025959998825680897,0.00025959998825680897,fit
Slab_1014,/home/jinsookim/HEA_MC/PtPdRhRuIr/cgcnn/root_dir/Slab_1014.cif,0.2770027168518528,slab111,54,108,54.0,0.27652043210877103,0.0004822847430817623,0.0004822847430817623,0.27628171385020545,0.0007210030016473468,0.0007210030016473468,fit
Slab_1015,/home/jinsookim/HEA_MC/PtPdRhRuIr/cgcnn/root_dir/Slab_1015.cif,0.2599440735185186,slab111,54,108,54.0,0.25357642319879453,0.006367650319724083,0.006367650319724083,0.25361477113614445,0.006329302382374169,0.006329302382374169,fit
Slab_1016,/home/jinsookim/HEA_MC/PtPdRhRuIr/cgcnn/root_dir/Slab_1016.cif,0.2552717970370374,slab111,54,108,54.0,0.2541435906296551,0.001128206407382315,0.001128206407382315,0.25421861625963943,0.0010531807773979662,0.0010531807773979662,fit
Slab_1017,/home/jinsookim/HEA_MC/PtPdRhRuIr/cgcnn/root_dir/Slab_1017.cif,0.2702606603703701,slab111,54,108,54.0,0.27061137533676377,-0.0003507149663936615,0.0003507149663936615,0.27046834886849036,-0.00020768849812025092,0.00020768849812025092,holdout
Slab_1018,/home/jinsookim/HEA_MC/PtPdRhRuIr/cgcnn/root_dir/Slab_1018.cif,0.2607263887037037,slab111,54,108,54.0,0.25946950270396757,0.0012568859997361126,0.0012568859997361126,0.2591972237984336,0.0015291649052701084,0.0015291649052701084,fit
Slab_1019,/home/jinsookim/HEA_MC/PtPdRhRuIr/cgcnn/root_dir/Slab_1019.cif,0.2547847398148151,slab111,54,108,54.0,0.2533445537126529,0.0014401861021621776,0.0014401861021621776,0.25311201031087366,0.001672729503941428,0.001672729503941428,fit
Slab_1020,/home/jinsookim/HEA_MC/PtPdRhRuIr/cgcnn/root_dir/Slab_1020.cif,0.2688721079629625,slab111,54,108,54.0,0.26774680642163995,0.0011253015413225653,0.0011253015413225653,0.2681927147904132,0.0006793931725493363,0.0006793931725493363,fit
Slab_1021,/home/jinsookim/HEA_MC/PtPdRhRuIr/cgcnn/root_dir/Slab_1021.cif,0.2728236857407414,slab111,54,108,54.0,0.2792871979921285,-0.006463512251387082,0.006463512251387082,0.2789999921490053,-0.0061763064082638874,0.0061763064082638874,fit
Slab_1022,/home/jinsookim/HEA_MC/PtPdRhRuIr/cgcnn/root_dir/Slab_1022.cif,0.25381427462962985,slab111,54,108,54.0,0.25468618933935866,-0.0008719147097288049,0.0008719147097288049,0.2550907130235183,-0.0012764383938884682,0.0012764383938884682,fit
Slab_1023,/home/jinsookim/HEA_MC/PtPdRhRuIr/cgcnn/root_dir/Slab_1023.cif,0.25232963833333444,slab111,54,108,54.0,0.2519882939392273,0.000341344394107157,0.000341344394107157,0.25209765549807756,0.00023198283525688312,0.00023198283525688312,fit
Slab_1024,/home/jinsookim/HEA_MC/PtPdRhRuIr/cgcnn/root_dir/Slab_1024.cif,0.2306806290740745,slab111,54,108,54.0,0.22611119537330782,0.0045694337007666785,0.0045694337007666785,0.2263135439588698,0.0043670851152047,0.0043670851152047,fit
Slab_1025,/home/jinsookim/HEA_MC/PtPdRhRuIr/cgcnn/root_dir/Slab_1025.cif,0.2615035805555555,slab111,54,108,54.0,0.26310213987233044,-0.001598559316774939,0.001598559316774939,0.2629123459084994,-0.0014087653529438748,0.0014087653529438748,fit
Slab_1026,/home/jinsookim/HEA_MC/PtPdRhRuIr/cgcnn/root_dir/Slab_1026.cif,0.2582151274074081,slab111,54,108,54.0,0.26312435622294933,-0.004909228815541233,0.004909228815541233,0.26290885992159635,-0.0046937325141882535,0.0046937325141882535,fit
Slab_1027,/home/jinsookim/HEA_MC/PtPdRhRuIr/cgcnn/root_dir/Slab_1027.cif,0.2524662359259261,slab111,54,108,54.0,0.24661317302716396,0.00585306289876214,0.00585306289876214,0.24689938667706499,0.005566849248861111,0.005566849248861111,fit
Slab_1028,/home/jinsookim/HEA_MC/PtPdRhRuIr/cgcnn/root_dir/Slab_1028.cif,0.28863514314814837,slab111,54,108,54.0,0.28661125274928617,0.0020238903988621937,0.0020238903988621937,0.28668754025403875,0.0019476028941096124,0.0019476028941096124,fit
Slab_1029,/home/jinsookim/HEA_MC/PtPdRhRuIr/cgcnn/root_dir/Slab_1029.cif,0.2270200400000009,slab111,54,108,54.0,0.23162356044493432,-0.004603520444933423,0.004603520444933423,0.23181804471245557,-0.004798004712454673,0.004798004712454673,fit
Slab_1030,/home/jinsookim/HEA_MC/PtPdRhRuIr/cgcnn/root_dir/Slab_1030.cif,0.28133850037036934,slab111,54,108,54.0,0.2740590677114389,0.00727943265893044,0.00727943265893044,0.27429925417875695,0.007039246191612392,0.007039246191612392,fit
Slab_1031,/home/jinsookim/HEA_MC/PtPdRhRuIr/cgcnn/root_dir/Slab_1031.cif,0.23008990944444463,slab111,54,108,54.0,0.23046198373394752,-0.0003720742895028939,0.0003720742895028939,0.23059241130833277,-0.000502501863888144,0.000502501863888144,fit
Slab_1032,/home/jinsookim/HEA_MC/PtPdRhRuIr/cgcnn/root_dir/Slab_1032.cif,0.29302970203703654,slab111,54,108,54.0,0.294426510828099,-0.001396808791062465,0.001396808791062465,0.2943881344760472,-0.0013584324390106817,0.0013584324390106817,fit
Slab_1033,/home/jinsookim/HEA_MC/PtPdRhRuIr/cgcnn/root_dir/Slab_1033.cif,0.2730306325925927,slab111,54,108,54.0,0.2750128071674512,-0.0019821745748584974,0.0019821745748584974,0.275116607321388,-0.0020859747287952923,0.0020859747287952923,fit
Slab_1034,/home/jinsookim/HEA_MC/PtPdRhRuIr/cgcnn/root_dir/Slab_1034.cif,0.2822775164814825,slab111,54,108,54.0,0.2794456996015818,0.0028318168799007504,0.0028318168799007504,0.2795770177127778,0.0027004987687047066,0.0027004987687047066,fit
Slab_1035,/home/jinsookim/HEA_MC/PtPdRhRuIr/cgcnn/root_dir/Slab_1035.cif,0.20755325851851897,slab111,54,108,54.0,0.2075224539284551,3.080459006388203e-05,3.080459006388203e-05,0.20746959728515038,8.366123336858711e-05,8.366123336858711e-05,fit
Slab_1036,/home/jinsookim/HEA_MC/PtPdRhRuIr/cgcnn/root_dir/Slab_1036.cif,0.2639887146296305,slab111,54,108,54.0,0.2707382269294443,-0.006749512299813798,0.006749512299813798,0.2705930475290725,-0.006604332899441956,0.006604332899441956,fit
Slab_1037,/home/jinsookim/HEA_MC/PtPdRhRuIr/cgcnn/root_dir/Slab_1037.cif,0.23182708111111155,slab111,54,108,54.0,0.23487502895062454,-0.003047947839512982,0.003047947839512982,0.234912849694152,-0.003085768583040438,0.003085768583040438,fit
Slab_1038,/home/jinsookim/HEA_MC/PtPdRhRuIr/cgcnn/root_dir/Slab_1038.cif,0.2631405537037042,slab111,54,108,54.0,0.26182510091508987,0.0013154527886143352,0.0013154527886143352,0.2618612391761527,0.0012793145275514783,0.0012793145275514783,fit
Slab_1039,/home/jinsookim/HEA_MC/PtPdRhRuIr/cgcnn/root_dir/Slab_1039.cif,0.2524450840740731,slab111,54,108,54.0,0.2511149169307623,0.0013301671433108009,0.0013301671433108009,0.2512553615968957,0.0011897224771774129,0.0011897224771774129,fit
Slab_1040,/home/jinsookim/HEA_MC/PtPdRhRuIr/cgcnn/root_dir/Slab_1040.cif,0.21714225055555508,slab111,54,108,54.0,0.22019725343148347,-0.0030550028759283865,0.0030550028759283865,0.2201425245621797,-0.0030002740066246147,0.0030002740066246147,fit
Slab_1041,/home/jinsookim/HEA_MC/PtPdRhRuIr/cgcnn/root_dir/Slab_1041.cif,0.2187042646296304,slab111,54,108,54.0,0.22320703661721727,-0.004502771987586862,0.004502771987586862,0.22353873965978666,-0.004834475030156243,0.004834475030156243,fit
Slab_1042,/home/jinsookim/HEA_MC/PtPdRhRuIr/cgcnn/root_dir/Slab_1042.cif,0.2895323640740744,slab111,54,108,54.0,0.2864637547395013,0.0030686093345730914,0.0030686093345730914,0.28635066417381905,0.0031816999002553525,0.0031816999002553525,fit
Slab_1043,/home/jinsookim/HEA_MC/PtPdRhRuIr/cgcnn/root_dir/Slab_1043.cif,0.2603370461111109,slab111,54,108,54.0,0.2645047355257862,-0.0041676894146752685,0.0041676894146752685,0.2646589073892704,-0.004321861278159478,0.004321861278159478,fit
Slab_1044,/home/jinsookim/HEA_MC/PtPdRhRuIr/cgcnn/root_dir/Slab_1044.cif,0.23982877111111142,slab111,54,108,54.0,0.23849326253466366,0.0013355085764477637,0.0013355085764477637,0.23830750731043168,0.0015212638006797397,0.0015212638006797397,holdout
Slab_1045,/home/jinsookim/HEA_MC/PtPdRhRuIr/cgcnn/root_dir/Slab_1045.cif,0.28771658833333325,slab111,54,108,54.0,0.28603036081607297,0.0016862275172602748,0.0016862275172602748,0.28586129564834883,0.001855292684984411,0.001855292684984411,fit
Slab_1046,/home/jinsookim/HEA_MC/PtPdRhRuIr/cgcnn/root_dir/Slab_1046.cif,0.2705767798148147,slab111,54,108,54.0,0.26917668897726593,0.001400090837548773,0.001400090837548773,0.26914302411668456,0.0014337556981301458,0.0014337556981301458,holdout
Slab_1047,/home/jinsookim/HEA_MC/PtPdRhRuIr/cgcnn/root_dir/Slab_1047.cif,0.26702771574074047,slab111,54,108,54.0,0.26443732889016414,0.0025903868505763317,0.0025903868505763317,0.2646630313984213,0.002364684342319179,0.002364684342319179,fit
Slab_1048,/home/jinsookim/HEA_MC/PtPdRhRuIr/cgcnn/root_dir/Slab_1048.cif,0.252556982777779,slab111,54,108,54.0,0.25312432771528726,-0.0005673449375082629,0.0005673449375082629,0.253298180255041,-0.0007411974772620344,0.0007411974772620344,fit
Slab_1049,/home/jinsookim/HEA_MC/PtPdRhRuIr/cgcnn/root_dir/Slab_1049.cif,0.24401036759259345,slab111,54,108,54.0,0.24436293010588367,-0.0003525625132902166,0.0003525625132902166,0.24431259389126395,-0.0003022262986704938,0.0003022262986704938,fit
Slab_1050,/home/jinsookim/HEA_MC/PtPdRhRuIr/cgcnn/root_dir/Slab_1050.cif,0.2532516249999996,slab111,54,108,54.0,0.2552816789214027,-0.0020300539214030966,0.0020300539214030966,0.25543341444226014,-0.002181789442260551,0.002181789442260551,fit
Slab_1051,/home/jinsookim/HEA_MC/PtPdRhRuIr/cgcnn/root_dir/Slab_1051.cif,0.2276397435185189,slab111,54,108,54.0,0.22901940103915136,-0.0013796575206324602,0.0013796575206324602,0.2294126788525868,-0.0017729353340678877,0.0017729353340678877,fit
Slab_1052,/home/jinsookim/HEA_MC/PtPdRhRuIr/cgcnn/root_dir/Slab_1052.cif,0.23546839425925883,slab111,54,108,54.0,0.23510023555280016,0.00036815870645867665,0.00036815870645867665,0.23534306181711348,0.00012533244214535388,0.00012533244214535388,fit
Slab_1053,/home/jinsookim/HEA_MC/PtPdRhRuIr/cgcnn/root_dir/Slab_1053.cif,0.26050287203703754,slab111,54,108,54.0,0.26266844261850214,-0.0021655705814646042,0.0021655705814646042,0.2627731058057679,-0.0022702337687303675,0.0022702337687303675,fit
Slab_1054,/home/jinsookim/HEA_MC/PtPdRhRuIr/cgcnn/root_dir/Slab_1054.cif,0.2643069783333342,slab111,54,108,54.0,0.2639266965903526,0.000380281742981603,0.000380281742981603,0.2642286965477178,7.828178561641863e-05,7.828178561641863e-05,fit
Slab_1055,/home/jinsookim/HEA_MC/PtPdRhRuIr/cgcnn/root_dir/Slab_1055.cif,0.24785012074074148,slab111,54,108,54.0,0.24375776473993224,0.004092356000809233,0.004092356000809233,0.24350207399243898,0.004348046748302498,0.004348046748302498,holdout
Slab_1056,/home/jinsookim/HEA_MC/PtPdRhRuIr/cgcnn/root_dir/Slab_1056.cif,0.25487515092592616,slab111,54,108,54.0,0.25676017356031494,-0.0018850226343887777,0.0018850226343887777,0.25650586555213767,-0.0016307146262115046,0.0016307146262115046,fit
Slab_1057,/home/jinsookim/HEA_MC/PtPdRhRuIr/cgcnn/root_dir/Slab_1057.cif,0.25056478537036947,slab111,54,108,54.0,0.2502917393915421,0.0002730459788273798,0.0002730459788273798,0.2505827141707111,-1.7928800341626694e-05,1.7928800341626694e-05,fit
Slab_1058,/home/jinsookim/HEA_MC/PtPdRhRuIr/cgcnn/root_dir/Slab_1058.cif,0.2546126364814814,slab111,54,108,54.0,0.2555993397220259,-0.0009867032405445064,0.0009867032405445064,0.25621906965436547,-0.0016064331728840586,0.0016064331728840586,holdout
Slab_1059,/home/jinsookim/HEA_MC/PtPdRhRuIr/cgcnn/root_dir/Slab_1059.cif,0.2611022031481485,slab111,54,108,54.0,0.2603559686145351,0.0007462345336134435,0.0007462345336134435,0.2606565650904914,0.0004456380576571273,0.0004456380576571273,fit
Slab_1060,/home/jinsookim/HEA_MC/PtPdRhRuIr/cgcnn/root_dir/Slab_1060.cif,0.2635365059259256,slab111,54,108,54.0,0.26637331058658786,-0.002836804660662273,0.002836804660662273,0.2662221951271459,-0.0026856892012203093,0.0026856892012203093,fit
Slab_1061,/home/jinsookim/HEA_MC/PtPdRhRuIr/cgcnn/root_dir/Slab_1061.cif,0.27708679500000033,slab111,54,108,54.0,0.27720523851753937,-0.00011844351753903526,0.00011844351753903526,0.2772525860256347,-0.00016579102563435422,0.00016579102563435422,fit
Slab_1062,/home/jinsookim/HEA_MC/PtPdRhRuIr/cgcnn/root_dir/Slab_1062.cif,0.18725715851851882,slab111,54,108,54.0,0.19112921571294322,-0.0038720571944244053,0.0038720571944244053,0.1911073150764799,-0.0038501565579610875,0.0038501565579610875,fit
Slab_1063,/home/jinsookim/HEA_MC/PtPdRhRuIr/cgcnn/root_dir/Slab_1063.cif,0.3155046296296291,slab111,54,108,54.0,0.31404040621848767,0.001464223411141441,0.001464223411141441,0.3138723314947764,0.0016322981348527166,0.0016322981348527166,fit
Slab_1064,/home/jinsookim/HEA_MC/PtPdRhRuIr/cgcnn/root_dir/Slab_1064.cif,0.27276371296296303,slab111,54,108,54.0,0.274141270542936,-0.0013775575799729878,0.0013775575799729878,0.27392599124013595,-0.0011622782771729123,0.0011622782771729123,holdout
Slab_1065,/home/jinsookim/HEA_MC/PtPdRhRuIr/cgcnn/root_dir/Slab_1065.cif,0.2745291481481489,slab111,54,108,54.0,0.27337053524476546,0.001158612903383427,0.001158612903383427,0.2731740317303683,0.0013551164177805775,0.0013551164177805775,holdout
Slab_1066,/home/jinsookim/HEA_MC/PtPdRhRuIr/cgcnn/root_dir/Slab_1066.cif,0.25118723055555636,slab111,54,108,54.0,0.25017368035342524,0.0010135502021311193,0.0010135502021311193,0.2505445296989405,0.0006427008566158854,0.0006427008566158854,fit
Slab_1067,/home/jinsookim/HEA_MC/PtPdRhRuIr/cgcnn/root_dir/Slab_1067.cif,0.22915438722222242,slab111,54,108,54.0,0.23106068906453062,-0.0019063018423081945,0.0019063018423081945,0.2310320712852465,-0.0018776840630240765,0.0018776840630240765,fit
Slab_1068,/home/jinsookim/HEA_MC/PtPdRhRuIr/cgcnn/root_dir/Slab_1068.cif,0.2570486031481483,slab111,54,108,54.0,0.2618884791224614,-0.004839875974313068,0.004839875974313068,0.2617937964346914,-0.0047451932865431035,0.0047451932865431035,fit
Slab_1069,/home/jinsookim/HEA_MC/PtPdRhRuIr/cgcnn/root_dir/Slab_1069.cif,0.259334792777779,slab111,54,108,54.0,0.26373709780002225,-0.004402305022243258,0.004402305022243258,0.2637484817632234,-0.0044136889854444195,0.0044136889854444195,fit
Slab_1070,/home/jinsookim/HEA_MC/PtPdRhRuIr/cgcnn/root_dir/Slab_1070.cif,0.23012565814814756,slab111,54,108,54.0,0.23194190256697517,-0.0018162444188276061,0.0018162444188276061,0.2321883380394588,-0.002062679891311231,0.002062679891311231,fit
Slab_1071,/home/jinsookim/HEA_MC/PtPdRhRuIr/cgcnn/root_dir/Slab_1071.cif,0.27155150740740647,slab111,54,108,54.0,0.27473085450084334,-0.0031793470934368684,0.0031793470934368684,0.274897556151867,-0.003346048744460539,0.003346048744460539,fit
Slab_1072,/home/jinsookim/HEA_MC/PtPdRhRuIr/cgcnn/root_dir/Slab_1072.cif,0.2729643335185185,slab111,54,108,54.0,0.27439990698989697,-0.0014355734713784596,0.0014355734713784596,0.27462114717949815,-0.0016568136609796391,0.0016568136609796391,fit
Slab_1073,/home/jinsookim/HEA_MC/PtPdRhRuIr/cgcnn/root_dir/Slab_1073.cif,0.24289913092592505,slab111,54,108,54.0,0.24186751075755558,0.0010316201683694681,0.0010316201683694681,0.24187878764342519,0.0010203432824998637,0.0010203432824998637,fit
Slab_1074,/home/jinsookim/HEA_MC/PtPdRhRuIr/cgcnn/root_dir/Slab_1074.cif,0.27346183555555587,slab111,54,108,54.0,0.2721415248251191,0.0013203107304367578,0.0013203107304367578,0.2719877402478455,0.0014740953077103658,0.0014740953077103658,fit
Slab_1075,/home/jinsookim/HEA_MC/PtPdRhRuIr/cgcnn/root_dir/Slab_1075.cif,0.26147579666666665,slab111,54,108,54.0,0.26237178654365323,-0.0008959898769865804,0.0008959898769865804,0.26222712751706007,-0.0007513308503934168,0.0007513308503934168,fit
Slab_1076,/home/jinsookim/HEA_MC/PtPdRhRuIr/cgcnn/root_dir/Slab_1076.cif,0.23146660407407446,slab111,54,108,54.0,0.2326996592313704,-0.001233055157295937,0.001233055157295937,0.2330491271811013,-0.0015825231070268342,0.0015825231070268342,fit
Slab_1077,/home/jinsookim/HEA_MC/PtPdRhRuIr/cgcnn/root_dir/Slab_1077.cif,0.2435895135185191,slab111,54,108,54.0,0.2468122667802785,-0.0032227532617594146,0.0032227532617594146,0.24688524829576033,-0.003295734777241238,0.003295734777241238,fit
Slab_1078,/home/jinsookim/HEA_MC/PtPdRhRuIr/cgcnn/root_dir/Slab_1078.cif,0.26104429351851804,slab111,54,108,54.0,0.25954987732247453,0.0014944161960435132,0.0014944161960435132,0.2594686447921088,0.0015756487264092511,0.0015756487264092511,fit
Slab_1079,/home/jinsookim/HEA_MC/PtPdRhRuIr/cgcnn/root_dir/Slab_1079.cif,0.2787417361111106,slab111,54,108,54.0,0.2792581069597568,-0.0005163708486461971,0.0005163708486461971,0.2790568416870789,-0.0003151055759683108,0.0003151055759683108,fit
Slab_1080,/home/jinsookim/HEA_MC/PtPdRhRuIr/cgcnn/root_dir/Slab_1080.cif,0.2539015312962963,slab111,54,108,54.0,0.2542896908444671,-0.0003881595481708411,0.0003881595481708411,0.25459861870510103,-0.000697087408804753,0.000697087408804753,fit
Slab_1081,/home/jinsookim/HEA_MC/PtPdRhRuIr/cgcnn/root_dir/Slab_1081.cif,0.27850315222222255,slab111,54,108,54.0,0.2773291167947621,0.0011740354274604736,0.0011740354274604736,0.27759912474123033,0.00090402748099222,0.00090402748099222,fit
Slab_1082,/home/jinsookim/HEA_MC/PtPdRhRuIr/cgcnn/root_dir/Slab_1082.cif,0.2758157766666666,slab111,54,108,54.0,0.27614721271196857,-0.00033143604530194715,0.00033143604530194715,0.2762327375040703,-0.0004169608374036682,0.0004169608374036682,fit
Slab_1083,/home/jinsookim/HEA_MC/PtPdRhRuIr/cgcnn/root_dir/Slab_1083.cif,0.2733438340740743,slab111,54,108,54.0,0.27424181804851744,-0.0008979839744431284,0.0008979839744431284,0.27407561613335274,-0.0007317820592784297,0.0007317820592784297,fit
Slab_1084,/home/jinsookim/HEA_MC/PtPdRhRuIr/cgcnn/root_dir/Slab_1084.cif,0.23740393296296142,slab111,54,108,54.0,0.23442842453504817,0.002975508427913248,0.002975508427913248,0.23433256638097044,0.0030713665819909752,0.0030713665819909752,fit
Slab_1085,/home/jinsookim/HEA_MC/PtPdRhRuIr/cgcnn/root_dir/Slab_1085.cif,0.23110576092592636,slab111,54,108,54.0,0.2298818648423517,0.0012238960835746493,0.0012238960835746493,0.23013866278308628,0.0009670981428400727,0.0009670981428400727,fit
Slab_1086,/home/jinsookim/HEA_MC/PtPdRhRuIr/cgcnn/root_dir/Slab_1086.cif,0.2701888379629622,slab111,54,108,54.0,0.26964308012216737,0.0005457578407948582,0.0005457578407948582,0.2693431191114441,0.0008457188515181291,0.0008457188515181291,holdout
Slab_1087,/home/jinsookim/HEA_MC/PtPdRhRuIr/cgcnn/root_dir/Slab_1087.cif,0.20349559592592556,slab111,54,108,54.0,0.20373691750230358,-0.00024132157637801743,0.00024132157637801743,0.20416729226974004,-0.0006716963438144763,0.0006716963438144763,holdout
Slab_1088,/home/jinsookim/HEA_MC/PtPdRhRuIr/cgcnn/root_dir/Slab_1088.cif,0.2392209762962965,slab111,54,108,54.0,0.24544014913513534,-0.0062191728388388545,0.0062191728388388545,0.24615104320555947,-0.006930066909262983,0.006930066909262983,holdout
Slab_1089,/home/jinsookim/HEA_MC/PtPdRhRuIr/cgcnn/root_dir/Slab_1089.cif,0.25616326018518554,slab111,54,108,54.0,0.25928508299998265,-0.003121822814797115,0.003121822814797115,0.25959152770010674,-0.0034282675149212016,0.0034282675149212016,fit
Slab_1090,/home/jinsookim/HEA_MC/PtPdRhRuIr/cgcnn/root_dir/Slab_1090.cif,0.26531541703703576,slab111,54,108,54.0,0.2657377319605386,-0.0004223149235028645,0.0004223149235028645,0.2657729469459218,-0.00045752990888603406,0.00045752990888603406,fit
Slab_1091,/home/jinsookim/HEA_MC/PtPdRhRuIr/cgcnn/root_dir/Slab_1091.cif,0.27761440981481444,slab111,54,108,54.0,0.2746746014576998,0.0029398083571146594,0.0029398083571146594,0.2746697354418302,0.002944674372984235,0.002944674372984235,fit
Slab_1092,/home/jinsookim/HEA_MC/PtPdRhRuIr/cgcnn/root_dir/Slab_1092.cif,0.2859245424074078,slab111,54,108,54.0,0.2831421412733125,0.0027824011340952803,0.0027824011340952803,0.28312500346650427,0.002799538940903512,0.002799538940903512,fit
Slab_1093,/home/jinsookim/HEA_MC/PtPdRhRuIr/cgcnn/root_dir/Slab_1093.cif,0.2706567494444456,slab111,54,108,54.0,0.27015739593023164,0.0004993535142139849,0.0004993535142139849,0.27025933002521124,0.0003974194192343794,0.0003974194192343794,fit
Slab_1094,/home/jinsookim/HEA_MC/PtPdRhRuIr/cgcnn/root_dir/Slab_1094.cif,0.28148519666666727,slab111,54,108,54.0,0.27917335493429857,0.0023118417323687024,0.0023118417323687024,0.2789470021533432,0.0025381945133240436,0.0025381945133240436,holdout
Slab_1095,/home/jinsookim/HEA_MC/PtPdRhRuIr/cgcnn/root_dir/Slab_1095.cif,0.2458449994444436,slab111,54,108,54.0,0.24608395580000295,-0.00023895635555934436,0.00023895635555934436,0.24613165446191318,-0.0002866550174695781,0.0002866550174695781,fit
Slab_1096,/home/jinsookim/HEA_MC/PtPdRhRuIr/cgcnn/root_dir/Slab_1096.cif,0.28280237296296257,slab111,54,108,54.0,0.2831648289414195,-0.00036245597845691035,0.00036245597845691035,0.2828250012492461,-2.2628286283521426e-05,2.2628286283521426e-05,fit
Slab_1097,/home/jinsookim/HEA_MC/PtPdRhRuIr/cgcnn/root_dir/Slab_1097.cif,0.25105855370370445,slab111,54,108,54.0,0.24650784681775303,0.004550706885951411,0.004550706885951411,0.2465305067771839,0.004528046926520535,0.004528046926520535,fit
Slab_1098,/home/jinsookim/HEA_MC/PtPdRhRuIr/cgcnn/root_dir/Slab_1098.cif,0.24720896055555597,slab111,54,108,54.0,0.24160556664741695,0.0056033939081390205,0.0056033939081390205,0.2416806129604059,0.005528347595150057,0.005528347595150057,fit
Slab_1099,/home/jinsookim/HEA_MC/PtPdRhRuIr/cgcnn/root_dir/Slab_1099.cif,0.30802300092592555,slab111,54,108,54.0,0.30810610284524154,-8.310191931598654e-05,8.310191931598654e-05,0.3079194608354295,0.00010354009049606816,0.00010354009049606816,fit
