tau_bin,mse_bin,crps_bin,tau_center,mse_center,crps_center,raw_count,raw_probability,kde_probability
0,0,0,-0.13337875952505374,0.06626764029247711,0.0035619445867739875,0,0.0,2.2030093015075133e-11
0,0,1,-0.13337875952505374,0.06626764029247711,0.009361568373331762,0,0.0,5.113349244710315e-11
0,0,2,-0.13337875952505374,0.06626764029247711,0.015161192159889538,0,0.0,9.213407820073476e-11
0,0,3,-0.13337875952505374,0.06626764029247711,0.020960815946447314,0,0.0,2.2210335304787435e-10
0,0,4,-0.13337875952505374,0.06626764029247711,0.026760439733005088,0,0.0,3.3437446648311937e-10
0,0,5,-0.13337875952505374,0.06626764029247711,0.032560063519562865,0,0.0,2.0052211978829585e-10
0,0,6,-0.13337875952505374,0.06626764029247711,0.03835968730612063,0,0.0,4.467699488882931e-11
0,0,7,-0.13337875952505374,0.06626764029247711,0.04415931109267841,0,0.0,3.666497464493361e-12
0,0,8,-0.13337875952505374,0.06626764029247711,0.04995893487923618,0,0.0,1.1071862975226461e-13
0,0,9,-0.13337875952505374,0.06626764029247711,0.05575855866579396,0,0.0,0.0
0,0,10,-0.13337875952505374,0.06626764029247711,0.061558182452351735,0,0.0,0.0
0,0,11,-0.13337875952505374,0.06626764029247711,0.06735780623890952,0,0.0,0.0
0,0,12,-0.13337875952505374,0.06626764029247711,0.07315743002546729,0,0.0,0.0
0,0,13,-0.13337875952505374,0.06626764029247711,0.07895705381202506,0,0.0,0.0
0,0,14,-0.13337875952505374,0.06626764029247711,0.08475667759858284,0,0.0,0.0
0,0,15,-0.13337875952505374,0.06626764029247711,0.09055630138514062,0,0.0,0.0
0,0,16,-0.13337875952505374,0.06626764029247711,0.09635592517169839,0,0.0,0.0
0,0,17,-0.13337875952505374,0.06626764029247711,0.10215554895825617,0,0.0,0.0
0,0,18,-0.13337875952505374,0.06626764029247711,0.10795517274481395,0,0.0,0.0
0,0,19,-0.13337875952505374,0.06626764029247711,0.11375479653137172,0,0.0,0.0
0,1,0,-0.13337875952505374,0.07534911933247435,0.0035619445867739875,0,0.0,3.5322339126243188e-09
0,1,1,-0.13337875952505374,0.07534911933247435,0.009361568373331762,0,0.0,6.213281651006042e-09
0,1,2,-0.13337875952505374,0.07534911933247435,0.015161192159889538,0,0.0,6.50760066747566e-09
0,1,3,-0.13337875952505374,0.07534911933247435,0.020960815946447314,0,0.0,8.810408099956907e-09
0,1,4,-0.13337875952505374,0.07534911933247435,0.026760439733005088,0,0.0,1.1629316818007491e-08
0,1,5,-0.13337875952505374,0.07534911933247435,0.032560063519562865,0,0.0,6.8602528441834085e-09
0,1,6,-0.13337875952505374,0.07534911933247435,0.03835968730612063,0,0.0,1.5250405885049822e-09
0,1,7,-0.13337875952505374,0.07534911933247435,0.04415931109267841,0,0.0,1.2510376700395464e-10
0,1,8,-0.13337875952505374,0.07534911933247435,0.04995893487923618,0,0.0,3.777490538290121e-12
0,1,9,-0.13337875952505374,0.07534911933247435,0.05575855866579396,0,0.0,0.0
0,1,10,-0.13337875952505374,0.07534911933247435,0.061558182452351735,0,0.0,0.0
0,1,11,-0.13337875952505374,0.07534911933247435,0.06735780623890952,0,0.0,0.0
0,1,12,-0.13337875952505374,0.07534911933247435,0.07315743002546729,0,0.0,0.0
0,1,13,-0.13337875952505374,0.07534911933247435,0.07895705381202506,0,0.0,0.0
0,1,14,-0.13337875952505374,0.07534911933247435,0.08475667759858284,0,0.0,0.0
0,1,15,-0.13337875952505374,0.07534911933247435,0.09055630138514062,0,0.0,0.0
0,1,16,-0.13337875952505374,0.07534911933247435,0.09635592517169839,0,0.0,0.0
0,1,17,-0.13337875952505374,0.07534911933247435,0.10215554895825617,0,0.0,0.0
0,1,18,-0.13337875952505374,0.07534911933247435,0.10795517274481395,0,0.0,0.0
0,1,19,-0.13337875952505374,0.07534911933247435,0.11375479653137172,0,0.0,0.0
0,2,0,-0.13337875952505374,0.08443059837247156,0.0035619445867739875,0,0.0,1.3274543877351328e-07
0,2,1,-0.13337875952505374,0.08443059837247156,0.009361568373331762,0,0.0,2.1368991154505633e-07
0,2,2,-0.13337875952505374,0.08443059837247156,0.015161192159889538,0,0.0,1.8739092994696377e-07
0,2,3,-0.13337875952505374,0.08443059837247156,0.020960815946447314,0,0.0,1.5608388283407258e-07
0,2,4,-0.13337875952505374,0.08443059837247156,0.026760439733005088,0,0.0,1.6044147615985265e-07
0,2,5,-0.13337875952505374,0.08443059837247156,0.032560063519562865,0,0.0,9.192245788135187e-08
0,2,6,-0.13337875952505374,0.08443059837247156,0.03835968730612063,0,0.0,2.131076328060427e-08
0,2,7,-0.13337875952505374,0.08443059837247156,0.04415931109267841,0,0.0,1.9815945928968944e-09
0,2,8,-0.13337875952505374,0.08443059837247156,0.04995893487923618,0,0.0,7.932365697309348e-11
0,2,9,-0.13337875952505374,0.08443059837247156,0.05575855866579396,0,0.0,9.379131347593347e-13
0,2,10,-0.13337875952505374,0.08443059837247156,0.061558182452351735,0,0.0,2.7444404449594257e-16
0,2,11,-0.13337875952505374,0.08443059837247156,0.06735780623890952,0,0.0,0.0
0,2,12,-0.13337875952505374,0.08443059837247156,0.07315743002546729,0,0.0,0.0
0,2,13,-0.13337875952505374,0.08443059837247156,0.07895705381202506,0,0.0,0.0
0,2,14,-0.13337875952505374,0.08443059837247156,0.08475667759858284,0,0.0,0.0
0,2,15,-0.13337875952505374,0.08443059837247156,0.09055630138514062,0,0.0,0.0
0,2,16,-0.13337875952505374,0.08443059837247156,0.09635592517169839,0,0.0,0.0
0,2,17,-0.13337875952505374,0.08443059837247156,0.10215554895825617,0,0.0,0.0
0,2,18,-0.13337875952505374,0.08443059837247156,0.10795517274481395,0,0.0,0.0
0,2,19,-0.13337875952505374,0.08443059837247156,0.11375479653137172,0,0.0,0.0
0,3,0,-0.13337875952505374,0.09351207741246878,0.0035619445867739875,0,0.0,2.177428137869801e-06
0,3,1,-0.13337875952505374,0.09351207741246878,0.009361568373331762,0,0.0,3.220260805957662e-06
0,3,2,-0.13337875952505374,0.09351207741246878,0.015161192159889538,0,0.0,2.584199527564504e-06
0,3,3,-0.13337875952505374,0.09351207741246878,0.020960815946447314,0,0.0,1.5204933332659882e-06
0,3,4,-0.13337875952505374,0.09351207741246878,0.026760439733005088,0,0.0,1.0572990341287686e-06
0,3,5,-0.13337875952505374,0.09351207741246878,0.032560063519562865,0,0.0,5.828280960702419e-07
0,3,6,-0.13337875952505374,0.09351207741246878,0.03835968730612063,0,0.0,1.6612136277415585e-07
0,3,7,-0.13337875952505374,0.09351207741246878,0.04415931109267841,0,0.0,2.487873160709759e-08
0,3,8,-0.13337875952505374,0.09351207741246878,0.04995893487923618,0,0.0,2.156904218419412e-09
0,3,9,-0.13337875952505374,0.09351207741246878,0.05575855866579396,0,0.0,1.0269458693181276e-10
0,3,10,-0.13337875952505374,0.09351207741246878,0.061558182452351735,0,0.0,2.159683821428526e-12
0,3,11,-0.13337875952505374,0.09351207741246878,0.06735780623890952,0,0.0,2.7444404449594257e-16
0,3,12,-0.13337875952505374,0.09351207741246878,0.07315743002546729,0,0.0,0.0
0,3,13,-0.13337875952505374,0.09351207741246878,0.07895705381202506,0,0.0,0.0
0,3,14,-0.13337875952505374,0.09351207741246878,0.08475667759858284,0,0.0,0.0
0,3,15,-0.13337875952505374,0.09351207741246878,0.09055630138514062,0,0.0,0.0
0,3,16,-0.13337875952505374,0.09351207741246878,0.09635592517169839,0,0.0,0.0
0,3,17,-0.13337875952505374,0.09351207741246878,0.10215554895825617,0,0.0,0.0
0,3,18,-0.13337875952505374,0.09351207741246878,0.10795517274481395,0,0.0,0.0
0,3,19,-0.13337875952505374,0.09351207741246878,0.11375479653137172,0,0.0,0.0
0,4,0,-0.13337875952505374,0.10259355645246601,0.0035619445867739875,0,0.0,1.806337732562274e-05
0,4,1,-0.13337875952505374,0.10259355645246601,0.009361568373331762,0,0.0,2.3735014131348912e-05
0,4,2,-0.13337875952505374,0.10259355645246601,0.015161192159889538,0,0.0,1.7874510003399347e-05
0,4,3,-0.13337875952505374,0.10259355645246601,0.020960815946447314,0,0.0,9.272146229863708e-06
0,4,4,-0.13337875952505374,0.10259355645246601,0.026760439733005088,0,0.0,4.8423666085377876e-06
0,4,5,-0.13337875952505374,0.10259355645246601,0.032560063519562865,0,0.0,2.7800299973765616e-06
0,4,6,-0.13337875952505374,0.10259355645246601,0.03835968730612063,0,0.0,1.2040002492152702e-06
0,4,7,-0.13337875952505374,0.10259355645246601,0.04415931109267841,0,0.0,3.1014915500954253e-07
0,4,8,-0.13337875952505374,0.10259355645246601,0.04995893487923618,0,0.0,4.2588052744723603e-08
0,4,9,-0.13337875952505374,0.10259355645246601,0.05575855866579396,0,0.0,2.768695117712732e-09
0,4,10,-0.13337875952505374,0.10259355645246601,0.061558182452351735,0,0.0,7.233924964773495e-11
0,4,11,-0.13337875952505374,0.10259355645246601,0.06735780623890952,0,0.0,1.1980696832311923e-13
0,4,12,-0.13337875952505374,0.10259355645246601,0.07315743002546729,0,0.0,9.088338570854601e-15
0,4,13,-0.13337875952505374,0.10259355645246601,0.07895705381202506,0,0.0,2.7444404449594257e-16
0,4,14,-0.13337875952505374,0.10259355645246601,0.08475667759858284,0,0.0,0.0
0,4,15,-0.13337875952505374,0.10259355645246601,0.09055630138514062,0,0.0,0.0
0,4,16,-0.13337875952505374,0.10259355645246601,0.09635592517169839,0,0.0,0.0
0,4,17,-0.13337875952505374,0.10259355645246601,0.10215554895825617,0,0.0,0.0
0,4,18,-0.13337875952505374,0.10259355645246601,0.10795517274481395,0,0.0,0.0
0,4,19,-0.13337875952505374,0.10259355645246601,0.11375479653137172,0,0.0,0.0
0,5,0,-0.13337875952505374,0.11167503549246324,0.0035619445867739875,0,0.0,8.542004761298187e-05
0,5,1,-0.13337875952505374,0.11167503549246324,0.009361568373331762,0,0.0,9.878336782433293e-05
0,5,2,-0.13337875952505374,0.11167503549246324,0.015161192159889538,0,0.0,6.920243812039731e-05
0,5,3,-0.13337875952505374,0.11167503549246324,0.020960815946447314,0,0.0,3.5400469766580914e-05
0,5,4,-0.13337875952505374,0.11167503549246324,0.026760439733005088,0,0.0,1.7841047860832757e-05
0,5,5,-0.13337875952505374,0.11167503549246324,0.032560063519562865,0,0.0,1.1514938025628087e-05
0,5,6,-0.13337875952505374,0.11167503549246324,0.03835968730612063,0,0.0,6.812565604247373e-06
0,5,7,-0.13337875952505374,0.11167503549246324,0.04415931109267841,0,0.0,2.4289788220024018e-06
0,5,8,-0.13337875952505374,0.11167503549246324,0.04995893487923618,0,0.0,4.2419567811643065e-07
0,5,9,-0.13337875952505374,0.11167503549246324,0.05575855866579396,0,0.0,3.197335316772899e-08
0,5,10,-0.13337875952505374,0.11167503549246324,0.061558182452351735,0,0.0,1.0070338408853985e-09
0,5,11,-0.13337875952505374,0.11167503549246324,0.06735780623890952,0,0.0,1.2434779858176203e-11
0,5,12,-0.13337875952505374,0.11167503549246324,0.07315743002546729,0,0.0,7.126475084071964e-13
0,5,13,-0.13337875952505374,0.11167503549246324,0.07895705381202506,0,0.0,1.81766771417092e-14
0,5,14,-0.13337875952505374,0.11167503549246324,0.08475667759858284,0,0.0,0.0
0,5,15,-0.13337875952505374,0.11167503549246324,0.09055630138514062,0,0.0,0.0
0,5,16,-0.13337875952505374,0.11167503549246324,0.09635592517169839,0,0.0,0.0
0,5,17,-0.13337875952505374,0.11167503549246324,0.10215554895825617,0,0.0,0.0
0,5,18,-0.13337875952505374,0.11167503549246324,0.10795517274481395,0,0.0,0.0
0,5,19,-0.13337875952505374,0.11167503549246324,0.11375479653137172,0,0.0,0.0
0,6,0,-0.13337875952505374,0.12075651453246046,0.0035619445867739875,0,0.0,0.00024398163946722233
0,6,1,-0.13337875952505374,0.12075651453246046,0.009361568373331762,0,0.0,0.00025380698056115455
0,6,2,-0.13337875952505374,0.12075651453246046,0.015161192159889538,2,0.0002,0.00016353461239628156
0,6,3,-0.13337875952505374,0.12075651453246046,0.020960815946447314,1,0.0001,8.299725888128854e-05
0,6,4,-0.13337875952505374,0.12075651453246046,0.026760439733005088,0,0.0,4.442455696254818e-05
0,6,5,-0.13337875952505374,0.12075651453246046,0.032560063519562865,1,0.0001,3.0981500756652304e-05
0,6,6,-0.13337875952505374,0.12075651453246046,0.03835968730612063,0,0.0,2.155608840376683e-05
0,6,7,-0.13337875952505374,0.12075651453246046,0.04415931109267841,0,0.0,9.311798467026781e-06
0,6,8,-0.13337875952505374,0.12075651453246046,0.04995893487923618,0,0.0,1.8825500518585606e-06
0,6,9,-0.13337875952505374,0.12075651453246046,0.05575855866579396,0,0.0,1.659876992785616e-07
0,6,10,-0.13337875952505374,0.12075651453246046,0.061558182452351735,0,0.0,8.009614619098426e-09
0,6,11,-0.13337875952505374,0.12075651453246046,0.06735780623890952,0,0.0,3.7713643491544766e-10
0,6,12,-0.13337875952505374,0.12075651453246046,0.07315743002546729,0,0.0,2.0966065825303546e-11
0,6,13,-0.13337875952505374,0.12075651453246046,0.07895705381202506,0,0.0,5.224016988319951e-13
0,6,14,-0.13337875952505374,0.12075651453246046,0.08475667759858284,0,0.0,0.0
0,6,15,-0.13337875952505374,0.12075651453246046,0.09055630138514062,0,0.0,0.0
0,6,16,-0.13337875952505374,0.12075651453246046,0.09635592517169839,0,0.0,0.0
0,6,17,-0.13337875952505374,0.12075651453246046,0.10215554895825617,0,0.0,0.0
0,6,18,-0.13337875952505374,0.12075651453246046,0.10795517274481395,0,0.0,0.0
0,6,19,-0.13337875952505374,0.12075651453246046,0.11375479653137172,0,0.0,0.0
0,7,0,-0.13337875952505374,0.12983799357245768,0.0035619445867739875,0,0.0,0.00042122335981764023
0,7,1,-0.13337875952505374,0.12983799357245768,0.009361568373331762,0,0.0,0.0004061206633341388
0,7,2,-0.13337875952505374,0.12983799357245768,0.015161192159889538,1,0.0001,0.0002435227339849487
0,7,3,-0.13337875952505374,0.12983799357245768,0.020960815946447314,1,0.0001,0.0001241392163741478
0,7,4,-0.13337875952505374,0.12983799357245768,0.026760439733005088,1,0.0001,7.220388800861454e-05
0,7,5,-0.13337875952505374,0.12983799357245768,0.032560063519562865,0,0.0,5.004893618028125e-05
0,7,6,-0.13337875952505374,0.12983799357245768,0.03835968730612063,2,0.0002,3.566018833267905e-05
0,7,7,-0.13337875952505374,0.12983799357245768,0.04415931109267841,0,0.0,1.741262127680747e-05
0,7,8,-0.13337875952505374,0.12983799357245768,0.04995893487923618,0,0.0,4.3382116924415946e-06
0,7,9,-0.13337875952505374,0.12983799357245768,0.05575855866579396,0,0.0,5.831073413899952e-07
0,7,10,-0.13337875952505374,0.12983799357245768,0.061558182452351735,0,0.0,5.902778235659453e-08
0,7,11,-0.13337875952505374,0.12983799357245768,0.06735780623890952,0,0.0,5.396943030976986e-09
0,7,12,-0.13337875952505374,0.12983799357245768,0.07315743002546729,0,0.0,3.204774463581556e-10
0,7,13,-0.13337875952505374,0.12983799357245768,0.07895705381202506,0,0.0,8.325407874673784e-12
0,7,14,-0.13337875952505374,0.12983799357245768,0.08475667759858284,0,0.0,0.0
0,7,15,-0.13337875952505374,0.12983799357245768,0.09055630138514062,0,0.0,0.0
0,7,16,-0.13337875952505374,0.12983799357245768,0.09635592517169839,0,0.0,0.0
0,7,17,-0.13337875952505374,0.12983799357245768,0.10215554895825617,0,0.0,0.0
0,7,18,-0.13337875952505374,0.12983799357245768,0.10795517274481395,0,0.0,0.0
0,7,19,-0.13337875952505374,0.12983799357245768,0.11375479653137172,0,0.0,0.0
0,8,0,-0.13337875952505374,0.1389194726124549,0.0035619445867739875,4,0.0004,0.0004234217565199267
0,8,1,-0.13337875952505374,0.1389194726124549,0.009361568373331762,3,0.0003,0.00038850156723877556
0,8,2,-0.13337875952505374,0.1389194726124549,0.015161192159889538,1,0.0001,0.00022427062378831966
0,8,3,-0.13337875952505374,0.1389194726124549,0.020960815946447314,0,0.0,0.00011986739262543096
0,8,4,-0.13337875952505374,0.1389194726124549,0.026760439733005088,0,0.0,7.647072276554001e-05
0,8,5,-0.13337875952505374,0.1389194726124549,0.032560063519562865,0,0.0,5.1685979901585646e-05
0,8,6,-0.13337875952505374,0.1389194726124549,0.03835968730612063,0,0.0,3.624182846904159e-05
0,8,7,-0.13337875952505374,0.1389194726124549,0.04415931109267841,0,0.0,2.1757584771823915e-05
0,8,8,-0.13337875952505374,0.1389194726124549,0.04995893487923618,0,0.0,8.232294429520697e-06
0,8,9,-0.13337875952505374,0.1389194726124549,0.05575855866579396,0,0.0,1.8828666224992127e-06
0,8,10,-0.13337875952505374,0.1389194726124549,0.061558182452351735,0,0.0,3.178441959055801e-07
0,8,11,-0.13337875952505374,0.1389194726124549,0.06735780623890952,0,0.0,4.1203075959668724e-08
0,8,12,-0.13337875952505374,0.1389194726124549,0.07315743002546729,0,0.0,3.1284736067919254e-09
0,8,13,-0.13337875952505374,0.1389194726124549,0.07895705381202506,0,0.0,2.785333712731969e-10
0,8,14,-0.13337875952505374,0.1389194726124549,0.08475667759858284,0,0.0,4.466708321812497e-11
0,8,15,-0.13337875952505374,0.1389194726124549,0.09055630138514062,0,0.0,3.666497464493361e-12
0,8,16,-0.13337875952505374,0.1389194726124549,0.09635592517169839,0,0.0,1.1071862975226461e-13
0,8,17,-0.13337875952505374,0.1389194726124549,0.10215554895825617,0,0.0,0.0
0,8,18,-0.13337875952505374,0.1389194726124549,0.10795517274481395,0,0.0,0.0
0,8,19,-0.13337875952505374,0.1389194726124549,0.11375479653137172,0,0.0,0.0
0,9,0,-0.13337875952505374,0.14800095165245214,0.0035619445867739875,0,0.0,0.00023328650031471422
0,9,1,-0.13337875952505374,0.14800095165245214,0.009361568373331762,0,0.0,0.00020840756920936725
0,9,2,-0.13337875952505374,0.14800095165245214,0.015161192159889538,0,0.0,0.0001209563360592778
0,9,3,-0.13337875952505374,0.14800095165245214,0.020960815946447314,0,0.0,7.035240675255344e-05
0,9,4,-0.13337875952505374,0.14800095165245214,0.026760439733005088,0,0.0,4.899402196856568e-05
0,9,5,-0.13337875952505374,0.14800095165245214,0.032560063519562865,1,0.0001,3.5825754451604174e-05
0,9,6,-0.13337875952505374,0.14800095165245214,0.03835968730612063,0,0.0,2.945711890787221e-05
0,9,7,-0.13337875952505374,0.14800095165245214,0.04415931109267841,0,0.0,2.4003889667057398e-05
0,9,8,-0.13337875952505374,0.14800095165245214,0.04995893487923618,0,0.0,1.2622270862199009e-05
0,9,9,-0.13337875952505374,0.14800095165245214,0.05575855866579396,0,0.0,4.125661999825095e-06
0,9,10,-0.13337875952505374,0.14800095165245214,0.061558182452351735,0,0.0,1.09846461631142e-06
0,9,11,-0.13337875952505374,0.14800095165245214,0.06735780623890952,0,0.0,1.967784575123751e-07
0,9,12,-0.13337875952505374,0.14800095165245214,0.07315743002546729,0,0.0,2.547634987558319e-08
0,9,13,-0.13337875952505374,0.14800095165245214,0.07895705381202506,0,0.0,7.057139047549285e-09
0,9,14,-0.13337875952505374,0.14800095165245214,0.08475667759858284,0,0.0,1.4791706484447292e-09
0,9,15,-0.13337875952505374,0.14800095165245214,0.09055630138514062,0,0.0,1.2141772064209707e-10
0,9,16,-0.13337875952505374,0.14800095165245214,0.09635592517169839,0,0.0,3.666497464493361e-12
0,9,17,-0.13337875952505374,0.14800095165245214,0.10215554895825617,0,0.0,0.0
0,9,18,-0.13337875952505374,0.14800095165245214,0.10795517274481395,0,0.0,0.0
0,9,19,-0.13337875952505374,0.14800095165245214,0.11375479653137172,0,0.0,0.0
0,10,0,-0.13337875952505374,0.15708243069244937,0.0035619445867739875,0,0.0,6.737027668189391e-05
0,10,1,-0.13337875952505374,0.15708243069244937,0.009361568373331762,0,0.0,5.9528915910438005e-05
0,10,2,-0.13337875952505374,0.15708243069244937,0.015161192159889538,0,0.0,3.596935721941841e-05
0,10,3,-0.13337875952505374,0.15708243069244937,0.020960815946447314,0,0.0,2.3090208552834166e-05
0,10,4,-0.13337875952505374,0.15708243069244937,0.026760439733005088,0,0.0,1.7392534117366897e-05
0,10,5,-0.13337875952505374,0.15708243069244937,0.032560063519562865,0,0.0,1.5275388198044645e-05
0,10,6,-0.13337875952505374,0.15708243069244937,0.03835968730612063,0,0.0,1.701858792332397e-05
0,10,7,-0.13337875952505374,0.15708243069244937,0.04415931109267841,0,0.0,1.7909549313515204e-05
0,10,8,-0.13337875952505374,0.15708243069244937,0.04995893487923618,0,0.0,1.2077366186268958e-05
0,10,9,-0.13337875952505374,0.15708243069244937,0.05575855866579396,0,0.0,6.2615061948197e-06
0,10,10,-0.13337875952505374,0.15708243069244937,0.061558182452351735,0,0.0,2.5756538060931754e-06
0,10,11,-0.13337875952505374,0.15708243069244937,0.06735780623890952,0,0.0,6.001883073834785e-07
0,10,12,-0.13337875952505374,0.15708243069244937,0.07315743002546729,0,0.0,1.747385009795456e-07
0,10,13,-0.13337875952505374,0.15708243069244937,0.07895705381202506,0,0.0,8.200373374155444e-08
0,10,14,-0.13337875952505374,0.15708243069244937,0.08475667759858284,0,0.0,1.8019987491527754e-08
0,10,15,-0.13337875952505374,0.15708243069244937,0.09055630138514062,0,0.0,1.4791706484447292e-09
0,10,16,-0.13337875952505374,0.15708243069244937,0.09635592517169839,0,0.0,4.466708321812497e-11
0,10,17,-0.13337875952505374,0.15708243069244937,0.10215554895825617,0,0.0,0.0
0,10,18,-0.13337875952505374,0.15708243069244937,0.10795517274481395,0,0.0,0.0
0,10,19,-0.13337875952505374,0.15708243069244937,0.11375479653137172,0,0.0,0.0
0,11,0,-0.13337875952505374,0.1661639097324466,0.0035619445867739875,0,0.0,9.860992473078183e-06
0,11,1,-0.13337875952505374,0.1661639097324466,0.009361568373331762,0,0.0,8.672385028548968e-06
0,11,2,-0.13337875952505374,0.1661639097324466,0.015161192159889538,0,0.0,5.504366189413154e-06
0,11,3,-0.13337875952505374,0.1661639097324466,0.020960815946447314,0,0.0,3.863185444611216e-06
0,11,4,-0.13337875952505374,0.1661639097324466,0.026760439733005088,0,0.0,3.1521988687341406e-06
0,11,5,-0.13337875952505374,0.1661639097324466,0.032560063519562865,0,0.0,3.618064844960676e-06
0,11,6,-0.13337875952505374,0.1661639097324466,0.03835968730612063,0,0.0,5.914815755555172e-06
0,11,7,-0.13337875952505374,0.1661639097324466,0.04415931109267841,0,0.0,8.145368295756298e-06
0,11,8,-0.13337875952505374,0.1661639097324466,0.04995893487923618,0,0.0,7.890840192066122e-06
0,11,9,-0.13337875952505374,0.1661639097324466,0.05575855866579396,0,0.0,6.506925757356523e-06
0,11,10,-0.13337875952505374,0.1661639097324466,0.061558182452351735,0,0.0,3.3403050123182294e-06
0,11,11,-0.13337875952505374,0.1661639097324466,0.06735780623890952,0,0.0,1.0552945812653856e-06
0,11,12,-0.13337875952505374,0.1661639097324466,0.07315743002546729,0,0.0,6.528490508994765e-07
0,11,13,-0.13337875952505374,0.1661639097324466,0.07895705381202506,0,0.0,3.6362415432937094e-07
0,11,14,-0.13337875952505374,0.1661639097324466,0.08475667759858284,0,0.0,8.075998098840858e-08
0,11,15,-0.13337875952505374,0.1661639097324466,0.09055630138514062,0,0.0,6.62918292829961e-09
0,11,16,-0.13337875952505374,0.1661639097324466,0.09635592517169839,0,0.0,2.0018397866255147e-10
0,11,17,-0.13337875952505374,0.1661639097324466,0.10215554895825617,0,0.0,0.0
0,11,18,-0.13337875952505374,0.1661639097324466,0.10795517274481395,0,0.0,0.0
0,11,19,-0.13337875952505374,0.1661639097324466,0.11375479653137172,0,0.0,0.0
0,12,0,-0.13337875952505374,0.17524538877244383,0.0035619445867739875,0,0.0,6.798830695782774e-07
0,12,1,-0.13337875952505374,0.17524538877244383,0.009361568373331762,0,0.0,5.970821454819931e-07
0,12,2,-0.13337875952505374,0.17524538877244383,0.015161192159889538,0,0.0,4.078576021827276e-07
0,12,3,-0.13337875952505374,0.17524538877244383,0.020960815946447314,0,0.0,3.2752917710837575e-07
0,12,4,-0.13337875952505374,0.17524538877244383,0.026760439733005088,0,0.0,3.0683457271544957e-07
0,12,5,-0.13337875952505374,0.17524538877244383,0.032560063519562865,0,0.0,5.209093125135899e-07
0,12,6,-0.13337875952505374,0.17524538877244383,0.03835968730612063,0,0.0,1.2790305557128696e-06
0,12,7,-0.13337875952505374,0.17524538877244383,0.04415931109267841,0,0.0,2.337829096585485e-06
0,12,8,-0.13337875952505374,0.17524538877244383,0.04995893487923618,0,0.0,3.221855913904277e-06
0,12,9,-0.13337875952505374,0.17524538877244383,0.05575855866579396,0,0.0,3.387277165889379e-06
0,12,10,-0.13337875952505374,0.17524538877244383,0.061558182452351735,0,0.0,1.9350537891052073e-06
0,12,11,-0.13337875952505374,0.17524538877244383,0.06735780623890952,0,0.0,9.840621695042884e-07
0,12,12,-0.13337875952505374,0.17524538877244383,0.07315743002546729,0,0.0,1.015260914119189e-06
0,12,13,-0.13337875952505374,0.17524538877244383,0.07895705381202506,0,0.0,5.976821607432538e-07
0,12,14,-0.13337875952505374,0.17524538877244383,0.08475667759858284,0,0.0,1.3315069847692716e-07
0,12,15,-0.13337875952505374,0.17524538877244383,0.09055630138514062,0,0.0,1.0929674901249729e-08
0,12,16,-0.13337875952505374,0.17524538877244383,0.09635592517169839,0,0.0,3.300475836743292e-10
0,12,17,-0.13337875952505374,0.17524538877244383,0.10215554895825617,0,0.0,0.0
0,12,18,-0.13337875952505374,0.17524538877244383,0.10795517274481395,0,0.0,0.0
0,12,19,-0.13337875952505374,0.17524538877244383,0.11375479653137172,0,0.0,0.0
0,13,0,-0.13337875952505374,0.18432686781244106,0.0035619445867739875,0,0.0,1.979271810087079e-08
0,13,1,-0.13337875952505374,0.18432686781244106,0.009361568373331762,0,0.0,1.810803780069846e-08
0,13,2,-0.13337875952505374,0.18432686781244106,0.015161192159889538,0,0.0,1.7165214233487028e-08
0,13,3,-0.13337875952505374,0.18432686781244106,0.020960815946447314,0,0.0,2.0109805184896622e-08
0,13,4,-0.13337875952505374,0.18432686781244106,0.026760439733005088,0,0.0,2.2975606756943244e-08
0,13,5,-0.13337875952505374,0.18432686781244106,0.032560063519562865,0,0.0,5.259114575236931e-08
0,13,6,-0.13337875952505374,0.18432686781244106,0.03835968730612063,0,0.0,1.65473533257534e-07
0,13,7,-0.13337875952505374,0.18432686781244106,0.04415931109267841,0,0.0,3.6963592713792297e-07
0,13,8,-0.13337875952505374,0.18432686781244106,0.04995893487923618,0,0.0,6.235953074109088e-07
0,13,9,-0.13337875952505374,0.18432686781244106,0.05575855866579396,0,0.0,7.220913550482388e-07
0,13,10,-0.13337875952505374,0.18432686781244106,0.061558182452351735,0,0.0,4.696041462241625e-07
0,13,11,-0.13337875952505374,0.18432686781244106,0.06735780623890952,0,0.0,4.457328696478182e-07
0,13,12,-0.13337875952505374,0.18432686781244106,0.07315743002546729,0,0.0,6.035357094871526e-07
0,13,13,-0.13337875952505374,0.18432686781244106,0.07895705381202506,0,0.0,3.621449836809262e-07
0,13,14,-0.13337875952505374,0.18432686781244106,0.08475667759858284,0,0.0,8.075998098840858e-08
0,13,15,-0.13337875952505374,0.18432686781244106,0.09055630138514062,0,0.0,6.62918292829961e-09
0,13,16,-0.13337875952505374,0.18432686781244106,0.09635592517169839,0,0.0,2.0018397866255147e-10
0,13,17,-0.13337875952505374,0.18432686781244106,0.10215554895825617,0,0.0,0.0
0,13,18,-0.13337875952505374,0.18432686781244106,0.10795517274481395,0,0.0,0.0
0,13,19,-0.13337875952505374,0.18432686781244106,0.11375479653137172,0,0.0,0.0
0,14,0,-0.13337875952505374,0.19340834685243827,0.0035619445867739875,0,0.0,9.124243978700876e-11
0,14,1,-0.13337875952505374,0.19340834685243827,0.009361568373331762,0,0.0,1.710152643645954e-10
0,14,2,-0.13337875952505374,0.19340834685243827,0.015161192159889538,0,0.0,5.652423443406734e-10
0,14,3,-0.13337875952505374,0.19340834685243827,0.020960815946447314,0,0.0,1.0275336018501594e-09
0,14,4,-0.13337875952505374,0.19340834685243827,0.026760439733005088,0,0.0,1.2786863149849005e-09
0,14,5,-0.13337875952505374,0.19340834685243827,0.032560063519562865,0,0.0,3.081564405910127e-09
0,14,6,-0.13337875952505374,0.19340834685243827,0.03835968730612063,0,0.0,1.0638189708773218e-08
0,14,7,-0.13337875952505374,0.19340834685243827,0.04415931109267841,0,0.0,2.636393945555986e-08
0,14,8,-0.13337875952505374,0.19340834685243827,0.04995893487923618,0,0.0,4.8665634639341874e-08
0,14,9,-0.13337875952505374,0.19340834685243827,0.05575855866579396,0,0.0,5.914979515437111e-08
0,14,10,-0.13337875952505374,0.19340834685243827,0.061558182452351735,0,0.0,4.955090583201646e-08
0,14,11,-0.13337875952505374,0.19340834685243827,0.06735780623890952,0,0.0,8.75595221431355e-08
0,14,12,-0.13337875952505374,0.19340834685243827,0.07315743002546729,0,0.0,1.337021879434032e-07
0,14,13,-0.13337875952505374,0.19340834685243827,0.07895705381202506,0,0.0,8.077652380865137e-08
0,14,14,-0.13337875952505374,0.19340834685243827,0.08475667759858284,0,0.0,1.8019987491527754e-08
0,14,15,-0.13337875952505374,0.19340834685243827,0.09055630138514062,0,0.0,1.4791706484447292e-09
0,14,16,-0.13337875952505374,0.19340834685243827,0.09635592517169839,0,0.0,4.466708321812497e-11
0,14,17,-0.13337875952505374,0.19340834685243827,0.10215554895825617,0,0.0,0.0
0,14,18,-0.13337875952505374,0.19340834685243827,0.10795517274481395,0,0.0,0.0
0,14,19,-0.13337875952505374,0.19340834685243827,0.11375479653137172,0,0.0,0.0
0,15,0,-0.13337875952505374,0.2024898258924355,0.0035619445867739875,0,0.0,3.0096443932746593e-13
0,15,1,-0.13337875952505374,0.2024898258924355,0.009361568373331762,0,0.0,3.6755858030642155e-12
0,15,2,-0.13337875952505374,0.2024898258924355,0.015161192159889538,0,0.0,1.6733066052369586e-11
0,15,3,-0.13337875952505374,0.2024898258924355,0.020960815946447314,0,0.0,3.0869171545974055e-11
0,15,4,-0.13337875952505374,0.2024898258924355,0.026760439733005088,0,0.0,3.664141932032986e-11
0,15,5,-0.13337875952505374,0.2024898258924355,0.032560063519562865,0,0.0,7.958824007168365e-11
0,15,6,-0.13337875952505374,0.2024898258924355,0.03835968730612063,0,0.0,2.7801622954608815e-10
0,15,7,-0.13337875952505374,0.2024898258924355,0.04415931109267841,0,0.0,7.340911268024962e-10
0,15,8,-0.13337875952505374,0.2024898258924355,0.04995893487923618,0,0.0,1.4313613734694465e-09
0,15,9,-0.13337875952505374,0.2024898258924355,0.05575855866579396,0,0.0,1.845448519306073e-09
0,15,10,-0.13337875952505374,0.2024898258924355,0.061558182452351735,0,0.0,2.4246665783560924e-09
0,15,11,-0.13337875952505374,0.2024898258924355,0.06735780623890952,0,0.0,6.833144123056407e-09
0,15,12,-0.13337875952505374,0.2024898258924355,0.07315743002546729,0,0.0,1.0946217721492524e-08
0,15,13,-0.13337875952505374,0.2024898258924355,0.07895705381202506,0,0.0,6.6296791347724535e-09
0,15,14,-0.13337875952505374,0.2024898258924355,0.08475667759858284,0,0.0,1.4791706484447292e-09
0,15,15,-0.13337875952505374,0.2024898258924355,0.09055630138514062,0,0.0,1.2141772064209707e-10
0,15,16,-0.13337875952505374,0.2024898258924355,0.09635592517169839,0,0.0,3.666497464493361e-12
0,15,17,-0.13337875952505374,0.2024898258924355,0.10215554895825617,0,0.0,0.0
0,15,18,-0.13337875952505374,0.2024898258924355,0.10795517274481395,0,0.0,0.0
0,15,19,-0.13337875952505374,0.2024898258924355,0.11375479653137172,0,0.0,0.0
0,16,0,-0.13337875952505374,0.21157130493243273,0.0035619445867739875,0,0.0,0.0
0,16,1,-0.13337875952505374,0.21157130493243273,0.009361568373331762,0,0.0,0.0
0,16,2,-0.13337875952505374,0.21157130493243273,0.015161192159889538,0,0.0,0.0
0,16,3,-0.13337875952505374,0.21157130493243273,0.020960815946447314,0,0.0,0.0
0,16,4,-0.13337875952505374,0.21157130493243273,0.026760439733005088,0,0.0,0.0
0,16,5,-0.13337875952505374,0.21157130493243273,0.032560063519562865,0,0.0,0.0
0,16,6,-0.13337875952505374,0.21157130493243273,0.03835968730612063,0,0.0,0.0
0,16,7,-0.13337875952505374,0.21157130493243273,0.04415931109267841,0,0.0,0.0
0,16,8,-0.13337875952505374,0.21157130493243273,0.04995893487923618,0,0.0,1.1071862975226461e-13
0,16,9,-0.13337875952505374,0.21157130493243273,0.05575855866579396,0,0.0,3.666497464493361e-12
0,16,10,-0.13337875952505374,0.21157130493243273,0.061558182452351735,0,0.0,4.466708321812497e-11
0,16,11,-0.13337875952505374,0.21157130493243273,0.06735780623890952,0,0.0,2.0018397866255147e-10
0,16,12,-0.13337875952505374,0.21157130493243273,0.07315743002546729,0,0.0,3.300475836743292e-10
0,16,13,-0.13337875952505374,0.21157130493243273,0.07895705381202506,0,0.0,2.0018397866255147e-10
0,16,14,-0.13337875952505374,0.21157130493243273,0.08475667759858284,0,0.0,4.466708321812497e-11
0,16,15,-0.13337875952505374,0.21157130493243273,0.09055630138514062,0,0.0,3.666497464493361e-12
0,16,16,-0.13337875952505374,0.21157130493243273,0.09635592517169839,0,0.0,1.1071862975226461e-13
0,16,17,-0.13337875952505374,0.21157130493243273,0.10215554895825617,0,0.0,0.0
0,16,18,-0.13337875952505374,0.21157130493243273,0.10795517274481395,0,0.0,0.0
0,16,19,-0.13337875952505374,0.21157130493243273,0.11375479653137172,0,0.0,0.0
0,17,0,-0.13337875952505374,0.22065278397242996,0.0035619445867739875,0,0.0,0.0
0,17,1,-0.13337875952505374,0.22065278397242996,0.009361568373331762,0,0.0,0.0
0,17,2,-0.13337875952505374,0.22065278397242996,0.015161192159889538,0,0.0,0.0
0,17,3,-0.13337875952505374,0.22065278397242996,0.020960815946447314,0,0.0,0.0
0,17,4,-0.13337875952505374,0.22065278397242996,0.026760439733005088,0,0.0,0.0
0,17,5,-0.13337875952505374,0.22065278397242996,0.032560063519562865,0,0.0,0.0
0,17,6,-0.13337875952505374,0.22065278397242996,0.03835968730612063,0,0.0,0.0
0,17,7,-0.13337875952505374,0.22065278397242996,0.04415931109267841,0,0.0,0.0
0,17,8,-0.13337875952505374,0.22065278397242996,0.04995893487923618,0,0.0,0.0
0,17,9,-0.13337875952505374,0.22065278397242996,0.05575855866579396,0,0.0,0.0
0,17,10,-0.13337875952505374,0.22065278397242996,0.061558182452351735,0,0.0,0.0
0,17,11,-0.13337875952505374,0.22065278397242996,0.06735780623890952,0,0.0,0.0
0,17,12,-0.13337875952505374,0.22065278397242996,0.07315743002546729,0,0.0,0.0
0,17,13,-0.13337875952505374,0.22065278397242996,0.07895705381202506,0,0.0,0.0
0,17,14,-0.13337875952505374,0.22065278397242996,0.08475667759858284,0,0.0,0.0
0,17,15,-0.13337875952505374,0.22065278397242996,0.09055630138514062,0,0.0,0.0
0,17,16,-0.13337875952505374,0.22065278397242996,0.09635592517169839,0,0.0,0.0
0,17,17,-0.13337875952505374,0.22065278397242996,0.10215554895825617,0,0.0,0.0
0,17,18,-0.13337875952505374,0.22065278397242996,0.10795517274481395,0,0.0,0.0
0,17,19,-0.13337875952505374,0.22065278397242996,0.11375479653137172,0,0.0,0.0
0,18,0,-0.13337875952505374,0.22973426301242716,0.0035619445867739875,0,0.0,0.0
0,18,1,-0.13337875952505374,0.22973426301242716,0.009361568373331762,0,0.0,0.0
0,18,2,-0.13337875952505374,0.22973426301242716,0.015161192159889538,0,0.0,0.0
0,18,3,-0.13337875952505374,0.22973426301242716,0.020960815946447314,0,0.0,0.0
0,18,4,-0.13337875952505374,0.22973426301242716,0.026760439733005088,0,0.0,0.0
0,18,5,-0.13337875952505374,0.22973426301242716,0.032560063519562865,0,0.0,0.0
0,18,6,-0.13337875952505374,0.22973426301242716,0.03835968730612063,0,0.0,0.0
0,18,7,-0.13337875952505374,0.22973426301242716,0.04415931109267841,0,0.0,0.0
0,18,8,-0.13337875952505374,0.22973426301242716,0.04995893487923618,0,0.0,0.0
0,18,9,-0.13337875952505374,0.22973426301242716,0.05575855866579396,0,0.0,0.0
0,18,10,-0.13337875952505374,0.22973426301242716,0.061558182452351735,0,0.0,0.0
0,18,11,-0.13337875952505374,0.22973426301242716,0.06735780623890952,0,0.0,0.0
0,18,12,-0.13337875952505374,0.22973426301242716,0.07315743002546729,0,0.0,0.0
0,18,13,-0.13337875952505374,0.22973426301242716,0.07895705381202506,0,0.0,0.0
0,18,14,-0.13337875952505374,0.22973426301242716,0.08475667759858284,0,0.0,0.0
0,18,15,-0.13337875952505374,0.22973426301242716,0.09055630138514062,0,0.0,0.0
0,18,16,-0.13337875952505374,0.22973426301242716,0.09635592517169839,0,0.0,0.0
0,18,17,-0.13337875952505374,0.22973426301242716,0.10215554895825617,0,0.0,0.0
0,18,18,-0.13337875952505374,0.22973426301242716,0.10795517274481395,0,0.0,0.0
0,18,19,-0.13337875952505374,0.22973426301242716,0.11375479653137172,0,0.0,0.0
0,19,0,-0.13337875952505374,0.2388157420524244,0.0035619445867739875,0,0.0,0.0
0,19,1,-0.13337875952505374,0.2388157420524244,0.009361568373331762,0,0.0,0.0
0,19,2,-0.13337875952505374,0.2388157420524244,0.015161192159889538,0,0.0,0.0
0,19,3,-0.13337875952505374,0.2388157420524244,0.020960815946447314,0,0.0,0.0
0,19,4,-0.13337875952505374,0.2388157420524244,0.026760439733005088,0,0.0,0.0
0,19,5,-0.13337875952505374,0.2388157420524244,0.032560063519562865,0,0.0,0.0
0,19,6,-0.13337875952505374,0.2388157420524244,0.03835968730612063,0,0.0,0.0
0,19,7,-0.13337875952505374,0.2388157420524244,0.04415931109267841,0,0.0,0.0
0,19,8,-0.13337875952505374,0.2388157420524244,0.04995893487923618,0,0.0,0.0
0,19,9,-0.13337875952505374,0.2388157420524244,0.05575855866579396,0,0.0,0.0
0,19,10,-0.13337875952505374,0.2388157420524244,0.061558182452351735,0,0.0,0.0
0,19,11,-0.13337875952505374,0.2388157420524244,0.06735780623890952,0,0.0,0.0
0,19,12,-0.13337875952505374,0.2388157420524244,0.07315743002546729,0,0.0,0.0
0,19,13,-0.13337875952505374,0.2388157420524244,0.07895705381202506,0,0.0,0.0
0,19,14,-0.13337875952505374,0.2388157420524244,0.08475667759858284,0,0.0,0.0
0,19,15,-0.13337875952505374,0.2388157420524244,0.09055630138514062,0,0.0,0.0
0,19,16,-0.13337875952505374,0.2388157420524244,0.09635592517169839,0,0.0,0.0
0,19,17,-0.13337875952505374,0.2388157420524244,0.10215554895825617,0,0.0,0.0
0,19,18,-0.13337875952505374,0.2388157420524244,0.10795517274481395,0,0.0,0.0
0,19,19,-0.13337875952505374,0.2388157420524244,0.11375479653137172,0,0.0,0.0
1,0,0,-0.11453781730473744,0.06626764029247711,0.0035619445867739875,0,0.0,7.364641437409632e-10
1,0,1,-0.11453781730473744,0.06626764029247711,0.009361568373331762,0,0.0,1.608321185109228e-09
1,0,2,-0.11453781730473744,0.06626764029247711,0.015161192159889538,0,0.0,1.8139486936611852e-09
1,0,3,-0.11453781730473744,0.06626764029247711,0.020960815946447314,0,0.0,1.6813461163813901e-09
1,0,4,-0.11453781730473744,0.06626764029247711,0.026760439733005088,0,0.0,1.6574928739140083e-09
1,0,5,-0.11453781730473744,0.06626764029247711,0.032560063519562865,0,0.0,9.167245511029931e-10
1,0,6,-0.11453781730473744,0.06626764029247711,0.03835968730612063,0,0.0,2.013366720319289e-10
1,0,7,-0.11453781730473744,0.06626764029247711,0.04415931109267841,0,0.0,1.6468454967325538e-11
1,0,8,-0.11453781730473744,0.06626764029247711,0.04995893487923618,0,0.0,4.967553609325231e-13
1,0,9,-0.11453781730473744,0.06626764029247711,0.05575855866579396,0,0.0,0.0
1,0,10,-0.11453781730473744,0.06626764029247711,0.061558182452351735,0,0.0,0.0
1,0,11,-0.11453781730473744,0.06626764029247711,0.06735780623890952,0,0.0,0.0
1,0,12,-0.11453781730473744,0.06626764029247711,0.07315743002546729,0,0.0,0.0
1,0,13,-0.11453781730473744,0.06626764029247711,0.07895705381202506,0,0.0,0.0
1,0,14,-0.11453781730473744,0.06626764029247711,0.08475667759858284,0,0.0,0.0
1,0,15,-0.11453781730473744,0.06626764029247711,0.09055630138514062,0,0.0,0.0
1,0,16,-0.11453781730473744,0.06626764029247711,0.09635592517169839,0,0.0,0.0
1,0,17,-0.11453781730473744,0.06626764029247711,0.10215554895825617,0,0.0,0.0
1,0,18,-0.11453781730473744,0.06626764029247711,0.10795517274481395,0,0.0,0.0
1,0,19,-0.11453781730473744,0.06626764029247711,0.11375479653137172,0,0.0,0.0
1,1,0,-0.11453781730473744,0.07534911933247435,0.0035619445867739875,0,0.0,2.1660584101499777e-08
1,1,1,-0.11453781730473744,0.07534911933247435,0.009361568373331762,0,0.0,3.820315659176813e-08
1,1,2,-0.11453781730473744,0.07534911933247435,0.015161192159889538,0,0.0,4.036835174469357e-08
1,1,3,-0.11453781730473744,0.07534911933247435,0.020960815946447314,0,0.0,4.5827176846251375e-08
1,1,4,-0.11453781730473744,0.07534911933247435,0.026760439733005088,0,0.0,5.3899325942127536e-08
1,1,5,-0.11453781730473744,0.07534911933247435,0.032560063519562865,0,0.0,3.1015970326580906e-08
1,1,6,-0.11453781730473744,0.07534911933247435,0.03835968730612063,0,0.0,6.859319556948612e-09
1,1,7,-0.11453781730473744,0.07534911933247435,0.04415931109267841,0,0.0,5.623941822130056e-10
1,1,8,-0.11453781730473744,0.07534911933247435,0.04995893487923618,0,0.0,1.777450260016792e-11
1,1,9,-0.11453781730473744,0.07534911933247435,0.05575855866579396,0,0.0,4.962064728435312e-13
1,1,10,-0.11453781730473744,0.07534911933247435,0.061558182452351735,0,0.0,1.1071862975226463e-13
1,1,11,-0.11453781730473744,0.07534911933247435,0.06735780623890952,0,0.0,9.088338570854601e-15
1,1,12,-0.11453781730473744,0.07534911933247435,0.07315743002546729,0,0.0,2.7444404449594257e-16
1,1,13,-0.11453781730473744,0.07534911933247435,0.07895705381202506,0,0.0,0.0
1,1,14,-0.11453781730473744,0.07534911933247435,0.08475667759858284,0,0.0,0.0
1,1,15,-0.11453781730473744,0.07534911933247435,0.09055630138514062,0,0.0,0.0
1,1,16,-0.11453781730473744,0.07534911933247435,0.09635592517169839,0,0.0,0.0
1,1,17,-0.11453781730473744,0.07534911933247435,0.10215554895825617,0,0.0,0.0
1,1,18,-0.11453781730473744,0.07534911933247435,0.10795517274481395,0,0.0,0.0
1,1,19,-0.11453781730473744,0.07534911933247435,0.11375479653137172,0,0.0,0.0
1,2,0,-0.11453781730473744,0.08443059837247156,0.0035619445867739875,0,0.0,5.213722961464558e-07
1,2,1,-0.11453781730473744,0.08443059837247156,0.009361568373331762,0,0.0,7.290510620228632e-07
1,2,2,-0.11453781730473744,0.08443059837247156,0.015161192159889538,0,0.0,6.304497900973014e-07
1,2,3,-0.11453781730473744,0.08443059837247156,0.020960815946447314,0,0.0,6.186982977267359e-07
1,2,4,-0.11453781730473744,0.08443059837247156,0.026760439733005088,0,0.0,7.01335813055351e-07
1,2,5,-0.11453781730473744,0.08443059837247156,0.032560063519562865,0,0.0,4.025940507186592e-07
1,2,6,-0.11453781730473744,0.08443059837247156,0.03835968730612063,0,0.0,9.000357779843248e-08
1,2,7,-0.11453781730473744,0.08443059837247156,0.04415931109267841,0,0.0,7.651370665056312e-09
1,2,8,-0.11453781730473744,0.08443059837247156,0.04995893487923618,0,0.0,2.8144186770407224e-10
1,2,9,-0.11453781730473744,0.08443059837247156,0.05575855866579396,0,0.0,1.7734841780671997e-11
1,2,10,-0.11453781730473744,0.08443059837247156,0.061558182452351735,0,0.0,3.6758602471087115e-12
1,2,11,-0.11453781730473744,0.08443059837247156,0.06735780623890952,0,0.0,3.0096443932746593e-13
1,2,12,-0.11453781730473744,0.08443059837247156,0.07315743002546729,0,0.0,9.0883385708546e-15
1,2,13,-0.11453781730473744,0.08443059837247156,0.07895705381202506,0,0.0,0.0
1,2,14,-0.11453781730473744,0.08443059837247156,0.08475667759858284,0,0.0,0.0
1,2,15,-0.11453781730473744,0.08443059837247156,0.09055630138514062,0,0.0,0.0
1,2,16,-0.11453781730473744,0.08443059837247156,0.09635592517169839,0,0.0,0.0
1,2,17,-0.11453781730473744,0.08443059837247156,0.10215554895825617,0,0.0,0.0
1,2,18,-0.11453781730473744,0.08443059837247156,0.10795517274481395,0,0.0,0.0
1,2,19,-0.11453781730473744,0.08443059837247156,0.11375479653137172,0,0.0,0.0
1,3,0,-0.11453781730473744,0.09351207741246878,0.0035619445867739875,0,0.0,7.786772970793172e-06
1,3,1,-0.11453781730473744,0.09351207741246878,0.009361568373331762,0,0.0,9.442985326636831e-06
1,3,2,-0.11453781730473744,0.09351207741246878,0.015161192159889538,0,0.0,6.791285157724712e-06
1,3,3,-0.11453781730473744,0.09351207741246878,0.020960815946447314,0,0.0,4.570465548681064e-06
1,3,4,-0.11453781730473744,0.09351207741246878,0.026760439733005088,0,0.0,4.01517862398953e-06
1,3,5,-0.11453781730473744,0.09351207741246878,0.032560063519562865,0,0.0,2.2163995142072514e-06
1,3,6,-0.11453781730473744,0.09351207741246878,0.03835968730612063,0,0.0,5.264933832297075e-07
1,3,7,-0.11453781730473744,0.09351207741246878,0.04415931109267841,0,0.0,5.5354433918115174e-08
1,3,8,-0.11453781730473744,0.09351207741246878,0.04995893487923618,0,0.0,3.502761671467962e-09
1,3,9,-0.11453781730473744,0.09351207741246878,0.05575855866579396,0,0.0,3.130498570410622e-10
1,3,10,-0.11453781730473744,0.09351207741246878,0.061558182452351735,0,0.0,4.813725131198564e-11
1,3,11,-0.11453781730473744,0.09351207741246878,0.06735780623890952,0,0.0,4.181155058523098e-12
1,3,12,-0.11453781730473744,0.09351207741246878,0.07315743002546729,0,0.0,2.2171170354902518e-13
1,3,13,-0.11453781730473744,0.09351207741246878,0.07895705381202506,0,0.0,9.088338570854601e-15
1,3,14,-0.11453781730473744,0.09351207741246878,0.08475667759858284,0,0.0,2.7444404449594257e-16
1,3,15,-0.11453781730473744,0.09351207741246878,0.09055630138514062,0,0.0,0.0
1,3,16,-0.11453781730473744,0.09351207741246878,0.09635592517169839,0,0.0,0.0
1,3,17,-0.11453781730473744,0.09351207741246878,0.10215554895825617,0,0.0,0.0
1,3,18,-0.11453781730473744,0.09351207741246878,0.10795517274481395,0,0.0,0.0
1,3,19,-0.11453781730473744,0.09351207741246878,0.11375479653137172,0,0.0,0.0
1,4,0,-0.11453781730473744,0.10259355645246601,0.0035619445867739875,0,0.0,6.35711229643627e-05
1,4,1,-0.11453781730473744,0.10259355645246601,0.009361568373331762,0,0.0,6.781059253444401e-05
1,4,2,-0.11453781730473744,0.10259355645246601,0.015161192159889538,0,0.0,4.237016861410966e-05
1,4,3,-0.11453781730473744,0.10259355645246601,0.020960815946447314,0,0.0,2.1330740773253015e-05
1,4,4,-0.11453781730473744,0.10259355645246601,0.026760439733005088,0,0.0,1.3129556606379008e-05
1,4,5,-0.11453781730473744,0.10259355645246601,0.032560063519562865,0,0.0,6.949585006576941e-06
1,4,6,-0.11453781730473744,0.10259355645246601,0.03835968730612063,0,0.0,2.137432169397414e-06
1,4,7,-0.11453781730473744,0.10259355645246601,0.04415931109267841,0,0.0,3.9540861797376097e-07
1,4,8,-0.11453781730473744,0.10259355645246601,0.04995893487923618,0,0.0,4.7137987807463155e-08
1,4,9,-0.11453781730473744,0.10259355645246601,0.05575855866579396,0,0.0,3.794450959028619e-09
1,4,10,-0.11453781730473744,0.10259355645246601,0.061558182452351735,0,0.0,3.266975001666253e-10
1,4,11,-0.11453781730473744,0.10259355645246601,0.06735780623890952,0,0.0,3.8566749176835395e-11
1,4,12,-0.11453781730473744,0.10259355645246601,0.07315743002546729,0,0.0,6.28327582735849e-12
1,4,13,-0.11453781730473744,0.10259355645246601,0.07895705381202506,0,0.0,1.7350840469303322e-12
1,4,14,-0.11453781730473744,0.10259355645246601,0.08475667759858284,0,0.0,6.25101779737505e-13
1,4,15,-0.11453781730473744,0.10259355645246601,0.09055630138514062,0,0.0,1.2008141236761517e-13
1,4,16,-0.11453781730473744,0.10259355645246601,0.09635592517169839,0,0.0,9.362782615350545e-15
1,4,17,-0.11453781730473744,0.10259355645246601,0.10215554895825617,0,0.0,2.7444404449594257e-16
1,4,18,-0.11453781730473744,0.10259355645246601,0.10795517274481395,0,0.0,0.0
1,4,19,-0.11453781730473744,0.10259355645246601,0.11375479653137172,0,0.0,0.0
1,5,0,-0.11453781730473744,0.11167503549246324,0.0035619445867739875,0,0.0,0.00029930000964969837
1,5,1,-0.11453781730473744,0.11167503549246324,0.009361568373331762,2,0.0002,0.0002850162251410636
1,5,2,-0.11453781730473744,0.11167503549246324,0.015161192159889538,1,0.0001,0.00015812627712344347
1,5,3,-0.11453781730473744,0.11167503549246324,0.020960815946447314,0,0.0,6.950643360739162e-05
1,5,4,-0.11453781730473744,0.11167503549246324,0.026760439733005088,0,0.0,3.475756274785713e-05
1,5,5,-0.11453781730473744,0.11167503549246324,0.032560063519562865,0,0.0,1.9187076601857847e-05
1,5,6,-0.11453781730473744,0.11167503549246324,0.03835968730612063,0,0.0,8.712604683054976e-06
1,5,7,-0.11453781730473744,0.11167503549246324,0.04415931109267841,0,0.0,2.6242871939640904e-06
1,5,8,-0.11453781730473744,0.11167503549246324,0.04995893487923618,0,0.0,4.3408694354450287e-07
1,5,9,-0.11453781730473744,0.11167503549246324,0.05575855866579396,0,0.0,3.6558831391232943e-08
1,5,10,-0.11453781730473744,0.11167503549246324,0.061558182452351735,0,0.0,2.725624472623887e-09
1,5,11,-0.11453781730473744,0.11167503549246324,0.06735780623890952,0,0.0,4.675610277655208e-10
1,5,12,-0.11453781730473744,0.11167503549246324,0.07315743002546729,0,0.0,1.1968161850533098e-10
1,5,13,-0.11453781730473744,0.11167503549246324,0.07895705381202506,0,0.0,5.126873506283699e-11
1,5,14,-0.11453781730473744,0.11167503549246324,0.08475667759858284,0,0.0,2.0510282146615214e-11
1,5,15,-0.11453781730473744,0.11167503549246324,0.09055630138514062,0,0.0,3.976550242391682e-12
1,5,16,-0.11453781730473744,0.11167503549246324,0.09635592517169839,0,0.0,3.100527778983205e-13
1,5,17,-0.11453781730473744,0.11167503549246324,0.10215554895825617,0,0.0,9.0883385708546e-15
1,5,18,-0.11453781730473744,0.11167503549246324,0.10795517274481395,0,0.0,0.0
1,5,19,-0.11453781730473744,0.11167503549246324,0.11375479653137172,0,0.0,0.0
1,6,0,-0.11453781730473744,0.12075651453246046,0.0035619445867739875,3,0.0003,0.0008488639845689754
1,6,1,-0.11453781730473744,0.12075651453246046,0.009361568373331762,8,0.0008,0.0007463704083353933
1,6,2,-0.11453781730473744,0.12075651453246046,0.015161192159889538,1,0.0001,0.0003793017113718721
1,6,3,-0.11453781730473744,0.12075651453246046,0.020960815946447314,1,0.0001,0.00015907761668540896
1,6,4,-0.11453781730473744,0.12075651453246046,0.026760439733005088,0,0.0,7.798158341967555e-05
1,6,5,-0.11453781730473744,0.12075651453246046,0.032560063519562865,0,0.0,4.646738034273484e-05
1,6,6,-0.11453781730473744,0.12075651453246046,0.03835968730612063,0,0.0,2.6441320705364642e-05
1,6,7,-0.11453781730473744,0.12075651453246046,0.04415931109267841,0,0.0,1.0191473476185943e-05
1,6,8,-0.11453781730473744,0.12075651453246046,0.04995893487923618,0,0.0,2.0819902832618998e-06
1,6,9,-0.11453781730473744,0.12075651453246046,0.05575855866579396,0,0.0,2.415455007847922e-07
1,6,10,-0.11453781730473744,0.12075651453246046,0.061558182452351735,0,0.0,3.089631152231773e-08
1,6,11,-0.11453781730473744,0.12075651453246046,0.06735780623890952,0,0.0,5.329639834354538e-09
1,6,12,-0.11453781730473744,0.12075651453246046,0.07315743002546729,0,0.0,1.2073009399005642e-09
1,6,13,-0.11453781730473744,0.12075651453246046,0.07895705381202506,0,0.0,5.991599485698779e-10
1,6,14,-0.11453781730473744,0.12075651453246046,0.08475667759858284,0,0.0,2.490137658180133e-10
1,6,15,-0.11453781730473744,0.12075651453246046,0.09055630138514062,0,0.0,4.844429931237059e-11
1,6,16,-0.11453781730473744,0.12075651453246046,0.09635592517169839,0,0.0,3.777216094245625e-12
1,6,17,-0.11453781730473744,0.12075651453246046,0.10215554895825617,0,0.0,1.1071862975226461e-13
1,6,18,-0.11453781730473744,0.12075651453246046,0.10795517274481395,0,0.0,0.0
1,6,19,-0.11453781730473744,0.12075651453246046,0.11375479653137172,0,0.0,0.0
1,7,0,-0.11453781730473744,0.12983799357245768,0.0035619445867739875,19,0.0019,0.0014533869685972385
1,7,1,-0.11453781730473744,0.12983799357245768,0.009361568373331762,15,0.0015,0.0012067820925349836
1,7,2,-0.11453781730473744,0.12983799357245768,0.015161192159889538,7,0.0007,0.0005773599841554937
1,7,3,-0.11453781730473744,0.12983799357245768,0.020960815946447314,0,0.0,0.0002442799057581176
1,7,4,-0.11453781730473744,0.12983799357245768,0.026760439733005088,1,0.0001,0.0001291877842765904
1,7,5,-0.11453781730473744,0.12983799357245768,0.032560063519562865,1,0.0001,7.994381080244607e-05
1,7,6,-0.11453781730473744,0.12983799357245768,0.03835968730612063,1,0.0001,4.8772420123601686e-05
1,7,7,-0.11453781730473744,0.12983799357245768,0.04415931109267841,0,0.0,2.272477474482645e-05
1,7,8,-0.11453781730473744,0.12983799357245768,0.04995893487923618,0,0.0,6.662879657527997e-06
1,7,9,-0.11453781730473744,0.12983799357245768,0.05575855866579396,0,0.0,1.4100027539887428e-06
1,7,10,-0.11453781730473744,0.12983799357245768,0.061558182452351735,0,0.0,2.786974026448792e-07
1,7,11,-0.11453781730473744,0.12983799357245768,0.06735780623890952,0,0.0,4.367700692980685e-08
1,7,12,-0.11453781730473744,0.12983799357245768,0.07315743002546729,0,0.0,6.399847294467006e-09
1,7,13,-0.11453781730473744,0.12983799357245768,0.07895705381202506,0,0.0,2.6819583243983994e-09
1,7,14,-0.11453781730473744,0.12983799357245768,0.08475667759858284,0,0.0,1.1145965356707749e-09
1,7,15,-0.11453781730473744,0.12983799357245768,0.09055630138514062,0,0.0,2.1711228674843708e-10
1,7,16,-0.11453781730473744,0.12983799357245768,0.09635592517169839,0,0.0,1.6928308085885648e-11
1,7,17,-0.11453781730473744,0.12983799357245768,0.10215554895825617,0,0.0,4.962064728435311e-13
1,7,18,-0.11453781730473744,0.12983799357245768,0.10795517274481395,0,0.0,0.0
1,7,19,-0.11453781730473744,0.12983799357245768,0.11375479653137172,0,0.0,0.0
1,8,0,-0.11453781730473744,0.1389194726124549,0.0035619445867739875,18,0.0018,0.001464957930302222
1,8,1,-0.11453781730473744,0.1389194726124549,0.009361568373331762,10,0.001,0.0011630637770614599
1,8,2,-0.11453781730473744,0.1389194726124549,0.015161192159889538,5,0.0005,0.0005352608645812964
1,8,3,-0.11453781730473744,0.1389194726124549,0.020960815946447314,3,0.0003,0.00023908130111743793
1,8,4,-0.11453781730473744,0.1389194726124549,0.026760439733005088,6,0.0006,0.0001409225584309807
1,8,5,-0.11453781730473744,0.1389194726124549,0.032560063519562865,0,0.0,9.087834737746671e-05
1,8,6,-0.11453781730473744,0.1389194726124549,0.03835968730612063,1,0.0001,6.110251720572057e-05
1,8,7,-0.11453781730473744,0.1389194726124549,0.04415931109267841,0,0.0,3.954202051582796e-05
1,8,8,-0.11453781730473744,0.1389194726124549,0.04995893487923618,0,0.0,1.843011804669281e-05
1,8,9,-0.11453781730473744,0.1389194726124549,0.05575855866579396,0,0.0,5.799450791933782e-06
1,8,10,-0.11453781730473744,0.1389194726124549,0.061558182452351735,0,0.0,1.4084160312676507e-06
1,8,11,-0.11453781730473744,0.1389194726124549,0.06735780623890952,0,0.0,2.259259399492998e-07
1,8,12,-0.11453781730473744,0.1389194726124549,0.07315743002546729,0,0.0,2.3043833260895373e-08
1,8,13,-0.11453781730473744,0.1389194726124549,0.07895705381202506,0,0.0,5.616104662275531e-09
1,8,14,-0.11453781730473744,0.1389194726124549,0.08475667759858284,0,0.0,2.0369903727061816e-09
1,8,15,-0.11453781730473744,0.1389194726124549,0.09055630138514062,0,0.0,3.743897469055359e-10
1,8,16,-0.11453781730473744,0.1389194726124549,0.09635592517169839,0,0.0,2.8406268091008178e-11
1,8,17,-0.11453781730473744,0.1389194726124549,0.10215554895825617,0,0.0,8.181061664362154e-13
1,8,18,-0.11453781730473744,0.1389194726124549,0.10795517274481395,0,0.0,0.0
1,8,19,-0.11453781730473744,0.1389194726124549,0.11375479653137172,0,0.0,0.0
1,9,0,-0.11453781730473744,0.14800095165245214,0.0035619445867739875,2,0.0002,0.000832781474593491
1,9,1,-0.11453781730473744,0.14800095165245214,0.009361568373331762,2,0.0002,0.0006421721326409337
1,9,2,-0.11453781730473744,0.14800095165245214,0.015161192159889538,2,0.0002,0.00029286514575052055
1,9,3,-0.11453781730473744,0.14800095165245214,0.020960815946447314,2,0.0002,0.00014158161122344685
1,9,4,-0.11453781730473744,0.14800095165245214,0.026760439733005088,1,0.0001,9.130844972859479e-05
1,9,5,-0.11453781730473744,0.14800095165245214,0.032560063519562865,0,0.0,6.614725738751552e-05
1,9,6,-0.11453781730473744,0.14800095165245214,0.03835968730612063,1,0.0001,5.837025193237995e-05
1,9,7,-0.11453781730473744,0.14800095165245214,0.04415931109267841,2,0.0002,5.325212170012811e-05
1,9,8,-0.11453781730473744,0.14800095165245214,0.04995893487923618,0,0.0,3.2033492243481913e-05
1,9,9,-0.11453781730473744,0.14800095165245214,0.05575855866579396,0,0.0,1.2736121063030866e-05
1,9,10,-0.11453781730473744,0.14800095165245214,0.061558182452351735,0,0.0,3.931381315929393e-06
1,9,11,-0.11453781730473744,0.14800095165245214,0.06735780623890952,0,0.0,7.349134151070285e-07
1,9,12,-0.11453781730473744,0.14800095165245214,0.07315743002546729,0,0.0,1.0609578985929842e-07
1,9,13,-0.11453781730473744,0.14800095165245214,0.07895705381202506,0,0.0,3.386380976702301e-08
1,9,14,-0.11453781730473744,0.14800095165245214,0.08475667759858284,0,0.0,7.7430720764337e-09
1,9,15,-0.11453781730473744,0.14800095165245214,0.09055630138514062,0,0.0,7.61268758295484e-10
1,9,16,-0.11453781730473744,0.14800095165245214,0.09635592517169839,0,0.0,3.336040969892777e-11
1,9,17,-0.11453781730473744,0.14800095165245214,0.10215554895825617,0,0.0,4.962064728435311e-13
1,9,18,-0.11453781730473744,0.14800095165245214,0.10795517274481395,0,0.0,0.0
1,9,19,-0.11453781730473744,0.14800095165245214,0.11375479653137172,0,0.0,0.0
1,10,0,-0.11453781730473744,0.15708243069244937,0.0035619445867739875,0,0.0,0.00025633472458715394
1,10,1,-0.11453781730473744,0.15708243069244937,0.009361568373331762,0,0.0,0.00019472691149792978
1,10,2,-0.11453781730473744,0.15708243069244937,0.015161192159889538,0,0.0,9.044589510237061e-05
1,10,3,-0.11453781730473744,0.15708243069244937,0.020960815946447314,0,0.0,4.766159881246032e-05
1,10,4,-0.11453781730473744,0.15708243069244937,0.026760439733005088,0,0.0,3.311407648448689e-05
1,10,5,-0.11453781730473744,0.15708243069244937,0.032560063519562865,0,0.0,2.989972288708414e-05
1,10,6,-0.11453781730473744,0.15708243069244937,0.03835968730612063,0,0.0,3.7809876064963856e-05
1,10,7,-0.11453781730473744,0.15708243069244937,0.04415931109267841,1,0.0001,4.344625117863991e-05
1,10,8,-0.11453781730473744,0.15708243069244937,0.04995893487923618,0,0.0,3.1501006478978326e-05
1,10,9,-0.11453781730473744,0.15708243069244937,0.05575855866579396,0,0.0,1.7019469241212968e-05
1,10,10,-0.11453781730473744,0.15708243069244937,0.061558182452351735,0,0.0,6.872846581089569e-06
1,10,11,-0.11453781730473744,0.15708243069244937,0.06735780623890952,0,0.0,1.708180576522011e-06
1,10,12,-0.11453781730473744,0.15708243069244937,0.07315743002546729,0,0.0,7.039871699533231e-07
1,10,13,-0.11453781730473744,0.15708243069244937,0.07895705381202506,0,0.0,3.6567851549947144e-07
1,10,14,-0.11453781730473744,0.15708243069244937,0.08475667759858284,0,0.0,8.100850763609233e-08
1,10,15,-0.11453781730473744,0.15708243069244937,0.09055630138514062,0,0.0,6.677627227611981e-09
1,10,16,-0.11453781730473744,0.15708243069244937,0.09635592517169839,0,0.0,2.039611947567971e-10
1,10,17,-0.11453781730473744,0.15708243069244937,0.10215554895825617,0,0.0,1.1071862975226461e-13
1,10,18,-0.11453781730473744,0.15708243069244937,0.10795517274481395,0,0.0,0.0
1,10,19,-0.11453781730473744,0.15708243069244937,0.11375479653137172,0,0.0,0.0
1,11,0,-0.11453781730473744,0.1661639097324466,0.0035619445867739875,0,0.0,4.066583157698307e-05
1,11,1,-0.11453781730473744,0.1661639097324466,0.009361568373331762,0,0.0,3.065814429882625e-05
1,11,2,-0.11453781730473744,0.1661639097324466,0.015161192159889538,0,0.0,1.4878841578061114e-05
1,11,3,-0.11453781730473744,0.1661639097324466,0.020960815946447314,0,0.0,8.933814934343454e-06
1,11,4,-0.11453781730473744,0.1661639097324466,0.026760439733005088,0,0.0,7.065311308439062e-06
1,11,5,-0.11453781730473744,0.1661639097324466,0.032560063519562865,0,0.0,8.866032168643501e-06
1,11,6,-0.11453781730473744,0.1661639097324466,0.03835968730612063,0,0.0,1.5832266872314913e-05
1,11,7,-0.11453781730473744,0.1661639097324466,0.04415931109267841,0,0.0,2.2353327645087826e-05
1,11,8,-0.11453781730473744,0.1661639097324466,0.04995893487923618,0,0.0,2.091560033932386e-05
1,11,9,-0.11453781730473744,0.1661639097324466,0.05575855866579396,1,0.0001,1.5252327888623944e-05
1,11,10,-0.11453781730473744,0.1661639097324466,0.061558182452351735,0,0.0,7.32315576785282e-06
1,11,11,-0.11453781730473744,0.1661639097324466,0.06735780623890952,0,0.0,3.046844632081294e-06
1,11,12,-0.11453781730473744,0.1661639097324466,0.07315743002546729,0,0.0,2.7881023541958267e-06
1,11,13,-0.11453781730473744,0.1661639097324466,0.07895705381202506,0,0.0,1.6255356502094544e-06
1,11,14,-0.11453781730473744,0.1661639097324466,0.08475667759858284,0,0.0,3.619615239544215e-07
1,11,15,-0.11453781730473744,0.1661639097324466,0.09055630138514062,0,0.0,2.9713913225274443e-08
1,11,16,-0.11453781730473744,0.1661639097324466,0.09635592517169839,0,0.0,8.974724020066435e-10
1,11,17,-0.11453781730473744,0.1661639097324466,0.10215554895825617,0,0.0,9.0883385708546e-15
1,11,18,-0.11453781730473744,0.1661639097324466,0.10795517274481395,0,0.0,0.0
1,11,19,-0.11453781730473744,0.1661639097324466,0.11375479653137172,0,0.0,0.0
1,12,0,-0.11453781730473744,0.17524538877244383,0.0035619445867739875,0,0.0,3.0938267350742365e-06
1,12,1,-0.11453781730473744,0.17524538877244383,0.009361568373331762,0,0.0,2.357539426477291e-06
1,12,2,-0.11453781730473744,0.17524538877244383,0.015161192159889538,0,0.0,1.4079361681578916e-06
1,12,3,-0.11453781730473744,0.17524538877244383,0.020960815946447314,0,0.0,1.2517323953924553e-06
1,12,4,-0.11453781730473744,0.17524538877244383,0.026760439733005088,0,0.0,1.249772206318199e-06
1,12,5,-0.11453781730473744,0.17524538877244383,0.032560063519562865,0,0.0,1.99594728829605e-06
1,12,6,-0.11453781730473744,0.17524538877244383,0.03835968730612063,0,0.0,4.3545569871066225e-06
1,12,7,-0.11453781730473744,0.17524538877244383,0.04415931109267841,0,0.0,7.411291154165408e-06
1,12,8,-0.11453781730473744,0.17524538877244383,0.04995893487923618,0,0.0,8.636736293395882e-06
1,12,9,-0.11453781730473744,0.17524538877244383,0.05575855866579396,0,0.0,7.343482245874346e-06
1,12,10,-0.11453781730473744,0.17524538877244383,0.061558182452351735,0,0.0,4.059273501523389e-06
1,12,11,-0.11453781730473744,0.17524538877244383,0.06735780623890952,0,0.0,3.3851764785798498e-06
1,12,12,-0.11453781730473744,0.17524538877244383,0.07315743002546729,0,0.0,4.4659953896165885e-06
1,12,13,-0.11453781730473744,0.17524538877244383,0.07895705381202506,0,0.0,2.6760877258507276e-06
1,12,14,-0.11453781730473744,0.17524538877244383,0.08475667759858284,0,0.0,5.967406460853648e-07
1,12,15,-0.11453781730473744,0.17524538877244383,0.09055630138514062,0,0.0,4.898352462869154e-08
1,12,16,-0.11453781730473744,0.17524538877244383,0.09635592517169839,0,0.0,1.4791800112273442e-09
1,12,17,-0.11453781730473744,0.17524538877244383,0.10215554895825617,0,0.0,2.7444404449594257e-16
1,12,18,-0.11453781730473744,0.17524538877244383,0.10795517274481395,0,0.0,0.0
1,12,19,-0.11453781730473744,0.17524538877244383,0.11375479653137172,0,0.0,0.0
1,13,0,-0.11453781730473744,0.18432686781244106,0.0035619445867739875,0,0.0,1.0798074896665161e-07
1,13,1,-0.11453781730473744,0.18432686781244106,0.009361568373331762,0,0.0,9.462310824298767e-08
1,13,2,-0.11453781730473744,0.18432686781244106,0.015161192159889538,0,0.0,1.1466515414189498e-07
1,13,3,-0.11453781730473744,0.18432686781244106,0.020960815946447314,0,0.0,1.683003727879065e-07
1,13,4,-0.11453781730473744,0.18432686781244106,0.026760439733005088,0,0.0,1.8794398084534294e-07
1,13,5,-0.11453781730473744,0.18432686781244106,0.032560063519562865,0,0.0,2.968059163054044e-07
1,13,6,-0.11453781730473744,0.18432686781244106,0.03835968730612063,0,0.0,6.760219298381218e-07
1,13,7,-0.11453781730473744,0.18432686781244106,0.04415931109267841,0,0.0,1.2884856955583164e-06
1,13,8,-0.11453781730473744,0.18432686781244106,0.04995893487923618,0,0.0,1.6805795211165983e-06
1,13,9,-0.11453781730473744,0.18432686781244106,0.05575855866579396,0,0.0,1.5259340319737683e-06
1,13,10,-0.11453781730473744,0.18432686781244106,0.061558182452351735,0,0.0,1.07774645828618e-06
1,13,11,-0.11453781730473744,0.18432686781244106,0.06735780623890952,0,0.0,1.7688248864972284e-06
1,13,12,-0.11453781730473744,0.18432686781244106,0.07315743002546729,0,0.0,2.6860814580247277e-06
1,13,13,-0.11453781730473744,0.18432686781244106,0.07895705381202506,0,0.0,1.6224541704625314e-06
1,13,14,-0.11453781730473744,0.18432686781244106,0.08475667759858284,0,0.0,3.619411241164606e-07
1,13,15,-0.11453781730473744,0.18432686781244106,0.09055630138514062,0,0.0,2.9709936675032047e-08
1,13,16,-0.11453781730473744,0.18432686781244106,0.09635592517169839,0,0.0,8.971623492287451e-10
1,13,17,-0.11453781730473744,0.18432686781244106,0.10215554895825617,0,0.0,0.0
1,13,18,-0.11453781730473744,0.18432686781244106,0.10795517274481395,0,0.0,0.0
1,13,19,-0.11453781730473744,0.18432686781244106,0.11375479653137172,0,0.0,0.0
1,14,0,-0.11453781730473744,0.19340834685243827,0.0035619445867739875,0,0.0,1.329821852612121e-09
1,14,1,-0.11453781730473744,0.19340834685243827,0.009361568373331762,0,0.0,2.44183108674652e-09
1,14,2,-0.11453781730473744,0.19340834685243827,0.015161192159889538,0,0.0,7.105903084507845e-09
1,14,3,-0.11453781730473744,0.19340834685243827,0.020960815946447314,0,0.0,1.2522473914390599e-08
1,14,4,-0.11453781730473744,0.19340834685243827,0.026760439733005088,0,0.0,1.4110486963676612e-08
1,14,5,-0.11453781730473744,0.19340834685243827,0.032560063519562865,0,0.0,2.1080819975402978e-08
1,14,6,-0.11453781730473744,0.19340834685243827,0.03835968730612063,0,0.0,4.7879027666940634e-08
1,14,7,-0.11453781730473744,0.19340834685243827,0.04415931109267841,0,0.0,9.612557402526899e-08
1,14,8,-0.11453781730473744,0.19340834685243827,0.04995893487923618,0,0.0,1.3147315495340414e-07
1,14,9,-0.11453781730473744,0.19340834685243827,0.05575855866579396,0,0.0,1.2575828962471038e-07
1,14,10,-0.11453781730473744,0.19340834685243827,0.061558182452351735,0,0.0,1.3785801826693052e-07
1,14,11,-0.11453781730473744,0.19340834685243827,0.06735780623890952,0,0.0,3.736328949705108e-07
1,14,12,-0.11453781730473744,0.19340834685243827,0.07315743002546729,0,0.0,5.976700568988227e-07
1,14,13,-0.11453781730473744,0.19340834685243827,0.07895705381202506,0,0.0,3.6196871227838515e-07
1,14,14,-0.11453781730473744,0.19340834685243827,0.08475667759858284,0,0.0,8.075998098840858e-08
1,14,15,-0.11453781730473744,0.19340834685243827,0.09055630138514062,0,0.0,6.62918292829961e-09
1,14,16,-0.11453781730473744,0.19340834685243827,0.09635592517169839,0,0.0,2.0018397866255147e-10
1,14,17,-0.11453781730473744,0.19340834685243827,0.10215554895825617,0,0.0,0.0
1,14,18,-0.11453781730473744,0.19340834685243827,0.10795517274481395,0,0.0,0.0
1,14,19,-0.11453781730473744,0.19340834685243827,0.11375479653137172,0,0.0,0.0
1,15,0,-0.11453781730473744,0.2024898258924355,0.0035619445867739875,0,0.0,2.0705524180131277e-11
1,15,1,-0.11453781730473744,0.2024898258924355,0.009361568373331762,0,0.0,7.635436093053522e-11
1,15,2,-0.11453781730473744,0.2024898258924355,0.015161192159889538,0,0.0,2.654458674310554e-10
1,15,3,-0.11453781730473744,0.2024898258924355,0.020960815946447314,0,0.0,5.791720681220948e-10
1,15,4,-0.11453781730473744,0.2024898258924355,0.026760439733005088,0,0.0,7.476539018632161e-10
1,15,5,-0.11453781730473744,0.2024898258924355,0.032560063519562865,0,0.0,7.923421947796507e-10
1,15,6,-0.11453781730473744,0.2024898258924355,0.03835968730612063,0,0.0,1.3729558426881948e-09
1,15,7,-0.11453781730473744,0.2024898258924355,0.04415931109267841,0,0.0,2.7548248806601737e-09
1,15,8,-0.11453781730473744,0.2024898258924355,0.04995893487923618,0,0.0,3.87571296382549e-09
1,15,9,-0.11453781730473744,0.2024898258924355,0.05575855866579396,0,0.0,4.0803536291542224e-09
1,15,10,-0.11453781730473744,0.2024898258924355,0.061558182452351735,0,0.0,8.324969657019932e-09
1,15,11,-0.11453781730473744,0.2024898258924355,0.06735780623890952,0,0.0,3.005691256679226e-08
1,15,12,-0.11453781730473744,0.2024898258924355,0.07315743002546729,0,0.0,4.901099270920375e-08
1,15,13,-0.11453781730473744,0.2024898258924355,0.07895705381202506,0,0.0,2.9710754781198488e-08
1,15,14,-0.11453781730473744,0.2024898258924355,0.08475667759858284,0,0.0,6.6291829282996096e-09
1,15,15,-0.11453781730473744,0.2024898258924355,0.09055630138514062,0,0.0,5.441564715470467e-10
1,15,16,-0.11453781730473744,0.2024898258924355,0.09635592517169839,0,0.0,1.643210161304212e-11
1,15,17,-0.11453781730473744,0.2024898258924355,0.10215554895825617,0,0.0,0.0
1,15,18,-0.11453781730473744,0.2024898258924355,0.10795517274481395,0,0.0,0.0
1,15,19,-0.11453781730473744,0.2024898258924355,0.11375479653137172,0,0.0,0.0
1,16,0,-0.11453781730473744,0.21157130493243273,0.0035619445867739875,0,0.0,9.924129456870622e-13
1,16,1,-0.11453781730473744,0.21157130493243273,0.009361568373331762,0,0.0,1.7250207779478333e-11
1,16,2,-0.11453781730473744,0.21157130493243273,0.015161192159889538,0,0.0,2.0068018513539496e-10
1,16,3,-0.11453781730473744,0.21157130493243273,0.020960815946447314,0,0.0,8.972730678584975e-10
1,16,4,-0.11453781730473744,0.21157130493243273,0.026760439733005088,0,0.0,1.4791797367832997e-09
1,16,5,-0.11453781730473744,0.21157130493243273,0.032560063519562865,0,0.0,8.971626236727896e-10
1,16,6,-0.11453781730473744,0.21157130493243273,0.03835968730612063,0,0.0,2.0018397866255144e-10
1,16,7,-0.11453781730473744,0.21157130493243273,0.04415931109267841,0,0.0,1.6432101613042118e-11
1,16,8,-0.11453781730473744,0.21157130493243273,0.04995893487923618,0,0.0,9.924129456870622e-13
1,16,9,-0.11453781730473744,0.21157130493243273,0.05575855866579396,0,0.0,1.6432101613042118e-11
1,16,10,-0.11453781730473744,0.21157130493243273,0.061558182452351735,0,0.0,2.0018397866255144e-10
1,16,11,-0.11453781730473744,0.21157130493243273,0.06735780623890952,0,0.0,8.971623492287451e-10
1,16,12,-0.11453781730473744,0.21157130493243273,0.07315743002546729,0,0.0,1.4791706484447288e-09
1,16,13,-0.11453781730473744,0.21157130493243273,0.07895705381202506,0,0.0,8.971623492287451e-10
1,16,14,-0.11453781730473744,0.21157130493243273,0.08475667759858284,0,0.0,2.0018397866255144e-10
1,16,15,-0.11453781730473744,0.21157130493243273,0.09055630138514062,0,0.0,1.6432101613042118e-11
1,16,16,-0.11453781730473744,0.21157130493243273,0.09635592517169839,0,0.0,4.962064728435311e-13
1,16,17,-0.11453781730473744,0.21157130493243273,0.10215554895825617,0,0.0,0.0
1,16,18,-0.11453781730473744,0.21157130493243273,0.10795517274481395,0,0.0,0.0
1,16,19,-0.11453781730473744,0.21157130493243273,0.11375479653137172,0,0.0,0.0
1,17,0,-0.11453781730473744,0.22065278397242996,0.0035619445867739875,0,0.0,8.181061664362154e-13
1,17,1,-0.11453781730473744,0.22065278397242996,0.009361568373331762,0,0.0,2.709195545172843e-11
1,17,2,-0.11453781730473744,0.22065278397242996,0.015161192159889538,0,0.0,3.300475836743292e-10
1,17,3,-0.11453781730473744,0.22065278397242996,0.020960815946447314,0,0.0,1.479170648444729e-09
1,17,4,-0.11453781730473744,0.22065278397242996,0.026760439733005088,0,0.0,2.438740111086126e-09
1,17,5,-0.11453781730473744,0.22065278397242996,0.032560063519562865,0,0.0,1.479170648444729e-09
1,17,6,-0.11453781730473744,0.22065278397242996,0.03835968730612063,0,0.0,3.300475836743292e-10
1,17,7,-0.11453781730473744,0.22065278397242996,0.04415931109267841,0,0.0,2.709195545172843e-11
1,17,8,-0.11453781730473744,0.22065278397242996,0.04995893487923618,0,0.0,8.181061664362154e-13
1,17,9,-0.11453781730473744,0.22065278397242996,0.05575855866579396,0,0.0,0.0
1,17,10,-0.11453781730473744,0.22065278397242996,0.061558182452351735,0,0.0,0.0
1,17,11,-0.11453781730473744,0.22065278397242996,0.06735780623890952,0,0.0,0.0
1,17,12,-0.11453781730473744,0.22065278397242996,0.07315743002546729,0,0.0,0.0
1,17,13,-0.11453781730473744,0.22065278397242996,0.07895705381202506,0,0.0,0.0
1,17,14,-0.11453781730473744,0.22065278397242996,0.08475667759858284,0,0.0,0.0
1,17,15,-0.11453781730473744,0.22065278397242996,0.09055630138514062,0,0.0,0.0
1,17,16,-0.11453781730473744,0.22065278397242996,0.09635592517169839,0,0.0,0.0
1,17,17,-0.11453781730473744,0.22065278397242996,0.10215554895825617,0,0.0,0.0
1,17,18,-0.11453781730473744,0.22065278397242996,0.10795517274481395,0,0.0,0.0
1,17,19,-0.11453781730473744,0.22065278397242996,0.11375479653137172,0,0.0,0.0
1,18,0,-0.11453781730473744,0.22973426301242716,0.0035619445867739875,0,0.0,4.962064728435311e-13
1,18,1,-0.11453781730473744,0.22973426301242716,0.009361568373331762,0,0.0,1.6432101613042118e-11
1,18,2,-0.11453781730473744,0.22973426301242716,0.015161192159889538,0,0.0,2.0018397866255144e-10
1,18,3,-0.11453781730473744,0.22973426301242716,0.020960815946447314,0,0.0,8.971623492287451e-10
1,18,4,-0.11453781730473744,0.22973426301242716,0.026760439733005088,0,0.0,1.4791706484447288e-09
1,18,5,-0.11453781730473744,0.22973426301242716,0.032560063519562865,0,0.0,8.971623492287451e-10
1,18,6,-0.11453781730473744,0.22973426301242716,0.03835968730612063,0,0.0,2.0018397866255144e-10
1,18,7,-0.11453781730473744,0.22973426301242716,0.04415931109267841,0,0.0,1.6432101613042118e-11
1,18,8,-0.11453781730473744,0.22973426301242716,0.04995893487923618,0,0.0,4.962064728435311e-13
1,18,9,-0.11453781730473744,0.22973426301242716,0.05575855866579396,0,0.0,0.0
1,18,10,-0.11453781730473744,0.22973426301242716,0.061558182452351735,0,0.0,0.0
1,18,11,-0.11453781730473744,0.22973426301242716,0.06735780623890952,0,0.0,0.0
1,18,12,-0.11453781730473744,0.22973426301242716,0.07315743002546729,0,0.0,0.0
1,18,13,-0.11453781730473744,0.22973426301242716,0.07895705381202506,0,0.0,0.0
1,18,14,-0.11453781730473744,0.22973426301242716,0.08475667759858284,0,0.0,0.0
1,18,15,-0.11453781730473744,0.22973426301242716,0.09055630138514062,0,0.0,0.0
1,18,16,-0.11453781730473744,0.22973426301242716,0.09635592517169839,0,0.0,0.0
1,18,17,-0.11453781730473744,0.22973426301242716,0.10215554895825617,0,0.0,0.0
1,18,18,-0.11453781730473744,0.22973426301242716,0.10795517274481395,0,0.0,0.0
1,18,19,-0.11453781730473744,0.22973426301242716,0.11375479653137172,0,0.0,0.0
1,19,0,-0.11453781730473744,0.2388157420524244,0.0035619445867739875,0,0.0,1.1071862975226461e-13
1,19,1,-0.11453781730473744,0.2388157420524244,0.009361568373331762,0,0.0,3.666497464493361e-12
1,19,2,-0.11453781730473744,0.2388157420524244,0.015161192159889538,0,0.0,4.466708321812497e-11
1,19,3,-0.11453781730473744,0.2388157420524244,0.020960815946447314,0,0.0,2.0018397866255147e-10
1,19,4,-0.11453781730473744,0.2388157420524244,0.026760439733005088,0,0.0,3.300475836743292e-10
1,19,5,-0.11453781730473744,0.2388157420524244,0.032560063519562865,0,0.0,2.0018397866255147e-10
1,19,6,-0.11453781730473744,0.2388157420524244,0.03835968730612063,0,0.0,4.466708321812497e-11
1,19,7,-0.11453781730473744,0.2388157420524244,0.04415931109267841,0,0.0,3.666497464493361e-12
1,19,8,-0.11453781730473744,0.2388157420524244,0.04995893487923618,0,0.0,1.1071862975226461e-13
1,19,9,-0.11453781730473744,0.2388157420524244,0.05575855866579396,0,0.0,0.0
1,19,10,-0.11453781730473744,0.2388157420524244,0.061558182452351735,0,0.0,0.0
1,19,11,-0.11453781730473744,0.2388157420524244,0.06735780623890952,0,0.0,0.0
1,19,12,-0.11453781730473744,0.2388157420524244,0.07315743002546729,0,0.0,0.0
1,19,13,-0.11453781730473744,0.2388157420524244,0.07895705381202506,0,0.0,0.0
1,19,14,-0.11453781730473744,0.2388157420524244,0.08475667759858284,0,0.0,0.0
1,19,15,-0.11453781730473744,0.2388157420524244,0.09055630138514062,0,0.0,0.0
1,19,16,-0.11453781730473744,0.2388157420524244,0.09635592517169839,0,0.0,0.0
1,19,17,-0.11453781730473744,0.2388157420524244,0.10215554895825617,0,0.0,0.0
1,19,18,-0.11453781730473744,0.2388157420524244,0.10795517274481395,0,0.0,0.0
1,19,19,-0.11453781730473744,0.2388157420524244,0.11375479653137172,0,0.0,0.0
2,0,0,-0.09569687508442112,0.06626764029247711,0.0035619445867739875,0,0.0,9.267916756499932e-09
2,0,1,-0.09569687508442112,0.06626764029247711,0.009361568373331762,0,0.0,1.9976709004397783e-08
2,0,2,-0.09569687508442112,0.06626764029247711,0.015161192159889538,0,0.0,2.0954289382451046e-08
2,0,3,-0.09569687508442112,0.06626764029247711,0.020960815946447314,0,0.0,1.2281000074397467e-08
2,0,4,-0.09569687508442112,0.06626764029247711,0.026760439733005088,0,0.0,5.353531912524976e-09
2,0,5,-0.09569687508442112,0.06626764029247711,0.032560063519562865,0,0.0,1.8976336871596093e-09
2,0,6,-0.09569687508442112,0.06626764029247711,0.03835968730612063,0,0.0,3.6361199535370067e-10
2,0,7,-0.09569687508442112,0.06626764029247711,0.04415931109267841,0,0.0,2.8758511069456032e-11
2,0,8,-0.09569687508442112,0.06626764029247711,0.04995893487923618,0,0.0,8.731850859503348e-13
2,0,9,-0.09569687508442112,0.06626764029247711,0.05575855866579396,0,0.0,1.0977761779837703e-15
2,0,10,-0.09569687508442112,0.06626764029247711,0.061558182452351735,0,0.0,0.0
2,0,11,-0.09569687508442112,0.06626764029247711,0.06735780623890952,0,0.0,0.0
2,0,12,-0.09569687508442112,0.06626764029247711,0.07315743002546729,0,0.0,0.0
2,0,13,-0.09569687508442112,0.06626764029247711,0.07895705381202506,0,0.0,0.0
2,0,14,-0.09569687508442112,0.06626764029247711,0.08475667759858284,0,0.0,0.0
2,0,15,-0.09569687508442112,0.06626764029247711,0.09055630138514062,0,0.0,0.0
2,0,16,-0.09569687508442112,0.06626764029247711,0.09635592517169839,0,0.0,0.0
2,0,17,-0.09569687508442112,0.06626764029247711,0.10215554895825617,0,0.0,0.0
2,0,18,-0.09569687508442112,0.06626764029247711,0.10795517274481395,0,0.0,0.0
2,0,19,-0.09569687508442112,0.06626764029247711,0.11375479653137172,0,0.0,0.0
2,1,0,-0.09569687508442112,0.07534911933247435,0.0035619445867739875,0,0.0,1.67135740218396e-07
2,1,1,-0.09569687508442112,0.07534911933247435,0.009361568373331762,0,0.0,3.1917894144801e-07
2,1,2,-0.09569687508442112,0.07534911933247435,0.015161192159889538,0,0.0,3.2244355535219005e-07
2,1,3,-0.09569687508442112,0.07534911933247435,0.020960815946447314,0,0.0,2.0974737815390194e-07
2,1,4,-0.09569687508442112,0.07534911933247435,0.026760439733005088,0,0.0,1.2673531838009618e-07
2,1,5,-0.09569687508442112,0.07534911933247435,0.032560063519562865,0,0.0,5.738336671701766e-08
2,1,6,-0.09569687508442112,0.07534911933247435,0.03835968730612063,0,0.0,1.1977230573277748e-08
2,1,7,-0.09569687508442112,0.07534911933247435,0.04415931109267841,0,0.0,9.894136107024823e-10
2,1,8,-0.09569687508442112,0.07534911933247435,0.04995893487923618,0,0.0,5.7009954609407666e-11
2,1,9,-0.09569687508442112,0.07534911933247435,0.05575855866579396,0,0.0,1.6580271373255788e-11
2,1,10,-0.09569687508442112,0.07534911933247435,0.061558182452351735,0,0.0,4.162703937336892e-12
2,1,11,-0.09569687508442112,0.07534911933247435,0.06735780623890952,0,0.0,1.1190706057636814e-12
2,1,12,-0.09569687508442112,0.07534911933247435,0.07315743002546729,0,0.0,5.052948114143858e-13
2,1,13,-0.09569687508442112,0.07534911933247435,0.07895705381202506,0,0.0,1.1071862975226463e-13
2,1,14,-0.09569687508442112,0.07534911933247435,0.08475667759858284,0,0.0,9.088338570854601e-15
2,1,15,-0.09569687508442112,0.07534911933247435,0.09055630138514062,0,0.0,2.7444404449594257e-16
2,1,16,-0.09569687508442112,0.07534911933247435,0.09635592517169839,0,0.0,0.0
2,1,17,-0.09569687508442112,0.07534911933247435,0.10215554895825617,0,0.0,0.0
2,1,18,-0.09569687508442112,0.07534911933247435,0.10795517274481395,0,0.0,0.0
2,1,19,-0.09569687508442112,0.07534911933247435,0.11375479653137172,0,0.0,0.0
2,2,0,-0.09569687508442112,0.08443059837247156,0.0035619445867739875,0,0.0,2.1341271447614126e-06
2,2,1,-0.09569687508442112,0.08443059837247156,0.009361568373331762,0,0.0,3.0535974216282775e-06
2,2,2,-0.09569687508442112,0.08443059837247156,0.015161192159889538,0,0.0,2.670727021493722e-06
2,2,3,-0.09569687508442112,0.08443059837247156,0.020960815946447314,0,0.0,1.8773635602723715e-06
2,2,4,-0.09569687508442112,0.08443059837247156,0.026760439733005088,0,0.0,1.4262081510223985e-06
2,2,5,-0.09569687508442112,0.08443059837247156,0.032560063519562865,0,0.0,7.184047474501292e-07
2,2,6,-0.09569687508442112,0.08443059837247156,0.03835968730612063,0,0.0,1.5539454787273782e-07
2,2,7,-0.09569687508442112,0.08443059837247156,0.04415931109267841,0,0.0,1.3679710129330793e-08
2,2,8,-0.09569687508442112,0.08443059837247156,0.04995893487923618,0,0.0,1.3646567959051598e-09
2,2,9,-0.09569687508442112,0.08443059837247156,0.05575855866579396,0,0.0,5.538155948021866e-10
2,2,10,-0.09569687508442112,0.08443059837247156,0.061558182452351735,0,0.0,1.3808943619178544e-10
2,2,11,-0.09569687508442112,0.08443059837247156,0.06735780623890952,0,0.0,3.706789166616724e-11
2,2,12,-0.09569687508442112,0.08443059837247156,0.07315743002546729,0,0.0,1.6733340496414084e-11
2,2,13,-0.09569687508442112,0.08443059837247156,0.07895705381202506,0,0.0,3.666497464493361e-12
2,2,14,-0.09569687508442112,0.08443059837247156,0.08475667759858284,0,0.0,3.0096443932746593e-13
2,2,15,-0.09569687508442112,0.08443059837247156,0.09055630138514062,0,0.0,9.0883385708546e-15
2,2,16,-0.09569687508442112,0.08443059837247156,0.09635592517169839,0,0.0,0.0
2,2,17,-0.09569687508442112,0.08443059837247156,0.10215554895825617,0,0.0,0.0
2,2,18,-0.09569687508442112,0.08443059837247156,0.10795517274481395,0,0.0,0.0
2,2,19,-0.09569687508442112,0.08443059837247156,0.11375479653137172,0,0.0,0.0
2,3,0,-0.09569687508442112,0.09351207741246878,0.0035619445867739875,0,0.0,2.281667822169647e-05
2,3,1,-0.09569687508442112,0.09351207741246878,0.009361568373331762,0,0.0,2.438308931642042e-05
2,3,2,-0.09569687508442112,0.09351207741246878,0.015161192159889538,0,0.0,1.6544706474261832e-05
2,3,3,-0.09569687508442112,0.09351207741246878,0.020960815946447314,0,0.0,1.0500799143124653e-05
2,3,4,-0.09569687508442112,0.09351207741246878,0.026760439733005088,0,0.0,7.872391647629692e-06
2,3,5,-0.09569687508442112,0.09351207741246878,0.032560063519562865,0,0.0,3.945284053947307e-06
2,3,6,-0.09569687508442112,0.09351207741246878,0.03835968730612063,0,0.0,8.872759727590631e-07
2,3,7,-0.09569687508442112,0.09351207741246878,0.04415931109267841,0,0.0,9.556417788361176e-08
2,3,8,-0.09569687508442112,0.09351207741246878,0.04995893487923618,0,0.0,1.6421968179123165e-08
2,3,9,-0.09569687508442112,0.09351207741246878,0.05575855866579396,0,0.0,6.9822484333921595e-09
2,3,10,-0.09569687508442112,0.09351207741246878,0.061558182452351735,0,0.0,1.7232659437384844e-09
2,3,11,-0.09569687508442112,0.09351207741246878,0.06735780623890952,0,0.0,4.686293278911952e-10
2,3,12,-0.09569687508442112,0.09351207741246878,0.07315743002546729,0,0.0,2.075351502686799e-10
2,3,13,-0.09569687508442112,0.09351207741246878,0.07895705381202506,0,0.0,4.496804765745243e-11
2,3,14,-0.09569687508442112,0.09351207741246878,0.08475667759858284,0,0.0,3.6755858030642155e-12
2,3,15,-0.09569687508442112,0.09351207741246878,0.09055630138514062,0,0.0,1.1071862975226461e-13
2,3,16,-0.09569687508442112,0.09351207741246878,0.09635592517169839,0,0.0,0.0
2,3,17,-0.09569687508442112,0.09351207741246878,0.10215554895825617,0,0.0,0.0
2,3,18,-0.09569687508442112,0.09351207741246878,0.10795517274481395,0,0.0,0.0
2,3,19,-0.09569687508442112,0.09351207741246878,0.11375479653137172,0,0.0,0.0
2,4,0,-0.09569687508442112,0.10259355645246601,0.0035619445867739875,0,0.0,0.00016435686136489542
2,4,1,-0.09569687508442112,0.10259355645246601,0.009361568373331762,0,0.0,0.00014822231289275814
2,4,2,-0.09569687508442112,0.10259355645246601,0.015161192159889538,0,0.0,8.039563437674068e-05
2,4,3,-0.09569687508442112,0.10259355645246601,0.020960815946447314,0,0.0,4.0780662773840095e-05
2,4,4,-0.09569687508442112,0.10259355645246601,0.026760439733005088,1,0.0001,2.5049634347562844e-05
2,4,5,-0.09569687508442112,0.10259355645246601,0.032560063519562865,0,0.0,1.1875111210594753e-05
2,4,6,-0.09569687508442112,0.10259355645246601,0.03835968730612063,0,0.0,3.1441417958815315e-06
2,4,7,-0.09569687508442112,0.10259355645246601,0.04415931109267841,0,0.0,5.452762662649554e-07
2,4,8,-0.09569687508442112,0.10259355645246601,0.04995893487923618,0,0.0,1.136179402777811e-07
2,4,9,-0.09569687508442112,0.10259355645246601,0.05575855866579396,0,0.0,3.6612501200272716e-08
2,4,10,-0.09569687508442112,0.10259355645246601,0.061558182452351735,0,0.0,9.037287471049351e-09
2,4,11,-0.09569687508442112,0.10259355645246601,0.06735780623890952,0,0.0,2.678421323386806e-09
2,4,12,-0.09569687508442112,0.10259355645246601,0.07315743002546729,0,0.0,1.1003613722226389e-09
2,4,13,-0.09569687508442112,0.10259355645246601,0.07895705381202506,0,0.0,2.5805875035598685e-10
2,4,14,-0.09569687508442112,0.10259355645246601,0.08475667759858284,0,0.0,3.725243653755565e-11
2,4,15,-0.09569687508442112,0.10259355645246601,0.09055630138514062,0,0.0,4.482119497850563e-12
2,4,16,-0.09569687508442112,0.10259355645246601,0.09635592517169839,0,0.0,3.1032722194281645e-13
2,4,17,-0.09569687508442112,0.10259355645246601,0.10215554895825617,0,0.0,9.0883385708546e-15
2,4,18,-0.09569687508442112,0.10259355645246601,0.10795517274481395,0,0.0,0.0
2,4,19,-0.09569687508442112,0.10259355645246601,0.11375479653137172,0,0.0,0.0
2,5,0,-0.09569687508442112,0.11167503549246324,0.0035619445867739875,1,0.0001,0.0007423320646573728
2,5,1,-0.09569687508442112,0.11167503549246324,0.009361568373331762,3,0.0003,0.0006034901954519086
2,5,2,-0.09569687508442112,0.11167503549246324,0.015161192159889538,1,0.0001,0.000277036140664171
2,5,3,-0.09569687508442112,0.11167503549246324,0.020960815946447314,0,0.0,0.00011539676035981544
2,5,4,-0.09569687508442112,0.11167503549246324,0.026760439733005088,1,0.0001,5.884511207881401e-05
2,5,5,-0.09569687508442112,0.11167503549246324,0.032560063519562865,0,0.0,2.7964643541917803e-05
2,5,6,-0.09569687508442112,0.11167503549246324,0.03835968730612063,0,0.0,1.022321459486392e-05
2,5,7,-0.09569687508442112,0.11167503549246324,0.04415931109267841,0,0.0,2.820366538120437e-06
2,5,8,-0.09569687508442112,0.11167503549246324,0.04995893487923618,0,0.0,5.924480734981226e-07
2,5,9,-0.09569687508442112,0.11167503549246324,0.05575855866579396,0,0.0,1.2626126269672906e-07
2,5,10,-0.09569687508442112,0.11167503549246324,0.061558182452351735,0,0.0,3.6083561960010556e-08
2,5,11,-0.09569687508442112,0.11167503549246324,0.06735780623890952,0,0.0,1.3469375396978491e-08
2,5,12,-0.09569687508442112,0.11167503549246324,0.07315743002546729,0,0.0,5.157299587441991e-09
2,5,13,-0.09569687508442112,0.11167503549246324,0.07895705381202506,0,0.0,2.0384634231932323e-09
2,5,14,-0.09569687508442112,0.11167503549246324,0.08475667759858284,0,0.0,7.1026668044101e-10
2,5,15,-0.09569687508442112,0.11167503549246324,0.09055630138514062,0,0.0,1.3281341745758254e-10
2,5,16,-0.09569687508442112,0.11167503549246324,0.09635592517169839,0,0.0,1.0276626209721784e-11
2,5,17,-0.09569687508442112,0.11167503549246324,0.10215554895825617,0,0.0,3.009644393274659e-13
2,5,18,-0.09569687508442112,0.11167503549246324,0.10795517274481395,0,0.0,0.0
2,5,19,-0.09569687508442112,0.11167503549246324,0.11375479653137172,0,0.0,0.0
2,6,0,-0.09569687508442112,0.12075651453246046,0.0035619445867739875,25,0.0025,0.0021021969573396487
2,6,1,-0.09569687508442112,0.12075651453246046,0.009361568373331762,9,0.0009,0.001599467835444444
2,6,2,-0.09569687508442112,0.12075651453246046,0.015161192159889538,2,0.0002,0.0006521445648140983
2,6,3,-0.09569687508442112,0.12075651453246046,0.020960815946447314,1,0.0001,0.0002379303494063975
2,6,4,-0.09569687508442112,0.12075651453246046,0.026760439733005088,1,0.0001,0.00011221910794868885
2,6,5,-0.09569687508442112,0.12075651453246046,0.032560063519562865,1,0.0001,5.748585968759995e-05
2,6,6,-0.09569687508442112,0.12075651453246046,0.03835968730612063,0,0.0,2.743803916169988e-05
2,6,7,-0.09569687508442112,0.12075651453246046,0.04415931109267841,0,0.0,9.932926408064913e-06
2,6,8,-0.09569687508442112,0.12075651453246046,0.04995893487923618,0,0.0,2.4171529936225277e-06
2,6,9,-0.09569687508442112,0.12075651453246046,0.05575855866579396,0,0.0,5.738061733230923e-07
2,6,10,-0.09569687508442112,0.12075651453246046,0.061558182452351735,0,0.0,2.0931650633588692e-07
2,6,11,-0.09569687508442112,0.12075651453246046,0.06735780623890952,0,0.0,7.810529303990257e-08
2,6,12,-0.09569687508442112,0.12075651453246046,0.07315743002546729,0,0.0,3.435664339247867e-08
2,6,13,-0.09569687508442112,0.12075651453246046,0.07895705381202506,0,0.0,2.0089146369420518e-08
2,6,14,-0.09569687508442112,0.12075651453246046,0.08475667759858284,0,0.0,8.310969081295138e-09
2,6,15,-0.09569687508442112,0.12075651453246046,0.09055630138514062,0,0.0,1.6085285635624533e-09
2,6,16,-0.09569687508442112,0.12075651453246046,0.09635592517169839,0,0.0,1.2520402507491354e-10
2,6,17,-0.09569687508442112,0.12075651453246046,0.10215554895825617,0,0.0,3.777216094245625e-12
2,6,18,-0.09569687508442112,0.12075651453246046,0.10795517274481395,0,0.0,4.962064728435312e-13
2,6,19,-0.09569687508442112,0.12075651453246046,0.11375479653137172,0,0.0,8.181061664362154e-13
2,7,0,-0.09569687508442112,0.12983799357245768,0.0035619445867739875,57,0.0057,0.0036255279743923935
2,7,1,-0.09569687508442112,0.12983799357245768,0.009361568373331762,24,0.0024,0.0026408033437292397
2,7,2,-0.09569687508442112,0.12983799357245768,0.015161192159889538,3,0.0003,0.0009931069164393364
2,7,3,-0.09569687508442112,0.12983799357245768,0.020960815946447314,5,0.0005,0.00033617070872632145
2,7,4,-0.09569687508442112,0.12983799357245768,0.026760439733005088,1,0.0001,0.0001613974444945406
2,7,5,-0.09569687508442112,0.12983799357245768,0.032560063519562865,1,0.0001,9.251373843227252e-05
2,7,6,-0.09569687508442112,0.12983799357245768,0.03835968730612063,0,0.0,5.23186542226437e-05
2,7,7,-0.09569687508442112,0.12983799357245768,0.04415931109267841,0,0.0,2.372530693064475e-05
2,7,8,-0.09569687508442112,0.12983799357245768,0.04995893487923618,0,0.0,8.269333631652529e-06
2,7,9,-0.09569687508442112,0.12983799357245768,0.05575855866579396,0,0.0,2.9573922574042715e-06
2,7,10,-0.09569687508442112,0.12983799357245768,0.061558182452351735,0,0.0,1.1072613683381061e-06
2,7,11,-0.09569687508442112,0.12983799357245768,0.06735780623890952,0,0.0,3.2365858578651464e-07
2,7,12,-0.09569687508442112,0.12983799357245768,0.07315743002546729,0,0.0,1.3645217680391387e-07
2,7,13,-0.09569687508442112,0.12983799357245768,0.07895705381202506,0,0.0,8.778976674882842e-08
2,7,14,-0.09569687508442112,0.12983799357245768,0.08475667759858284,0,0.0,3.713065060807052e-08
2,7,15,-0.09569687508442112,0.12983799357245768,0.09055630138514062,0,0.0,7.2068196165139066e-09
2,7,16,-0.09569687508442112,0.12983799357245768,0.09635592517169839,0,0.0,5.6138574407226e-10
2,7,17,-0.09569687508442112,0.12983799357245768,0.10215554895825617,0,0.0,2.0098599077535483e-11
2,7,18,-0.09569687508442112,0.12983799357245768,0.10795517274481395,0,0.0,1.643210161304212e-11
2,7,19,-0.09569687508442112,0.12983799357245768,0.11375479653137172,0,0.0,2.709195545172843e-11
2,8,0,-0.09569687508442112,0.1389194726124549,0.0035619445867739875,70,0.007,0.0036509744883573367
2,8,1,-0.09569687508442112,0.1389194726124549,0.009361568373331762,9,0.0009,0.0025822661238384765
2,8,2,-0.09569687508442112,0.1389194726124549,0.015161192159889538,5,0.0005,0.0009228845750949916
2,8,3,-0.09569687508442112,0.1389194726124549,0.020960815946447314,2,0.0002,0.00030570292862485185
2,8,4,-0.09569687508442112,0.1389194726124549,0.026760439733005088,0,0.0,0.00016116241396109794
2,8,5,-0.09569687508442112,0.1389194726124549,0.032560063519562865,2,0.0002,0.00010848569332236508
2,8,6,-0.09569687508442112,0.1389194726124549,0.03835968730612063,0,0.0,7.338124880301974e-05
2,8,7,-0.09569687508442112,0.1389194726124549,0.04415931109267841,0,0.0,4.579355364344014e-05
2,8,8,-0.09569687508442112,0.1389194726124549,0.04995893487923618,0,0.0,2.3927772135429843e-05
2,8,9,-0.09569687508442112,0.1389194726124549,0.05575855866579396,0,0.0,1.0638769238326512e-05
2,8,10,-0.09569687508442112,0.1389194726124549,0.061558182452351735,0,0.0,3.821555270919346e-06
2,8,11,-0.09569687508442112,0.1389194726124549,0.06735780623890952,0,0.0,8.690450447810949e-07
2,8,12,-0.09569687508442112,0.1389194726124549,0.07315743002546729,0,0.0,2.4540377223417717e-07
2,8,13,-0.09569687508442112,0.1389194726124549,0.07895705381202506,0,0.0,1.4608345811117608e-07
2,8,14,-0.09569687508442112,0.1389194726124549,0.08475667759858284,0,0.0,6.15141619866104e-08
2,8,15,-0.09569687508442112,0.1389194726124549,0.09055630138514062,0,0.0,1.1909051029968418e-08
2,8,16,-0.09569687508442112,0.1389194726124549,0.09635592517169839,0,0.0,9.295570144778394e-10
2,8,17,-0.09569687508442112,0.1389194726124549,0.10215554895825617,0,0.0,7.17590386698534e-11
2,8,18,-0.09569687508442112,0.1389194726124549,0.10795517274481395,0,0.0,2.0018397866255147e-10
2,8,19,-0.09569687508442112,0.1389194726124549,0.11375479653137172,0,0.0,3.300475836743292e-10
2,9,0,-0.09569687508442112,0.14800095165245214,0.0035619445867739875,30,0.003,0.0020479696270919805
2,9,1,-0.09569687508442112,0.14800095165245214,0.009361568373331762,2,0.0002,0.001425632892122787
2,9,2,-0.09569687508442112,0.14800095165245214,0.015161192159889538,2,0.0002,0.0005015800751676862
2,9,3,-0.09569687508442112,0.14800095165245214,0.020960815946447314,1,0.0001,0.00017297831813281126
2,9,4,-0.09569687508442112,0.14800095165245214,0.026760439733005088,0,0.0,0.00010470904845839866
2,9,5,-0.09569687508442112,0.14800095165245214,0.032560063519562865,1,0.0001,8.648879109930475e-05
2,9,6,-0.09569687508442112,0.14800095165245214,0.03835968730612063,0,0.0,7.461375438930805e-05
2,9,7,-0.09569687508442112,0.14800095165245214,0.04415931109267841,3,0.0003,6.30718997925077e-05
2,9,8,-0.09569687508442112,0.14800095165245214,0.04995893487923618,1,0.0001,4.1122554457687984e-05
2,9,9,-0.09569687508442112,0.14800095165245214,0.05575855866579396,0,0.0,2.060787706414251e-05
2,9,10,-0.09569687508442112,0.14800095165245214,0.061558182452351735,0,0.0,7.708422634916637e-06
2,9,11,-0.09569687508442112,0.14800095165245214,0.06735780623890952,0,0.0,1.604957918752585e-06
2,9,12,-0.09569687508442112,0.14800095165245214,0.07315743002546729,0,0.0,3.070885144838647e-07
2,9,13,-0.09569687508442112,0.14800095165245214,0.07895705381202506,0,0.0,1.3888433082543416e-07
2,9,14,-0.09569687508442112,0.14800095165245214,0.08475667759858284,0,0.0,4.803324264220709e-08
2,9,15,-0.09569687508442112,0.14800095165245214,0.09055630138514062,0,0.0,8.104358639691217e-09
2,9,16,-0.09569687508442112,0.14800095165245214,0.09635592517169839,0,0.0,6.046088366977031e-10
2,9,17,-0.09569687508442112,0.14800095165245214,0.10215554895825617,0,0.0,2.1661608027559356e-10
2,9,18,-0.09569687508442112,0.14800095165245214,0.10795517274481395,0,0.0,8.971623492287451e-10
2,9,19,-0.09569687508442112,0.14800095165245214,0.11375479653137172,0,0.0,1.4791706484447288e-09
2,10,0,-0.09569687508442112,0.15708243069244937,0.0035619445867739875,0,0.0,0.0006195455510766819
2,10,1,-0.09569687508442112,0.15708243069244937,0.009361568373331762,0,0.0,0.00042887410569993837
2,10,2,-0.09569687508442112,0.15708243069244937,0.015161192159889538,0,0.0,0.00015381914448111313
2,10,3,-0.09569687508442112,0.15708243069244937,0.020960815946447314,0,0.0,5.9353904044153075e-05
2,10,4,-0.09569687508442112,0.15708243069244937,0.026760439733005088,0,0.0,4.253621222849146e-05
2,10,5,-0.09569687508442112,0.15708243069244937,0.032560063519562865,0,0.0,4.4488757012807717e-05
2,10,6,-0.09569687508442112,0.15708243069244937,0.03835968730612063,1,0.0001,5.033168057649992e-05
2,10,7,-0.09569687508442112,0.15708243069244937,0.04415931109267841,1,0.0001,5.259630448654909e-05
2,10,8,-0.09569687508442112,0.15708243069244937,0.04995893487923618,0,0.0,3.9660896339337486e-05
2,10,9,-0.09569687508442112,0.15708243069244937,0.05575855866579396,1,0.0001,2.3033836349306506e-05
2,10,10,-0.09569687508442112,0.15708243069244937,0.061558182452351735,0,0.0,9.478397060888339e-06
2,10,11,-0.09569687508442112,0.15708243069244937,0.06735780623890952,0,0.0,2.453871205658231e-06
2,10,12,-0.09569687508442112,0.15708243069244937,0.07315743002546729,0,0.0,1.1533755158172702e-06
2,10,13,-0.09569687508442112,0.15708243069244937,0.07895705381202506,0,0.0,6.203111042844647e-07
2,10,14,-0.09569687508442112,0.15708243069244937,0.08475667759858284,0,0.0,1.4142910431943555e-07
2,10,15,-0.09569687508442112,0.15708243069244937,0.09055630138514062,0,0.0,1.2538525090061729e-08
2,10,16,-0.09569687508442112,0.15708243069244937,0.09635592517169839,0,0.0,4.823344758624002e-10
2,10,17,-0.09569687508442112,0.15708243069244937,0.10215554895825617,0,0.0,3.337140811388225e-10
2,10,18,-0.09569687508442112,0.15708243069244937,0.10795517274481395,0,0.0,1.479170648444729e-09
2,10,19,-0.09569687508442112,0.15708243069244937,0.11375479653137172,0,0.0,2.438740111086126e-09
2,11,0,-0.09569687508442112,0.1661639097324466,0.0035619445867739875,0,0.0,9.893382464445406e-05
2,11,1,-0.09569687508442112,0.1661639097324466,0.009361568373331762,0,0.0,6.860041057918452e-05
2,11,2,-0.09569687508442112,0.1661639097324466,0.015161192159889538,0,0.0,2.6966710852137484e-05
2,11,3,-0.09569687508442112,0.1661639097324466,0.020960815946447314,0,0.0,1.4457411681990968e-05
2,11,4,-0.09569687508442112,0.1661639097324466,0.026760439733005088,0,0.0,1.3110660801342334e-05
2,11,5,-0.09569687508442112,0.1661639097324466,0.032560063519562865,0,0.0,1.67339980360463e-05
2,11,6,-0.09569687508442112,0.1661639097324466,0.03835968730612063,0,0.0,2.343110215431573e-05
2,11,7,-0.09569687508442112,0.1661639097324466,0.04415931109267841,1,0.0001,2.924744209738673e-05
2,11,8,-0.09569687508442112,0.1661639097324466,0.04995893487923618,1,0.0001,2.606792335353731e-05
2,11,9,-0.09569687508442112,0.1661639097324466,0.05575855866579396,0,0.0,1.7083603741977763e-05
2,11,10,-0.09569687508442112,0.1661639097324466,0.061558182452351735,0,0.0,7.647447185277243e-06
2,11,11,-0.09569687508442112,0.1661639097324466,0.06735780623890952,0,0.0,4.05035167986758e-06
2,11,12,-0.09569687508442112,0.1661639097324466,0.07315743002546729,0,0.0,4.518888214325677e-06
2,11,13,-0.09569687508442112,0.1661639097324466,0.07895705381202506,0,0.0,2.679148709203129e-06
2,11,14,-0.09569687508442112,0.1661639097324466,0.08475667759858284,0,0.0,5.97419547387787e-07
2,11,15,-0.09569687508442112,0.1661639097324466,0.09055630138514062,0,0.0,4.9115896065043165e-08
2,11,16,-0.09569687508442112,0.1661639097324466,0.09635592517169839,0,0.0,1.5058793762674928e-09
2,11,17,-0.09569687508442112,0.1661639097324466,0.10215554895825617,0,0.0,2.004849431018789e-10
2,11,18,-0.09569687508442112,0.1661639097324466,0.10795517274481395,0,0.0,8.971623492287451e-10
2,11,19,-0.09569687508442112,0.1661639097324466,0.11375479653137172,0,0.0,1.4791706484447288e-09
2,12,0,-0.09569687508442112,0.17524538877244383,0.0035619445867739875,0,0.0,8.092238393117433e-06
2,12,1,-0.09569687508442112,0.17524538877244383,0.009361568373331762,0,0.0,5.882873360186448e-06
2,12,2,-0.09569687508442112,0.17524538877244383,0.015161192159889538,0,0.0,3.575971125893712e-06
2,12,3,-0.09569687508442112,0.17524538877244383,0.020960815946447314,0,0.0,3.770662326620229e-06
2,12,4,-0.09569687508442112,0.17524538877244383,0.026760439733005088,0,0.0,4.025890372972047e-06
2,12,5,-0.09569687508442112,0.17524538877244383,0.032560063519562865,0,0.0,5.124227000860341e-06
2,12,6,-0.09569687508442112,0.17524538877244383,0.03835968730612063,0,0.0,7.474800496497134e-06
2,12,7,-0.09569687508442112,0.17524538877244383,0.04415931109267841,0,0.0,1.0621903915912007e-05
2,12,8,-0.09569687508442112,0.17524538877244383,0.04995893487923618,0,0.0,1.0769086111918504e-05
2,12,9,-0.09569687508442112,0.17524538877244383,0.05575855866579396,0,0.0,7.388314052324492e-06
2,12,10,-0.09569687508442112,0.17524538877244383,0.061558182452351735,0,0.0,3.912597371069917e-06
2,12,11,-0.09569687508442112,0.17524538877244383,0.06735780623890952,0,0.0,4.963298914296168e-06
2,12,12,-0.09569687508442112,0.17524538877244383,0.07315743002546729,1,0.0001,7.312541049056958e-06
2,12,13,-0.09569687508442112,0.17524538877244383,0.07895705381202506,0,0.0,4.4106371180001244e-06
2,12,14,-0.09569687508442112,0.17524538877244383,0.08475667759858284,0,0.0,9.838785000283e-07
2,12,15,-0.09569687508442112,0.17524538877244383,0.09055630138514062,0,0.0,8.076407762006332e-08
2,12,16,-0.09569687508442112,0.17524538877244383,0.09635592517169839,0,0.0,2.4427169357725624e-09
2,12,17,-0.09569687508442112,0.17524538877244383,0.10215554895825617,0,0.0,4.4676171556695817e-11
2,12,18,-0.09569687508442112,0.17524538877244383,0.10795517274481395,0,0.0,2.0018397866255147e-10
2,12,19,-0.09569687508442112,0.17524538877244383,0.11375479653137172,0,0.0,3.300475836743292e-10
2,13,0,-0.09569687508442112,0.18432686781244106,0.0035619445867739875,0,0.0,3.575617811511878e-07
2,13,1,-0.09569687508442112,0.18432686781244106,0.009361568373331762,0,0.0,3.4774300736418475e-07
2,13,2,-0.09569687508442112,0.18432686781244106,0.015161192159889538,0,0.0,4.702221966507746e-07
2,13,3,-0.09569687508442112,0.18432686781244106,0.020960815946447314,0,0.0,7.100570603463162e-07
2,13,4,-0.09569687508442112,0.18432686781244106,0.026760439733005088,0,0.0,7.706197573478772e-07
2,13,5,-0.09569687508442112,0.18432686781244106,0.032560063519562865,0,0.0,9.146628269575071e-07
2,13,6,-0.09569687508442112,0.18432686781244106,0.03835968730612063,0,0.0,1.2867713168932323e-06
2,13,7,-0.09569687508442112,0.18432686781244106,0.04415931109267841,0,0.0,1.9483418633977556e-06
2,13,8,-0.09569687508442112,0.18432686781244106,0.04995893487923618,0,0.0,2.1002145493561985e-06
2,13,9,-0.09569687508442112,0.18432686781244106,0.05575855866579396,0,0.0,1.4799674055526651e-06
2,13,10,-0.09569687508442112,0.18432686781244106,0.061558182452351735,0,0.0,1.1546808805166785e-06
2,13,11,-0.09569687508442112,0.18432686781244106,0.06735780623890952,0,0.0,2.7776372739602557e-06
2,13,12,-0.09569687508442112,0.18432686781244106,0.07315743002546729,0,0.0,4.417219520889105e-06
2,13,13,-0.09569687508442112,0.18432686781244106,0.07895705381202506,0,0.0,2.6746310430215793e-06
2,13,14,-0.09569687508442112,0.18432686781244106,0.08475667759858284,0,0.0,5.967400300719237e-07
2,13,15,-0.09569687508442112,0.18432686781244106,0.09055630138514062,0,0.0,4.898341363561775e-08
2,13,16,-0.09569687508442112,0.18432686781244106,0.09635592517169839,0,0.0,1.4794716128840562e-09
2,13,17,-0.09569687508442112,0.18432686781244106,0.10215554895825617,0,0.0,3.666497464493361e-12
2,13,18,-0.09569687508442112,0.18432686781244106,0.10795517274481395,0,0.0,1.643210161304212e-11
2,13,19,-0.09569687508442112,0.18432686781244106,0.11375479653137172,0,0.0,2.709195545172843e-11
2,14,0,-0.09569687508442112,0.19340834685243827,0.0035619445867739875,0,0.0,1.2810266065317831e-08
2,14,1,-0.09569687508442112,0.19340834685243827,0.009361568373331762,0,0.0,2.3338586100425823e-08
2,14,2,-0.09569687508442112,0.19340834685243827,0.015161192159889538,0,0.0,4.140907924360367e-08
2,14,3,-0.09569687508442112,0.19340834685243827,0.020960815946447314,0,0.0,6.014675559569203e-08
2,14,4,-0.09569687508442112,0.19340834685243827,0.026760439733005088,0,0.0,6.301207542402137e-08
2,14,5,-0.09569687508442112,0.19340834685243827,0.032560063519562865,0,0.0,7.077789250536382e-08
2,14,6,-0.09569687508442112,0.19340834685243827,0.03835968730612063,0,0.0,9.596908890701746e-08
2,14,7,-0.09569687508442112,0.19340834685243827,0.04415931109267841,0,0.0,1.488237112387419e-07
2,14,8,-0.09569687508442112,0.19340834685243827,0.04995893487923618,0,0.0,1.6454435835034876e-07
2,14,9,-0.09569687508442112,0.19340834685243827,0.05575855866579396,0,0.0,1.2285519744778839e-07
2,14,10,-0.09569687508442112,0.19340834685243827,0.061558182452351735,0,0.0,1.7621465171157814e-07
2,14,11,-0.09569687508442112,0.19340834685243827,0.06735780623890952,0,0.0,6.046251301656568e-07
2,14,12,-0.09569687508442112,0.19340834685243827,0.07315743002546729,0,0.0,9.844563301286038e-07
2,14,13,-0.09569687508442112,0.19340834685243827,0.07895705381202506,0,0.0,5.967572802797032e-07
2,14,14,-0.09569687508442112,0.19340834685243827,0.08475667759858284,0,0.0,1.3315069847692716e-07
2,14,15,-0.09569687508442112,0.19340834685243827,0.09055630138514062,0,0.0,1.0929675175693772e-08
2,14,16,-0.09569687508442112,0.19340834685243827,0.09635592517169839,0,0.0,3.300566720129e-10
2,14,17,-0.09569687508442112,0.19340834685243827,0.10215554895825617,0,0.0,1.1071862975226463e-13
2,14,18,-0.09569687508442112,0.19340834685243827,0.10795517274481395,0,0.0,4.962064728435312e-13
2,14,19,-0.09569687508442112,0.19340834685243827,0.11375479653137172,0,0.0,8.181061664362154e-13
2,15,0,-0.09569687508442112,0.2024898258924355,0.0035619445867739875,0,0.0,1.2577197360107393e-09
2,15,1,-0.09569687508442112,0.2024898258924355,0.009361568373331762,0,0.0,4.248518528851522e-09
2,15,2,-0.09569687508442112,0.2024898258924355,0.015161192159889538,0,0.0,8.051116472358944e-09
2,15,3,-0.09569687508442112,0.2024898258924355,0.020960815946447314,0,0.0,1.23100423993197e-08
2,15,4,-0.09569687508442112,0.2024898258924355,0.026760439733005088,0,0.0,1.492884502321955e-08
2,15,5,-0.09569687508442112,0.2024898258924355,0.032560063519562865,0,0.0,9.634381522497256e-09
2,15,6,-0.09569687508442112,0.2024898258924355,0.03835968730612063,0,0.0,4.4243983279513776e-09
2,15,7,-0.09569687508442112,0.2024898258924355,0.04415931109267841,0,0.0,4.457743816189704e-09
2,15,8,-0.09569687508442112,0.2024898258924355,0.04995893487923618,0,0.0,4.863265164573122e-09
2,15,9,-0.09569687508442112,0.2024898258924355,0.05575855866579396,0,0.0,4.186158154895128e-09
2,15,10,-0.09569687508442112,0.2024898258924355,0.061558182452351735,0,0.0,1.2183985877943104e-08
2,15,11,-0.09569687508442112,0.2024898258924355,0.06735780623890952,0,0.0,4.921149886200394e-08
2,15,12,-0.09569687508442112,0.2024898258924355,0.07315743002546729,0,0.0,8.077723119618804e-08
2,15,13,-0.09569687508442112,0.2024898258924355,0.07895705381202506,0,0.0,4.898390075375202e-08
2,15,14,-0.09569687508442112,0.2024898258924355,0.08475667759858284,0,0.0,1.0929674901249729e-08
2,15,15,-0.09569687508442112,0.2024898258924355,0.09055630138514062,0,0.0,8.971623492287451e-10
2,15,16,-0.09569687508442112,0.2024898258924355,0.09635592517169839,0,0.0,2.709195545172843e-11
2,15,17,-0.09569687508442112,0.2024898258924355,0.10215554895825617,0,0.0,0.0
2,15,18,-0.09569687508442112,0.2024898258924355,0.10795517274481395,0,0.0,0.0
2,15,19,-0.09569687508442112,0.2024898258924355,0.11375479653137172,0,0.0,0.0
2,16,0,-0.09569687508442112,0.21157130493243273,0.0035619445867739875,0,0.0,4.3454674763451136e-10
2,16,1,-0.09569687508442112,0.21157130493243273,0.009361568373331762,0,0.0,2.393492275413001e-09
2,16,2,-0.09569687508442112,0.21157130493243273,0.015161192159889538,0,0.0,9.934610835579033e-09
2,16,3,-0.09569687508442112,0.21157130493243273,0.020960815946447314,0,0.0,3.2987714532839925e-08
2,16,4,-0.09569687508442112,0.21157130493243273,0.026760439733005088,0,0.0,5.1823941739074064e-08
2,16,5,-0.09569687508442112,0.21157130493243273,0.032560063519562865,0,0.0,3.1226143593422806e-08
2,16,6,-0.09569687508442112,0.21157130493243273,0.03835968730612063,0,0.0,6.9767657451624195e-09
2,16,7,-0.09569687508442112,0.21157130493243273,0.04415931109267841,0,0.0,5.983494707890745e-10
2,16,8,-0.09569687508442112,0.21157130493243273,0.04995893487923618,0,0.0,3.450069000300116e-11
2,16,9,-0.09569687508442112,0.21157130493243273,0.05575855866579396,0,0.0,3.075845291622179e-11
2,16,10,-0.09569687508442112,0.21157130493243273,0.061558182452351735,0,0.0,3.3034854811365665e-10
2,16,11,-0.09569687508442112,0.21157130493243273,0.06735780623890952,0,0.0,1.4791797367832997e-09
2,16,12,-0.09569687508442112,0.21157130493243273,0.07315743002546729,0,0.0,2.438740111086126e-09
2,16,13,-0.09569687508442112,0.21157130493243273,0.07895705381202506,0,0.0,1.479170648444729e-09
2,16,14,-0.09569687508442112,0.21157130493243273,0.08475667759858284,0,0.0,3.300475836743292e-10
2,16,15,-0.09569687508442112,0.21157130493243273,0.09055630138514062,0,0.0,2.709195545172843e-11
2,16,16,-0.09569687508442112,0.21157130493243273,0.09635592517169839,0,0.0,8.181061664362154e-13
2,16,17,-0.09569687508442112,0.21157130493243273,0.10215554895825617,0,0.0,0.0
2,16,18,-0.09569687508442112,0.21157130493243273,0.10795517274481395,0,0.0,0.0
2,16,19,-0.09569687508442112,0.21157130493243273,0.11375479653137172,0,0.0,0.0
2,17,0,-0.09569687508442112,0.22065278397242996,0.0035619445867739875,0,0.0,1.169223283608219e-10
2,17,1,-0.09569687508442112,0.22065278397242996,0.009361568373331762,0,0.0,1.3139624081668903e-09
2,17,2,-0.09569687508442112,0.22065278397242996,0.015161192159889538,0,0.0,1.1789954047260938e-08
2,17,3,-0.09569687508442112,0.22065278397242996,0.020960815946447314,0,0.0,5.0281045572462774e-08
2,17,4,-0.09569687508442112,0.22065278397242996,0.026760439733005088,0,0.0,8.233215230075405e-08
2,17,5,-0.09569687508442112,0.22065278397242996,0.032560063519562865,0,0.0,4.993256697465504e-08
2,17,6,-0.09569687508442112,0.22065278397242996,0.03835968730612063,0,0.0,1.1330264295834338e-08
2,17,7,-0.09569687508442112,0.22065278397242996,0.04415931109267841,0,0.0,1.2436420345161164e-09
2,17,8,-0.09569687508442112,0.22065278397242996,0.04995893487923618,0,0.0,2.2777214058712344e-10
2,17,9,-0.09569687508442112,0.22065278397242996,0.05575855866579396,0,0.0,4.466708321812497e-11
2,17,10,-0.09569687508442112,0.22065278397242996,0.061558182452351735,0,0.0,3.666497464493361e-12
2,17,11,-0.09569687508442112,0.22065278397242996,0.06735780623890952,0,0.0,1.1071862975226461e-13
2,17,12,-0.09569687508442112,0.22065278397242996,0.07315743002546729,0,0.0,0.0
2,17,13,-0.09569687508442112,0.22065278397242996,0.07895705381202506,0,0.0,0.0
2,17,14,-0.09569687508442112,0.22065278397242996,0.08475667759858284,0,0.0,0.0
2,17,15,-0.09569687508442112,0.22065278397242996,0.09055630138514062,0,0.0,0.0
2,17,16,-0.09569687508442112,0.22065278397242996,0.09635592517169839,0,0.0,0.0
2,17,17,-0.09569687508442112,0.22065278397242996,0.10215554895825617,0,0.0,0.0
2,17,18,-0.09569687508442112,0.22065278397242996,0.10795517274481395,0,0.0,0.0
2,17,19,-0.09569687508442112,0.22065278397242996,0.11375479653137172,0,0.0,0.0
2,18,0,-0.09569687508442112,0.22973426301242716,0.0035619445867739875,0,0.0,2.3875815171781105e-11
2,18,1,-0.09569687508442112,0.22973426301242716,0.009361568373331762,0,0.0,5.806871722376244e-10
2,18,2,-0.09569687508442112,0.22973426301242716,0.015161192159889538,0,0.0,6.72803392242119e-09
2,18,3,-0.09569687508442112,0.22973426301242716,0.020960815946447314,0,0.0,2.9943481063393524e-08
2,18,4,-0.09569687508442112,0.22973426301242716,0.026760439733005088,0,0.0,4.933721722749553e-08
2,18,5,-0.09569687508442112,0.22973426301242716,0.032560063519562865,0,0.0,3.011090656123579e-08
2,18,6,-0.09569687508442112,0.22973426301242716,0.03835968730612063,0,0.0,7.571030537423621e-09
2,18,7,-0.09569687508442112,0.22973426301242716,0.04415931109267841,0,0.0,2.026993617456269e-09
2,18,8,-0.09569687508442112,0.22973426301242716,0.04995893487923618,0,0.0,9.137051694715396e-10
2,18,9,-0.09569687508442112,0.22973426301242716,0.05575855866579396,0,0.0,2.0018397866255144e-10
2,18,10,-0.09569687508442112,0.22973426301242716,0.061558182452351735,0,0.0,1.6432101613042118e-11
2,18,11,-0.09569687508442112,0.22973426301242716,0.06735780623890952,0,0.0,4.962064728435311e-13
2,18,12,-0.09569687508442112,0.22973426301242716,0.07315743002546729,0,0.0,0.0
2,18,13,-0.09569687508442112,0.22973426301242716,0.07895705381202506,0,0.0,0.0
2,18,14,-0.09569687508442112,0.22973426301242716,0.08475667759858284,0,0.0,0.0
2,18,15,-0.09569687508442112,0.22973426301242716,0.09055630138514062,0,0.0,0.0
2,18,16,-0.09569687508442112,0.22973426301242716,0.09635592517169839,0,0.0,0.0
2,18,17,-0.09569687508442112,0.22973426301242716,0.10215554895825617,0,0.0,0.0
2,18,18,-0.09569687508442112,0.22973426301242716,0.10795517274481395,0,0.0,0.0
2,18,19,-0.09569687508442112,0.22973426301242716,0.11375479653137172,0,0.0,0.0
2,19,0,-0.09569687508442112,0.2388157420524244,0.0035619445867739875,0,0.0,3.897023062568745e-12
2,19,1,-0.09569687508442112,0.2388157420524244,0.009361568373331762,0,0.0,1.2271109802711158e-10
2,19,2,-0.09569687508442112,0.2388157420524244,0.015161192159889538,0,0.0,1.4844733582420948e-09
2,19,3,-0.09569687508442112,0.2388157420524244,0.020960815946447314,0,0.0,6.6474255490247755e-09
2,19,4,-0.09569687508442112,0.2388157420524244,0.026760439733005088,0,0.0,1.0984080249412691e-08
2,19,5,-0.09569687508442112,0.2388157420524244,0.032560063519562865,0,0.0,6.975680790264123e-09
2,19,6,-0.09569687508442112,0.2388157420524244,0.03835968730612063,0,0.0,2.9620083432420404e-09
2,19,7,-0.09569687508442112,0.2388157420524244,0.04415931109267841,0,0.0,2.5604587961675507e-09
2,19,8,-0.09569687508442112,0.2388157420524244,0.04995893487923618,0,0.0,1.4828462342477932e-09
2,19,9,-0.09569687508442112,0.2388157420524244,0.05575855866579396,0,0.0,3.300475836743292e-10
2,19,10,-0.09569687508442112,0.2388157420524244,0.061558182452351735,0,0.0,2.709195545172843e-11
2,19,11,-0.09569687508442112,0.2388157420524244,0.06735780623890952,0,0.0,8.181061664362154e-13
2,19,12,-0.09569687508442112,0.2388157420524244,0.07315743002546729,0,0.0,0.0
2,19,13,-0.09569687508442112,0.2388157420524244,0.07895705381202506,0,0.0,0.0
2,19,14,-0.09569687508442112,0.2388157420524244,0.08475667759858284,0,0.0,0.0
2,19,15,-0.09569687508442112,0.2388157420524244,0.09055630138514062,0,0.0,0.0
2,19,16,-0.09569687508442112,0.2388157420524244,0.09635592517169839,0,0.0,0.0
2,19,17,-0.09569687508442112,0.2388157420524244,0.10215554895825617,0,0.0,0.0
2,19,18,-0.09569687508442112,0.2388157420524244,0.10795517274481395,0,0.0,0.0
2,19,19,-0.09569687508442112,0.2388157420524244,0.11375479653137172,0,0.0,0.0
3,0,0,-0.07685593286410482,0.06626764029247711,0.0035619445867739875,0,0.0,4.695426034582118e-08
3,0,1,-0.07685593286410482,0.06626764029247711,0.009361568373331762,0,0.0,9.901870555013907e-08
3,0,2,-0.07685593286410482,0.06626764029247711,0.015161192159889538,0,0.0,1.0643639715833437e-07
3,0,3,-0.07685593286410482,0.06626764029247711,0.020960815946447314,0,0.0,6.532563609225048e-08
3,0,4,-0.07685593286410482,0.06626764029247711,0.026760439733005088,0,0.0,2.388141900377921e-08
3,0,5,-0.07685593286410482,0.06626764029247711,0.032560063519562865,0,0.0,5.14988576561691e-09
3,0,6,-0.07685593286410482,0.06626764029247711,0.03835968730612063,0,0.0,6.914215584315031e-10
3,0,7,-0.07685593286410482,0.06626764029247711,0.04415931109267841,0,0.0,7.083967822726884e-11
3,0,8,-0.07685593286410482,0.06626764029247711,0.04995893487923618,0,0.0,6.244732308275841e-12
3,0,9,-0.07685593286410482,0.06626764029247711,0.05575855866579396,0,0.0,3.5631780288608135e-13
3,0,10,-0.07685593286410482,0.06626764029247711,0.061558182452351735,0,0.0,9.0883385708546e-15
3,0,11,-0.07685593286410482,0.06626764029247711,0.06735780623890952,0,0.0,0.0
3,0,12,-0.07685593286410482,0.06626764029247711,0.07315743002546729,0,0.0,0.0
3,0,13,-0.07685593286410482,0.06626764029247711,0.07895705381202506,0,0.0,0.0
3,0,14,-0.07685593286410482,0.06626764029247711,0.08475667759858284,0,0.0,0.0
3,0,15,-0.07685593286410482,0.06626764029247711,0.09055630138514062,0,0.0,0.0
3,0,16,-0.07685593286410482,0.06626764029247711,0.09635592517169839,0,0.0,0.0
3,0,17,-0.07685593286410482,0.06626764029247711,0.10215554895825617,0,0.0,0.0
3,0,18,-0.07685593286410482,0.06626764029247711,0.10795517274481395,0,0.0,0.0
3,0,19,-0.07685593286410482,0.06626764029247711,0.11375479653137172,0,0.0,0.0
3,1,0,-0.07685593286410482,0.07534911933247435,0.0035619445867739875,0,0.0,8.230045019783724e-07
3,1,1,-0.07685593286410482,0.07534911933247435,0.009361568373331762,0,0.0,1.5630858949045687e-06
3,1,2,-0.07685593286410482,0.07534911933247435,0.015161192159889538,0,0.0,1.5884467957774093e-06
3,1,3,-0.07685593286410482,0.07534911933247435,0.020960815946447314,0,0.0,9.534802538227352e-07
3,1,4,-0.07685593286410482,0.07534911933247435,0.026760439733005088,0,0.0,3.7255276874616283e-07
3,1,5,-0.07685593286410482,0.07534911933247435,0.032560063519562865,0,0.0,9.917100528191574e-08
3,1,6,-0.07685593286410482,0.07534911933247435,0.03835968730612063,0,0.0,1.692329264915892e-08
3,1,7,-0.07685593286410482,0.07534911933247435,0.04415931109267841,0,0.0,1.953597610405583e-09
3,1,8,-0.07685593286410482,0.07534911933247435,0.04995893487923618,0,0.0,4.507890068553338e-10
3,1,9,-0.07685593286410482,0.07534911933247435,0.05575855866579396,0,0.0,2.0912651727880519e-10
3,1,10,-0.07685593286410482,0.07534911933247435,0.061558182452351735,0,0.0,6.12192662435347e-11
3,1,11,-0.07685593286410482,0.07534911933247435,0.06735780623890952,0,0.0,3.0758727360266283e-11
3,1,12,-0.07685593286410482,0.07534911933247435,0.07315743002546729,0,0.0,1.6542820242794384e-11
3,1,13,-0.07685593286410482,0.07534911933247435,0.07895705381202506,0,0.0,3.666497464493361e-12
3,1,14,-0.07685593286410482,0.07534911933247435,0.08475667759858284,0,0.0,3.0096443932746593e-13
3,1,15,-0.07685593286410482,0.07534911933247435,0.09055630138514062,0,0.0,9.0883385708546e-15
3,1,16,-0.07685593286410482,0.07534911933247435,0.09635592517169839,0,0.0,0.0
3,1,17,-0.07685593286410482,0.07534911933247435,0.10215554895825617,0,0.0,0.0
3,1,18,-0.07685593286410482,0.07534911933247435,0.10795517274481395,0,0.0,0.0
3,1,19,-0.07685593286410482,0.07534911933247435,0.11375479653137172,0,0.0,0.0
3,2,0,-0.07685593286410482,0.08443059837247156,0.0035619445867739875,0,0.0,8.531965777252218e-06
3,2,1,-0.07685593286410482,0.08443059837247156,0.009361568373331762,0,0.0,1.2992714886108414e-05
3,2,2,-0.07685593286410482,0.08443059837247156,0.015161192159889538,0,0.0,1.1633288247799145e-05
3,2,3,-0.07685593286410482,0.08443059837247156,0.020960815946447314,0,0.0,6.712396882736575e-06
3,2,4,-0.07685593286410482,0.08443059837247156,0.026760439733005088,0,0.0,2.9170639075648643e-06
3,2,5,-0.07685593286410482,0.08443059837247156,0.032560063519562865,0,0.0,9.716701063651889e-07
3,2,6,-0.07685593286410482,0.08443059837247156,0.03835968730612063,0,0.0,1.9695319884228838e-07
3,2,7,-0.07685593286410482,0.08443059837247156,0.04415931109267841,0,0.0,2.791527181460074e-08
3,2,8,-0.07685593286410482,0.08443059837247156,0.04995893487923618,0,0.0,1.2385853655707213e-08
3,2,9,-0.07685593286410482,0.08443059837247156,0.05575855866579396,0,0.0,6.829192363619532e-09
3,2,10,-0.07685593286410482,0.08443059837247156,0.061558182452351735,0,0.0,2.0287171290315496e-09
3,2,11,-0.07685593286410482,0.08443059837247156,0.06735780623890952,0,0.0,1.0188994854313558e-09
3,2,12,-0.07685593286410482,0.08443059837247156,0.07315743002546729,0,0.0,5.478320573501109e-10
3,2,13,-0.07685593286410482,0.08443059837247156,0.07895705381202506,0,0.0,1.2141772064209707e-10
3,2,14,-0.07685593286410482,0.08443059837247156,0.08475667759858284,0,0.0,9.966573431823465e-12
3,2,15,-0.07685593286410482,0.08443059837247156,0.09055630138514062,0,0.0,3.009644393274659e-13
3,2,16,-0.07685593286410482,0.08443059837247156,0.09635592517169839,0,0.0,0.0
3,2,17,-0.07685593286410482,0.08443059837247156,0.10215554895825617,0,0.0,0.0
3,2,18,-0.07685593286410482,0.08443059837247156,0.10795517274481395,0,0.0,0.0
3,2,19,-0.07685593286410482,0.08443059837247156,0.11375479653137172,0,0.0,0.0
3,3,0,-0.07685593286410482,0.09351207741246878,0.0035619445867739875,0,0.0,6.60993242209994e-05
3,3,1,-0.07685593286410482,0.09351207741246878,0.009361568373331762,0,0.0,7.493471077075876e-05
3,3,2,-0.07685593286410482,0.09351207741246878,0.015161192159889538,0,0.0,5.399497497402957e-05
3,3,3,-0.07685593286410482,0.09351207741246878,0.020960815946447314,0,0.0,2.9584875696925838e-05
3,3,4,-0.07685593286410482,0.09351207741246878,0.026760439733005088,0,0.0,1.415362984237002e-05
3,3,5,-0.07685593286410482,0.09351207741246878,0.032560063519562865,0,0.0,5.25198111888594e-06
3,3,6,-0.07685593286410482,0.09351207741246878,0.03835968730612063,0,0.0,1.171658204445098e-06
3,3,7,-0.07685593286410482,0.09351207741246878,0.04415931109267841,0,0.0,2.3578088361405813e-07
3,3,8,-0.07685593286410482,0.09351207741246878,0.04995893487923618,0,0.0,1.5086863810890497e-07
3,3,9,-0.07685593286410482,0.09351207741246878,0.05575855866579396,0,0.0,8.445050145787663e-08
3,3,10,-0.07685593286410482,0.09351207741246878,0.061558182452351735,0,0.0,2.5203984746729437e-08
3,3,11,-0.07685593286410482,0.09351207741246878,0.06735780623890952,0,0.0,1.2624453930076865e-08
3,3,12,-0.07685593286410482,0.09351207741246878,0.07315743002546729,0,0.0,6.71954506569015e-09
3,3,13,-0.07685593286410482,0.09351207741246878,0.07895705381202506,0,0.0,1.4836646148582742e-09
3,3,14,-0.07685593286410482,0.09351207741246878,0.08475667759858284,0,0.0,1.2202492018873737e-10
3,3,15,-0.07685593286410482,0.09351207741246878,0.09055630138514062,0,0.0,3.777216094245625e-12
3,3,16,-0.07685593286410482,0.09351207741246878,0.09635592517169839,0,0.0,9.088338570854601e-15
3,3,17,-0.07685593286410482,0.09351207741246878,0.10215554895825617,0,0.0,2.7444404449594257e-16
3,3,18,-0.07685593286410482,0.09351207741246878,0.10795517274481395,0,0.0,0.0
3,3,19,-0.07685593286410482,0.09351207741246878,0.11375479653137172,0,0.0,0.0
3,4,0,-0.07685593286410482,0.10259355645246601,0.0035619445867739875,0,0.0,0.0003754769717607823
3,4,1,-0.07685593286410482,0.10259355645246601,0.009361568373331762,0,0.0,0.0003385448453228994
3,4,2,-0.07685593286410482,0.10259355645246601,0.015161192159889538,0,0.0,0.00019044107951577576
3,4,3,-0.07685593286410482,0.10259355645246601,0.020960815946447314,0,0.0,9.633419987198336e-05
3,4,4,-0.07685593286410482,0.10259355645246601,0.026760439733005088,0,0.0,4.748093629184265e-05
3,4,5,-0.07685593286410482,0.10259355645246601,0.032560063519562865,0,0.0,1.783996636476656e-05
3,4,6,-0.07685593286410482,0.10259355645246601,0.03835968730612063,0,0.0,4.641445349438489e-06
3,4,7,-0.07685593286410482,0.10259355645246601,0.04415931109267841,0,0.0,1.3662994420541545e-06
3,4,8,-0.07685593286410482,0.10259355645246601,0.04995893487923618,0,0.0,8.031399453752923e-07
3,4,9,-0.07685593286410482,0.10259355645246601,0.05575855866579396,0,0.0,4.1016225043670983e-07
3,4,10,-0.07685593286410482,0.10259355645246601,0.061558182452351735,0,0.0,1.2670599119701173e-07
3,4,11,-0.07685593286410482,0.10259355645246601,0.06735780623890952,0,0.0,6.335380672827325e-08
3,4,12,-0.07685593286410482,0.10259355645246601,0.07315743002546729,0,0.0,3.220842432656239e-08
3,4,13,-0.07685593286410482,0.10259355645246601,0.07895705381202506,0,0.0,7.3751325950536344e-09
3,4,14,-0.07685593286410482,0.10259355645246601,0.08475667759858284,0,0.0,8.177415931578307e-10
3,4,15,-0.07685593286410482,0.10259355645246601,0.09055630138514062,0,0.0,6.907438842730892e-11
3,4,16,-0.07685593286410482,0.10259355645246601,0.09635592517169839,0,0.0,4.1054455492856555e-12
3,4,17,-0.07685593286410482,0.10259355645246601,0.10215554895825617,0,0.0,1.2035585641211113e-13
3,4,18,-0.07685593286410482,0.10259355645246601,0.10795517274481395,0,0.0,0.0
3,4,19,-0.07685593286410482,0.10259355645246601,0.11375479653137172,0,0.0,0.0
3,5,0,-0.07685593286410482,0.11167503549246324,0.0035619445867739875,8,0.0008,0.0014805118562202487
3,5,1,-0.07685593286410482,0.11167503549246324,0.009361568373331762,1,0.0001,0.0011580382607941132
3,5,2,-0.07685593286410482,0.11167503549246324,0.015161192159889538,0,0.0,0.0005191865341794452
3,5,3,-0.07685593286410482,0.11167503549246324,0.020960815946447314,1,0.0001,0.0002263027654178062
3,5,4,-0.07685593286410482,0.11167503549246324,0.026760439733005088,0,0.0,0.00010966751156802465
3,5,5,-0.07685593286410482,0.11167503549246324,0.032560063519562865,0,0.0,4.3495648500704596e-05
3,5,6,-0.07685593286410482,0.11167503549246324,0.03835968730612063,0,0.0,1.486458615744507e-05
3,5,7,-0.07685593286410482,0.11167503549246324,0.04415931109267841,0,0.0,5.620312420483253e-06
3,5,8,-0.07685593286410482,0.11167503549246324,0.04995893487923618,0,0.0,2.430266862394014e-06
3,5,9,-0.07685593286410482,0.11167503549246324,0.05575855866579396,0,0.0,1.02090189202626e-06
3,5,10,-0.07685593286410482,0.11167503549246324,0.061558182452351735,0,0.0,3.919071120677458e-07
3,5,11,-0.07685593286410482,0.11167503549246324,0.06735780623890952,0,0.0,2.0253862823543195e-07
3,5,12,-0.07685593286410482,0.11167503549246324,0.07315743002546729,0,0.0,9.38784503514409e-08
3,5,13,-0.07685593286410482,0.11167503549246324,0.07895705381202506,0,0.0,3.251772531500632e-08
3,5,14,-0.07685593286410482,0.11167503549246324,0.08475667759858284,0,0.0,9.536143924425616e-09
3,5,15,-0.07685593286410482,0.11167503549246324,0.09055630138514062,0,0.0,1.6936144380213106e-09
3,5,16,-0.07685593286410482,0.11167503549246324,0.09635592517169839,0,0.0,1.296536088890662e-10
3,5,17,-0.07685593286410482,0.11167503549246324,0.10215554895825617,0,0.0,3.795392771387335e-12
3,5,18,-0.07685593286410482,0.11167503549246324,0.10795517274481395,0,0.0,0.0
3,5,19,-0.07685593286410482,0.11167503549246324,0.11375479653137172,0,0.0,0.0
3,6,0,-0.07685593286410482,0.12075651453246046,0.0035619445867739875,46,0.0046,0.0038985795986723284
3,6,1,-0.07685593286410482,0.12075651453246046,0.009361568373331762,7,0.0007,0.002803381405324698
3,6,2,-0.07685593286410482,0.12075651453246046,0.015161192159889538,2,0.0002,0.0010475275434196941
3,6,3,-0.07685593286410482,0.12075651453246046,0.020960815946447314,2,0.0002,0.00037284337124173574
3,6,4,-0.07685593286410482,0.12075651453246046,0.026760439733005088,0,0.0,0.00017387371807909635
3,6,5,-0.07685593286410482,0.12075651453246046,0.032560063519562865,0,0.0,7.787522974115977e-05
3,6,6,-0.07685593286410482,0.12075651453246046,0.03835968730612063,0,0.0,3.485082348569105e-05
3,6,7,-0.07685593286410482,0.12075651453246046,0.04415931109267841,0,0.0,1.5479637912945322e-05
3,6,8,-0.07685593286410482,0.12075651453246046,0.04995893487923618,0,0.0,6.057989231976236e-06
3,6,9,-0.07685593286410482,0.12075651453246046,0.05575855866579396,0,0.0,2.547534668434093e-06
3,6,10,-0.07685593286410482,0.12075651453246046,0.061558182452351735,0,0.0,1.3792000204165343e-06
3,6,11,-0.07685593286410482,0.12075651453246046,0.06735780623890952,0,0.0,7.701913858448657e-07
3,6,12,-0.07685593286410482,0.12075651453246046,0.07315743002546729,0,0.0,4.322256110224557e-07
3,6,13,-0.07685593286410482,0.12075651453246046,0.07895705381202506,0,0.0,2.556817734260811e-07
3,6,14,-0.07685593286410482,0.12075651453246046,0.08475667759858284,0,0.0,1.0390209473514823e-07
3,6,15,-0.07685593286410482,0.12075651453246046,0.09055630138514062,0,0.0,1.9974868776347614e-08
3,6,16,-0.07685593286410482,0.12075651453246046,0.09635592517169839,0,0.0,1.5515702901087038e-09
3,6,17,-0.07685593286410482,0.12075651453246046,0.10215554895825617,0,0.0,4.905122441496639e-11
3,6,18,-0.07685593286410482,0.12075651453246046,0.10795517274481395,0,0.0,1.643210161304212e-11
3,6,19,-0.07685593286410482,0.12075651453246046,0.11375479653137172,0,0.0,2.709195545172843e-11
3,7,0,-0.07685593286410482,0.12983799357245768,0.0035619445867739875,192,0.0192,0.0063375868657033225
3,7,1,-0.07685593286410482,0.12983799357245768,0.009361568373331762,15,0.0015,0.004364479325113199
3,7,2,-0.07685593286410482,0.12983799357245768,0.015161192159889538,3,0.0003,0.0014540407489011394
3,7,3,-0.07685593286410482,0.12983799357245768,0.020960815946447314,4,0.0004,0.00043140009550605534
3,7,4,-0.07685593286410482,0.12983799357245768,0.026760439733005088,1,0.0001,0.00019692571667075698
3,7,5,-0.07685593286410482,0.12983799357245768,0.032560063519562865,0,0.0,0.00010558896443091177
3,7,6,-0.07685593286410482,0.12983799357245768,0.03835968730612063,1,0.0001,5.834831545863959e-05
3,7,7,-0.07685593286410482,0.12983799357245768,0.04415931109267841,0,0.0,2.856258533462901e-05
3,7,8,-0.07685593286410482,0.12983799357245768,0.04995893487923618,0,0.0,1.259258362016306e-05
3,7,9,-0.07685593286410482,0.12983799357245768,0.05575855866579396,0,0.0,6.959664242596148e-06
3,7,10,-0.07685593286410482,0.12983799357245768,0.061558182452351735,0,0.0,4.10336006353823e-06
3,7,11,-0.07685593286410482,0.12983799357245768,0.06735780623890952,0,0.0,2.256770293496222e-06
3,7,12,-0.07685593286410482,0.12983799357245768,0.07315743002546729,0,0.0,1.58472904024577e-06
3,7,13,-0.07685593286410482,0.12983799357245768,0.07895705381202506,0,0.0,1.0948623082209356e-06
3,7,14,-0.07685593286410482,0.12983799357245768,0.08475667759858284,0,0.0,4.602294152787391e-07
3,7,15,-0.07685593286410482,0.12983799357245768,0.09055630138514062,0,0.0,8.888431947143409e-08
3,7,16,-0.07685593286410482,0.12983799357245768,0.09635592517169839,0,0.0,6.91572174068484e-09
3,7,17,-0.07685593286410482,0.12983799357245768,0.10215554895825617,0,0.0,3.234122184167718e-10
3,7,18,-0.07685593286410482,0.12983799357245768,0.10795517274481395,0,0.0,5.441564715470467e-10
3,7,19,-0.07685593286410482,0.12983799357245768,0.11375479653137172,0,0.0,8.971623492287451e-10
3,8,0,-0.07685593286410482,0.1389194726124549,0.0035619445867739875,277,0.0277,0.00596635202605971
3,8,1,-0.07685593286410482,0.1389194726124549,0.009361568373331762,18,0.0018,0.004038464847322096
3,8,2,-0.07685593286410482,0.1389194726124549,0.015161192159889538,0,0.0,0.0012786558952912544
3,8,3,-0.07685593286410482,0.1389194726124549,0.020960815946447314,2,0.0002,0.0003451301765872961
3,8,4,-0.07685593286410482,0.1389194726124549,0.026760439733005088,1,0.0001,0.00016867785606762214
3,8,5,-0.07685593286410482,0.1389194726124549,0.032560063519562865,1,0.0001,0.00011570356606705441
3,8,6,-0.07685593286410482,0.1389194726124549,0.03835968730612063,2,0.0002,7.483383474863703e-05
3,8,7,-0.07685593286410482,0.1389194726124549,0.04415931109267841,0,0.0,4.062836515636931e-05
3,8,8,-0.07685593286410482,0.1389194726124549,0.04995893487923618,0,0.0,2.230155705973596e-05
3,8,9,-0.07685593286410482,0.1389194726124549,0.05575855866579396,0,0.0,1.469169848353051e-05
3,8,10,-0.07685593286410482,0.1389194726124549,0.061558182452351735,0,0.0,7.881101542611145e-06
3,8,11,-0.07685593286410482,0.1389194726124549,0.06735780623890952,0,0.0,3.543646440917329e-06
3,8,12,-0.07685593286410482,0.1389194726124549,0.07315743002546729,0,0.0,2.500691318236024e-06
3,8,13,-0.07685593286410482,0.1389194726124549,0.07895705381202506,0,0.0,1.7908662393103284e-06
3,8,14,-0.07685593286410482,0.1389194726124549,0.08475667759858284,0,0.0,7.569136858025568e-07
3,8,15,-0.07685593286410482,0.1389194726124549,0.09055630138514062,0,0.0,1.4621535397605978e-07
3,8,16,-0.07685593286410482,0.1389194726124549,0.09635592517169839,0,0.0,1.1479344380007227e-08
3,8,17,-0.07685593286410482,0.1389194726124549,0.10215554895825617,0,0.0,1.8113506509247744e-09
3,8,18,-0.07685593286410482,0.1389194726124549,0.10795517274481395,0,0.0,6.62918292829961e-09
3,8,19,-0.07685593286410482,0.1389194726124549,0.11375479653137172,0,0.0,1.0929674901249729e-08
3,9,0,-0.07685593286410482,0.14800095165245214,0.0035619445867739875,49,0.0049,0.0031187735974269304
3,9,1,-0.07685593286410482,0.14800095165245214,0.009361568373331762,3,0.0003,0.0021050025047485038
3,9,2,-0.07685593286410482,0.14800095165245214,0.015161192159889538,1,0.0001,0.0006641856268869415
3,9,3,-0.07685593286410482,0.14800095165245214,0.020960815946447314,0,0.0,0.00018302832567028022
3,9,4,-0.07685593286410482,0.14800095165245214,0.026760439733005088,1,0.0001,0.00010821000232778775
3,9,5,-0.07685593286410482,0.14800095165245214,0.032560063519562865,4,0.0004,9.589880794330149e-05
3,9,6,-0.07685593286410482,0.14800095165245214,0.03835968730612063,0,0.0,7.065406170424843e-05
3,9,7,-0.07685593286410482,0.14800095165245214,0.04415931109267841,0,0.0,4.5072055175672684e-05
3,9,8,-0.07685593286410482,0.14800095165245214,0.04995893487923618,0,0.0,2.9841160102330158e-05
3,9,9,-0.07685593286410482,0.14800095165245214,0.05575855866579396,1,0.0001,2.006146817779851e-05
3,9,10,-0.07685593286410482,0.14800095165245214,0.061558182452351735,0,0.0,9.561631297920634e-06
3,9,11,-0.07685593286410482,0.14800095165245214,0.06735780623890952,0,0.0,3.0495471163877615e-06
3,9,12,-0.07685593286410482,0.14800095165245214,0.07315743002546729,0,0.0,1.6134395473255542e-06
3,9,13,-0.07685593286410482,0.14800095165245214,0.07895705381202506,0,0.0,1.1145869468540233e-06
3,9,14,-0.07685593286410482,0.14800095165245214,0.08475667759858284,0,0.0,4.6517289401119517e-07
3,9,15,-0.07685593286410482,0.14800095165245214,0.09055630138514062,0,0.0,8.915556917057272e-08
3,9,16,-0.07685593286410482,0.14800095165245214,0.09635592517169839,0,0.0,7.44291828242587e-09
3,9,17,-0.07685593286410482,0.14800095165245214,0.10215554895825617,0,0.0,6.8304700385376e-09
3,9,18,-0.07685593286410482,0.14800095165245214,0.10795517274481395,0,0.0,2.9709936675032047e-08
3,9,19,-0.07685593286410482,0.14800095165245214,0.11375479653137172,0,0.0,4.8983404547279176e-08
3,10,0,-0.07685593286410482,0.15708243069244937,0.0035619445867739875,3,0.0003,0.000883741427894384
3,10,1,-0.07685593286410482,0.15708243069244937,0.009361568373331762,0,0.0,0.0005993344501483978
3,10,2,-0.07685593286410482,0.15708243069244937,0.015161192159889538,0,0.0,0.0001957333757181111
3,10,3,-0.07685593286410482,0.15708243069244937,0.020960815946447314,0,0.0,6.297412816441528e-05
3,10,4,-0.07685593286410482,0.15708243069244937,0.026760439733005088,0,0.0,4.85888133227836e-05
3,10,5,-0.07685593286410482,0.15708243069244937,0.032560063519562865,0,0.0,5.2667398490183866e-05
3,10,6,-0.07685593286410482,0.15708243069244937,0.03835968730612063,0,0.0,4.433630064262234e-05
3,10,7,-0.07685593286410482,0.15708243069244937,0.04415931109267841,0,0.0,3.379666160899157e-05
3,10,8,-0.07685593286410482,0.15708243069244937,0.04995893487923618,0,0.0,2.5326042649930914e-05
3,10,9,-0.07685593286410482,0.15708243069244937,0.05575855866579396,0,0.0,1.6790864773332807e-05
3,10,10,-0.07685593286410482,0.15708243069244937,0.061558182452351735,0,0.0,7.443631677400261e-06
3,10,11,-0.07685593286410482,0.15708243069244937,0.06735780623890952,0,0.0,2.0645055578294634e-06
3,10,12,-0.07685593286410482,0.15708243069244937,0.07315743002546729,0,0.0,1.0253086021646853e-06
3,10,13,-0.07685593286410482,0.15708243069244937,0.07895705381202506,0,0.0,6.061914035761979e-07
3,10,14,-0.07685593286410482,0.15708243069244937,0.08475667759858284,0,0.0,1.830410022367841e-07
3,10,15,-0.07685593286410482,0.15708243069244937,0.09055630138514062,0,0.0,2.6418184988949282e-08
3,10,16,-0.07685593286410482,0.15708243069244937,0.09635592517169839,0,0.0,2.6324845163869585e-09
3,10,17,-0.07685593286410482,0.15708243069244937,0.10215554895825617,0,0.0,1.097457251006593e-08
3,10,18,-0.07685593286410482,0.15708243069244937,0.10795517274481395,0,0.0,4.8983404547279176e-08
3,10,19,-0.07685593286410482,0.15708243069244937,0.11375479653137172,0,0.0,8.075998098840857e-08
3,11,0,-0.07685593286410482,0.1661639097324466,0.0035619445867739875,0,0.0,0.00013675736937517123
3,11,1,-0.07685593286410482,0.1661639097324466,0.009361568373331762,0,0.0,9.435167666837834e-05
3,11,2,-0.07685593286410482,0.1661639097324466,0.015161192159889538,0,0.0,3.532529901270879e-05
3,11,3,-0.07685593286410482,0.1661639097324466,0.020960815946447314,1,0.0001,1.8279918466974126e-05
3,11,4,-0.07685593286410482,0.1661639097324466,0.026760439733005088,0,0.0,1.8270482687431802e-05
3,11,5,-0.07685593286410482,0.1661639097324466,0.032560063519562865,1,0.0001,2.1416536573354795e-05
3,11,6,-0.07685593286410482,0.1661639097324466,0.03835968730612063,0,0.0,1.999800124578052e-05
3,11,7,-0.07685593286410482,0.1661639097324466,0.04415931109267841,0,0.0,1.8132564445526226e-05
3,11,8,-0.07685593286410482,0.1661639097324466,0.04995893487923618,0,0.0,1.5155400836987898e-05
3,11,9,-0.07685593286410482,0.1661639097324466,0.05575855866579396,0,0.0,9.578185533621033e-06
3,11,10,-0.07685593286410482,0.1661639097324466,0.061558182452351735,0,0.0,4.110597304940267e-06
3,11,11,-0.07685593286410482,0.1661639097324466,0.06735780623890952,0,0.0,2.3470621286570195e-06
3,11,12,-0.07685593286410482,0.1661639097324466,0.07315743002546729,0,0.0,2.754471152427451e-06
3,11,13,-0.07685593286410482,0.1661639097324466,0.07895705381202506,0,0.0,1.6434636579117209e-06
3,11,14,-0.07685593286410482,0.1661639097324466,0.08475667759858284,0,0.0,3.7033624731716647e-07
3,11,15,-0.07685593286410482,0.1661639097324466,0.09055630138514062,0,0.0,3.1348334894626304e-08
3,11,16,-0.07685593286410482,0.1661639097324466,0.09635592517169839,0,0.0,1.5673150205389355e-09
3,11,17,-0.07685593286410482,0.1661639097324466,0.10215554895825617,0,0.0,6.632867876885289e-09
3,11,18,-0.07685593286410482,0.1661639097324466,0.10795517274481395,0,0.0,2.9709936675032047e-08
3,11,19,-0.07685593286410482,0.1661639097324466,0.11375479653137172,0,0.0,4.8983404547279176e-08
3,12,0,-0.07685593286410482,0.17524538877244383,0.0035619445867739875,0,0.0,1.2233564059184673e-05
3,12,1,-0.07685593286410482,0.17524538877244383,0.009361568373331762,0,0.0,9.690668276239395e-06
3,12,2,-0.07685593286410482,0.17524538877244383,0.015161192159889538,0,0.0,6.068354725285605e-06
3,12,3,-0.07685593286410482,0.17524538877244383,0.020960815946447314,0,0.0,6.065556183952524e-06
3,12,4,-0.07685593286410482,0.17524538877244383,0.026760439733005088,0,0.0,6.48664115598251e-06
3,12,5,-0.07685593286410482,0.17524538877244383,0.032560063519562865,0,0.0,7.111755044750105e-06
3,12,6,-0.07685593286410482,0.17524538877244383,0.03835968730612063,0,0.0,6.610430754859309e-06
3,12,7,-0.07685593286410482,0.17524538877244383,0.04415931109267841,0,0.0,6.626739454860692e-06
3,12,8,-0.07685593286410482,0.17524538877244383,0.04995893487923618,0,0.0,5.960729156448155e-06
3,12,9,-0.07685593286410482,0.17524538877244383,0.05575855866579396,0,0.0,3.5578619583266605e-06
3,12,10,-0.07685593286410482,0.17524538877244383,0.061558182452351735,0,0.0,1.7996425706050053e-06
3,12,11,-0.07685593286410482,0.17524538877244383,0.06735780623890952,0,0.0,2.881047675140953e-06
3,12,12,-0.07685593286410482,0.17524538877244383,0.07315743002546729,0,0.0,4.425309049038987e-06
3,12,13,-0.07685593286410482,0.17524538877244383,0.07895705381202506,0,0.0,2.6754318279191114e-06
3,12,14,-0.07685593286410482,0.17524538877244383,0.08475667759858284,0,0.0,5.969936182247481e-07
3,12,15,-0.07685593286410482,0.17524538877244383,0.09055630138514062,0,0.0,4.9036046834093445e-08
3,12,16,-0.07685593286410482,0.17524538877244383,0.09635592517169839,0,0.0,1.6043928501967844e-09
3,12,17,-0.07685593286410482,0.17524538877244383,0.10215554895825617,0,0.0,1.4792819159625705e-09
3,12,18,-0.07685593286410482,0.17524538877244383,0.10795517274481395,0,0.0,6.62918292829961e-09
3,12,19,-0.07685593286410482,0.17524538877244383,0.11375479653137172,0,0.0,1.0929674901249729e-08
3,13,0,-0.07685593286410482,0.18432686781244106,0.0035619445867739875,0,0.0,9.574345390824372e-07
3,13,1,-0.07685593286410482,0.18432686781244106,0.009361568373331762,0,0.0,1.2295069595461003e-06
3,13,2,-0.07685593286410482,0.18432686781244106,0.015161192159889538,0,0.0,1.1951635730790567e-06
3,13,3,-0.07685593286410482,0.18432686781244106,0.020960815946447314,0,0.0,1.2948164899170079e-06
3,13,4,-0.07685593286410482,0.18432686781244106,0.026760439733005088,0,0.0,1.3152883567090306e-06
3,13,5,-0.07685593286410482,0.18432686781244106,0.032560063519562865,0,0.0,1.3401052953819898e-06
3,13,6,-0.07685593286410482,0.18432686781244106,0.03835968730612063,0,0.0,1.1892593909999754e-06
3,13,7,-0.07685593286410482,0.18432686781244106,0.04415931109267841,0,0.0,1.2296665534558521e-06
3,13,8,-0.07685593286410482,0.18432686781244106,0.04995893487923618,0,0.0,1.1422295414134403e-06
3,13,9,-0.07685593286410482,0.18432686781244106,0.05575855866579396,0,0.0,6.744679840348359e-07
3,13,10,-0.07685593286410482,0.18432686781244106,0.061558182452351735,0,0.0,5.637862844380855e-07
3,13,11,-0.07685593286410482,0.18432686781244106,0.06735780623890952,0,0.0,1.6540995976319695e-06
3,13,12,-0.07685593286410482,0.18432686781244106,0.07315743002546729,0,0.0,2.6766621148195693e-06
3,13,13,-0.07685593286410482,0.18432686781244106,0.07895705381202506,0,0.0,1.6221698074023897e-06
3,13,14,-0.07685593286410482,0.18432686781244106,0.08475667759858284,0,0.0,3.619411332047992e-07
3,13,15,-0.07685593286410482,0.18432686781244106,0.09055630138514062,0,0.0,2.9710237639471377e-08
3,13,16,-0.07685593286410482,0.18432686781244106,0.09635592517169839,0,0.0,9.071289226605687e-10
3,13,17,-0.07685593286410482,0.18432686781244106,0.10215554895825617,0,0.0,1.2141772064209707e-10
3,13,18,-0.07685593286410482,0.18432686781244106,0.10795517274481395,0,0.0,5.441564715470467e-10
3,13,19,-0.07685593286410482,0.18432686781244106,0.11375479653137172,0,0.0,8.971623492287451e-10
3,14,0,-0.07685593286410482,0.19340834685243827,0.0035619445867739875,0,0.0,1.1616169533864769e-07
3,14,1,-0.07685593286410482,0.19340834685243827,0.009361568373331762,0,0.0,2.3059024658204678e-07
3,14,2,-0.07685593286410482,0.19340834685243827,0.015161192159889538,0,0.0,2.4740063241989903e-07
3,14,3,-0.07685593286410482,0.19340834685243827,0.020960815946447314,0,0.0,1.9229859960611e-07
3,14,4,-0.07685593286410482,0.19340834685243827,0.026760439733005088,0,0.0,1.474175310139646e-07
3,14,5,-0.07685593286410482,0.19340834685243827,0.032560063519562865,0,0.0,1.2251998134967476e-07
3,14,6,-0.07685593286410482,0.19340834685243827,0.03835968730612063,0,0.0,9.434626824222049e-08
3,14,7,-0.07685593286410482,0.19340834685243827,0.04415931109267841,0,0.0,9.480047376950177e-08
3,14,8,-0.07685593286410482,0.19340834685243827,0.04995893487923618,0,0.0,8.897215303059533e-08
3,14,9,-0.07685593286410482,0.19340834685243827,0.05575855866579396,0,0.0,5.5866699591879406e-08
3,14,10,-0.07685593286410482,0.19340834685243827,0.061558182452351735,0,0.0,9.552574566071854e-08
3,14,11,-0.07685593286410482,0.19340834685243827,0.06735780623890952,0,0.0,3.641858369457679e-07
3,14,12,-0.07685593286410482,0.19340834685243827,0.07315743002546729,0,0.0,5.968945334330514e-07
3,14,13,-0.07685593286410482,0.19340834685243827,0.07895705381202506,0,0.0,3.619452959087365e-07
3,14,14,-0.07685593286410482,0.19340834685243827,0.08475667759858284,0,0.0,8.075998126285261e-08
3,14,15,-0.07685593286410482,0.19340834685243827,0.09055630138514062,0,0.0,6.629192016638181e-09
3,14,16,-0.07685593286410482,0.19340834685243827,0.09635592517169839,0,0.0,2.0048494310187893e-10
3,14,17,-0.07685593286410482,0.19340834685243827,0.10215554895825617,0,0.0,3.666497464493361e-12
3,14,18,-0.07685593286410482,0.19340834685243827,0.10795517274481395,0,0.0,1.643210161304212e-11
3,14,19,-0.07685593286410482,0.19340834685243827,0.11375479653137172,0,0.0,2.709195545172843e-11
3,15,0,-0.07685593286410482,0.2024898258924355,0.0035619445867739875,0,0.0,2.932136528573089e-08
3,15,1,-0.07685593286410482,0.2024898258924355,0.009361568373331762,0,0.0,1.1248785358641956e-07
3,15,2,-0.07685593286410482,0.2024898258924355,0.015161192159889538,0,0.0,1.9517034518803083e-07
3,15,3,-0.07685593286410482,0.2024898258924355,0.020960815946447314,0,0.0,2.1339554239005263e-07
3,15,4,-0.07685593286410482,0.2024898258924355,0.026760439733005088,0,0.0,2.0800173274336047e-07
3,15,5,-0.07685593286410482,0.2024898258924355,0.032560063519562865,0,0.0,1.1580247611127546e-07
3,15,6,-0.07685593286410482,0.2024898258924355,0.03835968730612063,0,0.0,2.7448975788711055e-08
3,15,7,-0.07685593286410482,0.2024898258924355,0.04415931109267841,0,0.0,4.812362138237445e-09
3,15,8,-0.07685593286410482,0.2024898258924355,0.04995893487923618,0,0.0,2.6978823726229035e-09
3,15,9,-0.07685593286410482,0.2024898258924355,0.05575855866579396,0,0.0,1.976035261187647e-09
3,15,10,-0.07685593286410482,0.2024898258924355,0.061558182452351735,0,0.0,7.046283951677082e-09
3,15,11,-0.07685593286410482,0.2024898258924355,0.06735780623890952,0,0.0,2.977154115467463e-08
3,15,12,-0.07685593286410482,0.2024898258924355,0.07315743002546729,0,0.0,4.898756725121652e-08
3,15,13,-0.07685593286410482,0.2024898258924355,0.07895705381202506,0,0.0,2.97100473936618e-08
3,15,14,-0.07685593286410482,0.2024898258924355,0.08475667759858284,0,0.0,6.6291829282996096e-09
3,15,15,-0.07685593286410482,0.2024898258924355,0.09055630138514062,0,0.0,5.441564715470467e-10
3,15,16,-0.07685593286410482,0.2024898258924355,0.09635592517169839,0,0.0,1.643210161304212e-11
3,15,17,-0.07685593286410482,0.2024898258924355,0.10215554895825617,0,0.0,0.0
3,15,18,-0.07685593286410482,0.2024898258924355,0.10795517274481395,0,0.0,0.0
3,15,19,-0.07685593286410482,0.2024898258924355,0.11375479653137172,0,0.0,0.0
3,16,0,-0.07685593286410482,0.21157130493243273,0.0035619445867739875,0,0.0,1.3702266959327663e-08
3,16,1,-0.07685593286410482,0.21157130493243273,0.009361568373331762,0,0.0,6.73036682194964e-08
3,16,2,-0.07685593286410482,0.21157130493243273,0.015161192159889538,0,0.0,1.8987704852639608e-07
3,16,3,-0.07685593286410482,0.21157130493243273,0.020960815946447314,0,0.0,4.7041313515800333e-07
3,16,4,-0.07685593286410482,0.21157130493243273,0.026760439733005088,0,0.0,6.908158350093319e-07
3,16,5,-0.07685593286410482,0.21157130493243273,0.032560063519562865,0,0.0,4.121779031915091e-07
3,16,6,-0.07685593286410482,0.21157130493243273,0.03835968730612063,0,0.0,9.228677516350897e-08
3,16,7,-0.07685593286410482,0.21157130493243273,0.04415931109267841,0,0.0,8.42747508866092e-09
3,16,8,-0.07685593286410482,0.21157130493243273,0.04995893487923618,0,0.0,7.722386649120685e-10
3,16,9,-0.07685593286410482,0.21157130493243273,0.05575855866579396,0,0.0,1.3785891059371003e-10
3,16,10,-0.07685593286410482,0.21157130493243273,0.061558182452351735,0,0.0,2.101505520943749e-10
3,16,11,-0.07685593286410482,0.21157130493243273,0.06735780623890952,0,0.0,8.974633136680726e-10
3,16,12,-0.07685593286410482,0.21157130493243273,0.07315743002546729,0,0.0,1.4791706484447288e-09
3,16,13,-0.07685593286410482,0.21157130493243273,0.07895705381202506,0,0.0,8.971623492287451e-10
3,16,14,-0.07685593286410482,0.21157130493243273,0.08475667759858284,0,0.0,2.0018397866255144e-10
3,16,15,-0.07685593286410482,0.21157130493243273,0.09055630138514062,0,0.0,1.6432101613042118e-11
3,16,16,-0.07685593286410482,0.21157130493243273,0.09635592517169839,0,0.0,4.962064728435311e-13
3,16,17,-0.07685593286410482,0.21157130493243273,0.10215554895825617,0,0.0,0.0
3,16,18,-0.07685593286410482,0.21157130493243273,0.10795517274481395,0,0.0,0.0
3,16,19,-0.07685593286410482,0.21157130493243273,0.11375479653137172,0,0.0,0.0
3,17,0,-0.07685593286410482,0.22065278397242996,0.0035619445867739875,0,0.0,3.3048209821768296e-09
3,17,1,-0.07685593286410482,0.22065278397242996,0.009361568373331762,0,0.0,2.473230794802575e-08
3,17,2,-0.07685593286410482,0.22065278397242996,0.015161192159889538,0,0.0,1.6164289770519073e-07
3,17,3,-0.07685593286410482,0.22065278397242996,0.020960815946447314,0,0.0,6.397566661842375e-07
3,17,4,-0.07685593286410482,0.22065278397242996,0.026760439733005088,0,0.0,1.0361213282012878e-06
3,17,5,-0.07685593286410482,0.22065278397242996,0.032560063519562865,0,0.0,6.285020204203591e-07
3,17,6,-0.07685593286410482,0.22065278397242996,0.03835968730612063,0,0.0,1.4661658130711793e-07
3,17,7,-0.07685593286410482,0.22065278397242996,0.04415931109267841,0,0.0,2.2448173357264633e-08
3,17,8,-0.07685593286410482,0.22065278397242996,0.04995893487923618,0,0.0,6.979329111051475e-09
3,17,9,-0.07685593286410482,0.22065278397242996,0.05575855866579396,0,0.0,1.4792813670744816e-09
3,17,10,-0.07685593286410482,0.22065278397242996,0.061558182452351735,0,0.0,1.2141772064209707e-10
3,17,11,-0.07685593286410482,0.22065278397242996,0.06735780623890952,0,0.0,3.666497464493361e-12
3,17,12,-0.07685593286410482,0.22065278397242996,0.07315743002546729,0,0.0,0.0
3,17,13,-0.07685593286410482,0.22065278397242996,0.07895705381202506,0,0.0,0.0
3,17,14,-0.07685593286410482,0.22065278397242996,0.08475667759858284,0,0.0,0.0
3,17,15,-0.07685593286410482,0.22065278397242996,0.09055630138514062,0,0.0,0.0
3,17,16,-0.07685593286410482,0.22065278397242996,0.09635592517169839,0,0.0,0.0
3,17,17,-0.07685593286410482,0.22065278397242996,0.10215554895825617,0,0.0,0.0
3,17,18,-0.07685593286410482,0.22065278397242996,0.10795517274481395,0,0.0,0.0
3,17,19,-0.07685593286410482,0.22065278397242996,0.11375479653137172,0,0.0,0.0
3,18,0,-0.07685593286410482,0.22973426301242716,0.0035619445867739875,0,0.0,4.4668591741123897e-10
3,18,1,-0.07685593286410482,0.22973426301242716,0.009361568373331762,0,0.0,7.839409798508646e-09
3,18,2,-0.07685593286410482,0.22973426301242716,0.015161192159889538,0,0.0,8.404990843692383e-08
3,18,3,-0.07685593286410482,0.22973426301242716,0.020960815946447314,0,0.0,3.6987523606812993e-07
3,18,4,-0.07685593286410482,0.22973426301242716,0.026760439733005088,0,0.0,6.093538592352334e-07
3,18,5,-0.07685593286410482,0.22973426301242716,0.032560063519562865,0,0.0,3.766985937683682e-07
3,18,6,-0.07685593286410482,0.22973426301242716,0.03835968730612063,0,0.0,1.1284685258999275e-07
3,18,7,-0.07685593286410482,0.22973426301242716,0.04415931109267841,0,0.0,5.593418917488343e-08
3,18,8,-0.07685593286410482,0.22973426301242716,0.04995893487923618,0,0.0,2.993021925277213e-08
3,18,9,-0.07685593286410482,0.22973426301242716,0.05575855866579396,0,0.0,6.629679134772453e-09
3,18,10,-0.07685593286410482,0.22973426301242716,0.061558182452351735,0,0.0,5.441564715470467e-10
3,18,11,-0.07685593286410482,0.22973426301242716,0.06735780623890952,0,0.0,1.643210161304212e-11
3,18,12,-0.07685593286410482,0.22973426301242716,0.07315743002546729,0,0.0,0.0
3,18,13,-0.07685593286410482,0.22973426301242716,0.07895705381202506,0,0.0,0.0
3,18,14,-0.07685593286410482,0.22973426301242716,0.08475667759858284,0,0.0,0.0
3,18,15,-0.07685593286410482,0.22973426301242716,0.09055630138514062,0,0.0,0.0
3,18,16,-0.07685593286410482,0.22973426301242716,0.09635592517169839,0,0.0,0.0
3,18,17,-0.07685593286410482,0.22973426301242716,0.10215554895825617,0,0.0,0.0
3,18,18,-0.07685593286410482,0.22973426301242716,0.10795517274481395,0,0.0,0.0
3,18,19,-0.07685593286410482,0.22973426301242716,0.11375479653137172,0,0.0,0.0
3,19,0,-0.07685593286410482,0.2388157420524244,0.0035619445867739875,0,0.0,5.230104258643916e-11
3,19,1,-0.07685593286410482,0.2388157420524244,0.009361568373331762,0,0.0,1.5228195312690732e-09
3,19,2,-0.07685593286410482,0.2388157420524244,0.015161192159889538,0,0.0,1.8222681078525038e-08
3,19,3,-0.07685593286410482,0.2388157420524244,0.020960815946447314,0,0.0,8.169414120230776e-08
3,19,4,-0.07685593286410482,0.2388157420524244,0.026760439733005088,0,0.0,1.3643152681875842e-07
3,19,5,-0.07685593286410482,0.2388157420524244,0.032560063519562865,0,0.0,9.467315440117014e-08
3,19,6,-0.07685593286410482,0.2388157420524244,0.03835968730612063,0,0.0,6.860399858457091e-08
3,19,7,-0.07685593286410482,0.2388157420524244,0.04415931109267841,0,0.0,8.257916579395944e-08
3,19,8,-0.07685593286410482,0.2388157420524244,0.04995893487923618,0,0.0,4.9055464550388364e-08
3,19,9,-0.07685593286410482,0.2388157420524244,0.05575855866579396,0,0.0,1.0930493007416165e-08
3,19,10,-0.07685593286410482,0.2388157420524244,0.061558182452351735,0,0.0,8.971623492287451e-10
3,19,11,-0.07685593286410482,0.2388157420524244,0.06735780623890952,0,0.0,2.709195545172843e-11
3,19,12,-0.07685593286410482,0.2388157420524244,0.07315743002546729,0,0.0,0.0
3,19,13,-0.07685593286410482,0.2388157420524244,0.07895705381202506,0,0.0,0.0
3,19,14,-0.07685593286410482,0.2388157420524244,0.08475667759858284,0,0.0,0.0
3,19,15,-0.07685593286410482,0.2388157420524244,0.09055630138514062,0,0.0,0.0
3,19,16,-0.07685593286410482,0.2388157420524244,0.09635592517169839,0,0.0,0.0
3,19,17,-0.07685593286410482,0.2388157420524244,0.10215554895825617,0,0.0,0.0
3,19,18,-0.07685593286410482,0.2388157420524244,0.10795517274481395,0,0.0,0.0
3,19,19,-0.07685593286410482,0.2388157420524244,0.11375479653137172,0,0.0,0.0
4,0,0,-0.0580149906437885,0.06626764029247711,0.0035619445867739875,0,0.0,1.2953428655309801e-07
4,0,1,-0.0580149906437885,0.06626764029247711,0.009361568373331762,0,0.0,2.527642368781078e-07
4,0,2,-0.0580149906437885,0.06626764029247711,0.015161192159889538,0,0.0,2.744771178686321e-07
4,0,3,-0.0580149906437885,0.06626764029247711,0.020960815946447314,0,0.0,1.9512381098323078e-07
4,0,4,-0.0580149906437885,0.06626764029247711,0.026760439733005088,0,0.0,8.587399499749335e-08
4,0,5,-0.0580149906437885,0.06626764029247711,0.032560063519562865,0,0.0,2.197920687276849e-08
4,0,6,-0.0580149906437885,0.06626764029247711,0.03835968730612063,0,0.0,4.715989973474602e-09
4,0,7,-0.0580149906437885,0.06626764029247711,0.04415931109267841,0,0.0,1.0700218323613395e-09
4,0,8,-0.0580149906437885,0.06626764029247711,0.04995893487923618,0,0.0,1.588228979111678e-10
4,0,9,-0.0580149906437885,0.06626764029247711,0.05575855866579396,0,0.0,1.1048553515904362e-11
4,0,10,-0.0580149906437885,0.06626764029247711,0.061558182452351735,0,0.0,3.012388833719618e-13
4,0,11,-0.0580149906437885,0.06626764029247711,0.06735780623890952,0,0.0,0.0
4,0,12,-0.0580149906437885,0.06626764029247711,0.07315743002546729,0,0.0,0.0
4,0,13,-0.0580149906437885,0.06626764029247711,0.07895705381202506,0,0.0,0.0
4,0,14,-0.0580149906437885,0.06626764029247711,0.08475667759858284,0,0.0,0.0
4,0,15,-0.0580149906437885,0.06626764029247711,0.09055630138514062,0,0.0,0.0
4,0,16,-0.0580149906437885,0.06626764029247711,0.09635592517169839,0,0.0,0.0
4,0,17,-0.0580149906437885,0.06626764029247711,0.10215554895825617,0,0.0,0.0
4,0,18,-0.0580149906437885,0.06626764029247711,0.10795517274481395,0,0.0,0.0
4,0,19,-0.0580149906437885,0.06626764029247711,0.11375479653137172,0,0.0,0.0
4,1,0,-0.0580149906437885,0.07534911933247435,0.0035619445867739875,0,0.0,2.4652591643618025e-06
4,1,1,-0.0580149906437885,0.07534911933247435,0.009361568373331762,0,0.0,4.231660471579763e-06
4,1,2,-0.0580149906437885,0.07534911933247435,0.015161192159889538,0,0.0,4.1834512035624375e-06
4,1,3,-0.0580149906437885,0.07534911933247435,0.020960815946447314,0,0.0,2.7881516879981453e-06
4,1,4,-0.0580149906437885,0.07534911933247435,0.026760439733005088,0,0.0,1.2457895044410467e-06
4,1,5,-0.0580149906437885,0.07534911933247435,0.032560063519562865,0,0.0,3.6587590374971437e-07
4,1,6,-0.0580149906437885,0.07534911933247435,0.03835968730612063,0,0.0,8.933569548536127e-08
4,1,7,-0.0580149906437885,0.07534911933247435,0.04415931109267841,0,0.0,1.9167427889435475e-08
4,1,8,-0.0580149906437885,0.07534911933247435,0.04995893487923618,0,0.0,3.812858913879324e-09
4,1,9,-0.0580149906437885,0.07534911933247435,0.05575855866579396,0,0.0,1.0914118918924693e-09
4,1,10,-0.0580149906437885,0.07534911933247435,0.061558182452351735,0,0.0,4.0446431453581773e-10
4,1,11,-0.0580149906437885,0.07534911933247435,0.06735780623890952,0,0.0,3.46497861964513e-10
4,1,12,-0.0580149906437885,0.07534911933247435,0.07315743002546729,0,0.0,2.006804595794395e-10
4,1,13,-0.0580149906437885,0.07534911933247435,0.07895705381202506,0,0.0,4.466708321812497e-11
4,1,14,-0.0580149906437885,0.07534911933247435,0.08475667759858284,0,0.0,3.666497464493361e-12
4,1,15,-0.0580149906437885,0.07534911933247435,0.09055630138514062,0,0.0,1.1071862975226461e-13
4,1,16,-0.0580149906437885,0.07534911933247435,0.09635592517169839,0,0.0,0.0
4,1,17,-0.0580149906437885,0.07534911933247435,0.10215554895825617,0,0.0,0.0
4,1,18,-0.0580149906437885,0.07534911933247435,0.10795517274481395,0,0.0,0.0
4,1,19,-0.0580149906437885,0.07534911933247435,0.11375479653137172,0,0.0,0.0
4,2,0,-0.0580149906437885,0.08443059837247156,0.0035619445867739875,0,0.0,2.591462436895976e-05
4,2,1,-0.0580149906437885,0.08443059837247156,0.009361568373331762,0,0.0,3.743144026472257e-05
4,2,2,-0.0580149906437885,0.08443059837247156,0.015161192159889538,0,0.0,3.233654366205558e-05
4,2,3,-0.0580149906437885,0.08443059837247156,0.020960815946447314,0,0.0,1.938448908359485e-05
4,2,4,-0.0580149906437885,0.08443059837247156,0.026760439733005088,0,0.0,8.768535634235547e-06
4,2,5,-0.0580149906437885,0.08443059837247156,0.032560063519562865,0,0.0,3.0626621245175182e-06
4,2,6,-0.0580149906437885,0.08443059837247156,0.03835968730612063,0,0.0,8.436393938004117e-07
4,2,7,-0.0580149906437885,0.08443059837247156,0.04415931109267841,0,0.0,1.8477941592975965e-07
4,2,8,-0.0580149906437885,0.08443059837247156,0.04995893487923618,0,0.0,6.61426355428417e-08
4,2,9,-0.0580149906437885,0.08443059837247156,0.05575855866579396,0,0.0,3.241837499737548e-08
4,2,10,-0.0580149906437885,0.08443059837247156,0.061558182452351735,0,0.0,1.3339151814175986e-08
4,2,11,-0.0580149906437885,0.08443059837247156,0.06735780623890952,0,0.0,1.1478247420012048e-08
4,2,12,-0.0580149906437885,0.08443059837247156,0.07315743002546729,0,0.0,6.6457356602131086e-09
4,2,13,-0.0580149906437885,0.08443059837247156,0.07895705381202506,0,0.0,1.4791706484447292e-09
4,2,14,-0.0580149906437885,0.08443059837247156,0.08475667759858284,0,0.0,1.2141772064209707e-10
4,2,15,-0.0580149906437885,0.08443059837247156,0.09055630138514062,0,0.0,3.666497464493361e-12
4,2,16,-0.0580149906437885,0.08443059837247156,0.09635592517169839,0,0.0,0.0
4,2,17,-0.0580149906437885,0.08443059837247156,0.10215554895825617,0,0.0,0.0
4,2,18,-0.0580149906437885,0.08443059837247156,0.10795517274481395,0,0.0,0.0
4,2,19,-0.0580149906437885,0.08443059837247156,0.11375479653137172,0,0.0,0.0
4,3,0,-0.0580149906437885,0.09351207741246878,0.0035619445867739875,0,0.0,0.00017177292919137886
4,3,1,-0.0580149906437885,0.09351207741246878,0.009361568373331762,1,0.0001,0.00020388284366319886
4,3,2,-0.0580149906437885,0.09351207741246878,0.015161192159889538,1,0.0001,0.00015025969157268906
4,3,3,-0.0580149906437885,0.09351207741246878,0.020960815946447314,0,0.0,8.175085476735581e-05
4,3,4,-0.0580149906437885,0.09351207741246878,0.026760439733005088,0,0.0,3.744699503615006e-05
4,3,5,-0.0580149906437885,0.09351207741246878,0.032560063519562865,0,0.0,1.4423612922563463e-05
4,3,6,-0.0580149906437885,0.09351207741246878,0.03835968730612063,0,0.0,4.193202747619734e-06
4,3,7,-0.0580149906437885,0.09351207741246878,0.04415931109267841,0,0.0,1.1253257324125203e-06
4,3,8,-0.0580149906437885,0.09351207741246878,0.04995893487923618,0,0.0,7.002054127982409e-07
4,3,9,-0.0580149906437885,0.09351207741246878,0.05575855866579396,0,0.0,3.9614170602090545e-07
4,3,10,-0.0580149906437885,0.09351207741246878,0.061558182452351735,0,0.0,1.65170659396929e-07
4,3,11,-0.0580149906437885,0.09351207741246878,0.06735780623890952,0,0.0,1.4085347200928154e-07
4,3,12,-0.0580149906437885,0.09351207741246878,0.07315743002546729,0,0.0,8.118516955268975e-08
4,3,13,-0.0580149906437885,0.09351207741246878,0.07895705381202506,0,0.0,1.8063830689708993e-08
4,3,14,-0.0580149906437885,0.09351207741246878,0.08475667759858284,0,0.0,1.49610831931323e-09
4,3,15,-0.0580149906437885,0.09351207741246878,0.09055630138514062,0,0.0,4.833358068261832e-11
4,3,16,-0.0580149906437885,0.09351207741246878,0.09635592517169839,0,0.0,3.0096443932746593e-13
4,3,17,-0.0580149906437885,0.09351207741246878,0.10215554895825617,0,0.0,9.0883385708546e-15
4,3,18,-0.0580149906437885,0.09351207741246878,0.10795517274481395,0,0.0,0.0
4,3,19,-0.0580149906437885,0.09351207741246878,0.11375479653137172,0,0.0,0.0
4,4,0,-0.0580149906437885,0.10259355645246601,0.0035619445867739875,0,0.0,0.0007663053962677261
4,4,1,-0.0580149906437885,0.10259355645246601,0.009361568373331762,3,0.0003,0.0007542694555540611
4,4,2,-0.0580149906437885,0.10259355645246601,0.015161192159889538,3,0.0003,0.0004682343150790295
4,4,3,-0.0580149906437885,0.10259355645246601,0.020960815946447314,0,0.0,0.00024059493302557621
4,4,4,-0.0580149906437885,0.10259355645246601,0.026760439733005088,0,0.0,0.00011206570196441568
4,4,5,-0.0580149906437885,0.10259355645246601,0.032560063519562865,0,0.0,4.2960306133684316e-05
4,4,6,-0.0580149906437885,0.10259355645246601,0.03835968730612063,0,0.0,1.3029838593836645e-05
4,4,7,-0.0580149906437885,0.10259355645246601,0.04415931109267841,0,0.0,4.712740098769996e-06
4,4,8,-0.0580149906437885,0.10259355645246601,0.04995893487923618,0,0.0,3.4424399495543795e-06
4,4,9,-0.0580149906437885,0.10259355645246601,0.05575855866579396,0,0.0,1.9220101044814796e-06
4,4,10,-0.0580149906437885,0.10259355645246601,0.061558182452351735,0,0.0,8.070922370886206e-07
4,4,11,-0.0580149906437885,0.10259355645246601,0.06735780623890952,0,0.0,6.626046004868497e-07
4,4,12,-0.0580149906437885,0.10259355645246601,0.07315743002546729,0,0.0,3.740733505267035e-07
4,4,13,-0.0580149906437885,0.10259355645246601,0.07895705381202506,0,0.0,8.508826563179716e-08
4,4,14,-0.0580149906437885,0.10259355645246601,0.08475667759858284,0,0.0,8.385058316538728e-09
4,4,15,-0.0580149906437885,0.10259355645246601,0.09055630138514062,0,0.0,5.49824197076318e-10
4,4,16,-0.0580149906437885,0.10259355645246601,0.09635592517169839,0,0.0,2.760752902611631e-11
4,4,17,-0.0580149906437885,0.10259355645246601,0.10215554895825617,0,0.0,8.153475893127063e-13
4,4,18,-0.0580149906437885,0.10259355645246601,0.10795517274481395,0,0.0,0.0
4,4,19,-0.0580149906437885,0.10259355645246601,0.11375479653137172,0,0.0,0.0
4,5,0,-0.0580149906437885,0.11167503549246324,0.0035619445867739875,18,0.0018,0.0024015118045486467
4,5,1,-0.0580149906437885,0.11167503549246324,0.009361568373331762,10,0.001,0.0020127775833914197
4,5,2,-0.0580149906437885,0.11167503549246324,0.015161192159889538,3,0.0003,0.001020935254753225
4,5,3,-0.0580149906437885,0.11167503549246324,0.020960815946447314,5,0.0005,0.0004826516732712532
4,5,4,-0.0580149906437885,0.11167503549246324,0.026760439733005088,1,0.0001,0.00022961194190092066
4,5,5,-0.0580149906437885,0.11167503549246324,0.032560063519562865,0,0.0,8.984565640098179e-05
4,5,6,-0.0580149906437885,0.11167503549246324,0.03835968730612063,0,0.0,3.144624417587489e-05
4,5,7,-0.0580149906437885,0.11167503549246324,0.04415931109267841,0,0.0,1.416417475352306e-05
4,5,8,-0.0580149906437885,0.11167503549246324,0.04995893487923618,0,0.0,8.828106538562617e-06
4,5,9,-0.0580149906437885,0.11167503549246324,0.05575855866579396,0,0.0,4.512232288962848e-06
4,5,10,-0.0580149906437885,0.11167503549246324,0.061558182452351735,0,0.0,2.1057163578043894e-06
4,5,11,-0.0580149906437885,0.11167503549246324,0.06735780623890952,0,0.0,1.5337125157507029e-06
4,5,12,-0.0580149906437885,0.11167503549246324,0.07315743002546729,0,0.0,8.156532607090079e-07
4,5,13,-0.0580149906437885,0.11167503549246324,0.07895705381202506,0,0.0,2.460921203100711e-07
4,5,14,-0.0580149906437885,0.11167503549246324,0.08475667759858284,0,0.0,5.733501486248695e-08
4,5,15,-0.0580149906437885,0.11167503549246324,0.09055630138514062,0,0.0,9.366909392969542e-09
4,5,16,-0.0580149906437885,0.11167503549246324,0.09635592517169839,0,0.0,7.056059381303263e-10
4,5,17,-0.0580149906437885,0.11167503549246324,0.10215554895825617,0,0.0,2.070052795619041e-11
4,5,18,-0.0580149906437885,0.11167503549246324,0.10795517274481395,0,0.0,0.0
4,5,19,-0.0580149906437885,0.11167503549246324,0.11375479653137172,0,0.0,0.0
4,6,0,-0.0580149906437885,0.12075651453246046,0.0035619445867739875,95,0.0095,0.005265612874403413
4,6,1,-0.0580149906437885,0.12075651453246046,0.009361568373331762,23,0.0023,0.003923306140929515
4,6,2,-0.0580149906437885,0.12075651453246046,0.015161192159889538,8,0.0008,0.001605350642230443
4,6,3,-0.0580149906437885,0.12075651453246046,0.020960815946447314,7,0.0007,0.0006415734560293537
4,6,4,-0.0580149906437885,0.12075651453246046,0.026760439733005088,4,0.0004,0.0003067780185895917
4,6,5,-0.0580149906437885,0.12075651453246046,0.032560063519562865,0,0.0,0.00013189947232261203
4,6,6,-0.0580149906437885,0.12075651453246046,0.03835968730612063,1,0.0001,5.639542878279106e-05
4,6,7,-0.0580149906437885,0.12075651453246046,0.04415931109267841,0,0.0,2.9948030797457593e-05
4,6,8,-0.0580149906437885,0.12075651453246046,0.04995893487923618,0,0.0,1.6867556402241663e-05
4,6,9,-0.0580149906437885,0.12075651453246046,0.05575855866579396,0,0.0,8.667666606924425e-06
4,6,10,-0.0580149906437885,0.12075651453246046,0.061558182452351735,0,0.0,5.3405420263911324e-06
4,6,11,-0.0580149906437885,0.12075651453246046,0.06735780623890952,0,0.0,3.7405165863700046e-06
4,6,12,-0.0580149906437885,0.12075651453246046,0.07315743002546729,0,0.0,2.3228291206373154e-06
4,6,13,-0.0580149906437885,0.12075651453246046,0.07895705381202506,0,0.0,1.3204726546673752e-06
4,6,14,-0.0580149906437885,0.12075651453246046,0.08475667759858284,0,0.0,5.193412619043234e-07
4,6,15,-0.0580149906437885,0.12075651453246046,0.09055630138514062,0,0.0,9.890100454951494e-08
4,6,16,-0.0580149906437885,0.12075651453246046,0.09635592517169839,0,0.0,7.66469240047602e-09
4,6,17,-0.0580149906437885,0.12075651453246046,0.10215554895825617,0,0.0,2.686161584227053e-10
4,6,18,-0.0580149906437885,0.12075651453246046,0.10795517274481395,0,0.0,2.0018397866255147e-10
4,6,19,-0.0580149906437885,0.12075651453246046,0.11375479653137172,0,0.0,3.300475836743292e-10
4,7,0,-0.0580149906437885,0.12983799357245768,0.0035619445867739875,335,0.0335,0.007376037763837939
4,7,1,-0.0580149906437885,0.12983799357245768,0.009361568373331762,16,0.0016,0.0051651522557358874
4,7,2,-0.0580149906437885,0.12983799357245768,0.015161192159889538,6,0.0006,0.0018108432709413147
4,7,3,-0.0580149906437885,0.12983799357245768,0.020960815946447314,4,0.0004,0.0005891291761890169
4,7,4,-0.0580149906437885,0.12983799357245768,0.026760439733005088,1,0.0001,0.0002771740738470401
4,7,5,-0.0580149906437885,0.12983799357245768,0.032560063519562865,2,0.0002,0.00013752403537077766
4,7,6,-0.0580149906437885,0.12983799357245768,0.03835968730612063,0,0.0,6.95867196419918e-05
4,7,7,-0.0580149906437885,0.12983799357245768,0.04415931109267841,1,0.0001,4.0627689190816466e-05
4,7,8,-0.0580149906437885,0.12983799357245768,0.04995893487923618,0,0.0,2.487740780260903e-05
4,7,9,-0.0580149906437885,0.12983799357245768,0.05575855866579396,0,0.0,1.567658937218786e-05
4,7,10,-0.0580149906437885,0.12983799357245768,0.061558182452351735,0,0.0,1.1471578394518872e-05
4,7,11,-0.0580149906437885,0.12983799357245768,0.06735780623890952,0,0.0,9.307399697109107e-06
4,7,12,-0.0580149906437885,0.12983799357245768,0.07315743002546729,0,0.0,7.736259644489155e-06
4,7,13,-0.0580149906437885,0.12983799357245768,0.07895705381202506,0,0.0,5.349625234940263e-06
4,7,14,-0.0580149906437885,0.12983799357245768,0.08475667759858284,0,0.0,2.2125387381186804e-06
4,7,15,-0.0580149906437885,0.12983799357245768,0.09055630138514062,0,0.0,4.2361396438621515e-07
4,7,16,-0.0580149906437885,0.12983799357245768,0.09635592517169839,0,0.0,3.2914176015888276e-08
4,7,17,-0.0580149906437885,0.12983799357245768,0.10215554895825617,0,0.0,2.436289156351287e-09
4,7,18,-0.0580149906437885,0.12983799357245768,0.10795517274481395,0,0.0,6.62918292829961e-09
4,7,19,-0.0580149906437885,0.12983799357245768,0.11375479653137172,0,0.0,1.0929674901249729e-08
4,8,0,-0.0580149906437885,0.1389194726124549,0.0035619445867739875,169,0.0169,0.006057136833327454
4,8,1,-0.0580149906437885,0.1389194726124549,0.009361568373331762,16,0.0016,0.0041682392942631475
4,8,2,-0.0580149906437885,0.1389194726124549,0.015161192159889538,5,0.0005,0.001380692190435309
4,8,3,-0.0580149906437885,0.1389194726124549,0.020960815946447314,2,0.0002,0.00039990473320471263
4,8,4,-0.0580149906437885,0.1389194726124549,0.026760439733005088,2,0.0002,0.00019270656938545757
4,8,5,-0.0580149906437885,0.1389194726124549,0.032560063519562865,1,0.0001,0.00011581163469112547
4,8,6,-0.0580149906437885,0.1389194726124549,0.03835968730612063,0,0.0,6.57617737827586e-05
4,8,7,-0.0580149906437885,0.1389194726124549,0.04415931109267841,0,0.0,3.729104123586693e-05
4,8,8,-0.0580149906437885,0.1389194726124549,0.04995893487923618,0,0.0,2.6074094515123096e-05
4,8,9,-0.0580149906437885,0.1389194726124549,0.05575855866579396,1,0.0001,2.0425113118215033e-05
4,8,10,-0.0580149906437885,0.1389194726124549,0.061558182452351735,0,0.0,1.4683768275149082e-05
4,8,11,-0.0580149906437885,0.1389194726124549,0.06735780623890952,0,0.0,1.2527957050519313e-05
4,8,12,-0.0580149906437885,0.1389194726124549,0.07315743002546729,0,0.0,1.19674802645463e-05
4,8,13,-0.0580149906437885,0.1389194726124549,0.07895705381202506,0,0.0,8.656649446582585e-06
4,8,14,-0.0580149906437885,0.1389194726124549,0.08475667759858284,0,0.0,3.5929697987509634e-06
4,8,15,-0.0580149906437885,0.1389194726124549,0.09055630138514062,0,0.0,6.870028605615179e-07
4,8,16,-0.0580149906437885,0.1389194726124549,0.09635592517169839,0,0.0,5.4610385316477255e-08
4,8,17,-0.0580149906437885,0.1389194726124549,0.10215554895825617,0,0.0,1.9569774152488982e-08
4,8,18,-0.0580149906437885,0.1389194726124549,0.10795517274481395,0,0.0,8.075998098840858e-08
4,8,19,-0.0580149906437885,0.1389194726124549,0.11375479653137172,0,0.0,1.3315069847692716e-07
4,9,0,-0.0580149906437885,0.14800095165245214,0.0035619445867739875,19,0.0019,0.002816900300367582
4,9,1,-0.0580149906437885,0.14800095165245214,0.009361568373331762,5,0.0005,0.0019530724446413096
4,9,2,-0.0580149906437885,0.14800095165245214,0.015161192159889538,1,0.0001,0.000659105232602931
4,9,3,-0.0580149906437885,0.14800095165245214,0.020960815946447314,1,0.0001,0.0001962391604394239
4,9,4,-0.0580149906437885,0.14800095165245214,0.026760439733005088,1,0.0001,0.00010784089821626356
4,9,5,-0.0580149906437885,0.14800095165245214,0.032560063519562865,1,0.0001,8.232529548617262e-05
4,9,6,-0.0580149906437885,0.14800095165245214,0.03835968730612063,1,0.0001,5.19859251169569e-05
4,9,7,-0.0580149906437885,0.14800095165245214,0.04415931109267841,0,0.0,2.9131844395596294e-05
4,9,8,-0.0580149906437885,0.14800095165245214,0.04995893487923618,0,0.0,2.2807142058920624e-05
4,9,9,-0.0580149906437885,0.14800095165245214,0.05575855866579396,0,0.0,1.847997471899939e-05
4,9,10,-0.0580149906437885,0.14800095165245214,0.061558182452351735,0,0.0,1.091119339254877e-05
4,9,11,-0.0580149906437885,0.14800095165245214,0.06735780623890952,0,0.0,7.5717769521252325e-06
4,9,12,-0.0580149906437885,0.14800095165245214,0.07315743002546729,0,0.0,7.163822338243819e-06
4,9,13,-0.0580149906437885,0.14800095165245214,0.07895705381202506,0,0.0,5.227594131626217e-06
4,9,14,-0.0580149906437885,0.14800095165245214,0.08475667759858284,0,0.0,2.1689019020065696e-06
4,9,15,-0.0580149906437885,0.14800095165245214,0.09055630138514062,0,0.0,4.1443683897066187e-07
4,9,16,-0.0580149906437885,0.14800095165245214,0.09635592517169839,0,0.0,3.864986309242363e-08
4,9,17,-0.0580149906437885,0.14800095165245214,0.10215554895825617,0,0.0,8.16936740383279e-08
4,9,18,-0.0580149906437885,0.14800095165245214,0.10795517274481395,0,0.0,3.619411241164606e-07
4,9,19,-0.0580149906437885,0.14800095165245214,0.11375479653137172,0,0.0,5.967400300719238e-07
4,10,0,-0.0580149906437885,0.15708243069244937,0.0035619445867739875,0,0.0,0.0007332226493031247
4,10,1,-0.0580149906437885,0.15708243069244937,0.009361568373331762,0,0.0,0.000518906330068973
4,10,2,-0.0580149906437885,0.15708243069244937,0.015161192159889538,0,0.0,0.00018685463366731596
4,10,3,-0.0580149906437885,0.15708243069244937,0.020960815946447314,0,0.0,6.4252750741703e-05
4,10,4,-0.0580149906437885,0.15708243069244937,0.026760439733005088,0,0.0,4.461669101742491e-05
4,10,5,-0.0580149906437885,0.15708243069244937,0.032560063519562865,1,0.0001,4.28437246427955e-05
4,10,6,-0.0580149906437885,0.15708243069244937,0.03835968730612063,0,0.0,2.9622784161500648e-05
4,10,7,-0.0580149906437885,0.15708243069244937,0.04415931109267841,0,0.0,1.806375399754529e-05
4,10,8,-0.0580149906437885,0.15708243069244937,0.04995893487923618,0,0.0,1.545418447608291e-05
4,10,9,-0.0580149906437885,0.15708243069244937,0.05575855866579396,0,0.0,1.1327843375186875e-05
4,10,10,-0.0580149906437885,0.15708243069244937,0.061558182452351735,0,0.0,5.1275142346920846e-06
4,10,11,-0.0580149906437885,0.15708243069244937,0.06735780623890952,0,0.0,2.2322689654099218e-06
4,10,12,-0.0580149906437885,0.15708243069244937,0.07315743002546729,0,0.0,1.7612339077719962e-06
4,10,13,-0.0580149906437885,0.15708243069244937,0.07895705381202506,0,0.0,1.2449907893108116e-06
4,10,14,-0.0580149906437885,0.15708243069244937,0.08475667759858284,0,0.0,5.006965077463901e-07
4,10,15,-0.0580149906437885,0.15708243069244937,0.09055630138514062,0,0.0,9.400216287668418e-08
4,10,16,-0.0580149906437885,0.15708243069244937,0.09635592517169839,0,0.0,1.8101177989364156e-08
4,10,17,-0.0580149906437885,0.15708243069244937,0.10215554895825617,0,0.0,1.3335851641495804e-07
4,10,18,-0.0580149906437885,0.15708243069244937,0.10795517274481395,0,0.0,5.967400300719237e-07
4,10,19,-0.0580149906437885,0.15708243069244937,0.11375479653137172,0,0.0,9.838579806578145e-07
4,11,0,-0.0580149906437885,0.1661639097324466,0.0035619445867739875,0,0.0,0.00011189076296456956
4,11,1,-0.0580149906437885,0.1661639097324466,0.009361568373331762,0,0.0,8.427700857129247e-05
4,11,2,-0.0580149906437885,0.1661639097324466,0.015161192159889538,0,0.0,3.535523427879223e-05
4,11,3,-0.0580149906437885,0.1661639097324466,0.020960815946447314,0,0.0,1.6710417249848233e-05
4,11,4,-0.0580149906437885,0.1661639097324466,0.026760439733005088,0,0.0,1.5296566219511565e-05
4,11,5,-0.0580149906437885,0.1661639097324466,0.032560063519562865,0,0.0,1.6472288090978307e-05
4,11,6,-0.0580149906437885,0.1661639097324466,0.03835968730612063,0,0.0,1.1708732365319299e-05
4,11,7,-0.0580149906437885,0.1661639097324466,0.04415931109267841,0,0.0,7.774780002193211e-06
4,11,8,-0.0580149906437885,0.1661639097324466,0.04995893487923618,0,0.0,6.969407717879872e-06
4,11,9,-0.0580149906437885,0.1661639097324466,0.05575855866579396,0,0.0,4.521436146818921e-06
4,11,10,-0.0580149906437885,0.1661639097324466,0.061558182452351735,0,0.0,1.7019925933367383e-06
4,11,11,-0.0580149906437885,0.1661639097324466,0.06735780623890952,0,0.0,7.472860638394032e-07
4,11,12,-0.0580149906437885,0.1661639097324466,0.07315743002546729,0,0.0,7.487182554117877e-07
4,11,13,-0.0580149906437885,0.1661639097324466,0.07895705381202506,0,0.0,4.582581145542307e-07
4,11,14,-0.0580149906437885,0.1661639097324466,0.08475667759858284,0,0.0,1.2036565704325663e-07
4,11,15,-0.0580149906437885,0.1661639097324466,0.09055630138514062,0,0.0,1.439072456527714e-08
4,11,16,-0.0580149906437885,0.1661639097324466,0.09635592517169839,0,0.0,7.413856088889718e-09
4,11,17,-0.0580149906437885,0.1661639097324466,0.10215554895825617,0,0.0,8.077702410723883e-08
4,11,18,-0.0580149906437885,0.1661639097324466,0.10795517274481395,0,0.0,3.619411241164606e-07
4,11,19,-0.0580149906437885,0.1661639097324466,0.11375479653137172,0,0.0,5.967400300719238e-07
4,12,0,-0.0580149906437885,0.17524538877244383,0.0035619445867739875,0,0.0,1.3835841254478495e-05
4,12,1,-0.0580149906437885,0.17524538877244383,0.009361568373331762,0,0.0,1.4624861642461612e-05
4,12,2,-0.0580149906437885,0.17524538877244383,0.015161192159889538,0,0.0,8.867970765037913e-06
4,12,3,-0.0580149906437885,0.17524538877244383,0.020960815946447314,0,0.0,5.595063716491994e-06
4,12,4,-0.0580149906437885,0.17524538877244383,0.026760439733005088,0,0.0,5.435064454121395e-06
4,12,5,-0.0580149906437885,0.17524538877244383,0.032560063519562865,0,0.0,5.286246850577075e-06
4,12,6,-0.0580149906437885,0.17524538877244383,0.03835968730612063,0,0.0,3.453759753142238e-06
4,12,7,-0.0580149906437885,0.17524538877244383,0.04415931109267841,0,0.0,2.257171747822865e-06
4,12,8,-0.0580149906437885,0.17524538877244383,0.04995893487923618,0,0.0,1.9509878606273122e-06
4,12,9,-0.0580149906437885,0.17524538877244383,0.05575855866579396,0,0.0,1.1325318463407722e-06
4,12,10,-0.0580149906437885,0.17524538877244383,0.061558182452351735,0,0.0,4.723478337096965e-07
4,12,11,-0.0580149906437885,0.17524538877244383,0.06735780623890952,0,0.0,6.537970006724466e-07
4,12,12,-0.0580149906437885,0.17524538877244383,0.07315743002546729,0,0.0,9.923150245366958e-07
4,12,13,-0.0580149906437885,0.17524538877244383,0.07895705381202506,0,0.0,5.99819343861216e-07
4,12,14,-0.0580149906437885,0.17524538877244383,0.08475667759858284,0,0.0,1.3434935082503135e-07
4,12,15,-0.0580149906437885,0.17524538877244383,0.09055630138514062,0,0.0,1.1202564482239522e-08
4,12,16,-0.0580149906437885,0.17524538877244383,0.09635592517169839,0,0.0,1.826859187713351e-09
4,12,17,-0.0580149906437885,0.17524538877244383,0.10215554895825617,0,0.0,1.802050187467774e-08
4,12,18,-0.0580149906437885,0.17524538877244383,0.10795517274481395,0,0.0,8.075998098840858e-08
4,12,19,-0.0580149906437885,0.17524538877244383,0.11375479653137172,0,0.0,1.3315069847692716e-07
4,13,0,-0.0580149906437885,0.18432686781244106,0.0035619445867739875,0,0.0,2.783929413940119e-06
4,13,1,-0.0580149906437885,0.18432686781244106,0.009361568373331762,0,0.0,4.378007248141666e-06
4,13,2,-0.0580149906437885,0.18432686781244106,0.015161192159889538,0,0.0,3.1445280004643647e-06
4,13,3,-0.0580149906437885,0.18432686781244106,0.020960815946447314,0,0.0,1.765517848986322e-06
4,13,4,-0.0580149906437885,0.18432686781244106,0.026760439733005088,0,0.0,1.4786202719637076e-06
4,13,5,-0.0580149906437885,0.18432686781244106,0.032560063519562865,0,0.0,1.1741371772986619e-06
4,13,6,-0.0580149906437885,0.18432686781244106,0.03835968730612063,0,0.0,6.33457448781702e-07
4,13,7,-0.0580149906437885,0.18432686781244106,0.04415931109267841,0,0.0,3.690465301079691e-07
4,13,8,-0.0580149906437885,0.18432686781244106,0.04995893487923618,0,0.0,2.969286736616337e-07
4,13,9,-0.0580149906437885,0.18432686781244106,0.05575855866579396,0,0.0,1.6258722956823794e-07
4,13,10,-0.0580149906437885,0.18432686781244106,0.061558182452351735,0,0.0,1.225417979676599e-07
4,13,11,-0.0580149906437885,0.18432686781244106,0.06735780623890952,0,0.0,3.67781981953331e-07
4,13,12,-0.0580149906437885,0.18432686781244106,0.07315743002546729,0,0.0,5.971862168381684e-07
4,13,13,-0.0580149906437885,0.18432686781244106,0.07895705381202506,0,0.0,3.6195903969826257e-07
4,13,14,-0.0580149906437885,0.18432686781244106,0.08475667759858284,0,0.0,8.076028222729194e-08
4,13,15,-0.0580149906437885,0.18432686781244106,0.09055630138514062,0,0.0,6.632849425764103e-09
4,13,16,-0.0580149906437885,0.18432686781244106,0.09635592517169839,0,0.0,3.2160169930464854e-10
4,13,17,-0.0580149906437885,0.18432686781244106,0.10215554895825617,0,0.0,1.4791706484447292e-09
4,13,18,-0.0580149906437885,0.18432686781244106,0.10795517274481395,0,0.0,6.62918292829961e-09
4,13,19,-0.0580149906437885,0.18432686781244106,0.11375479653137172,0,0.0,1.0929674901249729e-08
4,14,0,-0.0580149906437885,0.19340834685243827,0.0035619445867739875,0,0.0,6.419935128045905e-07
4,14,1,-0.0580149906437885,0.19340834685243827,0.009361568373331762,0,0.0,1.5174218824326266e-06
4,14,2,-0.0580149906437885,0.19340834685243827,0.015161192159889538,0,0.0,1.739875339752303e-06
4,14,3,-0.0580149906437885,0.19340834685243827,0.020960815946447314,0,0.0,1.0765843051151382e-06
4,14,4,-0.0580149906437885,0.19340834685243827,0.026760439733005088,0,0.0,5.465497468673129e-07
4,14,5,-0.0580149906437885,0.19340834685243827,0.032560063519562865,0,0.0,2.6467050964586283e-07
4,14,6,-0.0580149906437885,0.19340834685243827,0.03835968730612063,0,0.0,8.367204472536483e-08
4,14,7,-0.0580149906437885,0.19340834685243827,0.04415931109267841,0,0.0,2.9658395141701144e-08
4,14,8,-0.0580149906437885,0.19340834685243827,0.04995893487923618,0,0.0,2.076981847359451e-08
4,14,9,-0.0580149906437885,0.19340834685243827,0.05575855866579396,0,0.0,1.1798075101333365e-08
4,14,10,-0.0580149906437885,0.19340834685243827,0.061558182452351735,0,0.0,2.059638114410178e-08
4,14,11,-0.0580149906437885,0.19340834685243827,0.06735780623890952,0,0.0,8.108414310890838e-08
4,14,12,-0.0580149906437885,0.19340834685243827,0.07315743002546729,0,0.0,1.3317216102366938e-07
4,14,13,-0.0580149906437885,0.19340834685243827,0.07895705381202506,0,0.0,8.076069363591699e-08
4,14,14,-0.0580149906437885,0.19340834685243827,0.08475667759858284,0,0.0,1.8019996579866325e-08
4,14,15,-0.0580149906437885,0.19340834685243827,0.09055630138514062,0,0.0,1.4792813670744816e-09
4,14,16,-0.0580149906437885,0.19340834685243827,0.09635592517169839,0,0.0,4.833358068261832e-11
4,14,17,-0.0580149906437885,0.19340834685243827,0.10215554895825617,0,0.0,4.466708321812497e-11
4,14,18,-0.0580149906437885,0.19340834685243827,0.10795517274481395,0,0.0,2.0018397866255147e-10
4,14,19,-0.0580149906437885,0.19340834685243827,0.11375479653137172,0,0.0,3.300475836743292e-10
4,15,0,-0.0580149906437885,0.2024898258924355,0.0035619445867739875,0,0.0,3.0395814546281734e-07
4,15,1,-0.0580149906437885,0.2024898258924355,0.009361568373331762,0,0.0,1.2684527830915362e-06
4,15,2,-0.0580149906437885,0.2024898258924355,0.015161192159889538,0,0.0,2.1688652713087325e-06
4,15,3,-0.0580149906437885,0.2024898258924355,0.020960815946447314,0,0.0,1.9339832714223065e-06
4,15,4,-0.0580149906437885,0.2024898258924355,0.026760439733005088,0,0.0,1.473211338806383e-06
4,15,5,-0.0580149906437885,0.2024898258924355,0.032560063519562865,0,0.0,7.54190832104069e-07
4,15,6,-0.0580149906437885,0.2024898258924355,0.03835968730612063,0,0.0,1.6503459035004792e-07
4,15,7,-0.0580149906437885,0.2024898258924355,0.04415931109267841,0,0.0,1.4448075903316909e-08
4,15,8,-0.0580149906437885,0.2024898258924355,0.04995893487923618,0,0.0,1.1712816609189336e-09
4,15,9,-0.0580149906437885,0.2024898258924355,0.05575855866579396,0,0.0,4.385331160040413e-10
4,15,10,-0.0580149906437885,0.2024898258924355,0.061558182452351735,0,0.0,1.5476028282048827e-09
4,15,11,-0.0580149906437885,0.2024898258924355,0.06735780623890952,0,0.0,6.636737360488101e-09
4,15,12,-0.0580149906437885,0.2024898258924355,0.07315743002546729,0,0.0,1.0930086584318808e-08
4,15,13,-0.0580149906437885,0.2024898258924355,0.07895705381202506,0,0.0,6.629192016638181e-09
4,15,14,-0.0580149906437885,0.2024898258924355,0.08475667759858284,0,0.0,1.4791706484447292e-09
4,15,15,-0.0580149906437885,0.2024898258924355,0.09055630138514062,0,0.0,1.2141772064209707e-10
4,15,16,-0.0580149906437885,0.2024898258924355,0.09635592517169839,0,0.0,3.666497464493361e-12
4,15,17,-0.0580149906437885,0.2024898258924355,0.10215554895825617,0,0.0,0.0
4,15,18,-0.0580149906437885,0.2024898258924355,0.10795517274481395,0,0.0,0.0
4,15,19,-0.0580149906437885,0.2024898258924355,0.11375479653137172,0,0.0,0.0
4,16,0,-0.0580149906437885,0.21157130493243273,0.0035619445867739875,0,0.0,1.6384462895624127e-07
4,16,1,-0.0580149906437885,0.21157130493243273,0.009361568373331762,0,0.0,7.663350455032258e-07
4,16,2,-0.0580149906437885,0.21157130493243273,0.015161192159889538,0,0.0,1.6897238627217765e-06
4,16,3,-0.0580149906437885,0.21157130493243273,0.020960815946447314,0,0.0,2.9432999776221094e-06
4,16,4,-0.0580149906437885,0.21157130493243273,0.026760439733005088,0,0.0,3.820796933616121e-06
4,16,5,-0.0580149906437885,0.21157130493243273,0.032560063519562865,0,0.0,2.234683099888576e-06
4,16,6,-0.0580149906437885,0.21157130493243273,0.03835968730612063,0,0.0,5.027101970337777e-07
4,16,7,-0.0580149906437885,0.21157130493243273,0.04415931109267841,0,0.0,5.16943706956381e-08
4,16,8,-0.0580149906437885,0.21157130493243273,0.04995893487923618,0,0.0,7.866580871894013e-09
4,16,9,-0.0580149906437885,0.21157130493243273,0.05575855866579396,0,0.0,1.48313811034855e-09
4,16,10,-0.0580149906437885,0.21157130493243273,0.061558182452351735,0,0.0,1.6608480386022203e-10
4,16,11,-0.0580149906437885,0.21157130493243273,0.06735780623890952,0,0.0,2.0385047612704482e-10
4,16,12,-0.0580149906437885,0.21157130493243273,0.07315743002546729,0,0.0,3.300475836743292e-10
4,16,13,-0.0580149906437885,0.21157130493243273,0.07895705381202506,0,0.0,2.0018397866255147e-10
4,16,14,-0.0580149906437885,0.21157130493243273,0.08475667759858284,0,0.0,4.466708321812497e-11
4,16,15,-0.0580149906437885,0.21157130493243273,0.09055630138514062,0,0.0,3.666497464493361e-12
4,16,16,-0.0580149906437885,0.21157130493243273,0.09635592517169839,0,0.0,1.1071862975226461e-13
4,16,17,-0.0580149906437885,0.21157130493243273,0.10215554895825617,0,0.0,0.0
4,16,18,-0.0580149906437885,0.21157130493243273,0.10795517274481395,0,0.0,0.0
4,16,19,-0.0580149906437885,0.21157130493243273,0.11375479653137172,0,0.0,0.0
4,17,0,-0.0580149906437885,0.22065278397242996,0.0035619445867739875,0,0.0,3.771932961016279e-08
4,17,1,-0.0580149906437885,0.22065278397242996,0.009361568373331762,0,0.0,2.1713621594986042e-07
4,17,2,-0.0580149906437885,0.22065278397242996,0.015161192159889538,0,0.0,9.439228257348287e-07
4,17,3,-0.0580149906437885,0.22065278397242996,0.020960815946447314,0,0.0,3.1993881944314887e-06
4,17,4,-0.0580149906437885,0.22065278397242996,0.026760439733005088,0,0.0,5.05023391731073e-06
4,17,5,-0.0580149906437885,0.22065278397242996,0.032560063519562865,0,0.0,3.0682523984126755e-06
4,17,6,-0.0580149906437885,0.22065278397242996,0.03835968730612063,0,0.0,7.649785091434766e-07
4,17,7,-0.0580149906437885,0.22065278397242996,0.04415931109267841,0,0.0,1.902424566009507e-07
4,17,8,-0.0580149906437885,0.22065278397242996,0.04995893487923618,0,0.0,8.256075333615795e-08
4,17,9,-0.0580149906437885,0.22065278397242996,0.05575855866579396,0,0.0,1.802365398899225e-08
4,17,10,-0.0580149906437885,0.22065278397242996,0.061558182452351735,0,0.0,1.4791706484447292e-09
4,17,11,-0.0580149906437885,0.22065278397242996,0.06735780623890952,0,0.0,4.466708321812497e-11
4,17,12,-0.0580149906437885,0.22065278397242996,0.07315743002546729,0,0.0,0.0
4,17,13,-0.0580149906437885,0.22065278397242996,0.07895705381202506,0,0.0,0.0
4,17,14,-0.0580149906437885,0.22065278397242996,0.08475667759858284,0,0.0,0.0
4,17,15,-0.0580149906437885,0.22065278397242996,0.09055630138514062,0,0.0,0.0
4,17,16,-0.0580149906437885,0.22065278397242996,0.09635592517169839,0,0.0,0.0
4,17,17,-0.0580149906437885,0.22065278397242996,0.10215554895825617,0,0.0,0.0
4,17,18,-0.0580149906437885,0.22065278397242996,0.10795517274481395,0,0.0,0.0
4,17,19,-0.0580149906437885,0.22065278397242996,0.11375479653137172,0,0.0,0.0
4,18,0,-0.0580149906437885,0.22973426301242716,0.0035619445867739875,0,0.0,3.9001707293363285e-09
4,18,1,-0.0580149906437885,0.22973426301242716,0.009361568373331762,0,0.0,4.446390528168903e-08
4,18,2,-0.0580149906437885,0.22973426301242716,0.015161192159889538,0,0.0,4.0236461788203487e-07
4,18,3,-0.0580149906437885,0.22973426301242716,0.020960815946447314,0,0.0,1.722955293810584e-06
4,18,4,-0.0580149906437885,0.22973426301242716,0.026760439733005088,0,0.0,2.8468514299836967e-06
4,18,5,-0.0580149906437885,0.22973426301242716,0.032560063519562865,0,0.0,1.8328537820239949e-06
4,18,6,-0.0580149906437885,0.22973426301242716,0.03835968730612063,0,0.0,7.716195053944101e-07
4,18,7,-0.0580149906437885,0.22973426301242716,0.04415931109267841,0,0.0,6.345583203237001e-07
4,18,8,-0.0580149906437885,0.22973426301242716,0.04995893487923618,0,0.0,3.634271100204545e-07
4,18,9,-0.0580149906437885,0.22973426301242716,0.05575855866579396,0,0.0,8.077641309002161e-08
4,18,10,-0.0580149906437885,0.22973426301242716,0.061558182452351735,0,0.0,6.62918292829961e-09
4,18,11,-0.0580149906437885,0.22973426301242716,0.06735780623890952,0,0.0,2.0018397866255147e-10
4,18,12,-0.0580149906437885,0.22973426301242716,0.07315743002546729,0,0.0,0.0
4,18,13,-0.0580149906437885,0.22973426301242716,0.07895705381202506,0,0.0,0.0
4,18,14,-0.0580149906437885,0.22973426301242716,0.08475667759858284,0,0.0,0.0
4,18,15,-0.0580149906437885,0.22973426301242716,0.09055630138514062,0,0.0,0.0
4,18,16,-0.0580149906437885,0.22973426301242716,0.09635592517169839,0,0.0,0.0
4,18,17,-0.0580149906437885,0.22973426301242716,0.10215554895825617,0,0.0,0.0
4,18,18,-0.0580149906437885,0.22973426301242716,0.10795517274481395,0,0.0,0.0
4,18,19,-0.0580149906437885,0.22973426301242716,0.11375479653137172,0,0.0,0.0
4,19,0,-0.0580149906437885,0.2388157420524244,0.0035619445867739875,0,0.0,2.931846425632948e-10
4,19,1,-0.0580149906437885,0.2388157420524244,0.009361568373331762,0,0.0,7.1780605617185404e-09
4,19,2,-0.0580149906437885,0.2388157420524244,0.015161192159889538,0,0.0,8.37964091534307e-08
4,19,3,-0.0580149906437885,0.2388157420524244,0.020960815946447314,0,0.0,3.802303974870094e-07
4,19,4,-0.0580149906437885,0.2388157420524244,0.026760439733005088,0,0.0,6.676721185881385e-07
4,19,5,-0.0580149906437885,0.2388157420524244,0.032560063519562865,0,0.0,5.82488319505025e-07
4,19,6,-0.0580149906437885,0.2388157420524244,0.03835968730612063,0,0.0,7.279628076933157e-07
4,19,7,-0.0580149906437885,0.2388157420524244,0.04415931109267841,0,0.0,1.001538256208006e-06
4,19,8,-0.0580149906437885,0.2388157420524244,0.04995893487923618,0,0.0,5.978410428972795e-07
4,19,9,-0.0580149906437885,0.2388157420524244,0.05575855866579396,0,0.0,1.331777904323789e-07
4,19,10,-0.0580149906437885,0.2388157420524244,0.061558182452351735,0,0.0,1.0929674901249729e-08
4,19,11,-0.0580149906437885,0.2388157420524244,0.06735780623890952,0,0.0,3.300475836743292e-10
4,19,12,-0.0580149906437885,0.2388157420524244,0.07315743002546729,0,0.0,0.0
4,19,13,-0.0580149906437885,0.2388157420524244,0.07895705381202506,0,0.0,0.0
4,19,14,-0.0580149906437885,0.2388157420524244,0.08475667759858284,0,0.0,0.0
4,19,15,-0.0580149906437885,0.2388157420524244,0.09055630138514062,0,0.0,0.0
4,19,16,-0.0580149906437885,0.2388157420524244,0.09635592517169839,0,0.0,0.0
4,19,17,-0.0580149906437885,0.2388157420524244,0.10215554895825617,0,0.0,0.0
4,19,18,-0.0580149906437885,0.2388157420524244,0.10795517274481395,0,0.0,0.0
4,19,19,-0.0580149906437885,0.2388157420524244,0.11375479653137172,0,0.0,0.0
5,0,0,-0.039174048423472184,0.06626764029247711,0.0035619445867739875,0,0.0,3.644766628685157e-07
5,0,1,-0.039174048423472184,0.06626764029247711,0.009361568373331762,0,0.0,6.641705884414358e-07
5,0,2,-0.039174048423472184,0.06626764029247711,0.015161192159889538,0,0.0,6.735732947801332e-07
5,0,3,-0.039174048423472184,0.06626764029247711,0.020960815946447314,0,0.0,4.530217180443604e-07
5,0,4,-0.039174048423472184,0.06626764029247711,0.026760439733005088,0,0.0,2.1663774911362775e-07
5,0,5,-0.039174048423472184,0.06626764029247711,0.032560063519562865,0,0.0,8.59074419508188e-08
5,0,6,-0.039174048423472184,0.06626764029247711,0.03835968730612063,0,0.0,3.5248914705454883e-08
5,0,7,-0.039174048423472184,0.06626764029247711,0.04415931109267841,0,0.0,1.1014294553525097e-08
5,0,8,-0.039174048423472184,0.06626764029247711,0.04995893487923618,0,0.0,1.831887116381285e-09
5,0,9,-0.039174048423472184,0.06626764029247711,0.05575855866579396,0,0.0,1.3590889322957488e-10
5,0,10,-0.039174048423472184,0.06626764029247711,0.061558182452351735,0,0.0,4.473031159279709e-12
5,0,11,-0.039174048423472184,0.06626764029247711,0.06735780623890952,0,0.0,1.1980696832311923e-13
5,0,12,-0.039174048423472184,0.06626764029247711,0.07315743002546729,0,0.0,9.088338570854601e-15
5,0,13,-0.039174048423472184,0.06626764029247711,0.07895705381202506,0,0.0,2.7444404449594257e-16
5,0,14,-0.039174048423472184,0.06626764029247711,0.08475667759858284,0,0.0,0.0
5,0,15,-0.039174048423472184,0.06626764029247711,0.09055630138514062,0,0.0,0.0
5,0,16,-0.039174048423472184,0.06626764029247711,0.09635592517169839,0,0.0,0.0
5,0,17,-0.039174048423472184,0.06626764029247711,0.10215554895825617,0,0.0,0.0
5,0,18,-0.039174048423472184,0.06626764029247711,0.10795517274481395,0,0.0,0.0
5,0,19,-0.039174048423472184,0.06626764029247711,0.11375479653137172,0,0.0,0.0
5,1,0,-0.039174048423472184,0.07534911933247435,0.0035619445867739875,0,0.0,6.486963269357106e-06
5,1,1,-0.039174048423472184,0.07534911933247435,0.009361568373331762,0,0.0,1.01428034222584e-05
5,1,2,-0.039174048423472184,0.07534911933247435,0.015161192159889538,0,0.0,9.038172286191572e-06
5,1,3,-0.039174048423472184,0.07534911933247435,0.020960815946447314,0,0.0,5.779124661808924e-06
5,1,4,-0.039174048423472184,0.07534911933247435,0.026760439733005088,0,0.0,2.923612859595876e-06
5,1,5,-0.039174048423472184,0.07534911933247435,0.032560063519562865,0,0.0,1.2881100454624022e-06
5,1,6,-0.039174048423472184,0.07534911933247435,0.03835968730612063,0,0.0,5.402342440462147e-07
5,1,7,-0.039174048423472184,0.07534911933247435,0.04415931109267841,0,0.0,1.585566884360036e-07
5,1,8,-0.039174048423472184,0.07534911933247435,0.04995893487923618,0,0.0,2.6875324543992608e-08
5,1,9,-0.039174048423472184,0.07534911933247435,0.05575855866579396,0,0.0,3.4758538952907414e-09
5,1,10,-0.039174048423472184,0.07534911933247435,0.061558182452351735,0,0.0,1.2998772768515413e-09
5,1,11,-0.039174048423472184,0.07534911933247435,0.06735780623890952,0,0.0,1.5104616891745313e-09
5,1,12,-0.039174048423472184,0.07534911933247435,0.07315743002546729,0,0.0,8.98290782617124e-10
5,1,13,-0.039174048423472184,0.07534911933247435,0.07895705381202506,0,0.0,2.001930670011223e-10
5,1,14,-0.039174048423472184,0.07534911933247435,0.08475667759858284,0,0.0,1.6432101613042118e-11
5,1,15,-0.039174048423472184,0.07534911933247435,0.09055630138514062,0,0.0,4.962064728435311e-13
5,1,16,-0.039174048423472184,0.07534911933247435,0.09635592517169839,0,0.0,0.0
5,1,17,-0.039174048423472184,0.07534911933247435,0.10215554895825617,0,0.0,0.0
5,1,18,-0.039174048423472184,0.07534911933247435,0.10795517274481395,0,0.0,0.0
5,1,19,-0.039174048423472184,0.07534911933247435,0.11375479653137172,0,0.0,0.0
5,2,0,-0.039174048423472184,0.08443059837247156,0.0035619445867739875,0,0.0,6.33587395380483e-05
5,2,1,-0.039174048423472184,0.08443059837247156,0.009361568373331762,0,0.0,8.665498501709252e-05
5,2,2,-0.039174048423472184,0.08443059837247156,0.015161192159889538,0,0.0,6.958550416632984e-05
5,2,3,-0.039174048423472184,0.08443059837247156,0.020960815946447314,0,0.0,4.105584448965034e-05
5,2,4,-0.039174048423472184,0.08443059837247156,0.026760439733005088,0,0.0,2.0993865412717905e-05
5,2,5,-0.039174048423472184,0.08443059837247156,0.032560063519562865,0,0.0,9.997440892429376e-06
5,2,6,-0.039174048423472184,0.08443059837247156,0.03835968730612063,0,0.0,4.05609944662574e-06
5,2,7,-0.039174048423472184,0.08443059837247156,0.04415931109267841,0,0.0,1.0773691784983612e-06
5,2,8,-0.039174048423472184,0.08443059837247156,0.04995893487923618,0,0.0,2.2596876784140662e-07
5,2,9,-0.039174048423472184,0.08443059837247156,0.05575855866579396,0,0.0,6.775108280183464e-08
5,2,10,-0.039174048423472184,0.08443059837247156,0.061558182452351735,0,0.0,4.1546286381037783e-08
5,2,11,-0.039174048423472184,0.08443059837247156,0.06735780623890952,0,0.0,4.99582689689224e-08
5,2,12,-0.039174048423472184,0.08443059837247156,0.07315743002546729,0,0.0,2.9741648459183045e-08
5,2,13,-0.039174048423472184,0.08443059837247156,0.07895705381202506,0,0.0,6.629303009711977e-09
5,2,14,-0.039174048423472184,0.08443059837247156,0.08475667759858284,0,0.0,5.441567459910913e-10
5,2,15,-0.039174048423472184,0.08443059837247156,0.09055630138514062,0,0.0,1.643210161304212e-11
5,2,16,-0.039174048423472184,0.08443059837247156,0.09635592517169839,0,0.0,0.0
5,2,17,-0.039174048423472184,0.08443059837247156,0.10215554895825617,0,0.0,0.0
5,2,18,-0.039174048423472184,0.08443059837247156,0.10795517274481395,0,0.0,0.0
5,2,19,-0.039174048423472184,0.08443059837247156,0.11375479653137172,0,0.0,0.0
5,3,0,-0.039174048423472184,0.09351207741246878,0.0035619445867739875,0,0.0,0.00036501415703347437
5,3,1,-0.039174048423472184,0.09351207741246878,0.009361568373331762,0,0.0,0.0004409704705540818
5,3,2,-0.039174048423472184,0.09351207741246878,0.015161192159889538,0,0.0,0.00032383779455741064
5,3,3,-0.039174048423472184,0.09351207741246878,0.020960815946447314,2,0.0002,0.00017796707841211283
5,3,4,-0.039174048423472184,0.09351207741246878,0.026760439733005088,0,0.0,8.863028530941232e-05
5,3,5,-0.039174048423472184,0.09351207741246878,0.032560063519562865,0,0.0,4.243961897908763e-05
5,3,6,-0.039174048423472184,0.09351207741246878,0.03835968730612063,0,0.0,1.628103532517529e-05
5,3,7,-0.039174048423472184,0.09351207741246878,0.04415931109267841,0,0.0,4.332892074878418e-06
5,3,8,-0.039174048423472184,0.09351207741246878,0.04995893487923618,0,0.0,1.5680220666363353e-06
5,3,9,-0.039174048423472184,0.09351207741246878,0.05575855866579396,0,0.0,7.698322242400121e-07
5,3,10,-0.039174048423472184,0.09351207741246878,0.061558182452351735,0,0.0,5.106989347144126e-07
5,3,11,-0.039174048423472184,0.09351207741246878,0.06735780623890952,0,0.0,6.104766690416805e-07
5,3,12,-0.039174048423472184,0.09351207741246878,0.07315743002546729,0,0.0,3.6289635859755133e-07
5,3,13,-0.039174048423472184,0.09351207741246878,0.07895705381202506,0,0.0,8.11221156859487e-08
5,3,14,-0.039174048423472184,0.09351207741246878,0.08475667759858284,0,0.0,6.830322996774064e-09
5,3,15,-0.039174048423472184,0.09351207741246878,0.09055630138514062,0,0.0,2.448513363247209e-10
5,3,16,-0.039174048423472184,0.09351207741246878,0.09635592517169839,0,0.0,3.666497464493361e-12
5,3,17,-0.039174048423472184,0.09351207741246878,0.10215554895825617,0,0.0,1.1071862975226461e-13
5,3,18,-0.039174048423472184,0.09351207741246878,0.10795517274481395,0,0.0,0.0
5,3,19,-0.039174048423472184,0.09351207741246878,0.11375479653137172,0,0.0,0.0
5,4,0,-0.039174048423472184,0.10259355645246601,0.0035619445867739875,5,0.0005,0.001317360411175774
5,4,1,-0.039174048423472184,0.10259355645246601,0.009361568373331762,10,0.001,0.0014073555000243116
5,4,2,-0.039174048423472184,0.10259355645246601,0.015161192159889538,4,0.0004,0.000941864942054189
5,4,3,-0.039174048423472184,0.10259355645246601,0.020960815946447314,0,0.0,0.0004966045294391713
5,4,4,-0.039174048423472184,0.10259355645246601,0.026760439733005088,2,0.0002,0.000238608768507854
5,4,5,-0.039174048423472184,0.10259355645246601,0.032560063519562865,0,0.0,0.00010677191302349037
5,4,6,-0.039174048423472184,0.10259355645246601,0.03835968730612063,0,0.0,3.928941169806266e-05
5,4,7,-0.039174048423472184,0.10259355645246601,0.04415931109267841,0,0.0,1.2804816025995802e-05
5,4,8,-0.039174048423472184,0.10259355645246601,0.04995893487923618,0,0.0,7.150536405607969e-06
5,4,9,-0.039174048423472184,0.10259355645246601,0.05575855866579396,0,0.0,3.8587378472582305e-06
5,4,10,-0.039174048423472184,0.10259355645246601,0.061558182452351735,0,0.0,2.449419363391947e-06
5,4,11,-0.039174048423472184,0.10259355645246601,0.06735780623890952,0,0.0,2.7992945736396464e-06
5,4,12,-0.039174048423472184,0.10259355645246601,0.07315743002546729,0,0.0,1.651421187148302e-06
5,4,13,-0.039174048423472184,0.10259355645246601,0.07895705381202506,0,0.0,3.7991788321951714e-07
5,4,14,-0.039174048423472184,0.10259355645246601,0.08475667759858284,0,0.0,3.8823903105604914e-08
5,4,15,-0.039174048423472184,0.10259355645246601,0.09055630138514062,0,0.0,2.840562205826674e-09
5,4,16,-0.039174048423472184,0.10259355645246601,0.09635592517169839,0,0.0,1.5715698366209198e-10
5,4,17,-0.039174048423472184,0.10259355645246601,0.10215554895825617,0,0.0,4.706040890434106e-12
5,4,18,-0.039174048423472184,0.10259355645246601,0.10795517274481395,0,0.0,0.0
5,4,19,-0.039174048423472184,0.10259355645246601,0.11375479653137172,0,0.0,0.0
5,5,0,-0.039174048423472184,0.11167503549246324,0.0035619445867739875,40,0.004,0.0031745512620451467
5,5,1,-0.039174048423472184,0.11167503549246324,0.009361568373331762,29,0.0029,0.0029813683300171563
5,5,2,-0.039174048423472184,0.11167503549246324,0.015161192159889538,15,0.0015,0.00176131202188564
5,5,3,-0.039174048423472184,0.11167503549246324,0.020960815946447314,6,0.0006,0.0008929390291668844
5,5,4,-0.039174048423472184,0.11167503549246324,0.026760439733005088,3,0.0003,0.00042599156600999253
5,5,5,-0.039174048423472184,0.11167503549246324,0.032560063519562865,0,0.0,0.00018173519581105566
5,5,6,-0.039174048423472184,0.11167503549246324,0.03835968730612063,0,0.0,6.975645853881846e-05
5,5,7,-0.039174048423472184,0.11167503549246324,0.04415931109267841,0,0.0,3.06076899048328e-05
5,5,8,-0.039174048423472184,0.11167503549246324,0.04995893487923618,1,0.0001,1.9004134201636806e-05
5,5,9,-0.039174048423472184,0.11167503549246324,0.05575855866579396,0,0.0,9.724955120229999e-06
5,5,10,-0.039174048423472184,0.11167503549246324,0.061558182452351735,0,0.0,5.669106090791907e-06
5,5,11,-0.039174048423472184,0.11167503549246324,0.06735780623890952,0,0.0,5.492646523805254e-06
5,5,12,-0.039174048423472184,0.11167503549246324,0.07315743002546729,0,0.0,3.185166992235823e-06
5,5,13,-0.039174048423472184,0.11167503549246324,0.07895705381202506,0,0.0,9.414407349104722e-07
5,5,14,-0.039174048423472184,0.11167503549246324,0.08475667759858284,0,0.0,2.1136859819403255e-07
5,5,15,-0.039174048423472184,0.11167503549246324,0.09055630138514062,0,0.0,3.487213702292056e-08
5,5,16,-0.039174048423472184,0.11167503549246324,0.09635592517169839,0,0.0,2.6626927704664833e-09
5,5,17,-0.039174048423472184,0.11167503549246324,0.10215554895825617,0,0.0,7.909203359884013e-11
5,5,18,-0.039174048423472184,0.11167503549246324,0.10795517274481395,0,0.0,0.0
5,5,19,-0.039174048423472184,0.11167503549246324,0.11375479653137172,0,0.0,0.0
5,6,0,-0.039174048423472184,0.12075651453246046,0.0035619445867739875,124,0.0124,0.005326940780050414
5,6,1,-0.039174048423472184,0.12075651453246046,0.009361568373331762,37,0.0037,0.004426962734345416
5,6,2,-0.039174048423472184,0.12075651453246046,0.015161192159889538,10,0.001,0.0022151927740584193
5,6,3,-0.039174048423472184,0.12075651453246046,0.020960815946447314,13,0.0013,0.0010341592407220486
5,6,4,-0.039174048423472184,0.12075651453246046,0.026760439733005088,4,0.0004,0.0005028074709147893
5,6,5,-0.039174048423472184,0.12075651453246046,0.032560063519562865,1,0.0001,0.0002222780851709353
5,6,6,-0.039174048423472184,0.12075651453246046,0.03835968730612063,1,0.0001,9.81333847023834e-05
5,6,7,-0.039174048423472184,0.12075651453246046,0.04415931109267841,0,0.0,5.664032698468554e-05
5,6,8,-0.039174048423472184,0.12075651453246046,0.04995893487923618,0,0.0,3.5771642232437614e-05
5,6,9,-0.039174048423472184,0.12075651453246046,0.05575855866579396,0,0.0,1.8139997696805258e-05
5,6,10,-0.039174048423472184,0.12075651453246046,0.061558182452351735,0,0.0,1.1127848057371324e-05
5,6,11,-0.039174048423472184,0.12075651453246046,0.06735780623890952,0,0.0,8.915670070507867e-06
5,6,12,-0.039174048423472184,0.12075651453246046,0.07315743002546729,0,0.0,5.990743096997874e-06
5,6,13,-0.039174048423472184,0.12075651453246046,0.07895705381202506,0,0.0,3.438555597115499e-06
5,6,14,-0.039174048423472184,0.12075651453246046,0.08475667759858284,0,0.0,1.3831050382470808e-06
5,6,15,-0.039174048423472184,0.12075651453246046,0.09055630138514062,0,0.0,2.689381995668912e-07
5,6,16,-0.039174048423472184,0.12075651453246046,0.09635592517169839,0,0.0,2.1063871878727287e-08
5,6,17,-0.039174048423472184,0.12075651453246046,0.10215554895825617,0,0.0,8.19749707435682e-10
5,6,18,-0.039174048423472184,0.12075651453246046,0.10795517274481395,0,0.0,8.971623492287451e-10
5,6,19,-0.039174048423472184,0.12075651453246046,0.11375479653137172,0,0.0,1.4791706484447288e-09
5,7,0,-0.039174048423472184,0.12983799357245768,0.0035619445867739875,166,0.0166,0.005951216697636778
5,7,1,-0.039174048423472184,0.12983799357245768,0.009361568373331762,27,0.0027,0.004563291498793646
5,7,2,-0.039174048423472184,0.12983799357245768,0.015161192159889538,6,0.0006,0.001963821235487719
5,7,3,-0.039174048423472184,0.12983799357245768,0.020960815946447314,3,0.0003,0.0008085378594162164
5,7,4,-0.039174048423472184,0.12983799357245768,0.026760439733005088,4,0.0004,0.0004003922352327161
5,7,5,-0.039174048423472184,0.12983799357245768,0.032560063519562865,1,0.0001,0.00019338695913801617
5,7,6,-0.039174048423472184,0.12983799357245768,0.03835968730612063,0,0.0,9.828098915530847e-05
5,7,7,-0.039174048423472184,0.12983799357245768,0.04415931109267841,1,0.0001,6.83801734263274e-05
5,7,8,-0.039174048423472184,0.12983799357245768,0.04995893487923618,1,0.0001,4.77702653870912e-05
5,7,9,-0.039174048423472184,0.12983799357245768,0.05575855866579396,0,0.0,2.7671645413002214e-05
5,7,10,-0.039174048423472184,0.12983799357245768,0.061558182452351735,1,0.0001,2.012263804008248e-05
5,7,11,-0.039174048423472184,0.12983799357245768,0.06735780623890952,0,0.0,1.8896280648318743e-05
5,7,12,-0.039174048423472184,0.12983799357245768,0.07315743002546729,0,0.0,1.6945155815680353e-05
5,7,13,-0.039174048423472184,0.12983799357245768,0.07895705381202506,0,0.0,1.2018774480967188e-05
5,7,14,-0.039174048423472184,0.12983799357245768,0.08475667759858284,0,0.0,5.041937559343898e-06
5,7,15,-0.039174048423472184,0.12983799357245768,0.09055630138514062,0,0.0,9.727014654295591e-07
5,7,16,-0.039174048423472184,0.12983799357245768,0.09635592517169839,0,0.0,7.60920454929784e-08
5,7,17,-0.039174048423472184,0.12983799357245768,0.10215554895825617,0,0.0,8.83876911774377e-09
5,7,18,-0.039174048423472184,0.12983799357245768,0.10795517274481395,0,0.0,2.9709936675032047e-08
5,7,19,-0.039174048423472184,0.12983799357245768,0.11375479653137172,0,0.0,4.8983404547279176e-08
5,8,0,-0.039174048423472184,0.1389194726124549,0.0035619445867739875,36,0.0036,0.004043906167879337
5,8,1,-0.039174048423472184,0.1389194726124549,0.009361568373331762,20,0.002,0.0030308255911387287
5,8,2,-0.039174048423472184,0.1389194726124549,0.015161192159889538,2,0.0002,0.0012335097310465404
5,8,3,-0.039174048423472184,0.1389194726124549,0.020960815946447314,2,0.0002,0.00047196532702322846
5,8,4,-0.039174048423472184,0.1389194726124549,0.026760439733005088,2,0.0002,0.00023821156184123911
5,8,5,-0.039174048423472184,0.1389194726124549,0.032560063519562865,0,0.0,0.00012658882043375982
5,8,6,-0.039174048423472184,0.1389194726124549,0.03835968730612063,0,0.0,6.884710798133985e-05
5,8,7,-0.039174048423472184,0.1389194726124549,0.04415931109267841,0,0.0,5.0380392571341275e-05
5,8,8,-0.039174048423472184,0.1389194726124549,0.04995893487923618,0,0.0,4.220489549962633e-05
5,8,9,-0.039174048423472184,0.1389194726124549,0.05575855866579396,0,0.0,2.9806785230982852e-05
5,8,10,-0.039174048423472184,0.1389194726124549,0.061558182452351735,0,0.0,2.2873626539544607e-05
5,8,11,-0.039174048423472184,0.1389194726124549,0.06735780623890952,1,0.0001,2.4913343967095177e-05
5,8,12,-0.039174048423472184,0.1389194726124549,0.07315743002546729,1,0.0001,2.5600500534814753e-05
5,8,13,-0.039174048423472184,0.1389194726124549,0.07895705381202506,1,0.0001,1.8569418831227737e-05
5,8,14,-0.039174048423472184,0.1389194726124549,0.08475667759858284,0,0.0,7.677683758797113e-06
5,8,15,-0.039174048423472184,0.1389194726124549,0.09055630138514062,0,0.0,1.464814500248097e-06
5,8,16,-0.039174048423472184,0.1389194726124549,0.09635592517169839,0,0.0,1.1979611270184952e-07
5,8,17,-0.039174048423472184,0.1389194726124549,0.10215554895825617,0,0.0,8.405900024550591e-08
5,8,18,-0.039174048423472184,0.1389194726124549,0.10795517274481395,0,0.0,3.619411241164606e-07
5,8,19,-0.039174048423472184,0.1389194726124549,0.11375479653137172,0,0.0,5.967400300719238e-07
5,9,0,-0.039174048423472184,0.14800095165245214,0.0035619445867739875,4,0.0004,0.0016113941256852152
5,9,1,-0.039174048423472184,0.14800095165245214,0.009361568373331762,3,0.0003,0.0012313352684498926
5,9,2,-0.039174048423472184,0.14800095165245214,0.015161192159889538,5,0.0005,0.0005238179013310716
5,9,3,-0.039174048423472184,0.14800095165245214,0.020960815946447314,0,0.0,0.00020815732957366558
5,9,4,-0.039174048423472184,0.14800095165245214,0.026760439733005088,0,0.0,0.00010987354039429832
5,9,5,-0.039174048423472184,0.14800095165245214,0.032560063519562865,0,0.0,6.647101184592564e-05
5,9,6,-0.039174048423472184,0.14800095165245214,0.03835968730612063,0,0.0,3.937905472403077e-05
5,9,7,-0.039174048423472184,0.14800095165245214,0.04415931109267841,0,0.0,2.929924261518127e-05
5,9,8,-0.039174048423472184,0.14800095165245214,0.04995893487923618,1,0.0001,3.0027104781894782e-05
5,9,9,-0.039174048423472184,0.14800095165245214,0.05575855866579396,0,0.0,2.361465729805535e-05
5,9,10,-0.039174048423472184,0.14800095165245214,0.061558182452351735,0,0.0,1.5277792960424922e-05
5,9,11,-0.039174048423472184,0.14800095165245214,0.06735780623890952,0,0.0,1.4730356587585056e-05
5,9,12,-0.039174048423472184,0.14800095165245214,0.07315743002546729,0,0.0,1.5226215196035944e-05
5,9,13,-0.039174048423472184,0.14800095165245214,0.07895705381202506,0,0.0,1.1017552134967688e-05
5,9,14,-0.039174048423472184,0.14800095165245214,0.08475667759858284,0,0.0,4.517530089532003e-06
5,9,15,-0.039174048423472184,0.14800095165245214,0.09055630138514062,0,0.0,8.582844815634682e-07
5,9,16,-0.039174048423472184,0.14800095165245214,0.09635592517169839,0,0.0,9.580832979563441e-08
5,9,17,-0.039174048423472184,0.14800095165245214,0.10215554895825617,0,0.0,3.6386532980544854e-07
5,9,18,-0.039174048423472184,0.14800095165245214,0.10795517274481395,0,0.0,1.6221075800586141e-06
5,9,19,-0.039174048423472184,0.14800095165245214,0.11375479653137172,0,0.0,2.6744032706065484e-06
5,10,0,-0.039174048423472184,0.15708243069244937,0.0035619445867739875,2,0.0002,0.0003836984335751142
5,10,1,-0.039174048423472184,0.15708243069244937,0.009361568373331762,0,0.0,0.0003059030952248766
5,10,2,-0.039174048423472184,0.15708243069244937,0.015161192159889538,0,0.0,0.00014299075355130128
5,10,3,-0.039174048423472184,0.15708243069244937,0.020960815946447314,0,0.0,6.250764602744331e-05
5,10,4,-0.039174048423472184,0.15708243069244937,0.026760439733005088,0,0.0,3.663006744125578e-05
5,10,5,-0.039174048423472184,0.15708243069244937,0.032560063519562865,0,0.0,2.704239418917515e-05
5,10,6,-0.039174048423472184,0.15708243069244937,0.03835968730612063,0,0.0,1.821518166619433e-05
5,10,7,-0.039174048423472184,0.15708243069244937,0.04415931109267841,0,0.0,1.5231025800947113e-05
5,10,8,-0.039174048423472184,0.15708243069244937,0.04995893487923618,1,0.0001,1.7819005568584727e-05
5,10,9,-0.039174048423472184,0.15708243069244937,0.05575855866579396,0,0.0,1.35377045558085e-05
5,10,10,-0.039174048423472184,0.15708243069244937,0.061558182452351735,0,0.0,6.69287359305856e-06
5,10,11,-0.039174048423472184,0.15708243069244937,0.06735780623890952,0,0.0,4.121025732155897e-06
5,10,12,-0.039174048423472184,0.15708243069244937,0.07315743002546729,0,0.0,3.5220003727883077e-06
5,10,13,-0.039174048423472184,0.15708243069244937,0.07895705381202506,0,0.0,2.4553307866611644e-06
5,10,14,-0.039174048423472184,0.15708243069244937,0.08475667759858284,0,0.0,9.984232402354881e-07
5,10,15,-0.039174048423472184,0.15708243069244937,0.09055630138514062,0,0.0,1.9037596305935206e-07
5,10,16,-0.039174048423472184,0.15708243069244937,0.09635592517169839,0,0.0,6.352723273233469e-08
5,10,17,-0.039174048423472184,0.15708243069244937,0.10215554895825617,0,0.0,5.971630783194988e-07
5,10,18,-0.039174048423472184,0.15708243069244937,0.10795517274481395,0,0.0,2.6744032706065484e-06
5,10,19,-0.039174048423472184,0.15708243069244937,0.11375479653137172,0,0.0,4.409345558679007e-06
5,11,0,-0.039174048423472184,0.1661639097324466,0.0035619445867739875,0,0.0,6.435801254025912e-05
5,11,1,-0.039174048423472184,0.1661639097324466,0.009361568373331762,1,0.0001,5.869579894092872e-05
5,11,2,-0.039174048423472184,0.1661639097324466,0.015161192159889538,0,0.0,3.1040157356735085e-05
5,11,3,-0.039174048423472184,0.1661639097324466,0.020960815946447314,0,0.0,1.4846694254259695e-05
5,11,4,-0.039174048423472184,0.1661639097324466,0.026760439733005088,0,0.0,1.1095672974788544e-05
5,11,5,-0.039174048423472184,0.1661639097324466,0.032560063519562865,0,0.0,9.296963642409831e-06
5,11,6,-0.039174048423472184,0.1661639097324466,0.03835968730612063,0,0.0,5.96268686689484e-06
5,11,7,-0.039174048423472184,0.1661639097324466,0.04415931109267841,0,0.0,5.339204967329215e-06
5,11,8,-0.039174048423472184,0.1661639097324466,0.04995893487923618,0,0.0,6.712673731799692e-06
5,11,9,-0.039174048423472184,0.1661639097324466,0.05575855866579396,0,0.0,4.774245951559503e-06
5,11,10,-0.039174048423472184,0.1661639097324466,0.061558182452351735,0,0.0,2.010559011858675e-06
5,11,11,-0.039174048423472184,0.1661639097324466,0.06735780623890952,0,0.0,8.017822933796526e-07
5,11,12,-0.039174048423472184,0.1661639097324466,0.07315743002546729,0,0.0,4.1434529580700353e-07
5,11,13,-0.039174048423472184,0.1661639097324466,0.07895705381202506,0,0.0,2.3619595221323225e-07
5,11,14,-0.039174048423472184,0.1661639097324466,0.08475667759858284,0,0.0,8.832138045086284e-08
5,11,15,-0.039174048423472184,0.1661639097324466,0.09055630138514062,0,0.0,1.6862511751882206e-08
5,11,16,-0.039174048423472184,0.1661639097324466,0.09635592517169839,0,0.0,3.0913667840317046e-08
5,11,17,-0.039174048423472184,0.1661639097324466,0.10215554895825617,0,0.0,3.6197565978547106e-07
5,11,18,-0.039174048423472184,0.1661639097324466,0.10795517274481395,0,0.0,1.6221075800586141e-06
5,11,19,-0.039174048423472184,0.1661639097324466,0.11375479653137172,0,0.0,2.6744032706065484e-06
5,12,0,-0.039174048423472184,0.17524538877244383,0.0035619445867739875,0,0.0,1.493909174962039e-05
5,12,1,-0.039174048423472184,0.17524538877244383,0.009361568373331762,1,0.0001,2.018193167604795e-05
5,12,2,-0.039174048423472184,0.17524538877244383,0.015161192159889538,0,0.0,1.2587094038662658e-05
5,12,3,-0.039174048423472184,0.17524538877244383,0.020960815946447314,0,0.0,6.4756695977774045e-06
5,12,4,-0.039174048423472184,0.17524538877244383,0.026760439733005088,0,0.0,6.13371860775679e-06
5,12,5,-0.039174048423472184,0.17524538877244383,0.032560063519562865,0,0.0,4.275610919233804e-06
5,12,6,-0.039174048423472184,0.17524538877244383,0.03835968730612063,0,0.0,1.7204056665556715e-06
5,12,7,-0.039174048423472184,0.17524538877244383,0.04415931109267841,0,0.0,1.0610114842195245e-06
5,12,8,-0.039174048423472184,0.17524538877244383,0.04995893487923618,0,0.0,1.272419670954911e-06
5,12,9,-0.039174048423472184,0.17524538877244383,0.05575855866579396,0,0.0,8.584148979953101e-07
5,12,10,-0.039174048423472184,0.17524538877244383,0.061558182452351735,0,0.0,3.4792509901590794e-07
5,12,11,-0.039174048423472184,0.17524538877244383,0.06735780623890952,0,0.0,1.5976990075552415e-07
5,12,12,-0.039174048423472184,0.17524538877244383,0.07315743002546729,0,0.0,1.0831597059941828e-07
5,12,13,-0.039174048423472184,0.17524538877244383,0.07895705381202506,0,0.0,5.651986259177527e-08
5,12,14,-0.039174048423472184,0.17524538877244383,0.08475667759858284,0,0.0,1.34316218482203e-08
5,12,15,-0.039174048423472184,0.17524538877244383,0.09055630138514062,0,0.0,1.5618674121452536e-09
5,12,16,-0.039174048423472184,0.17524538877244383,0.09635592517169839,0,0.0,6.692023235109905e-09
5,12,17,-0.039174048423472184,0.17524538877244383,0.10215554895825617,0,0.0,8.076102053183451e-08
5,12,18,-0.039174048423472184,0.17524538877244383,0.10795517274481395,0,0.0,3.619411241164606e-07
5,12,19,-0.039174048423472184,0.17524538877244383,0.11375479653137172,0,0.0,5.967400300719238e-07
5,13,0,-0.039174048423472184,0.18432686781244106,0.0035619445867739875,0,0.0,5.324943097053457e-06
5,13,1,-0.039174048423472184,0.18432686781244106,0.009361568373331762,0,0.0,9.028527721143582e-06
5,13,2,-0.039174048423472184,0.18432686781244106,0.015161192159889538,0,0.0,6.611749634063028e-06
5,13,3,-0.039174048423472184,0.18432686781244106,0.020960815946447314,0,0.0,3.6585351419648325e-06
5,13,4,-0.039174048423472184,0.18432686781244106,0.026760439733005088,0,0.0,3.1852414032275698e-06
5,13,5,-0.039174048423472184,0.18432686781244106,0.032560063519562865,0,0.0,1.8819219932167538e-06
5,13,6,-0.039174048423472184,0.18432686781244106,0.03835968730612063,0,0.0,5.079256449887366e-07
5,13,7,-0.039174048423472184,0.18432686781244106,0.04415931109267841,0,0.0,1.281510226438018e-07
5,13,8,-0.039174048423472184,0.18432686781244106,0.04995893487923618,0,0.0,1.0948173672968696e-07
5,13,9,-0.039174048423472184,0.18432686781244106,0.05575855866579396,0,0.0,6.98062804611655e-08
5,13,10,-0.039174048423472184,0.18432686781244106,0.061558182452351735,0,0.0,3.2471936230046195e-08
5,13,11,-0.039174048423472184,0.18432686781244106,0.06735780623890952,0,0.0,3.783085254146472e-08
5,13,12,-0.039174048423472184,0.18432686781244106,0.07315743002546729,0,0.0,5.0532807799828266e-08
5,13,13,-0.039174048423472184,0.18432686781244106,0.07895705381202506,0,0.0,2.9833170723646076e-08
5,13,14,-0.039174048423472184,0.18432686781244106,0.08475667759858284,0,0.0,6.632969232732426e-09
5,13,15,-0.039174048423472184,0.18432686781244106,0.09055630138514062,0,0.0,5.605976614986598e-10
5,13,16,-0.039174048423472184,0.18432686781244106,0.09635592517169839,0,0.0,5.605888476041334e-10
5,13,17,-0.039174048423472184,0.18432686781244106,0.10215554895825617,0,0.0,6.6291829282996096e-09
5,13,18,-0.039174048423472184,0.18432686781244106,0.10795517274481395,0,0.0,2.9709936675032047e-08
5,13,19,-0.039174048423472184,0.18432686781244106,0.11375479653137172,0,0.0,4.8983404547279176e-08
5,14,0,-0.039174048423472184,0.19340834685243827,0.0035619445867739875,0,0.0,1.7381671580513258e-06
5,14,1,-0.039174048423472184,0.19340834685243827,0.009361568373331762,0,0.0,4.9251456212933545e-06
5,14,2,-0.039174048423472184,0.19340834685243827,0.015161192159889538,0,0.0,6.536882243040049e-06
5,14,3,-0.039174048423472184,0.19340834685243827,0.020960815946447314,0,0.0,4.254970706154222e-06
5,14,4,-0.039174048423472184,0.19340834685243827,0.026760439733005088,0,0.0,2.030954727876751e-06
5,14,5,-0.039174048423472184,0.19340834685243827,0.032560063519562865,0,0.0,8.469546483563895e-07
5,14,6,-0.039174048423472184,0.19340834685243827,0.03835968730612063,0,0.0,1.829394122565333e-07
5,14,7,-0.039174048423472184,0.19340834685243827,0.04415931109267841,0,0.0,1.8830923275487742e-08
5,14,8,-0.039174048423472184,0.19340834685243827,0.04995893487923618,0,0.0,4.5742532118046984e-09
5,14,9,-0.039174048423472184,0.19340834685243827,0.05575855866579396,0,0.0,2.5452034369259308e-09
5,14,10,-0.039174048423472184,0.19340834685243827,0.061558182452351735,0,0.0,2.3074999516743547e-09
5,14,11,-0.039174048423472184,0.19340834685243827,0.06735780623890952,0,0.0,6.87436972243597e-09
5,14,12,-0.039174048423472184,0.19340834685243827,0.07315743002546729,0,0.0,1.0976072072290844e-08
5,14,13,-0.039174048423472184,0.19340834685243827,0.07895705381202506,0,0.0,6.632867602441245e-09
5,14,14,-0.039174048423472184,0.19340834685243827,0.08475667759858284,0,0.0,1.4792813670744816e-09
5,14,15,-0.039174048423472184,0.19340834685243827,0.09055630138514062,0,0.0,1.219139271149406e-10
5,14,16,-0.039174048423472184,0.19340834685243827,0.09635592517169839,0,0.0,2.009859907753548e-11
5,14,17,-0.039174048423472184,0.19340834685243827,0.10215554895825617,0,0.0,2.0018397866255144e-10
5,14,18,-0.039174048423472184,0.19340834685243827,0.10795517274481395,0,0.0,8.971623492287451e-10
5,14,19,-0.039174048423472184,0.19340834685243827,0.11375479653137172,0,0.0,1.4791706484447288e-09
5,15,0,-0.039174048423472184,0.2024898258924355,0.0035619445867739875,0,0.0,1.2748998805465839e-06
5,15,1,-0.039174048423472184,0.2024898258924355,0.009361568373331762,0,0.0,5.522217323428177e-06
5,15,2,-0.039174048423472184,0.2024898258924355,0.015161192159889538,0,0.0,9.400792151724048e-06
5,15,3,-0.039174048423472184,0.2024898258924355,0.020960815946447314,0,0.0,7.6156728804768114e-06
5,15,4,-0.039174048423472184,0.2024898258924355,0.026760439733005088,0,0.0,4.9028104208220954e-06
5,15,5,-0.039174048423472184,0.2024898258924355,0.032560063519562865,0,0.0,2.3474776120289373e-06
5,15,6,-0.039174048423472184,0.2024898258924355,0.03835968730612063,0,0.0,5.060006513100112e-07
5,15,7,-0.039174048423472184,0.2024898258924355,0.04415931109267841,0,0.0,4.279601835703408e-08
5,15,8,-0.039174048423472184,0.2024898258924355,0.04995893487923618,0,0.0,2.19245860665079e-09
5,15,9,-0.039174048423472184,0.2024898258924355,0.05575855866579396,0,0.0,2.312886945978511e-10
5,15,10,-0.039174048423472184,0.2024898258924355,0.061558182452351735,0,0.0,1.4231349063180353e-10
5,15,11,-0.039174048423472184,0.2024898258924355,0.06735780623890952,0,0.0,5.450734494275409e-10
5,15,12,-0.039174048423472184,0.2024898258924355,0.07315743002546729,0,0.0,8.971805259058868e-10
5,15,13,-0.039174048423472184,0.2024898258924355,0.07895705381202506,0,0.0,5.441567459910913e-10
5,15,14,-0.039174048423472184,0.2024898258924355,0.08475667759858284,0,0.0,1.2141772064209707e-10
5,15,15,-0.039174048423472184,0.2024898258924355,0.09055630138514062,0,0.0,9.966573431823465e-12
5,15,16,-0.039174048423472184,0.2024898258924355,0.09635592517169839,0,0.0,3.009644393274659e-13
5,15,17,-0.039174048423472184,0.2024898258924355,0.10215554895825617,0,0.0,0.0
5,15,18,-0.039174048423472184,0.2024898258924355,0.10795517274481395,0,0.0,0.0
5,15,19,-0.039174048423472184,0.2024898258924355,0.11375479653137172,0,0.0,0.0
5,16,0,-0.039174048423472184,0.21157130493243273,0.0035619445867739875,0,0.0,7.292174187339569e-07
5,16,1,-0.039174048423472184,0.21157130493243273,0.009361568373331762,0,0.0,3.3461199785703952e-06
5,16,2,-0.039174048423472184,0.21157130493243273,0.015161192159889538,0,0.0,6.544984536053923e-06
5,16,3,-0.039174048423472184,0.21157130493243273,0.020960815946447314,0,0.0,8.595944697991948e-06
5,16,4,-0.039174048423472184,0.21157130493243273,0.026760439733005088,0,0.0,9.551269399696292e-06
5,16,5,-0.039174048423472184,0.21157130493243273,0.032560063519562865,0,0.0,5.426683749054578e-06
5,16,6,-0.039174048423472184,0.21157130493243273,0.03835968730612063,0,0.0,1.231813688424299e-06
5,16,7,-0.039174048423472184,0.21157130493243273,0.04415931109267841,0,0.0,1.484458163918953e-07
5,16,8,-0.039174048423472184,0.21157130493243273,0.04995893487923618,0,0.0,3.279020098737502e-08
5,16,9,-0.039174048423472184,0.21157130493243273,0.05575855866579396,0,0.0,6.63315039020343e-09
5,16,10,-0.039174048423472184,0.21157130493243273,0.061558182452351735,0,0.0,5.478229690115401e-10
5,16,11,-0.039174048423472184,0.21157130493243273,0.06735780623890952,0,0.0,3.286420322608424e-11
5,16,12,-0.039174048423472184,0.21157130493243273,0.07315743002546729,0,0.0,2.709195545172843e-11
5,16,13,-0.039174048423472184,0.21157130493243273,0.07895705381202506,0,0.0,1.643210161304212e-11
5,16,14,-0.039174048423472184,0.21157130493243273,0.08475667759858284,0,0.0,3.666497464493361e-12
5,16,15,-0.039174048423472184,0.21157130493243273,0.09055630138514062,0,0.0,3.0096443932746593e-13
5,16,16,-0.039174048423472184,0.21157130493243273,0.09635592517169839,0,0.0,9.0883385708546e-15
5,16,17,-0.039174048423472184,0.21157130493243273,0.10215554895825617,0,0.0,0.0
5,16,18,-0.039174048423472184,0.21157130493243273,0.10795517274481395,0,0.0,0.0
5,16,19,-0.039174048423472184,0.21157130493243273,0.11375479653137172,0,0.0,0.0
5,17,0,-0.039174048423472184,0.22065278397242996,0.0035619445867739875,0,0.0,1.64855864437132e-07
5,17,1,-0.039174048423472184,0.22065278397242996,0.009361568373331762,0,0.0,8.343968329795799e-07
5,17,2,-0.039174048423472184,0.22065278397242996,0.015161192159889538,0,0.0,2.5407583355665677e-06
5,17,3,-0.039174048423472184,0.22065278397242996,0.020960815946447314,0,0.0,6.773555558440733e-06
5,17,4,-0.039174048423472184,0.22065278397242996,0.026760439733005088,1,0.0001,1.0193094208961294e-05
5,17,5,-0.039174048423472184,0.22065278397242996,0.032560063519562865,0,0.0,6.258622184059557e-06
5,17,6,-0.039174048423472184,0.22065278397242996,0.03835968730612063,0,0.0,1.7889005778364696e-06
5,17,7,-0.039174048423472184,0.22065278397242996,0.04415931109267841,0,0.0,7.252299352268921e-07
5,17,8,-0.039174048423472184,0.22065278397242996,0.04995893487923618,0,0.0,3.667561972252202e-07
5,17,9,-0.039174048423472184,0.22065278397242996,0.05575855866579396,0,0.0,8.08046480716267e-08
5,17,10,-0.039174048423472184,0.22065278397242996,0.061558182452351735,0,0.0,6.62918292829961e-09
5,17,11,-0.039174048423472184,0.22065278397242996,0.06735780623890952,0,0.0,2.0018397866255147e-10
5,17,12,-0.039174048423472184,0.22065278397242996,0.07315743002546729,0,0.0,0.0
5,17,13,-0.039174048423472184,0.22065278397242996,0.07895705381202506,0,0.0,0.0
5,17,14,-0.039174048423472184,0.22065278397242996,0.08475667759858284,0,0.0,0.0
5,17,15,-0.039174048423472184,0.22065278397242996,0.09055630138514062,0,0.0,0.0
5,17,16,-0.039174048423472184,0.22065278397242996,0.09635592517169839,0,0.0,0.0
5,17,17,-0.039174048423472184,0.22065278397242996,0.10215554895825617,0,0.0,0.0
5,17,18,-0.039174048423472184,0.22065278397242996,0.10795517274481395,0,0.0,0.0
5,17,19,-0.039174048423472184,0.22065278397242996,0.11375479653137172,0,0.0,0.0
5,18,0,-0.039174048423472184,0.22973426301242716,0.0035619445867739875,0,0.0,1.4937720483706497e-08
5,18,1,-0.039174048423472184,0.22973426301242716,0.009361568373331762,0,0.0,1.1523264480430543e-07
5,18,2,-0.039174048423472184,0.22973426301242716,0.015161192159889538,0,0.0,7.820960030831902e-07
5,18,3,-0.039174048423472184,0.22973426301242716,0.020960815946447314,0,0.0,3.1774214114107095e-06
5,18,4,-0.039174048423472184,0.22973426301242716,0.026760439733005088,0,0.0,5.410995015399023e-06
5,18,5,-0.039174048423472184,0.22973426301242716,0.032560063519562865,0,0.0,3.996113861854487e-06
5,18,6,-0.039174048423472184,0.22973426301242716,0.03835968730612063,0,0.0,2.6615815794386333e-06
5,18,7,-0.039174048423472184,0.22973426301242716,0.04415931109267841,0,0.0,2.810775839070536e-06
5,18,8,-0.039174048423472184,0.22973426301242716,0.04995893487923618,0,0.0,1.630416117614021e-06
5,18,9,-0.039174048423472184,0.22973426301242716,0.05575855866579396,0,0.0,3.6214130809512314e-07
5,18,10,-0.039174048423472184,0.22973426301242716,0.061558182452351735,0,0.0,2.9709936675032047e-08
5,18,11,-0.039174048423472184,0.22973426301242716,0.06735780623890952,0,0.0,8.971623492287451e-10
5,18,12,-0.039174048423472184,0.22973426301242716,0.07315743002546729,0,0.0,0.0
5,18,13,-0.039174048423472184,0.22973426301242716,0.07895705381202506,0,0.0,0.0
5,18,14,-0.039174048423472184,0.22973426301242716,0.08475667759858284,0,0.0,0.0
5,18,15,-0.039174048423472184,0.22973426301242716,0.09055630138514062,0,0.0,0.0
5,18,16,-0.039174048423472184,0.22973426301242716,0.09635592517169839,0,0.0,0.0
5,18,17,-0.039174048423472184,0.22973426301242716,0.10215554895825617,0,0.0,0.0
5,18,18,-0.039174048423472184,0.22973426301242716,0.10795517274481395,0,0.0,0.0
5,18,19,-0.039174048423472184,0.22973426301242716,0.11375479653137172,0,0.0,0.0
5,19,0,-0.039174048423472184,0.2388157420524244,0.0035619445867739875,0,0.0,7.468476426124742e-10
5,19,1,-0.039174048423472184,0.2388157420524244,0.009361568373331762,0,0.0,1.3598203654928597e-08
5,19,2,-0.039174048423472184,0.2388157420524244,0.015161192159889538,0,0.0,1.5366789760336597e-07
5,19,3,-0.039174048423472184,0.2388157420524244,0.020960815946447314,0,0.0,7.628741605707851e-07
5,19,4,-0.039174048423472184,0.2388157420524244,0.026760439733005088,0,0.0,1.6789651877816219e-06
5,19,5,-0.039174048423472184,0.2388157420524244,0.032560063519562865,0,0.0,2.20708084167992e-06
5,19,6,-0.039174048423472184,0.2388157420524244,0.03835968730612063,0,0.0,3.4109241744966443e-06
5,19,7,-0.039174048423472184,0.2388157420524244,0.04415931109267841,0,0.0,4.5539700885287305e-06
5,19,8,-0.039174048423472184,0.2388157420524244,0.04995893487923618,0,0.0,2.685679425193085e-06
5,19,9,-0.039174048423472184,0.2388157420524244,0.05575855866579396,0,0.0,5.97070077655598e-07
5,19,10,-0.039174048423472184,0.2388157420524244,0.061558182452351735,0,0.0,4.8983404547279176e-08
5,19,11,-0.039174048423472184,0.2388157420524244,0.06735780623890952,0,0.0,1.4791706484447288e-09
5,19,12,-0.039174048423472184,0.2388157420524244,0.07315743002546729,0,0.0,0.0
5,19,13,-0.039174048423472184,0.2388157420524244,0.07895705381202506,0,0.0,0.0
5,19,14,-0.039174048423472184,0.2388157420524244,0.08475667759858284,0,0.0,0.0
5,19,15,-0.039174048423472184,0.2388157420524244,0.09055630138514062,0,0.0,0.0
5,19,16,-0.039174048423472184,0.2388157420524244,0.09635592517169839,0,0.0,0.0
5,19,17,-0.039174048423472184,0.2388157420524244,0.10215554895825617,0,0.0,0.0
5,19,18,-0.039174048423472184,0.2388157420524244,0.10795517274481395,0,0.0,0.0
5,19,19,-0.039174048423472184,0.2388157420524244,0.11375479653137172,0,0.0,0.0
6,0,0,-0.020333106203155878,0.06626764029247711,0.0035619445867739875,0,0.0,1.090619872407179e-06
6,0,1,-0.020333106203155878,0.06626764029247711,0.009361568373331762,0,0.0,2.1306092498287993e-06
6,0,2,-0.020333106203155878,0.06626764029247711,0.015161192159889538,0,0.0,2.282980560732394e-06
6,0,3,-0.020333106203155878,0.06626764029247711,0.020960815946447314,0,0.0,1.5058831224958815e-06
6,0,4,-0.020333106203155878,0.06626764029247711,0.026760439733005088,0,0.0,7.569106795018055e-07
6,0,5,-0.020333106203155878,0.06626764029247711,0.032560063519562865,0,0.0,3.607987458519994e-07
6,0,6,-0.020333106203155878,0.06626764029247711,0.03835968730612063,0,0.0,1.5699246021503232e-07
6,0,7,-0.020333106203155878,0.06626764029247711,0.04415931109267841,0,0.0,4.937742713180444e-08
6,0,8,-0.020333106203155878,0.06626764029247711,0.04995893487923618,0,0.0,8.649497869580383e-09
6,0,9,-0.020333106203155878,0.06626764029247711,0.05575855866579396,0,0.0,7.412596042192678e-10
6,0,10,-0.020333106203155878,0.06626764029247711,0.061558182452351735,0,0.0,4.3441918722583614e-11
6,0,11,-0.020333106203155878,0.06626764029247711,0.06735780623890952,0,0.0,3.995824695711374e-12
6,0,12,-0.020333106203155878,0.06626764029247711,0.07315743002546729,0,0.0,3.0178777146095374e-13
6,0,13,-0.020333106203155878,0.06626764029247711,0.07895705381202506,0,0.0,9.0883385708546e-15
6,0,14,-0.020333106203155878,0.06626764029247711,0.08475667759858284,0,0.0,0.0
6,0,15,-0.020333106203155878,0.06626764029247711,0.09055630138514062,0,0.0,0.0
6,0,16,-0.020333106203155878,0.06626764029247711,0.09635592517169839,0,0.0,0.0
6,0,17,-0.020333106203155878,0.06626764029247711,0.10215554895825617,0,0.0,0.0
6,0,18,-0.020333106203155878,0.06626764029247711,0.10795517274481395,0,0.0,0.0
6,0,19,-0.020333106203155878,0.06626764029247711,0.11375479653137172,0,0.0,0.0
6,1,0,-0.020333106203155878,0.07534911933247435,0.0035619445867739875,0,0.0,1.5538055684082775e-05
6,1,1,-0.020333106203155878,0.07534911933247435,0.009361568373331762,0,0.0,2.530791213108758e-05
6,1,2,-0.020333106203155878,0.07534911933247435,0.015161192159889538,0,0.0,2.2824100322757667e-05
6,1,3,-0.020333106203155878,0.07534911933247435,0.020960815946447314,0,0.0,1.3891517874735479e-05
6,1,4,-0.020333106203155878,0.07534911933247435,0.026760439733005088,0,0.0,7.363297050234902e-06
6,1,5,-0.020333106203155878,0.07534911933247435,0.032560063519562865,0,0.0,4.058499540867706e-06
6,1,6,-0.020333106203155878,0.07534911933247435,0.03835968730612063,0,0.0,1.999932249565383e-06
6,1,7,-0.020333106203155878,0.07534911933247435,0.04415931109267841,0,0.0,6.443429434538751e-07
6,1,8,-0.020333106203155878,0.07534911933247435,0.04995893487923618,0,0.0,1.1300217468455145e-07
6,1,9,-0.020333106203155878,0.07534911933247435,0.05575855866579396,0,0.0,1.148923041417452e-08
6,1,10,-0.020333106203155878,0.07534911933247435,0.061558182452351735,0,0.0,2.63056815229304e-09
6,1,11,-0.020333106203155878,0.07534911933247435,0.06735780623890952,0,0.0,2.5863601732274824e-09
6,1,12,-0.020333106203155878,0.07534911933247435,0.07315743002546729,0,0.0,1.4899019539660219e-09
6,1,13,-0.020333106203155878,0.07534911933247435,0.07895705381202506,0,0.0,3.30357910896272e-10
6,1,14,-0.020333106203155878,0.07534911933247435,0.08475667759858284,0,0.0,2.7092229895772924e-11
6,1,15,-0.020333106203155878,0.07534911933247435,0.09055630138514062,0,0.0,8.181061664362154e-13
6,1,16,-0.020333106203155878,0.07534911933247435,0.09635592517169839,0,0.0,0.0
6,1,17,-0.020333106203155878,0.07534911933247435,0.10215554895825617,0,0.0,0.0
6,1,18,-0.020333106203155878,0.07534911933247435,0.10795517274481395,0,0.0,0.0
6,1,19,-0.020333106203155878,0.07534911933247435,0.11375479653137172,0,0.0,0.0
6,2,0,-0.020333106203155878,0.08443059837247156,0.0035619445867739875,0,0.0,0.00012632404180420062
6,2,1,-0.020333106203155878,0.08443059837247156,0.009361568373331762,0,0.0,0.00017950687081968005
6,2,2,-0.020333106203155878,0.08443059837247156,0.015161192159889538,0,0.0,0.00014492853133253597
6,2,3,-0.020333106203155878,0.08443059837247156,0.020960815946447314,0,0.0,8.306123904227305e-05
6,2,4,-0.020333106203155878,0.08443059837247156,0.026760439733005088,0,0.0,4.4252359106107354e-05
6,2,5,-0.020333106203155878,0.08443059837247156,0.032560063519562865,0,0.0,2.511734276203449e-05
6,2,6,-0.020333106203155878,0.08443059837247156,0.03835968730612063,0,0.0,1.216372969247962e-05
6,2,7,-0.020333106203155878,0.08443059837247156,0.04415931109267841,0,0.0,3.675345915877653e-06
6,2,8,-0.020333106203155878,0.08443059837247156,0.04995893487923618,0,0.0,6.673212278183188e-07
6,2,9,-0.020333106203155878,0.08443059837247156,0.05575855866579396,0,0.0,1.1232482374379839e-07
6,2,10,-0.020333106203155878,0.08443059837247156,0.061558182452351735,0,0.0,6.672151608435887e-08
6,2,11,-0.020333106203155878,0.08443059837247156,0.06735780623890952,0,0.0,8.304544675603216e-08
6,2,12,-0.020333106203155878,0.08443059837247156,0.07315743002546729,0,0.0,4.913687602490635e-08
6,2,13,-0.020333106203155878,0.08443059837247156,0.07895705381202506,0,0.0,1.0935414898330943e-08
6,2,14,-0.020333106203155878,0.08443059837247156,0.08475667759858284,0,0.0,8.977973626791871e-10
6,2,15,-0.020333106203155878,0.08443059837247156,0.09055630138514062,0,0.0,2.7212036864096043e-11
6,2,16,-0.020333106203155878,0.08443059837247156,0.09635592517169839,0,0.0,9.362782615350545e-15
6,2,17,-0.020333106203155878,0.08443059837247156,0.10215554895825617,0,0.0,2.7444404449594257e-16
6,2,18,-0.020333106203155878,0.08443059837247156,0.10795517274481395,0,0.0,0.0
6,2,19,-0.020333106203155878,0.08443059837247156,0.11375479653137172,0,0.0,0.0
6,3,0,-0.020333106203155878,0.09351207741246878,0.0035619445867739875,0,0.0,0.0006120547030373861
6,3,1,-0.020333106203155878,0.09351207741246878,0.009361568373331762,4,0.0004,0.0007836687959130703
6,3,2,-0.020333106203155878,0.09351207741246878,0.015161192159889538,0,0.0,0.0005964752771230416
6,3,3,-0.020333106203155878,0.09351207741246878,0.020960815946447314,0,0.0,0.00033233500765997347
6,3,4,-0.020333106203155878,0.09351207741246878,0.026760439733005088,0,0.0,0.00017091886574825978
6,3,5,-0.020333106203155878,0.09351207741246878,0.032560063519562865,0,0.0,9.083813527304488e-05
6,3,6,-0.020333106203155878,0.09351207741246878,0.03835968730612063,0,0.0,4.005429987161541e-05
6,3,7,-0.020333106203155878,0.09351207741246878,0.04415931109267841,0,0.0,1.140162797681927e-05
6,3,8,-0.020333106203155878,0.09351207741246878,0.04995893487923618,0,0.0,2.74784406151851e-06
6,3,9,-0.020333106203155878,0.09351207741246878,0.05575855866579396,0,0.0,9.14275347879637e-07
6,3,10,-0.020333106203155878,0.09351207741246878,0.061558182452351735,0,0.0,7.618467779617557e-07
6,3,11,-0.020333106203155878,0.09351207741246878,0.06735780623890952,0,0.0,1.0038440309041093e-06
6,3,12,-0.020333106203155878,0.09351207741246878,0.07315743002546729,0,0.0,5.992047328958283e-07
6,3,13,-0.020333106203155878,0.09351207741246878,0.07895705381202506,0,0.0,1.3475242456050236e-07
6,3,14,-0.020333106203155878,0.09351207741246878,0.08475667759858284,0,0.0,1.1851121451693184e-08
6,3,15,-0.020333106203155878,0.09351207741246878,0.09055630138514062,0,0.0,5.349532957713775e-10
6,3,16,-0.020333106203155878,0.09351207741246878,0.09635592517169839,0,0.0,1.6871598585923403e-11
6,3,17,-0.020333106203155878,0.09351207741246878,0.10215554895825617,0,0.0,5.149320380742322e-13
6,3,18,-0.020333106203155878,0.09351207741246878,0.10795517274481395,0,0.0,2.7444404449594257e-16
6,3,19,-0.020333106203155878,0.09351207741246878,0.11375479653137172,0,0.0,0.0
6,4,0,-0.020333106203155878,0.10259355645246601,0.0035619445867739875,16,0.0016,0.0018288564358772098
6,4,1,-0.020333106203155878,0.10259355645246601,0.009361568373331762,20,0.002,0.0021395379322510445
6,4,2,-0.020333106203155878,0.10259355645246601,0.015161192159889538,9,0.0009,0.0015545370331273294
6,4,3,-0.020333106203155878,0.10259355645246601,0.020960815946447314,6,0.0006,0.000856858919108039
6,4,4,-0.020333106203155878,0.10259355645246601,0.026760439733005088,2,0.0002,0.00042516756057797266
6,4,5,-0.020333106203155878,0.10259355645246601,0.032560063519562865,4,0.0004,0.0002059828461563214
6,4,6,-0.020333106203155878,0.10259355645246601,0.03835968730612063,0,0.0,8.398153960338016e-05
6,4,7,-0.020333106203155878,0.10259355645246601,0.04415931109267841,0,0.0,2.675125153340856e-05
6,4,8,-0.020333106203155878,0.10259355645246601,0.04995893487923618,0,0.0,1.0446227342331251e-05
6,4,9,-0.020333106203155878,0.10259355645246601,0.05575855866579396,0,0.0,4.612730909251931e-06
6,4,10,-0.020333106203155878,0.10259355645246601,0.061558182452351735,0,0.0,3.6089948503865353e-06
6,4,11,-0.020333106203155878,0.10259355645246601,0.06735780623890952,0,0.0,4.574391098836243e-06
6,4,12,-0.020333106203155878,0.10259355645246601,0.07315743002546729,0,0.0,2.7343716936213547e-06
6,4,13,-0.020333106203155878,0.10259355645246601,0.07895705381202506,0,0.0,6.552863170990415e-07
6,4,14,-0.020333106203155878,0.10259355645246601,0.08475667759858284,0,0.0,8.232592386356414e-08
6,4,15,-0.020333106203155878,0.10259355645246601,0.09055630138514062,0,0.0,8.826865259946995e-09
6,4,16,-0.020333106203155878,0.10259355645246601,0.09635592517169839,0,0.0,6.028309081399885e-10
6,4,17,-0.020333106203155878,0.10259355645246601,0.10215554895825617,0,0.0,1.835058077779415e-11
6,4,18,-0.020333106203155878,0.10259355645246601,0.10795517274481395,0,0.0,9.0883385708546e-15
6,4,19,-0.020333106203155878,0.10259355645246601,0.11375479653137172,0,0.0,0.0
6,5,0,-0.020333106203155878,0.11167503549246324,0.0035619445867739875,72,0.0072,0.0034999438538679192
6,5,1,-0.020333106203155878,0.11167503549246324,0.009361568373331762,54,0.0054,0.0037443859286329204
6,5,2,-0.020333106203155878,0.11167503549246324,0.015161192159889538,26,0.0026,0.002569684027058116
6,5,3,-0.020333106203155878,0.11167503549246324,0.020960815946447314,13,0.0013,0.0014115942752127146
6,5,4,-0.020333106203155878,0.11167503549246324,0.026760439733005088,2,0.0002,0.0006944674507969202
6,5,5,-0.020333106203155878,0.11167503549246324,0.032560063519562865,4,0.0004,0.0003190261412814175
6,5,6,-0.020333106203155878,0.11167503549246324,0.03835968730612063,0,0.0,0.0001322308616509659
6,5,7,-0.020333106203155878,0.11167503549246324,0.04415931109267841,0,0.0,5.620940940659314e-05
6,5,8,-0.020333106203155878,0.11167503549246324,0.04995893487923618,0,0.0,2.9733208676977765e-05
6,5,9,-0.020333106203155878,0.11167503549246324,0.05575855866579396,0,0.0,1.3632989607410021e-05
6,5,10,-0.020333106203155878,0.11167503549246324,0.061558182452351735,0,0.0,8.427294191813916e-06
6,5,11,-0.020333106203155878,0.11167503549246324,0.06735780623890952,1,0.0001,8.704785319677242e-06
6,5,12,-0.020333106203155878,0.11167503549246324,0.07315743002546729,0,0.0,5.283315667564927e-06
6,5,13,-0.020333106203155878,0.11167503549246324,0.07895705381202506,0,0.0,1.845048464300146e-06
6,5,14,-0.020333106203155878,0.11167503549246324,0.08475667759858284,0,0.0,5.533648281024822e-07
6,5,15,-0.020333106203155878,0.11167503549246324,0.09055630138514062,0,0.0,1.0508915436954388e-07
6,5,16,-0.020333106203155878,0.11167503549246324,0.09635592517169839,0,0.0,8.374335311836593e-09
6,5,17,-0.020333106203155878,0.11167503549246324,0.10215554895825617,0,0.0,2.5386442469851924e-10
6,5,18,-0.020333106203155878,0.11167503549246324,0.10795517274481395,0,0.0,1.1071862975226461e-13
6,5,19,-0.020333106203155878,0.11167503549246324,0.11375479653137172,0,0.0,0.0
6,6,0,-0.020333106203155878,0.12075651453246046,0.0035619445867739875,95,0.0095,0.004467143206089584
6,6,1,-0.020333106203155878,0.12075651453246046,0.009361568373331762,58,0.0058,0.00436899946565093
6,6,2,-0.020333106203155878,0.12075651453246046,0.015161192159889538,26,0.0026,0.002771727042301054
6,6,3,-0.020333106203155878,0.12075651453246046,0.020960815946447314,18,0.0018,0.001508037415365031
6,6,4,-0.020333106203155878,0.12075651453246046,0.026760439733005088,4,0.0004,0.0007630320108860169
6,6,5,-0.020333106203155878,0.12075651453246046,0.032560063519562865,4,0.0004,0.000360829738748105
6,6,6,-0.020333106203155878,0.12075651453246046,0.03835968730612063,0,0.0,0.00017069080698315587
6,6,7,-0.020333106203155878,0.12075651453246046,0.04415931109267841,1,0.0001,9.766670421814704e-05
6,6,8,-0.020333106203155878,0.12075651453246046,0.04995893487923618,1,0.0001,5.898290845916588e-05
6,6,9,-0.020333106203155878,0.12075651453246046,0.05575855866579396,0,0.0,2.8483066660222886e-05
6,6,10,-0.020333106203155878,0.12075651453246046,0.061558182452351735,0,0.0,1.5995740882322877e-05
6,6,11,-0.020333106203155878,0.12075651453246046,0.06735780623890952,0,0.0,1.2196389567062053e-05
6,6,12,-0.020333106203155878,0.12075651453246046,0.07315743002546729,0,0.0,8.866190075234248e-06
6,6,13,-0.020333106203155878,0.12075651453246046,0.07895705381202506,0,0.0,6.322622226869296e-06
6,6,14,-0.020333106203155878,0.12075651453246046,0.08475667759858284,0,0.0,2.9966953450022218e-06
6,6,15,-0.020333106203155878,0.12075651453246046,0.09055630138514062,0,0.0,6.255053922647738e-07
6,6,16,-0.020333106203155878,0.12075651453246046,0.09635592517169839,0,0.0,5.041706059861129e-08
6,6,17,-0.020333106203155878,0.12075651453246046,0.10215554895825617,0,0.0,1.8460044896158941e-09
6,6,18,-0.020333106203155878,0.12075651453246046,0.10795517274481395,0,0.0,1.4796668549175726e-09
6,6,19,-0.020333106203155878,0.12075651453246046,0.11375479653137172,0,0.0,2.438740111086126e-09
6,7,0,-0.020333106203155878,0.12983799357245768,0.0035619445867739875,65,0.0065,0.0038112826133330498
6,7,1,-0.020333106203155878,0.12983799357245768,0.009361568373331762,32,0.0032,0.003485570486868442
6,7,2,-0.020333106203155878,0.12983799357245768,0.015161192159889538,9,0.0009,0.0020458557507343034
6,7,3,-0.020333106203155878,0.12983799357245768,0.020960815946447314,7,0.0007,0.001095158377187622
6,7,4,-0.020333106203155878,0.12983799357245768,0.026760439733005088,3,0.0003,0.0005901214130036562
6,7,5,-0.020333106203155878,0.12983799357245768,0.032560063519562865,1,0.0001,0.000308480820870026
6,7,6,-0.020333106203155878,0.12983799357245768,0.03835968730612063,1,0.0001,0.00017035818756439507
6,7,7,-0.020333106203155878,0.12983799357245768,0.04415931109267841,4,0.0004,0.00011610354925909621
6,7,8,-0.020333106203155878,0.12983799357245768,0.04995893487923618,0,0.0,7.704043795280599e-05
6,7,9,-0.020333106203155878,0.12983799357245768,0.05575855866579396,0,0.0,4.247554153160833e-05
6,7,10,-0.020333106203155878,0.12983799357245768,0.061558182452351735,0,0.0,2.7182185063348785e-05
6,7,11,-0.020333106203155878,0.12983799357245768,0.06735780623890952,0,0.0,2.2497046041336418e-05
6,7,12,-0.020333106203155878,0.12983799357245768,0.07315743002546729,0,0.0,2.1219841771838175e-05
6,7,13,-0.020333106203155878,0.12983799357245768,0.07895705381202506,0,0.0,1.797851977696715e-05
6,7,14,-0.020333106203155878,0.12983799357245768,0.08475667759858284,0,0.0,8.60237518785858e-06
6,7,15,-0.020333106203155878,0.12983799357245768,0.09055630138514062,0,0.0,1.7665501059761217e-06
6,7,16,-0.020333106203155878,0.12983799357245768,0.09635592517169839,0,0.0,1.417931724317386e-07
6,7,17,-0.020333106203155878,0.12983799357245768,0.10215554895825617,0,0.0,1.512955697163814e-08
6,7,18,-0.020333106203155878,0.12983799357245768,0.10795517274481395,0,0.0,4.8984222653445614e-08
6,7,19,-0.020333106203155878,0.12983799357245768,0.11375479653137172,0,0.0,8.075998098840857e-08
6,8,0,-0.020333106203155878,0.1389194726124549,0.0035619445867739875,4,0.0004,0.0020502564325895842
6,8,1,-0.020333106203155878,0.1389194726124549,0.009361568373331762,13,0.0013,0.001848994786834328
6,8,2,-0.020333106203155878,0.1389194726124549,0.015161192159889538,8,0.0008,0.0010718583483065927
6,8,3,-0.020333106203155878,0.1389194726124549,0.020960815946447314,5,0.0005,0.0005872011308750913
6,8,4,-0.020333106203155878,0.1389194726124549,0.026760439733005088,1,0.0001,0.0003449224461957856
6,8,5,-0.020333106203155878,0.1389194726124549,0.032560063519562865,1,0.0001,0.00020177340027196594
6,8,6,-0.020333106203155878,0.1389194726124549,0.03835968730612063,0,0.0,0.00012003883452422149
6,8,7,-0.020333106203155878,0.1389194726124549,0.04415931109267841,0,0.0,8.44932476573587e-05
6,8,8,-0.020333106203155878,0.1389194726124549,0.04995893487923618,2,0.0002,6.432441844678605e-05
6,8,9,-0.020333106203155878,0.1389194726124549,0.05575855866579396,0,0.0,4.301034934363442e-05
6,8,10,-0.020333106203155878,0.1389194726124549,0.061558182452351735,0,0.0,3.0237720316150187e-05
6,8,11,-0.020333106203155878,0.1389194726124549,0.06735780623890952,1,0.0001,2.869139902744258e-05
6,8,12,-0.020333106203155878,0.1389194726124549,0.07315743002546729,1,0.0001,2.993013450139902e-05
6,8,13,-0.020333106203155878,0.1389194726124549,0.07895705381202506,0,0.0,2.472618233803986e-05
6,8,14,-0.020333106203155878,0.1389194726124549,0.08475667759858284,0,0.0,1.1370730317951813e-05
6,8,15,-0.020333106203155878,0.1389194726124549,0.09055630138514062,0,0.0,2.2881195828436404e-06
6,8,16,-0.020333106203155878,0.1389194726124549,0.09635592517169839,0,0.0,1.9176198616463578e-07
6,8,17,-0.020333106203155878,0.1389194726124549,0.10215554895825617,0,0.0,1.3850290800467858e-07
6,8,18,-0.020333106203155878,0.1389194726124549,0.10795517274481395,0,0.0,5.967405262783965e-07
6,8,19,-0.020333106203155878,0.1389194726124549,0.11375479653137172,0,0.0,9.838579806578145e-07
6,9,0,-0.020333106203155878,0.14800095165245214,0.0035619445867739875,0,0.0,0.0006716289542334686
6,9,1,-0.020333106203155878,0.14800095165245214,0.009361568373331762,0,0.0,0.0006287618309966032
6,9,2,-0.020333106203155878,0.14800095165245214,0.015161192159889538,0,0.0,0.00039138123935166885
6,9,3,-0.020333106203155878,0.14800095165245214,0.020960815946447314,1,0.0001,0.00023178475250438865
6,9,4,-0.020333106203155878,0.14800095165245214,0.026760439733005088,1,0.0001,0.00014771236335071053
6,9,5,-0.020333106203155878,0.14800095165245214,0.032560063519562865,0,0.0,9.472356858092686e-05
6,9,6,-0.020333106203155878,0.14800095165245214,0.03835968730612063,1,0.0001,5.863878309509873e-05
6,9,7,-0.020333106203155878,0.14800095165245214,0.04415931109267841,0,0.0,4.219230963278923e-05
6,9,8,-0.020333106203155878,0.14800095165245214,0.04995893487923618,0,0.0,3.960320046434126e-05
6,9,9,-0.020333106203155878,0.14800095165245214,0.05575855866579396,1,0.0001,3.183613308630593e-05
6,9,10,-0.020333106203155878,0.14800095165245214,0.061558182452351735,0,0.0,2.178431529624903e-05
6,9,11,-0.020333106203155878,0.14800095165245214,0.06735780623890952,0,0.0,1.8178614098059806e-05
6,9,12,-0.020333106203155878,0.14800095165245214,0.07315743002546729,0,0.0,1.767133709299218e-05
6,9,13,-0.020333106203155878,0.14800095165245214,0.07895705381202506,0,0.0,1.3999870807130657e-05
6,9,14,-0.020333106203155878,0.14800095165245214,0.08475667759858284,0,0.0,6.279638999937266e-06
6,9,15,-0.020333106203155878,0.14800095165245214,0.09055630138514062,0,0.0,1.2503350845324188e-06
6,9,16,-0.020333106203155878,0.14800095165245214,0.09635592517169839,0,0.0,1.4719836311032322e-07
6,9,17,-0.020333106203155878,0.14800095165245214,0.10215554895825617,0,0.0,5.99635598121335e-07
6,9,18,-0.020333106203155878,0.14800095165245214,0.10795517274481395,0,0.0,2.674403381325178e-06
6,9,19,-0.020333106203155878,0.14800095165245214,0.11375479653137172,0,0.0,4.409345558679007e-06
6,10,0,-0.020333106203155878,0.15708243069244937,0.0035619445867739875,0,0.0,0.00014367940266550924
6,10,1,-0.020333106203155878,0.15708243069244937,0.009361568373331762,0,0.0,0.00014244986407981167
6,10,2,-0.020333106203155878,0.15708243069244937,0.015161192159889538,0,0.0,9.717970020410567e-05
6,10,3,-0.020333106203155878,0.15708243069244937,0.020960815946447314,0,0.0,6.262204541945375e-05
6,10,4,-0.020333106203155878,0.15708243069244937,0.026760439733005088,0,0.0,4.26747307392072e-05
6,10,5,-0.020333106203155878,0.15708243069244937,0.032560063519562865,0,0.0,2.927708324864015e-05
6,10,6,-0.020333106203155878,0.15708243069244937,0.03835968730612063,0,0.0,1.9350242673372177e-05
6,10,7,-0.020333106203155878,0.15708243069244937,0.04415931109267841,0,0.0,1.6369667989631757e-05
6,10,8,-0.020333106203155878,0.15708243069244937,0.04995893487923618,0,0.0,1.9111059644224747e-05
6,10,9,-0.020333106203155878,0.15708243069244937,0.05575855866579396,0,0.0,1.70940388339753e-05
6,10,10,-0.020333106203155878,0.15708243069244937,0.061558182452351735,0,0.0,1.16294875098622e-05
6,10,11,-0.020333106203155878,0.15708243069244937,0.06735780623890952,0,0.0,6.956180320448218e-06
6,10,12,-0.020333106203155878,0.15708243069244937,0.07315743002546729,0,0.0,4.497322658606098e-06
6,10,13,-0.020333106203155878,0.15708243069244937,0.07895705381202506,0,0.0,3.1035394768044146e-06
6,10,14,-0.020333106203155878,0.15708243069244937,0.08475667759858284,0,0.0,1.3555608342620502e-06
6,10,15,-0.020333106203155878,0.15708243069244937,0.09055630138514062,0,0.0,2.700095755251202e-07
6,10,16,-0.020333106203155878,0.15708243069244937,0.09635592517169839,0,0.0,1.0174275659323702e-07
6,10,17,-0.020333106203155878,0.15708243069244937,0.10215554895825617,0,0.0,9.84475284110976e-07
6,10,18,-0.020333106203155878,0.15708243069244937,0.10795517274481395,0,0.0,4.409345567767347e-06
6,10,19,-0.020333106203155878,0.15708243069244937,0.11375479653137172,1,0.0001,7.2697818124612195e-06
6,11,0,-0.020333106203155878,0.1661639097324466,0.0035619445867739875,0,0.0,2.8681295236309404e-05
6,11,1,-0.020333106203155878,0.1661639097324466,0.009361568373331762,0,0.0,3.289785023429883e-05
6,11,2,-0.020333106203155878,0.1661639097324466,0.015161192159889538,0,0.0,2.281627451584167e-05
6,11,3,-0.020333106203155878,0.1661639097324466,0.020960815946447314,0,0.0,1.5078748123142461e-05
6,11,4,-0.020333106203155878,0.1661639097324466,0.026760439733005088,0,0.0,1.2078535352209819e-05
6,11,5,-0.020333106203155878,0.1661639097324466,0.032560063519562865,0,0.0,7.896076977692189e-06
6,11,6,-0.020333106203155878,0.1661639097324466,0.03835968730612063,0,0.0,4.4008893362012524e-06
6,11,7,-0.020333106203155878,0.1661639097324466,0.04415931109267841,0,0.0,4.387331349306984e-06
6,11,8,-0.020333106203155878,0.1661639097324466,0.04995893487923618,0,0.0,6.039659191675737e-06
6,11,9,-0.020333106203155878,0.1661639097324466,0.05575855866579396,0,0.0,5.696982535433651e-06
6,11,10,-0.020333106203155878,0.1661639097324466,0.061558182452351735,0,0.0,4.224241643178095e-06
6,11,11,-0.020333106203155878,0.1661639097324466,0.06735780623890952,0,0.0,2.152843528656619e-06
6,11,12,-0.020333106203155878,0.1661639097324466,0.07315743002546729,0,0.0,7.078943911224026e-07
6,11,13,-0.020333106203155878,0.1661639097324466,0.07895705381202506,0,0.0,2.8405046129492955e-07
6,11,14,-0.020333106203155878,0.1661639097324466,0.08475667759858284,0,0.0,1.1165924066405312e-07
6,11,15,-0.020333106203155878,0.1661639097324466,0.09055630138514062,0,0.0,2.319034129529392e-08
6,11,16,-0.020333106203155878,0.1661639097324466,0.09635592517169839,0,0.0,5.068012226873045e-08
6,11,17,-0.020333106203155878,0.1661639097324466,0.10215554895825617,0,0.0,5.967898322204623e-07
6,11,18,-0.020333106203155878,0.1661639097324466,0.10795517274481395,0,0.0,2.6744032708809926e-06
6,11,19,-0.020333106203155878,0.1661639097324466,0.11375479653137172,0,0.0,4.409345558679007e-06
6,12,0,-0.020333106203155878,0.17524538877244383,0.0035619445867739875,0,0.0,1.1166070048571074e-05
6,12,1,-0.020333106203155878,0.17524538877244383,0.009361568373331762,1,0.0001,1.6846102644062613e-05
6,12,2,-0.020333106203155878,0.17524538877244383,0.015161192159889538,0,0.0,1.1472186857975334e-05
6,12,3,-0.020333106203155878,0.17524538877244383,0.020960815946447314,0,0.0,7.70478510536439e-06
6,12,4,-0.020333106203155878,0.17524538877244383,0.026760439733005088,1,0.0001,8.32358506660402e-06
6,12,5,-0.020333106203155878,0.17524538877244383,0.032560063519562865,0,0.0,4.982733529513242e-06
6,12,6,-0.020333106203155878,0.17524538877244383,0.03835968730612063,0,0.0,1.413240658356361e-06
6,12,7,-0.020333106203155878,0.17524538877244383,0.04415931109267841,0,0.0,7.237695510470825e-07
6,12,8,-0.020333106203155878,0.17524538877244383,0.04995893487923618,0,0.0,9.999782754147832e-07
6,12,9,-0.020333106203155878,0.17524538877244383,0.05575855866579396,0,0.0,9.663581500775507e-07
6,12,10,-0.020333106203155878,0.17524538877244383,0.061558182452351735,0,0.0,7.77245113400623e-07
6,12,11,-0.020333106203155878,0.17524538877244383,0.06735780623890952,0,0.0,3.988073997468653e-07
6,12,12,-0.020333106203155878,0.17524538877244383,0.07315743002546729,0,0.0,9.58866352607058e-08
6,12,13,-0.020333106203155878,0.17524538877244383,0.07895705381202506,0,0.0,1.6154396716729343e-08
6,12,14,-0.020333106203155878,0.17524538877244383,0.08475667759858284,0,0.0,3.920789522017522e-09
6,12,15,-0.020333106203155878,0.17524538877244383,0.09055630138514062,0,0.0,1.0124964182495857e-09
6,12,16,-0.020333106203155878,0.17524538877244383,0.09635592517169839,0,0.0,1.0981404589333899e-08
6,12,17,-0.020333106203155878,0.17524538877244383,0.10215554895825617,0,0.0,1.331521870963457e-07
6,12,18,-0.020333106203155878,0.17524538877244383,0.10795517274481395,0,0.0,5.967400300719237e-07
6,12,19,-0.020333106203155878,0.17524538877244383,0.11375479653137172,0,0.0,9.838579806578145e-07
6,13,0,-0.020333106203155878,0.18432686781244106,0.0035619445867739875,0,0.0,5.077381976270596e-06
6,13,1,-0.020333106203155878,0.18432686781244106,0.009361568373331762,0,0.0,9.063521741258874e-06
6,13,2,-0.020333106203155878,0.18432686781244106,0.015161192159889538,0,0.0,7.331586820859077e-06
6,13,3,-0.020333106203155878,0.18432686781244106,0.020960815946447314,0,0.0,5.040431506432788e-06
6,13,4,-0.020333106203155878,0.18432686781244106,0.026760439733005088,0,0.0,4.902917440057416e-06
6,13,5,-0.020333106203155878,0.18432686781244106,0.032560063519562865,0,0.0,2.7872553556624275e-06
6,13,6,-0.020333106203155878,0.18432686781244106,0.03835968730612063,0,0.0,6.367725166876369e-07
6,13,7,-0.020333106203155878,0.18432686781244106,0.04415931109267841,0,0.0,9.50833819488999e-08
6,13,8,-0.020333106203155878,0.18432686781244106,0.04995893487923618,0,0.0,7.412813281794772e-08
6,13,9,-0.020333106203155878,0.18432686781244106,0.05575855866579396,0,0.0,7.100013006707152e-08
6,13,10,-0.020333106203155878,0.18432686781244106,0.061558182452351735,0,0.0,5.963735385297044e-08
6,13,11,-0.020333106203155878,0.18432686781244106,0.06735780623890952,0,0.0,3.1872311091653484e-08
6,13,12,-0.020333106203155878,0.18432686781244106,0.07315743002546729,0,0.0,8.22975778014833e-09
6,13,13,-0.020333106203155878,0.18432686781244106,0.07895705381202506,0,0.0,1.4622812421566625e-09
6,13,14,-0.020333106203155878,0.18432686781244106,0.08475667759858284,0,0.0,2.2039357081388364e-10
6,13,15,-0.020333106203155878,0.18432686781244106,0.09055630138514062,0,0.0,4.382502150409802e-11
6,13,16,-0.020333106203155878,0.18432686781244106,0.09635592517169839,0,0.0,8.976676440401595e-10
6,13,17,-0.020333106203155878,0.18432686781244106,0.10215554895825617,0,0.0,1.0929674901249729e-08
6,13,18,-0.020333106203155878,0.18432686781244106,0.10795517274481395,0,0.0,4.8983404547279176e-08
6,13,19,-0.020333106203155878,0.18432686781244106,0.11375479653137172,0,0.0,8.075998098840857e-08
6,14,0,-0.020333106203155878,0.19340834685243827,0.0035619445867739875,0,0.0,2.186510856463744e-06
6,14,1,-0.020333106203155878,0.19340834685243827,0.009361568373331762,0,0.0,7.004436267798276e-06
6,14,2,-0.020333106203155878,0.19340834685243827,0.015161192159889538,0,0.0,1.0082776270068646e-05
6,14,3,-0.020333106203155878,0.19340834685243827,0.020960815946447314,0,0.0,6.795312787753473e-06
6,14,4,-0.020333106203155878,0.19340834685243827,0.026760439733005088,0,0.0,3.230486588143261e-06
6,14,5,-0.020333106203155878,0.19340834685243827,0.032560063519562865,0,0.0,1.3232774506765962e-06
6,14,6,-0.020333106203155878,0.19340834685243827,0.03835968730612063,0,0.0,2.7692642957270676e-07
6,14,7,-0.020333106203155878,0.19340834685243827,0.04415931109267841,0,0.0,2.372911576665704e-08
6,14,8,-0.020333106203155878,0.19340834685243827,0.04995893487923618,0,0.0,2.7443004579095886e-09
6,14,9,-0.020333106203155878,0.19340834685243827,0.05575855866579396,0,0.0,2.0196233698659095e-09
6,14,10,-0.020333106203155878,0.19340834685243827,0.061558182452351735,0,0.0,1.7731618247028098e-09
6,14,11,-0.020333106203155878,0.19340834685243827,0.06735780623890952,0,0.0,1.117865972820527e-09
6,14,12,-0.020333106203155878,0.19340834685243827,0.07315743002546729,0,0.0,5.308566641166181e-10
6,14,13,-0.020333106203155878,0.19340834685243827,0.07895705381202506,0,0.0,2.1661635471963806e-10
6,14,14,-0.020333106203155878,0.19340834685243827,0.08475667759858284,0,0.0,4.51632896909685e-11
6,14,15,-0.020333106203155878,0.19340834685243827,0.09055630138514062,0,0.0,4.484603630929576e-12
6,14,16,-0.020333106203155878,0.19340834685243827,0.09635592517169839,0,0.0,2.7202674081480692e-11
6,14,17,-0.020333106203155878,0.19340834685243827,0.10215554895825617,0,0.0,3.300475836743292e-10
6,14,18,-0.020333106203155878,0.19340834685243827,0.10795517274481395,0,0.0,1.479170648444729e-09
6,14,19,-0.020333106203155878,0.19340834685243827,0.11375479653137172,0,0.0,2.438740111086126e-09
6,15,0,-0.020333106203155878,0.2024898258924355,0.0035619445867739875,0,0.0,2.0490132124341678e-06
6,15,1,-0.020333106203155878,0.2024898258924355,0.009361568373331762,0,0.0,9.006427595159231e-06
6,15,2,-0.020333106203155878,0.2024898258924355,0.015161192159889538,2,0.0002,1.530761697962323e-05
6,15,3,-0.020333106203155878,0.2024898258924355,0.020960815946447314,0,0.0,1.1922009719248705e-05
6,15,4,-0.020333106203155878,0.2024898258924355,0.026760439733005088,0,0.0,7.056976409848046e-06
6,15,5,-0.020333106203155878,0.2024898258924355,0.032560063519562865,0,0.0,3.2487318780026463e-06
6,15,6,-0.020333106203155878,0.2024898258924355,0.03835968730612063,0,0.0,6.957008391725826e-07
6,15,7,-0.020333106203155878,0.2024898258924355,0.04415931109267841,0,0.0,5.915366381299855e-08
6,15,8,-0.020333106203155878,0.2024898258924355,0.04995893487923618,0,0.0,3.2036736980339574e-09
6,15,9,-0.020333106203155878,0.2024898258924355,0.05575855866579396,0,0.0,3.314607680276668e-10
6,15,10,-0.020333106203155878,0.2024898258924355,0.061558182452351735,0,0.0,3.087825988454491e-11
6,15,11,-0.020333106203155878,0.2024898258924355,0.06735780623890952,0,0.0,1.7259570562093687e-11
6,15,12,-0.020333106203155878,0.2024898258924355,0.07315743002546729,0,0.0,2.7092229895772924e-11
6,15,13,-0.020333106203155878,0.2024898258924355,0.07895705381202506,0,0.0,1.643210161304212e-11
6,15,14,-0.020333106203155878,0.2024898258924355,0.08475667759858284,0,0.0,3.666497464493361e-12
6,15,15,-0.020333106203155878,0.2024898258924355,0.09055630138514062,0,0.0,3.0096443932746593e-13
6,15,16,-0.020333106203155878,0.2024898258924355,0.09635592517169839,0,0.0,9.0883385708546e-15
6,15,17,-0.020333106203155878,0.2024898258924355,0.10215554895825617,0,0.0,0.0
6,15,18,-0.020333106203155878,0.2024898258924355,0.10795517274481395,0,0.0,0.0
6,15,19,-0.020333106203155878,0.2024898258924355,0.11375479653137172,0,0.0,0.0
6,16,0,-0.020333106203155878,0.21157130493243273,0.0035619445867739875,0,0.0,1.199193113708002e-06
6,16,1,-0.020333106203155878,0.21157130493243273,0.009361568373331762,0,0.0,5.463237893693134e-06
6,16,2,-0.020333106203155878,0.21157130493243273,0.015161192159889538,0,0.0,1.0167740759185184e-05
6,16,3,-0.020333106203155878,0.21157130493243273,0.020960815946447314,0,0.0,1.1388925357045252e-05
6,16,4,-0.020333106203155878,0.21157130493243273,0.026760439733005088,1,0.0001,1.1170754506404027e-05
6,16,5,-0.020333106203155878,0.21157130493243273,0.032560063519562865,0,0.0,6.190813512241794e-06
6,16,6,-0.020333106203155878,0.21157130493243273,0.03835968730612063,0,0.0,1.4277808348771505e-06
6,16,7,-0.020333106203155878,0.21157130493243273,0.04415931109267841,0,0.0,1.9788617353560053e-07
6,16,8,-0.020333106203155878,0.21157130493243273,0.04995893487923618,0,0.0,5.2864281859751573e-08
6,16,9,-0.020333106203155878,0.21157130493243273,0.05575855866579396,0,0.0,1.0946116091201343e-08
6,16,10,-0.020333106203155878,0.21157130493243273,0.061558182452351735,0,0.0,8.972730678584975e-10
6,16,11,-0.020333106203155878,0.21157130493243273,0.06735780623890952,0,0.0,2.7588161924571963e-11
6,16,12,-0.020333106203155878,0.21157130493243273,0.07315743002546729,0,0.0,8.181061664362154e-13
6,16,13,-0.020333106203155878,0.21157130493243273,0.07895705381202506,0,0.0,4.962064728435312e-13
6,16,14,-0.020333106203155878,0.21157130493243273,0.08475667759858284,0,0.0,1.1071862975226463e-13
6,16,15,-0.020333106203155878,0.21157130493243273,0.09055630138514062,0,0.0,9.088338570854601e-15
6,16,16,-0.020333106203155878,0.21157130493243273,0.09635592517169839,0,0.0,2.7444404449594257e-16
6,16,17,-0.020333106203155878,0.21157130493243273,0.10215554895825617,0,0.0,0.0
6,16,18,-0.020333106203155878,0.21157130493243273,0.10795517274481395,0,0.0,0.0
6,16,19,-0.020333106203155878,0.21157130493243273,0.11375479653137172,0,0.0,0.0
6,17,0,-0.020333106203155878,0.22065278397242996,0.0035619445867739875,0,0.0,2.692597382507438e-07
6,17,1,-0.020333106203155878,0.22065278397242996,0.009361568373331762,0,0.0,1.2916470532170682e-06
6,17,2,-0.020333106203155878,0.22065278397242996,0.015161192159889538,0,0.0,3.167825204387776e-06
6,17,3,-0.020333106203155878,0.22065278397242996,0.020960815946447314,0,0.0,6.623376629929026e-06
6,17,4,-0.020333106203155878,0.22065278397242996,0.026760439733005088,0,0.0,9.457863313329578e-06
6,17,5,-0.020333106203155878,0.22065278397242996,0.032560063519562865,0,0.0,6.1005566195644475e-06
6,17,6,-0.020333106203155878,0.22065278397242996,0.03835968730612063,0,0.0,2.1528213094995805e-06
6,17,7,-0.020333106203155878,0.22065278397242996,0.04415931109267841,0,0.0,1.1625847707407817e-06
6,17,8,-0.020333106203155878,0.22065278397242996,0.04995893487923618,0,0.0,6.063275542971127e-07
6,17,9,-0.020333106203155878,0.22065278397242996,0.05575855866579396,0,0.0,1.333508824555897e-07
6,17,10,-0.020333106203155878,0.22065278397242996,0.061558182452351735,0,0.0,1.0929674901249729e-08
6,17,11,-0.020333106203155878,0.22065278397242996,0.06735780623890952,0,0.0,3.300475836743292e-10
6,17,12,-0.020333106203155878,0.22065278397242996,0.07315743002546729,0,0.0,0.0
6,17,13,-0.020333106203155878,0.22065278397242996,0.07895705381202506,0,0.0,0.0
6,17,14,-0.020333106203155878,0.22065278397242996,0.08475667759858284,0,0.0,0.0
6,17,15,-0.020333106203155878,0.22065278397242996,0.09055630138514062,0,0.0,0.0
6,17,16,-0.020333106203155878,0.22065278397242996,0.09635592517169839,0,0.0,0.0
6,17,17,-0.020333106203155878,0.22065278397242996,0.10215554895825617,0,0.0,0.0
6,17,18,-0.020333106203155878,0.22065278397242996,0.10795517274481395,0,0.0,0.0
6,17,19,-0.020333106203155878,0.22065278397242996,0.11375479653137172,0,0.0,0.0
6,18,0,-0.020333106203155878,0.22973426301242716,0.0035619445867739875,0,0.0,2.3086559735402533e-08
6,18,1,-0.020333106203155878,0.22973426301242716,0.009361568373331762,0,0.0,1.3950358302006888e-07
6,18,2,-0.020333106203155878,0.22973426301242716,0.015161192159889538,0,0.0,6.86321721245237e-07
6,18,3,-0.020333106203155878,0.22973426301242716,0.020960815946447314,0,0.0,2.6802347139900017e-06
6,18,4,-0.020333106203155878,0.22973426301242716,0.026760439733005088,0,0.0,5.351211585672755e-06
6,18,5,-0.020333106203155878,0.22973426301242716,0.032560063519562865,0,0.0,5.491785235507467e-06
6,18,6,-0.020333106203155878,0.22973426301242716,0.03835968730612063,0,0.0,4.791656857169453e-06
6,18,7,-0.020333106203155878,0.22973426301242716,0.04415931109267841,0,0.0,4.811926294371749e-06
6,18,8,-0.020333106203155878,0.22973426301242716,0.04995893487923618,0,0.0,2.7053404172144837e-06
6,18,9,-0.020333106203155878,0.22973426301242716,0.05575855866579396,0,0.0,5.976371924211524e-07
6,18,10,-0.020333106203155878,0.22973426301242716,0.061558182452351735,0,0.0,4.8983404547279176e-08
6,18,11,-0.020333106203155878,0.22973426301242716,0.06735780623890952,0,0.0,1.4791706484447288e-09
6,18,12,-0.020333106203155878,0.22973426301242716,0.07315743002546729,0,0.0,0.0
6,18,13,-0.020333106203155878,0.22973426301242716,0.07895705381202506,0,0.0,0.0
6,18,14,-0.020333106203155878,0.22973426301242716,0.08475667759858284,0,0.0,0.0
6,18,15,-0.020333106203155878,0.22973426301242716,0.09055630138514062,0,0.0,0.0
6,18,16,-0.020333106203155878,0.22973426301242716,0.09635592517169839,0,0.0,0.0
6,18,17,-0.020333106203155878,0.22973426301242716,0.10215554895825617,0,0.0,0.0
6,18,18,-0.020333106203155878,0.22973426301242716,0.10795517274481395,0,0.0,0.0
6,18,19,-0.020333106203155878,0.22973426301242716,0.11375479653137172,0,0.0,0.0
6,19,0,-0.020333106203155878,0.2388157420524244,0.0035619445867739875,0,0.0,8.873711014629382e-10
6,19,1,-0.020333106203155878,0.2388157420524244,0.009361568373331762,0,0.0,1.1963857222862542e-08
6,19,2,-0.020333106203155878,0.2388157420524244,0.015161192159889538,0,0.0,1.4555054065910974e-07
6,19,3,-0.020333106203155878,0.2388157420524244,0.020960815946447314,0,0.0,1.0130616401436389e-06
6,19,4,-0.020333106203155878,0.2388157420524244,0.026760439733005088,0,0.0,3.433323357822638e-06
6,19,5,-0.020333106203155878,0.2388157420524244,0.032560063519562865,0,0.0,5.804182251911464e-06
6,19,6,-0.020333106203155878,0.2388157420524244,0.03835968730612063,0,0.0,7.1754401213875465e-06
6,19,7,-0.020333106203155878,0.2388157420524244,0.04415931109267841,1,0.0001,7.874048187810673e-06
6,19,8,-0.020333106203155878,0.2388157420524244,0.04995893487923618,0,0.0,4.458556239160401e-06
6,19,9,-0.020333106203155878,0.2388157420524244,0.05575855866579396,0,0.0,9.853371513062595e-07
6,19,10,-0.020333106203155878,0.2388157420524244,0.061558182452351735,0,0.0,8.075998098840857e-08
6,19,11,-0.020333106203155878,0.2388157420524244,0.06735780623890952,0,0.0,2.438740111086126e-09
6,19,12,-0.020333106203155878,0.2388157420524244,0.07315743002546729,0,0.0,0.0
6,19,13,-0.020333106203155878,0.2388157420524244,0.07895705381202506,0,0.0,0.0
6,19,14,-0.020333106203155878,0.2388157420524244,0.08475667759858284,0,0.0,0.0
6,19,15,-0.020333106203155878,0.2388157420524244,0.09055630138514062,0,0.0,0.0
6,19,16,-0.020333106203155878,0.2388157420524244,0.09635592517169839,0,0.0,0.0
6,19,17,-0.020333106203155878,0.2388157420524244,0.10215554895825617,0,0.0,0.0
6,19,18,-0.020333106203155878,0.2388157420524244,0.10795517274481395,0,0.0,0.0
6,19,19,-0.020333106203155878,0.2388157420524244,0.11375479653137172,0,0.0,0.0
7,0,0,-0.0014921639828395644,0.06626764029247711,0.0035619445867739875,0,0.0,2.8709301736119135e-06
7,0,1,-0.0014921639828395644,0.06626764029247711,0.009361568373331762,0,0.0,6.0893362402850135e-06
7,0,2,-0.0014921639828395644,0.06626764029247711,0.015161192159889538,0,0.0,7.191216725992883e-06
7,0,3,-0.0014921639828395644,0.06626764029247711,0.020960815946447314,0,0.0,5.379550831160727e-06
7,0,4,-0.0014921639828395644,0.06626764029247711,0.026760439733005088,0,0.0,2.916591868161698e-06
7,0,5,-0.0014921639828395644,0.06626764029247711,0.032560063519562865,0,0.0,1.2047652869841692e-06
7,0,6,-0.0014921639828395644,0.06626764029247711,0.03835968730612063,0,0.0,3.9143607205376347e-07
7,0,7,-0.0014921639828395644,0.06626764029247711,0.04415931109267841,0,0.0,1.0938939509686113e-07
7,0,8,-0.0014921639828395644,0.06626764029247711,0.04995893487923618,0,0.0,2.2632412308961775e-08
7,0,9,-0.0014921639828395644,0.06626764029247711,0.05575855866579396,0,0.0,3.034511375990936e-09
7,0,10,-0.0014921639828395644,0.06626764029247711,0.061558182452351735,0,0.0,3.729785340994344e-10
7,0,11,-0.0014921639828395644,0.06626764029247711,0.06735780623890952,0,0.0,5.045887974009303e-11
7,0,12,-0.0014921639828395644,0.06626764029247711,0.07315743002546729,0,0.0,3.841932240419591e-12
7,0,13,-0.0014921639828395644,0.06626764029247711,0.07895705381202506,0,0.0,1.2063030045660706e-13
7,0,14,-0.0014921639828395644,0.06626764029247711,0.08475667759858284,0,0.0,2.7444404449594257e-16
7,0,15,-0.0014921639828395644,0.06626764029247711,0.09055630138514062,0,0.0,0.0
7,0,16,-0.0014921639828395644,0.06626764029247711,0.09635592517169839,0,0.0,0.0
7,0,17,-0.0014921639828395644,0.06626764029247711,0.10215554895825617,0,0.0,0.0
7,0,18,-0.0014921639828395644,0.06626764029247711,0.10795517274481395,0,0.0,0.0
7,0,19,-0.0014921639828395644,0.06626764029247711,0.11375479653137172,0,0.0,0.0
7,1,0,-0.0014921639828395644,0.07534911933247435,0.0035619445867739875,0,0.0,3.096850778045815e-05
7,1,1,-0.0014921639828395644,0.07534911933247435,0.009361568373331762,0,0.0,5.585836146758409e-05
7,1,2,-0.0014921639828395644,0.07534911933247435,0.015161192159889538,0,0.0,5.664931872156497e-05
7,1,3,-0.0014921639828395644,0.07534911933247435,0.020960815946447314,0,0.0,3.8830047269704135e-05
7,1,4,-0.0014921639828395644,0.07534911933247435,0.026760439733005088,0,0.0,2.143569415081781e-05
7,1,5,-0.0014921639828395644,0.07534911933247435,0.032560063519562865,0,0.0,1.0210728849347262e-05
7,1,6,-0.0014921639828395644,0.07534911933247435,0.03835968730612063,0,0.0,4.137586547528829e-06
7,1,7,-0.0014921639828395644,0.07534911933247435,0.04415931109267841,0,0.0,1.3114329955374833e-06
7,1,8,-0.0014921639828395644,0.07534911933247435,0.04995893487923618,0,0.0,2.8534363119314996e-07
7,1,9,-0.0014921639828395644,0.07534911933247435,0.05575855866579396,0,0.0,4.722653085686615e-08
7,1,10,-0.0014921639828395644,0.07534911933247435,0.061558182452351735,0,0.0,1.0339130255933615e-08
7,1,11,-0.0014921639828395644,0.07534911933247435,0.06735780623890952,0,0.0,3.1163537284313832e-09
7,1,12,-0.0014921639828395644,0.07534911933247435,0.07315743002546729,0,0.0,1.0294295733871493e-09
7,1,13,-0.0014921639828395644,0.07534911933247435,0.07895705381202506,0,0.0,2.0452648393448906e-10
7,1,14,-0.0014921639828395644,0.07534911933247435,0.08475667759858284,0,0.0,1.645137606636181e-11
7,1,15,-0.0014921639828395644,0.07534911933247435,0.09055630138514062,0,0.0,4.962064728435311e-13
7,1,16,-0.0014921639828395644,0.07534911933247435,0.09635592517169839,0,0.0,0.0
7,1,17,-0.0014921639828395644,0.07534911933247435,0.10215554895825617,0,0.0,0.0
7,1,18,-0.0014921639828395644,0.07534911933247435,0.10795517274481395,0,0.0,0.0
7,1,19,-0.0014921639828395644,0.07534911933247435,0.11375479653137172,0,0.0,0.0
7,2,0,-0.0014921639828395644,0.08443059837247156,0.0035619445867739875,0,0.0,0.00020494322057683495
7,2,1,-0.0014921639828395644,0.08443059837247156,0.009361568373331762,0,0.0,0.00032051995844332044
7,2,2,-0.0014921639828395644,0.08443059837247156,0.015161192159889538,1,0.0001,0.00028366625766047587
7,2,3,-0.0014921639828395644,0.08443059837247156,0.020960815946447314,0,0.0,0.00017566392075018094
7,2,4,-0.0014921639828395644,0.08443059837247156,0.026760439733005088,0,0.0,9.543732476836014e-05
7,2,5,-0.0014921639828395644,0.08443059837247156,0.032560063519562865,0,0.0,4.955589342957491e-05
7,2,6,-0.0014921639828395644,0.08443059837247156,0.03835968730612063,0,0.0,2.2121891609851665e-05
7,2,7,-0.0014921639828395644,0.08443059837247156,0.04415931109267841,0,0.0,7.138405654417495e-06
7,2,8,-0.0014921639828395644,0.08443059837247156,0.04995893487923618,0,0.0,1.6509079496608967e-06
7,2,9,-0.0014921639828395644,0.08443059837247156,0.05575855866579396,0,0.0,3.8995836219467937e-07
7,2,10,-0.0014921639828395644,0.08443059837247156,0.061558182452351735,0,0.0,1.4038057843320684e-07
7,2,11,-0.0014921639828395644,0.08443059837247156,0.06735780623890952,0,0.0,7.00268695722949e-08
7,2,12,-0.0014921639828395644,0.08443059837247156,0.07315743002546729,0,0.0,3.155510038572751e-08
7,2,13,-0.0014921639828395644,0.08443059837247156,0.07895705381202506,0,0.0,6.7421212540801725e-09
7,2,14,-0.0014921639828395644,0.08443059837247156,0.08475667759858284,0,0.0,5.652805876662915e-10
7,2,15,-0.0014921639828395644,0.08443059837247156,0.09055630138514062,0,0.0,2.0418563526138145e-11
7,2,16,-0.0014921639828395644,0.08443059837247156,0.09635592517169839,0,0.0,3.1032722194281645e-13
7,2,17,-0.0014921639828395644,0.08443059837247156,0.10215554895825617,0,0.0,9.0883385708546e-15
7,2,18,-0.0014921639828395644,0.08443059837247156,0.10795517274481395,0,0.0,0.0
7,2,19,-0.0014921639828395644,0.08443059837247156,0.11375479653137172,0,0.0,0.0
7,3,0,-0.0014921639828395644,0.09351207741246878,0.0035619445867739875,2,0.0002,0.0008375859785333226
7,3,1,-0.0014921639828395644,0.09351207741246878,0.009361568373331762,8,0.0008,0.0011834036063512036
7,3,2,-0.0014921639828395644,0.09351207741246878,0.015161192159889538,3,0.0003,0.0009741441715264513
7,3,3,-0.0014921639828395644,0.09351207741246878,0.020960815946447314,1,0.0001,0.0005705354840020257
7,3,4,-0.0014921639828395644,0.09351207741246878,0.026760439733005088,1,0.0001,0.0002972913810076008
7,3,5,-0.0014921639828395644,0.09351207741246878,0.032560063519562865,2,0.0002,0.00015189450515535994
7,3,6,-0.0014921639828395644,0.09351207741246878,0.03835968730612063,1,0.0001,6.652655706850297e-05
7,3,7,-0.0014921639828395644,0.09351207741246878,0.04415931109267841,0,0.0,2.142301745863829e-05
7,3,8,-0.0014921639828395644,0.09351207741246878,0.04995893487923618,0,0.0,6.110206938482396e-06
7,3,9,-0.0014921639828395644,0.09351207741246878,0.05575855866579396,0,0.0,2.1135525560296693e-06
7,3,10,-0.0014921639828395644,0.09351207741246878,0.061558182452351735,0,0.0,9.927223249237446e-07
7,3,11,-0.0014921639828395644,0.09351207741246878,0.06735780623890952,0,0.0,7.192647931096513e-07
7,3,12,-0.0014921639828395644,0.09351207741246878,0.07315743002546729,0,0.0,3.775281602631369e-07
7,3,13,-0.0014921639828395644,0.09351207741246878,0.07895705381202506,0,0.0,8.550526500861601e-08
7,3,14,-0.0014921639828395644,0.09351207741246878,0.08475667759858284,0,0.0,8.871184445913636e-09
7,3,15,-0.0014921639828395644,0.09351207741246878,0.09055630138514062,0,0.0,6.872283636110636e-10
7,3,16,-0.0014921639828395644,0.09351207741246878,0.09635592517169839,0,0.0,4.176590331149248e-11
7,3,17,-0.0014921639828395644,0.09351207741246878,0.10215554895825617,0,0.0,1.4473000608037112e-12
7,3,18,-0.0014921639828395644,0.09351207741246878,0.10795517274481395,0,0.0,9.362782615350544e-15
7,3,19,-0.0014921639828395644,0.09351207741246878,0.11375479653137172,0,0.0,0.0
7,4,0,-0.0014921639828395644,0.10259355645246601,0.0035619445867739875,18,0.0018,0.0020995458404918345
7,4,1,-0.0014921639828395644,0.10259355645246601,0.009361568373331762,35,0.0035,0.002752322021283592
7,4,2,-0.0014921639828395644,0.10259355645246601,0.015161192159889538,13,0.0013,0.002205174867994388
7,4,3,-0.0014921639828395644,0.10259355645246601,0.020960815946447314,10,0.001,0.0012917578407162828
7,4,4,-0.0014921639828395644,0.10259355645246601,0.026760439733005088,1,0.0001,0.0006597176939225529
7,4,5,-0.0014921639828395644,0.10259355645246601,0.032560063519562865,3,0.0003,0.0003195919427476136
7,4,6,-0.0014921639828395644,0.10259355645246601,0.03835968730612063,0,0.0,0.0001351438371534758
7,4,7,-0.0014921639828395644,0.10259355645246601,0.04415931109267841,0,0.0,4.935092811913811e-05
7,4,8,-0.0014921639828395644,0.10259355645246601,0.04995893487923618,0,0.0,2.0085574046086018e-05
7,4,9,-0.0014921639828395644,0.10259355645246601,0.05575855866579396,0,0.0,8.230739732131441e-06
7,4,10,-0.0014921639828395644,0.10259355645246601,0.061558182452351735,0,0.0,3.923838126484007e-06
7,4,11,-0.0014921639828395644,0.10259355645246601,0.06735780623890952,0,0.0,3.208343037884963e-06
7,4,12,-0.0014921639828395644,0.10259355645246601,0.07315743002546729,0,0.0,1.779501757817785e-06
7,4,13,-0.0014921639828395644,0.10259355645246601,0.07895705381202506,0,0.0,4.782171183563604e-07
7,4,14,-0.0014921639828395644,0.10259355645246601,0.08475667759858284,0,0.0,9.29133969942711e-08
7,4,15,-0.0014921639828395644,0.10259355645246601,0.09055630138514062,0,0.0,1.4987901345019353e-08
7,4,16,-0.0014921639828395644,0.10259355645246601,0.09635592517169839,0,0.0,1.2264341877285709e-09
7,4,17,-0.0014921639828395644,0.10259355645246601,0.10215554895825617,0,0.0,4.337485062865236e-11
7,4,18,-0.0014921639828395644,0.10259355645246601,0.10795517274481395,0,0.0,3.100527778983205e-13
7,4,19,-0.0014921639828395644,0.10259355645246601,0.11375479653137172,0,0.0,0.0
7,5,0,-0.0014921639828395644,0.11167503549246324,0.0035619445867739875,49,0.0049,0.0032950955303018246
7,5,1,-0.0014921639828395644,0.11167503549246324,0.009361568373331762,66,0.0066,0.0040634694094620625
7,5,2,-0.0014921639828395644,0.11167503549246324,0.015161192159889538,38,0.0038,0.003226872919836646
7,5,3,-0.0014921639828395644,0.11167503549246324,0.020960815946447314,15,0.0015,0.001951155983198789
7,5,4,-0.0014921639828395644,0.11167503549246324,0.026760439733005088,13,0.0013,0.0010147569214409573
7,5,5,-0.0014921639828395644,0.11167503549246324,0.032560063519562865,3,0.0003,0.00048708551787926394
7,5,6,-0.0014921639828395644,0.11167503549246324,0.03835968730612063,1,0.0001,0.00021654878390147368
7,5,7,-0.0014921639828395644,0.11167503549246324,0.04415931109267841,1,0.0001,0.00010065041853721273
7,5,8,-0.0014921639828395644,0.11167503549246324,0.04995893487923618,0,0.0,5.25424349955614e-05
7,5,9,-0.0014921639828395644,0.11167503549246324,0.05575855866579396,0,0.0,2.306719360883176e-05
7,5,10,-0.0014921639828395644,0.11167503549246324,0.061558182452351735,0,0.0,1.0408231986252864e-05
7,5,11,-0.0014921639828395644,0.11167503549246324,0.06735780623890952,0,0.0,7.141884210325397e-06
7,5,12,-0.0014921639828395644,0.11167503549246324,0.07315743002546729,0,0.0,4.107891979531935e-06
7,5,13,-0.0014921639828395644,0.11167503549246324,0.07895705381202506,0,0.0,1.9766437177664335e-06
7,5,14,-0.0014921639828395644,0.11167503549246324,0.08475667759858284,0,0.0,8.262528869171627e-07
7,5,15,-0.0014921639828395644,0.11167503549246324,0.09055630138514062,0,0.0,1.7594470999642604e-07
7,5,16,-0.0014921639828395644,0.11167503549246324,0.09635592517169839,0,0.0,1.520072667390414e-08
7,5,17,-0.0014921639828395644,0.11167503549246324,0.10215554895825617,0,0.0,5.367473066908986e-10
7,5,18,-0.0014921639828395644,0.11167503549246324,0.10795517274481395,0,0.0,3.7772160942456245e-12
7,5,19,-0.0014921639828395644,0.11167503549246324,0.11375479653137172,0,0.0,0.0
7,6,0,-0.0014921639828395644,0.12075651453246046,0.0035619445867739875,60,0.006,0.0033336960843957757
7,6,1,-0.0014921639828395644,0.12075651453246046,0.009361568373331762,41,0.0041,0.003922460663009274
7,6,2,-0.0014921639828395644,0.12075651453246046,0.015161192159889538,38,0.0038,0.003104963715300545
7,6,3,-0.0014921639828395644,0.12075651453246046,0.020960815946447314,18,0.0018,0.0019648626673253226
7,6,4,-0.0014921639828395644,0.12075651453246046,0.026760439733005088,7,0.0007,0.0010857103800060092
7,6,5,-0.0014921639828395644,0.12075651453246046,0.032560063519562865,4,0.0004,0.0005616225879839013
7,6,6,-0.0014921639828395644,0.12075651453246046,0.03835968730612063,1,0.0001,0.00028861916279477034
7,6,7,-0.0014921639828395644,0.12075651453246046,0.04415931109267841,1,0.0001,0.00016512582744729635
7,6,8,-0.0014921639828395644,0.12075651453246046,0.04995893487923618,0,0.0,9.59515595774173e-05
7,6,9,-0.0014921639828395644,0.12075651453246046,0.05575855866579396,0,0.0,4.653275764515402e-05
7,6,10,-0.0014921639828395644,0.12075651453246046,0.061558182452351735,0,0.0,2.3318391442783094e-05
7,6,11,-0.0014921639828395644,0.12075651453246046,0.06735780623890952,0,0.0,1.3323246126023563e-05
7,6,12,-0.0014921639828395644,0.12075651453246046,0.07315743002546729,0,0.0,8.992006198437217e-06
7,6,13,-0.0014921639828395644,0.12075651453246046,0.07895705381202506,0,0.0,7.9565471829727e-06
7,6,14,-0.0014921639828395644,0.12075651453246046,0.08475667759858284,0,0.0,4.281784681467629e-06
7,6,15,-0.0014921639828395644,0.12075651453246046,0.09055630138514062,0,0.0,9.474917275203227e-07
7,6,16,-0.0014921639828395644,0.12075651453246046,0.09635592517169839,0,0.0,8.146260184194056e-08
7,6,17,-0.0014921639828395644,0.12075651453246046,0.10215554895825617,0,0.0,3.0046616095119653e-09
7,6,18,-0.0014921639828395644,0.12075651453246046,0.10795517274481395,0,0.0,9.140906573146308e-10
7,6,19,-0.0014921639828395644,0.12075651453246046,0.11375479653137172,0,0.0,1.4791706484447288e-09
7,7,0,-0.0014921639828395644,0.12983799357245768,0.0035619445867739875,12,0.0012,0.0022075366979916926
7,7,1,-0.0014921639828395644,0.12983799357245768,0.009361568373331762,28,0.0028,0.0025454901910898055
7,7,2,-0.0014921639828395644,0.12983799357245768,0.015161192159889538,21,0.0021,0.002035977016427717
7,7,3,-0.0014921639828395644,0.12983799357245768,0.020960815946447314,10,0.001,0.0013742030047081215
7,7,4,-0.0014921639828395644,0.12983799357245768,0.026760439733005088,7,0.0007,0.0008553744812103179
7,7,5,-0.0014921639828395644,0.12983799357245768,0.032560063519562865,5,0.0005,0.0005150442742174807
7,7,6,-0.0014921639828395644,0.12983799357245768,0.03835968730612063,2,0.0002,0.0003078209667124461
7,7,7,-0.0014921639828395644,0.12983799357245768,0.04415931109267841,2,0.0002,0.00019217015754181878
7,7,8,-0.0014921639828395644,0.12983799357245768,0.04995893487923618,1,0.0001,0.00011581539173795517
7,7,9,-0.0014921639828395644,0.12983799357245768,0.05575855866579396,1,0.0001,6.443688885925537e-05
7,7,10,-0.0014921639828395644,0.12983799357245768,0.061558182452351735,1,0.0001,3.906647758477841e-05
7,7,11,-0.0014921639828395644,0.12983799357245768,0.06735780623890952,0,0.0,2.396986213401653e-05
7,7,12,-0.0014921639828395644,0.12983799357245768,0.07315743002546729,0,0.0,1.9754333192704897e-05
7,7,13,-0.0014921639828395644,0.12983799357245768,0.07895705381202506,1,0.0001,2.0039775657542213e-05
7,7,14,-0.0014921639828395644,0.12983799357245768,0.08475667759858284,0,0.0,1.0882610980351222e-05
7,7,15,-0.0014921639828395644,0.12983799357245768,0.09055630138514062,0,0.0,2.378928606116092e-06
7,7,16,-0.0014921639828395644,0.12983799357245768,0.09635592517169839,0,0.0,2.0071195497431378e-07
7,7,17,-0.0014921639828395644,0.12983799357245768,0.10215554895825617,0,0.0,1.3221318632134718e-08
7,7,18,-0.0014921639828395644,0.12983799357245768,0.10795517274481395,0,0.0,2.9737846736650213e-08
7,7,19,-0.0014921639828395644,0.12983799357245768,0.11375479653137172,0,0.0,4.8983404547279176e-08
7,8,0,-0.0014921639828395644,0.1389194726124549,0.0035619445867739875,0,0.0,0.000937754451507044
7,8,1,-0.0014921639828395644,0.1389194726124549,0.009361568373331762,2,0.0002,0.001107669243243034
7,8,2,-0.0014921639828395644,0.1389194726124549,0.015161192159889538,8,0.0008,0.0009389331454986302
7,8,3,-0.0014921639828395644,0.1389194726124549,0.020960815946447314,5,0.0005,0.000706443107220435
7,8,4,-0.0014921639828395644,0.1389194726124549,0.026760439733005088,5,0.0005,0.000518326938549454
7,8,5,-0.0014921639828395644,0.1389194726124549,0.032560063519562865,3,0.0003,0.0003679561514355219
7,8,6,-0.0014921639828395644,0.1389194726124549,0.03835968730612063,2,0.0002,0.0002390334115078177
7,8,7,-0.0014921639828395644,0.1389194726124549,0.04415931109267841,0,0.0,0.00014672296205942476
7,8,8,-0.0014921639828395644,0.1389194726124549,0.04995893487923618,0,0.0,9.202380798603574e-05
7,8,9,-0.0014921639828395644,0.1389194726124549,0.05575855866579396,1,0.0001,6.056379185976193e-05
7,8,10,-0.0014921639828395644,0.1389194726124549,0.061558182452351735,0,0.0,4.177795083556423e-05
7,8,11,-0.0014921639828395644,0.1389194726124549,0.06735780623890952,0,0.0,2.791144440542171e-05
7,8,12,-0.0014921639828395644,0.1389194726124549,0.07315743002546729,0,0.0,2.497283976412328e-05
7,8,13,-0.0014921639828395644,0.1389194726124549,0.07895705381202506,2,0.0002,2.483420748422175e-05
7,8,14,-0.0014921639828395644,0.1389194726124549,0.08475667759858284,0,0.0,1.3106811697500739e-05
7,8,15,-0.0014921639828395644,0.1389194726124549,0.09055630138514062,0,0.0,2.8129810221397625e-06
7,8,16,-0.0014921639828395644,0.1389194726124549,0.09635592517169839,0,0.0,2.3814818366061235e-07
7,8,17,-0.0014921639828395644,0.1389194726124549,0.10215554895825617,0,0.0,8.804379871655055e-08
7,8,18,-0.0014921639828395644,0.1389194726124549,0.10795517274481395,0,0.0,3.619580524245465e-07
7,8,19,-0.0014921639828395644,0.1389194726124549,0.11375479653137172,0,0.0,5.967400300719238e-07
7,9,0,-0.0014921639828395644,0.14800095165245214,0.0035619445867739875,1,0.0001,0.0002524389810657125
7,9,1,-0.0014921639828395644,0.14800095165245214,0.009361568373331762,0,0.0,0.00031875571825647604
7,9,2,-0.0014921639828395644,0.14800095165245214,0.015161192159889538,1,0.0001,0.0003016886727580716
7,9,3,-0.0014921639828395644,0.14800095165245214,0.020960815946447314,0,0.0,0.000258602394419206
7,9,4,-0.0014921639828395644,0.14800095165245214,0.026760439733005088,1,0.0001,0.0002194165226800937
7,9,5,-0.0014921639828395644,0.14800095165245214,0.032560063519562865,1,0.0001,0.00017592520084607508
7,9,6,-0.0014921639828395644,0.14800095165245214,0.03835968730612063,0,0.0,0.00011937819420841176
7,9,7,-0.0014921639828395644,0.14800095165245214,0.04415931109267841,0,0.0,7.446037695695879e-05
7,9,8,-0.0014921639828395644,0.14800095165245214,0.04995893487923618,1,0.0001,5.400603173319646e-05
7,9,9,-0.0014921639828395644,0.14800095165245214,0.05575855866579396,0,0.0,4.2047527645940475e-05
7,9,10,-0.0014921639828395644,0.14800095165245214,0.061558182452351735,0,0.0,3.058314154370489e-05
7,9,11,-0.0014921639828395644,0.14800095165245214,0.06735780623890952,0,0.0,1.927369238214476e-05
7,9,12,-0.0014921639828395644,0.14800095165245214,0.07315743002546729,0,0.0,1.5009919032101013e-05
7,9,13,-0.0014921639828395644,0.14800095165245214,0.07895705381202506,0,0.0,1.367025043602126e-05
7,9,14,-0.0014921639828395644,0.14800095165245214,0.08475667759858284,0,0.0,6.955056520419761e-06
7,9,15,-0.0014921639828395644,0.14800095165245214,0.09055630138514062,0,0.0,1.466881972531387e-06
7,9,16,-0.0014921639828395644,0.14800095165245214,0.09635592517169839,0,0.0,1.4844777651126397e-07
7,9,17,-0.0014921639828395644,0.14800095165245214,0.10215554895825617,0,0.0,3.6556241515316185e-07
7,9,18,-0.0014921639828395644,0.14800095165245214,0.10795517274481395,0,0.0,1.6221113572747086e-06
7,9,19,-0.0014921639828395644,0.14800095165245214,0.11375479653137172,0,0.0,2.6744032706065484e-06
7,10,0,-0.0014921639828395644,0.15708243069244937,0.0035619445867739875,0,0.0,4.901176036348589e-05
7,10,1,-0.0014921639828395644,0.15708243069244937,0.009361568373331762,1,0.0001,6.636726981446847e-05
7,10,2,-0.0014921639828395644,0.15708243069244937,0.015161192159889538,0,0.0,6.823558839899465e-05
7,10,3,-0.0014921639828395644,0.15708243069244937,0.020960815946447314,1,0.0001,6.36516972088375e-05
7,10,4,-0.0014921639828395644,0.15708243069244937,0.026760439733005088,0,0.0,5.803767314609877e-05
7,10,5,-0.0014921639828395644,0.15708243069244937,0.032560063519562865,0,0.0,4.919824940617942e-05
7,10,6,-0.0014921639828395644,0.15708243069244937,0.03835968730612063,0,0.0,3.485048137189491e-05
7,10,7,-0.0014921639828395644,0.15708243069244937,0.04415931109267841,0,0.0,2.562590671535413e-05
7,10,8,-0.0014921639828395644,0.15708243069244937,0.04995893487923618,0,0.0,2.423526410435684e-05
7,10,9,-0.0014921639828395644,0.15708243069244937,0.05575855866579396,0,0.0,2.1829160083626413e-05
7,10,10,-0.0014921639828395644,0.15708243069244937,0.061558182452351735,1,0.0001,1.721010861096116e-05
7,10,11,-0.0014921639828395644,0.15708243069244937,0.06735780623890952,0,0.0,9.605088585608167e-06
7,10,12,-0.0014921639828395644,0.15708243069244937,0.07315743002546729,0,0.0,4.703124947023489e-06
7,10,13,-0.0014921639828395644,0.15708243069244937,0.07895705381202506,0,0.0,3.2182380033099356e-06
7,10,14,-0.0014921639828395644,0.15708243069244937,0.08475667759858284,0,0.0,1.5171325222158503e-06
7,10,15,-0.0014921639828395644,0.15708243069244937,0.09055630138514062,0,0.0,3.125476042329291e-07
7,10,16,-0.0014921639828395644,0.15708243069244937,0.09635592517169839,0,0.0,7.381016272769592e-08
7,10,17,-0.0014921639828395644,0.15708243069244937,0.10215554895825617,0,0.0,5.974827628330306e-07
7,10,18,-0.0014921639828395644,0.15708243069244937,0.10795517274481395,0,0.0,2.6744035806593262e-06
7,10,19,-0.0014921639828395644,0.15708243069244937,0.11375479653137172,0,0.0,4.409345558679007e-06
7,11,0,-0.0014921639828395644,0.1661639097324466,0.0035619445867739875,0,0.0,1.085495186716004e-05
7,11,1,-0.0014921639828395644,0.1661639097324466,0.009361568373331762,0,0.0,1.5857177033362807e-05
7,11,2,-0.0014921639828395644,0.1661639097324466,0.015161192159889538,0,0.0,1.4924642634585377e-05
7,11,3,-0.0014921639828395644,0.1661639097324466,0.020960815946447314,0,0.0,1.3623775980211206e-05
7,11,4,-0.0014921639828395644,0.1661639097324466,0.026760439733005088,0,0.0,1.2300073708015117e-05
7,11,5,-0.0014921639828395644,0.1661639097324466,0.032560063519562865,0,0.0,9.062608529590988e-06
7,11,6,-0.0014921639828395644,0.1661639097324466,0.03835968730612063,0,0.0,5.91151899993888e-06
7,11,7,-0.0014921639828395644,0.1661639097324466,0.04415931109267841,0,0.0,5.682405351699342e-06
7,11,8,-0.0014921639828395644,0.1661639097324466,0.04995893487923618,0,0.0,7.085689716882145e-06
7,11,9,-0.0014921639828395644,0.1661639097324466,0.05575855866579396,0,0.0,7.252899837556361e-06
7,11,10,-0.0014921639828395644,0.1661639097324466,0.061558182452351735,0,0.0,6.463447441465703e-06
7,11,11,-0.0014921639828395644,0.1661639097324466,0.06735780623890952,0,0.0,3.4956694450714378e-06
7,11,12,-0.0014921639828395644,0.1661639097324466,0.07315743002546729,0,0.0,1.0414937486472582e-06
7,11,13,-0.0014921639828395644,0.1661639097324466,0.07895705381202506,0,0.0,3.5748790908892834e-07
7,11,14,-0.0014921639828395644,0.1661639097324466,0.08475667759858284,0,0.0,1.3466286997138458e-07
7,11,15,-0.0014921639828395644,0.1661639097324466,0.09055630138514062,0,0.0,2.67558581013039e-08
7,11,16,-0.0014921639828395644,0.1661639097324466,0.09635592517169839,0,0.0,3.172194314186763e-08
7,11,17,-0.0014921639828395644,0.1661639097324466,0.10215554895825617,0,0.0,3.6200012086045e-07
7,11,18,-0.0014921639828395644,0.1661639097324466,0.10795517274481395,0,0.0,1.6221075894213968e-06
7,11,19,-0.0014921639828395644,0.1661639097324466,0.11375479653137172,0,0.0,2.6744032706065484e-06
7,12,0,-0.0014921639828395644,0.17524538877244383,0.0035619445867739875,0,0.0,4.766245251993177e-06
7,12,1,-0.0014921639828395644,0.17524538877244383,0.009361568373331762,0,0.0,7.698911269955338e-06
7,12,2,-0.0014921639828395644,0.17524538877244383,0.015161192159889538,0,0.0,5.922996416095001e-06
7,12,3,-0.0014921639828395644,0.17524538877244383,0.020960815946447314,0,0.0,5.0378882176380915e-06
7,12,4,-0.0014921639828395644,0.17524538877244383,0.026760439733005088,0,0.0,5.530058543107822e-06
7,12,5,-0.0014921639828395644,0.17524538877244383,0.032560063519562865,0,0.0,3.2779793107043027e-06
7,12,6,-0.0014921639828395644,0.17524538877244383,0.03835968730612063,0,0.0,1.0560254961924945e-06
7,12,7,-0.0014921639828395644,0.17524538877244383,0.04415931109267841,0,0.0,7.642938574948094e-07
7,12,8,-0.0014921639828395644,0.17524538877244383,0.04995893487923618,0,0.0,1.1080293847555687e-06
7,12,9,-0.0014921639828395644,0.17524538877244383,0.05575855866579396,0,0.0,1.236769355192446e-06
7,12,10,-0.0014921639828395644,0.17524538877244383,0.061558182452351735,0,0.0,1.202319517951033e-06
7,12,11,-0.0014921639828395644,0.17524538877244383,0.06735780623890952,0,0.0,6.587974121925597e-07
7,12,12,-0.0014921639828395644,0.17524538877244383,0.07315743002546729,0,0.0,1.5842925348069243e-07
7,12,13,-0.0014921639828395644,0.17524538877244383,0.07895705381202506,0,0.0,2.4722111330925254e-08
7,12,14,-0.0014921639828395644,0.17524538877244383,0.08475667759858284,0,0.0,5.250556631272801e-09
7,12,15,-0.0014921639828395644,0.17524538877244383,0.09055630138514062,0,0.0,1.047078562390134e-09
7,12,16,-0.0014921639828395644,0.17524538877244383,0.09635592517169839,0,0.0,6.691307033678695e-09
7,12,17,-0.0014921639828395644,0.17524538877244383,0.10215554895825617,0,0.0,8.07617279193712e-08
7,12,18,-0.0014921639828395644,0.17524538877244383,0.10795517274481395,0,0.0,3.619411241164606e-07
7,12,19,-0.0014921639828395644,0.17524538877244383,0.11375479653137172,0,0.0,5.967400300719238e-07
7,13,0,-0.0014921639828395644,0.18432686781244106,0.0035619445867739875,0,0.0,2.304840688892218e-06
7,13,1,-0.0014921639828395644,0.18432686781244106,0.009361568373331762,0,0.0,4.270868749589986e-06
7,13,2,-0.0014921639828395644,0.18432686781244106,0.015161192159889538,0,0.0,3.736487885058647e-06
7,13,3,-0.0014921639828395644,0.18432686781244106,0.020960815946447314,0,0.0,2.9377118703232137e-06
7,13,4,-0.0014921639828395644,0.18432686781244106,0.026760439733005088,0,0.0,2.984436704503762e-06
7,13,5,-0.0014921639828395644,0.18432686781244106,0.032560063519562865,0,0.0,1.6909522976638393e-06
7,13,6,-0.0014921639828395644,0.18432686781244106,0.03835968730612063,0,0.0,3.87929648629983e-07
7,13,7,-0.0014921639828395644,0.18432686781244106,0.04415931109267841,0,0.0,7.493349874868904e-08
7,13,8,-0.0014921639828395644,0.18432686781244106,0.04995893487923618,0,0.0,7.878848848831864e-08
7,13,9,-0.0014921639828395644,0.18432686781244106,0.05575855866579396,0,0.0,9.102378423416151e-08
7,13,10,-0.0014921639828395644,0.18432686781244106,0.061558182452351735,0,0.0,9.227152593432766e-08
7,13,11,-0.0014921639828395644,0.18432686781244106,0.06735780623890952,0,0.0,5.109932529011993e-08
7,13,12,-0.0014921639828395644,0.18432686781244106,0.07315743002546729,0,0.0,1.1509127497102337e-08
7,13,13,-0.0014921639828395644,0.18432686781244106,0.07895705381202506,0,0.0,1.1148154887972007e-09
7,13,14,-0.0014921639828395644,0.18432686781244106,0.08475667759858284,0,0.0,7.226460792531227e-11
7,13,15,-0.0014921639828395644,0.18432686781244106,0.09055630138514062,0,0.0,2.0098599077535483e-11
7,13,16,-0.0014921639828395644,0.18432686781244106,0.09635592517169839,0,0.0,5.44267190176799e-10
7,13,17,-0.0014921639828395644,0.18432686781244106,0.10215554895825617,0,0.0,6.6291829282996096e-09
7,13,18,-0.0014921639828395644,0.18432686781244106,0.10795517274481395,0,0.0,2.9709936675032047e-08
7,13,19,-0.0014921639828395644,0.18432686781244106,0.11375479653137172,0,0.0,4.8983404547279176e-08
7,14,0,-0.0014921639828395644,0.19340834685243827,0.0035619445867739875,0,0.0,1.1757856837750632e-06
7,14,1,-0.0014921639828395644,0.19340834685243827,0.009361568373331762,0,0.0,4.001589676090216e-06
7,14,2,-0.0014921639828395644,0.19340834685243827,0.015161192159889538,0,0.0,5.964201003521234e-06
7,14,3,-0.0014921639828395644,0.19340834685243827,0.020960815946447314,0,0.0,4.077796303311916e-06
7,14,4,-0.0014921639828395644,0.19340834685243827,0.026760439733005088,0,0.0,1.9380781426698348e-06
7,14,5,-0.0014921639828395644,0.19340834685243827,0.032560063519562865,0,0.0,7.905886367679163e-07
7,14,6,-0.0014921639828395644,0.19340834685243827,0.03835968730612063,0,0.0,1.650993836148836e-07
7,14,7,-0.0014921639828395644,0.19340834685243827,0.04415931109267841,0,0.0,1.4512382050018338e-08
7,14,8,-0.0014921639828395644,0.19340834685243827,0.04995893487923618,0,0.0,2.5439021994616388e-09
7,14,9,-0.0014921639828395644,0.19340834685243827,0.05575855866579396,0,0.0,2.576535153013167e-09
7,14,10,-0.0014921639828395644,0.19340834685243827,0.061558182452351735,0,0.0,2.6835911729668027e-09
7,14,11,-0.0014921639828395644,0.19340834685243827,0.06735780623890952,0,0.0,1.4992692475222643e-09
7,14,12,-0.0014921639828395644,0.19340834685243827,0.07315743002546729,0,0.0,3.30654508776925e-10
7,14,13,-0.0014921639828395644,0.19340834685243827,0.07895705381202506,0,0.0,2.709195545172843e-11
7,14,14,-0.0014921639828395644,0.19340834685243827,0.08475667759858284,0,0.0,8.181061664362154e-13
7,14,15,-0.0014921639828395644,0.19340834685243827,0.09055630138514062,0,0.0,4.962064728435311e-13
7,14,16,-0.0014921639828395644,0.19340834685243827,0.09635592517169839,0,0.0,1.6432101613042118e-11
7,14,17,-0.0014921639828395644,0.19340834685243827,0.10215554895825617,0,0.0,2.0018397866255144e-10
7,14,18,-0.0014921639828395644,0.19340834685243827,0.10795517274481395,0,0.0,8.971623492287451e-10
7,14,19,-0.0014921639828395644,0.19340834685243827,0.11375479653137172,0,0.0,1.4791706484447288e-09
7,15,0,-0.0014921639828395644,0.2024898258924355,0.0035619445867739875,0,0.0,1.23097763434824e-06
7,15,1,-0.0014921639828395644,0.2024898258924355,0.009361568373331762,0,0.0,5.440783861139564e-06
7,15,2,-0.0014921639828395644,0.2024898258924355,0.015161192159889538,0,0.0,9.24184831272656e-06
7,15,3,-0.0014921639828395644,0.2024898258924355,0.020960815946447314,0,0.0,7.089868532210058e-06
7,15,4,-0.0014921639828395644,0.2024898258924355,0.026760439733005088,0,0.0,4.0521832696272585e-06
7,15,5,-0.0014921639828395644,0.2024898258924355,0.032560063519562865,0,0.0,1.833204369048865e-06
7,15,6,-0.0014921639828395644,0.2024898258924355,0.03835968730612063,0,0.0,3.9192547412566224e-07
7,15,7,-0.0014921639828395644,0.2024898258924355,0.04415931109267841,0,0.0,3.3542593020216675e-08
7,15,8,-0.0014921639828395644,0.2024898258924355,0.04995893487923618,0,0.0,1.882524927078957e-09
7,15,9,-0.0014921639828395644,0.2024898258924355,0.05575855866579396,0,0.0,2.0100235927303213e-10
7,15,10,-0.0014921639828395644,0.2024898258924355,0.061558182452351735,0,0.0,1.6432101613042118e-11
7,15,11,-0.0014921639828395644,0.2024898258924355,0.06735780623890952,0,0.0,4.962064728435311e-13
7,15,12,-0.0014921639828395644,0.2024898258924355,0.07315743002546729,0,0.0,0.0
7,15,13,-0.0014921639828395644,0.2024898258924355,0.07895705381202506,0,0.0,0.0
7,15,14,-0.0014921639828395644,0.2024898258924355,0.08475667759858284,0,0.0,0.0
7,15,15,-0.0014921639828395644,0.2024898258924355,0.09055630138514062,0,0.0,0.0
7,15,16,-0.0014921639828395644,0.2024898258924355,0.09635592517169839,0,0.0,0.0
7,15,17,-0.0014921639828395644,0.2024898258924355,0.10215554895825617,0,0.0,0.0
7,15,18,-0.0014921639828395644,0.2024898258924355,0.10795517274481395,0,0.0,0.0
7,15,19,-0.0014921639828395644,0.2024898258924355,0.11375479653137172,0,0.0,0.0
7,16,0,-0.0014921639828395644,0.21157130493243273,0.0035619445867739875,0,0.0,7.266594453943926e-07
7,16,1,-0.0014921639828395644,0.21157130493243273,0.009361568373331762,0,0.0,3.3016804898819908e-06
7,16,2,-0.0014921639828395644,0.21157130493243273,0.015161192159889538,0,0.0,6.028501244929211e-06
7,16,3,-0.0014921639828395644,0.21157130493243273,0.020960815946447314,0,0.0,6.29264767525421e-06
7,16,4,-0.0014921639828395644,0.21157130493243273,0.026760439733005088,0,0.0,5.7809946672502004e-06
7,16,5,-0.0014921639828395644,0.21157130493243273,0.032560063519562865,0,0.0,3.1840512012641125e-06
7,16,6,-0.0014921639828395644,0.21157130493243273,0.03835968730612063,0,0.0,7.581878609597634e-07
7,16,7,-0.0014921639828395644,0.21157130493243273,0.04415931109267841,0,0.0,1.1554209902572074e-07
7,16,8,-0.0014921639828395644,0.21157130493243273,0.04995893487923618,0,0.0,3.228694985784092e-08
7,16,9,-0.0014921639828395644,0.21157130493243273,0.05575855866579396,0,0.0,6.656274883751338e-09
7,16,10,-0.0014921639828395644,0.21157130493243273,0.061558182452351735,0,0.0,5.441564715470467e-10
7,16,11,-0.0014921639828395644,0.21157130493243273,0.06735780623890952,0,0.0,1.643210161304212e-11
7,16,12,-0.0014921639828395644,0.21157130493243273,0.07315743002546729,0,0.0,0.0
7,16,13,-0.0014921639828395644,0.21157130493243273,0.07895705381202506,0,0.0,0.0
7,16,14,-0.0014921639828395644,0.21157130493243273,0.08475667759858284,0,0.0,0.0
7,16,15,-0.0014921639828395644,0.21157130493243273,0.09055630138514062,0,0.0,0.0
7,16,16,-0.0014921639828395644,0.21157130493243273,0.09635592517169839,0,0.0,0.0
7,16,17,-0.0014921639828395644,0.21157130493243273,0.10215554895825617,0,0.0,0.0
7,16,18,-0.0014921639828395644,0.21157130493243273,0.10795517274481395,0,0.0,0.0
7,16,19,-0.0014921639828395644,0.21157130493243273,0.11375479653137172,0,0.0,0.0
7,17,0,-0.0014921639828395644,0.22065278397242996,0.0035619445867739875,0,0.0,1.6274717190972022e-07
7,17,1,-0.0014921639828395644,0.22065278397242996,0.009361568373331762,0,0.0,7.648519073928773e-07
7,17,2,-0.0014921639828395644,0.22065278397242996,0.015161192159889538,0,0.0,1.699501557638485e-06
7,17,3,-0.0014921639828395644,0.22065278397242996,0.020960815946447314,0,0.0,3.0760807408190488e-06
7,17,4,-0.0014921639828395644,0.22065278397242996,0.026760439733005088,0,0.0,4.423150426241403e-06
7,17,5,-0.0014921639828395644,0.22065278397242996,0.032560063519562865,0,0.0,3.2967239376333605e-06
7,17,6,-0.0014921639828395644,0.22065278397242996,0.03835968730612063,0,0.0,1.4541733447390973e-06
7,17,7,-0.0014921639828395644,0.22065278397242996,0.04415931109267841,0,0.0,7.705303401251326e-07
7,17,8,-0.0014921639828395644,0.22065278397242996,0.04995893487923618,0,0.0,3.740980089506134e-07
7,17,9,-0.0014921639828395644,0.22065278397242996,0.05575855866579396,0,0.0,8.10900285720829e-08
7,17,10,-0.0014921639828395644,0.22065278397242996,0.061558182452351735,0,0.0,6.62918292829961e-09
7,17,11,-0.0014921639828395644,0.22065278397242996,0.06735780623890952,0,0.0,2.0018397866255147e-10
7,17,12,-0.0014921639828395644,0.22065278397242996,0.07315743002546729,0,0.0,0.0
7,17,13,-0.0014921639828395644,0.22065278397242996,0.07895705381202506,0,0.0,0.0
7,17,14,-0.0014921639828395644,0.22065278397242996,0.08475667759858284,0,0.0,0.0
7,17,15,-0.0014921639828395644,0.22065278397242996,0.09055630138514062,0,0.0,0.0
7,17,16,-0.0014921639828395644,0.22065278397242996,0.09635592517169839,0,0.0,0.0
7,17,17,-0.0014921639828395644,0.22065278397242996,0.10215554895825617,0,0.0,0.0
7,17,18,-0.0014921639828395644,0.22065278397242996,0.10795517274481395,0,0.0,0.0
7,17,19,-0.0014921639828395644,0.22065278397242996,0.11375479653137172,0,0.0,0.0
7,18,0,-0.0014921639828395644,0.22973426301242716,0.0035619445867739875,0,0.0,1.3658733813924323e-08
7,18,1,-0.0014921639828395644,0.22973426301242716,0.009361568373331762,0,0.0,7.415740985510805e-08
7,18,2,-0.0014921639828395644,0.22973426301242716,0.015161192159889538,0,0.0,3.0847017561865466e-07
7,18,3,-0.0014921639828395644,0.22973426301242716,0.020960815946447314,0,0.0,1.3809393140041378e-06
7,18,4,-0.0014921639828395644,0.22973426301242716,0.026760439733005088,0,0.0,3.910851633282027e-06
7,18,5,-0.0014921639828395644,0.22973426301242716,0.032560063519562865,0,0.0,5.496257243971483e-06
7,18,6,-0.0014921639828395644,0.22973426301242716,0.03835968730612063,0,0.0,4.4580636768452056e-06
7,18,7,-0.0014921639828395644,0.22973426301242716,0.04415931109267841,0,0.0,3.2844016665350713e-06
7,18,8,-0.0014921639828395644,0.22973426301242716,0.04995893487923618,0,0.0,1.6714913525632184e-06
7,18,9,-0.0014921639828395644,0.22973426301242716,0.05575855866579396,0,0.0,3.634202947649053e-07
7,18,10,-0.0014921639828395644,0.22973426301242716,0.061558182452351735,0,0.0,2.9709936675032047e-08
7,18,11,-0.0014921639828395644,0.22973426301242716,0.06735780623890952,0,0.0,8.971623492287451e-10
7,18,12,-0.0014921639828395644,0.22973426301242716,0.07315743002546729,0,0.0,0.0
7,18,13,-0.0014921639828395644,0.22973426301242716,0.07895705381202506,0,0.0,0.0
7,18,14,-0.0014921639828395644,0.22973426301242716,0.08475667759858284,0,0.0,0.0
7,18,15,-0.0014921639828395644,0.22973426301242716,0.09055630138514062,0,0.0,0.0
7,18,16,-0.0014921639828395644,0.22973426301242716,0.09635592517169839,0,0.0,0.0
7,18,17,-0.0014921639828395644,0.22973426301242716,0.10215554895825617,0,0.0,0.0
7,18,18,-0.0014921639828395644,0.22973426301242716,0.10795517274481395,0,0.0,0.0
7,18,19,-0.0014921639828395644,0.22973426301242716,0.11375479653137172,0,0.0,0.0
7,19,0,-0.0014921639828395644,0.2388157420524244,0.0035619445867739875,0,0.0,4.6146714215626995e-10
7,19,1,-0.0014921639828395644,0.2388157420524244,0.009361568373331762,0,0.0,6.256391929535393e-09
7,19,2,-0.0014921639828395644,0.2388157420524244,0.015161192159889538,0,0.0,1.0836749270512538e-07
7,19,3,-0.0014921639828395644,0.2388157420524244,0.020960815946447314,0,0.0,1.0976013936681578e-06
7,19,4,-0.0014921639828395644,0.2388157420524244,0.026760439733005088,0,0.0,4.640863434207818e-06
7,19,5,-0.0014921639828395644,0.2388157420524244,0.032560063519562865,1,0.0001,7.977024624399813e-06
7,19,6,-0.0014921639828395644,0.2388157420524244,0.03835968730612063,0,0.0,7.108398992118328e-06
7,19,7,-0.0014921639828395644,0.2388157420524244,0.04415931109267841,0,0.0,5.395226866456814e-06
7,19,8,-0.0014921639828395644,0.2388157420524244,0.04995893487923618,0,0.0,2.755224350779788e-06
7,19,9,-0.0014921639828395644,0.2388157420524244,0.05575855866579396,0,0.0,5.991787701830097e-07
7,19,10,-0.0014921639828395644,0.2388157420524244,0.061558182452351735,0,0.0,4.8983404547279176e-08
7,19,11,-0.0014921639828395644,0.2388157420524244,0.06735780623890952,0,0.0,1.4791706484447288e-09
7,19,12,-0.0014921639828395644,0.2388157420524244,0.07315743002546729,0,0.0,0.0
7,19,13,-0.0014921639828395644,0.2388157420524244,0.07895705381202506,0,0.0,0.0
7,19,14,-0.0014921639828395644,0.2388157420524244,0.08475667759858284,0,0.0,0.0
7,19,15,-0.0014921639828395644,0.2388157420524244,0.09055630138514062,0,0.0,0.0
7,19,16,-0.0014921639828395644,0.2388157420524244,0.09635592517169839,0,0.0,0.0
7,19,17,-0.0014921639828395644,0.2388157420524244,0.10215554895825617,0,0.0,0.0
7,19,18,-0.0014921639828395644,0.2388157420524244,0.10795517274481395,0,0.0,0.0
7,19,19,-0.0014921639828395644,0.2388157420524244,0.11375479653137172,0,0.0,0.0
8,0,0,0.017348778237476756,0.06626764029247711,0.0035619445867739875,0,0.0,7.497441910295917e-06
8,0,1,0.017348778237476756,0.06626764029247711,0.009361568373331762,0,0.0,1.580407005658091e-05
8,0,2,0.017348778237476756,0.06626764029247711,0.015161192159889538,0,0.0,1.918897580081209e-05
8,0,3,0.017348778237476756,0.06626764029247711,0.020960815946447314,0,0.0,1.5170373053264263e-05
8,0,4,0.017348778237476756,0.06626764029247711,0.026760439733005088,0,0.0,8.28409929407311e-06
8,0,5,0.017348778237476756,0.06626764029247711,0.032560063519562865,0,0.0,3.1004439090981893e-06
8,0,6,0.017348778237476756,0.06626764029247711,0.03835968730612063,0,0.0,8.919340981701491e-07
8,0,7,0.017348778237476756,0.06626764029247711,0.04415931109267841,0,0.0,2.677007552152102e-07
8,0,8,0.017348778237476756,0.06626764029247711,0.04995893487923618,0,0.0,7.047685206037732e-08
8,0,9,0.017348778237476756,0.06626764029247711,0.05575855866579396,0,0.0,1.259940341554331e-08
8,0,10,0.017348778237476756,0.06626764029247711,0.061558182452351735,0,0.0,1.9143039879942426e-09
8,0,11,0.017348778237476756,0.06626764029247711,0.06735780623890952,0,0.0,2.6965069152072587e-10
8,0,12,0.017348778237476756,0.06626764029247711,0.07315743002546729,0,0.0,2.2324705094058102e-11
8,0,13,0.017348778237476756,0.06626764029247711,0.07895705381202506,0,0.0,9.45066228340168e-13
8,0,14,0.017348778237476756,0.06626764029247711,0.08475667759858284,0,0.0,1.8451121186205145e-14
8,0,15,0.017348778237476756,0.06626764029247711,0.09055630138514062,0,0.0,2.7444404449594257e-16
8,0,16,0.017348778237476756,0.06626764029247711,0.09635592517169839,0,0.0,0.0
8,0,17,0.017348778237476756,0.06626764029247711,0.10215554895825617,0,0.0,0.0
8,0,18,0.017348778237476756,0.06626764029247711,0.10795517274481395,0,0.0,0.0
8,0,19,0.017348778237476756,0.06626764029247711,0.11375479653137172,0,0.0,0.0
8,1,0,0.017348778237476756,0.07534911933247435,0.0035619445867739875,0,0.0,5.886750252451057e-05
8,1,1,0.017348778237476756,0.07534911933247435,0.009361568373331762,0,0.0,0.00011116460925059692
8,1,2,0.017348778237476756,0.07534911933247435,0.015161192159889538,0,0.0,0.00012262977492750579
8,1,3,0.017348778237476756,0.07534911933247435,0.020960815946447314,0,0.0,9.329931907963484e-05
8,1,4,0.017348778237476756,0.07534911933247435,0.026760439733005088,0,0.0,5.311717623104726e-05
8,1,5,0.017348778237476756,0.07534911933247435,0.032560063519562865,0,0.0,2.236333456098217e-05
8,1,6,0.017348778237476756,0.07534911933247435,0.03835968730612063,0,0.0,7.609819687336933e-06
8,1,7,0.017348778237476756,0.07534911933247435,0.04415931109267841,0,0.0,2.5789906398695346e-06
8,1,8,0.017348778237476756,0.07534911933247435,0.04995893487923618,0,0.0,7.958691274186444e-07
8,1,9,0.017348778237476756,0.07534911933247435,0.05575855866579396,0,0.0,1.9981911416038374e-07
8,1,10,0.017348778237476756,0.07534911933247435,0.061558182452351735,0,0.0,4.8787288817450697e-08
8,1,11,0.017348778237476756,0.07534911933247435,0.06735780623890952,0,0.0,9.085872153020168e-09
8,1,12,0.017348778237476756,0.07534911933247435,0.07315743002546729,0,0.0,1.0003473661055038e-09
8,1,13,0.017348778237476756,0.07534911933247435,0.07895705381202506,0,0.0,8.113833824917427e-11
8,1,14,0.017348778237476756,0.07534911933247435,0.08475667759858284,0,0.0,4.434772780503668e-12
8,1,15,0.017348778237476756,0.07534911933247435,0.09055630138514062,0,0.0,1.200814123676152e-13
8,1,16,0.017348778237476756,0.07534911933247435,0.09635592517169839,0,0.0,0.0
8,1,17,0.017348778237476756,0.07534911933247435,0.10215554895825617,0,0.0,0.0
8,1,18,0.017348778237476756,0.07534911933247435,0.10795517274481395,0,0.0,0.0
8,1,19,0.017348778237476756,0.07534911933247435,0.11375479653137172,0,0.0,0.0
8,2,0,0.017348778237476756,0.08443059837247156,0.0035619445867739875,0,0.0,0.0003004955324421905
8,2,1,0.017348778237476756,0.08443059837247156,0.009361568373331762,1,0.0001,0.0005026658446434356
8,2,2,0.017348778237476756,0.08443059837247156,0.015161192159889538,2,0.0002,0.0004917703823813462
8,2,3,0.017348778237476756,0.08443059837247156,0.020960815946447314,1,0.0001,0.0003427964466377174
8,2,4,0.017348778237476756,0.08443059837247156,0.026760439733005088,1,0.0001,0.0001965454332208293
8,2,5,0.017348778237476756,0.08443059837247156,0.032560063519562865,0,0.0,9.312007868735684e-05
8,2,6,0.017348778237476756,0.08443059837247156,0.03835968730612063,0,0.0,3.7101480020691784e-05
8,2,7,0.017348778237476756,0.08443059837247156,0.04415931109267841,0,0.0,1.3733659394082209e-05
8,2,8,0.017348778237476756,0.08443059837247156,0.04995893487923618,0,0.0,4.8794479002137385e-06
8,2,9,0.017348778237476756,0.08443059837247156,0.05575855866579396,0,0.0,1.7177857696739443e-06
8,2,10,0.017348778237476756,0.08443059837247156,0.061558182452351735,0,0.0,5.706950522391006e-07
8,2,11,0.017348778237476756,0.08443059837247156,0.06735780623890952,0,0.0,1.2622334010977787e-07
8,2,12,0.017348778237476756,0.08443059837247156,0.07315743002546729,0,0.0,1.8949140370872606e-08
8,2,13,0.017348778237476756,0.08443059837247156,0.07895705381202506,0,0.0,2.6639219993248377e-09
8,2,14,0.017348778237476756,0.08443059837247156,0.08475667759858284,0,0.0,3.8813204057812064e-10
8,2,15,0.017348778237476756,0.08443059837247156,0.09055630138514062,0,0.0,5.256847042688695e-11
8,2,16,0.017348778237476756,0.08443059837247156,0.09635592517169839,0,0.0,3.786578876860976e-12
8,2,17,0.017348778237476756,0.08443059837247156,0.10215554895825617,0,0.0,1.1071862975226461e-13
8,2,18,0.017348778237476756,0.08443059837247156,0.10795517274481395,0,0.0,0.0
8,2,19,0.017348778237476756,0.08443059837247156,0.11375479653137172,0,0.0,0.0
8,3,0,0.017348778237476756,0.09351207741246878,0.0035619445867739875,0,0.0,0.0010221539131013676
8,3,1,0.017348778237476756,0.09351207741246878,0.009361568373331762,14,0.0014,0.00155968573080845
8,3,2,0.017348778237476756,0.09351207741246878,0.015161192159889538,6,0.0006,0.0014040572987971836
8,3,3,0.017348778237476756,0.09351207741246878,0.020960815946447314,5,0.0005,0.0009036100478809966
8,3,4,0.017348778237476756,0.09351207741246878,0.026760439733005088,2,0.0002,0.0005036929389077558
8,3,5,0.017348778237476756,0.09351207741246878,0.032560063519562865,0,0.0,0.0002560089065303787
8,3,6,0.017348778237476756,0.09351207741246878,0.03835968730612063,0,0.0,0.00011422300481223223
8,3,7,0.017348778237476756,0.09351207741246878,0.04415931109267841,0,0.0,4.63398315457106e-05
8,3,8,0.017348778237476756,0.09351207741246878,0.04995893487923618,0,0.0,1.9299828001697648e-05
8,3,9,0.017348778237476756,0.09351207741246878,0.05575855866579396,0,0.0,8.382560226499404e-06
8,3,10,0.017348778237476756,0.09351207741246878,0.061558182452351735,0,0.0,3.122189204989526e-06
8,3,11,0.017348778237476756,0.09351207741246878,0.06735780623890952,0,0.0,8.334715651276721e-07
8,3,12,0.017348778237476756,0.09351207741246878,0.07315743002546729,0,0.0,1.9095856956912324e-07
8,3,13,0.017348778237476756,0.09351207741246878,0.07895705381202506,0,0.0,4.580737368665768e-08
8,3,14,0.017348778237476756,0.09351207741246878,0.08475667759858284,0,0.0,1.1755459951054038e-08
8,3,15,0.017348778237476756,0.09351207741246878,0.09055630138514062,0,0.0,2.174809804821434e-09
8,3,16,0.017348778237476756,0.09351207741246878,0.09635592517169839,0,0.0,1.9771465981268493e-10
8,3,17,0.017348778237476756,0.09351207741246878,0.10215554895825617,0,0.0,8.351603100662247e-12
8,3,18,0.017348778237476756,0.09351207741246878,0.10795517274481395,0,0.0,1.1980696832311923e-13
8,3,19,0.017348778237476756,0.09351207741246878,0.11375479653137172,0,0.0,0.0
8,4,0,0.017348778237476756,0.10259355645246601,0.0035619445867739875,16,0.0016,0.002171048801914195
8,4,1,0.017348778237476756,0.10259355645246601,0.009361568373331762,66,0.0066,0.0031328516365541864
8,4,2,0.017348778237476756,0.10259355645246601,0.015161192159889538,27,0.0027,0.002766095850216578
8,4,3,0.017348778237476756,0.10259355645246601,0.020960815946447314,11,0.0011,0.0017655528642471702
8,4,4,0.017348778237476756,0.10259355645246601,0.026760439733005088,6,0.0006,0.0009696535507037682
8,4,5,0.017348778237476756,0.10259355645246601,0.032560063519562865,3,0.0003,0.0005052454720044708
8,4,6,0.017348778237476756,0.10259355645246601,0.03835968730612063,1,0.0001,0.00024632776459781373
8,4,7,0.017348778237476756,0.10259355645246601,0.04415931109267841,0,0.0,0.0001157814956438729
8,4,8,0.017348778237476756,0.10259355645246601,0.04995893487923618,0,0.0,5.6671061247217374e-05
8,4,9,0.017348778237476756,0.10259355645246601,0.05575855866579396,0,0.0,2.5724175903736197e-05
8,4,10,0.017348778237476756,0.10259355645246601,0.061558182452351735,0,0.0,9.809245335020688e-06
8,4,11,0.017348778237476756,0.10259355645246601,0.06735780623890952,0,0.0,3.3635121417136383e-06
8,4,12,0.017348778237476756,0.10259355645246601,0.07315743002546729,0,0.0,1.1577728366902875e-06
8,4,13,0.017348778237476756,0.10259355645246601,0.07895705381202506,0,0.0,4.525509924681243e-07
8,4,14,0.017348778237476756,0.10259355645246601,0.08475667759858284,0,0.0,1.6981786621251274e-07
8,4,15,0.017348778237476756,0.10259355645246601,0.09055630138514062,0,0.0,3.7314451219073234e-08
8,4,16,0.017348778237476756,0.10259355645246601,0.09635592517169839,0,0.0,3.95583137591503e-09
8,4,17,0.017348778237476756,0.10259355645246601,0.10215554895825617,0,0.0,2.0081797511833228e-10
8,4,18,0.017348778237476756,0.10259355645246601,0.10795517274481395,0,0.0,3.967461903820827e-12
8,4,19,0.017348778237476756,0.10259355645246601,0.11375479653137172,0,0.0,0.0
8,5,0,0.017348778237476756,0.11167503549246324,0.0035619445867739875,42,0.0042,0.0028404721770248806
8,5,1,0.017348778237476756,0.11167503549246324,0.009361568373331762,67,0.0067,0.003981359978295492
8,5,2,0.017348778237476756,0.11167503549246324,0.015161192159889538,45,0.0045,0.0036053662106455826
8,5,3,0.017348778237476756,0.11167503549246324,0.020960815946447314,26,0.0026,0.0024277231373257746
8,5,4,0.017348778237476756,0.11167503549246324,0.026760439733005088,9,0.0009,0.001382040930384474
8,5,5,0.017348778237476756,0.11167503549246324,0.032560063519562865,3,0.0003,0.0007496709098600886
8,5,6,0.017348778237476756,0.11167503549246324,0.03835968730612063,0,0.0,0.0004038791094760916
8,5,7,0.017348778237476756,0.11167503549246324,0.04415931109267841,0,0.0,0.00022191735000373533
8,5,8,0.017348778237476756,0.11167503549246324,0.04995893487923618,1,0.0001,0.00012124258382222542
8,5,9,0.017348778237476756,0.11167503549246324,0.05575855866579396,0,0.0,5.6514563742813446e-05
8,5,10,0.017348778237476756,0.11167503549246324,0.061558182452351735,0,0.0,2.3635401393060242e-05
8,5,11,0.017348778237476756,0.11167503549246324,0.06735780623890952,0,0.0,1.0178810424208686e-05
8,5,12,0.017348778237476756,0.11167503549246324,0.07315743002546729,0,0.0,4.6247717486012475e-06
8,5,13,0.017348778237476756,0.11167503549246324,0.07895705381202506,0,0.0,2.6381577701273877e-06
8,5,14,0.017348778237476756,0.11167503549246324,0.08475667759858284,0,0.0,1.2453553105633435e-06
8,5,15,0.017348778237476756,0.11167503549246324,0.09055630138514062,0,0.0,3.094727754211031e-07
8,5,16,0.017348778237476756,0.11167503549246324,0.09635592517169839,0,0.0,3.712546661461751e-08
8,5,17,0.017348778237476756,0.11167503549246324,0.10215554895825617,0,0.0,2.1234556605135908e-09
8,5,18,0.017348778237476756,0.11167503549246324,0.10795517274481395,0,0.0,4.833358068261832e-11
8,5,19,0.017348778237476756,0.11167503549246324,0.11375479653137172,0,0.0,0.0
8,6,0,0.017348778237476756,0.12075651453246046,0.0035619445867739875,20,0.002,0.002341345774354361
8,6,1,0.017348778237476756,0.12075651453246046,0.009361568373331762,41,0.0041,0.0032813042494304195
8,6,2,0.017348778237476756,0.12075651453246046,0.015161192159889538,41,0.0041,0.003124423842018109
8,6,3,0.017348778237476756,0.12075651453246046,0.020960815946447314,26,0.0026,0.0022879183821155
8,6,4,0.017348778237476756,0.12075651453246046,0.026760439733005088,13,0.0013,0.001432373554956957
8,6,5,0.017348778237476756,0.12075651453246046,0.032560063519562865,6,0.0006,0.0008633659482012271
8,6,6,0.017348778237476756,0.12075651453246046,0.03835968730612063,3,0.0003,0.000524242101105948
8,6,7,0.017348778237476756,0.12075651453246046,0.04415931109267841,2,0.0002,0.0003188773897715559
8,6,8,0.017348778237476756,0.12075651453246046,0.04995893487923618,3,0.0003,0.00018210684842068206
8,6,9,0.017348778237476756,0.12075651453246046,0.05575855866579396,0,0.0,9.054910796886919e-05
8,6,10,0.017348778237476756,0.12075651453246046,0.061558182452351735,0,0.0,4.47574061995101e-05
8,6,11,0.017348778237476756,0.12075651453246046,0.06735780623890952,0,0.0,2.2563369523482638e-05
8,6,12,0.017348778237476756,0.12075651453246046,0.07315743002546729,0,0.0,1.2255842968526517e-05
8,6,13,0.017348778237476756,0.12075651453246046,0.07895705381202506,0,0.0,8.878480417181238e-06
8,6,14,0.017348778237476756,0.12075651453246046,0.08475667759858284,0,0.0,4.717919579636195e-06
8,6,15,0.017348778237476756,0.12075651453246046,0.09055630138514062,0,0.0,1.240432951725952e-06
8,6,16,0.017348778237476756,0.12075651453246046,0.09635592517169839,0,0.0,1.5549784541314556e-07
8,6,17,0.017348778237476756,0.12075651453246046,0.10215554895825617,0,0.0,9.249618828082555e-09
8,6,18,0.017348778237476756,0.12075651453246046,0.10795517274481395,0,0.0,4.16800058938145e-10
8,6,19,0.017348778237476756,0.12075651453246046,0.11375479653137172,0,0.0,3.300475836743292e-10
8,7,0,0.017348778237476756,0.12983799357245768,0.0035619445867739875,1,0.0001,0.001245588177099189
8,7,1,0.017348778237476756,0.12983799357245768,0.009361568373331762,11,0.0011,0.0018067313008222874
8,7,2,0.017348778237476756,0.12983799357245768,0.015161192159889538,15,0.0015,0.001845695109811862
8,7,3,0.017348778237476756,0.12983799357245768,0.020960815946447314,14,0.0014,0.001510999147369515
8,7,4,0.017348778237476756,0.12983799357245768,0.026760439733005088,10,0.001,0.0011111831673431252
8,7,5,0.017348778237476756,0.12983799357245768,0.032560063519562865,5,0.0005,0.0007924855975598521
8,7,6,0.017348778237476756,0.12983799357245768,0.03835968730612063,2,0.0002,0.0005382170017385973
8,7,7,0.017348778237476756,0.12983799357245768,0.04415931109267841,4,0.0004,0.000336653323296571
8,7,8,0.017348778237476756,0.12983799357245768,0.04995893487923618,2,0.0002,0.0001911222995555874
8,7,9,0.017348778237476756,0.12983799357245768,0.05575855866579396,0,0.0,0.00010417292108199926
8,7,10,0.017348778237476756,0.12983799357245768,0.061558182452351735,1,0.0001,6.122112105557752e-05
8,7,11,0.017348778237476756,0.12983799357245768,0.06735780623890952,0,0.0,3.355194084650892e-05
8,7,12,0.017348778237476756,0.12983799357245768,0.07315743002546729,0,0.0,2.0161015384853445e-05
8,7,13,0.017348778237476756,0.12983799357245768,0.07895705381202506,0,0.0,1.6676068102730975e-05
8,7,14,0.017348778237476756,0.12983799357245768,0.08475667759858284,0,0.0,9.185151069468154e-06
8,7,15,0.017348778237476756,0.12983799357245768,0.09055630138514062,0,0.0,2.3658115144121323e-06
8,7,16,0.017348778237476756,0.12983799357245768,0.09635592517169839,0,0.0,2.8294901591932314e-07
8,7,17,0.017348778237476756,0.12983799357245768,0.10215554895825617,0,0.0,1.7456214493449674e-08
8,7,18,0.017348778237476756,0.12983799357245768,0.10795517274481395,0,0.0,6.986322467425668e-09
8,7,19,0.017348778237476756,0.12983799357245768,0.11375479653137172,0,0.0,1.0929674901249729e-08
8,8,0,0.017348778237476756,0.1389194726124549,0.0035619445867739875,3,0.0003,0.0004359252941165614
8,8,1,0.017348778237476756,0.1389194726124549,0.009361568373331762,1,0.0001,0.0006736220053158605
8,8,2,0.017348778237476756,0.1389194726124549,0.015161192159889538,3,0.0003,0.0007628774422931777
8,8,3,0.017348778237476756,0.1389194726124549,0.020960815946447314,8,0.0008,0.0007278023970976164
8,8,4,0.017348778237476756,0.1389194726124549,0.026760439733005088,11,0.0011,0.0006556390681419165
8,8,5,0.017348778237476756,0.1389194726124549,0.032560063519562865,9,0.0009,0.0005578294801105747
8,8,6,0.017348778237476756,0.1389194726124549,0.03835968730612063,6,0.0006,0.0004100423405159574
8,8,7,0.017348778237476756,0.1389194726124549,0.04415931109267841,1,0.0001,0.000253727534607153
8,8,8,0.017348778237476756,0.1389194726124549,0.04995893487923618,1,0.0001,0.00014573632097659094
8,8,9,0.017348778237476756,0.1389194726124549,0.05575855866579396,0,0.0,9.123624588438197e-05
8,8,10,0.017348778237476756,0.1389194726124549,0.061558182452351735,2,0.0002,6.044619013545316e-05
8,8,11,0.017348778237476756,0.1389194726124549,0.06735780623890952,0,0.0,3.315872689703731e-05
8,8,12,0.017348778237476756,0.1389194726124549,0.07315743002546729,0,0.0,2.0462044492973736e-05
8,8,13,0.017348778237476756,0.1389194726124549,0.07895705381202506,0,0.0,1.7400273510279654e-05
8,8,14,0.017348778237476756,0.1389194726124549,0.08475667759858284,0,0.0,9.229797172707188e-06
8,8,15,0.017348778237476756,0.1389194726124549,0.09055630138514062,0,0.0,2.196430825552031e-06
8,8,16,0.017348778237476756,0.1389194726124549,0.09635592517169839,0,0.0,2.3391048149593287e-07
8,8,17,0.017348778237476756,0.1389194726124549,0.10215554895825617,0,0.0,2.9520957533487568e-08
8,8,18,0.017348778237476756,0.1389194726124549,0.10795517274481395,0,0.0,8.097659706868417e-08
8,8,19,0.017348778237476756,0.1389194726124549,0.11375479653137172,0,0.0,1.3315069847692716e-07
8,9,0,0.017348778237476756,0.14800095165245214,0.0035619445867739875,0,0.0,0.00010372769861244898
8,9,1,0.017348778237476756,0.14800095165245214,0.009361568373331762,0,0.0,0.00017157415905170003
8,9,2,0.017348778237476756,0.14800095165245214,0.015161192159889538,1,0.0001,0.00022062227048112704
8,9,3,0.017348778237476756,0.14800095165245214,0.020960815946447314,0,0.0,0.00024603669646713227
8,9,4,0.017348778237476756,0.14800095165245214,0.026760439733005088,0,0.0,0.0002640554507326299
8,9,5,0.017348778237476756,0.14800095165245214,0.032560063519562865,3,0.0003,0.0002580182467764922
8,9,6,0.017348778237476756,0.14800095165245214,0.03835968730612063,0,0.0,0.00020277961382078152
8,9,7,0.017348778237476756,0.14800095165245214,0.04415931109267841,1,0.0001,0.00013295537298044517
8,9,8,0.017348778237476756,0.14800095165245214,0.04995893487923618,0,0.0,8.799855240590394e-05
8,9,9,0.017348778237476756,0.14800095165245214,0.05575855866579396,0,0.0,6.313992945428271e-05
8,9,10,0.017348778237476756,0.14800095165245214,0.061558182452351735,1,0.0001,4.2853213923367306e-05
8,9,11,0.017348778237476756,0.14800095165245214,0.06735780623890952,0,0.0,2.277267217811218e-05
8,9,12,0.017348778237476756,0.14800095165245214,0.07315743002546729,0,0.0,1.3418530671944065e-05
8,9,13,0.017348778237476756,0.14800095165245214,0.07895705381202506,0,0.0,1.0076182647898436e-05
8,9,14,0.017348778237476756,0.14800095165245214,0.08475667759858284,0,0.0,4.69983026647843e-06
8,9,15,0.017348778237476756,0.14800095165245214,0.09055630138514062,0,0.0,9.966448275546675e-07
8,9,16,0.017348778237476756,0.14800095165245214,0.09635592517169839,0,0.0,9.760695310135617e-08
8,9,17,0.017348778237476756,0.14800095165245214,0.10215554895825617,0,0.0,8.446451080012923e-08
8,9,18,0.017348778237476756,0.14800095165245214,0.10795517274481395,0,0.0,3.6198945769714323e-07
8,9,19,0.017348778237476756,0.14800095165245214,0.11375479653137172,0,0.0,5.967400300719238e-07
8,10,0,0.017348778237476756,0.15708243069244937,0.0035619445867739875,0,0.0,1.9214167699937557e-05
8,10,1,0.017348778237476756,0.15708243069244937,0.009361568373331762,0,0.0,3.3096090306589277e-05
8,10,2,0.017348778237476756,0.15708243069244937,0.015161192159889538,0,0.0,4.5043804441335446e-05
8,10,3,0.017348778237476756,0.15708243069244937,0.020960815946447314,0,0.0,5.367798239096434e-05
8,10,4,0.017348778237476756,0.15708243069244937,0.026760439733005088,0,0.0,6.327199872050473e-05
8,10,5,0.017348778237476756,0.15708243069244937,0.032560063519562865,0,0.0,6.794177323333662e-05
8,10,6,0.017348778237476756,0.15708243069244937,0.03835968730612063,0,0.0,5.8035798222636354e-05
8,10,7,0.017348778237476756,0.15708243069244937,0.04415931109267841,0,0.0,4.595138996730898e-05
8,10,8,0.017348778237476756,0.15708243069244937,0.04995893487923618,1,0.0001,3.918794173158719e-05
8,10,9,0.017348778237476756,0.15708243069244937,0.05575855866579396,0,0.0,3.056206951687467e-05
8,10,10,0.017348778237476756,0.15708243069244937,0.061558182452351735,0,0.0,2.061316683068538e-05
8,10,11,0.017348778237476756,0.15708243069244937,0.06735780623890952,0,0.0,1.071233988227627e-05
8,10,12,0.017348778237476756,0.15708243069244937,0.07315743002546729,0,0.0,5.459996784070354e-06
8,10,13,0.017348778237476756,0.15708243069244937,0.07895705381202506,0,0.0,3.1748395082233506e-06
8,10,14,0.017348778237476756,0.15708243069244937,0.08475667759858284,0,0.0,1.1776983781085858e-06
8,10,15,0.017348778237476756,0.15708243069244937,0.09055630138514062,0,0.0,2.1188274903327972e-07
8,10,16,0.017348778237476756,0.15708243069244937,0.09635592517169839,0,0.0,2.765732984992939e-08
8,10,17,0.017348778237476756,0.15708243069244937,0.10215554895825617,0,0.0,1.3370999304096246e-07
8,10,18,0.017348778237476756,0.15708243069244937,0.10795517274481395,0,0.0,5.967439975338276e-07
8,10,19,0.017348778237476756,0.15708243069244937,0.11375479653137172,0,0.0,9.838579806578145e-07
8,11,0,0.017348778237476756,0.1661639097324466,0.0035619445867739875,0,0.0,3.853641700607269e-06
8,11,1,0.017348778237476756,0.1661639097324466,0.009361568373331762,0,0.0,6.668265110859828e-06
8,11,2,0.017348778237476756,0.1661639097324466,0.015161192159889538,0,0.0,7.930236418344083e-06
8,11,3,0.017348778237476756,0.1661639097324466,0.020960815946447314,0,0.0,8.702955650756013e-06
8,11,4,0.017348778237476756,0.1661639097324466,0.026760439733005088,0,0.0,9.56800927594876e-06
8,11,5,0.017348778237476756,0.1661639097324466,0.032560063519562865,0,0.0,9.885150688909273e-06
8,11,6,0.017348778237476756,0.1661639097324466,0.03835968730612063,0,0.0,9.048916898033991e-06
8,11,7,0.017348778237476756,0.1661639097324466,0.04415931109267841,0,0.0,9.584921951687396e-06
8,11,8,0.017348778237476756,0.1661639097324466,0.04995893487923618,0,0.0,1.0608698485331082e-05
8,11,9,0.017348778237476756,0.1661639097324466,0.05575855866579396,0,0.0,8.750197117346067e-06
8,11,10,0.017348778237476756,0.1661639097324466,0.061558182452351735,0,0.0,6.064923404448724e-06
8,11,11,0.017348778237476756,0.1661639097324466,0.06735780623890952,0,0.0,3.1186187368019126e-06
8,11,12,0.017348778237476756,0.1661639097324466,0.07315743002546729,0,0.0,1.240310323709918e-06
8,11,13,0.017348778237476756,0.1661639097324466,0.07895705381202506,0,0.0,5.180096710479507e-07
8,11,14,0.017348778237476756,0.1661639097324466,0.08475667759858284,0,0.0,1.4568086742631704e-07
8,11,15,0.017348778237476756,0.1661639097324466,0.09055630138514062,0,0.0,2.0868570224034734e-08
8,11,16,0.017348778237476756,0.1661639097324466,0.09635592517169839,0,0.0,8.004235238759424e-09
8,11,17,0.017348778237476756,0.1661639097324466,0.10215554895825617,0,0.0,8.079783126171015e-08
8,11,18,0.017348778237476756,0.1661639097324466,0.10795517274481395,0,0.0,3.619412439234289e-07
8,11,19,0.017348778237476756,0.1661639097324466,0.11375479653137172,0,0.0,5.967400300719238e-07
8,12,0,0.017348778237476756,0.17524538877244383,0.0035619445867739875,0,0.0,1.1620450802369339e-06
8,12,1,0.017348778237476756,0.17524538877244383,0.009361568373331762,0,0.0,1.9840198767955224e-06
8,12,2,0.017348778237476756,0.17524538877244383,0.015161192159889538,0,0.0,1.7827094717463938e-06
8,12,3,0.017348778237476756,0.17524538877244383,0.020960815946447314,0,0.0,1.7182208569080682e-06
8,12,4,0.017348778237476756,0.17524538877244383,0.026760439733005088,0,0.0,1.800130727411181e-06
8,12,5,0.017348778237476756,0.17524538877244383,0.032560063519562865,0,0.0,1.2735331544347134e-06
8,12,6,0.017348778237476756,0.17524538877244383,0.03835968730612063,0,0.0,8.362980207896946e-07
8,12,7,0.017348778237476756,0.17524538877244383,0.04415931109267841,0,0.0,1.1168430330893872e-06
8,12,8,0.017348778237476756,0.17524538877244383,0.04995893487923618,0,0.0,1.519074592199849e-06
8,12,9,0.017348778237476756,0.17524538877244383,0.05575855866579396,0,0.0,1.3061085015090714e-06
8,12,10,0.017348778237476756,0.17524538877244383,0.061558182452351735,0,0.0,9.429610358658923e-07
8,12,11,0.017348778237476756,0.17524538877244383,0.06735780623890952,0,0.0,4.825332026563803e-07
8,12,12,0.017348778237476756,0.17524538877244383,0.07315743002546729,0,0.0,1.4722796857976045e-07
8,12,13,0.017348778237476756,0.17524538877244383,0.07895705381202506,0,0.0,4.073804368030182e-08
8,12,14,0.017348778237476756,0.17524538877244383,0.08475667759858284,0,0.0,8.729018225702256e-09
8,12,15,0.017348778237476756,0.17524538877244383,0.09055630138514062,0,0.0,9.97246517310284e-10
8,12,16,0.017348778237476756,0.17524538877244383,0.09635592517169839,0,0.0,1.5288968130300772e-09
8,12,17,0.017348778237476756,0.17524538877244383,0.10215554895825617,0,0.0,1.8020988992812012e-08
8,12,18,0.017348778237476756,0.17524538877244383,0.10795517274481395,0,0.0,8.075998098840858e-08
8,12,19,0.017348778237476756,0.17524538877244383,0.11375479653137172,0,0.0,1.3315069847692716e-07
8,13,0,0.017348778237476756,0.18432686781244106,0.0035619445867739875,0,0.0,4.687808096970788e-07
8,13,1,0.017348778237476756,0.18432686781244106,0.009361568373331762,0,0.0,8.85225936514649e-07
8,13,2,0.017348778237476756,0.18432686781244106,0.015161192159889538,0,0.0,8.115591972769692e-07
8,13,3,0.017348778237476756,0.18432686781244106,0.020960815946447314,0,0.0,6.807153317585286e-07
8,13,4,0.017348778237476756,0.18432686781244106,0.026760439733005088,0,0.0,6.916128421876322e-07
8,13,5,0.017348778237476756,0.18432686781244106,0.032560063519562865,0,0.0,3.9424979738323056e-07
8,13,6,0.017348778237476756,0.18432686781244106,0.03835968730612063,0,0.0,1.0887787903956938e-07
8,13,7,0.017348778237476756,0.18432686781244106,0.04415931109267841,0,0.0,7.07297486755729e-08
8,13,8,0.017348778237476756,0.18432686781244106,0.04995893487923618,0,0.0,1.0135919099888773e-07
8,13,9,0.017348778237476756,0.18432686781244106,0.05575855866579396,0,0.0,8.915987650364646e-08
8,13,10,0.017348778237476756,0.18432686781244106,0.061558182452351735,0,0.0,6.613587872033127e-08
8,13,11,0.017348778237476756,0.18432686781244106,0.06735780623890952,0,0.0,3.3771223186871145e-08
8,13,12,0.017348778237476756,0.18432686781244106,0.07315743002546729,0,0.0,8.55642949200711e-09
8,13,13,0.017348778237476756,0.18432686781244106,0.07895705381202506,0,0.0,1.4735920883365328e-09
8,13,14,0.017348778237476756,0.18432686781244106,0.08475667759858284,0,0.0,2.175539934103529e-10
8,13,15,0.017348778237476756,0.18432686781244106,0.09055630138514062,0,0.0,2.009859907753548e-11
8,13,16,0.017348778237476756,0.18432686781244106,0.09635592517169839,0,0.0,1.219139271149406e-10
8,13,17,0.017348778237476756,0.18432686781244106,0.10215554895825617,0,0.0,1.4791706484447292e-09
8,13,18,0.017348778237476756,0.18432686781244106,0.10795517274481395,0,0.0,6.62918292829961e-09
8,13,19,0.017348778237476756,0.18432686781244106,0.11375479653137172,0,0.0,1.0929674901249729e-08
8,14,0,0.017348778237476756,0.19340834685243827,0.0035619445867739875,0,0.0,2.505106958576932e-07
8,14,1,0.017348778237476756,0.19340834685243827,0.009361568373331762,0,0.0,8.735403109354255e-07
8,14,2,0.017348778237476756,0.19340834685243827,0.015161192159889538,0,0.0,1.3193764400175256e-06
8,14,3,0.017348778237476756,0.19340834685243827,0.020960815946447314,0,0.0,9.072470098165157e-07
8,14,4,0.017348778237476756,0.19340834685243827,0.026760439733005088,0,0.0,4.3124401225091565e-07
8,14,5,0.017348778237476756,0.19340834685243827,0.032560063519562865,0,0.0,1.7560001006127827e-07
8,14,6,0.017348778237476756,0.19340834685243827,0.03835968730612063,0,0.0,3.6912899256720266e-08
8,14,7,0.017348778237476756,0.19340834685243827,0.04415931109267841,0,0.0,4.4809496470946904e-09
8,14,8,0.017348778237476756,0.19340834685243827,0.04995893487923618,0,0.0,2.755660264414555e-09
8,14,9,0.017348778237476756,0.19340834685243827,0.05575855866579396,0,0.0,2.392765373730561e-09
8,14,10,0.017348778237476756,0.19340834685243827,0.061558182452351735,0,0.0,1.8128847295835514e-09
8,14,11,0.017348778237476756,0.19340834685243827,0.06735780623890952,0,0.0,9.24555269119801e-10
8,14,12,0.017348778237476756,0.19340834685243827,0.07315743002546729,0,0.0,2.010111731675585e-10
8,14,13,0.017348778237476756,0.19340834685243827,0.07895705381202506,0,0.0,1.6432101613042118e-11
8,14,14,0.017348778237476756,0.19340834685243827,0.08475667759858284,0,0.0,4.962064728435311e-13
8,14,15,0.017348778237476756,0.19340834685243827,0.09055630138514062,0,0.0,1.1071862975226461e-13
8,14,16,0.017348778237476756,0.19340834685243827,0.09635592517169839,0,0.0,3.666497464493361e-12
8,14,17,0.017348778237476756,0.19340834685243827,0.10215554895825617,0,0.0,4.466708321812497e-11
8,14,18,0.017348778237476756,0.19340834685243827,0.10795517274481395,0,0.0,2.0018397866255147e-10
8,14,19,0.017348778237476756,0.19340834685243827,0.11375479653137172,0,0.0,3.300475836743292e-10
8,15,0,0.017348778237476756,0.2024898258924355,0.0035619445867739875,0,0.0,2.736986854289056e-07
8,15,1,0.017348778237476756,0.2024898258924355,0.009361568373331762,0,0.0,1.2122065039258343e-06
8,15,2,0.017348778237476756,0.2024898258924355,0.015161192159889538,0,0.0,2.058640487204e-06
8,15,3,0.017348778237476756,0.2024898258924355,0.020960815946447314,0,0.0,1.5704840996807507e-06
8,15,4,0.017348778237476756,0.2024898258924355,0.026760439733005088,0,0.0,8.859332909334839e-07
8,15,5,0.017348778237476756,0.2024898258924355,0.032560063519562865,0,0.0,3.9858665405746447e-07
8,15,6,0.017348778237476756,0.2024898258924355,0.03835968730612063,0,0.0,8.547576378053798e-08
8,15,7,0.017348778237476756,0.2024898258924355,0.04415931109267841,0,0.0,7.402249931920686e-09
8,15,8,0.017348778237476756,0.2024898258924355,0.04995893487923618,0,0.0,4.2413305386713177e-10
8,15,9,0.017348778237476756,0.2024898258924355,0.05575855866579396,0,0.0,4.51632896909685e-11
8,15,10,0.017348778237476756,0.2024898258924355,0.061558182452351735,0,0.0,3.666497464493361e-12
8,15,11,0.017348778237476756,0.2024898258924355,0.06735780623890952,0,0.0,1.1071862975226461e-13
8,15,12,0.017348778237476756,0.2024898258924355,0.07315743002546729,0,0.0,0.0
8,15,13,0.017348778237476756,0.2024898258924355,0.07895705381202506,0,0.0,0.0
8,15,14,0.017348778237476756,0.2024898258924355,0.08475667759858284,0,0.0,0.0
8,15,15,0.017348778237476756,0.2024898258924355,0.09055630138514062,0,0.0,0.0
8,15,16,0.017348778237476756,0.2024898258924355,0.09635592517169839,0,0.0,0.0
8,15,17,0.017348778237476756,0.2024898258924355,0.10215554895825617,0,0.0,0.0
8,15,18,0.017348778237476756,0.2024898258924355,0.10795517274481395,0,0.0,0.0
8,15,19,0.017348778237476756,0.2024898258924355,0.11375479653137172,0,0.0,0.0
8,16,0,0.017348778237476756,0.21157130493243273,0.0035619445867739875,0,0.0,1.6208316846100987e-07
8,16,1,0.017348778237476756,0.21157130493243273,0.009361568373331762,0,0.0,7.357333177439216e-07
8,16,2,0.017348778237476756,0.21157130493243273,0.015161192159889538,0,0.0,1.334065381184115e-06
8,16,3,0.017348778237476756,0.21157130493243273,0.020960815946447314,0,0.0,1.3572135819649862e-06
8,16,4,0.017348778237476756,0.21157130493243273,0.026760439733005088,0,0.0,1.2245267166231634e-06
8,16,5,0.017348778237476756,0.21157130493243273,0.032560063519562865,0,0.0,6.903712115849098e-07
8,16,6,0.017348778237476756,0.21157130493243273,0.03835968730612063,0,0.0,1.7656403604910167e-07
8,16,7,0.017348778237476756,0.21157130493243273,0.04415931109267841,0,0.0,2.903635569981061e-08
8,16,8,0.017348778237476756,0.21157130493243273,0.04995893487923618,0,0.0,7.51992980376378e-09
8,16,9,0.017348778237476756,0.21157130493243273,0.05575855866579396,0,0.0,1.4956027500577713e-09
8,16,10,0.017348778237476756,0.21157130493243273,0.061558182452351735,0,0.0,1.2141772064209707e-10
8,16,11,0.017348778237476756,0.21157130493243273,0.06735780623890952,0,0.0,3.666497464493361e-12
8,16,12,0.017348778237476756,0.21157130493243273,0.07315743002546729,0,0.0,0.0
8,16,13,0.017348778237476756,0.21157130493243273,0.07895705381202506,0,0.0,0.0
8,16,14,0.017348778237476756,0.21157130493243273,0.08475667759858284,0,0.0,0.0
8,16,15,0.017348778237476756,0.21157130493243273,0.09055630138514062,0,0.0,0.0
8,16,16,0.017348778237476756,0.21157130493243273,0.09635592517169839,0,0.0,0.0
8,16,17,0.017348778237476756,0.21157130493243273,0.10215554895825617,0,0.0,0.0
8,16,18,0.017348778237476756,0.21157130493243273,0.10795517274481395,0,0.0,0.0
8,16,19,0.017348778237476756,0.21157130493243273,0.11375479653137172,0,0.0,0.0
8,17,0,0.017348778237476756,0.22065278397242996,0.0035619445867739875,0,0.0,3.6267250917169787e-08
8,17,1,0.017348778237476756,0.22065278397242996,0.009361568373331762,0,0.0,1.6924649123300806e-07
8,17,2,0.017348778237476756,0.22065278397242996,0.015161192159889538,0,0.0,3.6462023577181224e-07
8,17,3,0.017348778237476756,0.22065278397242996,0.020960815946447314,0,0.0,6.532491387121835e-07
8,17,4,0.017348778237476756,0.22065278397242996,0.026760439733005088,0,0.0,1.0769602808082932e-06
8,17,5,0.017348778237476756,0.22065278397242996,0.032560063519562865,0,0.0,1.0286428875240807e-06
8,17,6,0.017348778237476756,0.22065278397242996,0.03835968730612063,0,0.0,5.344800951609637e-07
8,17,7,0.017348778237476756,0.22065278397242996,0.04415931109267841,0,0.0,2.214370247428641e-07
8,17,8,0.017348778237476756,0.22065278397242996,0.04995893487923618,0,0.0,8.761643985082247e-08
8,17,9,0.017348778237476756,0.22065278397242996,0.05575855866579396,0,0.0,1.8220171470190307e-08
8,17,10,0.017348778237476756,0.22065278397242996,0.061558182452351735,0,0.0,1.4791706484447292e-09
8,17,11,0.017348778237476756,0.22065278397242996,0.06735780623890952,0,0.0,4.466708321812497e-11
8,17,12,0.017348778237476756,0.22065278397242996,0.07315743002546729,0,0.0,0.0
8,17,13,0.017348778237476756,0.22065278397242996,0.07895705381202506,0,0.0,0.0
8,17,14,0.017348778237476756,0.22065278397242996,0.08475667759858284,0,0.0,0.0
8,17,15,0.017348778237476756,0.22065278397242996,0.09055630138514062,0,0.0,0.0
8,17,16,0.017348778237476756,0.22065278397242996,0.09635592517169839,0,0.0,0.0
8,17,17,0.017348778237476756,0.22065278397242996,0.10215554895825617,0,0.0,0.0
8,17,18,0.017348778237476756,0.22065278397242996,0.10795517274481395,0,0.0,0.0
8,17,19,0.017348778237476756,0.22065278397242996,0.11375479653137172,0,0.0,0.0
8,18,0,0.017348778237476756,0.22973426301242716,0.0035619445867739875,0,0.0,3.0194404817206256e-09
8,18,1,0.017348778237476756,0.22973426301242716,0.009361568373331762,0,0.0,1.617885532581974e-08
8,18,2,0.017348778237476756,0.22973426301242716,0.015161192159889538,0,0.0,7.621845689735887e-08
8,18,3,0.017348778237476756,0.22973426301242716,0.020960815946447314,0,0.0,4.858695916151631e-07
8,18,4,0.017348778237476756,0.22973426301242716,0.026760439733005088,0,0.0,1.8138292073080096e-06
8,18,5,0.017348778237476756,0.22973426301242716,0.032560063519562865,0,0.0,2.8658760046996816e-06
8,18,6,0.017348778237476756,0.22973426301242716,0.03835968730612063,0,0.0,2.0087052075898313e-06
8,18,7,0.017348778237476756,0.22973426301242716,0.04415931109267841,0,0.0,9.607044813083761e-07
8,18,8,0.017348778237476756,0.22973426301242716,0.04995893487923618,0,0.0,3.917121599763238e-07
8,18,9,0.017348778237476756,0.22973426301242716,0.05575855866579396,0,0.0,8.165714333763732e-08
8,18,10,0.017348778237476756,0.22973426301242716,0.061558182452351735,0,0.0,6.62918292829961e-09
8,18,11,0.017348778237476756,0.22973426301242716,0.06735780623890952,0,0.0,2.0018397866255147e-10
8,18,12,0.017348778237476756,0.22973426301242716,0.07315743002546729,0,0.0,0.0
8,18,13,0.017348778237476756,0.22973426301242716,0.07895705381202506,0,0.0,0.0
8,18,14,0.017348778237476756,0.22973426301242716,0.08475667759858284,0,0.0,0.0
8,18,15,0.017348778237476756,0.22973426301242716,0.09055630138514062,0,0.0,0.0
8,18,16,0.017348778237476756,0.22973426301242716,0.09635592517169839,0,0.0,0.0
8,18,17,0.017348778237476756,0.22973426301242716,0.10215554895825617,0,0.0,0.0
8,18,18,0.017348778237476756,0.22973426301242716,0.10795517274481395,0,0.0,0.0
8,18,19,0.017348778237476756,0.22973426301242716,0.11375479653137172,0,0.0,0.0
8,19,0,0.017348778237476756,0.2388157420524244,0.0035619445867739875,0,0.0,9.666716136523665e-11
8,19,1,0.017348778237476756,0.2388157420524244,0.009361568373331762,0,0.0,2.122374047054026e-09
8,19,2,0.017348778237476756,0.2388157420524244,0.015161192159889538,0,0.0,5.2601841011517295e-08
8,19,3,0.017348778237476756,0.2388157420524244,0.020960815946447314,0,0.0,6.107288114695223e-07
8,19,4,0.017348778237476756,0.2388157420524244,0.026760439733005088,0,0.0,2.707281629476734e-06
8,19,5,0.017348778237476756,0.2388157420524244,0.032560063519562865,0,0.0,4.555761956007462e-06
8,19,6,0.017348778237476756,0.2388157420524244,0.03835968730612063,0,0.0,3.274101863412621e-06
8,19,7,0.017348778237476756,0.2388157420524244,0.04415931109267841,0,0.0,1.5808408461710224e-06
8,19,8,0.017348778237476756,0.2388157420524244,0.04995893487923618,0,0.0,6.457307676141318e-07
8,19,9,0.017348778237476756,0.2388157420524244,0.05575855866579396,0,0.0,1.346298691253719e-07
8,19,10,0.017348778237476756,0.2388157420524244,0.061558182452351735,0,0.0,1.0929674901249729e-08
8,19,11,0.017348778237476756,0.2388157420524244,0.06735780623890952,0,0.0,3.300475836743292e-10
8,19,12,0.017348778237476756,0.2388157420524244,0.07315743002546729,0,0.0,0.0
8,19,13,0.017348778237476756,0.2388157420524244,0.07895705381202506,0,0.0,0.0
8,19,14,0.017348778237476756,0.2388157420524244,0.08475667759858284,0,0.0,0.0
8,19,15,0.017348778237476756,0.2388157420524244,0.09055630138514062,0,0.0,0.0
8,19,16,0.017348778237476756,0.2388157420524244,0.09635592517169839,0,0.0,0.0
8,19,17,0.017348778237476756,0.2388157420524244,0.10215554895825617,0,0.0,0.0
8,19,18,0.017348778237476756,0.2388157420524244,0.10795517274481395,0,0.0,0.0
8,19,19,0.017348778237476756,0.2388157420524244,0.11375479653137172,0,0.0,0.0
9,0,0,0.036189720457793076,0.06626764029247711,0.0035619445867739875,0,0.0,2.2591776501268105e-05
9,0,1,0.036189720457793076,0.06626764029247711,0.009361568373331762,0,0.0,4.122925775077048e-05
9,0,2,0.036189720457793076,0.06626764029247711,0.015161192159889538,0,0.0,4.660021785048966e-05
9,0,3,0.036189720457793076,0.06626764029247711,0.020960815946447314,0,0.0,3.546725651062977e-05
9,0,4,0.036189720457793076,0.06626764029247711,0.026760439733005088,0,0.0,1.9069471406515013e-05
9,0,5,0.036189720457793076,0.06626764029247711,0.032560063519562865,0,0.0,7.561668998484409e-06
9,0,6,0.036189720457793076,0.06626764029247711,0.03835968730612063,0,0.0,2.7325891498571065e-06
9,0,7,0.036189720457793076,0.06626764029247711,0.04415931109267841,0,0.0,9.880831273843071e-07
9,0,8,0.036189720457793076,0.06626764029247711,0.04995893487923618,0,0.0,2.499124983388187e-07
9,0,9,0.036189720457793076,0.06626764029247711,0.05575855866579396,0,0.0,4.285198442231526e-08
9,0,10,0.036189720457793076,0.06626764029247711,0.061558182452351735,0,0.0,6.653652510441413e-09
9,0,11,0.036189720457793076,0.06626764029247711,0.06735780623890952,0,0.0,9.64034732163856e-10
9,0,12,0.036189720457793076,0.06626764029247711,0.07315743002546729,0,0.0,1.1002520877380225e-10
9,0,13,0.036189720457793076,0.06626764029247711,0.07895705381202506,0,0.0,8.812035327808751e-12
9,0,14,0.036189720457793076,0.06626764029247711,0.08475667759858284,0,0.0,4.2077140765058514e-13
9,0,15,0.036189720457793076,0.06626764029247711,0.09055630138514062,0,0.0,9.0883385708546e-15
9,0,16,0.036189720457793076,0.06626764029247711,0.09635592517169839,0,0.0,0.0
9,0,17,0.036189720457793076,0.06626764029247711,0.10215554895825617,0,0.0,0.0
9,0,18,0.036189720457793076,0.06626764029247711,0.10795517274481395,0,0.0,0.0
9,0,19,0.036189720457793076,0.06626764029247711,0.11375479653137172,0,0.0,0.0
9,1,0,0.036189720457793076,0.07534911933247435,0.0035619445867739875,0,0.0,0.00013166402647317067
9,1,1,0.036189720457793076,0.07534911933247435,0.009361568373331762,0,0.0,0.00022131771651997056
9,1,2,0.036189720457793076,0.07534911933247435,0.015161192159889538,0,0.0,0.00023698878513267306
9,1,3,0.036189720457793076,0.07534911933247435,0.020960815946447314,0,0.0,0.00018428552679028838
9,1,4,0.036189720457793076,0.07534911933247435,0.026760439733005088,0,0.0,0.0001098394294313065
9,1,5,0.036189720457793076,0.07534911933247435,0.032560063519562865,0,0.0,5.0361290880750836e-05
9,1,6,0.036189720457793076,0.07534911933247435,0.03835968730612063,0,0.0,2.0314669396911486e-05
9,1,7,0.036189720457793076,0.07534911933247435,0.04415931109267841,0,0.0,7.901862329814249e-06
9,1,8,0.036189720457793076,0.07534911933247435,0.04995893487923618,0,0.0,2.4869967465101666e-06
9,1,9,0.036189720457793076,0.07534911933247435,0.05575855866579396,0,0.0,6.489669820779828e-07
9,1,10,0.036189720457793076,0.07534911933247435,0.061558182452351735,0,0.0,1.5753012768384884e-07
9,1,11,0.036189720457793076,0.07534911933247435,0.06735780623890952,0,0.0,3.067741057845076e-08
9,1,12,0.036189720457793076,0.07534911933247435,0.07315743002546729,0,0.0,4.023515241765561e-09
9,1,13,0.036189720457793076,0.07534911933247435,0.07895705381202506,0,0.0,3.3272979003070757e-10
9,1,14,0.036189720457793076,0.07534911933247435,0.08475667759858284,0,0.0,1.5522682451362054e-11
9,1,15,0.036189720457793076,0.07534911933247435,0.09055630138514062,0,0.0,3.1941556051367104e-13
9,1,16,0.036189720457793076,0.07534911933247435,0.09635592517169839,0,0.0,0.0
9,1,17,0.036189720457793076,0.07534911933247435,0.10215554895825617,0,0.0,0.0
9,1,18,0.036189720457793076,0.07534911933247435,0.10795517274481395,0,0.0,0.0
9,1,19,0.036189720457793076,0.07534911933247435,0.11375479653137172,0,0.0,0.0
9,2,0,0.036189720457793076,0.08443059837247156,0.0035619445867739875,0,0.0,0.0004869184757592231
9,2,1,0.036189720457793076,0.08443059837247156,0.009361568373331762,5,0.0005,0.0007671509209910939
9,2,2,0.036189720457793076,0.08443059837247156,0.015161192159889538,5,0.0005,0.000772532585487086
9,2,3,0.036189720457793076,0.08443059837247156,0.020960815946447314,6,0.0006,0.0005897746593225605
9,2,4,0.036189720457793076,0.08443059837247156,0.026760439733005088,1,0.0001,0.00037457873430824955
9,2,5,0.036189720457793076,0.08443059837247156,0.032560063519562865,0,0.0,0.00019654024505711242
9,2,6,0.036189720457793076,0.08443059837247156,0.03835968730612063,0,0.0,9.018792615237077e-05
9,2,7,0.036189720457793076,0.08443059837247156,0.04415931109267841,0,0.0,3.894856147887469e-05
9,2,8,0.036189720457793076,0.08443059837247156,0.04995893487923618,0,0.0,1.5366373233358107e-05
9,2,9,0.036189720457793076,0.08443059837247156,0.05575855866579396,0,0.0,5.621725907801745e-06
9,2,10,0.036189720457793076,0.08443059837247156,0.061558182452351735,0,0.0,1.8038283232214503e-06
9,2,11,0.036189720457793076,0.08443059837247156,0.06735780623890952,0,0.0,4.186800597228241e-07
9,2,12,0.036189720457793076,0.08443059837247156,0.07315743002546729,0,0.0,6.38661920984951e-08
9,2,13,0.036189720457793076,0.08443059837247156,0.07895705381202506,0,0.0,7.933942290932372e-09
9,2,14,0.036189720457793076,0.08443059837247156,0.08475667759858284,0,0.0,1.399236401874543e-09
9,2,15,0.036189720457793076,0.08443059837247156,0.09055630138514062,0,0.0,2.258276773127432e-10
9,2,16,0.036189720457793076,0.08443059837247156,0.09635592517169839,0,0.0,1.705747783682412e-11
9,2,17,0.036189720457793076,0.08443059837247156,0.10215554895825617,0,0.0,4.964809168880272e-13
9,2,18,0.036189720457793076,0.08443059837247156,0.10795517274481395,0,0.0,0.0
9,2,19,0.036189720457793076,0.08443059837247156,0.11375479653137172,0,0.0,0.0
9,3,0,0.036189720457793076,0.09351207741246878,0.0035619445867739875,3,0.0003,0.0012511484087742212
9,3,1,0.036189720457793076,0.09351207741246878,0.009361568373331762,12,0.0012,0.0018969523903152687
9,3,2,0.036189720457793076,0.09351207741246878,0.015161192159889538,13,0.0013,0.001820149213731981
9,3,3,0.036189720457793076,0.09351207741246878,0.020960815946447314,9,0.0009,0.0013246773908878178
9,3,4,0.036189720457793076,0.09351207741246878,0.026760439733005088,6,0.0006,0.0008540243111045714
9,3,5,0.036189720457793076,0.09351207741246878,0.032560063519562865,2,0.0002,0.0005033262662519831
9,3,6,0.036189720457793076,0.09351207741246878,0.03835968730612063,0,0.0,0.0002686882890879072
9,3,7,0.036189720457793076,0.09351207741246878,0.04415931109267841,1,0.0001,0.0001325546535915987
9,3,8,0.036189720457793076,0.09351207741246878,0.04995893487923618,0,0.0,6.201217581241046e-05
9,3,9,0.036189720457793076,0.09351207741246878,0.05575855866579396,0,0.0,2.7202913537994703e-05
9,3,10,0.036189720457793076,0.09351207741246878,0.061558182452351735,0,0.0,1.009706913854025e-05
9,3,11,0.036189720457793076,0.09351207741246878,0.06735780623890952,0,0.0,2.7782994623109374e-06
9,3,12,0.036189720457793076,0.09351207741246878,0.07315743002546729,0,0.0,5.692737309826666e-07
9,3,13,0.036189720457793076,0.09351207741246878,0.07895705381202506,0,0.0,1.3941587898197384e-07
9,3,14,0.036189720457793076,0.09351207741246878,0.08475667759858284,0,0.0,4.463174903005963e-08
9,3,15,0.036189720457793076,0.09351207741246878,0.09055630138514062,0,0.0,8.937691868218647e-09
9,3,16,0.036189720457793076,0.09351207741246878,0.09635592517169839,0,0.0,8.472584400358909e-10
9,3,17,0.036189720457793076,0.09351207741246878,0.10215554895825617,0,0.0,3.764319504863227e-11
9,3,18,0.036189720457793076,0.09351207741246878,0.10795517274481395,0,0.0,6.069251025957958e-13
9,3,19,0.036189720457793076,0.09351207741246878,0.11375479653137172,0,0.0,0.0
9,4,0,0.036189720457793076,0.10259355645246601,0.0035619445867739875,25,0.0025,0.0021482447347080935
9,4,1,0.036189720457793076,0.10259355645246601,0.009361568373331762,46,0.0046,0.003224611185004397
9,4,2,0.036189720457793076,0.10259355645246601,0.015161192159889538,37,0.0037,0.0030960535825561826
9,4,3,0.036189720457793076,0.10259355645246601,0.020960815946447314,12,0.0012,0.002232991792864133
9,4,4,0.036189720457793076,0.10259355645246601,0.026760439733005088,12,0.0012,0.0014401998156633785
9,4,5,0.036189720457793076,0.10259355645246601,0.032560063519562865,4,0.0004,0.0009218102672009248
9,4,6,0.036189720457793076,0.10259355645246601,0.03835968730612063,1,0.0001,0.0005648022716400832
9,4,7,0.036189720457793076,0.10259355645246601,0.04415931109267841,0,0.0,0.00031749123916665484
9,4,8,0.036189720457793076,0.10259355645246601,0.04995893487923618,0,0.0,0.00016589166678683483
9,4,9,0.036189720457793076,0.10259355645246601,0.05575855866579396,1,0.0001,7.829665148024853e-05
9,4,10,0.036189720457793076,0.10259355645246601,0.061558182452351735,0,0.0,3.2331912954352144e-05
9,4,11,0.036189720457793076,0.10259355645246601,0.06735780623890952,0,0.0,1.1299683758977504e-05
9,4,12,0.036189720457793076,0.10259355645246601,0.07315743002546729,0,0.0,3.6414422002174564e-06
9,4,13,0.036189720457793076,0.10259355645246601,0.07895705381202506,0,0.0,1.547549315695492e-06
9,4,14,0.036189720457793076,0.10259355645246601,0.08475667759858284,0,0.0,6.203460860376545e-07
9,4,15,0.036189720457793076,0.10259355645246601,0.09055630138514062,0,0.0,1.417593997368288e-07
9,4,16,0.036189720457793076,0.10259355645246601,0.09635592517169839,0,0.0,1.624049024100422e-08
9,4,17,0.036189720457793076,0.10259355645246601,0.10215554895825617,0,0.0,9.026303902141452e-10
9,4,18,0.036189720457793076,0.10259355645246601,0.10795517274481395,0,0.0,2.009859907753548e-11
9,4,19,0.036189720457793076,0.10259355645246601,0.11375479653137172,0,0.0,0.0
9,5,0,0.036189720457793076,0.11167503549246324,0.0035619445867739875,34,0.0034,0.002346639000207296
9,5,1,0.036189720457793076,0.11167503549246324,0.009361568373331762,50,0.005,0.0035774624097274317
9,5,2,0.036189720457793076,0.11167503549246324,0.015161192159889538,54,0.0054,0.0036115653413291435
9,5,3,0.036189720457793076,0.11167503549246324,0.020960815946447314,36,0.0036,0.002753799278208141
9,5,4,0.036189720457793076,0.11167503549246324,0.026760439733005088,9,0.0009,0.001843974908997629
9,5,5,0.036189720457793076,0.11167503549246324,0.032560063519562865,11,0.0011,0.0012584672256302956
9,5,6,0.036189720457793076,0.11167503549246324,0.03835968730612063,3,0.0003,0.0008505386241017198
9,5,7,0.036189720457793076,0.11167503549246324,0.04415931109267841,4,0.0004,0.0005281740637078468
9,5,8,0.036189720457793076,0.11167503549246324,0.04995893487923618,1,0.0001,0.00029985019799811736
9,5,9,0.036189720457793076,0.11167503549246324,0.05575855866579396,0,0.0,0.00015220884332336625
9,5,10,0.036189720457793076,0.11167503549246324,0.061558182452351735,0,0.0,7.167536071385091e-05
9,5,11,0.036189720457793076,0.11167503549246324,0.06735780623890952,0,0.0,3.202773009001643e-05
9,5,12,0.036189720457793076,0.11167503549246324,0.07315743002546729,0,0.0,1.495334167531845e-05
9,5,13,0.036189720457793076,0.11167503549246324,0.07895705381202506,0,0.0,8.396484796988472e-06
9,5,14,0.036189720457793076,0.11167503549246324,0.08475667759858284,0,0.0,3.866144713696134e-06
9,5,15,0.036189720457793076,0.11167503549246324,0.09055630138514062,0,0.0,1.0400053249899776e-06
9,5,16,0.036189720457793076,0.11167503549246324,0.09635592517169839,0,0.0,1.4501378041198896e-07
9,5,17,0.036189720457793076,0.11167503549246324,0.10215554895825617,0,0.0,9.458499974886464e-09
9,5,18,0.036189720457793076,0.11167503549246324,0.10795517274481395,0,0.0,2.4485106188067635e-10
9,5,19,0.036189720457793076,0.11167503549246324,0.11375479653137172,0,0.0,0.0
9,6,0,0.036189720457793076,0.12075651453246046,0.0035619445867739875,12,0.0012,0.00162656265524563
9,6,1,0.036189720457793076,0.12075651453246046,0.009361568373331762,18,0.0018,0.002600545646058796
9,6,2,0.036189720457793076,0.12075651453246046,0.015161192159889538,34,0.0034,0.0028512401219974066
9,6,3,0.036189720457793076,0.12075651453246046,0.020960815946447314,29,0.0029,0.0023951610373216317
9,6,4,0.036189720457793076,0.12075651453246046,0.026760439733005088,14,0.0014,0.0017633352098613002
9,6,5,0.036189720457793076,0.12075651453246046,0.032560063519562865,11,0.0011,0.0013043260887101154
9,6,6,0.036189720457793076,0.12075651453246046,0.03835968730612063,7,0.0007,0.0009406934468225238
9,6,7,0.036189720457793076,0.12075651453246046,0.04415931109267841,5,0.0005,0.0006179808138349433
9,6,8,0.036189720457793076,0.12075651453246046,0.04995893487923618,0,0.0,0.00037305114193419536
9,6,9,0.036189720457793076,0.12075651453246046,0.05575855866579396,1,0.0001,0.00020782248261417072
9,6,10,0.036189720457793076,0.12075651453246046,0.061558182452351735,1,0.0001,0.00011075317713629747
9,6,11,0.036189720457793076,0.12075651453246046,0.06735780623890952,0,0.0,5.8178478190879456e-05
9,6,12,0.036189720457793076,0.12075651453246046,0.07315743002546729,0,0.0,3.3506362918554245e-05
9,6,13,0.036189720457793076,0.12075651453246046,0.07895705381202506,0,0.0,2.1887670192223172e-05
9,6,14,0.036189720457793076,0.12075651453246046,0.08475667759858284,0,0.0,1.1401890185331816e-05
9,6,15,0.036189720457793076,0.12075651453246046,0.09055630138514062,0,0.0,3.550493929989474e-06
9,6,16,0.036189720457793076,0.12075651453246046,0.09635592517169839,0,0.0,5.644628200949419e-07
9,6,17,0.036189720457793076,0.12075651453246046,0.10215554895825617,0,0.0,3.99072246240662e-08
9,6,18,0.036189720457793076,0.12075651453246046,0.10795517274481395,0,0.0,1.1137784295043386e-09
9,6,19,0.036189720457793076,0.12075651453246046,0.11375479653137172,0,0.0,2.709195545172843e-11
9,7,0,0.036189720457793076,0.12983799357245768,0.0035619445867739875,1,0.0001,0.0007292834145263718
9,7,1,0.036189720457793076,0.12983799357245768,0.009361568373331762,9,0.0009,0.0012672508799982858
9,7,2,0.036189720457793076,0.12983799357245768,0.015161192159889538,10,0.001,0.0015411187488704645
9,7,3,0.036189720457793076,0.12983799357245768,0.020960815946447314,8,0.0008,0.0014669898684616014
9,7,4,0.036189720457793076,0.12983799357245768,0.026760439733005088,15,0.0015,0.0012536169272939993
9,7,5,0.036189720457793076,0.12983799357245768,0.032560063519562865,14,0.0014,0.001042112109777285
9,7,6,0.036189720457793076,0.12983799357245768,0.03835968730612063,13,0.0013,0.0007938531818695529
9,7,7,0.036189720457793076,0.12983799357245768,0.04415931109267841,6,0.0006,0.0005291107587336078
9,7,8,0.036189720457793076,0.12983799357245768,0.04995893487923618,1,0.0001,0.0003272613890978773
9,7,9,0.036189720457793076,0.12983799357245768,0.05575855866579396,0,0.0,0.00019859632694945833
9,7,10,0.036189720457793076,0.12983799357245768,0.061558182452351735,0,0.0,0.00011623924167644513
9,7,11,0.036189720457793076,0.12983799357245768,0.06735780623890952,1,0.0001,6.475724244823594e-05
9,7,12,0.036189720457793076,0.12983799357245768,0.07315743002546729,0,0.0,4.0081658016984296e-05
9,7,13,0.036189720457793076,0.12983799357245768,0.07895705381202506,0,0.0,2.8201812417559502e-05
9,7,14,0.036189720457793076,0.12983799357245768,0.08475667759858284,0,0.0,1.576997729418e-05
9,7,15,0.036189720457793076,0.12983799357245768,0.09055630138514062,0,0.0,5.281669126046768e-06
9,7,16,0.036189720457793076,0.12983799357245768,0.09635592517169839,0,0.0,8.86472305567141e-07
9,7,17,0.036189720457793076,0.12983799357245768,0.10215554895825617,0,0.0,6.462222687540076e-08
9,7,18,0.036189720457793076,0.12983799357245768,0.10795517274481395,0,0.0,2.3533747036661046e-09
9,7,19,0.036189720457793076,0.12983799357245768,0.11375479653137172,0,0.0,8.971623492287451e-10
9,8,0,0.036189720457793076,0.1389194726124549,0.0035619445867739875,0,0.0,0.00021833398949694616
9,8,1,0.036189720457793076,0.1389194726124549,0.009361568373331762,0,0.0,0.0004186625338188957
9,8,2,0.036189720457793076,0.1389194726124549,0.015161192159889538,2,0.0002,0.0005749308997521527
9,8,3,0.036189720457793076,0.1389194726124549,0.020960815946447314,1,0.0001,0.000637057413459861
9,8,4,0.036189720457793076,0.1389194726124549,0.026760439733005088,2,0.0002,0.0006538380453176756
9,8,5,0.036189720457793076,0.1389194726124549,0.032560063519562865,10,0.001,0.0006269754842536423
9,8,6,0.036189720457793076,0.1389194726124549,0.03835968730612063,9,0.0009,0.0005086585013492035
9,8,7,0.036189720457793076,0.1389194726124549,0.04415931109267841,3,0.0003,0.00034240826698093285
9,8,8,0.036189720457793076,0.1389194726124549,0.04995893487923618,0,0.0,0.00021806548505353982
9,8,9,0.036189720457793076,0.1389194726124549,0.05575855866579396,2,0.0002,0.00014616879989186885
9,8,10,0.036189720457793076,0.1389194726124549,0.061558182452351735,0,0.0,9.131247224134828e-05
9,8,11,0.036189720457793076,0.1389194726124549,0.06735780623890952,0,0.0,4.8394918401516916e-05
9,8,12,0.036189720457793076,0.1389194726124549,0.07315743002546729,0,0.0,2.8285722346053294e-05
9,8,13,0.036189720457793076,0.1389194726124549,0.07895705381202506,0,0.0,1.9173752974459806e-05
9,8,14,0.036189720457793076,0.1389194726124549,0.08475667759858284,0,0.0,1.0118147723754416e-05
9,8,15,0.036189720457793076,0.1389194726124549,0.09055630138514062,0,0.0,3.2683394458921963e-06
9,8,16,0.036189720457793076,0.1389194726124549,0.09635592517169839,0,0.0,5.41303815760986e-07
9,8,17,0.036189720457793076,0.1389194726124549,0.10215554895825617,0,0.0,4.0674503106176674e-08
9,8,18,0.036189720457793076,0.1389194726124549,0.10795517274481395,0,0.0,7.726529256190906e-09
9,8,19,0.036189720457793076,0.1389194726124549,0.11375479653137172,0,0.0,1.0929674901249729e-08
9,9,0,0.036189720457793076,0.14800095165245214,0.0035619445867739875,0,0.0,4.544670152171913e-05
9,9,1,0.036189720457793076,0.14800095165245214,0.009361568373331762,0,0.0,9.341412576661614e-05
9,9,2,0.036189720457793076,0.14800095165245214,0.015161192159889538,0,0.0,0.00014578570200336822
9,9,3,0.036189720457793076,0.14800095165245214,0.020960815946447314,0,0.0,0.00018883639196511936
9,9,4,0.036189720457793076,0.14800095165245214,0.026760439733005088,1,0.0001,0.00023199257430097487
9,9,5,0.036189720457793076,0.14800095165245214,0.032560063519562865,0,0.0,0.00025661743352222626
9,9,6,0.036189720457793076,0.14800095165245214,0.03835968730612063,3,0.0003,0.00022727825977557272
9,9,7,0.036189720457793076,0.14800095165245214,0.04415931109267841,2,0.0002,0.00016673435961843478
9,9,8,0.036189720457793076,0.14800095165245214,0.04995893487923618,3,0.0003,0.00012107317514420835
9,9,9,0.036189720457793076,0.14800095165245214,0.05575855866579396,2,0.0002,8.975559077230159e-05
9,9,10,0.036189720457793076,0.14800095165245214,0.061558182452351735,0,0.0,5.6279141779469825e-05
9,9,11,0.036189720457793076,0.14800095165245214,0.06735780623890952,0,0.0,2.7915577831795087e-05
9,9,12,0.036189720457793076,0.14800095165245214,0.07315743002546729,1,0.0001,1.5639452299924155e-05
9,9,13,0.036189720457793076,0.14800095165245214,0.07895705381202506,0,0.0,9.115779995283789e-06
9,9,14,0.036189720457793076,0.14800095165245214,0.08475667759858284,0,0.0,3.560941237756281e-06
9,9,15,0.036189720457793076,0.14800095165245214,0.09055630138514062,0,0.0,8.932968470540576e-07
9,9,16,0.036189720457793076,0.14800095165245214,0.09635592517169839,0,0.0,1.3096487885267002e-07
9,9,17,0.036189720457793076,0.14800095165245214,0.10215554895825617,0,0.0,1.5599987617966485e-08
9,9,18,0.036189720457793076,0.14800095165245214,0.10795517274481395,0,0.0,2.995478773691272e-08
9,9,19,0.036189720457793076,0.14800095165245214,0.11375479653137172,0,0.0,4.8983404547279176e-08
9,10,0,0.036189720457793076,0.15708243069244937,0.0035619445867739875,0,0.0,6.969388277847386e-06
9,10,1,0.036189720457793076,0.15708243069244937,0.009361568373331762,0,0.0,1.463969580755844e-05
9,10,2,0.036189720457793076,0.15708243069244937,0.015161192159889538,0,0.0,2.454941565197592e-05
9,10,3,0.036189720457793076,0.15708243069244937,0.020960815946447314,0,0.0,3.5209849393639484e-05
9,10,4,0.036189720457793076,0.15708243069244937,0.026760439733005088,0,0.0,4.999072612547287e-05
9,10,5,0.036189720457793076,0.15708243069244937,0.032560063519562865,0,0.0,6.295226272789025e-05
9,10,6,0.036189720457793076,0.15708243069244937,0.03835968730612063,0,0.0,6.279704928963329e-05
9,10,7,0.036189720457793076,0.15708243069244937,0.04415931109267841,0,0.0,5.5156578297774236e-05
9,10,8,0.036189720457793076,0.15708243069244937,0.04995893487923618,0,0.0,4.872485898433479e-05
9,10,9,0.036189720457793076,0.15708243069244937,0.05575855866579396,0,0.0,3.794072235943545e-05
9,10,10,0.036189720457793076,0.15708243069244937,0.061558182452351735,0,0.0,2.2852995273929224e-05
9,10,11,0.036189720457793076,0.15708243069244937,0.06735780623890952,0,0.0,1.114594033091549e-05
9,10,12,0.036189720457793076,0.15708243069244937,0.07315743002546729,0,0.0,6.458878486479569e-06
9,10,13,0.036189720457793076,0.15708243069244937,0.07895705381202506,0,0.0,3.369874356175773e-06
9,10,14,0.036189720457793076,0.15708243069244937,0.08475667759858284,0,0.0,9.23545383164343e-07
9,10,15,0.036189720457793076,0.15708243069244937,0.09055630138514062,0,0.0,1.3915417998864089e-07
9,10,16,0.036189720457793076,0.15708243069244937,0.09635592517169839,0,0.0,1.4755392941761887e-08
9,10,17,0.036189720457793076,0.15708243069244937,0.10215554895825617,0,0.0,1.1721730248450912e-08
9,10,18,0.036189720457793076,0.15708243069244937,0.10795517274481395,0,0.0,4.9003503146356716e-08
9,10,19,0.036189720457793076,0.15708243069244937,0.11375479653137172,0,0.0,8.075998098840857e-08
9,11,0,0.036189720457793076,0.1661639097324466,0.0035619445867739875,0,0.0,9.671166497769227e-07
9,11,1,0.036189720457793076,0.1661639097324466,0.009361568373331762,0,0.0,1.9633623114674558e-06
9,11,2,0.036189720457793076,0.1661639097324466,0.015161192159889538,0,0.0,2.969929183040542e-06
9,11,3,0.036189720457793076,0.1661639097324466,0.020960815946447314,0,0.0,4.145545658576725e-06
9,11,4,0.036189720457793076,0.1661639097324466,0.026760439733005088,0,0.0,6.179178680678967e-06
9,11,5,0.036189720457793076,0.1661639097324466,0.032560063519562865,0,0.0,8.433962932560473e-06
9,11,6,0.036189720457793076,0.1661639097324466,0.03835968730612063,0,0.0,9.522870488818627e-06
9,11,7,0.036189720457793076,0.1661639097324466,0.04415931109267841,0,0.0,1.0416943529068166e-05
9,11,8,0.036189720457793076,0.1661639097324466,0.04995893487923618,0,0.0,1.0976549423473126e-05
9,11,9,0.036189720457793076,0.1661639097324466,0.05575855866579396,0,0.0,8.572433808158128e-06
9,11,10,0.036189720457793076,0.1661639097324466,0.061558182452351735,0,0.0,4.916973266960842e-06
9,11,11,0.036189720457793076,0.1661639097324466,0.06735780623890952,0,0.0,2.365635420772129e-06
9,11,12,0.036189720457793076,0.1661639097324466,0.07315743002546729,0,0.0,1.3397298542712298e-06
9,11,13,0.036189720457793076,0.1661639097324466,0.07895705381202506,0,0.0,6.574269310047307e-07
9,11,14,0.036189720457793076,0.1661639097324466,0.08475667759858284,0,0.0,1.5301911454397895e-07
9,11,15,0.036189720457793076,0.1661639097324466,0.09055630138514062,0,0.0,1.5617493358945913e-08
9,11,16,0.036189720457793076,0.1661639097324466,0.09635592517169839,0,0.0,1.403709363381372e-09
9,11,17,0.036189720457793076,0.1661639097324466,0.10215554895825617,0,0.0,6.657727016664186e-09
9,11,18,0.036189720457793076,0.1661639097324466,0.10795517274481395,0,0.0,2.9710543600134642e-08
9,11,19,0.036189720457793076,0.1661639097324466,0.11375479653137172,0,0.0,4.8983404547279176e-08
9,12,0,0.036189720457793076,0.17524538877244383,0.0035619445867739875,0,0.0,1.6215653348732089e-07
9,12,1,0.036189720457793076,0.17524538877244383,0.009361568373331762,0,0.0,3.0010905318119433e-07
9,12,2,0.036189720457793076,0.17524538877244383,0.015161192159889538,0,0.0,3.3631441871913247e-07
9,12,3,0.036189720457793076,0.17524538877244383,0.020960815946447314,0,0.0,3.8978199410780577e-07
9,12,4,0.036189720457793076,0.17524538877244383,0.026760439733005088,0,0.0,4.989520975974372e-07
9,12,5,0.036189720457793076,0.17524538877244383,0.032560063519562865,0,0.0,5.99873828083116e-07
9,12,6,0.036189720457793076,0.17524538877244383,0.03835968730612063,0,0.0,7.15050440362197e-07
9,12,7,0.036189720457793076,0.17524538877244383,0.04415931109267841,0,0.0,1.0069065209238328e-06
9,12,8,0.036189720457793076,0.17524538877244383,0.04995893487923618,0,0.0,1.2462573733955465e-06
9,12,9,0.036189720457793076,0.17524538877244383,0.05575855866579396,0,0.0,9.525082196778531e-07
9,12,10,0.036189720457793076,0.17524538877244383,0.061558182452351735,0,0.0,5.171290363342155e-07
9,12,11,0.036189720457793076,0.17524538877244383,0.06735780623890952,0,0.0,2.396222017475094e-07
9,12,12,0.036189720457793076,0.17524538877244383,0.07315743002546729,0,0.0,1.1786377028744703e-07
9,12,13,0.036189720457793076,0.17524538877244383,0.07895705381202506,0,0.0,5.269806275391666e-08
9,12,14,0.036189720457793076,0.17524538877244383,0.08475667759858284,0,0.0,1.1462804256393062e-08
9,12,15,0.036189720457793076,0.17524538877244383,0.09055630138514062,0,0.0,9.942687331228186e-10
9,12,16,0.036189720457793076,0.17524538877244383,0.09635592517169839,0,0.0,1.559718407737507e-10
9,12,17,0.036189720457793076,0.17524538877244383,0.10215554895825617,0,0.0,1.4793923601482783e-09
9,12,18,0.036189720457793076,0.17524538877244383,0.10795517274481395,0,0.0,6.62918292829961e-09
9,12,19,0.036189720457793076,0.17524538877244383,0.11375479653137172,0,0.0,1.0929674901249729e-08
9,13,0,0.036189720457793076,0.18432686781244106,0.0035619445867739875,0,0.0,4.116859436051652e-08
9,13,1,0.036189720457793076,0.18432686781244106,0.009361568373331762,0,0.0,7.838810246488536e-08
9,13,2,0.036189720457793076,0.18432686781244106,0.015161192159889538,0,0.0,7.500962194135391e-08
9,13,3,0.036189720457793076,0.18432686781244106,0.020960815946447314,0,0.0,6.655228997700871e-08
9,13,4,0.036189720457793076,0.18432686781244106,0.026760439733005088,0,0.0,6.808521702866263e-08
9,13,5,0.036189720457793076,0.18432686781244106,0.032560063519562865,0,0.0,4.592583492456197e-08
9,13,6,0.036189720457793076,0.18432686781244106,0.03835968730612063,0,0.0,3.0190042382960756e-08
9,13,7,0.036189720457793076,0.18432686781244106,0.04415931109267841,0,0.0,4.8528482373060386e-08
9,13,8,0.036189720457793076,0.18432686781244106,0.04995893487923618,0,0.0,6.887009176931394e-08
9,13,9,0.036189720457793076,0.18432686781244106,0.05575855866579396,0,0.0,5.1240201164610354e-08
9,13,10,0.036189720457793076,0.18432686781244106,0.061558182452351735,0,0.0,2.636108048987099e-08
9,13,11,0.036189720457793076,0.18432686781244106,0.06735780623890952,0,0.0,1.1614781305903465e-08
9,13,12,0.036189720457793076,0.18432686781244106,0.07315743002546729,0,0.0,4.453365485027471e-09
9,13,13,0.036189720457793076,0.18432686781244106,0.07895705381202506,0,0.0,1.6392605769216904e-09
9,13,14,0.036189720457793076,0.18432686781244106,0.08475667759858284,0,0.0,3.3481721271426183e-10
9,13,15,0.036189720457793076,0.18432686781244106,0.09055630138514062,0,0.0,2.7392919891055894e-11
9,13,16,0.036189720457793076,0.18432686781244106,0.09635592517169839,0,0.0,1.078467959825968e-11
9,13,17,0.036189720457793076,0.18432686781244106,0.10215554895825617,0,0.0,1.2141772064209707e-10
9,13,18,0.036189720457793076,0.18432686781244106,0.10795517274481395,0,0.0,5.441564715470467e-10
9,13,19,0.036189720457793076,0.18432686781244106,0.11375479653137172,0,0.0,8.971623492287451e-10
9,14,0,0.036189720457793076,0.19340834685243827,0.0035619445867739875,0,0.0,2.0316993636901897e-08
9,14,1,0.036189720457793076,0.19340834685243827,0.009361568373331762,0,0.0,7.132553127600154e-08
9,14,2,0.036189720457793076,0.19340834685243827,0.015161192159889538,0,0.0,1.0817520529207212e-07
9,14,3,0.036189720457793076,0.19340834685243827,0.020960815946447314,0,0.0,7.459690838097329e-08
9,14,4,0.036189720457793076,0.19340834685243827,0.026760439733005088,0,0.0,3.5474540303028344e-08
9,14,5,0.036189720457793076,0.19340834685243827,0.032560063519562865,0,0.0,1.4428116197538665e-08
9,14,6,0.036189720457793076,0.19340834685243827,0.03835968730612063,0,0.0,3.1989439109665857e-09
9,14,7,0.036189720457793076,0.19340834685243827,0.04415931109267841,0,0.0,1.144572177519356e-09
9,14,8,0.036189720457793076,0.19340834685243827,0.04995893487923618,0,0.0,1.5319979210968478e-09
9,14,9,0.036189720457793076,0.19340834685243827,0.05575855866579396,0,0.0,1.09784253436414e-09
9,14,10,0.036189720457793076,0.19340834685243827,0.061558182452351735,0,0.0,5.303422809666328e-10
9,14,11,0.036189720457793076,0.19340834685243827,0.06735780623890952,0,0.0,2.1662516861416442e-10
9,14,12,0.036189720457793076,0.19340834685243827,0.07315743002546729,0,0.0,4.516356413501299e-11
9,14,13,0.036189720457793076,0.19340834685243827,0.07895705381202506,0,0.0,3.666497464493361e-12
9,14,14,0.036189720457793076,0.19340834685243827,0.08475667759858284,0,0.0,1.1071862975226461e-13
9,14,15,0.036189720457793076,0.19340834685243827,0.09055630138514062,0,0.0,9.0883385708546e-15
9,14,16,0.036189720457793076,0.19340834685243827,0.09635592517169839,0,0.0,3.0096443932746593e-13
9,14,17,0.036189720457793076,0.19340834685243827,0.10215554895825617,0,0.0,3.666497464493361e-12
9,14,18,0.036189720457793076,0.19340834685243827,0.10795517274481395,0,0.0,1.643210161304212e-11
9,14,19,0.036189720457793076,0.19340834685243827,0.11375479653137172,0,0.0,2.709195545172843e-11
9,15,0,0.036189720457793076,0.2024898258924355,0.0035619445867739875,0,0.0,2.2437278366814513e-08
9,15,1,0.036189720457793076,0.2024898258924355,0.009361568373331762,0,0.0,9.944978176647839e-08
9,15,2,0.036189720457793076,0.2024898258924355,0.015161192159889538,0,0.0,1.6887998098607438e-07
9,15,3,0.036189720457793076,0.2024898258924355,0.020960815946447314,0,0.0,1.2859095732809304e-07
9,15,4,0.036189720457793076,0.2024898258924355,0.026760439733005088,0,0.0,7.228072585199331e-08
9,15,5,0.036189720457793076,0.2024898258924355,0.032560063519562865,0,0.0,3.25826262320599e-08
9,15,6,0.036189720457793076,0.2024898258924355,0.03835968730612063,0,0.0,7.066067723338882e-09
9,15,7,0.036189720457793076,0.2024898258924355,0.04415931109267841,0,0.0,6.295485811132169e-10
9,15,8,0.036189720457793076,0.2024898258924355,0.04995893487923618,0,0.0,3.6942383759657326e-11
9,15,9,0.036189720457793076,0.2024898258924355,0.05575855866579396,0,0.0,3.777216094245625e-12
9,15,10,0.036189720457793076,0.2024898258924355,0.061558182452351735,0,0.0,3.0096443932746593e-13
9,15,11,0.036189720457793076,0.2024898258924355,0.06735780623890952,0,0.0,9.0883385708546e-15
9,15,12,0.036189720457793076,0.2024898258924355,0.07315743002546729,0,0.0,0.0
9,15,13,0.036189720457793076,0.2024898258924355,0.07895705381202506,0,0.0,0.0
9,15,14,0.036189720457793076,0.2024898258924355,0.08475667759858284,0,0.0,0.0
9,15,15,0.036189720457793076,0.2024898258924355,0.09055630138514062,0,0.0,0.0
9,15,16,0.036189720457793076,0.2024898258924355,0.09635592517169839,0,0.0,0.0
9,15,17,0.036189720457793076,0.2024898258924355,0.10215554895825617,0,0.0,0.0
9,15,18,0.036189720457793076,0.2024898258924355,0.10795517274481395,0,0.0,0.0
9,15,19,0.036189720457793076,0.2024898258924355,0.11375479653137172,0,0.0,0.0
9,16,0,0.036189720457793076,0.21157130493243273,0.0035619445867739875,0,0.0,1.3302891414948247e-08
9,16,1,0.036189720457793076,0.21157130493243273,0.009361568373331762,0,0.0,6.036534532442787e-08
9,16,2,0.036189720457793076,0.21157130493243273,0.015161192159889538,0,0.0,1.0923868050066312e-07
9,16,3,0.036189720457793076,0.21157130493243273,0.020960815946447314,0,0.0,1.1080012117716336e-07
9,16,4,0.036189720457793076,0.21157130493243273,0.026760439733005088,0,0.0,1.0216406900341358e-07
9,16,5,0.036189720457793076,0.21157130493243273,0.032560063519562865,0,0.0,6.203641392588951e-08
9,16,6,0.036189720457793076,0.21157130493243273,0.03835968730612063,0,0.0,1.8339728980449517e-08
9,16,7,0.036189720457793076,0.21157130493243273,0.04415931109267841,0,0.0,3.2902284129545885e-09
9,16,8,0.036189720457793076,0.21157130493243273,0.04995893487923618,0,0.0,6.931714424522866e-10
9,16,9,0.036189720457793076,0.21157130493243273,0.05575855866579396,0,0.0,1.2508421810659043e-10
9,16,10,0.036189720457793076,0.21157130493243273,0.061558182452351735,0,0.0,9.966573431823465e-12
9,16,11,0.036189720457793076,0.21157130493243273,0.06735780623890952,0,0.0,3.009644393274659e-13
9,16,12,0.036189720457793076,0.21157130493243273,0.07315743002546729,0,0.0,0.0
9,16,13,0.036189720457793076,0.21157130493243273,0.07895705381202506,0,0.0,0.0
9,16,14,0.036189720457793076,0.21157130493243273,0.08475667759858284,0,0.0,0.0
9,16,15,0.036189720457793076,0.21157130493243273,0.09055630138514062,0,0.0,0.0
9,16,16,0.036189720457793076,0.21157130493243273,0.09635592517169839,0,0.0,0.0
9,16,17,0.036189720457793076,0.21157130493243273,0.10215554895825617,0,0.0,0.0
9,16,18,0.036189720457793076,0.21157130493243273,0.10795517274481395,0,0.0,0.0
9,16,19,0.036189720457793076,0.21157130493243273,0.11375479653137172,0,0.0,0.0
9,17,0,0.036189720457793076,0.22065278397242996,0.0035619445867739875,0,0.0,2.9755915046689367e-09
9,17,1,0.036189720457793076,0.22065278397242996,0.009361568373331762,0,0.0,1.387428136681612e-08
9,17,2,0.036189720457793076,0.22065278397242996,0.015161192159889538,0,0.0,3.029775096291813e-08
9,17,3,0.036189720457793076,0.22065278397242996,0.020960815946447314,0,0.0,6.247112716906824e-08
9,17,4,0.036189720457793076,0.22065278397242996,0.026760439733005088,0,0.0,1.3526188466430545e-07
9,17,5,0.036189720457793076,0.22065278397242996,0.032560063519562865,0,0.0,1.660618118901329e-07
9,17,6,0.036189720457793076,0.22065278397242996,0.03835968730612063,0,0.0,9.435572742361112e-08
9,17,7,0.036189720457793076,0.22065278397242996,0.04415931109267841,0,0.0,2.952091081977626e-08
9,17,8,0.036189720457793076,0.22065278397242996,0.04995893487923618,0,0.0,8.125603784523817e-09
9,17,9,0.036189720457793076,0.22065278397242996,0.05575855866579396,0,0.0,1.523837731662854e-09
9,17,10,0.036189720457793076,0.22065278397242996,0.061558182452351735,0,0.0,1.2141772064209707e-10
9,17,11,0.036189720457793076,0.22065278397242996,0.06735780623890952,0,0.0,3.666497464493361e-12
9,17,12,0.036189720457793076,0.22065278397242996,0.07315743002546729,0,0.0,0.0
9,17,13,0.036189720457793076,0.22065278397242996,0.07895705381202506,0,0.0,0.0
9,17,14,0.036189720457793076,0.22065278397242996,0.08475667759858284,0,0.0,0.0
9,17,15,0.036189720457793076,0.22065278397242996,0.09055630138514062,0,0.0,0.0
9,17,16,0.036189720457793076,0.22065278397242996,0.09635592517169839,0,0.0,0.0
9,17,17,0.036189720457793076,0.22065278397242996,0.10215554895825617,0,0.0,0.0
9,17,18,0.036189720457793076,0.22065278397242996,0.10795517274481395,0,0.0,0.0
9,17,19,0.036189720457793076,0.22065278397242996,0.11375479653137172,0,0.0,0.0
9,18,0,0.036189720457793076,0.22973426301242716,0.0035619445867739875,0,0.0,2.4699814522153105e-10
9,18,1,0.036189720457793076,0.22973426301242716,0.009361568373331762,0,0.0,1.426346744011784e-09
9,18,2,0.036189720457793076,0.22973426301242716,0.015161192159889538,0,0.0,1.0102862253864382e-08
9,18,3,0.036189720457793076,0.22973426301242716,0.020960815946447314,0,0.0,8.939107131064407e-08
9,18,4,0.036189720457793076,0.22973426301242716,0.026760439733005088,0,0.0,3.751369615789863e-07
9,18,5,0.036189720457793076,0.22973426301242716,0.032560063519562865,0,0.0,6.109154914246153e-07
9,18,6,0.036189720457793076,0.22973426301242716,0.03835968730612063,0,0.0,3.933310173474786e-07
9,18,7,0.036189720457793076,0.22973426301242716,0.04415931109267841,0,0.0,1.298812353579429e-07
9,18,8,0.036189720457793076,0.22973426301242716,0.04995893487923618,0,0.0,3.6343282307269e-08
9,18,9,0.036189720457793076,0.22973426301242716,0.05575855866579396,0,0.0,6.8293669069621615e-09
9,18,10,0.036189720457793076,0.22973426301242716,0.061558182452351735,0,0.0,5.441564715470467e-10
9,18,11,0.036189720457793076,0.22973426301242716,0.06735780623890952,0,0.0,1.643210161304212e-11
9,18,12,0.036189720457793076,0.22973426301242716,0.07315743002546729,0,0.0,0.0
9,18,13,0.036189720457793076,0.22973426301242716,0.07895705381202506,0,0.0,0.0
9,18,14,0.036189720457793076,0.22973426301242716,0.08475667759858284,0,0.0,0.0
9,18,15,0.036189720457793076,0.22973426301242716,0.09055630138514062,0,0.0,0.0
9,18,16,0.036189720457793076,0.22973426301242716,0.09635592517169839,0,0.0,0.0
9,18,17,0.036189720457793076,0.22973426301242716,0.10215554895825617,0,0.0,0.0
9,18,18,0.036189720457793076,0.22973426301242716,0.10795517274481395,0,0.0,0.0
9,18,19,0.036189720457793076,0.22973426301242716,0.11375479653137172,0,0.0,0.0
9,19,0,0.036189720457793076,0.2388157420524244,0.0035619445867739875,0,0.0,7.744677998066452e-12
9,19,1,0.036189720457793076,0.2388157420524244,0.009361568373331762,0,0.0,3.7654485779673026e-10
9,19,2,0.036189720457793076,0.2388157420524244,0.015161192159889538,0,0.0,1.1149943616013408e-08
9,19,3,0.036189720457793076,0.2388157420524244,0.020960815946447314,0,0.0,1.3395499508581457e-07
9,19,4,0.036189720457793076,0.2388157420524244,0.026760439733005088,0,0.0,5.988717353489845e-07
9,19,5,0.036189720457793076,0.2388157420524244,0.032560063519562865,0,0.0,9.955325979381523e-07
9,19,6,0.036189720457793076,0.2388157420524244,0.03835968730612063,0,0.0,6.458895375997403e-07
9,19,7,0.036189720457793076,0.2388157420524244,0.04415931109267841,0,0.0,2.1392431253623205e-07
9,19,8,0.036189720457793076,0.2388157420524244,0.04995893487923618,0,0.0,5.991349113159799e-08
9,19,9,0.036189720457793076,0.2388157420524244,0.05575855866579396,0,0.0,1.1259722484924058e-08
9,19,10,0.036189720457793076,0.2388157420524244,0.061558182452351735,0,0.0,8.971623492287451e-10
9,19,11,0.036189720457793076,0.2388157420524244,0.06735780623890952,0,0.0,2.709195545172843e-11
9,19,12,0.036189720457793076,0.2388157420524244,0.07315743002546729,0,0.0,0.0
9,19,13,0.036189720457793076,0.2388157420524244,0.07895705381202506,0,0.0,0.0
9,19,14,0.036189720457793076,0.2388157420524244,0.08475667759858284,0,0.0,0.0
9,19,15,0.036189720457793076,0.2388157420524244,0.09055630138514062,0,0.0,0.0
9,19,16,0.036189720457793076,0.2388157420524244,0.09635592517169839,0,0.0,0.0
9,19,17,0.036189720457793076,0.2388157420524244,0.10215554895825617,0,0.0,0.0
9,19,18,0.036189720457793076,0.2388157420524244,0.10795517274481395,0,0.0,0.0
9,19,19,0.036189720457793076,0.2388157420524244,0.11375479653137172,0,0.0,0.0
10,0,0,0.05503066267810938,0.06626764029247711,0.0035619445867739875,0,0.0,8.134845116914559e-05
10,0,1,0.05503066267810938,0.06626764029247711,0.009361568373331762,0,0.0,0.00011458076359376716
10,0,2,0.05503066267810938,0.06626764029247711,0.015161192159889538,0,0.0,0.0001103919993873541
10,0,3,0.05503066267810938,0.06626764029247711,0.020960815946447314,0,0.0,7.935483670383816e-05
10,0,4,0.05503066267810938,0.06626764029247711,0.026760439733005088,0,0.0,4.3451389741010516e-05
10,0,5,0.05503066267810938,0.06626764029247711,0.032560063519562865,0,0.0,1.9246150208768192e-05
10,0,6,0.05503066267810938,0.06626764029247711,0.03835968730612063,0,0.0,8.04013346915632e-06
10,0,7,0.05503066267810938,0.06626764029247711,0.04415931109267841,0,0.0,2.9191995509868258e-06
10,0,8,0.05503066267810938,0.06626764029247711,0.04995893487923618,0,0.0,7.008244333900168e-07
10,0,9,0.05503066267810938,0.06626764029247711,0.05575855866579396,0,0.0,1.256476890728195e-07
10,0,10,0.05503066267810938,0.06626764029247711,0.061558182452351735,0,0.0,2.1275726153016565e-08
10,0,11,0.05503066267810938,0.06626764029247711,0.06735780623890952,0,0.0,3.3947682069181103e-09
10,0,12,0.05503066267810938,0.06626764029247711,0.07315743002546729,0,0.0,5.511962323897046e-10
10,0,13,0.05503066267810938,0.06626764029247711,0.07895705381202506,0,0.0,6.710138964152207e-11
10,0,14,0.05503066267810938,0.06626764029247711,0.08475667759858284,0,0.0,4.2734225670891565e-12
10,0,15,0.05503066267810938,0.06626764029247711,0.09055630138514062,0,0.0,1.1071862975226461e-13
10,0,16,0.05503066267810938,0.06626764029247711,0.09635592517169839,0,0.0,0.0
10,0,17,0.05503066267810938,0.06626764029247711,0.10215554895825617,0,0.0,0.0
10,0,18,0.05503066267810938,0.06626764029247711,0.10795517274481395,0,0.0,0.0
10,0,19,0.05503066267810938,0.06626764029247711,0.11375479653137172,0,0.0,0.0
10,1,0,0.05503066267810938,0.07534911933247435,0.0035619445867739875,0,0.0,0.0003825963574705923
10,1,1,0.05503066267810938,0.07534911933247435,0.009361568373331762,0,0.0,0.0004901699905254713
10,1,2,0.05503066267810938,0.07534911933247435,0.015161192159889538,2,0.0002,0.0004478180537375692
10,1,3,0.05503066267810938,0.07534911933247435,0.020960815946447314,0,0.0,0.0003385659232863134
10,1,4,0.05503066267810938,0.07534911933247435,0.026760439733005088,0,0.0,0.00021500310150114396
10,1,5,0.05503066267810938,0.07534911933247435,0.032560063519562865,0,0.0,0.00011443052546133574
10,1,6,0.05503066267810938,0.07534911933247435,0.03835968730612063,0,0.0,5.469041566303324e-05
10,1,7,0.05503066267810938,0.07534911933247435,0.04415931109267841,0,0.0,2.2052619986864136e-05
10,1,8,0.05503066267810938,0.07534911933247435,0.04995893487923618,0,0.0,6.6919593607353165e-06
10,1,9,0.05503066267810938,0.07534911933247435,0.05575855866579396,0,0.0,1.79800896532524e-06
10,1,10,0.05503066267810938,0.07534911933247435,0.061558182452351735,0,0.0,4.5359396072542887e-07
10,1,11,0.05503066267810938,0.07534911933247435,0.06735780623890952,0,0.0,1.0291351202754757e-07
10,1,12,0.05503066267810938,0.07534911933247435,0.07315743002546729,0,0.0,1.9451360825541924e-08
10,1,13,0.05503066267810938,0.07534911933247435,0.07895705381202506,0,0.0,2.3843475616735897e-09
10,1,14,0.05503066267810938,0.07534911933247435,0.08475667759858284,0,0.0,1.4881165769145495e-10
10,1,15,0.05503066267810938,0.07534911933247435,0.09055630138514062,0,0.0,3.786578876860975e-12
10,1,16,0.05503066267810938,0.07534911933247435,0.09635592517169839,0,0.0,0.0
10,1,17,0.05503066267810938,0.07534911933247435,0.10215554895825617,0,0.0,0.0
10,1,18,0.05503066267810938,0.07534911933247435,0.10795517274481395,0,0.0,0.0
10,1,19,0.05503066267810938,0.07534911933247435,0.11375479653137172,0,0.0,0.0
10,2,0,0.05503066267810938,0.08443059837247156,0.0035619445867739875,2,0.0002,0.0010397942159043364
10,2,1,0.05503066267810938,0.08443059837247156,0.009361568373331762,9,0.0009,0.0013080052486841016
10,2,2,0.05503066267810938,0.08443059837247156,0.015161192159889538,7,0.0007,0.0011908500682837613
10,2,3,0.05503066267810938,0.08443059837247156,0.020960815946447314,3,0.0003,0.0009493988058644248
10,2,4,0.05503066267810938,0.08443059837247156,0.026760439733005088,3,0.0003,0.0006748446675422713
10,2,5,0.05503066267810938,0.08443059837247156,0.032560063519562865,0,0.0,0.0004136033399920828
10,2,6,0.05503066267810938,0.08443059837247156,0.03835968730612063,1,0.0001,0.00022202940359822713
10,2,7,0.05503066267810938,0.08443059837247156,0.04415931109267841,0,0.0,0.00010118120900778996
10,2,8,0.05503066267810938,0.08443059837247156,0.04995893487923618,0,0.0,3.938582040291408e-05
10,2,9,0.05503066267810938,0.08443059837247156,0.05575855866579396,0,0.0,1.453397027866014e-05
10,2,10,0.05503066267810938,0.08443059837247156,0.061558182452351735,0,0.0,4.87933361480569e-06
10,2,11,0.05503066267810938,0.08443059837247156,0.06735780623890952,0,0.0,1.3698896645662413e-06
10,2,12,0.05503066267810938,0.08443059837247156,0.07315743002546729,0,0.0,2.825751034247064e-07
10,2,13,0.05503066267810938,0.08443059837247156,0.07895705381202506,0,0.0,3.867368760709037e-08
10,2,14,0.05503066267810938,0.08443059837247156,0.08475667759858284,0,0.0,4.128093782118436e-09
10,2,15,0.05503066267810938,0.08443059837247156,0.09055630138514062,0,0.0,4.3239557308954367e-10
10,2,16,0.05503066267810938,0.08443059837247156,0.09635592517169839,0,0.0,2.882731394270326e-11
10,2,17,0.05503066267810938,0.08443059837247156,0.10215554895825617,0,0.0,8.271945050070702e-13
10,2,18,0.05503066267810938,0.08443059837247156,0.10795517274481395,0,0.0,0.0
10,2,19,0.05503066267810938,0.08443059837247156,0.11375479653137172,0,0.0,0.0
10,3,0,0.05503066267810938,0.09351207741246878,0.0035619445867739875,13,0.0013,0.0018306618944758431
10,3,1,0.05503066267810938,0.09351207741246878,0.009361568373331762,27,0.0027,0.0024270638368191367
10,3,2,0.05503066267810938,0.09351207741246878,0.015161192159889538,17,0.0017,0.0022871655257942565
10,3,3,0.05503066267810938,0.09351207741246878,0.020960815946447314,15,0.0015,0.0018570136529264597
10,3,4,0.05503066267810938,0.09351207741246878,0.026760439733005088,12,0.0012,0.001399119487818082
10,3,5,0.05503066267810938,0.09351207741246878,0.032560063519562865,3,0.0003,0.0009650063160832332
10,3,6,0.05503066267810938,0.09351207741246878,0.03835968730612063,1,0.0001,0.000589936582424497
10,3,7,0.05503066267810938,0.09351207741246878,0.04415931109267841,0,0.0,0.0003113200444155806
10,3,8,0.05503066267810938,0.09351207741246878,0.04995893487923618,0,0.0,0.00014793787265328858
10,3,9,0.05503066267810938,0.09351207741246878,0.05575855866579396,0,0.0,6.636742150045156e-05
10,3,10,0.05503066267810938,0.09351207741246878,0.061558182452351735,0,0.0,2.6795240497219697e-05
10,3,11,0.05503066267810938,0.09351207741246878,0.06735780623890952,0,0.0,8.770627686936493e-06
10,3,12,0.05503066267810938,0.09351207741246878,0.07315743002546729,0,0.0,2.061971220755167e-06
10,3,13,0.05503066267810938,0.09351207741246878,0.07895705381202506,0,0.0,4.0438636436030953e-07
10,3,14,0.05503066267810938,0.09351207741246878,0.08475667759858284,0,0.0,8.995812531865685e-08
10,3,15,0.05503066267810938,0.09351207741246878,0.09055630138514062,0,0.0,1.6060178374584724e-08
10,3,16,0.05503066267810938,0.09351207741246878,0.09635592517169839,0,0.0,1.5413941374933928e-09
10,3,17,0.05503066267810938,0.09351207741246878,0.10215554895825617,0,0.0,7.25713659658406e-11
10,3,18,0.05503066267810938,0.09351207741246878,0.10795517274481395,0,0.0,1.3143126392797467e-12
10,3,19,0.05503066267810938,0.09351207741246878,0.11375479653137172,0,0.0,0.0
10,4,0,0.05503066267810938,0.10259355645246601,0.0035619445867739875,28,0.0028,0.0022410595760059752
10,4,1,0.05503066267810938,0.10259355645246601,0.009361568373331762,50,0.005,0.003250362140834088
10,4,2,0.05503066267810938,0.10259355645246601,0.015161192159889538,38,0.0038,0.003264681071460762
10,4,3,0.05503066267810938,0.10259355645246601,0.020960815946447314,22,0.0022,0.0026903743615582973
10,4,4,0.05503066267810938,0.10259355645246601,0.026760439733005088,19,0.0019,0.002083007888753578
10,4,5,0.05503066267810938,0.10259355645246601,0.032560063519562865,15,0.0015,0.0015788586072328394
10,4,6,0.05503066267810938,0.10259355645246601,0.03835968730612063,11,0.0011,0.0010929949487538332
10,4,7,0.05503066267810938,0.10259355645246601,0.04415931109267841,4,0.0004,0.0006590594707349541
10,4,8,0.05503066267810938,0.10259355645246601,0.04995893487923618,3,0.0003,0.0003573423695213567
10,4,9,0.05503066267810938,0.10259355645246601,0.05575855866579396,0,0.0,0.00017950722955948023
10,4,10,0.05503066267810938,0.10259355645246601,0.061558182452351735,0,0.0,8.286780655753683e-05
10,4,11,0.05503066267810938,0.10259355645246601,0.06735780623890952,0,0.0,3.208107023381328e-05
10,4,12,0.05503066267810938,0.10259355645246601,0.07315743002546729,0,0.0,1.006499660646719e-05
10,4,13,0.05503066267810938,0.10259355645246601,0.07895705381202506,0,0.0,3.381976597596642e-06
10,4,14,0.05503066267810938,0.10259355645246601,0.08475667759858284,0,0.0,1.1527978337702408e-06
10,4,15,0.05503066267810938,0.10259355645246601,0.09055630138514062,0,0.0,2.58159153061724e-07
10,4,16,0.05503066267810938,0.10259355645246601,0.09635592517169839,0,0.0,3.106184206491362e-08
10,4,17,0.05503066267810938,0.10259355645246601,0.10215554895825617,0,0.0,1.829836918373868e-09
10,4,18,0.05503066267810938,0.10259355645246601,0.10795517274481395,0,0.0,4.352405706477055e-11
10,4,19,0.05503066267810938,0.10259355645246601,0.11375479653137172,0,0.0,0.0
10,5,0,0.05503066267810938,0.11167503549246324,0.0035619445867739875,16,0.0016,0.0019097379019517055
10,5,1,0.05503066267810938,0.11167503549246324,0.009361568373331762,37,0.0037,0.0030453133464951846
10,5,2,0.05503066267810938,0.11167503549246324,0.015161192159889538,38,0.0038,0.003334623444381489
10,5,3,0.05503066267810938,0.11167503549246324,0.020960815946447314,33,0.0033,0.0029001363646887018
10,5,4,0.05503066267810938,0.11167503549246324,0.026760439733005088,18,0.0018,0.002339514570015016
10,5,5,0.05503066267810938,0.11167503549246324,0.032560063519562865,30,0.003,0.0018994004578808117
10,5,6,0.05503066267810938,0.11167503549246324,0.03835968730612063,22,0.0022,0.0014353583472055127
10,5,7,0.05503066267810938,0.11167503549246324,0.04415931109267841,11,0.0011,0.0009550378159043549
10,5,8,0.05503066267810938,0.11167503549246324,0.04995893487923618,6,0.0006,0.0005734965132182213
10,5,9,0.05503066267810938,0.11167503549246324,0.05575855866579396,1,0.0001,0.0003181115497191928
10,5,10,0.05503066267810938,0.11167503549246324,0.061558182452351735,1,0.0001,0.00016447054740965133
10,5,11,0.05503066267810938,0.11167503549246324,0.06735780623890952,0,0.0,7.633611521401275e-05
10,5,12,0.05503066267810938,0.11167503549246324,0.07315743002546729,0,0.0,3.3819988712408274e-05
10,5,13,0.05503066267810938,0.11167503549246324,0.07895705381202506,0,0.0,1.6463922293654095e-05
10,5,14,0.05503066267810938,0.11167503549246324,0.08475667759858284,0,0.0,7.04450424185823e-06
10,5,15,0.05503066267810938,0.11167503549246324,0.09055630138514062,0,0.0,1.9472188205962416e-06
10,5,16,0.05503066267810938,0.11167503549246324,0.09635592517169839,0,0.0,2.888756145248522e-07
10,5,17,0.05503066267810938,0.11167503549246324,0.10215554895825617,0,0.0,1.972249067076341e-08
10,5,18,0.05503066267810938,0.11167503549246324,0.10795517274481395,0,0.0,5.302315623368807e-10
10,5,19,0.05503066267810938,0.11167503549246324,0.11375479653137172,0,0.0,0.0
10,6,0,0.05503066267810938,0.12075651453246046,0.0035619445867739875,4,0.0004,0.0011113549973223282
10,6,1,0.05503066267810938,0.12075651453246046,0.009361568373331762,22,0.0022,0.001961853647953392
10,6,2,0.05503066267810938,0.12075651453246046,0.015161192159889538,26,0.0026,0.0023873175304523386
10,6,3,0.05503066267810938,0.12075651453246046,0.020960815946447314,22,0.0022,0.00227551266434492
10,6,4,0.05503066267810938,0.12075651453246046,0.026760439733005088,22,0.0022,0.0019703780394163496
10,6,5,0.05503066267810938,0.12075651453246046,0.032560063519562865,24,0.0024,0.0016842877756164931
10,6,6,0.05503066267810938,0.12075651453246046,0.03835968730612063,21,0.0021,0.0013322964901041348
10,6,7,0.05503066267810938,0.12075651453246046,0.04415931109267841,10,0.001,0.0009449422916018916
10,6,8,0.05503066267810938,0.12075651453246046,0.04995893487923618,12,0.0012,0.0006265318671257146
10,6,9,0.05503066267810938,0.12075651453246046,0.05575855866579396,4,0.0004,0.0003876691042625367
10,6,10,0.05503066267810938,0.12075651453246046,0.061558182452351735,3,0.0003,0.00021846969070889278
10,6,11,0.05503066267810938,0.12075651453246046,0.06735780623890952,1,0.0001,0.00011589564335745916
10,6,12,0.05503066267810938,0.12075651453246046,0.07315743002546729,1,0.0001,6.54479312503091e-05
10,6,13,0.05503066267810938,0.12075651453246046,0.07895705381202506,1,0.0001,3.978520173439118e-05
10,6,14,0.05503066267810938,0.12075651453246046,0.08475667759858284,0,0.0,2.044431447090374e-05
10,6,15,0.05503066267810938,0.12075651453246046,0.09055630138514062,0,0.0,6.765525510257345e-06
10,6,16,0.05503066267810938,0.12075651453246046,0.09635592517169839,0,0.0,1.1472878807790504e-06
10,6,17,0.05503066267810938,0.12075651453246046,0.10215554895825617,0,0.0,8.415782250252337e-08
10,6,18,0.05503066267810938,0.12075651453246046,0.10795517274481395,0,0.0,2.3768292041463174e-09
10,6,19,0.05503066267810938,0.12075651453246046,0.11375479653137172,0,0.0,8.181061664362154e-13
10,7,0,0.05503066267810938,0.12983799357245768,0.0035619445867739875,0,0.0,0.0004341190692005107
10,7,1,0.05503066267810938,0.12983799357245768,0.009361568373331762,2,0.0002,0.0008679557702030964
10,7,2,0.05503066267810938,0.12983799357245768,0.015161192159889538,12,0.0012,0.0012010725256728831
10,7,3,0.05503066267810938,0.12983799357245768,0.020960815946447314,14,0.0014,0.0012876225023062803
10,7,4,0.05503066267810938,0.12983799357245768,0.026760439733005088,11,0.0011,0.0012214500982505158
10,7,5,0.05503066267810938,0.12983799357245768,0.032560063519562865,11,0.0011,0.0010968702180647817
10,7,6,0.05503066267810938,0.12983799357245768,0.03835968730612063,7,0.0007,0.000886310603160873
10,7,7,0.05503066267810938,0.12983799357245768,0.04415931109267841,3,0.0003,0.0006483738926538283
10,7,8,0.05503066267810938,0.12983799357245768,0.04995893487923618,7,0.0007,0.0004678607869318975
10,7,9,0.05503066267810938,0.12983799357245768,0.05575855866579396,6,0.0006,0.00032159911673041596
10,7,10,0.05503066267810938,0.12983799357245768,0.061558182452351735,2,0.0002,0.00019354196015503746
10,7,11,0.05503066267810938,0.12983799357245768,0.06735780623890952,1,0.0001,0.0001085896447012069
10,7,12,0.05503066267810938,0.12983799357245768,0.07315743002546729,2,0.0002,6.866611391196426e-05
10,7,13,0.05503066267810938,0.12983799357245768,0.07895705381202506,2,0.0002,4.73344276484976e-05
10,7,14,0.05503066267810938,0.12983799357245768,0.08475667759858284,1,0.0001,2.731073488331635e-05
10,7,15,0.05503066267810938,0.12983799357245768,0.09055630138514062,0,0.0,9.994904451756036e-06
10,7,16,0.05503066267810938,0.12983799357245768,0.09635592517169839,0,0.0,1.8034281060621716e-06
10,7,17,0.05503066267810938,0.12983799357245768,0.10215554895825617,0,0.0,1.362071831195118e-07
10,7,18,0.05503066267810938,0.12983799357245768,0.10795517274481395,0,0.0,3.934342861143897e-09
10,7,19,0.05503066267810938,0.12983799357245768,0.11375479653137172,0,0.0,2.709195545172843e-11
10,8,0,0.05503066267810938,0.1389194726124549,0.0035619445867739875,0,0.0,0.00011253983444102321
10,8,1,0.05503066267810938,0.1389194726124549,0.009361568373331762,0,0.0,0.00026078342916743363
10,8,2,0.05503066267810938,0.1389194726124549,0.015161192159889538,2,0.0002,0.000418034034284723
10,8,3,0.05503066267810938,0.1389194726124549,0.020960815946447314,2,0.0002,0.0005097787281074311
10,8,4,0.05503066267810938,0.1389194726124549,0.026760439733005088,4,0.0004,0.0005379229720136244
10,8,5,0.05503066267810938,0.1389194726124549,0.032560063519562865,2,0.0002,0.0005174249786831765
10,8,6,0.05503066267810938,0.1389194726124549,0.03835968730612063,0,0.0,0.00043094065890847747
10,8,7,0.05503066267810938,0.1389194726124549,0.04415931109267841,3,0.0003,0.00032342128737872185
10,8,8,0.05503066267810938,0.1389194726124549,0.04995893487923618,2,0.0002,0.0002496113866505335
10,8,9,0.05503066267810938,0.1389194726124549,0.05575855866579396,2,0.0002,0.0001898440115643782
10,8,10,0.05503066267810938,0.1389194726124549,0.061558182452351735,2,0.0002,0.00012265242418863528
10,8,11,0.05503066267810938,0.1389194726124549,0.06735780623890952,0,0.0,6.74521533072516e-05
10,8,12,0.05503066267810938,0.1389194726124549,0.07315743002546729,0,0.0,4.109516576092282e-05
10,8,13,0.05503066267810938,0.1389194726124549,0.07895705381202506,0,0.0,2.7854438173700334e-05
10,8,14,0.05503066267810938,0.1389194726124549,0.08475667759858284,0,0.0,1.5829718287454757e-05
10,8,15,0.05503066267810938,0.1389194726124549,0.09055630138514062,0,0.0,5.8668666247996226e-06
10,8,16,0.05503066267810938,0.1389194726124549,0.09635592517169839,0,0.0,1.0767002084913646e-06
10,8,17,0.05503066267810938,0.1389194726124549,0.10215554895825617,0,0.0,8.211711179768719e-08
10,8,18,0.05503066267810938,0.1389194726124549,0.10795517274481395,0,0.0,2.5765169763360257e-09
10,8,19,0.05503066267810938,0.1389194726124549,0.11375479653137172,0,0.0,3.300475836743292e-10
10,9,0,0.05503066267810938,0.14800095165245214,0.0035619445867739875,0,0.0,1.9295527467699656e-05
10,9,1,0.05503066267810938,0.14800095165245214,0.009361568373331762,0,0.0,5.140137571324378e-05
10,9,2,0.05503066267810938,0.14800095165245214,0.015161192159889538,0,0.0,9.51356087592323e-05
10,9,3,0.05503066267810938,0.14800095165245214,0.020960815946447314,0,0.0,0.00013197521991369923
10,9,4,0.05503066267810938,0.14800095165245214,0.026760439733005088,0,0.0,0.00015921908342897867
10,9,5,0.05503066267810938,0.14800095165245214,0.032560063519562865,1,0.0001,0.00017086507014328032
10,9,6,0.05503066267810938,0.14800095165245214,0.03835968730612063,0,0.0,0.00015351469662374891
10,9,7,0.05503066267810938,0.14800095165245214,0.04415931109267841,0,0.0,0.00012532787980661862
10,9,8,0.05503066267810938,0.14800095165245214,0.04995893487923618,1,0.0001,0.00010762933118278884
10,9,9,0.05503066267810938,0.14800095165245214,0.05575855866579396,1,0.0001,9.054484974139446e-05
10,9,10,0.05503066267810938,0.14800095165245214,0.061558182452351735,1,0.0001,6.186743439966128e-05
10,9,11,0.05503066267810938,0.14800095165245214,0.06735780623890952,0,0.0,3.2043990485210436e-05
10,9,12,0.05503066267810938,0.14800095165245214,0.07315743002546729,0,0.0,1.6987690304325876e-05
10,9,13,0.05503066267810938,0.14800095165245214,0.07895705381202506,0,0.0,9.5238342960758e-06
10,9,14,0.05503066267810938,0.14800095165245214,0.08475667759858284,0,0.0,4.2018408337156365e-06
10,9,15,0.05503066267810938,0.14800095165245214,0.09055630138514062,0,0.0,1.3568910495029204e-06
10,9,16,0.05503066267810938,0.14800095165245214,0.09635592517169839,0,0.0,2.4115394145713713e-07
10,9,17,0.05503066267810938,0.14800095165245214,0.10215554895825617,0,0.0,1.8486727093606677e-08
10,9,18,0.05503066267810938,0.14800095165245214,0.10795517274481395,0,0.0,1.4273939115656259e-09
10,9,19,0.05503066267810938,0.14800095165245214,0.11375479653137172,0,0.0,1.4791706484447288e-09
10,10,0,0.05503066267810938,0.15708243069244937,0.0035619445867739875,0,0.0,2.1760740093966163e-06
10,10,1,0.05503066267810938,0.15708243069244937,0.009361568373331762,0,0.0,6.365192314991294e-06
10,10,2,0.05503066267810938,0.15708243069244937,0.015161192159889538,0,0.0,1.3168985613325017e-05
10,10,3,0.05503066267810938,0.15708243069244937,0.020960815946447314,0,0.0,2.0803968400149886e-05
10,10,4,0.05503066267810938,0.15708243069244937,0.026760439733005088,0,0.0,2.981627773651957e-05
10,10,5,0.05503066267810938,0.15708243069244937,0.032560063519562865,0,0.0,3.712792807675223e-05
10,10,6,0.05503066267810938,0.15708243069244937,0.03835968730612063,0,0.0,3.772316206130606e-05
10,10,7,0.05503066267810938,0.15708243069244937,0.04415931109267841,0,0.0,3.5850740323192416e-05
10,10,8,0.05503066267810938,0.15708243069244937,0.04995893487923618,0,0.0,3.5764911494539445e-05
10,10,9,0.05503066267810938,0.15708243069244937,0.05575855866579396,0,0.0,3.204291042344613e-05
10,10,10,0.05503066267810938,0.15708243069244937,0.061558182452351735,0,0.0,2.2004526364937874e-05
10,10,11,0.05503066267810938,0.15708243069244937,0.06735780623890952,0,0.0,1.0955192166913612e-05
10,10,12,0.05503066267810938,0.15708243069244937,0.07315743002546729,0,0.0,5.3773743749749035e-06
10,10,13,0.05503066267810938,0.15708243069244937,0.07895705381202506,0,0.0,2.5244030450141144e-06
10,10,14,0.05503066267810938,0.15708243069244937,0.08475667759858284,0,0.0,7.173579612682744e-07
10,10,15,0.05503066267810938,0.15708243069244937,0.09055630138514062,0,0.0,1.4250200125364054e-07
10,10,16,0.05503066267810938,0.15708243069244937,0.09635592517169839,0,0.0,2.0827186928776674e-08
10,10,17,0.05503066267810938,0.15708243069244937,0.10215554895825617,0,0.0,1.8343124336662267e-09
10,10,18,0.05503066267810938,0.15708243069244937,0.10795517274481395,0,0.0,1.5226947055094994e-09
10,10,19,0.05503066267810938,0.15708243069244937,0.11375479653137172,0,0.0,2.438740111086126e-09
10,11,0,0.05503066267810938,0.1661639097324466,0.0035619445867739875,0,0.0,1.7249161429430153e-07
10,11,1,0.05503066267810938,0.1661639097324466,0.009361568373331762,0,0.0,5.009371715425325e-07
10,11,2,0.05503066267810938,0.1661639097324466,0.015161192159889538,0,0.0,1.0600056621628095e-06
10,11,3,0.05503066267810938,0.1661639097324466,0.020960815946447314,0,0.0,1.896178070368115e-06
10,11,4,0.05503066267810938,0.1661639097324466,0.026760439733005088,0,0.0,3.282657675319347e-06
10,11,5,0.05503066267810938,0.1661639097324466,0.032560063519562865,0,0.0,4.7331543935755766e-06
10,11,6,0.05503066267810938,0.1661639097324466,0.03835968730612063,0,0.0,5.438029341627954e-06
10,11,7,0.05503066267810938,0.1661639097324466,0.04415931109267841,0,0.0,6.017279247478487e-06
10,11,8,0.05503066267810938,0.1661639097324466,0.04995893487923618,0,0.0,6.750579722032161e-06
10,11,9,0.05503066267810938,0.1661639097324466,0.05575855866579396,0,0.0,6.111884303166754e-06
10,11,10,0.05503066267810938,0.1661639097324466,0.061558182452351735,0,0.0,4.08209946918072e-06
10,11,11,0.05503066267810938,0.1661639097324466,0.06735780623890952,0,0.0,1.9907043855053835e-06
10,11,12,0.05503066267810938,0.1661639097324466,0.07315743002546729,0,0.0,9.62974524167475e-07
10,11,13,0.05503066267810938,0.1661639097324466,0.07895705381202506,0,0.0,4.290456034347957e-07
10,11,14,0.05503066267810938,0.1661639097324466,0.08475667759858284,0,0.0,9.694353217726075e-08
10,11,15,0.05503066267810938,0.1661639097324466,0.09055630138514062,0,0.0,1.052407877361585e-08
10,11,16,0.05503066267810938,0.1661639097324466,0.09635592517169839,0,0.0,8.397550246165151e-10
10,11,17,0.05503066267810938,0.1661639097324466,0.10215554895825617,0,0.0,2.459643536159911e-10
10,11,18,0.05503066267810938,0.1661639097324466,0.10795517274481395,0,0.0,8.98476661868025e-10
10,11,19,0.05503066267810938,0.1661639097324466,0.11375479653137172,0,0.0,1.4791706484447288e-09
10,12,0,0.05503066267810938,0.17524538877244383,0.0035619445867739875,0,0.0,1.3350504537341134e-08
10,12,1,0.05503066267810938,0.17524538877244383,0.009361568373331762,0,0.0,3.1538924488513326e-08
10,12,2,0.05503066267810938,0.17524538877244383,0.015161192159889538,0,0.0,5.442865162773407e-08
10,12,3,0.05503066267810938,0.17524538877244383,0.020960815946447314,0,0.0,9.985534412028915e-08
10,12,4,0.05503066267810938,0.17524538877244383,0.026760439733005088,0,0.0,1.9264373954453654e-07
10,12,5,0.05503066267810938,0.17524538877244383,0.032560063519562865,0,0.0,3.0157508685734943e-07
10,12,6,0.05503066267810938,0.17524538877244383,0.03835968730612063,0,0.0,3.8048730865811883e-07
10,12,7,0.05503066267810938,0.17524538877244383,0.04415931109267841,0,0.0,4.88448612605884e-07
10,12,8,0.05503066267810938,0.17524538877244383,0.04995893487923618,0,0.0,5.985177843019835e-07
10,12,9,0.05503066267810938,0.17524538877244383,0.05575855866579396,0,0.0,5.239524096396139e-07
10,12,10,0.05503066267810938,0.17524538877244383,0.061558182452351735,0,0.0,3.2941602443458584e-07
10,12,11,0.05503066267810938,0.17524538877244383,0.06735780623890952,0,0.0,1.5623013104287531e-07
10,12,12,0.05503066267810938,0.17524538877244383,0.07315743002546729,0,0.0,7.429380561159855e-08
10,12,13,0.05503066267810938,0.17524538877244383,0.07895705381202506,0,0.0,3.2525830564404385e-08
10,12,14,0.05503066267810938,0.17524538877244383,0.08475667759858284,0,0.0,6.919064272096453e-09
10,12,15,0.05503066267810938,0.17524538877244383,0.09055630138514062,0,0.0,5.681523681311956e-10
10,12,16,0.05503066267810938,0.17524538877244383,0.09635592517169839,0,0.0,2.1197008873078438e-11
10,12,17,0.05503066267810938,0.17524538877244383,0.10215554895825617,0,0.0,4.4685259895266676e-11
10,12,18,0.05503066267810938,0.17524538877244383,0.10795517274481395,0,0.0,2.0018397866255147e-10
10,12,19,0.05503066267810938,0.17524538877244383,0.11375479653137172,0,0.0,3.300475836743292e-10
10,13,0,0.05503066267810938,0.18432686781244106,0.0035619445867739875,0,0.0,1.617065049183656e-09
10,13,1,0.05503066267810938,0.18432686781244106,0.009361568373331762,0,0.0,3.1659121469966356e-09
10,13,2,0.05503066267810938,0.18432686781244106,0.015161192159889538,0,0.0,3.4545656797658444e-09
10,13,3,0.05503066267810938,0.18432686781244106,0.020960815946447314,0,0.0,4.182676120442607e-09
10,13,4,0.05503066267810938,0.18432686781244106,0.026760439733005088,0,0.0,6.461401855222987e-09
10,13,5,0.05503066267810938,0.18432686781244106,0.032560063519562865,0,0.0,8.754222026364842e-09
10,13,6,0.05503066267810938,0.18432686781244106,0.03835968730612063,0,0.0,1.1422249899844103e-08
10,13,7,0.05503066267810938,0.18432686781244106,0.04415931109267841,0,0.0,1.8085820038476633e-08
10,13,8,0.05503066267810938,0.18432686781244106,0.04995893487923618,0,0.0,2.4438397647255635e-08
10,13,9,0.05503066267810938,0.18432686781244106,0.05575855866579396,0,0.0,1.984677757379694e-08
10,13,10,0.05503066267810938,0.18432686781244106,0.061558182452351735,0,0.0,1.1070752484595901e-08
10,13,11,0.05503066267810938,0.18432686781244106,0.06735780623890952,0,0.0,4.94757213368872e-09
10,13,12,0.05503066267810938,0.18432686781244106,0.07315743002546729,0,0.0,2.2414345730462457e-09
10,13,13,0.05503066267810938,0.18432686781244106,0.07895705381202506,0,0.0,9.561302707460003e-10
10,13,14,0.05503066267810938,0.18432686781244106,0.08475667759858284,0,0.0,2.0190997437091092e-10
10,13,15,0.05503066267810938,0.18432686781244106,0.09055630138514062,0,0.0,1.6441189951612974e-11
10,13,16,0.05503066267810938,0.18432686781244106,0.09635592517169839,0,0.0,7.97170912170997e-13
10,13,17,0.05503066267810938,0.18432686781244106,0.10215554895825617,0,0.0,3.666497464493361e-12
10,13,18,0.05503066267810938,0.18432686781244106,0.10795517274481395,0,0.0,1.643210161304212e-11
10,13,19,0.05503066267810938,0.18432686781244106,0.11375479653137172,0,0.0,2.709195545172843e-11
10,14,0,0.05503066267810938,0.19340834685243827,0.0035619445867739875,0,0.0,6.175064392995285e-10
10,14,1,0.05503066267810938,0.19340834685243827,0.009361568373331762,0,0.0,2.162463729977028e-09
10,14,2,0.05503066267810938,0.19340834685243827,0.015161192159889538,0,0.0,3.2807236452143434e-09
10,14,3,0.05503066267810938,0.19340834685243827,0.020960815946447314,0,0.0,2.27011819191694e-09
10,14,4,0.05503066267810938,0.19340834685243827,0.026760439733005088,0,0.0,1.0809734068203764e-09
10,14,5,0.05503066267810938,0.19340834685243827,0.032560063519562865,0,0.0,4.4068496244849705e-10
10,14,6,0.05503066267810938,0.19340834685243827,0.03835968730612063,0,0.0,1.353037153779603e-10
10,14,7,0.05503066267810938,0.19340834685243827,0.04415931109267841,0,0.0,2.0782702636943651e-10
10,14,8,0.05503066267810938,0.19340834685243827,0.04995893487923618,0,0.0,3.3393551839832706e-10
10,14,9,0.05503066267810938,0.19340834685243827,0.05575855866579396,0,0.0,2.1661608027559356e-10
10,14,10,0.05503066267810938,0.19340834685243827,0.061558182452351735,0,0.0,7.17590386698534e-11
10,14,11,0.05503066267810938,0.19340834685243827,0.06735780623890952,0,0.0,2.0098599077535483e-11
10,14,12,0.05503066267810938,0.19340834685243827,0.07315743002546729,0,0.0,3.777216094245625e-12
10,14,13,0.05503066267810938,0.19340834685243827,0.07895705381202506,0,0.0,3.0096443932746593e-13
10,14,14,0.05503066267810938,0.19340834685243827,0.08475667759858284,0,0.0,9.0883385708546e-15
10,14,15,0.05503066267810938,0.19340834685243827,0.09055630138514062,0,0.0,2.7444404449594257e-16
10,14,16,0.05503066267810938,0.19340834685243827,0.09635592517169839,0,0.0,9.088338570854601e-15
10,14,17,0.05503066267810938,0.19340834685243827,0.10215554895825617,0,0.0,1.1071862975226463e-13
10,14,18,0.05503066267810938,0.19340834685243827,0.10795517274481395,0,0.0,4.962064728435312e-13
10,14,19,0.05503066267810938,0.19340834685243827,0.11375479653137172,0,0.0,8.181061664362154e-13
10,15,0,0.05503066267810938,0.2024898258924355,0.0035619445867739875,0,0.0,6.770325637731148e-10
10,15,1,0.05503066267810938,0.2024898258924355,0.009361568373331762,0,0.0,3.0021754067321267e-09
10,15,2,0.05503066267810938,0.2024898258924355,0.015161192159889538,0,0.0,5.098063764351667e-09
10,15,3,0.05503066267810938,0.2024898258924355,0.020960815946447314,0,0.0,3.879269017104276e-09
10,15,4,0.05503066267810938,0.2024898258924355,0.026760439733005088,0,0.0,2.1830999256360556e-09
10,15,5,0.05503066267810938,0.2024898258924355,0.032560063519562865,0,0.0,9.949901241652955e-10
10,15,6,0.05503066267810938,0.2024898258924355,0.03835968730612063,0,0.0,2.2241499654580287e-10
10,15,7,0.05503066267810938,0.2024898258924355,0.04415931109267841,0,0.0,2.121766968329916e-11
10,15,8,0.05503066267810938,0.2024898258924355,0.04995893487923618,0,0.0,1.302465723585383e-12
10,15,9,0.05503066267810938,0.2024898258924355,0.05575855866579396,0,0.0,1.1980696832311923e-13
10,15,10,0.05503066267810938,0.2024898258924355,0.061558182452351735,0,0.0,9.088338570854601e-15
10,15,11,0.05503066267810938,0.2024898258924355,0.06735780623890952,0,0.0,2.7444404449594257e-16
10,15,12,0.05503066267810938,0.2024898258924355,0.07315743002546729,0,0.0,0.0
10,15,13,0.05503066267810938,0.2024898258924355,0.07895705381202506,0,0.0,0.0
10,15,14,0.05503066267810938,0.2024898258924355,0.08475667759858284,0,0.0,0.0
10,15,15,0.05503066267810938,0.2024898258924355,0.09055630138514062,0,0.0,0.0
10,15,16,0.05503066267810938,0.2024898258924355,0.09635592517169839,0,0.0,0.0
10,15,17,0.05503066267810938,0.2024898258924355,0.10215554895825617,0,0.0,0.0
10,15,18,0.05503066267810938,0.2024898258924355,0.10795517274481395,0,0.0,0.0
10,15,19,0.05503066267810938,0.2024898258924355,0.11375479653137172,0,0.0,0.0
10,16,0,0.05503066267810938,0.21157130493243273,0.0035619445867739875,0,0.0,4.016825444084271e-10
10,16,1,0.05503066267810938,0.21157130493243273,0.009361568373331762,0,0.0,1.8225448128535532e-09
10,16,2,0.05503066267810938,0.21157130493243273,0.015161192159889538,0,0.0,3.298962379098206e-09
10,16,3,0.05503066267810938,0.21157130493243273,0.020960815946447314,0,0.0,3.395529080985483e-09
10,16,4,0.05503066267810938,0.21157130493243273,0.026760439733005088,0,0.0,3.3843926989026103e-09
10,16,5,0.05503066267810938,0.21157130493243273,0.032560063519562865,0,0.0,2.4133601792809398e-09
10,16,6,0.05503066267810938,0.21157130493243273,0.03835968730612063,0,0.0,8.917392884098575e-10
10,16,7,0.05503066267810938,0.21157130493243273,0.04415931109267841,0,0.0,1.7561071988412477e-10
10,16,8,0.05503066267810938,0.21157130493243273,0.04995893487923618,0,0.0,2.7217055655346297e-11
10,16,9,0.05503066267810938,0.21157130493243273,0.05575855866579396,0,0.0,3.967461903820827e-12
10,16,10,0.05503066267810938,0.21157130493243273,0.061558182452351735,0,0.0,3.0096443932746593e-13
10,16,11,0.05503066267810938,0.21157130493243273,0.06735780623890952,0,0.0,9.0883385708546e-15
10,16,12,0.05503066267810938,0.21157130493243273,0.07315743002546729,0,0.0,0.0
10,16,13,0.05503066267810938,0.21157130493243273,0.07895705381202506,0,0.0,0.0
10,16,14,0.05503066267810938,0.21157130493243273,0.08475667759858284,0,0.0,0.0
10,16,15,0.05503066267810938,0.21157130493243273,0.09055630138514062,0,0.0,0.0
10,16,16,0.05503066267810938,0.21157130493243273,0.09635592517169839,0,0.0,0.0
10,16,17,0.05503066267810938,0.21157130493243273,0.10215554895825617,0,0.0,0.0
10,16,18,0.05503066267810938,0.21157130493243273,0.10795517274481395,0,0.0,0.0
10,16,19,0.05503066267810938,0.21157130493243273,0.11375479653137172,0,0.0,0.0
10,17,0,0.05503066267810938,0.22065278397242996,0.0035619445867739875,0,0.0,8.983037290909346e-11
10,17,1,0.05503066267810938,0.22065278397242996,0.009361568373331762,0,0.0,4.204665564026384e-10
10,17,2,0.05503066267810938,0.22065278397242996,0.015161192159889538,0,0.0,9.816968666533068e-10
10,17,3,0.05503066267810938,0.22065278397242996,0.020960815946447314,0,0.0,2.776811673628329e-09
10,17,4,0.05503066267810938,0.22065278397242996,0.026760439733005088,0,0.0,8.201354240645082e-09
10,17,5,0.05503066267810938,0.22065278397242996,0.032560063519562865,0,0.0,1.1878837328625585e-08
10,17,6,0.05503066267810938,0.22065278397242996,0.03835968730612063,0,0.0,7.0297723228842165e-09
10,17,7,0.05503066267810938,0.22065278397242996,0.04415931109267841,0,0.0,1.8256503337321002e-09
10,17,8,0.05503066267810938,0.22065278397242996,0.04995893487923618,0,0.0,3.22097905777492e-10
10,17,9,0.05503066267810938,0.22065278397242996,0.05575855866579396,0,0.0,4.833358068261832e-11
10,17,10,0.05503066267810938,0.22065278397242996,0.061558182452351735,0,0.0,3.666497464493361e-12
10,17,11,0.05503066267810938,0.22065278397242996,0.06735780623890952,0,0.0,1.1071862975226461e-13
10,17,12,0.05503066267810938,0.22065278397242996,0.07315743002546729,0,0.0,0.0
10,17,13,0.05503066267810938,0.22065278397242996,0.07895705381202506,0,0.0,0.0
10,17,14,0.05503066267810938,0.22065278397242996,0.08475667759858284,0,0.0,0.0
10,17,15,0.05503066267810938,0.22065278397242996,0.09055630138514062,0,0.0,0.0
10,17,16,0.05503066267810938,0.22065278397242996,0.09635592517169839,0,0.0,0.0
10,17,17,0.05503066267810938,0.22065278397242996,0.10215554895825617,0,0.0,0.0
10,17,18,0.05503066267810938,0.22065278397242996,0.10795517274481395,0,0.0,0.0
10,17,19,0.05503066267810938,0.22065278397242996,0.11375479653137172,0,0.0,0.0
10,18,0,0.05503066267810938,0.22973426301242716,0.0035619445867739875,0,0.0,7.443713558738986e-12
10,18,1,0.05503066267810938,0.22973426301242716,0.009361568373331762,0,0.0,5.2962802303619726e-11
10,18,2,0.05503066267810938,0.22973426301242716,0.015161192159889538,0,0.0,6.430074656686285e-10
10,18,3,0.05503066267810938,0.22973426301242716,0.020960815946447314,0,0.0,6.862727316661089e-09
10,18,4,0.05503066267810938,0.22973426301242716,0.026760439733005088,0,0.0,3.006374935524841e-08
10,18,5,0.05503066267810938,0.22973426301242716,0.032560063519562865,0,0.0,4.938437443348293e-08
10,18,6,0.05503066267810938,0.22973426301242716,0.03835968730612063,0,0.0,3.065178428415606e-08
10,18,7,0.05503066267810938,0.22973426301242716,0.04415931109267841,0,0.0,8.112020074208833e-09
10,18,8,0.05503066267810938,0.22973426301242716,0.04995893487923618,0,0.0,1.4414295394055442e-09
10,18,9,0.05503066267810938,0.22973426301242716,0.05575855866579396,0,0.0,2.1661608027559356e-10
10,18,10,0.05503066267810938,0.22973426301242716,0.061558182452351735,0,0.0,1.6432101613042118e-11
10,18,11,0.05503066267810938,0.22973426301242716,0.06735780623890952,0,0.0,4.962064728435311e-13
10,18,12,0.05503066267810938,0.22973426301242716,0.07315743002546729,0,0.0,0.0
10,18,13,0.05503066267810938,0.22973426301242716,0.07895705381202506,0,0.0,0.0
10,18,14,0.05503066267810938,0.22973426301242716,0.08475667759858284,0,0.0,0.0
10,18,15,0.05503066267810938,0.22973426301242716,0.09055630138514062,0,0.0,0.0
10,18,16,0.05503066267810938,0.22973426301242716,0.09635592517169839,0,0.0,0.0
10,18,17,0.05503066267810938,0.22973426301242716,0.10215554895825617,0,0.0,0.0
10,18,18,0.05503066267810938,0.22973426301242716,0.10795517274481395,0,0.0,0.0
10,18,19,0.05503066267810938,0.22973426301242716,0.11375479653137172,0,0.0,0.0
10,19,0,0.05503066267810938,0.2388157420524244,0.0035619445867739875,0,0.0,2.305255980753839e-13
10,19,1,0.05503066267810938,0.2388157420524244,0.009361568373331762,0,0.0,2.8385332836742958e-11
10,19,2,0.05503066267810938,0.2388157420524244,0.015161192159889538,0,0.0,9.02465059026111e-10
10,19,3,0.05503066267810938,0.2388157420524244,0.020960815946447314,0,0.0,1.0947917521974895e-08
10,19,4,0.05503066267810938,0.2388157420524244,0.026760439733005088,0,0.0,4.903780989544214e-08
10,19,5,0.05503066267810938,0.2388157420524244,0.032560063519562865,0,0.0,8.110647885037307e-08
10,19,6,0.05503066267810938,0.2388157420524244,0.03835968730612063,0,0.0,5.046624224207649e-08
10,19,7,0.05503066267810938,0.2388157420524244,0.04415931109267841,0,0.0,1.3368715976775183e-08
10,19,8,0.05503066267810938,0.2388157420524244,0.04995893487923618,0,0.0,2.3763420860120453e-09
10,19,9,0.05503066267810938,0.2388157420524244,0.05575855866579396,0,0.0,3.5713953912605756e-10
10,19,10,0.05503066267810938,0.2388157420524244,0.061558182452351735,0,0.0,2.709195545172843e-11
10,19,11,0.05503066267810938,0.2388157420524244,0.06735780623890952,0,0.0,8.181061664362154e-13
10,19,12,0.05503066267810938,0.2388157420524244,0.07315743002546729,0,0.0,0.0
10,19,13,0.05503066267810938,0.2388157420524244,0.07895705381202506,0,0.0,0.0
10,19,14,0.05503066267810938,0.2388157420524244,0.08475667759858284,0,0.0,0.0
10,19,15,0.05503066267810938,0.2388157420524244,0.09055630138514062,0,0.0,0.0
10,19,16,0.05503066267810938,0.2388157420524244,0.09635592517169839,0,0.0,0.0
10,19,17,0.05503066267810938,0.2388157420524244,0.10215554895825617,0,0.0,0.0
10,19,18,0.05503066267810938,0.2388157420524244,0.10795517274481395,0,0.0,0.0
10,19,19,0.05503066267810938,0.2388157420524244,0.11375479653137172,0,0.0,0.0
11,0,0,0.07387160489842569,0.06626764029247711,0.0035619445867739875,0,0.0,0.00026117567157170774
11,0,1,0.07387160489842569,0.06626764029247711,0.009361568373331762,0,0.0,0.00029220599544253957
11,0,2,0.07387160489842569,0.06626764029247711,0.015161192159889538,0,0.0,0.00023276920595905414
11,0,3,0.07387160489842569,0.06626764029247711,0.020960815946447314,1,0.0001,0.00015515673888387427
11,0,4,0.07387160489842569,0.06626764029247711,0.026760439733005088,0,0.0,8.670519505136557e-05
11,0,5,0.07387160489842569,0.06626764029247711,0.032560063519562865,0,0.0,4.156355603247277e-05
11,0,6,0.07387160489842569,0.06626764029247711,0.03835968730612063,0,0.0,1.7494659722592367e-05
11,0,7,0.07387160489842569,0.06626764029247711,0.04415931109267841,0,0.0,5.836835706679723e-06
11,0,8,0.07387160489842569,0.06626764029247711,0.04995893487923618,0,0.0,1.3881156355153045e-06
11,0,9,0.07387160489842569,0.06626764029247711,0.05575855866579396,0,0.0,2.7150560710677515e-07
11,0,10,0.07387160489842569,0.06626764029247711,0.061558182452351735,0,0.0,4.754010019047071e-08
11,0,11,0.07387160489842569,0.06626764029247711,0.06735780623890952,0,0.0,8.01486831000437e-09
11,0,12,0.07387160489842569,0.06626764029247711,0.07315743002546729,0,0.0,1.637979992095481e-09
11,0,13,0.07387160489842569,0.06626764029247711,0.07895705381202506,0,0.0,2.4802857122727227e-10
11,0,14,0.07387160489842569,0.06626764029247711,0.08475667759858284,0,0.0,1.7746963140410857e-11
11,0,15,0.07387160489842569,0.06626764029247711,0.09055630138514062,0,0.0,4.962064728435311e-13
11,0,16,0.07387160489842569,0.06626764029247711,0.09635592517169839,0,0.0,0.0
11,0,17,0.07387160489842569,0.06626764029247711,0.10215554895825617,0,0.0,0.0
11,0,18,0.07387160489842569,0.06626764029247711,0.10795517274481395,0,0.0,0.0
11,0,19,0.07387160489842569,0.06626764029247711,0.11375479653137172,0,0.0,0.0
11,1,0,0.07387160489842569,0.07534911933247435,0.0035619445867739875,0,0.0,0.0011219605186594283
11,1,1,0.07387160489842569,0.07534911933247435,0.009361568373331762,6,0.0006,0.001121577060364634
11,1,2,0.07387160489842569,0.07534911933247435,0.015161192159889538,3,0.0003,0.0008176182054380822
11,1,3,0.07387160489842569,0.07534911933247435,0.020960815946447314,2,0.0002,0.0005729016157528384
11,1,4,0.07387160489842569,0.07534911933247435,0.026760439733005088,0,0.0,0.0003756021122908699
11,1,5,0.07387160489842569,0.07534911933247435,0.032560063519562865,0,0.0,0.00021651826107564858
11,1,6,0.07387160489842569,0.07534911933247435,0.03835968730612063,0,0.0,0.00010752047413016155
11,1,7,0.07387160489842569,0.07534911933247435,0.04415931109267841,0,0.0,4.2541933800777356e-05
11,1,8,0.07387160489842569,0.07534911933247435,0.04995893487923618,0,0.0,1.3132396875827194e-05
11,1,9,0.07387160489842569,0.07534911933247435,0.05575855866579396,0,0.0,3.6769827924309563e-06
11,1,10,0.07387160489842569,0.07534911933247435,0.061558182452351735,0,0.0,9.418873843092576e-07
11,1,11,0.07387160489842569,0.07534911933247435,0.06735780623890952,0,0.0,2.3756363339983787e-07
11,1,12,0.07387160489842569,0.07534911933247435,0.07315743002546729,0,0.0,5.7030637267252305e-08
11,1,13,0.07387160489842569,0.07534911933247435,0.07895705381202506,0,0.0,8.686141769188701e-09
11,1,14,0.07387160489842569,0.07534911933247435,0.08475667759858284,0,0.0,6.144458732170905e-10
11,1,15,0.07387160489842569,0.07534911933247435,0.09055630138514062,0,0.0,1.7039026715637915e-11
11,1,16,0.07387160489842569,0.07534911933247435,0.09635592517169839,0,0.0,0.0
11,1,17,0.07387160489842569,0.07534911933247435,0.10215554895825617,0,0.0,0.0
11,1,18,0.07387160489842569,0.07534911933247435,0.10795517274481395,0,0.0,0.0
11,1,19,0.07387160489842569,0.07534911933247435,0.11375479653137172,0,0.0,0.0
11,2,0,0.07387160489842569,0.08443059837247156,0.0035619445867739875,11,0.0011,0.0025248223786040742
11,2,1,0.07387160489842569,0.08443059837247156,0.009361568373331762,17,0.0017,0.0024756074337767874
11,2,2,0.07387160489842569,0.08443059837247156,0.015161192159889538,15,0.0015,0.0018211894998672541
11,2,3,0.07387160489842569,0.08443059837247156,0.020960815946447314,13,0.0013,0.0014004398646273225
11,2,4,0.07387160489842569,0.08443059837247156,0.026760439733005088,7,0.0007,0.001059492414714813
11,2,5,0.07387160489842569,0.08443059837247156,0.032560063519562865,2,0.0002,0.0007099833365892728
11,2,6,0.07387160489842569,0.08443059837247156,0.03835968730612063,2,0.0002,0.00040412911974873494
11,2,7,0.07387160489842569,0.08443059837247156,0.04415931109267841,0,0.0,0.00018651363884356886
11,2,8,0.07387160489842569,0.08443059837247156,0.04995893487923618,0,0.0,7.326703593565365e-05
11,2,9,0.07387160489842569,0.08443059837247156,0.05575855866579396,0,0.0,2.739964218645262e-05
11,2,10,0.07387160489842569,0.08443059837247156,0.061558182452351735,0,0.0,9.594232546143823e-06
11,2,11,0.07387160489842569,0.08443059837247156,0.06735780623890952,0,0.0,3.089081184334282e-06
11,2,12,0.07387160489842569,0.08443059837247156,0.07315743002546729,0,0.0,7.902899403980486e-07
11,2,13,0.07387160489842569,0.08443059837247156,0.07895705381202506,0,0.0,1.2280873108521517e-07
11,2,14,0.07387160489842569,0.08443059837247156,0.08475667759858284,0,0.0,1.0060173089608177e-08
11,2,15,0.07387160489842569,0.08443059837247156,0.09055630138514062,0,0.0,5.331109167499883e-10
11,2,16,0.07387160489842569,0.08443059837247156,0.09635592517169839,0,0.0,2.2028925157981878e-11
11,2,17,0.07387160489842569,0.08443059837247156,0.10215554895825617,0,0.0,6.069251025957958e-13
11,2,18,0.07387160489842569,0.08443059837247156,0.10795517274481395,0,0.0,0.0
11,2,19,0.07387160489842569,0.08443059837247156,0.11375479653137172,0,0.0,0.0
11,3,0,0.07387160489842569,0.09351207741246878,0.0035619445867739875,45,0.0045,0.0032559891854687375
11,3,1,0.07387160489842569,0.09351207741246878,0.009361568373331762,28,0.0028,0.0034643108878166335
11,3,2,0.07387160489842569,0.09351207741246878,0.015161192159889538,18,0.0018,0.0028375765909979217
11,3,3,0.07387160489842569,0.09351207741246878,0.020960815946447314,33,0.0033,0.002384401314041331
11,3,4,0.07387160489842569,0.09351207741246878,0.026760439733005088,22,0.0022,0.0019811604275718985
11,3,5,0.07387160489842569,0.09351207741246878,0.032560063519562865,17,0.0017,0.0014939273494295956
11,3,6,0.07387160489842569,0.09351207741246878,0.03835968730612063,10,0.001,0.0009640319047729194
11,3,7,0.07387160489842569,0.09351207741246878,0.04415931109267841,2,0.0002,0.0005197520239863415
11,3,8,0.07387160489842569,0.09351207741246878,0.04995893487923618,1,0.0001,0.0002497560225035485
11,3,9,0.07387160489842569,0.09351207741246878,0.05575855866579396,0,0.0,0.000115488305685164
11,3,10,0.07387160489842569,0.09351207741246878,0.061558182452351735,0,0.0,5.055003261281282e-05
11,3,11,0.07387160489842569,0.09351207741246878,0.06735780623890952,0,0.0,1.882026174510322e-05
11,3,12,0.07387160489842569,0.09351207741246878,0.07315743002546729,0,0.0,5.0459306188330156e-06
11,3,13,0.07387160489842569,0.09351207741246878,0.07895705381202506,0,0.0,8.831600635456229e-07
11,3,14,0.07387160489842569,0.09351207741246878,0.08475667759858284,0,0.0,1.161662969125205e-07
11,3,15,0.07387160489842569,0.09351207741246878,0.09055630138514062,0,0.0,1.4373966300303262e-08
11,3,16,0.07387160489842569,0.09351207741246878,0.09635592517169839,0,0.0,1.2977668718939078e-09
11,3,17,0.07387160489842569,0.09351207741246878,0.10215554895825617,0,0.0,6.472606216178985e-11
11,3,18,0.07387160489842569,0.09351207741246878,0.10795517274481395,0,0.0,1.3143126392797467e-12
11,3,19,0.07387160489842569,0.09351207741246878,0.11375479653137172,0,0.0,0.0
11,4,0,0.07387160489842569,0.10259355645246601,0.0035619445867739875,34,0.0034,0.00270667273480183
11,4,1,0.07387160489842569,0.10259355645246601,0.009361568373331762,37,0.0037,0.0034390185904238976
11,4,2,0.07387160489842569,0.10259355645246601,0.015161192159889538,43,0.0043,0.0033282069891810416
11,4,3,0.07387160489842569,0.10259355645246601,0.020960815946447314,35,0.0035,0.0029948088062803375
11,4,4,0.07387160489842569,0.10259355645246601,0.026760439733005088,31,0.0031,0.0026199143286569863
11,4,5,0.07387160489842569,0.10259355645246601,0.032560063519562865,26,0.0026,0.0021521126704886094
11,4,6,0.07387160489842569,0.10259355645246601,0.03835968730612063,15,0.0015,0.0015492725192975708
11,4,7,0.07387160489842569,0.10259355645246601,0.04415931109267841,8,0.0008,0.0009612506997088853
11,4,8,0.07387160489842569,0.10259355645246601,0.04995893487923618,4,0.0004,0.0005370230371308393
11,4,9,0.07387160489842569,0.10259355645246601,0.05575855866579396,3,0.0003,0.0002872948848501873
11,4,10,0.07387160489842569,0.10259355645246601,0.061558182452351735,1,0.0001,0.00014641345724810588
11,4,11,0.07387160489842569,0.10259355645246601,0.06735780623890952,0,0.0,6.15149661730739e-05
11,4,12,0.07387160489842569,0.10259355645246601,0.07315743002546729,0,0.0,1.901800497042738e-05
11,4,13,0.07387160489842569,0.10259355645246601,0.07895705381202506,0,0.0,4.758269387660257e-06
11,4,14,0.07387160489842569,0.10259355645246601,0.08475667759858284,0,0.0,1.131930288741029e-06
11,4,15,0.07387160489842569,0.10259355645246601,0.09055630138514062,0,0.0,2.2393245672004287e-07
11,4,16,0.07387160489842569,0.10259355645246601,0.09635592517169839,0,0.0,2.770642570827328e-08
11,4,17,0.07387160489842569,0.10259355645246601,0.10215554895825617,0,0.0,1.7227102205737059e-09
11,4,18,0.07387160489842569,0.10259355645246601,0.10795517274481395,0,0.0,4.352405706477055e-11
11,4,19,0.07387160489842569,0.10259355645246601,0.11375479653137172,0,0.0,0.0
11,5,0,0.07387160489842569,0.11167503549246324,0.0035619445867739875,7,0.0007,0.0016201207301665662
11,5,1,0.07387160489842569,0.11167503549246324,0.009361568373331762,31,0.0031,0.002548534776850148
11,5,2,0.07387160489842569,0.11167503549246324,0.015161192159889538,38,0.0038,0.00290581293823408
11,5,3,0.07387160489842569,0.11167503549246324,0.020960815946447314,32,0.0032,0.0028135953915829803
11,5,4,0.07387160489842569,0.11167503549246324,0.026760439733005088,35,0.0035,0.0025818656382337107
11,5,5,0.07387160489842569,0.11167503549246324,0.032560063519562865,24,0.0024,0.0022438201612984127
11,5,6,0.07387160489842569,0.11167503549246324,0.03835968730612063,22,0.0022,0.001745398485438086
11,5,7,0.07387160489842569,0.11167503549246324,0.04415931109267841,15,0.0015,0.0012100612768659342
11,5,8,0.07387160489842569,0.11167503549246324,0.04995893487923618,8,0.0008,0.0007616012264782415
11,5,9,0.07387160489842569,0.11167503549246324,0.05575855866579396,5,0.0005,0.00045527003124284834
11,5,10,0.07387160489842569,0.11167503549246324,0.061558182452351735,4,0.0004,0.0002563903310822648
11,5,11,0.07387160489842569,0.11167503549246324,0.06735780623890952,0,0.0,0.00012259785919620483
11,5,12,0.07387160489842569,0.11167503549246324,0.07315743002546729,0,0.0,4.922543994536895e-05
11,5,13,0.07387160489842569,0.11167503549246324,0.07895705381202506,0,0.0,1.840149841599401e-05
11,5,14,0.07387160489842569,0.11167503549246324,0.08475667759858284,0,0.0,6.415880375526146e-06
11,5,15,0.07387160489842569,0.11167503549246324,0.09055630138514062,0,0.0,1.7280875157893686e-06
11,5,16,0.07387160489842569,0.11167503549246324,0.09635592517169839,0,0.0,2.6911313653476594e-07
11,5,17,0.07387160489842569,0.11167503549246324,0.10215554895825617,0,0.0,1.9101368093290758e-08
11,5,18,0.07387160489842569,0.11167503549246324,0.10795517274481395,0,0.0,5.302315623368807e-10
11,5,19,0.07387160489842569,0.11167503549246324,0.11375479653137172,0,0.0,0.0
11,6,0,0.07387160489842569,0.12075651453246046,0.0035619445867739875,0,0.0,0.0007350344316694659
11,6,1,0.07387160489842569,0.12075651453246046,0.009361568373331762,7,0.0007,0.0013943830731359395
11,6,2,0.07387160489842569,0.12075651453246046,0.015161192159889538,14,0.0014,0.0018312805782059922
11,6,3,0.07387160489842569,0.12075651453246046,0.020960815946447314,14,0.0014,0.0019415719051553992
11,6,4,0.07387160489842569,0.12075651453246046,0.026760439733005088,19,0.0019,0.0018845080953069527
11,6,5,0.07387160489842569,0.12075651453246046,0.032560063519562865,20,0.002,0.001698439410997491
11,6,6,0.07387160489842569,0.12075651453246046,0.03835968730612063,11,0.0011,0.001382297807971035
11,6,7,0.07387160489842569,0.12075651453246046,0.04415931109267841,17,0.0017,0.0010396246357812597
11,6,8,0.07387160489842569,0.12075651453246046,0.04995893487923618,5,0.0005,0.0007323751738198971
11,6,9,0.07387160489842569,0.12075651453246046,0.05575855866579396,8,0.0008,0.00048474901686333894
11,6,10,0.07387160489842569,0.12075651453246046,0.061558182452351735,2,0.0002,0.00029006912054255955
11,6,11,0.07387160489842569,0.12075651453246046,0.06735780623890952,3,0.0003,0.0001547813645115916
11,6,12,0.07387160489842569,0.12075651453246046,0.07315743002546729,1,0.0001,7.883161187274508e-05
11,6,13,0.07387160489842569,0.12075651453246046,0.07895705381202506,0,0.0,3.9216801280980496e-05
11,6,14,0.07387160489842569,0.12075651453246046,0.08475667759858284,0,0.0,1.8078904174749583e-05
11,6,15,0.07387160489842569,0.12075651453246046,0.09055630138514062,0,0.0,6.138770024156241e-06
11,6,16,0.07387160489842569,0.12075651453246046,0.09635592517169839,0,0.0,1.0934629091893585e-06
11,6,17,0.07387160489842569,0.12075651453246046,0.10215554895825617,0,0.0,8.249778577528268e-08
11,6,18,0.07387160489842569,0.12075651453246046,0.10795517274481395,0,0.0,2.3763329976734742e-09
11,6,19,0.07387160489842569,0.12075651453246046,0.11375479653137172,0,0.0,0.0
11,7,0,0.07387160489842569,0.12983799357245768,0.0035619445867739875,0,0.0,0.00024234919181190286
11,7,1,0.07387160489842569,0.12983799357245768,0.009361568373331762,1,0.0001,0.0005411375083359822
11,7,2,0.07387160489842569,0.12983799357245768,0.015161192159889538,2,0.0002,0.0008234601278200368
11,7,3,0.07387160489842569,0.12983799357245768,0.020960815946447314,11,0.0011,0.0009747571081405096
11,7,4,0.07387160489842569,0.12983799357245768,0.026760439733005088,5,0.0005,0.000996563694851279
11,7,5,0.07387160489842569,0.12983799357245768,0.032560063519562865,7,0.0007,0.0009196244559738597
11,7,6,0.07387160489842569,0.12983799357245768,0.03835968730612063,7,0.0007,0.0007626056258775283
11,7,7,0.07387160489842569,0.12983799357245768,0.04415931109267841,3,0.0003,0.0005999769041475553
11,7,8,0.07387160489842569,0.12983799357245768,0.04995893487923618,8,0.0008,0.00047125996297172853
11,7,9,0.07387160489842569,0.12983799357245768,0.05575855866579396,3,0.0003,0.0003473715453322109
11,7,10,0.07387160489842569,0.12983799357245768,0.061558182452351735,2,0.0002,0.00022084103061923585
11,7,11,0.07387160489842569,0.12983799357245768,0.06735780623890952,1,0.0001,0.00012568000392336264
11,7,12,0.07387160489842569,0.12983799357245768,0.07315743002546729,0,0.0,7.291379071344624e-05
11,7,13,0.07387160489842569,0.12983799357245768,0.07895705381202506,0,0.0,4.3343917827072565e-05
11,7,14,0.07387160489842569,0.12983799357245768,0.08475667759858284,1,0.0001,2.3883531656478402e-05
11,7,15,0.07387160489842569,0.12983799357245768,0.09055630138514062,0,0.0,9.180433263863788e-06
11,7,16,0.07387160489842569,0.12983799357245768,0.09635592517169839,0,0.0,1.7353721235471824e-06
11,7,17,0.07387160489842569,0.12983799357245768,0.10215554895825617,0,0.0,1.3413093126325494e-07
11,7,18,0.07387160489842569,0.12983799357245768,0.10795517274481395,0,0.0,3.917910759530855e-09
11,7,19,0.07387160489842569,0.12983799357245768,0.11375479653137172,0,0.0,0.0
11,8,0,0.07387160489842569,0.1389194726124549,0.0035619445867739875,0,0.0,5.3683842591191156e-05
11,8,1,0.07387160489842569,0.1389194726124549,0.009361568373331762,0,0.0,0.00014312356136306616
11,8,2,0.07387160489842569,0.1389194726124549,0.015161192159889538,0,0.0,0.00025949748961607547
11,8,3,0.07387160489842569,0.1389194726124549,0.020960815946447314,2,0.0002,0.0003450925463865746
11,8,4,0.07387160489842569,0.1389194726124549,0.026760439733005088,0,0.0,0.0003670499105715677
11,8,5,0.07387160489842569,0.1389194726124549,0.032560063519562865,0,0.0,0.0003434943893522821
11,8,6,0.07387160489842569,0.1389194726124549,0.03835968730612063,0,0.0,0.0002857818787904093
11,8,7,0.07387160489842569,0.1389194726124549,0.04415931109267841,0,0.0,0.00023087922853928528
11,8,8,0.07387160489842569,0.1389194726124549,0.04995893487923618,0,0.0,0.0002008139114334288
11,8,9,0.07387160489842569,0.1389194726124549,0.05575855866579396,0,0.0,0.00016830434403604453
11,8,10,0.07387160489842569,0.1389194726124549,0.061558182452351735,0,0.0,0.00012050069898297616
11,8,11,0.07387160489842569,0.1389194726124549,0.06735780623890952,0,0.0,7.175379558667085e-05
11,8,12,0.07387160489842569,0.1389194726124549,0.07315743002546729,1,0.0001,4.162469186808746e-05
11,8,13,0.07387160489842569,0.1389194726124549,0.07895705381202506,0,0.0,2.497503364655641e-05
11,8,14,0.07387160489842569,0.1389194726124549,0.08475667759858284,0,0.0,1.3814792374630955e-05
11,8,15,0.07387160489842569,0.1389194726124549,0.09055630138514062,0,0.0,5.409356731253287e-06
11,8,16,0.07387160489842569,0.1389194726124549,0.09635592517169839,0,0.0,1.0390347724167388e-06
11,8,17,0.07387160489842569,0.1389194726124549,0.10215554895825617,0,0.0,8.093483338011767e-08
11,8,18,0.07387160489842569,0.1389194726124549,0.10795517274481395,0,0.0,2.3763329976734742e-09
11,8,19,0.07387160489842569,0.1389194726124549,0.11375479653137172,0,0.0,0.0
11,9,0,0.07387160489842569,0.14800095165245214,0.0035619445867739875,0,0.0,7.652870646638944e-06
11,9,1,0.07387160489842569,0.14800095165245214,0.009361568373331762,0,0.0,2.5014006594693553e-05
11,9,2,0.07387160489842569,0.14800095165245214,0.015161192159889538,0,0.0,5.4036778426487205e-05
11,9,3,0.07387160489842569,0.14800095165245214,0.020960815946447314,0,0.0,7.95050747345194e-05
11,9,4,0.07387160489842569,0.14800095165245214,0.026760439733005088,0,0.0,8.877643196459176e-05
11,9,5,0.07387160489842569,0.14800095165245214,0.032560063519562865,0,0.0,8.551265188622584e-05
11,9,6,0.07387160489842569,0.14800095165245214,0.03835968730612063,0,0.0,7.239746375086854e-05
11,9,7,0.07387160489842569,0.14800095165245214,0.04415931109267841,0,0.0,6.25144782953051e-05
11,9,8,0.07387160489842569,0.14800095165245214,0.04995893487923618,0,0.0,6.170993261930581e-05
11,9,9,0.07387160489842569,0.14800095165245214,0.05575855866579396,0,0.0,6.105096409438143e-05
11,9,10,0.07387160489842569,0.14800095165245214,0.061558182452351735,1,0.0001,5.130828255942814e-05
11,9,11,0.07387160489842569,0.14800095165245214,0.06735780623890952,0,0.0,3.0882848869551365e-05
11,9,12,0.07387160489842569,0.14800095165245214,0.07315743002546729,0,0.0,1.5632133611467222e-05
11,9,13,0.07387160489842569,0.14800095165245214,0.07895705381202506,0,0.0,7.813902309523032e-06
11,9,14,0.07387160489842569,0.14800095165245214,0.08475667759858284,0,0.0,3.486201670754859e-06
11,9,15,0.07387160489842569,0.14800095165245214,0.09055630138514062,0,0.0,1.2304203044030285e-06
11,9,16,0.07387160489842569,0.14800095165245214,0.09635592517169839,0,0.0,2.3182768114941225e-07
11,9,17,0.07387160489842569,0.14800095165245214,0.10215554895825617,0,0.0,1.8025094600745543e-08
11,9,18,0.07387160489842569,0.14800095165245214,0.10795517274481395,0,0.0,5.302315623368807e-10
11,9,19,0.07387160489842569,0.14800095165245214,0.11375479653137172,0,0.0,0.0
11,10,0,0.07387160489842569,0.15708243069244937,0.0035619445867739875,0,0.0,6.83893851108181e-07
11,10,1,0.07387160489842569,0.15708243069244937,0.009361568373331762,0,0.0,2.7127470691462515e-06
11,10,2,0.07387160489842569,0.15708243069244937,0.015161192159889538,0,0.0,6.723987276158855e-06
11,10,3,0.07387160489842569,0.15708243069244937,0.020960815946447314,0,0.0,1.0896202297137641e-05
11,10,4,0.07387160489842569,0.15708243069244937,0.026760439733005088,0,0.0,1.3629339048557971e-05
11,10,5,0.07387160489842569,0.15708243069244937,0.032560063519562865,0,0.0,1.4570952765179295e-05
11,10,6,0.07387160489842569,0.15708243069244937,0.03835968730612063,0,0.0,1.321262919547963e-05
11,10,7,0.07387160489842569,0.15708243069244937,0.04415931109267841,0,0.0,1.3006296577908923e-05
11,10,8,0.07387160489842569,0.15708243069244937,0.04995893487923618,0,0.0,1.5228721172685797e-05
11,10,9,0.07387160489842569,0.15708243069244937,0.05575855866579396,0,0.0,1.7363915947302708e-05
11,10,10,0.07387160489842569,0.15708243069244937,0.061558182452351735,0,0.0,1.5839669763602772e-05
11,10,11,0.07387160489842569,0.15708243069244937,0.06735780623890952,0,0.0,9.076680750617012e-06
11,10,12,0.07387160489842569,0.15708243069244937,0.07315743002546729,0,0.0,3.762709275764847e-06
11,10,13,0.07387160489842569,0.15708243069244937,0.07895705381202506,0,0.0,1.461888409409984e-06
11,10,14,0.07387160489842569,0.15708243069244937,0.08475667759858284,0,0.0,4.438488602423243e-07
11,10,15,0.07387160489842569,0.15708243069244937,0.09055630138514062,0,0.0,1.1328537508107995e-07
11,10,16,0.07387160489842569,0.15708243069244937,0.09635592517169839,0,0.0,1.937808020942716e-08
11,10,17,0.07387160489842569,0.15708243069244937,0.10215554895825617,0,0.0,1.4786869721670409e-09
11,10,18,0.07387160489842569,0.15708243069244937,0.10795517274481395,0,0.0,4.352405706477055e-11
11,10,19,0.07387160489842569,0.15708243069244937,0.11375479653137172,0,0.0,0.0
11,11,0,0.07387160489842569,0.1661639097324466,0.0035619445867739875,0,0.0,3.5768378535723704e-08
11,11,1,0.07387160489842569,0.1661639097324466,0.009361568373331762,0,0.0,1.614972551095466e-07
11,11,2,0.07387160489842569,0.1661639097324466,0.015161192159889538,0,0.0,4.3985322507474183e-07
11,11,3,0.07387160489842569,0.1661639097324466,0.020960815946447314,0,0.0,8.169569003636463e-07
11,11,4,0.07387160489842569,0.1661639097324466,0.026760439733005088,0,0.0,1.27823778262899e-06
11,11,5,0.07387160489842569,0.1661639097324466,0.032560063519562865,0,0.0,1.6370285470702149e-06
11,11,6,0.07387160489842569,0.1661639097324466,0.03835968730612063,0,0.0,1.6335962392442137e-06
11,11,7,0.07387160489842569,0.1661639097324466,0.04415931109267841,0,0.0,1.8183936165684984e-06
11,11,8,0.07387160489842569,0.1661639097324466,0.04995893487923618,0,0.0,2.4227459603157235e-06
11,11,9,0.07387160489842569,0.1661639097324466,0.05575855866579396,0,0.0,2.926595561076232e-06
11,11,10,0.07387160489842569,0.1661639097324466,0.061558182452351735,0,0.0,2.6865944158322285e-06
11,11,11,0.07387160489842569,0.1661639097324466,0.06735780623890952,0,0.0,1.4573079001010553e-06
11,11,12,0.07387160489842569,0.1661639097324466,0.07315743002546729,0,0.0,5.151060903456652e-07
11,11,13,0.07387160489842569,0.1661639097324466,0.07895705381202506,0,0.0,1.662607222282007e-07
11,11,14,0.07387160489842569,0.1661639097324466,0.08475667759858284,0,0.0,3.671152912200595e-08
11,11,15,0.07387160489842569,0.1661639097324466,0.09055630138514062,0,0.0,5.272599151609443e-09
11,11,16,0.07387160489842569,0.1661639097324466,0.09635592517169839,0,0.0,6.40630026671639e-10
11,11,17,0.07387160489842569,0.1661639097324466,0.10215554895825617,0,0.0,4.464563976139608e-11
11,11,18,0.07387160489842569,0.1661639097324466,0.10795517274481395,0,0.0,1.3143126392797467e-12
11,11,19,0.07387160489842569,0.1661639097324466,0.11375479653137172,0,0.0,0.0
11,12,0,0.07387160489842569,0.17524538877244383,0.0035619445867739875,0,0.0,1.0591318549565758e-09
11,12,1,0.07387160489842569,0.17524538877244383,0.009361568373331762,0,0.0,4.675559935021455e-09
11,12,2,0.07387160489842569,0.17524538877244383,0.015161192159889538,0,0.0,1.3438839456257873e-08
11,12,3,0.07387160489842569,0.17524538877244383,0.020960815946447314,0,0.0,3.120926917304837e-08
11,12,4,0.07387160489842569,0.17524538877244383,0.026760439733005088,0,0.0,6.536605935992178e-08
11,12,5,0.07387160489842569,0.17524538877244383,0.032560063519562865,0,0.0,9.85234050276398e-08
11,12,6,0.07387160489842569,0.17524538877244383,0.03835968730612063,0,0.0,1.0582407397907739e-07
11,12,7,0.07387160489842569,0.17524538877244383,0.04415931109267841,0,0.0,1.2847851185995641e-07
11,12,8,0.07387160489842569,0.17524538877244383,0.04995893487923618,0,0.0,1.8280423164660086e-07
11,12,9,0.07387160489842569,0.17524538877244383,0.05575855866579396,0,0.0,2.2130284590793583e-07
11,12,10,0.07387160489842569,0.17524538877244383,0.061558182452351735,0,0.0,1.9961787264401352e-07
11,12,11,0.07387160489842569,0.17524538877244383,0.06735780623890952,0,0.0,1.0469797487724847e-07
11,12,12,0.07387160489842569,0.17524538877244383,0.07315743002546729,0,0.0,3.3859182895210074e-08
11,12,13,0.07387160489842569,0.17524538877244383,0.07895705381202506,0,0.0,9.872867317547001e-09
11,12,14,0.07387160489842569,0.17524538877244383,0.08475667759858284,0,0.0,1.873077695852997e-09
11,12,15,0.07387160489842569,0.17524538877244383,0.09055630138514062,0,0.0,1.4922731982617354e-10
11,12,16,0.07387160489842569,0.17524538877244383,0.09635592517169839,0,0.0,4.502780308071286e-12
11,12,17,0.07387160489842569,0.17524538877244383,0.10215554895825617,0,0.0,5.488880889918851e-16
11,12,18,0.07387160489842569,0.17524538877244383,0.10795517274481395,0,0.0,0.0
11,12,19,0.07387160489842569,0.17524538877244383,0.11375479653137172,0,0.0,0.0
11,13,0,0.07387160489842569,0.18432686781244106,0.0035619445867739875,0,0.0,2.1439381386848188e-11
11,13,1,0.07387160489842569,0.18432686781244106,0.009361568373331762,0,0.0,5.238229921061578e-11
11,13,2,0.07387160489842569,0.18432686781244106,0.015161192159889538,0,0.0,1.2333902448073056e-10
11,13,3,0.07387160489842569,0.18432686781244106,0.020960815946447314,0,0.0,4.709002421534126e-10
11,13,4,0.07387160489842569,0.18432686781244106,0.026760439733005088,0,0.0,1.4410959172403015e-09
11,13,5,0.07387160489842569,0.18432686781244106,0.032560063519562865,0,0.0,2.49760794408037e-09
11,13,6,0.07387160489842569,0.18432686781244106,0.03835968730612063,0,0.0,2.8797970530188935e-09
11,13,7,0.07387160489842569,0.18432686781244106,0.04415931109267841,0,0.0,3.878729016893977e-09
11,13,8,0.07387160489842569,0.18432686781244106,0.04995893487923618,0,0.0,5.770755822248277e-09
11,13,9,0.07387160489842569,0.18432686781244106,0.05575855866579396,0,0.0,6.6990203796205536e-09
11,13,10,0.07387160489842569,0.18432686781244106,0.061558182452351735,0,0.0,5.777971843052632e-09
11,13,11,0.07387160489842569,0.18432686781244106,0.06735780623890952,0,0.0,2.936537106035903e-09
11,13,12,0.07387160489842569,0.18432686781244106,0.07315743002546729,0,0.0,8.925068387276976e-10
11,13,13,0.07387160489842569,0.18432686781244106,0.07895705381202506,0,0.0,2.45027608338325e-10
11,13,14,0.07387160489842569,0.18432686781244106,0.08475667759858284,0,0.0,4.599957253454643e-11
11,13,15,0.07387160489842569,0.18432686781244106,0.09055630138514062,0,0.0,3.666497464493361e-12
11,13,16,0.07387160489842569,0.18432686781244106,0.09635592517169839,0,0.0,1.1071862975226461e-13
11,13,17,0.07387160489842569,0.18432686781244106,0.10215554895825617,0,0.0,0.0
11,13,18,0.07387160489842569,0.18432686781244106,0.10795517274481395,0,0.0,0.0
11,13,19,0.07387160489842569,0.18432686781244106,0.11375479653137172,0,0.0,0.0
11,14,0,0.07387160489842569,0.19340834685243827,0.0035619445867739875,0,0.0,5.052948114143858e-13
11,14,1,0.07387160489842569,0.19340834685243827,0.009361568373331762,0,0.0,9.2882479618848e-13
11,14,2,0.07387160489842569,0.19340834685243827,0.015161192159889538,0,0.0,9.924129456870624e-13
11,14,3,0.07387160489842569,0.19340834685243827,0.020960815946447314,0,0.0,9.2882479618848e-13
11,14,4,0.07387160489842569,0.19340834685243827,0.026760439733005088,0,0.0,5.143831499852404e-13
11,14,5,0.07387160489842569,0.19340834685243827,0.032560063519562865,0,0.0,4.119575131242265e-13
11,14,6,0.07387160489842569,0.19340834685243827,0.03835968730612063,0,0.0,3.6758602471087115e-12
11,14,7,0.07387160489842569,0.19340834685243827,0.04415931109267841,0,0.0,1.6441464395657472e-11
11,14,8,0.07387160489842569,0.19340834685243827,0.04995893487923618,0,0.0,2.7202674081480692e-11
11,14,9,0.07387160489842569,0.19340834685243827,0.05575855866579396,0,0.0,1.692830808588565e-11
11,14,10,0.07387160489842569,0.19340834685243827,0.061558182452351735,0,0.0,4.484603630929576e-12
11,14,11,0.07387160489842569,0.19340834685243827,0.06735780623890952,0,0.0,7.971709121709971e-13
11,14,12,0.07387160489842569,0.19340834685243827,0.07315743002546729,0,0.0,1.1980696832311923e-13
11,14,13,0.07387160489842569,0.19340834685243827,0.07895705381202506,0,0.0,9.088338570854601e-15
11,14,14,0.07387160489842569,0.19340834685243827,0.08475667759858284,0,0.0,2.7444404449594257e-16
11,14,15,0.07387160489842569,0.19340834685243827,0.09055630138514062,0,0.0,0.0
11,14,16,0.07387160489842569,0.19340834685243827,0.09635592517169839,0,0.0,0.0
11,14,17,0.07387160489842569,0.19340834685243827,0.10215554895825617,0,0.0,0.0
11,14,18,0.07387160489842569,0.19340834685243827,0.10795517274481395,0,0.0,0.0
11,14,19,0.07387160489842569,0.19340834685243827,0.11375479653137172,0,0.0,0.0
11,15,0,0.07387160489842569,0.2024898258924355,0.0035619445867739875,0,0.0,0.0
11,15,1,0.07387160489842569,0.2024898258924355,0.009361568373331762,0,0.0,2.7444404449594257e-16
11,15,2,0.07387160489842569,0.2024898258924355,0.015161192159889538,0,0.0,9.088338570854601e-15
11,15,3,0.07387160489842569,0.2024898258924355,0.020960815946447314,0,0.0,1.1071862975226463e-13
11,15,4,0.07387160489842569,0.2024898258924355,0.026760439733005088,0,0.0,4.962064728435312e-13
11,15,5,0.07387160489842569,0.2024898258924355,0.032560063519562865,0,0.0,8.181061664362154e-13
11,15,6,0.07387160489842569,0.2024898258924355,0.03835968730612063,0,0.0,4.962064728435312e-13
11,15,7,0.07387160489842569,0.2024898258924355,0.04415931109267841,0,0.0,1.1071862975226463e-13
11,15,8,0.07387160489842569,0.2024898258924355,0.04995893487923618,0,0.0,9.088338570854601e-15
11,15,9,0.07387160489842569,0.2024898258924355,0.05575855866579396,0,0.0,2.7444404449594257e-16
11,15,10,0.07387160489842569,0.2024898258924355,0.061558182452351735,0,0.0,0.0
11,15,11,0.07387160489842569,0.2024898258924355,0.06735780623890952,0,0.0,0.0
11,15,12,0.07387160489842569,0.2024898258924355,0.07315743002546729,0,0.0,0.0
11,15,13,0.07387160489842569,0.2024898258924355,0.07895705381202506,0,0.0,0.0
11,15,14,0.07387160489842569,0.2024898258924355,0.08475667759858284,0,0.0,0.0
11,15,15,0.07387160489842569,0.2024898258924355,0.09055630138514062,0,0.0,0.0
11,15,16,0.07387160489842569,0.2024898258924355,0.09635592517169839,0,0.0,0.0
11,15,17,0.07387160489842569,0.2024898258924355,0.10215554895825617,0,0.0,0.0
11,15,18,0.07387160489842569,0.2024898258924355,0.10795517274481395,0,0.0,0.0
11,15,19,0.07387160489842569,0.2024898258924355,0.11375479653137172,0,0.0,0.0
11,16,0,0.07387160489842569,0.21157130493243273,0.0035619445867739875,0,0.0,0.0
11,16,1,0.07387160489842569,0.21157130493243273,0.009361568373331762,0,0.0,9.0883385708546e-15
11,16,2,0.07387160489842569,0.21157130493243273,0.015161192159889538,0,0.0,3.0096443932746593e-13
11,16,3,0.07387160489842569,0.21157130493243273,0.020960815946447314,0,0.0,3.666497464493361e-12
11,16,4,0.07387160489842569,0.21157130493243273,0.026760439733005088,0,0.0,1.643210161304212e-11
11,16,5,0.07387160489842569,0.21157130493243273,0.032560063519562865,0,0.0,2.709195545172843e-11
11,16,6,0.07387160489842569,0.21157130493243273,0.03835968730612063,0,0.0,1.643210161304212e-11
11,16,7,0.07387160489842569,0.21157130493243273,0.04415931109267841,0,0.0,3.666497464493361e-12
11,16,8,0.07387160489842569,0.21157130493243273,0.04995893487923618,0,0.0,3.0096443932746593e-13
11,16,9,0.07387160489842569,0.21157130493243273,0.05575855866579396,0,0.0,9.0883385708546e-15
11,16,10,0.07387160489842569,0.21157130493243273,0.061558182452351735,0,0.0,0.0
11,16,11,0.07387160489842569,0.21157130493243273,0.06735780623890952,0,0.0,0.0
11,16,12,0.07387160489842569,0.21157130493243273,0.07315743002546729,0,0.0,0.0
11,16,13,0.07387160489842569,0.21157130493243273,0.07895705381202506,0,0.0,0.0
11,16,14,0.07387160489842569,0.21157130493243273,0.08475667759858284,0,0.0,0.0
11,16,15,0.07387160489842569,0.21157130493243273,0.09055630138514062,0,0.0,0.0
11,16,16,0.07387160489842569,0.21157130493243273,0.09635592517169839,0,0.0,0.0
11,16,17,0.07387160489842569,0.21157130493243273,0.10215554895825617,0,0.0,0.0
11,16,18,0.07387160489842569,0.21157130493243273,0.10795517274481395,0,0.0,0.0
11,16,19,0.07387160489842569,0.21157130493243273,0.11375479653137172,0,0.0,0.0
11,17,0,0.07387160489842569,0.22065278397242996,0.0035619445867739875,0,0.0,0.0
11,17,1,0.07387160489842569,0.22065278397242996,0.009361568373331762,0,0.0,1.1071862975226461e-13
11,17,2,0.07387160489842569,0.22065278397242996,0.015161192159889538,0,0.0,3.666497464493361e-12
11,17,3,0.07387160489842569,0.22065278397242996,0.020960815946447314,0,0.0,4.466708321812497e-11
11,17,4,0.07387160489842569,0.22065278397242996,0.026760439733005088,0,0.0,2.0018397866255147e-10
11,17,5,0.07387160489842569,0.22065278397242996,0.032560063519562865,0,0.0,3.300475836743292e-10
11,17,6,0.07387160489842569,0.22065278397242996,0.03835968730612063,0,0.0,2.0018397866255147e-10
11,17,7,0.07387160489842569,0.22065278397242996,0.04415931109267841,0,0.0,4.466708321812497e-11
11,17,8,0.07387160489842569,0.22065278397242996,0.04995893487923618,0,0.0,3.666497464493361e-12
11,17,9,0.07387160489842569,0.22065278397242996,0.05575855866579396,0,0.0,1.1071862975226461e-13
11,17,10,0.07387160489842569,0.22065278397242996,0.061558182452351735,0,0.0,0.0
11,17,11,0.07387160489842569,0.22065278397242996,0.06735780623890952,0,0.0,0.0
11,17,12,0.07387160489842569,0.22065278397242996,0.07315743002546729,0,0.0,0.0
11,17,13,0.07387160489842569,0.22065278397242996,0.07895705381202506,0,0.0,0.0
11,17,14,0.07387160489842569,0.22065278397242996,0.08475667759858284,0,0.0,0.0
11,17,15,0.07387160489842569,0.22065278397242996,0.09055630138514062,0,0.0,0.0
11,17,16,0.07387160489842569,0.22065278397242996,0.09635592517169839,0,0.0,0.0
11,17,17,0.07387160489842569,0.22065278397242996,0.10215554895825617,0,0.0,0.0
11,17,18,0.07387160489842569,0.22065278397242996,0.10795517274481395,0,0.0,0.0
11,17,19,0.07387160489842569,0.22065278397242996,0.11375479653137172,0,0.0,0.0
11,18,0,0.07387160489842569,0.22973426301242716,0.0035619445867739875,0,0.0,0.0
11,18,1,0.07387160489842569,0.22973426301242716,0.009361568373331762,0,0.0,4.962064728435311e-13
11,18,2,0.07387160489842569,0.22973426301242716,0.015161192159889538,0,0.0,1.6432101613042118e-11
11,18,3,0.07387160489842569,0.22973426301242716,0.020960815946447314,0,0.0,2.0018397866255144e-10
11,18,4,0.07387160489842569,0.22973426301242716,0.026760439733005088,0,0.0,8.971623492287451e-10
11,18,5,0.07387160489842569,0.22973426301242716,0.032560063519562865,0,0.0,1.4791706484447288e-09
11,18,6,0.07387160489842569,0.22973426301242716,0.03835968730612063,0,0.0,8.971623492287451e-10
11,18,7,0.07387160489842569,0.22973426301242716,0.04415931109267841,0,0.0,2.0018397866255144e-10
11,18,8,0.07387160489842569,0.22973426301242716,0.04995893487923618,0,0.0,1.6432101613042118e-11
11,18,9,0.07387160489842569,0.22973426301242716,0.05575855866579396,0,0.0,4.962064728435311e-13
11,18,10,0.07387160489842569,0.22973426301242716,0.061558182452351735,0,0.0,0.0
11,18,11,0.07387160489842569,0.22973426301242716,0.06735780623890952,0,0.0,0.0
11,18,12,0.07387160489842569,0.22973426301242716,0.07315743002546729,0,0.0,0.0
11,18,13,0.07387160489842569,0.22973426301242716,0.07895705381202506,0,0.0,0.0
11,18,14,0.07387160489842569,0.22973426301242716,0.08475667759858284,0,0.0,0.0
11,18,15,0.07387160489842569,0.22973426301242716,0.09055630138514062,0,0.0,0.0
11,18,16,0.07387160489842569,0.22973426301242716,0.09635592517169839,0,0.0,0.0
11,18,17,0.07387160489842569,0.22973426301242716,0.10215554895825617,0,0.0,0.0
11,18,18,0.07387160489842569,0.22973426301242716,0.10795517274481395,0,0.0,0.0
11,18,19,0.07387160489842569,0.22973426301242716,0.11375479653137172,0,0.0,0.0
11,19,0,0.07387160489842569,0.2388157420524244,0.0035619445867739875,0,0.0,0.0
11,19,1,0.07387160489842569,0.2388157420524244,0.009361568373331762,0,0.0,8.181061664362154e-13
11,19,2,0.07387160489842569,0.2388157420524244,0.015161192159889538,0,0.0,2.709195545172843e-11
11,19,3,0.07387160489842569,0.2388157420524244,0.020960815946447314,0,0.0,3.300475836743292e-10
11,19,4,0.07387160489842569,0.2388157420524244,0.026760439733005088,0,0.0,1.479170648444729e-09
11,19,5,0.07387160489842569,0.2388157420524244,0.032560063519562865,0,0.0,2.438740111086126e-09
11,19,6,0.07387160489842569,0.2388157420524244,0.03835968730612063,0,0.0,1.479170648444729e-09
11,19,7,0.07387160489842569,0.2388157420524244,0.04415931109267841,0,0.0,3.300475836743292e-10
11,19,8,0.07387160489842569,0.2388157420524244,0.04995893487923618,0,0.0,2.709195545172843e-11
11,19,9,0.07387160489842569,0.2388157420524244,0.05575855866579396,0,0.0,8.181061664362154e-13
11,19,10,0.07387160489842569,0.2388157420524244,0.061558182452351735,0,0.0,0.0
11,19,11,0.07387160489842569,0.2388157420524244,0.06735780623890952,0,0.0,0.0
11,19,12,0.07387160489842569,0.2388157420524244,0.07315743002546729,0,0.0,0.0
11,19,13,0.07387160489842569,0.2388157420524244,0.07895705381202506,0,0.0,0.0
11,19,14,0.07387160489842569,0.2388157420524244,0.08475667759858284,0,0.0,0.0
11,19,15,0.07387160489842569,0.2388157420524244,0.09055630138514062,0,0.0,0.0
11,19,16,0.07387160489842569,0.2388157420524244,0.09635592517169839,0,0.0,0.0
11,19,17,0.07387160489842569,0.2388157420524244,0.10215554895825617,0,0.0,0.0
11,19,18,0.07387160489842569,0.2388157420524244,0.10795517274481395,0,0.0,0.0
11,19,19,0.07387160489842569,0.2388157420524244,0.11375479653137172,0,0.0,0.0
12,0,0,0.09271254711874201,0.06626764029247711,0.0035619445867739875,0,0.0,0.0005586592933215906
12,0,1,0.09271254711874201,0.06626764029247711,0.009361568373331762,0,0.0,0.0005578543112320192
12,0,2,0.09271254711874201,0.06626764029247711,0.015161192159889538,2,0.0002,0.00038791042471131076
12,0,3,0.09271254711874201,0.06626764029247711,0.020960815946447314,0,0.0,0.00023744048452250066
12,0,4,0.09271254711874201,0.06626764029247711,0.026760439733005088,0,0.0,0.000131651346081763
12,0,5,0.09271254711874201,0.06626764029247711,0.032560063519562865,0,0.0,6.506877366550473e-05
12,0,6,0.09271254711874201,0.06626764029247711,0.03835968730612063,0,0.0,2.6258151824731032e-05
12,0,7,0.09271254711874201,0.06626764029247711,0.04415931109267841,0,0.0,8.041785069942223e-06
12,0,8,0.09271254711874201,0.06626764029247711,0.04995893487923618,0,0.0,1.9674703853569133e-06
12,0,9,0.09271254711874201,0.06626764029247711,0.05575855866579396,0,0.0,3.975123476690673e-07
12,0,10,0.09271254711874201,0.06626764029247711,0.061558182452351735,0,0.0,6.327810488622709e-08
12,0,11,0.09271254711874201,0.06626764029247711,0.06735780623890952,0,0.0,1.0130212834930951e-08
12,0,12,0.09271254711874201,0.06626764029247711,0.07315743002546729,0,0.0,2.2781232094639005e-09
12,0,13,0.09271254711874201,0.06626764029247711,0.07895705381202506,0,0.0,3.796404105186838e-10
12,0,14,0.09271254711874201,0.06626764029247711,0.08475667759858284,0,0.0,2.8424444768149886e-11
12,0,15,0.09271254711874201,0.06626764029247711,0.09055630138514062,0,0.0,8.181061664362154e-13
12,0,16,0.09271254711874201,0.06626764029247711,0.09635592517169839,0,0.0,0.0
12,0,17,0.09271254711874201,0.06626764029247711,0.10215554895825617,0,0.0,0.0
12,0,18,0.09271254711874201,0.06626764029247711,0.10795517274481395,0,0.0,0.0
12,0,19,0.09271254711874201,0.06626764029247711,0.11375479653137172,0,0.0,0.0
12,1,0,0.09271254711874201,0.07534911933247435,0.0035619445867739875,5,0.0005,0.0022805646038827733
12,1,1,0.09271254711874201,0.07534911933247435,0.009361568373331762,11,0.0011,0.002035189145995795
12,1,2,0.09271254711874201,0.07534911933247435,0.015161192159889538,8,0.0008,0.0012607700230917898
12,1,3,0.09271254711874201,0.07534911933247435,0.020960815946447314,3,0.0003,0.0007986171680353372
12,1,4,0.09271254711874201,0.07534911933247435,0.026760439733005088,2,0.0002,0.0005163030196331555
12,1,5,0.09271254711874201,0.07534911933247435,0.032560063519562865,1,0.0001,0.0003010271245587696
12,1,6,0.09271254711874201,0.07534911933247435,0.03835968730612063,0,0.0,0.00014505724023655545
12,1,7,0.09271254711874201,0.07534911933247435,0.04415931109267841,0,0.0,5.596425872410776e-05
12,1,8,0.09271254711874201,0.07534911933247435,0.04995893487923618,0,0.0,1.796002599092659e-05
12,1,9,0.09271254711874201,0.07534911933247435,0.05575855866579396,0,0.0,4.929524838446288e-06
12,1,10,0.09271254711874201,0.07534911933247435,0.061558182452351735,0,0.0,1.1738998409356986e-06
12,1,11,0.09271254711874201,0.07534911933247435,0.06735780623890952,0,0.0,2.9959876348024774e-07
12,1,12,0.09271254711874201,0.07534911933247435,0.07315743002546729,0,0.0,8.028017259900049e-08
12,1,13,0.09271254711874201,0.07534911933247435,0.07895705381202506,0,0.0,1.341875087201277e-08
12,1,14,0.09271254711874201,0.07534911933247435,0.08475667759858284,0,0.0,9.94269820174884e-10
12,1,15,0.09271254711874201,0.07534911933247435,0.09055630138514062,0,0.0,2.8406268091008178e-11
12,1,16,0.09271254711874201,0.07534911933247435,0.09635592517169839,0,0.0,0.0
12,1,17,0.09271254711874201,0.07534911933247435,0.10215554895825617,0,0.0,0.0
12,1,18,0.09271254711874201,0.07534911933247435,0.10795517274481395,0,0.0,0.0
12,1,19,0.09271254711874201,0.07534911933247435,0.11375479653137172,0,0.0,0.0
12,2,0,0.09271254711874201,0.08443059837247156,0.0035619445867739875,152,0.0152,0.004679600188272349
12,2,1,0.09271254711874201,0.08443059837247156,0.009361568373331762,28,0.0028,0.004063859609493192
12,2,2,0.09271254711874201,0.08443059837247156,0.015161192159889538,25,0.0025,0.002496762595856263
12,2,3,0.09271254711874201,0.08443059837247156,0.020960815946447314,15,0.0015,0.0017386307980886604
12,2,4,0.09271254711874201,0.08443059837247156,0.026760439733005088,11,0.0011,0.001312895032446793
12,2,5,0.09271254711874201,0.08443059837247156,0.032560063519562865,5,0.0005,0.0008955785414467629
12,2,6,0.09271254711874201,0.08443059837247156,0.03835968730612063,2,0.0002,0.0005093231234306041
12,2,7,0.09271254711874201,0.08443059837247156,0.04415931109267841,0,0.0,0.00023844310253449285
12,2,8,0.09271254711874201,0.08443059837247156,0.04995893487923618,0,0.0,9.605213133616316e-05
12,2,9,0.09271254711874201,0.08443059837247156,0.05575855866579396,0,0.0,3.47234471959182e-05
12,2,10,0.09271254711874201,0.08443059837247156,0.061558182452351735,0,0.0,1.1742633980686891e-05
12,2,11,0.09271254711874201,0.08443059837247156,0.06735780623890952,0,0.0,3.950620099756319e-06
12,2,12,0.09271254711874201,0.08443059837247156,0.07315743002546729,0,0.0,1.1229777412575877e-06
12,2,13,0.09271254711874201,0.08443059837247156,0.07895705381202506,0,0.0,1.8843757938901507e-07
12,2,14,0.09271254711874201,0.08443059837247156,0.08475667759858284,0,0.0,1.5266493131052045e-08
12,2,15,0.09271254711874201,0.08443059837247156,0.09055630138514062,0,0.0,6.894436130805744e-10
12,2,16,0.09271254711874201,0.08443059837247156,0.09635592517169839,0,0.0,2.2130555449163285e-11
12,2,17,0.09271254711874201,0.08443059837247156,0.10215554895825617,0,0.0,6.069251025957958e-13
12,2,18,0.09271254711874201,0.08443059837247156,0.10795517274481395,0,0.0,0.0
12,2,19,0.09271254711874201,0.08443059837247156,0.11375479653137172,0,0.0,0.0
12,3,0,0.09271254711874201,0.09351207741246878,0.0035619445867739875,176,0.0176,0.005141181325133275
12,3,1,0.09271254711874201,0.09351207741246878,0.009361568373331762,35,0.0035,0.0047655239299099214
12,3,2,0.09271254711874201,0.09351207741246878,0.015161192159889538,27,0.0027,0.003307484568830388
12,3,3,0.09271254711874201,0.09351207741246878,0.020960815946447314,28,0.0028,0.002629767060549237
12,3,4,0.09271254711874201,0.09351207741246878,0.026760439733005088,29,0.0029,0.002231710356382599
12,3,5,0.09271254711874201,0.09351207741246878,0.032560063519562865,24,0.0024,0.0017251830459677222
12,3,6,0.09271254711874201,0.09351207741246878,0.03835968730612063,10,0.001,0.0011305767064366695
12,3,7,0.09271254711874201,0.09351207741246878,0.04415931109267841,2,0.0002,0.0006268479799156169
12,3,8,0.09271254711874201,0.09351207741246878,0.04995893487923618,2,0.0002,0.000307333324564101
12,3,9,0.09271254711874201,0.09351207741246878,0.05575855866579396,0,0.0,0.00014036654262452493
12,3,10,0.09271254711874201,0.09351207741246878,0.061558182452351735,0,0.0,6.207124162213976e-05
12,3,11,0.09271254711874201,0.09351207741246878,0.06735780623890952,0,0.0,2.4560206129070822e-05
12,3,12,0.09271254711874201,0.09351207741246878,0.07315743002546729,0,0.0,7.147863048200708e-06
12,3,13,0.09271254711874201,0.09351207741246878,0.07895705381202506,0,0.0,1.2719791197990634e-06
12,3,14,0.09271254711874201,0.09351207741246878,0.08475667759858284,0,0.0,1.4407393985319708e-07
12,3,15,0.09271254711874201,0.09351207741246878,0.09055630138514062,0,0.0,1.3895217270229574e-08
12,3,16,0.09271254711874201,0.09351207741246878,0.09635592517169839,0,0.0,1.0026297662743416e-09
12,3,17,0.09271254711874201,0.09351207741246878,0.10215554895825617,0,0.0,4.0914841887419026e-11
12,3,18,0.09271254711874201,0.09351207741246878,0.10795517274481395,0,0.0,6.069251025957958e-13
12,3,19,0.09271254711874201,0.09351207741246878,0.11375479653137172,0,0.0,0.0
12,4,0,0.09271254711874201,0.10259355645246601,0.0035619445867739875,31,0.0031,0.003328077200915021
12,4,1,0.09271254711874201,0.10259355645246601,0.009361568373331762,38,0.0038,0.00369437724797405
12,4,2,0.09271254711874201,0.10259355645246601,0.015161192159889538,25,0.0025,0.0032367905034398664
12,4,3,0.09271254711874201,0.10259355645246601,0.020960815946447314,31,0.0031,0.0029360864137135826
12,4,4,0.09271254711874201,0.10259355645246601,0.026760439733005088,26,0.0026,0.002672809262448464
12,4,5,0.09271254711874201,0.10259355645246601,0.032560063519562865,36,0.0036,0.0022457735061064453
12,4,6,0.09271254711874201,0.10259355645246601,0.03835968730612063,23,0.0023,0.0016403658542546108
12,4,7,0.09271254711874201,0.10259355645246601,0.04415931109267841,13,0.0013,0.0010485128376513302
12,4,8,0.09271254711874201,0.10259355645246601,0.04995893487923618,5,0.0005,0.0006027394804456141
12,4,9,0.09271254711874201,0.10259355645246601,0.05575855866579396,3,0.0003,0.00033073144752813783
12,4,10,0.09271254711874201,0.10259355645246601,0.061558182452351735,1,0.0001,0.00017759177574045278
12,4,11,0.09271254711874201,0.10259355645246601,0.06735780623890952,1,0.0001,7.915237324438125e-05
12,4,12,0.09271254711874201,0.10259355645246601,0.07315743002546729,0,0.0,2.502849845239646e-05
12,4,13,0.09271254711874201,0.10259355645246601,0.07895705381202506,0,0.0,5.740630977896324e-06
12,4,14,0.09271254711874201,0.10259355645246601,0.08475667759858284,0,0.0,1.1246928971165259e-06
12,4,15,0.09271254711874201,0.10259355645246601,0.09055630138514062,0,0.0,1.794726309196234e-07
12,4,16,0.09271254711874201,0.10259355645246601,0.09635592517169839,0,0.0,1.786203642807365e-08
12,4,17,0.09271254711874201,0.10259355645246601,0.10215554895825617,0,0.0,9.341903506118491e-10
12,4,18,0.09271254711874201,0.10259355645246601,0.10795517274481395,0,0.0,2.009859907753548e-11
12,4,19,0.09271254711874201,0.10259355645246601,0.11375479653137172,0,0.0,0.0
12,5,0,0.09271254711874201,0.11167503549246324,0.0035619445867739875,2,0.0002,0.0014354934327788394
12,5,1,0.09271254711874201,0.11167503549246324,0.009361568373331762,15,0.0015,0.0021088074997153605
12,5,2,0.09271254711874201,0.11167503549246324,0.015161192159889538,23,0.0023,0.002389691980428066
12,5,3,0.09271254711874201,0.11167503549246324,0.020960815946447314,17,0.0017,0.0024511681956419814
12,5,4,0.09271254711874201,0.11167503549246324,0.026760439733005088,30,0.003,0.002370847380726355
12,5,5,0.09271254711874201,0.11167503549246324,0.032560063519562865,30,0.003,0.0020857708179139478
12,5,6,0.09271254711874201,0.11167503549246324,0.03835968730612063,19,0.0019,0.001626253906112089
12,5,7,0.09271254711874201,0.11167503549246324,0.04415931109267841,15,0.0015,0.0011590190423374036
12,5,8,0.09271254711874201,0.11167503549246324,0.04995893487923618,7,0.0007,0.0007555280921156006
12,5,9,0.09271254711874201,0.11167503549246324,0.05575855866579396,5,0.0005,0.0004753168483174896
12,5,10,0.09271254711874201,0.11167503549246324,0.061558182452351735,4,0.0004,0.00028823309503657875
12,5,11,0.09271254711874201,0.11167503549246324,0.06735780623890952,1,0.0001,0.0001432303173197708
12,5,12,0.09271254711874201,0.11167503549246324,0.07315743002546729,0,0.0,5.5374432369966126e-05
12,5,13,0.09271254711874201,0.11167503549246324,0.07895705381202506,0,0.0,1.846067656318747e-05
12,5,14,0.09271254711874201,0.11167503549246324,0.08475667759858284,0,0.0,5.3639954128922735e-06
12,5,15,0.09271254711874201,0.11167503549246324,0.09055630138514062,0,0.0,1.1521953198129545e-06
12,5,16,0.09271254711874201,0.11167503549246324,0.09635592517169839,0,0.0,1.4886096563596468e-07
12,5,17,0.09271254711874201,0.11167503549246324,0.10215554895825617,0,0.0,9.495218049734436e-09
12,5,18,0.09271254711874201,0.11167503549246324,0.10795517274481395,0,0.0,2.4485106188067635e-10
12,5,19,0.09271254711874201,0.11167503549246324,0.11375479653137172,0,0.0,0.0
12,6,0,0.09271254711874201,0.12075651453246046,0.0035619445867739875,0,0.0,0.0004789456189762896
12,6,1,0.09271254711874201,0.12075651453246046,0.009361568373331762,8,0.0008,0.0009341167649113473
12,6,2,0.09271254711874201,0.12075651453246046,0.015161192159889538,12,0.0012,0.0012938672768182985
12,6,3,0.09271254711874201,0.12075651453246046,0.020960815946447314,11,0.0011,0.001485192349942705
12,6,4,0.09271254711874201,0.12075651453246046,0.026760439733005088,17,0.0017,0.0015337824683128748
12,6,5,0.09271254711874201,0.12075651453246046,0.032560063519562865,7,0.0007,0.0013918712700315902
12,6,6,0.09271254711874201,0.12075651453246046,0.03835968730612063,5,0.0005,0.0011268209520969308
12,6,7,0.09271254711874201,0.12075651453246046,0.04415931109267841,12,0.0012,0.0008678631288662388
12,6,8,0.09271254711874201,0.12075651453246046,0.04995893487923618,7,0.0007,0.0006288333799966637
12,6,9,0.09271254711874201,0.12075651453246046,0.05575855866579396,7,0.0007,0.0004395149100996486
12,6,10,0.09271254711874201,0.12075651453246046,0.061558182452351735,2,0.0002,0.0002840303799863084
12,6,11,0.09271254711874201,0.12075651453246046,0.06735780623890952,2,0.0002,0.00015524520060256376
12,6,12,0.09271254711874201,0.12075651453246046,0.07315743002546729,1,0.0001,7.538088266444858e-05
12,6,13,0.09271254711874201,0.12075651453246046,0.07895705381202506,0,0.0,3.375337859768099e-05
12,6,14,0.09271254711874201,0.12075651453246046,0.08475667759858284,0,0.0,1.2794183576053852e-05
12,6,15,0.09271254711874201,0.12075651453246046,0.09055630138514062,0,0.0,3.528771178530731e-06
12,6,16,0.09271254711874201,0.12075651453246046,0.09635592517169839,0,0.0,5.539198711878879e-07
12,6,17,0.09271254711874201,0.12075651453246046,0.10215554895825617,0,0.0,3.944586814200456e-08
12,6,18,0.09271254711874201,0.12075651453246046,0.10795517274481395,0,0.0,1.0973463278912965e-09
12,6,19,0.09271254711874201,0.12075651453246046,0.11375479653137172,0,0.0,0.0
12,7,0,0.09271254711874201,0.12983799357245768,0.0035619445867739875,0,0.0,0.00012758454412506356
12,7,1,0.09271254711874201,0.12983799357245768,0.009361568373331762,0,0.0,0.00030479528181133166
12,7,2,0.09271254711874201,0.12983799357245768,0.015161192159889538,0,0.0,0.0004922908911644945
12,7,3,0.09271254711874201,0.12983799357245768,0.020960815946447314,1,0.0001,0.0006332221233111776
12,7,4,0.09271254711874201,0.12983799357245768,0.026760439733005088,3,0.0003,0.0006989280210165357
12,7,5,0.09271254711874201,0.12983799357245768,0.032560063519562865,4,0.0004,0.0006598748716274148
12,7,6,0.09271254711874201,0.12983799357245768,0.03835968730612063,3,0.0003,0.0005471339154000369
12,7,7,0.09271254711874201,0.12983799357245768,0.04415931109267841,0,0.0,0.00043585787654838086
12,7,8,0.09271254711874201,0.12983799357245768,0.04995893487923618,0,0.0,0.0003480105700028968
12,7,9,0.09271254711874201,0.12983799357245768,0.05575855866579396,3,0.0003,0.00027315630312927183
12,7,10,0.09271254711874201,0.12983799357245768,0.061558182452351735,1,0.0001,0.00019020147276518635
12,7,11,0.09271254711874201,0.12983799357245768,0.06735780623890952,0,0.0,0.0001113914727691801
12,7,12,0.09271254711874201,0.12983799357245768,0.07315743002546729,1,0.0001,6.135013595074204e-05
12,7,13,0.09271254711874201,0.12983799357245768,0.07895705381202506,0,0.0,3.256384340159216e-05
12,7,14,0.09271254711874201,0.12983799357245768,0.08475667759858284,0,0.0,1.4851347491740988e-05
12,7,15,0.09271254711874201,0.12983799357245768,0.09055630138514062,0,0.0,4.852547815677165e-06
12,7,16,0.09271254711874201,0.12983799357245768,0.09635592517169839,0,0.0,8.450761775149909e-07
12,7,17,0.09271254711874201,0.12983799357245768,0.10215554895825617,0,0.0,6.314969159221359e-08
12,7,18,0.09271254711874201,0.12983799357245768,0.10795517274481395,0,0.0,1.809218232119058e-09
12,7,19,0.09271254711874201,0.12983799357245768,0.11375479653137172,0,0.0,0.0
12,8,0,0.09271254711874201,0.1389194726124549,0.0035619445867739875,0,0.0,2.3373480528566175e-05
12,8,1,0.09271254711874201,0.1389194726124549,0.009361568373331762,0,0.0,6.600669734414913e-05
12,8,2,0.09271254711874201,0.1389194726124549,0.015161192159889538,0,0.0,0.00012793345076774537
12,8,3,0.09271254711874201,0.1389194726124549,0.020960815946447314,0,0.0,0.0001870495208067846
12,8,4,0.09271254711874201,0.1389194726124549,0.026760439733005088,0,0.0,0.00021670797330742382
12,8,5,0.09271254711874201,0.1389194726124549,0.032560063519562865,1,0.0001,0.00021228418599215595
12,8,6,0.09271254711874201,0.1389194726124549,0.03835968730612063,0,0.0,0.000177810359792849
12,8,7,0.09271254711874201,0.1389194726124549,0.04415931109267841,0,0.0,0.00014257247841260322
12,8,8,0.09271254711874201,0.1389194726124549,0.04995893487923618,0,0.0,0.00012595361592542762
12,8,9,0.09271254711874201,0.1389194726124549,0.05575855866579396,0,0.0,0.00011616330756300902
12,8,10,0.09271254711874201,0.1389194726124549,0.061558182452351735,3,0.0003,9.567949086694154e-05
12,8,11,0.09271254711874201,0.1389194726124549,0.06735780623890952,1,0.0001,6.068984498893395e-05
12,8,12,0.09271254711874201,0.1389194726124549,0.07315743002546729,0,0.0,3.281327409953359e-05
12,8,13,0.09271254711874201,0.1389194726124549,0.07895705381202506,0,0.0,1.7154932914477317e-05
12,8,14,0.09271254711874201,0.1389194726124549,0.08475667759858284,0,0.0,8.018603323390015e-06
12,8,15,0.09271254711874201,0.1389194726124549,0.09055630138514062,0,0.0,2.7569370140230702e-06
12,8,16,0.09271254711874201,0.1389194726124549,0.09635592517169839,0,0.0,4.981728362551706e-07
12,8,17,0.09271254711874201,0.1389194726124549,0.10215554895825617,0,0.0,3.788150097176618e-08
12,8,18,0.09271254711874201,0.1389194726124549,0.10795517274481395,0,0.0,1.0973463278912965e-09
12,8,19,0.09271254711874201,0.1389194726124549,0.11375479653137172,0,0.0,0.0
12,9,0,0.09271254711874201,0.14800095165245214,0.0035619445867739875,0,0.0,2.644935262975584e-06
12,9,1,0.09271254711874201,0.14800095165245214,0.009361568373331762,0,0.0,9.378939865708053e-06
12,9,2,0.09271254711874201,0.14800095165245214,0.015161192159889538,0,0.0,2.2936056560061785e-05
12,9,3,0.09271254711874201,0.14800095165245214,0.020960815946447314,0,0.0,3.725455578066506e-05
12,9,4,0.09271254711874201,0.14800095165245214,0.026760439733005088,0,0.0,4.3233439056929855e-05
12,9,5,0.09271254711874201,0.14800095165245214,0.032560063519562865,0,0.0,4.2467276469932165e-05
12,9,6,0.09271254711874201,0.14800095165245214,0.03835968730612063,0,0.0,3.55700015582543e-05
12,9,7,0.09271254711874201,0.14800095165245214,0.04415931109267841,0,0.0,2.9927537393426965e-05
12,9,8,0.09271254711874201,0.14800095165245214,0.04995893487923618,0,0.0,3.0189275279566657e-05
12,9,9,0.09271254711874201,0.14800095165245214,0.05575855866579396,0,0.0,3.45645319804403e-05
12,9,10,0.09271254711874201,0.14800095165245214,0.061558182452351735,0,0.0,3.5797289192023325e-05
12,9,11,0.09271254711874201,0.14800095165245214,0.06735780623890952,0,0.0,2.4332492491538674e-05
12,9,12,0.09271254711874201,0.14800095165245214,0.07315743002546729,0,0.0,1.171141650268661e-05
12,9,13,0.09271254711874201,0.14800095165245214,0.07895705381202506,0,0.0,5.014952354171251e-06
12,9,14,0.09271254711874201,0.14800095165245214,0.08475667759858284,0,0.0,1.9463259852965276e-06
12,9,15,0.09271254711874201,0.14800095165245214,0.09055630138514062,0,0.0,6.176645925927786e-07
12,9,16,0.09271254711874201,0.14800095165245214,0.09635592517169839,0,0.0,1.104886591889305e-07
12,9,17,0.09271254711874201,0.14800095165245214,0.10215554895825617,0,0.0,8.417970320920675e-09
12,9,18,0.09271254711874201,0.14800095165245214,0.10795517274481395,0,0.0,2.4485106188067635e-10
12,9,19,0.09271254711874201,0.14800095165245214,0.11375479653137172,0,0.0,0.0
12,10,0,0.09271254711874201,0.15708243069244937,0.0035619445867739875,0,0.0,1.8872177406262524e-07
12,10,1,0.09271254711874201,0.15708243069244937,0.009361568373331762,0,0.0,8.920474356177309e-07
12,10,2,0.09271254711874201,0.15708243069244937,0.015161192159889538,0,0.0,2.659997510926832e-06
12,10,3,0.09271254711874201,0.15708243069244937,0.020960815946447314,0,0.0,4.574647964656255e-06
12,10,4,0.09271254711874201,0.15708243069244937,0.026760439733005088,0,0.0,5.274063187152014e-06
12,10,5,0.09271254711874201,0.15708243069244937,0.032560063519562865,0,0.0,5.186219613699578e-06
12,10,6,0.09271254711874201,0.15708243069244937,0.03835968730612063,0,0.0,4.36032796969523e-06
12,10,7,0.09271254711874201,0.15708243069244937,0.04415931109267841,0,0.0,4.151221637082681e-06
12,10,8,0.09271254711874201,0.15708243069244937,0.04995893487923618,0,0.0,5.119341838260319e-06
12,10,9,0.09271254711874201,0.15708243069244937,0.05575855866579396,0,0.0,7.358692807909394e-06
12,10,10,0.09271254711874201,0.15708243069244937,0.061558182452351735,0,0.0,8.800476005522244e-06
12,10,11,0.09271254711874201,0.15708243069244937,0.06735780623890952,0,0.0,5.894720664416602e-06
12,10,12,0.09271254711874201,0.15708243069244937,0.07315743002546729,0,0.0,2.397624463955867e-06
12,10,13,0.09271254711874201,0.15708243069244937,0.07895705381202506,0,0.0,7.922696609864561e-07
12,10,14,0.09271254711874201,0.15708243069244937,0.08475667759858284,0,0.0,2.2156906609327073e-07
12,10,15,0.09271254711874201,0.15708243069244937,0.09055630138514062,0,0.0,5.5027717859055085e-08
12,10,16,0.09271254711874201,0.15708243069244937,0.09635592517169839,0,0.0,9.172183573145545e-09
12,10,17,0.09271254711874201,0.15708243069244937,0.10215554895825617,0,0.0,6.899462138337685e-10
12,10,18,0.09271254711874201,0.15708243069244937,0.10795517274481395,0,0.0,2.009859907753548e-11
12,10,19,0.09271254711874201,0.15708243069244937,0.11375479653137172,0,0.0,0.0
12,11,0,0.09271254711874201,0.1661639097324466,0.0035619445867739875,0,0.0,7.98374680668336e-09
12,11,1,0.09271254711874201,0.1661639097324466,0.009361568373331762,0,0.0,4.8598959723908894e-08
12,11,2,0.09271254711874201,0.1661639097324466,0.015161192159889538,0,0.0,1.6380813259763586e-07
12,11,3,0.09271254711874201,0.1661639097324466,0.020960815946447314,0,0.0,2.9848482832196183e-07
12,11,4,0.09271254711874201,0.1661639097324466,0.026760439733005088,0,0.0,3.7773334187537597e-07
12,11,5,0.09271254711874201,0.1661639097324466,0.032560063519562865,0,0.0,4.0834053666832917e-07
12,11,6,0.09271254711874201,0.1661639097324466,0.03835968730612063,0,0.0,3.5204383676548306e-07
12,11,7,0.09271254711874201,0.1661639097324466,0.04415931109267841,0,0.0,3.8433402850745845e-07
12,11,8,0.09271254711874201,0.1661639097324466,0.04995893487923618,0,0.0,5.909871203567013e-07
12,11,9,0.09271254711874201,0.1661639097324466,0.05575855866579396,0,0.0,9.860392440877819e-07
12,11,10,0.09271254711874201,0.1661639097324466,0.061558182452351735,0,0.0,1.2161000951704492e-06
12,11,11,0.09271254711874201,0.1661639097324466,0.06735780623890952,0,0.0,7.592950191832884e-07
12,11,12,0.09271254711874201,0.1661639097324466,0.07315743002546729,0,0.0,2.5306888481345074e-07
12,11,13,0.09271254711874201,0.1661639097324466,0.07895705381202506,0,0.0,6.404956940349119e-08
12,11,14,0.09271254711874201,0.1661639097324466,0.08475667759858284,0,0.0,1.2933437042354411e-08
12,11,15,0.09271254711874201,0.1661639097324466,0.09055630138514062,0,0.0,2.1182380819173456e-09
12,11,16,0.09271254711874201,0.1661639097324466,0.09635592517169839,0,0.0,2.8986501955593377e-10
12,11,17,0.09271254711874201,0.1661639097324466,0.10215554895825617,0,0.0,2.081624280988354e-11
12,11,18,0.09271254711874201,0.1661639097324466,0.10795517274481395,0,0.0,6.069251025957958e-13
12,11,19,0.09271254711874201,0.1661639097324466,0.11375479653137172,0,0.0,0.0
12,12,0,0.09271254711874201,0.17524538877244383,0.0035619445867739875,0,0.0,1.6138434512711407e-10
12,12,1,0.09271254711874201,0.17524538877244383,0.009361568373331762,0,0.0,1.1780590792751294e-09
12,12,2,0.09271254711874201,0.17524538877244383,0.015161192159889538,0,0.0,4.326370765153835e-09
12,12,3,0.09271254711874201,0.17524538877244383,0.020960815946447314,0,0.0,8.947092825900322e-09
12,12,4,0.09271254711874201,0.17524538877244383,0.026760439733005088,0,0.0,1.4672164626191632e-08
12,12,5,0.09271254711874201,0.17524538877244383,0.032560063519562865,0,0.0,1.9032384302959546e-08
12,12,6,0.09271254711874201,0.17524538877244383,0.03835968730612063,0,0.0,1.7034958828868805e-08
12,12,7,0.09271254711874201,0.17524538877244383,0.04415931109267841,0,0.0,2.0464285118097696e-08
12,12,8,0.09271254711874201,0.17524538877244383,0.04995893487923618,0,0.0,3.6672398872228406e-08
12,12,9,0.09271254711874201,0.17524538877244383,0.05575855866579396,0,0.0,6.537829875951614e-08
12,12,10,0.09271254711874201,0.17524538877244383,0.061558182452351735,0,0.0,8.009690727592794e-08
12,12,11,0.09271254711874201,0.17524538877244383,0.06735780623890952,0,0.0,4.707338124582749e-08
12,12,12,0.09271254711874201,0.17524538877244383,0.07315743002546729,0,0.0,1.3201905893947782e-08
12,12,13,0.09271254711874201,0.17524538877244383,0.07895705381202506,0,0.0,2.5303766393197006e-09
12,12,14,0.09271254711874201,0.17524538877244383,0.08475667759858284,0,0.0,3.7147764681938546e-10
12,12,15,0.09271254711874201,0.17524538877244383,0.09055630138514062,0,0.0,2.7216781211301798e-11
12,12,16,0.09271254711874201,0.17524538877244383,0.09635592517169839,0,0.0,7.97170912170997e-13
12,12,17,0.09271254711874201,0.17524538877244383,0.10215554895825617,0,0.0,0.0
12,12,18,0.09271254711874201,0.17524538877244383,0.10795517274481395,0,0.0,0.0
12,12,19,0.09271254711874201,0.17524538877244383,0.11375479653137172,0,0.0,0.0
12,13,0,0.09271254711874201,0.18432686781244106,0.0035619445867739875,0,0.0,1.1980696832311923e-13
12,13,1,0.09271254711874201,0.18432686781244106,0.009361568373331762,0,0.0,9.087128740567496e-13
12,13,2,0.09271254711874201,0.18432686781244106,0.015161192159889538,0,0.0,8.205631126848064e-12
12,13,3,0.09271254711874201,0.18432686781244106,0.020960815946447314,0,0.0,6.284889163243601e-11
12,13,4,0.09271254711874201,0.18432686781244106,0.026760439733005088,0,0.0,2.4063285375730426e-10
12,13,5,0.09271254711874201,0.18432686781244106,0.032560063519562865,0,0.0,4.1068236105181323e-10
12,13,6,0.09271254711874201,0.18432686781244106,0.03835968730612063,0,0.0,3.8418434500961994e-10
12,13,7,0.09271254711874201,0.18432686781244106,0.04415931109267841,0,0.0,4.876186761336665e-10
12,13,8,0.09271254711874201,0.18432686781244106,0.04995893487923618,0,0.0,9.644972091300625e-10
12,13,9,0.09271254711874201,0.18432686781244106,0.05575855866579396,0,0.0,1.7567455273345804e-09
12,13,10,0.09271254711874201,0.18432686781244106,0.061558182452351735,0,0.0,2.10672237294766e-09
12,13,11,0.09271254711874201,0.18432686781244106,0.06735780623890952,0,0.0,1.171163520467283e-09
12,13,12,0.09271254711874201,0.18432686781244106,0.07315743002546729,0,0.0,2.7646923428934104e-10
12,13,13,0.09271254711874201,0.18432686781244106,0.07895705381202506,0,0.0,3.6668684336042425e-11
12,13,14,0.09271254711874201,0.18432686781244106,0.08475667759858284,0,0.0,4.2736970111336525e-12
12,13,15,0.09271254711874201,0.18432686781244106,0.09055630138514062,0,0.0,3.0096443932746593e-13
12,13,16,0.09271254711874201,0.18432686781244106,0.09635592517169839,0,0.0,9.0883385708546e-15
12,13,17,0.09271254711874201,0.18432686781244106,0.10215554895825617,0,0.0,0.0
12,13,18,0.09271254711874201,0.18432686781244106,0.10795517274481395,0,0.0,0.0
12,13,19,0.09271254711874201,0.18432686781244106,0.11375479653137172,0,0.0,0.0
12,14,0,0.09271254711874201,0.19340834685243827,0.0035619445867739875,0,0.0,0.0
12,14,1,0.09271254711874201,0.19340834685243827,0.009361568373331762,0,0.0,0.0
12,14,2,0.09271254711874201,0.19340834685243827,0.015161192159889538,0,0.0,0.0
12,14,3,0.09271254711874201,0.19340834685243827,0.020960815946447314,0,0.0,0.0
12,14,4,0.09271254711874201,0.19340834685243827,0.026760439733005088,0,0.0,2.7444404449594257e-16
12,14,5,0.09271254711874201,0.19340834685243827,0.032560063519562865,0,0.0,9.088338570854601e-15
12,14,6,0.09271254711874201,0.19340834685243827,0.03835968730612063,0,0.0,1.1071862975226463e-13
12,14,7,0.09271254711874201,0.19340834685243827,0.04415931109267841,0,0.0,4.962064728435312e-13
12,14,8,0.09271254711874201,0.19340834685243827,0.04995893487923618,0,0.0,8.181061664362154e-13
12,14,9,0.09271254711874201,0.19340834685243827,0.05575855866579396,0,0.0,4.962064728435312e-13
12,14,10,0.09271254711874201,0.19340834685243827,0.061558182452351735,0,0.0,1.1071862975226463e-13
12,14,11,0.09271254711874201,0.19340834685243827,0.06735780623890952,0,0.0,9.088338570854601e-15
12,14,12,0.09271254711874201,0.19340834685243827,0.07315743002546729,0,0.0,2.7444404449594257e-16
12,14,13,0.09271254711874201,0.19340834685243827,0.07895705381202506,0,0.0,0.0
12,14,14,0.09271254711874201,0.19340834685243827,0.08475667759858284,0,0.0,0.0
12,14,15,0.09271254711874201,0.19340834685243827,0.09055630138514062,0,0.0,0.0
12,14,16,0.09271254711874201,0.19340834685243827,0.09635592517169839,0,0.0,0.0
12,14,17,0.09271254711874201,0.19340834685243827,0.10215554895825617,0,0.0,0.0
12,14,18,0.09271254711874201,0.19340834685243827,0.10795517274481395,0,0.0,0.0
12,14,19,0.09271254711874201,0.19340834685243827,0.11375479653137172,0,0.0,0.0
12,15,0,0.09271254711874201,0.2024898258924355,0.0035619445867739875,0,0.0,0.0
12,15,1,0.09271254711874201,0.2024898258924355,0.009361568373331762,0,0.0,0.0
12,15,2,0.09271254711874201,0.2024898258924355,0.015161192159889538,0,0.0,0.0
12,15,3,0.09271254711874201,0.2024898258924355,0.020960815946447314,0,0.0,0.0
12,15,4,0.09271254711874201,0.2024898258924355,0.026760439733005088,0,0.0,0.0
12,15,5,0.09271254711874201,0.2024898258924355,0.032560063519562865,0,0.0,0.0
12,15,6,0.09271254711874201,0.2024898258924355,0.03835968730612063,0,0.0,0.0
12,15,7,0.09271254711874201,0.2024898258924355,0.04415931109267841,0,0.0,0.0
12,15,8,0.09271254711874201,0.2024898258924355,0.04995893487923618,0,0.0,0.0
12,15,9,0.09271254711874201,0.2024898258924355,0.05575855866579396,0,0.0,0.0
12,15,10,0.09271254711874201,0.2024898258924355,0.061558182452351735,0,0.0,0.0
12,15,11,0.09271254711874201,0.2024898258924355,0.06735780623890952,0,0.0,0.0
12,15,12,0.09271254711874201,0.2024898258924355,0.07315743002546729,0,0.0,0.0
12,15,13,0.09271254711874201,0.2024898258924355,0.07895705381202506,0,0.0,0.0
12,15,14,0.09271254711874201,0.2024898258924355,0.08475667759858284,0,0.0,0.0
12,15,15,0.09271254711874201,0.2024898258924355,0.09055630138514062,0,0.0,0.0
12,15,16,0.09271254711874201,0.2024898258924355,0.09635592517169839,0,0.0,0.0
12,15,17,0.09271254711874201,0.2024898258924355,0.10215554895825617,0,0.0,0.0
12,15,18,0.09271254711874201,0.2024898258924355,0.10795517274481395,0,0.0,0.0
12,15,19,0.09271254711874201,0.2024898258924355,0.11375479653137172,0,0.0,0.0
12,16,0,0.09271254711874201,0.21157130493243273,0.0035619445867739875,0,0.0,0.0
12,16,1,0.09271254711874201,0.21157130493243273,0.009361568373331762,0,0.0,0.0
12,16,2,0.09271254711874201,0.21157130493243273,0.015161192159889538,0,0.0,0.0
12,16,3,0.09271254711874201,0.21157130493243273,0.020960815946447314,0,0.0,0.0
12,16,4,0.09271254711874201,0.21157130493243273,0.026760439733005088,0,0.0,0.0
12,16,5,0.09271254711874201,0.21157130493243273,0.032560063519562865,0,0.0,0.0
12,16,6,0.09271254711874201,0.21157130493243273,0.03835968730612063,0,0.0,0.0
12,16,7,0.09271254711874201,0.21157130493243273,0.04415931109267841,0,0.0,0.0
12,16,8,0.09271254711874201,0.21157130493243273,0.04995893487923618,0,0.0,0.0
12,16,9,0.09271254711874201,0.21157130493243273,0.05575855866579396,0,0.0,0.0
12,16,10,0.09271254711874201,0.21157130493243273,0.061558182452351735,0,0.0,0.0
12,16,11,0.09271254711874201,0.21157130493243273,0.06735780623890952,0,0.0,0.0
12,16,12,0.09271254711874201,0.21157130493243273,0.07315743002546729,0,0.0,0.0
12,16,13,0.09271254711874201,0.21157130493243273,0.07895705381202506,0,0.0,0.0
12,16,14,0.09271254711874201,0.21157130493243273,0.08475667759858284,0,0.0,0.0
12,16,15,0.09271254711874201,0.21157130493243273,0.09055630138514062,0,0.0,0.0
12,16,16,0.09271254711874201,0.21157130493243273,0.09635592517169839,0,0.0,0.0
12,16,17,0.09271254711874201,0.21157130493243273,0.10215554895825617,0,0.0,0.0
12,16,18,0.09271254711874201,0.21157130493243273,0.10795517274481395,0,0.0,0.0
12,16,19,0.09271254711874201,0.21157130493243273,0.11375479653137172,0,0.0,0.0
12,17,0,0.09271254711874201,0.22065278397242996,0.0035619445867739875,0,0.0,0.0
12,17,1,0.09271254711874201,0.22065278397242996,0.009361568373331762,0,0.0,0.0
12,17,2,0.09271254711874201,0.22065278397242996,0.015161192159889538,0,0.0,0.0
12,17,3,0.09271254711874201,0.22065278397242996,0.020960815946447314,0,0.0,0.0
12,17,4,0.09271254711874201,0.22065278397242996,0.026760439733005088,0,0.0,0.0
12,17,5,0.09271254711874201,0.22065278397242996,0.032560063519562865,0,0.0,0.0
12,17,6,0.09271254711874201,0.22065278397242996,0.03835968730612063,0,0.0,0.0
12,17,7,0.09271254711874201,0.22065278397242996,0.04415931109267841,0,0.0,0.0
12,17,8,0.09271254711874201,0.22065278397242996,0.04995893487923618,0,0.0,0.0
12,17,9,0.09271254711874201,0.22065278397242996,0.05575855866579396,0,0.0,0.0
12,17,10,0.09271254711874201,0.22065278397242996,0.061558182452351735,0,0.0,0.0
12,17,11,0.09271254711874201,0.22065278397242996,0.06735780623890952,0,0.0,0.0
12,17,12,0.09271254711874201,0.22065278397242996,0.07315743002546729,0,0.0,0.0
12,17,13,0.09271254711874201,0.22065278397242996,0.07895705381202506,0,0.0,0.0
12,17,14,0.09271254711874201,0.22065278397242996,0.08475667759858284,0,0.0,0.0
12,17,15,0.09271254711874201,0.22065278397242996,0.09055630138514062,0,0.0,0.0
12,17,16,0.09271254711874201,0.22065278397242996,0.09635592517169839,0,0.0,0.0
12,17,17,0.09271254711874201,0.22065278397242996,0.10215554895825617,0,0.0,0.0
12,17,18,0.09271254711874201,0.22065278397242996,0.10795517274481395,0,0.0,0.0
12,17,19,0.09271254711874201,0.22065278397242996,0.11375479653137172,0,0.0,0.0
12,18,0,0.09271254711874201,0.22973426301242716,0.0035619445867739875,0,0.0,0.0
12,18,1,0.09271254711874201,0.22973426301242716,0.009361568373331762,0,0.0,0.0
12,18,2,0.09271254711874201,0.22973426301242716,0.015161192159889538,0,0.0,0.0
12,18,3,0.09271254711874201,0.22973426301242716,0.020960815946447314,0,0.0,0.0
12,18,4,0.09271254711874201,0.22973426301242716,0.026760439733005088,0,0.0,0.0
12,18,5,0.09271254711874201,0.22973426301242716,0.032560063519562865,0,0.0,0.0
12,18,6,0.09271254711874201,0.22973426301242716,0.03835968730612063,0,0.0,0.0
12,18,7,0.09271254711874201,0.22973426301242716,0.04415931109267841,0,0.0,0.0
12,18,8,0.09271254711874201,0.22973426301242716,0.04995893487923618,0,0.0,0.0
12,18,9,0.09271254711874201,0.22973426301242716,0.05575855866579396,0,0.0,0.0
12,18,10,0.09271254711874201,0.22973426301242716,0.061558182452351735,0,0.0,0.0
12,18,11,0.09271254711874201,0.22973426301242716,0.06735780623890952,0,0.0,0.0
12,18,12,0.09271254711874201,0.22973426301242716,0.07315743002546729,0,0.0,0.0
12,18,13,0.09271254711874201,0.22973426301242716,0.07895705381202506,0,0.0,0.0
12,18,14,0.09271254711874201,0.22973426301242716,0.08475667759858284,0,0.0,0.0
12,18,15,0.09271254711874201,0.22973426301242716,0.09055630138514062,0,0.0,0.0
12,18,16,0.09271254711874201,0.22973426301242716,0.09635592517169839,0,0.0,0.0
12,18,17,0.09271254711874201,0.22973426301242716,0.10215554895825617,0,0.0,0.0
12,18,18,0.09271254711874201,0.22973426301242716,0.10795517274481395,0,0.0,0.0
12,18,19,0.09271254711874201,0.22973426301242716,0.11375479653137172,0,0.0,0.0
12,19,0,0.09271254711874201,0.2388157420524244,0.0035619445867739875,0,0.0,0.0
12,19,1,0.09271254711874201,0.2388157420524244,0.009361568373331762,0,0.0,0.0
12,19,2,0.09271254711874201,0.2388157420524244,0.015161192159889538,0,0.0,0.0
12,19,3,0.09271254711874201,0.2388157420524244,0.020960815946447314,0,0.0,0.0
12,19,4,0.09271254711874201,0.2388157420524244,0.026760439733005088,0,0.0,0.0
12,19,5,0.09271254711874201,0.2388157420524244,0.032560063519562865,0,0.0,0.0
12,19,6,0.09271254711874201,0.2388157420524244,0.03835968730612063,0,0.0,0.0
12,19,7,0.09271254711874201,0.2388157420524244,0.04415931109267841,0,0.0,0.0
12,19,8,0.09271254711874201,0.2388157420524244,0.04995893487923618,0,0.0,0.0
12,19,9,0.09271254711874201,0.2388157420524244,0.05575855866579396,0,0.0,0.0
12,19,10,0.09271254711874201,0.2388157420524244,0.061558182452351735,0,0.0,0.0
12,19,11,0.09271254711874201,0.2388157420524244,0.06735780623890952,0,0.0,0.0
12,19,12,0.09271254711874201,0.2388157420524244,0.07315743002546729,0,0.0,0.0
12,19,13,0.09271254711874201,0.2388157420524244,0.07895705381202506,0,0.0,0.0
12,19,14,0.09271254711874201,0.2388157420524244,0.08475667759858284,0,0.0,0.0
12,19,15,0.09271254711874201,0.2388157420524244,0.09055630138514062,0,0.0,0.0
12,19,16,0.09271254711874201,0.2388157420524244,0.09635592517169839,0,0.0,0.0
12,19,17,0.09271254711874201,0.2388157420524244,0.10215554895825617,0,0.0,0.0
12,19,18,0.09271254711874201,0.2388157420524244,0.10795517274481395,0,0.0,0.0
12,19,19,0.09271254711874201,0.2388157420524244,0.11375479653137172,0,0.0,0.0
13,0,0,0.11155348933905831,0.06626764029247711,0.0035619445867739875,0,0.0,0.0007524574918462578
13,0,1,0.11155348933905831,0.06626764029247711,0.009361568373331762,0,0.0,0.0007659986427896449
13,0,2,0.11155348933905831,0.06626764029247711,0.015161192159889538,0,0.0,0.0005292332319134469
13,0,3,0.11155348933905831,0.06626764029247711,0.020960815946447314,0,0.0,0.0003099884442747753
13,0,4,0.11155348933905831,0.06626764029247711,0.026760439733005088,0,0.0,0.00016331939784664014
13,0,5,0.11155348933905831,0.06626764029247711,0.032560063519562865,0,0.0,7.639808340246822e-05
13,0,6,0.11155348933905831,0.06626764029247711,0.03835968730612063,0,0.0,2.8181971779383048e-05
13,0,7,0.11155348933905831,0.06626764029247711,0.04415931109267841,0,0.0,7.880720261499957e-06
13,0,8,0.11155348933905831,0.06626764029247711,0.04995893487923618,0,0.0,1.9601721954422934e-06
13,0,9,0.11155348933905831,0.06626764029247711,0.05575855866579396,0,0.0,3.9244077626556155e-07
13,0,10,0.11155348933905831,0.06626764029247711,0.061558182452351735,0,0.0,5.7363630227224256e-08
13,0,11,0.11155348933905831,0.06626764029247711,0.06735780623890952,0,0.0,8.374746448022817e-09
13,0,12,0.11155348933905831,0.06626764029247711,0.07315743002546729,0,0.0,1.5464091099642315e-09
13,0,13,0.11155348933905831,0.06626764029247711,0.07895705381202506,0,0.0,2.357317451639584e-10
13,0,14,0.11155348933905831,0.06626764029247711,0.08475667759858284,0,0.0,1.726046397514244e-11
13,0,15,0.11155348933905831,0.06626764029247711,0.09055630138514062,0,0.0,4.962064728435311e-13
13,0,16,0.11155348933905831,0.06626764029247711,0.09635592517169839,0,0.0,0.0
13,0,17,0.11155348933905831,0.06626764029247711,0.10215554895825617,0,0.0,0.0
13,0,18,0.11155348933905831,0.06626764029247711,0.10795517274481395,0,0.0,0.0
13,0,19,0.11155348933905831,0.06626764029247711,0.11375479653137172,0,0.0,0.0
13,1,0,0.11155348933905831,0.07534911933247435,0.0035619445867739875,17,0.0017,0.0028304570271744513
13,1,1,0.11155348933905831,0.07534911933247435,0.009361568373331762,17,0.0017,0.0025523603071360714
13,1,2,0.11155348933905831,0.07534911933247435,0.015161192159889538,8,0.0008,0.0015599805045545115
13,1,3,0.11155348933905831,0.07534911933247435,0.020960815946447314,5,0.0005,0.0009385177509540819
13,1,4,0.11155348933905831,0.07534911933247435,0.026760439733005088,2,0.0002,0.000574696319371435
13,1,5,0.11155348933905831,0.07534911933247435,0.032560063519562865,1,0.0001,0.00031677085033002543
13,1,6,0.11155348933905831,0.07534911933247435,0.03835968730612063,0,0.0,0.00014194081378856275
13,1,7,0.11155348933905831,0.07534911933247435,0.04415931109267841,0,0.0,5.2901416099253e-05
13,1,8,0.11155348933905831,0.07534911933247435,0.04995893487923618,0,0.0,1.733227541385069e-05
13,1,9,0.11155348933905831,0.07534911933247435,0.05575855866579396,0,0.0,4.504558972603288e-06
13,1,10,0.11155348933905831,0.07534911933247435,0.061558182452351735,0,0.0,9.958448310494057e-07
13,1,11,0.11155348933905831,0.07534911933247435,0.06735780623890952,0,0.0,2.3129755943202352e-07
13,1,12,0.11155348933905831,0.07534911933247435,0.07315743002546729,0,0.0,5.442101802516588e-08
13,1,13,0.11155348933905831,0.07534911933247435,0.07895705381202506,0,0.0,8.585436879949424e-09
13,1,14,0.11155348933905831,0.07534911933247435,0.08475667759858284,0,0.0,6.247006858013792e-10
13,1,15,0.11155348933905831,0.07534911933247435,0.09055630138514062,0,0.0,1.7746414252321867e-11
13,1,16,0.11155348933905831,0.07534911933247435,0.09635592517169839,0,0.0,0.0
13,1,17,0.11155348933905831,0.07534911933247435,0.10215554895825617,0,0.0,0.0
13,1,18,0.11155348933905831,0.07534911933247435,0.10795517274481395,0,0.0,0.0
13,1,19,0.11155348933905831,0.07534911933247435,0.11375479653137172,0,0.0,0.0
13,2,0,0.11155348933905831,0.08443059837247156,0.0035619445867739875,246,0.0246,0.005413941094904972
13,2,1,0.11155348933905831,0.08443059837247156,0.009361568373331762,38,0.0038,0.004712955065201901
13,2,2,0.11155348933905831,0.08443059837247156,0.015161192159889538,24,0.0024,0.002818584303765707
13,2,3,0.11155348933905831,0.08443059837247156,0.020960815946447314,18,0.0018,0.0018431145889449899
13,2,4,0.11155348933905831,0.08443059837247156,0.026760439733005088,10,0.001,0.001316310944417011
13,2,5,0.11155348933905831,0.08443059837247156,0.032560063519562865,6,0.0006,0.0008523875964532794
13,2,6,0.11155348933905831,0.08443059837247156,0.03835968730612063,0,0.0,0.00046556376638659774
13,2,7,0.11155348933905831,0.08443059837247156,0.04415931109267841,1,0.0001,0.0002204382943156536
13,2,8,0.11155348933905831,0.08443059837247156,0.04995893487923618,0,0.0,9.016738488198489e-05
13,2,9,0.11155348933905831,0.08443059837247156,0.05575855866579396,0,0.0,3.0924424142516353e-05
13,2,10,0.11155348933905831,0.08443059837247156,0.061558182452351735,0,0.0,9.877373939318155e-06
13,2,11,0.11155348933905831,0.08443059837247156,0.06735780623890952,0,0.0,3.067319617342887e-06
13,2,12,0.11155348933905831,0.08443059837247156,0.07315743002546729,0,0.0,7.97408363620953e-07
13,2,13,0.11155348933905831,0.08443059837247156,0.07895705381202506,0,0.0,1.2910495153282965e-07
13,2,14,0.11155348933905831,0.08443059837247156,0.08475667759858284,0,0.0,1.1071198876554266e-08
13,2,15,0.11155348933905831,0.08443059837247156,0.09055630138514062,0,0.0,6.43497500787729e-10
13,2,16,0.11155348933905831,0.08443059837247156,0.09635592517169839,0,0.0,2.932324597150229e-11
13,2,17,0.11155348933905831,0.08443059837247156,0.10215554895825617,0,0.0,8.271945050070702e-13
13,2,18,0.11155348933905831,0.08443059837247156,0.10795517274481395,0,0.0,0.0
13,2,19,0.11155348933905831,0.08443059837247156,0.11375479653137172,0,0.0,0.0
13,3,0,0.11155348933905831,0.09351207741246878,0.0035619445867739875,179,0.0179,0.0054706604632953305
13,3,1,0.11155348933905831,0.09351207741246878,0.009361568373331762,49,0.0049,0.005041625083599427
13,3,2,0.11155348933905831,0.09351207741246878,0.015161192159889538,16,0.0016,0.0033920610096962334
13,3,3,0.11155348933905831,0.09351207741246878,0.020960815946447314,24,0.0024,0.002557685239656839
13,3,4,0.11155348933905831,0.09351207741246878,0.026760439733005088,30,0.003,0.0020513151514998753
13,3,5,0.11155348933905831,0.09351207741246878,0.032560063519562865,16,0.0016,0.0015019401479608688
13,3,6,0.11155348933905831,0.09351207741246878,0.03835968730612063,9,0.0009,0.0009652769875025665
13,3,7,0.11155348933905831,0.09351207741246878,0.04415931109267841,6,0.0006,0.0005534774558679623
13,3,8,0.11155348933905831,0.09351207741246878,0.04995893487923618,0,0.0,0.0002781735967328151
13,3,9,0.11155348933905831,0.09351207741246878,0.05575855866579396,0,0.0,0.00012395267048390517
13,3,10,0.11155348933905831,0.09351207741246878,0.061558182452351735,0,0.0,5.3167479550128266e-05
13,3,11,0.11155348933905831,0.09351207741246878,0.06735780623890952,0,0.0,2.0193219274746033e-05
13,3,12,0.11155348933905831,0.09351207741246878,0.07315743002546729,0,0.0,5.582939847523041e-06
13,3,13,0.11155348933905831,0.09351207741246878,0.07895705381202506,0,0.0,9.997474300701168e-07
13,3,14,0.11155348933905831,0.09351207741246878,0.08475667759858284,0,0.0,1.3270614176433993e-07
13,3,15,0.11155348933905831,0.09351207741246878,0.09055630138514062,0,0.0,1.525418560776085e-08
13,3,16,0.11155348933905831,0.09351207741246878,0.09635592517169839,0,0.0,1.0480905978780326e-09
13,3,17,0.11155348933905831,0.09351207741246878,0.10215554895825617,0,0.0,3.2196664638454654e-11
13,3,18,0.11155348933905831,0.09351207741246878,0.10795517274481395,0,0.0,1.1980696832311923e-13
13,3,19,0.11155348933905831,0.09351207741246878,0.11375479653137172,0,0.0,0.0
13,4,0,0.11155348933905831,0.10259355645246601,0.0035619445867739875,29,0.0029,0.0031488001442770983
13,4,1,0.11155348933905831,0.10259355645246601,0.009361568373331762,48,0.0048,0.003424728046905836
13,4,2,0.11155348933905831,0.10259355645246601,0.015161192159889538,31,0.0031,0.002932091439403362
13,4,3,0.11155348933905831,0.10259355645246601,0.020960815946447314,31,0.0031,0.0026010651952948272
13,4,4,0.11155348933905831,0.10259355645246601,0.026760439733005088,17,0.0017,0.0022493771039196076
13,4,5,0.11155348933905831,0.10259355645246601,0.032560063519562865,21,0.0021,0.0017858456710231447
13,4,6,0.11155348933905831,0.10259355645246601,0.03835968730612063,13,0.0013,0.0012884929609828632
13,4,7,0.11155348933905831,0.10259355645246601,0.04415931109267841,13,0.0013,0.0008580186683433675
13,4,8,0.11155348933905831,0.10259355645246601,0.04995893487923618,6,0.0006,0.0005127764146369123
13,4,9,0.11155348933905831,0.10259355645246601,0.05575855866579396,2,0.0002,0.00028330518750783004
13,4,10,0.11155348933905831,0.10259355645246601,0.061558182452351735,0,0.0,0.00015365205989397465
13,4,11,0.11155348933905831,0.10259355645246601,0.06735780623890952,0,0.0,6.843213436200306e-05
13,4,12,0.11155348933905831,0.10259355645246601,0.07315743002546729,0,0.0,2.127254656513641e-05
13,4,13,0.11155348933905831,0.10259355645246601,0.07895705381202506,0,0.0,5.195470724989025e-06
13,4,14,0.11155348933905831,0.10259355645246601,0.08475667759858284,0,0.0,1.1708187119123594e-06
13,4,15,0.11155348933905831,0.10259355645246601,0.09055630138514062,0,0.0,1.8460432027306225e-07
13,4,16,0.11155348933905831,0.10259355645246601,0.09635592517169839,0,0.0,1.4381102459487588e-08
13,4,17,0.11155348933905831,0.10259355645246601,0.10215554895825617,0,0.0,4.927922595431265e-10
13,4,18,0.11155348933905831,0.10259355645246601,0.10795517274481395,0,0.0,3.967461903820827e-12
13,4,19,0.11155348933905831,0.10259355645246601,0.11375479653137172,0,0.0,0.0
13,5,0,0.11155348933905831,0.11167503549246324,0.0035619445867739875,0,0.0,0.0011233017987081779
13,5,1,0.11155348933905831,0.11167503549246324,0.009361568373331762,6,0.0006,0.0016069660056273777
13,5,2,0.11155348933905831,0.11167503549246324,0.015161192159889538,18,0.0018,0.0018383576286219773
13,5,3,0.11155348933905831,0.11167503549246324,0.020960815946447314,31,0.0031,0.0019255354433997452
13,5,4,0.11155348933905831,0.11167503549246324,0.026760439733005088,18,0.0018,0.0018131823132421347
13,5,5,0.11155348933905831,0.11167503549246324,0.032560063519562865,14,0.0014,0.0015245165112408071
13,5,6,0.11155348933905831,0.11167503549246324,0.03835968730612063,8,0.0008,0.001169560133622066
13,5,7,0.11155348933905831,0.11167503549246324,0.04415931109267841,12,0.0012,0.0008568123689115032
13,5,8,0.11155348933905831,0.11167503549246324,0.04995893487923618,7,0.0007,0.0005790831968350214
13,5,9,0.11155348933905831,0.11167503549246324,0.05575855866579396,6,0.0006,0.00037617831930183927
13,5,10,0.11155348933905831,0.11167503549246324,0.061558182452351735,8,0.0008,0.0002398543373149136
13,5,11,0.11155348933905831,0.11167503549246324,0.06735780623890952,1,0.0001,0.00012179580478475328
13,5,12,0.11155348933905831,0.11167503549246324,0.07315743002546729,0,0.0,4.744665928961114e-05
13,5,13,0.11155348933905831,0.11167503549246324,0.07895705381202506,0,0.0,1.742647211275542e-05
13,5,14,0.11155348933905831,0.11167503549246324,0.08475667759858284,0,0.0,5.359985675583112e-06
13,5,15,0.11155348933905831,0.11167503549246324,0.09055630138514062,0,0.0,9.648370909889899e-07
13,5,16,0.11155348933905831,0.11167503549246324,0.09635592517169839,0,0.0,8.410070865267308e-08
13,5,17,0.11155348933905831,0.11167503549246324,0.10215554895825617,0,0.0,3.433571697747913e-09
13,5,18,0.11155348933905831,0.11167503549246324,0.10795517274481395,0,0.0,4.833358068261832e-11
13,5,19,0.11155348933905831,0.11167503549246324,0.11375479653137172,0,0.0,0.0
13,6,0,0.11155348933905831,0.12075651453246046,0.0035619445867739875,0,0.0,0.00028602983976411673
13,6,1,0.11155348933905831,0.12075651453246046,0.009361568373331762,1,0.0001,0.0005639457563362406
13,6,2,0.11155348933905831,0.12075651453246046,0.015161192159889538,3,0.0003,0.0008268285201755777
13,6,3,0.11155348933905831,0.12075651453246046,0.020960815946447314,6,0.0006,0.0010091244216357653
13,6,4,0.11155348933905831,0.12075651453246046,0.026760439733005088,10,0.001,0.001059782416626798
13,6,5,0.11155348933905831,0.12075651453246046,0.032560063519562865,11,0.0011,0.0009481932080547175
13,6,6,0.11155348933905831,0.12075651453246046,0.03835968730612063,7,0.0007,0.0007510528006518245
13,6,7,0.11155348933905831,0.12075651453246046,0.04415931109267841,4,0.0004,0.0005732205341659143
13,6,8,0.11155348933905831,0.12075651453246046,0.04995893487923618,1,0.0001,0.000419544558300308
13,6,9,0.11155348933905831,0.12075651453246046,0.05575855866579396,1,0.0001,0.0003074980244913542
13,6,10,0.11155348933905831,0.12075651453246046,0.061558182452351735,2,0.0002,0.0002154025080450932
13,6,11,0.11155348933905831,0.12075651453246046,0.06735780623890952,1,0.0001,0.0001220941572855947
13,6,12,0.11155348933905831,0.12075651453246046,0.07315743002546729,1,0.0001,6.194106884974041e-05
13,6,13,0.11155348933905831,0.12075651453246046,0.07895705381202506,1,0.0001,3.0984172244052104e-05
13,6,14,0.11155348933905831,0.12075651453246046,0.08475667759858284,0,0.0,1.1259538325789809e-05
13,6,15,0.11155348933905831,0.12075651453246046,0.09055630138514062,0,0.0,2.2583865268747647e-06
13,6,16,0.11155348933905831,0.12075651453246046,0.09635592517169839,0,0.0,2.2674411076506066e-07
13,6,17,0.11155348933905831,0.12075651453246046,0.10215554895825617,0,0.0,1.1151206318055324e-08
13,6,18,0.11155348933905831,0.12075651453246046,0.10795517274481395,0,0.0,2.1661608027559356e-10
13,6,19,0.11155348933905831,0.12075651453246046,0.11375479653137172,0,0.0,0.0
13,7,0,0.11155348933905831,0.12983799357245768,0.0035619445867739875,0,0.0,5.971546550451132e-05
13,7,1,0.11155348933905831,0.12983799357245768,0.009361568373331762,0,0.0,0.0001498563302516788
13,7,2,0.11155348933905831,0.12983799357245768,0.015161192159889538,0,0.0,0.00025893639567539027
13,7,3,0.11155348933905831,0.12983799357245768,0.020960815946447314,0,0.0,0.00036208884999649045
13,7,4,0.11155348933905831,0.12983799357245768,0.026760439733005088,2,0.0002,0.00043008559253085156
13,7,5,0.11155348933905831,0.12983799357245768,0.032560063519562865,4,0.0004,0.0004196801153625918
13,7,6,0.11155348933905831,0.12983799357245768,0.03835968730612063,3,0.0003,0.0003434338393689954
13,7,7,0.11155348933905831,0.12983799357245768,0.04415931109267841,1,0.0001,0.00026354011073277136
13,7,8,0.11155348933905831,0.12983799357245768,0.04995893487923618,2,0.0002,0.00020752741810301602
13,7,9,0.11155348933905831,0.12983799357245768,0.05575855866579396,1,0.0001,0.00017255190943680048
13,7,10,0.11155348933905831,0.12983799357245768,0.061558182452351735,2,0.0002,0.00013135149520146624
13,7,11,0.11155348933905831,0.12983799357245768,0.06735780623890952,0,0.0,7.984032689591434e-05
13,7,12,0.11155348933905831,0.12983799357245768,0.07315743002546729,0,0.0,4.705355326600433e-05
13,7,13,0.11155348933905831,0.12983799357245768,0.07895705381202506,1,0.0001,2.7681100699805534e-05
13,7,14,0.11155348933905831,0.12983799357245768,0.08475667759858284,0,0.0,1.1190019408589134e-05
13,7,15,0.11155348933905831,0.12983799357245768,0.09055630138514062,0,0.0,2.4824728416386844e-06
13,7,16,0.11155348933905831,0.12983799357245768,0.09635592517169839,0,0.0,2.828651714161322e-07
13,7,17,0.11155348933905831,0.12983799357245768,0.10215554895825617,0,0.0,1.581536402252583e-08
13,7,18,0.11155348933905831,0.12983799357245768,0.10795517274481395,0,0.0,3.5713953912605756e-10
13,7,19,0.11155348933905831,0.12983799357245768,0.11375479653137172,0,0.0,0.0
13,8,0,0.11155348933905831,0.1389194726124549,0.0035619445867739875,0,0.0,9.034622648038948e-06
13,8,1,0.11155348933905831,0.1389194726124549,0.009361568373331762,0,0.0,2.653449473830436e-05
13,8,2,0.11155348933905831,0.1389194726124549,0.015161192159889538,0,0.0,5.4747528907000515e-05
13,8,3,0.11155348933905831,0.1389194726124549,0.020960815946447314,1,0.0001,8.931763335947394e-05
13,8,4,0.11155348933905831,0.1389194726124549,0.026760439733005088,0,0.0,0.00011759367704438731
13,8,5,0.11155348933905831,0.1389194726124549,0.032560063519562865,0,0.0,0.00012493794993101505
13,8,6,0.11155348933905831,0.1389194726124549,0.03835968730612063,0,0.0,0.00010693181058395564
13,8,7,0.11155348933905831,0.1389194726124549,0.04415931109267841,1,0.0001,8.48161948738512e-05
13,8,8,0.11155348933905831,0.1389194726124549,0.04995893487923618,1,0.0001,7.379819312375026e-05
13,8,9,0.11155348933905831,0.1389194726124549,0.05575855866579396,0,0.0,6.996890492047645e-05
13,8,10,0.11155348933905831,0.1389194726124549,0.061558182452351735,0,0.0,6.033456908765158e-05
13,8,11,0.11155348933905831,0.1389194726124549,0.06735780623890952,0,0.0,3.8572203675805804e-05
13,8,12,0.11155348933905831,0.1389194726124549,0.07315743002546729,0,0.0,2.1858427718406296e-05
13,8,13,0.11155348933905831,0.1389194726124549,0.07895705381202506,0,0.0,1.264721541989647e-05
13,8,14,0.11155348933905831,0.1389194726124549,0.08475667759858284,0,0.0,5.265528663648828e-06
13,8,15,0.11155348933905831,0.1389194726124549,0.09055630138514062,0,0.0,1.2361306347551933e-06
13,8,16,0.11155348933905831,0.1389194726124549,0.09635592517169839,0,0.0,1.5144845584248608e-07
13,8,17,0.11155348933905831,0.1389194726124549,0.10215554895825617,0,0.0,9.019088332656291e-09
13,8,18,0.11155348933905831,0.1389194726124549,0.10795517274481395,0,0.0,2.1661608027559356e-10
13,8,19,0.11155348933905831,0.1389194726124549,0.11375479653137172,0,0.0,0.0
13,9,0,0.11155348933905831,0.14800095165245214,0.0035619445867739875,0,0.0,8.103093887106104e-07
13,9,1,0.11155348933905831,0.14800095165245214,0.009361568373331762,0,0.0,3.1221763481462065e-06
13,9,2,0.11155348933905831,0.14800095165245214,0.015161192159889538,0,0.0,8.818812114251018e-06
13,9,3,0.11155348933905831,0.14800095165245214,0.020960815946447314,0,0.0,1.624064546085894e-05
13,9,4,0.11155348933905831,0.14800095165245214,0.026760439733005088,0,0.0,2.097777643071114e-05
13,9,5,0.11155348933905831,0.14800095165245214,0.032560063519562865,0,0.0,2.263469319373036e-05
13,9,6,0.11155348933905831,0.14800095165245214,0.03835968730612063,0,0.0,2.07024014897289e-05
13,9,7,0.11155348933905831,0.14800095165245214,0.04415931109267841,0,0.0,1.8846910577279992e-05
13,9,8,0.11155348933905831,0.14800095165245214,0.04995893487923618,0,0.0,1.831720408329981e-05
13,9,9,0.11155348933905831,0.14800095165245214,0.05575855866579396,0,0.0,1.904847469362716e-05
13,9,10,0.11155348933905831,0.14800095165245214,0.061558182452351735,0,0.0,1.9149516618479037e-05
13,9,11,0.11155348933905831,0.14800095165245214,0.06735780623890952,0,0.0,1.3007908920725679e-05
13,9,12,0.11155348933905831,0.14800095165245214,0.07315743002546729,0,0.0,6.338463699072674e-06
13,9,13,0.11155348933905831,0.14800095165245214,0.07895705381202506,0,0.0,2.947607485032571e-06
13,9,14,0.11155348933905831,0.14800095165245214,0.08475667759858284,0,0.0,1.1130406367561688e-06
13,9,15,0.11155348933905831,0.14800095165245214,0.09055630138514062,0,0.0,2.5784180965713915e-07
13,9,16,0.11155348933905831,0.14800095165245214,0.09635592517169839,0,0.0,3.225142406283169e-08
13,9,17,0.11155348933905831,0.14800095165245214,0.10215554895825617,0,0.0,1.965361867581198e-09
13,9,18,0.11155348933905831,0.14800095165245214,0.10795517274481395,0,0.0,4.833358068261832e-11
13,9,19,0.11155348933905831,0.14800095165245214,0.11375479653137172,0,0.0,0.0
13,10,0,0.11155348933905831,0.15708243069244937,0.0035619445867739875,0,0.0,4.699024014077828e-08
13,10,1,0.11155348933905831,0.15708243069244937,0.009361568373331762,0,0.0,2.90884130000682e-07
13,10,2,0.11155348933905831,0.15708243069244937,0.015161192159889538,0,0.0,1.0902202967650443e-06
13,10,3,0.11155348933905831,0.15708243069244937,0.020960815946447314,0,0.0,2.0248037130654908e-06
13,10,4,0.11155348933905831,0.15708243069244937,0.026760439733005088,0,0.0,2.2825101413353704e-06
13,10,5,0.11155348933905831,0.15708243069244937,0.032560063519562865,0,0.0,2.302602480154817e-06
13,10,6,0.11155348933905831,0.15708243069244937,0.03835968730612063,0,0.0,2.2927521872148645e-06
13,10,7,0.11155348933905831,0.15708243069244937,0.04415931109267841,0,0.0,2.559523164500455e-06
13,10,8,0.11155348933905831,0.15708243069244937,0.04995893487923618,0,0.0,2.751608500679833e-06
13,10,9,0.11155348933905831,0.15708243069244937,0.05575855866579396,0,0.0,3.134012897916454e-06
13,10,10,0.11155348933905831,0.15708243069244937,0.061558182452351735,0,0.0,3.598095092404326e-06
13,10,11,0.11155348933905831,0.15708243069244937,0.06735780623890952,0,0.0,2.5112359749394168e-06
13,10,12,0.11155348933905831,0.15708243069244937,0.07315743002546729,0,0.0,1.0436188787198524e-06
13,10,13,0.11155348933905831,0.15708243069244937,0.07895705381202506,0,0.0,3.517789033312983e-07
13,10,14,0.11155348933905831,0.15708243069244937,0.08475667759858284,0,0.0,1.0364926204058884e-07
13,10,15,0.11155348933905831,0.15708243069244937,0.09055630138514062,0,0.0,2.1553648576361444e-08
13,10,16,0.11155348933905831,0.15708243069244937,0.09635592517169839,0,0.0,2.625636532946428e-09
13,10,17,0.11155348933905831,0.15708243069244937,0.10215554895825617,0,0.0,1.5990537290931097e-10
13,10,18,0.11155348933905831,0.15708243069244937,0.10795517274481395,0,0.0,3.967461903820827e-12
13,10,19,0.11155348933905831,0.15708243069244937,0.11375479653137172,0,0.0,0.0
13,11,0,0.11155348933905831,0.1661639097324466,0.0035619445867739875,0,0.0,1.8493368555783867e-09
13,11,1,0.11155348933905831,0.1661639097324466,0.009361568373331762,0,0.0,1.719036165206435e-08
13,11,2,0.11155348933905831,0.1661639097324466,0.015161192159889538,0,0.0,7.271979507666879e-08
13,11,3,0.11155348933905831,0.1661639097324466,0.020960815946447314,0,0.0,1.3202651508954468e-07
13,11,4,0.11155348933905831,0.1661639097324466,0.026760439733005088,0,0.0,1.3410924042555591e-07
13,11,5,0.11155348933905831,0.1661639097324466,0.032560063519562865,0,0.0,1.2684136152609841e-07
13,11,6,0.11155348933905831,0.1661639097324466,0.03835968730612063,0,0.0,1.34852705071056e-07
13,11,7,0.11155348933905831,0.1661639097324466,0.04415931109267841,0,0.0,1.766244842847028e-07
13,11,8,0.11155348933905831,0.1661639097324466,0.04995893487923618,0,0.0,2.136315671065879e-07
13,11,9,0.11155348933905831,0.1661639097324466,0.05575855866579396,0,0.0,2.866224537576603e-07
13,11,10,0.11155348933905831,0.1661639097324466,0.061558182452351735,0,0.0,3.6198754248473123e-07
13,11,11,0.11155348933905831,0.1661639097324466,0.06735780623890952,0,0.0,2.45402475230323e-07
13,11,12,0.11155348933905831,0.1661639097324466,0.07315743002546729,0,0.0,8.683552756316119e-08
13,11,13,0.11155348933905831,0.1661639097324466,0.07895705381202506,0,0.0,2.139939476530998e-08
13,11,14,0.11155348933905831,0.1661639097324466,0.08475667759858284,0,0.0,4.449946150118858e-09
13,11,15,0.11155348933905831,0.1661639097324466,0.09055630138514062,0,0.0,7.290991921156488e-10
13,11,16,0.11155348933905831,0.1661639097324466,0.09635592517169839,0,0.0,8.081527073007609e-11
13,11,17,0.11155348933905831,0.1661639097324466,0.10215554895825617,0,0.0,4.803744747398752e-12
13,11,18,0.11155348933905831,0.1661639097324466,0.10795517274481395,0,0.0,1.1980696832311923e-13
13,11,19,0.11155348933905831,0.1661639097324466,0.11375479653137172,0,0.0,0.0
13,12,0,0.11155348933905831,0.17524538877244383,0.0035619445867739875,0,0.0,4.2636390367375465e-11
13,12,1,0.11155348933905831,0.17524538877244383,0.009361568373331762,0,0.0,4.6302317074462615e-10
13,12,2,0.11155348933905831,0.17524538877244383,0.015161192159889538,0,0.0,2.014394285608402e-09
13,12,3,0.11155348933905831,0.17524538877244383,0.020960815946447314,0,0.0,3.6027377727750484e-09
13,12,4,0.11155348933905831,0.17524538877244383,0.026760439733005088,0,0.0,3.5784790410030236e-09
13,12,5,0.11155348933905831,0.17524538877244383,0.032560063519562865,0,0.0,3.3906720682199654e-09
13,12,6,0.11155348933905831,0.17524538877244383,0.03835968730612063,0,0.0,3.6706729617616975e-09
13,12,7,0.11155348933905831,0.17524538877244383,0.04415931109267841,0,0.0,5.3866107539719655e-09
13,12,8,0.11155348933905831,0.17524538877244383,0.04995893487923618,0,0.0,7.909217950983141e-09
13,12,9,0.11155348933905831,0.17524538877244383,0.05575855866579396,0,0.0,1.3565011110031798e-08
13,12,10,0.11155348933905831,0.17524538877244383,0.061558182452351735,0,0.0,1.837335789688747e-08
13,12,11,0.11155348933905831,0.17524538877244383,0.06735780623890952,0,0.0,1.1769210249510489e-08
13,12,12,0.11155348933905831,0.17524538877244383,0.07315743002546729,0,0.0,3.4751283085231628e-09
13,12,13,0.11155348933905831,0.17524538877244383,0.07895705381202506,0,0.0,5.984204534115467e-10
13,12,14,0.11155348933905831,0.17524538877244383,0.08475667759858284,0,0.0,7.023994029515358e-11
13,12,15,0.11155348933905831,0.17524538877244383,0.09055630138514062,0,0.0,4.463668376664358e-12
13,12,16,0.11155348933905831,0.17524538877244383,0.09635592517169839,0,0.0,1.1980696832311923e-13
13,12,17,0.11155348933905831,0.17524538877244383,0.10215554895825617,0,0.0,0.0
13,12,18,0.11155348933905831,0.17524538877244383,0.10795517274481395,0,0.0,0.0
13,12,19,0.11155348933905831,0.17524538877244383,0.11375479653137172,0,0.0,0.0
13,13,0,0.11155348933905831,0.18432686781244106,0.0035619445867739875,0,0.0,2.7444404449594257e-16
13,13,1,0.11155348933905831,0.18432686781244106,0.009361568373331762,0,0.0,1.81766771417092e-14
13,13,2,0.11155348933905831,0.18432686781244106,0.015161192159889538,0,0.0,4.1250640121321836e-13
13,13,3,0.11155348933905831,0.18432686781244106,0.020960815946447314,0,0.0,4.190517841138448e-12
13,13,4,0.11155348933905831,0.18432686781244106,0.026760439733005088,0,0.0,1.761045201658118e-11
13,13,5,0.11155348933905831,0.18432686781244106,0.032560063519562865,0,0.0,2.9636085284306955e-11
13,13,6,0.11155348933905831,0.18432686781244106,0.03835968730612063,0,0.0,2.4427153126332543e-11
13,13,7,0.11155348933905831,0.18432686781244106,0.04415931109267841,0,0.0,3.257653521385867e-11
13,13,8,0.11155348933905831,0.18432686781244106,0.04995893487923618,0,0.0,9.69304513547449e-11
13,13,9,0.11155348933905831,0.18432686781244106,0.05575855866579396,0,0.0,2.6353184804412595e-10
13,13,10,0.11155348933905831,0.18432686781244106,0.061558182452351735,0,0.0,3.786924256775644e-10
13,13,11,0.11155348933905831,0.18432686781244106,0.06735780623890952,0,0.0,2.2132899981556402e-10
13,13,12,0.11155348933905831,0.18432686781244106,0.07315743002546729,0,0.0,4.948073963622806e-11
13,13,13,0.11155348933905831,0.18432686781244106,0.07895705381202506,0,0.0,4.473305603324205e-12
13,13,14,0.11155348933905831,0.18432686781244106,0.08475667759858284,0,0.0,2.305255980753839e-13
13,13,15,0.11155348933905831,0.18432686781244106,0.09055630138514062,0,0.0,9.088338570854601e-15
13,13,16,0.11155348933905831,0.18432686781244106,0.09635592517169839,0,0.0,2.7444404449594257e-16
13,13,17,0.11155348933905831,0.18432686781244106,0.10215554895825617,0,0.0,0.0
13,13,18,0.11155348933905831,0.18432686781244106,0.10795517274481395,0,0.0,0.0
13,13,19,0.11155348933905831,0.18432686781244106,0.11375479653137172,0,0.0,0.0
13,14,0,0.11155348933905831,0.19340834685243827,0.0035619445867739875,0,0.0,0.0
13,14,1,0.11155348933905831,0.19340834685243827,0.009361568373331762,0,0.0,0.0
13,14,2,0.11155348933905831,0.19340834685243827,0.015161192159889538,0,0.0,0.0
13,14,3,0.11155348933905831,0.19340834685243827,0.020960815946447314,0,0.0,0.0
13,14,4,0.11155348933905831,0.19340834685243827,0.026760439733005088,0,0.0,0.0
13,14,5,0.11155348933905831,0.19340834685243827,0.032560063519562865,0,0.0,0.0
13,14,6,0.11155348933905831,0.19340834685243827,0.03835968730612063,0,0.0,0.0
13,14,7,0.11155348933905831,0.19340834685243827,0.04415931109267841,0,0.0,0.0
13,14,8,0.11155348933905831,0.19340834685243827,0.04995893487923618,0,0.0,0.0
13,14,9,0.11155348933905831,0.19340834685243827,0.05575855866579396,0,0.0,0.0
13,14,10,0.11155348933905831,0.19340834685243827,0.061558182452351735,0,0.0,0.0
13,14,11,0.11155348933905831,0.19340834685243827,0.06735780623890952,0,0.0,0.0
13,14,12,0.11155348933905831,0.19340834685243827,0.07315743002546729,0,0.0,0.0
13,14,13,0.11155348933905831,0.19340834685243827,0.07895705381202506,0,0.0,0.0
13,14,14,0.11155348933905831,0.19340834685243827,0.08475667759858284,0,0.0,0.0
13,14,15,0.11155348933905831,0.19340834685243827,0.09055630138514062,0,0.0,0.0
13,14,16,0.11155348933905831,0.19340834685243827,0.09635592517169839,0,0.0,0.0
13,14,17,0.11155348933905831,0.19340834685243827,0.10215554895825617,0,0.0,0.0
13,14,18,0.11155348933905831,0.19340834685243827,0.10795517274481395,0,0.0,0.0
13,14,19,0.11155348933905831,0.19340834685243827,0.11375479653137172,0,0.0,0.0
13,15,0,0.11155348933905831,0.2024898258924355,0.0035619445867739875,0,0.0,0.0
13,15,1,0.11155348933905831,0.2024898258924355,0.009361568373331762,0,0.0,0.0
13,15,2,0.11155348933905831,0.2024898258924355,0.015161192159889538,0,0.0,0.0
13,15,3,0.11155348933905831,0.2024898258924355,0.020960815946447314,0,0.0,0.0
13,15,4,0.11155348933905831,0.2024898258924355,0.026760439733005088,0,0.0,0.0
13,15,5,0.11155348933905831,0.2024898258924355,0.032560063519562865,0,0.0,0.0
13,15,6,0.11155348933905831,0.2024898258924355,0.03835968730612063,0,0.0,0.0
13,15,7,0.11155348933905831,0.2024898258924355,0.04415931109267841,0,0.0,0.0
13,15,8,0.11155348933905831,0.2024898258924355,0.04995893487923618,0,0.0,0.0
13,15,9,0.11155348933905831,0.2024898258924355,0.05575855866579396,0,0.0,0.0
13,15,10,0.11155348933905831,0.2024898258924355,0.061558182452351735,0,0.0,0.0
13,15,11,0.11155348933905831,0.2024898258924355,0.06735780623890952,0,0.0,0.0
13,15,12,0.11155348933905831,0.2024898258924355,0.07315743002546729,0,0.0,0.0
13,15,13,0.11155348933905831,0.2024898258924355,0.07895705381202506,0,0.0,0.0
13,15,14,0.11155348933905831,0.2024898258924355,0.08475667759858284,0,0.0,0.0
13,15,15,0.11155348933905831,0.2024898258924355,0.09055630138514062,0,0.0,0.0
13,15,16,0.11155348933905831,0.2024898258924355,0.09635592517169839,0,0.0,0.0
13,15,17,0.11155348933905831,0.2024898258924355,0.10215554895825617,0,0.0,0.0
13,15,18,0.11155348933905831,0.2024898258924355,0.10795517274481395,0,0.0,0.0
13,15,19,0.11155348933905831,0.2024898258924355,0.11375479653137172,0,0.0,0.0
13,16,0,0.11155348933905831,0.21157130493243273,0.0035619445867739875,0,0.0,0.0
13,16,1,0.11155348933905831,0.21157130493243273,0.009361568373331762,0,0.0,0.0
13,16,2,0.11155348933905831,0.21157130493243273,0.015161192159889538,0,0.0,0.0
13,16,3,0.11155348933905831,0.21157130493243273,0.020960815946447314,0,0.0,0.0
13,16,4,0.11155348933905831,0.21157130493243273,0.026760439733005088,0,0.0,0.0
13,16,5,0.11155348933905831,0.21157130493243273,0.032560063519562865,0,0.0,0.0
13,16,6,0.11155348933905831,0.21157130493243273,0.03835968730612063,0,0.0,0.0
13,16,7,0.11155348933905831,0.21157130493243273,0.04415931109267841,0,0.0,0.0
13,16,8,0.11155348933905831,0.21157130493243273,0.04995893487923618,0,0.0,0.0
13,16,9,0.11155348933905831,0.21157130493243273,0.05575855866579396,0,0.0,0.0
13,16,10,0.11155348933905831,0.21157130493243273,0.061558182452351735,0,0.0,0.0
13,16,11,0.11155348933905831,0.21157130493243273,0.06735780623890952,0,0.0,0.0
13,16,12,0.11155348933905831,0.21157130493243273,0.07315743002546729,0,0.0,0.0
13,16,13,0.11155348933905831,0.21157130493243273,0.07895705381202506,0,0.0,0.0
13,16,14,0.11155348933905831,0.21157130493243273,0.08475667759858284,0,0.0,0.0
13,16,15,0.11155348933905831,0.21157130493243273,0.09055630138514062,0,0.0,0.0
13,16,16,0.11155348933905831,0.21157130493243273,0.09635592517169839,0,0.0,0.0
13,16,17,0.11155348933905831,0.21157130493243273,0.10215554895825617,0,0.0,0.0
13,16,18,0.11155348933905831,0.21157130493243273,0.10795517274481395,0,0.0,0.0
13,16,19,0.11155348933905831,0.21157130493243273,0.11375479653137172,0,0.0,0.0
13,17,0,0.11155348933905831,0.22065278397242996,0.0035619445867739875,0,0.0,0.0
13,17,1,0.11155348933905831,0.22065278397242996,0.009361568373331762,0,0.0,0.0
13,17,2,0.11155348933905831,0.22065278397242996,0.015161192159889538,0,0.0,0.0
13,17,3,0.11155348933905831,0.22065278397242996,0.020960815946447314,0,0.0,0.0
13,17,4,0.11155348933905831,0.22065278397242996,0.026760439733005088,0,0.0,0.0
13,17,5,0.11155348933905831,0.22065278397242996,0.032560063519562865,0,0.0,0.0
13,17,6,0.11155348933905831,0.22065278397242996,0.03835968730612063,0,0.0,0.0
13,17,7,0.11155348933905831,0.22065278397242996,0.04415931109267841,0,0.0,0.0
13,17,8,0.11155348933905831,0.22065278397242996,0.04995893487923618,0,0.0,0.0
13,17,9,0.11155348933905831,0.22065278397242996,0.05575855866579396,0,0.0,0.0
13,17,10,0.11155348933905831,0.22065278397242996,0.061558182452351735,0,0.0,0.0
13,17,11,0.11155348933905831,0.22065278397242996,0.06735780623890952,0,0.0,0.0
13,17,12,0.11155348933905831,0.22065278397242996,0.07315743002546729,0,0.0,0.0
13,17,13,0.11155348933905831,0.22065278397242996,0.07895705381202506,0,0.0,0.0
13,17,14,0.11155348933905831,0.22065278397242996,0.08475667759858284,0,0.0,0.0
13,17,15,0.11155348933905831,0.22065278397242996,0.09055630138514062,0,0.0,0.0
13,17,16,0.11155348933905831,0.22065278397242996,0.09635592517169839,0,0.0,0.0
13,17,17,0.11155348933905831,0.22065278397242996,0.10215554895825617,0,0.0,0.0
13,17,18,0.11155348933905831,0.22065278397242996,0.10795517274481395,0,0.0,0.0
13,17,19,0.11155348933905831,0.22065278397242996,0.11375479653137172,0,0.0,0.0
13,18,0,0.11155348933905831,0.22973426301242716,0.0035619445867739875,0,0.0,0.0
13,18,1,0.11155348933905831,0.22973426301242716,0.009361568373331762,0,0.0,0.0
13,18,2,0.11155348933905831,0.22973426301242716,0.015161192159889538,0,0.0,0.0
13,18,3,0.11155348933905831,0.22973426301242716,0.020960815946447314,0,0.0,0.0
13,18,4,0.11155348933905831,0.22973426301242716,0.026760439733005088,0,0.0,0.0
13,18,5,0.11155348933905831,0.22973426301242716,0.032560063519562865,0,0.0,0.0
13,18,6,0.11155348933905831,0.22973426301242716,0.03835968730612063,0,0.0,0.0
13,18,7,0.11155348933905831,0.22973426301242716,0.04415931109267841,0,0.0,0.0
13,18,8,0.11155348933905831,0.22973426301242716,0.04995893487923618,0,0.0,0.0
13,18,9,0.11155348933905831,0.22973426301242716,0.05575855866579396,0,0.0,0.0
13,18,10,0.11155348933905831,0.22973426301242716,0.061558182452351735,0,0.0,0.0
13,18,11,0.11155348933905831,0.22973426301242716,0.06735780623890952,0,0.0,0.0
13,18,12,0.11155348933905831,0.22973426301242716,0.07315743002546729,0,0.0,0.0
13,18,13,0.11155348933905831,0.22973426301242716,0.07895705381202506,0,0.0,0.0
13,18,14,0.11155348933905831,0.22973426301242716,0.08475667759858284,0,0.0,0.0
13,18,15,0.11155348933905831,0.22973426301242716,0.09055630138514062,0,0.0,0.0
13,18,16,0.11155348933905831,0.22973426301242716,0.09635592517169839,0,0.0,0.0
13,18,17,0.11155348933905831,0.22973426301242716,0.10215554895825617,0,0.0,0.0
13,18,18,0.11155348933905831,0.22973426301242716,0.10795517274481395,0,0.0,0.0
13,18,19,0.11155348933905831,0.22973426301242716,0.11375479653137172,0,0.0,0.0
13,19,0,0.11155348933905831,0.2388157420524244,0.0035619445867739875,0,0.0,0.0
13,19,1,0.11155348933905831,0.2388157420524244,0.009361568373331762,0,0.0,0.0
13,19,2,0.11155348933905831,0.2388157420524244,0.015161192159889538,0,0.0,0.0
13,19,3,0.11155348933905831,0.2388157420524244,0.020960815946447314,0,0.0,0.0
13,19,4,0.11155348933905831,0.2388157420524244,0.026760439733005088,0,0.0,0.0
13,19,5,0.11155348933905831,0.2388157420524244,0.032560063519562865,0,0.0,0.0
13,19,6,0.11155348933905831,0.2388157420524244,0.03835968730612063,0,0.0,0.0
13,19,7,0.11155348933905831,0.2388157420524244,0.04415931109267841,0,0.0,0.0
13,19,8,0.11155348933905831,0.2388157420524244,0.04995893487923618,0,0.0,0.0
13,19,9,0.11155348933905831,0.2388157420524244,0.05575855866579396,0,0.0,0.0
13,19,10,0.11155348933905831,0.2388157420524244,0.061558182452351735,0,0.0,0.0
13,19,11,0.11155348933905831,0.2388157420524244,0.06735780623890952,0,0.0,0.0
13,19,12,0.11155348933905831,0.2388157420524244,0.07315743002546729,0,0.0,0.0
13,19,13,0.11155348933905831,0.2388157420524244,0.07895705381202506,0,0.0,0.0
13,19,14,0.11155348933905831,0.2388157420524244,0.08475667759858284,0,0.0,0.0
13,19,15,0.11155348933905831,0.2388157420524244,0.09055630138514062,0,0.0,0.0
13,19,16,0.11155348933905831,0.2388157420524244,0.09635592517169839,0,0.0,0.0
13,19,17,0.11155348933905831,0.2388157420524244,0.10215554895825617,0,0.0,0.0
13,19,18,0.11155348933905831,0.2388157420524244,0.10795517274481395,0,0.0,0.0
13,19,19,0.11155348933905831,0.2388157420524244,0.11375479653137172,0,0.0,0.0
14,0,0,0.13039443155937464,0.06626764029247711,0.0035619445867739875,0,0.0,0.000743290082349059
14,0,1,0.13039443155937464,0.06626764029247711,0.009361568373331762,3,0.0003,0.0008520525073014396
14,0,2,0.13039443155937464,0.06626764029247711,0.015161192159889538,4,0.0004,0.0006343799709413937
14,0,3,0.13039443155937464,0.06626764029247711,0.020960815946447314,0,0.0,0.00036470996757433593
14,0,4,0.13039443155937464,0.06626764029247711,0.026760439733005088,0,0.0,0.00017835152895413956
14,0,5,0.13039443155937464,0.06626764029247711,0.032560063519562865,0,0.0,7.400947024289942e-05
14,0,6,0.13039443155937464,0.06626764029247711,0.03835968730612063,0,0.0,2.3430028487178583e-05
14,0,7,0.13039443155937464,0.06626764029247711,0.04415931109267841,0,0.0,5.562038753399341e-06
14,0,8,0.13039443155937464,0.06626764029247711,0.04995893487923618,0,0.0,1.2610256815948818e-06
14,0,9,0.13039443155937464,0.06626764029247711,0.05575855866579396,0,0.0,2.758130179352266e-07
14,0,10,0.13039443155937464,0.06626764029247711,0.061558182452351735,0,0.0,5.940732706153827e-08
14,0,11,0.13039443155937464,0.06626764029247711,0.06735780623890952,0,0.0,1.115969628910502e-08
14,0,12,0.13039443155937464,0.06626764029247711,0.07315743002546729,0,0.0,1.309811478535522e-09
14,0,13,0.13039443155937464,0.06626764029247711,0.07895705381202506,0,0.0,1.00918896144601e-10
14,0,14,0.13039443155937464,0.06626764029247711,0.08475667759858284,0,0.0,4.778717378503542e-12
14,0,15,0.13039443155937464,0.06626764029247711,0.09055630138514062,0,0.0,1.1071862975226461e-13
14,0,16,0.13039443155937464,0.06626764029247711,0.09635592517169839,0,0.0,0.0
14,0,17,0.13039443155937464,0.06626764029247711,0.10215554895825617,0,0.0,0.0
14,0,18,0.13039443155937464,0.06626764029247711,0.10795517274481395,0,0.0,0.0
14,0,19,0.13039443155937464,0.06626764029247711,0.11375479653137172,0,0.0,0.0
14,1,0,0.13039443155937464,0.07534911933247435,0.0035619445867739875,10,0.001,0.002326132554033911
14,1,1,0.13039443155937464,0.07534911933247435,0.009361568373331762,19,0.0019,0.002351872459317524
14,1,2,0.13039443155937464,0.07534911933247435,0.015161192159889538,18,0.0018,0.0015997028975751023
14,1,3,0.13039443155937464,0.07534911933247435,0.020960815946447314,8,0.0008,0.0009632383176864941
14,1,4,0.13039443155937464,0.07534911933247435,0.026760439733005088,3,0.0003,0.0005498796151495293
14,1,5,0.13039443155937464,0.07534911933247435,0.032560063519562865,1,0.0001,0.00027335170946922915
14,1,6,0.13039443155937464,0.07534911933247435,0.03835968730612063,0,0.0,0.00010821632139203718
14,1,7,0.13039443155937464,0.07534911933247435,0.04415931109267841,0,0.0,3.633436256304031e-05
14,1,8,0.13039443155937464,0.07534911933247435,0.04995893487923618,0,0.0,1.1516798952072882e-05
14,1,9,0.13039443155937464,0.07534911933247435,0.05575855866579396,0,0.0,3.2944199681918337e-06
14,1,10,0.13039443155937464,0.07534911933247435,0.061558182452351735,0,0.0,9.521482382240491e-07
14,1,11,0.13039443155937464,0.07534911933247435,0.06735780623890952,0,0.0,2.275959225161871e-07
14,1,12,0.13039443155937464,0.07534911933247435,0.07315743002546729,0,0.0,3.531327417796608e-08
14,1,13,0.13039443155937464,0.07534911933247435,0.07895705381202506,0,0.0,3.437785986515501e-09
14,1,14,0.13039443155937464,0.07534911933247435,0.08475667759858284,0,0.0,1.8411145158890257e-10
14,1,15,0.13039443155937464,0.07534911933247435,0.09055630138514062,0,0.0,4.273422567089156e-12
14,1,16,0.13039443155937464,0.07534911933247435,0.09635592517169839,0,0.0,0.0
14,1,17,0.13039443155937464,0.07534911933247435,0.10215554895825617,0,0.0,0.0
14,1,18,0.13039443155937464,0.07534911933247435,0.10795517274481395,0,0.0,0.0
14,1,19,0.13039443155937464,0.07534911933247435,0.11375479653137172,0,0.0,0.0
14,2,0,0.13039443155937464,0.08443059837247156,0.0035619445867739875,74,0.0074,0.003956083469734544
14,2,1,0.13039443155937464,0.08443059837247156,0.009361568373331762,45,0.0045,0.0038150385507221985
14,2,2,0.13039443155937464,0.08443059837247156,0.015161192159889538,21,0.0021,0.0025510262807704577
14,2,3,0.13039443155937464,0.08443059837247156,0.020960815946447314,15,0.0015,0.0016757041227714207
14,2,4,0.13039443155937464,0.08443059837247156,0.026760439733005088,9,0.0009,0.0011140592674532305
14,2,5,0.13039443155937464,0.08443059837247156,0.032560063519562865,5,0.0005,0.0006573271068839507
14,2,6,0.13039443155937464,0.08443059837247156,0.03835968730612063,0,0.0,0.00032934529933226285
14,2,7,0.13039443155937464,0.08443059837247156,0.04415931109267841,0,0.0,0.000148898297920964
14,2,8,0.13039443155937464,0.08443059837247156,0.04995893487923618,0,0.0,6.042989671612075e-05
14,2,9,0.13039443155937464,0.08443059837247156,0.05575855866579396,0,0.0,2.2164003241706254e-05
14,2,10,0.13039443155937464,0.08443059837247156,0.061558182452351735,0,0.0,8.09619941361602e-06
14,2,11,0.13039443155937464,0.08443059837247156,0.06735780623890952,0,0.0,2.395645809367391e-06
14,2,12,0.13039443155937464,0.08443059837247156,0.07315743002546729,0,0.0,4.6018189820505036e-07
14,2,13,0.13039443155937464,0.08443059837247156,0.07895705381202506,0,0.0,5.3990163349299657e-08
14,2,14,0.13039443155937464,0.08443059837247156,0.08475667759858284,0,0.0,4.287368636494882e-09
14,2,15,0.13039443155937464,0.08443059837247156,0.09055630138514062,0,0.0,3.1330617008723155e-10
14,2,16,0.13039443155937464,0.08443059837247156,0.09635592517169839,0,0.0,1.7875584003260336e-11
14,2,17,0.13039443155937464,0.08443059837247156,0.10215554895825617,0,0.0,4.964809168880272e-13
14,2,18,0.13039443155937464,0.08443059837247156,0.10795517274481395,0,0.0,0.0
14,2,19,0.13039443155937464,0.08443059837247156,0.11375479653137172,0,0.0,0.0
14,3,0,0.13039443155937464,0.09351207741246878,0.0035619445867739875,50,0.005,0.003666987171945495
14,3,1,0.13039443155937464,0.09351207741246878,0.009361568373331762,47,0.0047,0.003732132129943194
14,3,2,0.13039443155937464,0.09351207741246878,0.015161192159889538,38,0.0038,0.0028081366443368423
14,3,3,0.13039443155937464,0.09351207741246878,0.020960815946447314,29,0.0029,0.0021336177096928474
14,3,4,0.13039443155937464,0.09351207741246878,0.026760439733005088,18,0.0018,0.0015821148352229027
14,3,5,0.13039443155937464,0.09351207741246878,0.032560063519562865,10,0.001,0.0010482980316416563
14,3,6,0.13039443155937464,0.09351207741246878,0.03835968730612063,7,0.0007,0.0006315506016560295
14,3,7,0.13039443155937464,0.09351207741246878,0.04415931109267841,2,0.0002,0.0003577612216926366
14,3,8,0.13039443155937464,0.09351207741246878,0.04995893487923618,0,0.0,0.00018177585281825177
14,3,9,0.13039443155937464,0.09351207741246878,0.05575855866579396,0,0.0,8.414868835057268e-05
14,3,10,0.13039443155937464,0.09351207741246878,0.061558182452351735,0,0.0,3.7725914230328156e-05
14,3,11,0.13039443155937464,0.09351207741246878,0.06735780623890952,0,0.0,1.3522997668466406e-05
14,3,12,0.13039443155937464,0.09351207741246878,0.07315743002546729,0,0.0,3.103593849745647e-06
14,3,13,0.13039443155937464,0.09351207741246878,0.07895705381202506,0,0.0,4.821009578207373e-07
14,3,14,0.13039443155937464,0.09351207741246878,0.08475667759858284,0,0.0,7.015146907861706e-08
14,3,15,0.13039443155937464,0.09351207741246878,0.09055630138514062,0,0.0,8.923685340178874e-09
14,3,16,0.13039443155937464,0.09351207741246878,0.09635592517169839,0,0.0,6.131149113622433e-10
14,3,17,0.13039443155937464,0.09351207741246878,0.10215554895825617,0,0.0,1.7247998090443818e-11
14,3,18,0.13039443155937464,0.09351207741246878,0.10795517274481395,0,0.0,9.362782615350544e-15
14,3,19,0.13039443155937464,0.09351207741246878,0.11375479653137172,0,0.0,0.0
14,4,0,0.13039443155937464,0.10259355645246601,0.0035619445867739875,2,0.0002,0.0019448053790133782
14,4,1,0.13039443155937464,0.10259355645246601,0.009361568373331762,19,0.0019,0.0023190389065030673
14,4,2,0.13039443155937464,0.10259355645246601,0.015161192159889538,32,0.0032,0.0021871439100040594
14,4,3,0.13039443155937464,0.10259355645246601,0.020960815946447314,36,0.0036,0.0019652265924155546
14,4,4,0.13039443155937464,0.10259355645246601,0.026760439733005088,14,0.0014,0.0015761715359348311
14,4,5,0.13039443155937464,0.10259355645246601,0.032560063519562865,7,0.0007,0.0011262094167821617
14,4,6,0.13039443155937464,0.10259355645246601,0.03835968730612063,6,0.0006,0.0007705537762462152
14,4,7,0.13039443155937464,0.10259355645246601,0.04415931109267841,6,0.0006,0.0005201990681598363
14,4,8,0.13039443155937464,0.10259355645246601,0.04995893487923618,3,0.0003,0.0003206822367466818
14,4,9,0.13039443155937464,0.10259355645246601,0.05575855866579396,2,0.0002,0.0001798271572629938
14,4,10,0.13039443155937464,0.10259355645246601,0.061558182452351735,0,0.0,9.73086223490851e-05
14,4,11,0.13039443155937464,0.10259355645246601,0.06735780623890952,0,0.0,4.148591153447673e-05
14,4,12,0.13039443155937464,0.10259355645246601,0.07315743002546729,0,0.0,1.1881356529967101e-05
14,4,13,0.13039443155937464,0.10259355645246601,0.07895705381202506,0,0.0,2.9487455844916383e-06
14,4,14,0.13039443155937464,0.10259355645246601,0.08475667759858284,0,0.0,7.105489489129965e-07
14,4,15,0.13039443155937464,0.10259355645246601,0.09055630138514062,0,0.0,1.0991279126640017e-07
14,4,16,0.13039443155937464,0.10259355645246601,0.09635592517169839,0,0.0,7.912153623877582e-09
14,4,17,0.13039443155937464,0.10259355645246601,0.10215554895825617,0,0.0,2.2701251345363848e-10
14,4,18,0.13039443155937464,0.10259355645246601,0.10795517274481395,0,0.0,3.100527778983205e-13
14,4,19,0.13039443155937464,0.10259355645246601,0.11375479653137172,0,0.0,0.0
14,5,0,0.13039443155937464,0.11167503549246324,0.0035619445867739875,0,0.0,0.0006206683934405369
14,5,1,0.13039443155937464,0.11167503549246324,0.009361568373331762,1,0.0001,0.0009476659004510941
14,5,2,0.13039443155937464,0.11167503549246324,0.015161192159889538,2,0.0002,0.0011637323309812177
14,5,3,0.13039443155937464,0.11167503549246324,0.020960815946447314,7,0.0007,0.0012485862441443544
14,5,4,0.13039443155937464,0.11167503549246324,0.026760439733005088,12,0.0012,0.0011207836343597444
14,5,5,0.13039443155937464,0.11167503549246324,0.032560063519562865,7,0.0007,0.000870865333374235
14,5,6,0.13039443155937464,0.11167503549246324,0.03835968730612063,2,0.0002,0.0006424500463983081
14,5,7,0.13039443155937464,0.11167503549246324,0.04415931109267841,5,0.0005,0.00048217154173740525
14,5,8,0.13039443155937464,0.11167503549246324,0.04995893487923618,3,0.0003,0.00033836316592083263
14,5,9,0.13039443155937464,0.11167503549246324,0.05575855866579396,0,0.0,0.00022086651339592862
14,5,10,0.13039443155937464,0.11167503549246324,0.061558182452351735,1,0.0001,0.00013995379518132232
14,5,11,0.13039443155937464,0.11167503549246324,0.06735780623890952,0,0.0,6.970934690361097e-05
14,5,12,0.13039443155937464,0.11167503549246324,0.07315743002546729,0,0.0,2.7306916778495312e-05
14,5,13,0.13039443155937464,0.11167503549246324,0.07895705381202506,0,0.0,1.0813247709838267e-05
14,5,14,0.13039443155937464,0.11167503549246324,0.08475667759858284,0,0.0,3.3293573384729276e-06
14,5,15,0.13039443155937464,0.11167503549246324,0.09055630138514062,0,0.0,5.514934167409625e-07
14,5,16,0.13039443155937464,0.11167503549246324,0.09635592517169839,0,0.0,4.085540478454974e-08
14,5,17,0.13039443155937464,0.11167503549246324,0.10215554895825617,0,0.0,1.223148189730235e-09
14,5,18,0.13039443155937464,0.11167503549246324,0.10795517274481395,0,0.0,3.7772160942456245e-12
14,5,19,0.13039443155937464,0.11167503549246324,0.11375479653137172,0,0.0,0.0
14,6,0,0.13039443155937464,0.12075651453246046,0.0035619445867739875,0,0.0,0.0001298087668453658
14,6,1,0.13039443155937464,0.12075651453246046,0.009361568373331762,0,0.0,0.0002671191864498774
14,6,2,0.13039443155937464,0.12075651453246046,0.015161192159889538,1,0.0001,0.0004211180587954524
14,6,3,0.13039443155937464,0.12075651453246046,0.020960815946447314,1,0.0001,0.0005421273930720596
14,6,4,0.13039443155937464,0.12075651453246046,0.026760439733005088,2,0.0002,0.0005708410925774942
14,6,5,0.13039443155937464,0.12075651453246046,0.032560063519562865,3,0.0003,0.0004985204913912657
14,6,6,0.13039443155937464,0.12075651453246046,0.03835968730612063,2,0.0002,0.00038555409799634837
14,6,7,0.13039443155937464,0.12075651453246046,0.04415931109267841,0,0.0,0.0002950674719551832
14,6,8,0.13039443155937464,0.12075651453246046,0.04995893487923618,1,0.0001,0.00022132946540391797
14,6,9,0.13039443155937464,0.12075651453246046,0.05575855866579396,2,0.0002,0.00016610179266206862
14,6,10,0.13039443155937464,0.12075651453246046,0.061558182452351735,1,0.0001,0.0001192269524609671
14,6,11,0.13039443155937464,0.12075651453246046,0.06735780623890952,0,0.0,6.841485851124694e-05
14,6,12,0.13039443155937464,0.12075651453246046,0.07315743002546729,1,0.0001,3.729107206096129e-05
14,6,13,0.13039443155937464,0.12075651453246046,0.07895705381202506,0,0.0,1.9980717352426818e-05
14,6,14,0.13039443155937464,0.12075651453246046,0.08475667759858284,0,0.0,6.88867946273502e-06
14,6,15,0.13039443155937464,0.12075651453246046,0.09055630138514062,0,0.0,1.190807821485438e-06
14,6,16,0.13039443155937464,0.12075651453246046,0.09635592517169839,0,0.0,9.1542546230292e-08
14,6,17,0.13039443155937464,0.12075651453246046,0.10215554895825617,0,0.0,2.9387320899456863e-09
14,6,18,0.13039443155937464,0.12075651453246046,0.10795517274481395,0,0.0,1.692830808588565e-11
14,6,19,0.13039443155937464,0.12075651453246046,0.11375479653137172,0,0.0,0.0
14,7,0,0.13039443155937464,0.12983799357245768,0.0035619445867739875,0,0.0,2.0896338789103506e-05
14,7,1,0.13039443155937464,0.12983799357245768,0.009361568373331762,0,0.0,5.621287034342383e-05
14,7,2,0.13039443155937464,0.12983799357245768,0.015161192159889538,0,0.0,0.00010700170257965368
14,7,3,0.13039443155937464,0.12983799357245768,0.020960815946447314,0,0.0,0.00016226661277307422
14,7,4,0.13039443155937464,0.12983799357245768,0.026760439733005088,0,0.0,0.00020287934023433958
14,7,5,0.13039443155937464,0.12983799357245768,0.032560063519562865,0,0.0,0.00020305223588541264
14,7,6,0.13039443155937464,0.12983799357245768,0.03835968730612063,0,0.0,0.0001650964961711711
14,7,7,0.13039443155937464,0.12983799357245768,0.04415931109267841,0,0.0,0.00012457162458133652
14,7,8,0.13039443155937464,0.12983799357245768,0.04995893487923618,0,0.0,9.973648115373043e-05
14,7,9,0.13039443155937464,0.12983799357245768,0.05575855866579396,1,0.0001,8.76059775962215e-05
14,7,10,0.13039443155937464,0.12983799357245768,0.061558182452351735,1,0.0001,6.980712806130386e-05
14,7,11,0.13039443155937464,0.12983799357245768,0.06735780623890952,0,0.0,4.394047719183665e-05
14,7,12,0.13039443155937464,0.12983799357245768,0.07315743002546729,1,0.0001,2.9087056005942994e-05
14,7,13,0.13039443155937464,0.12983799357245768,0.07895705381202506,0,0.0,1.8028904507067828e-05
14,7,14,0.13039443155937464,0.12983799357245768,0.08475667759858284,0,0.0,6.626992414208086e-06
14,7,15,0.13039443155937464,0.12983799357245768,0.09055630138514062,0,0.0,1.1899990519434908e-06
14,7,16,0.13039443155937464,0.12983799357245768,0.09635592517169839,0,0.0,9.540398101288007e-08
14,7,17,0.13039443155937464,0.12983799357245768,0.10215554895825617,0,0.0,3.3027197211596633e-09
14,7,18,0.13039443155937464,0.12983799357245768,0.10795517274481395,0,0.0,2.7910061618164644e-11
14,7,19,0.13039443155937464,0.12983799357245768,0.11375479653137172,0,0.0,0.0
14,8,0,0.13039443155937464,0.1389194726124549,0.0035619445867739875,0,0.0,2.5982464429099002e-06
14,8,1,0.13039443155937464,0.1389194726124549,0.009361568373331762,0,0.0,8.445812267030622e-06
14,8,2,0.13039443155937464,0.1389194726124549,0.015161192159889538,0,0.0,1.9428090133336505e-05
14,8,3,0.13039443155937464,0.1389194726124549,0.020960815946447314,0,0.0,3.464269364364266e-05
14,8,4,0.13039443155937464,0.1389194726124549,0.026760439733005088,0,0.0,4.9069136379928076e-05
14,8,5,0.13039443155937464,0.1389194726124549,0.032560063519562865,0,0.0,5.4681284821567224e-05
14,8,6,0.13039443155937464,0.1389194726124549,0.03835968730612063,0,0.0,4.7965550851268346e-05
14,8,7,0.13039443155937464,0.1389194726124549,0.04415931109267841,0,0.0,3.8962460572467775e-05
14,8,8,0.13039443155937464,0.1389194726124549,0.04995893487923618,0,0.0,3.4929123617071403e-05
14,8,9,0.13039443155937464,0.1389194726124549,0.05575855866579396,0,0.0,3.3713755383720886e-05
14,8,10,0.13039443155937464,0.1389194726124549,0.061558182452351735,0,0.0,2.856982874355763e-05
14,8,11,0.13039443155937464,0.1389194726124549,0.06735780623890952,0,0.0,1.8495675715663922e-05
14,8,12,0.13039443155937464,0.1389194726124549,0.07315743002546729,0,0.0,1.23976826801134e-05
14,8,13,0.13039443155937464,0.1389194726124549,0.07895705381202506,0,0.0,7.895533401861124e-06
14,8,14,0.13039443155937464,0.1389194726124549,0.08475667759858284,0,0.0,2.986440924801265e-06
14,8,15,0.13039443155937464,0.1389194726124549,0.09055630138514062,0,0.0,5.501267794593971e-07
14,8,16,0.13039443155937464,0.1389194726124549,0.09635592517169839,0,0.0,4.5491132068138344e-08
14,8,17,0.13039443155937464,0.1389194726124549,0.10215554895825617,0,0.0,1.6590380326268247e-09
14,8,18,0.13039443155937464,0.1389194726124549,0.10795517274481395,0,0.0,1.692830808588565e-11
14,8,19,0.13039443155937464,0.1389194726124549,0.11375479653137172,0,0.0,0.0
14,9,0,0.13039443155937464,0.14800095165245214,0.0035619445867739875,0,0.0,2.0597775482731267e-07
14,9,1,0.13039443155937464,0.14800095165245214,0.009361568373331762,0,0.0,9.59028713648852e-07
14,9,2,0.13039443155937464,0.14800095165245214,0.015161192159889538,0,0.0,3.136983860108744e-06
14,9,3,0.13039443155937464,0.14800095165245214,0.020960815946447314,0,0.0,6.1208412202827285e-06
14,9,4,0.13039443155937464,0.14800095165245214,0.026760439733005088,0,0.0,8.041798941837397e-06
14,9,5,0.13039443155937464,0.14800095165245214,0.032560063519562865,0,0.0,8.93410063441048e-06
14,9,6,0.13039443155937464,0.14800095165245214,0.03835968730612063,0,0.0,8.922668705770472e-06
14,9,7,0.13039443155937464,0.14800095165245214,0.04415931109267841,0,0.0,9.085553624903393e-06
14,9,8,0.13039443155937464,0.14800095165245214,0.04995893487923618,0,0.0,8.954443129854202e-06
14,9,9,0.13039443155937464,0.14800095165245214,0.05575855866579396,0,0.0,8.212955380505014e-06
14,9,10,0.13039443155937464,0.14800095165245214,0.061558182452351735,0,0.0,7.050220533394227e-06
14,9,11,0.13039443155937464,0.14800095165245214,0.06735780623890952,0,0.0,4.613605056022776e-06
14,9,12,0.13039443155937464,0.14800095165245214,0.07315743002546729,0,0.0,2.7429852636832768e-06
14,9,13,0.13039443155937464,0.14800095165245214,0.07895705381202506,0,0.0,1.5892000899004894e-06
14,9,14,0.13039443155937464,0.14800095165245214,0.08475667759858284,0,0.0,5.89457230718894e-07
14,9,15,0.13039443155937464,0.14800095165245214,0.09055630138514062,0,0.0,1.0907411578108861e-07
14,9,16,0.13039443155937464,0.14800095165245214,0.09635592517169839,0,0.0,9.143679903949987e-09
14,9,17,0.13039443155937464,0.14800095165245214,0.10215554895825617,0,0.0,3.4193082398025937e-10
14,9,18,0.13039443155937464,0.14800095165245214,0.10795517274481395,0,0.0,3.7772160942456245e-12
14,9,19,0.13039443155937464,0.14800095165245214,0.11375479653137172,0,0.0,0.0
14,10,0,0.13039443155937464,0.15708243069244937,0.0035619445867739875,0,0.0,1.2441465228034691e-08
14,10,1,0.13039443155937464,0.15708243069244937,0.009361568373331762,0,0.0,1.0447670316423838e-07
14,10,2,0.13039443155937464,0.15708243069244937,0.015161192159889538,0,0.0,4.416011385587616e-07
14,10,3,0.13039443155937464,0.15708243069244937,0.020960815946447314,0,0.0,8.215569622281015e-07
14,10,4,0.13039443155937464,0.15708243069244937,0.026760439733005088,0,0.0,8.45856633527323e-07
14,10,5,0.13039443155937464,0.15708243069244937,0.032560063519562865,0,0.0,8.180560088004752e-07
14,10,6,0.13039443155937464,0.15708243069244937,0.03835968730612063,0,0.0,9.814078627992323e-07
14,10,7,0.13039443155937464,0.15708243069244937,0.04415931109267841,0,0.0,1.3057179366380853e-06
14,10,8,0.13039443155937464,0.15708243069244937,0.04995893487923618,0,0.0,1.3409938718891028e-06
14,10,9,0.13039443155937464,0.15708243069244937,0.05575855866579396,0,0.0,1.1123012184240142e-06
14,10,10,0.13039443155937464,0.15708243069244937,0.061558182452351735,0,0.0,9.564953057528176e-07
14,10,11,0.13039443155937464,0.15708243069244937,0.06735780623890952,0,0.0,6.331518435460864e-07
14,10,12,0.13039443155937464,0.15708243069244937,0.07315743002546729,0,0.0,3.10304420774265e-07
14,10,13,0.13039443155937464,0.15708243069244937,0.07895705381202506,0,0.0,1.4165190556310703e-07
14,10,14,0.13039443155937464,0.15708243069244937,0.08475667759858284,0,0.0,4.777029877095085e-08
14,10,15,0.13039443155937464,0.15708243069244937,0.09055630138514062,0,0.0,8.631221839567874e-09
14,10,16,0.13039443155937464,0.15708243069244937,0.09635592517169839,0,0.0,7.221613295934093e-10
14,10,17,0.13039443155937464,0.15708243069244937,0.10215554895825617,0,0.0,2.721429707822279e-11
14,10,18,0.13039443155937464,0.15708243069244937,0.10795517274481395,0,0.0,3.100527778983205e-13
14,10,19,0.13039443155937464,0.15708243069244937,0.11375479653137172,0,0.0,0.0
14,11,0,0.13039443155937464,0.1661639097324466,0.0035619445867739875,0,0.0,6.06624401066737e-10
14,11,1,0.13039443155937464,0.1661639097324466,0.009361568373331762,0,0.0,7.1192731103018125e-09
14,11,2,0.13039443155937464,0.1661639097324466,0.015161192159889538,0,0.0,3.213336658870917e-08
14,11,3,0.13039443155937464,0.1661639097324466,0.020960815946447314,0,0.0,5.671212856504829e-08
14,11,4,0.13039443155937464,0.1661639097324466,0.026760439733005088,0,0.0,4.814976514276034e-08
14,11,5,0.13039443155937464,0.1661639097324466,0.032560063519562865,0,0.0,3.9112668434593925e-08
14,11,6,0.13039443155937464,0.1661639097324466,0.03835968730612063,0,0.0,5.603086813290317e-08
14,11,7,0.13039443155937464,0.1661639097324466,0.04415931109267841,0,0.0,8.979751027429875e-08
14,11,8,0.13039443155937464,0.1661639097324466,0.04995893487923618,0,0.0,9.436279482514779e-08
14,11,9,0.13039443155937464,0.1661639097324466,0.05575855866579396,0,0.0,7.595266692657908e-08
14,11,10,0.13039443155937464,0.1661639097324466,0.061558182452351735,0,0.0,6.798297748943515e-08
14,11,11,0.13039443155937464,0.1661639097324466,0.06735780623890952,0,0.0,4.496876057075218e-08
14,11,12,0.13039443155937464,0.1661639097324466,0.07315743002546729,0,0.0,1.804432663614163e-08
14,11,13,0.13039443155937464,0.1661639097324466,0.07895705381202506,0,0.0,5.761172891127525e-09
14,11,14,0.13039443155937464,0.1661639097324466,0.08475667759858284,0,0.0,1.5608812704786216e-09
14,11,15,0.13039443155937464,0.1661639097324466,0.09055630138514062,0,0.0,2.617527872802373e-10
14,11,16,0.13039443155937464,0.1661639097324466,0.09635592517169839,0,0.0,2.1457832508034388e-11
14,11,17,0.13039443155937464,0.1661639097324466,0.10215554895825617,0,0.0,8.068081388308435e-13
14,11,18,0.13039443155937464,0.1661639097324466,0.10795517274481395,0,0.0,9.362782615350544e-15
14,11,19,0.13039443155937464,0.1661639097324466,0.11375479653137172,0,0.0,0.0
14,12,0,0.13039443155937464,0.17524538877244383,0.0035619445867739875,0,0.0,1.7274742204521272e-11
14,12,1,0.13039443155937464,0.17524538877244383,0.009361568373331762,0,0.0,2.088875330074253e-10
14,12,2,0.13039443155937464,0.17524538877244383,0.015161192159889538,0,0.0,9.370836908333604e-10
14,12,3,0.13039443155937464,0.17524538877244383,0.020960815946447314,0,0.0,1.5870200582652193e-09
14,12,4,0.13039443155937464,0.17524538877244383,0.026760439733005088,0,0.0,1.1690865308753047e-09
14,12,5,0.13039443155937464,0.17524538877244383,0.032560063519562865,0,0.0,7.85794179386468e-10
14,12,6,0.13039443155937464,0.17524538877244383,0.03835968730612063,0,0.0,1.338788904502756e-09
14,12,7,0.13039443155937464,0.17524538877244383,0.04415931109267841,0,0.0,2.4706019943615146e-09
14,12,8,0.13039443155937464,0.17524538877244383,0.04995893487923618,0,0.0,2.690943526616009e-09
14,12,9,0.13039443155937464,0.17524538877244383,0.05575855866579396,0,0.0,2.3510524917311784e-09
14,12,10,0.13039443155937464,0.17524538877244383,0.061558182452351735,0,0.0,2.3578395387374116e-09
14,12,11,0.13039443155937464,0.17524538877244383,0.06735780623890952,0,0.0,1.5297488146392876e-09
14,12,12,0.13039443155937464,0.17524538877244383,0.07315743002546729,0,0.0,4.874078239507223e-10
14,12,13,0.13039443155937464,0.17524538877244383,0.07895705381202506,0,0.0,8.239402899959965e-11
14,12,14,0.13039443155937464,0.17524538877244383,0.08475667759858284,0,0.0,7.975752484230828e-12
14,12,15,0.13039443155937464,0.17524538877244383,0.09055630138514062,0,0.0,4.1168306907973055e-13
14,12,16,0.13039443155937464,0.17524538877244383,0.09635592517169839,0,0.0,9.0883385708546e-15
14,12,17,0.13039443155937464,0.17524538877244383,0.10215554895825617,0,0.0,0.0
14,12,18,0.13039443155937464,0.17524538877244383,0.10795517274481395,0,0.0,0.0
14,12,19,0.13039443155937464,0.17524538877244383,0.11375479653137172,0,0.0,0.0
14,13,0,0.13039443155937464,0.18432686781244106,0.0035619445867739875,0,0.0,0.0
14,13,1,0.13039443155937464,0.18432686781244106,0.009361568373331762,0,0.0,2.7444404449594257e-16
14,13,2,0.13039443155937464,0.18432686781244106,0.015161192159889538,0,0.0,9.088338570854601e-15
14,13,3,0.13039443155937464,0.18432686781244106,0.020960815946447314,0,0.0,1.1071862975226463e-13
14,13,4,0.13039443155937464,0.18432686781244106,0.026760439733005088,0,0.0,4.964809168880271e-13
14,13,5,0.13039443155937464,0.18432686781244106,0.032560063519562865,0,0.0,8.274689490515659e-13
14,13,6,0.13039443155937464,0.18432686781244106,0.03835968730612063,0,0.0,6.25376223782001e-13
14,13,7,0.13039443155937464,0.18432686781244106,0.04415931109267841,0,0.0,1.0276965102463811e-12
14,13,8,0.13039443155937464,0.18432686781244106,0.04995893487923618,0,0.0,5.1006170720962265e-12
14,13,9,0.13039443155937464,0.18432686781244106,0.05575855866579396,0,0.0,1.8242895169209892e-11
14,13,10,0.13039443155937464,0.18432686781244106,0.061558182452351735,0,0.0,2.851698672076044e-11
14,13,11,0.13039443155937464,0.18432686781244106,0.06735780623890952,0,0.0,1.704811505420877e-11
14,13,12,0.13039443155937464,0.18432686781244106,0.07315743002546729,0,0.0,3.786578876860976e-12
14,13,13,0.13039443155937464,0.18432686781244106,0.07895705381202506,0,0.0,3.1032722194281645e-13
14,13,14,0.13039443155937464,0.18432686781244106,0.08475667759858284,0,0.0,9.362782615350544e-15
14,13,15,0.13039443155937464,0.18432686781244106,0.09055630138514062,0,0.0,0.0
14,13,16,0.13039443155937464,0.18432686781244106,0.09635592517169839,0,0.0,0.0
14,13,17,0.13039443155937464,0.18432686781244106,0.10215554895825617,0,0.0,0.0
14,13,18,0.13039443155937464,0.18432686781244106,0.10795517274481395,0,0.0,0.0
14,13,19,0.13039443155937464,0.18432686781244106,0.11375479653137172,0,0.0,0.0
14,14,0,0.13039443155937464,0.19340834685243827,0.0035619445867739875,0,0.0,0.0
14,14,1,0.13039443155937464,0.19340834685243827,0.009361568373331762,0,0.0,0.0
14,14,2,0.13039443155937464,0.19340834685243827,0.015161192159889538,0,0.0,0.0
14,14,3,0.13039443155937464,0.19340834685243827,0.020960815946447314,0,0.0,0.0
14,14,4,0.13039443155937464,0.19340834685243827,0.026760439733005088,0,0.0,0.0
14,14,5,0.13039443155937464,0.19340834685243827,0.032560063519562865,0,0.0,0.0
14,14,6,0.13039443155937464,0.19340834685243827,0.03835968730612063,0,0.0,0.0
14,14,7,0.13039443155937464,0.19340834685243827,0.04415931109267841,0,0.0,0.0
14,14,8,0.13039443155937464,0.19340834685243827,0.04995893487923618,0,0.0,0.0
14,14,9,0.13039443155937464,0.19340834685243827,0.05575855866579396,0,0.0,0.0
14,14,10,0.13039443155937464,0.19340834685243827,0.061558182452351735,0,0.0,0.0
14,14,11,0.13039443155937464,0.19340834685243827,0.06735780623890952,0,0.0,0.0
14,14,12,0.13039443155937464,0.19340834685243827,0.07315743002546729,0,0.0,0.0
14,14,13,0.13039443155937464,0.19340834685243827,0.07895705381202506,0,0.0,0.0
14,14,14,0.13039443155937464,0.19340834685243827,0.08475667759858284,0,0.0,0.0
14,14,15,0.13039443155937464,0.19340834685243827,0.09055630138514062,0,0.0,0.0
14,14,16,0.13039443155937464,0.19340834685243827,0.09635592517169839,0,0.0,0.0
14,14,17,0.13039443155937464,0.19340834685243827,0.10215554895825617,0,0.0,0.0
14,14,18,0.13039443155937464,0.19340834685243827,0.10795517274481395,0,0.0,0.0
14,14,19,0.13039443155937464,0.19340834685243827,0.11375479653137172,0,0.0,0.0
14,15,0,0.13039443155937464,0.2024898258924355,0.0035619445867739875,0,0.0,0.0
14,15,1,0.13039443155937464,0.2024898258924355,0.009361568373331762,0,0.0,0.0
14,15,2,0.13039443155937464,0.2024898258924355,0.015161192159889538,0,0.0,0.0
14,15,3,0.13039443155937464,0.2024898258924355,0.020960815946447314,0,0.0,0.0
14,15,4,0.13039443155937464,0.2024898258924355,0.026760439733005088,0,0.0,0.0
14,15,5,0.13039443155937464,0.2024898258924355,0.032560063519562865,0,0.0,0.0
14,15,6,0.13039443155937464,0.2024898258924355,0.03835968730612063,0,0.0,0.0
14,15,7,0.13039443155937464,0.2024898258924355,0.04415931109267841,0,0.0,0.0
14,15,8,0.13039443155937464,0.2024898258924355,0.04995893487923618,0,0.0,0.0
14,15,9,0.13039443155937464,0.2024898258924355,0.05575855866579396,0,0.0,0.0
14,15,10,0.13039443155937464,0.2024898258924355,0.061558182452351735,0,0.0,0.0
14,15,11,0.13039443155937464,0.2024898258924355,0.06735780623890952,0,0.0,0.0
14,15,12,0.13039443155937464,0.2024898258924355,0.07315743002546729,0,0.0,0.0
14,15,13,0.13039443155937464,0.2024898258924355,0.07895705381202506,0,0.0,0.0
14,15,14,0.13039443155937464,0.2024898258924355,0.08475667759858284,0,0.0,0.0
14,15,15,0.13039443155937464,0.2024898258924355,0.09055630138514062,0,0.0,0.0
14,15,16,0.13039443155937464,0.2024898258924355,0.09635592517169839,0,0.0,0.0
14,15,17,0.13039443155937464,0.2024898258924355,0.10215554895825617,0,0.0,0.0
14,15,18,0.13039443155937464,0.2024898258924355,0.10795517274481395,0,0.0,0.0
14,15,19,0.13039443155937464,0.2024898258924355,0.11375479653137172,0,0.0,0.0
14,16,0,0.13039443155937464,0.21157130493243273,0.0035619445867739875,0,0.0,0.0
14,16,1,0.13039443155937464,0.21157130493243273,0.009361568373331762,0,0.0,0.0
14,16,2,0.13039443155937464,0.21157130493243273,0.015161192159889538,0,0.0,0.0
14,16,3,0.13039443155937464,0.21157130493243273,0.020960815946447314,0,0.0,0.0
14,16,4,0.13039443155937464,0.21157130493243273,0.026760439733005088,0,0.0,0.0
14,16,5,0.13039443155937464,0.21157130493243273,0.032560063519562865,0,0.0,0.0
14,16,6,0.13039443155937464,0.21157130493243273,0.03835968730612063,0,0.0,0.0
14,16,7,0.13039443155937464,0.21157130493243273,0.04415931109267841,0,0.0,0.0
14,16,8,0.13039443155937464,0.21157130493243273,0.04995893487923618,0,0.0,0.0
14,16,9,0.13039443155937464,0.21157130493243273,0.05575855866579396,0,0.0,0.0
14,16,10,0.13039443155937464,0.21157130493243273,0.061558182452351735,0,0.0,0.0
14,16,11,0.13039443155937464,0.21157130493243273,0.06735780623890952,0,0.0,0.0
14,16,12,0.13039443155937464,0.21157130493243273,0.07315743002546729,0,0.0,0.0
14,16,13,0.13039443155937464,0.21157130493243273,0.07895705381202506,0,0.0,0.0
14,16,14,0.13039443155937464,0.21157130493243273,0.08475667759858284,0,0.0,0.0
14,16,15,0.13039443155937464,0.21157130493243273,0.09055630138514062,0,0.0,0.0
14,16,16,0.13039443155937464,0.21157130493243273,0.09635592517169839,0,0.0,0.0
14,16,17,0.13039443155937464,0.21157130493243273,0.10215554895825617,0,0.0,0.0
14,16,18,0.13039443155937464,0.21157130493243273,0.10795517274481395,0,0.0,0.0
14,16,19,0.13039443155937464,0.21157130493243273,0.11375479653137172,0,0.0,0.0
14,17,0,0.13039443155937464,0.22065278397242996,0.0035619445867739875,0,0.0,0.0
14,17,1,0.13039443155937464,0.22065278397242996,0.009361568373331762,0,0.0,0.0
14,17,2,0.13039443155937464,0.22065278397242996,0.015161192159889538,0,0.0,0.0
14,17,3,0.13039443155937464,0.22065278397242996,0.020960815946447314,0,0.0,0.0
14,17,4,0.13039443155937464,0.22065278397242996,0.026760439733005088,0,0.0,0.0
14,17,5,0.13039443155937464,0.22065278397242996,0.032560063519562865,0,0.0,0.0
14,17,6,0.13039443155937464,0.22065278397242996,0.03835968730612063,0,0.0,0.0
14,17,7,0.13039443155937464,0.22065278397242996,0.04415931109267841,0,0.0,0.0
14,17,8,0.13039443155937464,0.22065278397242996,0.04995893487923618,0,0.0,0.0
14,17,9,0.13039443155937464,0.22065278397242996,0.05575855866579396,0,0.0,0.0
14,17,10,0.13039443155937464,0.22065278397242996,0.061558182452351735,0,0.0,0.0
14,17,11,0.13039443155937464,0.22065278397242996,0.06735780623890952,0,0.0,0.0
14,17,12,0.13039443155937464,0.22065278397242996,0.07315743002546729,0,0.0,0.0
14,17,13,0.13039443155937464,0.22065278397242996,0.07895705381202506,0,0.0,0.0
14,17,14,0.13039443155937464,0.22065278397242996,0.08475667759858284,0,0.0,0.0
14,17,15,0.13039443155937464,0.22065278397242996,0.09055630138514062,0,0.0,0.0
14,17,16,0.13039443155937464,0.22065278397242996,0.09635592517169839,0,0.0,0.0
14,17,17,0.13039443155937464,0.22065278397242996,0.10215554895825617,0,0.0,0.0
14,17,18,0.13039443155937464,0.22065278397242996,0.10795517274481395,0,0.0,0.0
14,17,19,0.13039443155937464,0.22065278397242996,0.11375479653137172,0,0.0,0.0
14,18,0,0.13039443155937464,0.22973426301242716,0.0035619445867739875,0,0.0,0.0
14,18,1,0.13039443155937464,0.22973426301242716,0.009361568373331762,0,0.0,0.0
14,18,2,0.13039443155937464,0.22973426301242716,0.015161192159889538,0,0.0,0.0
14,18,3,0.13039443155937464,0.22973426301242716,0.020960815946447314,0,0.0,0.0
14,18,4,0.13039443155937464,0.22973426301242716,0.026760439733005088,0,0.0,0.0
14,18,5,0.13039443155937464,0.22973426301242716,0.032560063519562865,0,0.0,0.0
14,18,6,0.13039443155937464,0.22973426301242716,0.03835968730612063,0,0.0,0.0
14,18,7,0.13039443155937464,0.22973426301242716,0.04415931109267841,0,0.0,0.0
14,18,8,0.13039443155937464,0.22973426301242716,0.04995893487923618,0,0.0,0.0
14,18,9,0.13039443155937464,0.22973426301242716,0.05575855866579396,0,0.0,0.0
14,18,10,0.13039443155937464,0.22973426301242716,0.061558182452351735,0,0.0,0.0
14,18,11,0.13039443155937464,0.22973426301242716,0.06735780623890952,0,0.0,0.0
14,18,12,0.13039443155937464,0.22973426301242716,0.07315743002546729,0,0.0,0.0
14,18,13,0.13039443155937464,0.22973426301242716,0.07895705381202506,0,0.0,0.0
14,18,14,0.13039443155937464,0.22973426301242716,0.08475667759858284,0,0.0,0.0
14,18,15,0.13039443155937464,0.22973426301242716,0.09055630138514062,0,0.0,0.0
14,18,16,0.13039443155937464,0.22973426301242716,0.09635592517169839,0,0.0,0.0
14,18,17,0.13039443155937464,0.22973426301242716,0.10215554895825617,0,0.0,0.0
14,18,18,0.13039443155937464,0.22973426301242716,0.10795517274481395,0,0.0,0.0
14,18,19,0.13039443155937464,0.22973426301242716,0.11375479653137172,0,0.0,0.0
14,19,0,0.13039443155937464,0.2388157420524244,0.0035619445867739875,0,0.0,0.0
14,19,1,0.13039443155937464,0.2388157420524244,0.009361568373331762,0,0.0,0.0
14,19,2,0.13039443155937464,0.2388157420524244,0.015161192159889538,0,0.0,0.0
14,19,3,0.13039443155937464,0.2388157420524244,0.020960815946447314,0,0.0,0.0
14,19,4,0.13039443155937464,0.2388157420524244,0.026760439733005088,0,0.0,0.0
14,19,5,0.13039443155937464,0.2388157420524244,0.032560063519562865,0,0.0,0.0
14,19,6,0.13039443155937464,0.2388157420524244,0.03835968730612063,0,0.0,0.0
14,19,7,0.13039443155937464,0.2388157420524244,0.04415931109267841,0,0.0,0.0
14,19,8,0.13039443155937464,0.2388157420524244,0.04995893487923618,0,0.0,0.0
14,19,9,0.13039443155937464,0.2388157420524244,0.05575855866579396,0,0.0,0.0
14,19,10,0.13039443155937464,0.2388157420524244,0.061558182452351735,0,0.0,0.0
14,19,11,0.13039443155937464,0.2388157420524244,0.06735780623890952,0,0.0,0.0
14,19,12,0.13039443155937464,0.2388157420524244,0.07315743002546729,0,0.0,0.0
14,19,13,0.13039443155937464,0.2388157420524244,0.07895705381202506,0,0.0,0.0
14,19,14,0.13039443155937464,0.2388157420524244,0.08475667759858284,0,0.0,0.0
14,19,15,0.13039443155937464,0.2388157420524244,0.09055630138514062,0,0.0,0.0
14,19,16,0.13039443155937464,0.2388157420524244,0.09635592517169839,0,0.0,0.0
14,19,17,0.13039443155937464,0.2388157420524244,0.10215554895825617,0,0.0,0.0
14,19,18,0.13039443155937464,0.2388157420524244,0.10795517274481395,0,0.0,0.0
14,19,19,0.13039443155937464,0.2388157420524244,0.11375479653137172,0,0.0,0.0
15,0,0,0.14923537377969096,0.06626764029247711,0.0035619445867739875,1,0.0001,0.0006911058223729497
15,0,1,0.14923537377969096,0.06626764029247711,0.009361568373331762,7,0.0007,0.0008539787204064023
15,0,2,0.14923537377969096,0.06626764029247711,0.015161192159889538,0,0.0,0.0006426859758880175
15,0,3,0.14923537377969096,0.06626764029247711,0.020960815946447314,0,0.0,0.00035513429809609843
15,0,4,0.14923537377969096,0.06626764029247711,0.026760439733005088,0,0.0,0.00016454483410261042
15,0,5,0.14923537377969096,0.06626764029247711,0.032560063519562865,0,0.0,6.075871693804323e-05
15,0,6,0.14923537377969096,0.06626764029247711,0.03835968730612063,0,0.0,1.6260578166531985e-05
15,0,7,0.14923537377969096,0.06626764029247711,0.04415931109267841,0,0.0,3.3344380493667268e-06
15,0,8,0.14923537377969096,0.06626764029247711,0.04995893487923618,0,0.0,6.991607735547651e-07
15,0,9,0.14923537377969096,0.06626764029247711,0.05575855866579396,0,0.0,2.031676536206727e-07
15,0,10,0.14923537377969096,0.06626764029247711,0.061558182452351735,0,0.0,6.971513551165805e-08
15,0,11,0.14923537377969096,0.06626764029247711,0.06735780623890952,0,0.0,1.5249267093493497e-08
15,0,12,0.14923537377969096,0.06626764029247711,0.07315743002546729,0,0.0,1.6386548864362377e-09
15,0,13,0.14923537377969096,0.06626764029247711,0.07895705381202506,0,0.0,8.649435515061461e-11
15,0,14,0.14923537377969096,0.06626764029247711,0.08475667759858284,0,0.0,1.9465395548152474e-12
15,0,15,0.14923537377969096,0.06626764029247711,0.09055630138514062,0,0.0,9.0883385708546e-15
15,0,16,0.14923537377969096,0.06626764029247711,0.09635592517169839,0,0.0,0.0
15,0,17,0.14923537377969096,0.06626764029247711,0.10215554895825617,0,0.0,0.0
15,0,18,0.14923537377969096,0.06626764029247711,0.10795517274481395,0,0.0,0.0
15,0,19,0.14923537377969096,0.06626764029247711,0.11375479653137172,0,0.0,0.0
15,1,0,0.14923537377969096,0.07534911933247435,0.0035619445867739875,25,0.0025,0.0016061938943937575
15,1,1,0.14923537377969096,0.07534911933247435,0.009361568373331762,34,0.0034,0.0018393931228863954
15,1,2,0.14923537377969096,0.07534911933247435,0.015161192159889538,18,0.0018,0.0013573011062583435
15,1,3,0.14923537377969096,0.07534911933247435,0.020960815946447314,9,0.0009,0.0008110563857308573
15,1,4,0.14923537377969096,0.07534911933247435,0.026760439733005088,3,0.0003,0.0004402254907804453
15,1,5,0.14923537377969096,0.07534911933247435,0.032560063519562865,0,0.0,0.00019824328036309458
15,1,6,0.14923537377969096,0.07534911933247435,0.03835968730612063,0,0.0,6.793527208534353e-05
15,1,7,0.14923537377969096,0.07534911933247435,0.04415931109267841,0,0.0,2.0034986344320728e-05
15,1,8,0.14923537377969096,0.07534911933247435,0.04995893487923618,0,0.0,6.447567621035481e-06
15,1,9,0.14923537377969096,0.07534911933247435,0.05575855866579396,0,0.0,2.54441689530529e-06
15,1,10,0.14923537377969096,0.07534911933247435,0.061558182452351735,0,0.0,1.0254413624109243e-06
15,1,11,0.14923537377969096,0.07534911933247435,0.06735780623890952,0,0.0,2.661091862235349e-07
15,1,12,0.14923537377969096,0.07534911933247435,0.07315743002546729,0,0.0,3.6302490663355686e-08
15,1,13,0.14923537377969096,0.07534911933247435,0.07895705381202506,0,0.0,2.421143957566789e-09
15,1,14,0.14923537377969096,0.07534911933247435,0.08475667759858284,0,0.0,7.066551182475873e-11
15,1,15,0.14923537377969096,0.07534911933247435,0.09055630138514062,0,0.0,4.2077140765058514e-13
15,1,16,0.14923537377969096,0.07534911933247435,0.09635592517169839,0,0.0,0.0
15,1,17,0.14923537377969096,0.07534911933247435,0.10215554895825617,0,0.0,0.0
15,1,18,0.14923537377969096,0.07534911933247435,0.10795517274481395,0,0.0,0.0
15,1,19,0.14923537377969096,0.07534911933247435,0.11375479653137172,0,0.0,0.0
15,2,0,0.14923537377969096,0.08443059837247156,0.0035619445867739875,45,0.0045,0.0021551786892692725
15,2,1,0.14923537377969096,0.08443059837247156,0.009361568373331762,35,0.0035,0.002385570945385477
15,2,2,0.14923537377969096,0.08443059837247156,0.015161192159889538,14,0.0014,0.001797674043684197
15,2,3,0.14923537377969096,0.08443059837247156,0.020960815946447314,10,0.001,0.0011998611798681206
15,2,4,0.14923537377969096,0.08443059837247156,0.026760439733005088,10,0.001,0.0007669012119294076
15,2,5,0.14923537377969096,0.08443059837247156,0.032560063519562865,1,0.0001,0.0004196416377633161
15,2,6,0.14923537377969096,0.08443059837247156,0.03835968730612063,0,0.0,0.00018888158115982202
15,2,7,0.14923537377969096,0.08443059837247156,0.04415931109267841,0,0.0,7.848927601088388e-05
15,2,8,0.14923537377969096,0.08443059837247156,0.04995893487923618,0,0.0,3.300387659857981e-05
15,2,9,0.14923537377969096,0.08443059837247156,0.05575855866579396,0,0.0,1.5291759420803996e-05
15,2,10,0.14923537377969096,0.08443059837247156,0.061558182452351735,0,0.0,7.095397846947583e-06
15,2,11,0.14923537377969096,0.08443059837247156,0.06735780623890952,0,0.0,2.2638789898853616e-06
15,2,12,0.14923537377969096,0.08443059837247156,0.07315743002546729,0,0.0,3.8368730859685265e-07
15,2,13,0.14923537377969096,0.08443059837247156,0.07895705381202506,0,0.0,3.107097800143527e-08
15,2,14,0.14923537377969096,0.08443059837247156,0.08475667759858284,0,0.0,1.4446149633451455e-09
15,2,15,0.14923537377969096,0.08443059837247156,0.09055630138514062,0,0.0,7.283941308090042e-11
15,2,16,0.14923537377969096,0.08443059837247156,0.09635592517169839,0,0.0,4.282785349704507e-12
15,2,17,0.14923537377969096,0.08443059837247156,0.10215554895825617,0,0.0,1.1071862975226461e-13
15,2,18,0.14923537377969096,0.08443059837247156,0.10795517274481395,0,0.0,0.0
15,2,19,0.14923537377969096,0.08443059837247156,0.11375479653137172,0,0.0,0.0
15,3,0,0.14923537377969096,0.09351207741246878,0.0035619445867739875,3,0.0003,0.0016750904690588807
15,3,1,0.14923537377969096,0.09351207741246878,0.009361568373331762,16,0.0016,0.0019674573323953744
15,3,2,0.14923537377969096,0.09351207741246878,0.015161192159889538,19,0.0019,0.0016950669491710062
15,3,3,0.14923537377969096,0.09351207741246878,0.020960815946447314,8,0.0008,0.0013326332387166536
15,3,4,0.14923537377969096,0.09351207741246878,0.026760439733005088,13,0.0013,0.0009618879784370382
15,3,5,0.14923537377969096,0.09351207741246878,0.032560063519562865,6,0.0006,0.0006001798041071836
15,3,6,0.14923537377969096,0.09351207741246878,0.03835968730612063,2,0.0002,0.0003342069902122376
15,3,7,0.14923537377969096,0.09351207741246878,0.04415931109267841,1,0.0001,0.00017748110482798408
15,3,8,0.14923537377969096,0.09351207741246878,0.04995893487923618,0,0.0,9.13225903187265e-05
15,3,9,0.14923537377969096,0.09351207741246878,0.05575855866579396,1,0.0001,4.849653422088539e-05
15,3,10,0.14923537377969096,0.09351207741246878,0.061558182452351735,0,0.0,2.572696245391264e-05
15,3,11,0.14923537377969096,0.09351207741246878,0.06735780623890952,0,0.0,9.772607079556598e-06
15,3,12,0.14923537377969096,0.09351207741246878,0.07315743002546729,0,0.0,1.954441427514137e-06
15,3,13,0.14923537377969096,0.09351207741246878,0.07895705381202506,0,0.0,2.1152704649774427e-07
15,3,14,0.14923537377969096,0.09351207741246878,0.08475667759858284,0,0.0,2.1457540154393782e-08
15,3,15,0.14923537377969096,0.09351207741246878,0.09055630138514062,0,0.0,2.2859703823469275e-09
15,3,16,0.14923537377969096,0.09351207741246878,0.09635592517169839,0,0.0,1.461088834031909e-10
15,3,17,0.14923537377969096,0.09351207741246878,0.10215554895825617,0,0.0,3.7863044328164794e-12
15,3,18,0.14923537377969096,0.09351207741246878,0.10795517274481395,0,0.0,2.7444404449594257e-16
15,3,19,0.14923537377969096,0.09351207741246878,0.11375479653137172,0,0.0,0.0
15,4,0,0.14923537377969096,0.10259355645246601,0.0035619445867739875,0,0.0,0.0007720869843566814
15,4,1,0.14923537377969096,0.10259355645246601,0.009361568373331762,0,0.0,0.0010647017585884383
15,4,2,0.14923537377969096,0.10259355645246601,0.015161192159889538,5,0.0005,0.0011481553633008565
15,4,3,0.14923537377969096,0.10259355645246601,0.020960815946447314,13,0.0013,0.0010812307623374166
15,4,4,0.14923537377969096,0.10259355645246601,0.026760439733005088,7,0.0007,0.0008538673312551772
15,4,5,0.14923537377969096,0.10259355645246601,0.032560063519562865,4,0.0004,0.000578552458746651
15,4,6,0.14923537377969096,0.10259355645246601,0.03835968730612063,5,0.0005,0.00037380269538037374
15,4,7,0.14923537377969096,0.10259355645246601,0.04415931109267841,0,0.0,0.0002429558101988949
15,4,8,0.14923537377969096,0.10259355645246601,0.04995893487923618,1,0.0001,0.00015160536793958396
15,4,9,0.14923537377969096,0.10259355645246601,0.05575855866579396,0,0.0,9.015175131714263e-05
15,4,10,0.14923537377969096,0.10259355645246601,0.061558182452351735,2,0.0002,5.221483616823968e-05
15,4,11,0.14923537377969096,0.10259355645246601,0.06735780623890952,0,0.0,2.2205852886555917e-05
15,4,12,0.14923537377969096,0.10259355645246601,0.07315743002546729,0,0.0,5.452650555125525e-06
15,4,13,0.14923537377969096,0.10259355645246601,0.07895705381202506,0,0.0,1.0588087682759703e-06
15,4,14,0.14923537377969096,0.10259355645246601,0.08475667759858284,0,0.0,2.1354697513447637e-07
15,4,15,0.14923537377969096,0.10259355645246601,0.09055630138514062,0,0.0,2.859921861619473e-08
15,4,16,0.14923537377969096,0.10259355645246601,0.09635592517169839,0,0.0,1.8696164850226556e-09
15,4,17,0.14923537377969096,0.10259355645246601,0.10215554895825617,0,0.0,4.8634545121945794e-11
15,4,18,0.14923537377969096,0.10259355645246601,0.10795517274481395,0,0.0,9.0883385708546e-15
15,4,19,0.14923537377969096,0.10259355645246601,0.11375479653137172,0,0.0,0.0
15,5,0,0.14923537377969096,0.11167503549246324,0.0035619445867739875,0,0.0,0.00021662193298104898
15,5,1,0.14923537377969096,0.11167503549246324,0.009361568373331762,0,0.0,0.00037567806652491985
15,5,2,0.14923537377969096,0.11167503549246324,0.015161192159889538,0,0.0,0.0005149995052157418
15,5,3,0.14923537377969096,0.11167503549246324,0.020960815946447314,0,0.0,0.0005809605108038516
15,5,4,0.14923537377969096,0.11167503549246324,0.026760439733005088,3,0.0003,0.0005209453805205014
15,5,5,0.14923537377969096,0.11167503549246324,0.032560063519562865,1,0.0001,0.00039088281576690217
15,5,6,0.14923537377969096,0.11167503549246324,0.03835968730612063,1,0.0001,0.00028298254818538113
15,5,7,0.14923537377969096,0.11167503549246324,0.04415931109267841,2,0.0002,0.00021685365532703635
15,5,8,0.14923537377969096,0.11167503549246324,0.04995893487923618,3,0.0003,0.0001567093143170681
15,5,9,0.14923537377969096,0.11167503549246324,0.05575855866579396,1,0.0001,0.00010122733355048638
15,5,10,0.14923537377969096,0.11167503549246324,0.061558182452351735,1,0.0001,6.206430083687639e-05
15,5,11,0.14923537377969096,0.11167503549246324,0.06735780623890952,0,0.0,2.9243043894567225e-05
15,5,12,0.14923537377969096,0.11167503549246324,0.07315743002546729,0,0.0,1.0355237924709768e-05
15,5,13,0.14923537377969096,0.11167503549246324,0.07895705381202506,0,0.0,3.741572644659321e-06
15,5,14,0.14923537377969096,0.11167503549246324,0.08475667759858284,0,0.0,1.006226759254531e-06
15,5,15,0.14923537377969096,0.11167503549246324,0.09055630138514062,0,0.0,1.43239282373587e-07
15,5,16,0.14923537377969096,0.11167503549246324,0.09635592517169839,0,0.0,9.471154860405262e-09
15,5,17,0.14923537377969096,0.11167503549246324,0.10215554895825617,0,0.0,2.485175593451698e-10
15,5,18,0.14923537377969096,0.11167503549246324,0.10795517274481395,0,0.0,1.1071862975226461e-13
15,5,19,0.14923537377969096,0.11167503549246324,0.11375479653137172,0,0.0,0.0
15,6,0,0.14923537377969096,0.12075651453246046,0.0035619445867739875,0,0.0,3.849818336106881e-05
15,6,1,0.14923537377969096,0.12075651453246046,0.009361568373331762,0,0.0,8.652251762262278e-05
15,6,2,0.14923537377969096,0.12075651453246046,0.015161192159889538,0,0.0,0.0001483804439659745
15,6,3,0.14923537377969096,0.12075651453246046,0.020960815946447314,0,0.0,0.00020281529947226002
15,6,4,0.14923537377969096,0.12075651453246046,0.026760439733005088,0,0.0,0.00021965904518641551
15,6,5,0.14923537377969096,0.12075651453246046,0.032560063519562865,1,0.0001,0.00019201683200886974
15,6,6,0.14923537377969096,0.12075651453246046,0.03835968730612063,0,0.0,0.0001522027116347947
15,6,7,0.14923537377969096,0.12075651453246046,0.04415931109267841,2,0.0002,0.00012544107425019058
15,6,8,0.14923537377969096,0.12075651453246046,0.04995893487923618,0,0.0,9.743628081006699e-05
15,6,9,0.14923537377969096,0.12075651453246046,0.05575855866579396,0,0.0,6.965444404345472e-05
15,6,10,0.14923537377969096,0.12075651453246046,0.061558182452351735,0,0.0,4.67421320261821e-05
15,6,11,0.14923537377969096,0.12075651453246046,0.06735780623890952,0,0.0,2.551597781026079e-05
15,6,12,0.14923537377969096,0.12075651453246046,0.07315743002546729,0,0.0,1.3859148120672914e-05
15,6,13,0.14923537377969096,0.12075651453246046,0.07895705381202506,0,0.0,7.0821471136005985e-06
15,6,14,0.14923537377969096,0.12075651453246046,0.08475667759858284,0,0.0,2.0983940721910235e-06
15,6,15,0.14923537377969096,0.12075651453246046,0.09055630138514062,0,0.0,3.0651406630657197e-07
15,6,16,0.14923537377969096,0.12075651453246046,0.09635592517169839,0,0.0,2.0509875271420653e-08
15,6,17,0.14923537377969096,0.12075651453246046,0.10215554895825617,0,0.0,5.466636639499228e-10
15,6,18,0.14923537377969096,0.12075651453246046,0.10795517274481395,0,0.0,4.962064728435311e-13
15,6,19,0.14923537377969096,0.12075651453246046,0.11375479653137172,0,0.0,0.0
15,7,0,0.14923537377969096,0.12983799357245768,0.0035619445867739875,0,0.0,4.922981661911161e-06
15,7,1,0.14923537377969096,0.12983799357245768,0.009361568373331762,0,0.0,1.4430120772745257e-05
15,7,2,0.14923537377969096,0.12983799357245768,0.015161192159889538,0,0.0,3.0008717070271127e-05
15,7,3,0.14923537377969096,0.12983799357245768,0.020960815946447314,0,0.0,4.8825948471960586e-05
15,7,4,0.14923537377969096,0.12983799357245768,0.026760439733005088,0,0.0,6.427029360354467e-05
15,7,5,0.14923537377969096,0.12983799357245768,0.032560063519562865,0,0.0,6.623620834963441e-05
15,7,6,0.14923537377969096,0.12983799357245768,0.03835968730612063,0,0.0,5.6203202297522115e-05
15,7,7,0.14923537377969096,0.12983799357245768,0.04415931109267841,0,0.0,4.619659253637132e-05
15,7,8,0.14923537377969096,0.12983799357245768,0.04995893487923618,0,0.0,3.816213904808194e-05
15,7,9,0.14923537377969096,0.12983799357245768,0.05575855866579396,0,0.0,3.2773537029305106e-05
15,7,10,0.14923537377969096,0.12983799357245768,0.061558182452351735,0,0.0,2.5385526645814677e-05
15,7,11,0.14923537377969096,0.12983799357245768,0.06735780623890952,0,0.0,1.602079246893388e-05
15,7,12,0.14923537377969096,0.12983799357245768,0.07315743002546729,0,0.0,1.1291816945639071e-05
15,7,13,0.14923537377969096,0.12983799357245768,0.07895705381202506,0,0.0,6.596097728643266e-06
15,7,14,0.14923537377969096,0.12983799357245768,0.08475667759858284,0,0.0,2.0329748097948005e-06
15,7,15,0.14923537377969096,0.12983799357245768,0.09055630138514062,0,0.0,3.024869788426018e-07
15,7,16,0.14923537377969096,0.12983799357245768,0.09635592517169839,0,0.0,2.0509938859570153e-08
15,7,17,0.14923537377969096,0.12983799357245768,0.10215554895825617,0,0.0,5.573235177886091e-10
15,7,18,0.14923537377969096,0.12983799357245768,0.10795517274481395,0,0.0,8.181061664362154e-13
15,7,19,0.14923537377969096,0.12983799357245768,0.11375479653137172,0,0.0,0.0
15,8,0,0.14923537377969096,0.1389194726124549,0.0035619445867739875,0,0.0,5.022279935132509e-07
15,8,1,0.14923537377969096,0.1389194726124549,0.009361568373331762,0,0.0,1.8472627369840073e-06
15,8,2,0.14923537377969096,0.1389194726124549,0.015161192159889538,0,0.0,4.595195316352454e-06
15,8,3,0.14923537377969096,0.1389194726124549,0.020960815946447314,0,0.0,8.563450267431492e-06
15,8,4,0.14923537377969096,0.1389194726124549,0.026760439733005088,0,0.0,1.2709997700978406e-05
15,8,5,0.14923537377969096,0.1389194726124549,0.032560063519562865,0,0.0,1.4655350025256998e-05
15,8,6,0.14923537377969096,0.1389194726124549,0.03835968730612063,0,0.0,1.331687793631501e-05
15,8,7,0.14923537377969096,0.1389194726124549,0.04415931109267841,0,0.0,1.1493632236675085e-05
15,8,8,0.14923537377969096,0.1389194726124549,0.04995893487923618,0,0.0,1.084601658832685e-05
15,8,9,0.14923537377969096,0.1389194726124549,0.05575855866579396,0,0.0,1.1071703495663844e-05
15,8,10,0.14923537377969096,0.1389194726124549,0.061558182452351735,0,0.0,9.452242769351006e-06
15,8,11,0.14923537377969096,0.1389194726124549,0.06735780623890952,0,0.0,6.365758802523136e-06
15,8,12,0.14923537377969096,0.1389194726124549,0.07315743002546729,0,0.0,4.83197300351938e-06
15,8,13,0.14923537377969096,0.1389194726124549,0.07895705381202506,0,0.0,2.9277322544613846e-06
15,8,14,0.14923537377969096,0.1389194726124549,0.08475667759858284,0,0.0,9.179322631790608e-07
15,8,15,0.14923537377969096,0.1389194726124549,0.09055630138514062,0,0.0,1.3827565067225017e-07
15,8,16,0.14923537377969096,0.1389194726124549,0.09635592517169839,0,0.0,9.471578390390036e-09
15,8,17,0.14923537377969096,0.1389194726124549,0.10215554895825617,0,0.0,2.6128316349371857e-10
15,8,18,0.14923537377969096,0.1389194726124549,0.10795517274481395,0,0.0,4.962064728435311e-13
15,8,19,0.14923537377969096,0.1389194726124549,0.11375479653137172,0,0.0,0.0
15,9,0,0.14923537377969096,0.14800095165245214,0.0035619445867739875,0,0.0,3.6305756823429067e-08
15,9,1,0.14923537377969096,0.14800095165245214,0.009361568373331762,0,0.0,1.9448828427584249e-07
15,9,2,0.14923537377969096,0.14800095165245214,0.015161192159889538,0,0.0,6.643656178491041e-07
15,9,3,0.14923537377969096,0.14800095165245214,0.020960815946447314,0,0.0,1.3054144500625955e-06
15,9,4,0.14923537377969096,0.14800095165245214,0.026760439733005088,0,0.0,1.7332549087620496e-06
15,9,5,0.14923537377969096,0.14800095165245214,0.032560063519562865,0,0.0,1.96150846612918e-06
15,9,6,0.14923537377969096,0.14800095165245214,0.03835968730612063,0,0.0,2.038281651866888e-06
15,9,7,0.14923537377969096,0.14800095165245214,0.04415931109267841,0,0.0,2.191519875674433e-06
15,9,8,0.14923537377969096,0.14800095165245214,0.04995893487923618,0,0.0,2.313783994493107e-06
15,9,9,0.14923537377969096,0.14800095165245214,0.05575855866579396,0,0.0,2.2806743828005648e-06
15,9,10,0.14923537377969096,0.14800095165245214,0.061558182452351735,0,0.0,1.908490666066742e-06
15,9,11,0.14923537377969096,0.14800095165245214,0.06735780623890952,0,0.0,1.288001695155974e-06
15,9,12,0.14923537377969096,0.14800095165245214,0.07315743002546729,0,0.0,9.54773586490433e-07
15,9,13,0.14923537377969096,0.14800095165245214,0.07895705381202506,0,0.0,5.716568057494576e-07
15,9,14,0.14923537377969096,0.14800095165245214,0.08475667759858284,0,0.0,1.7945617230822232e-07
15,9,15,0.14923537377969096,0.14800095165245214,0.09055630138514062,0,0.0,2.7163174917820062e-08
15,9,16,0.14923537377969096,0.14800095165245214,0.09635592517169839,0,0.0,1.8700107867602738e-09
15,9,17,0.14923537377969096,0.14800095165245214,0.10215554895825617,0,0.0,5.200007814711169e-11
15,9,18,0.14923537377969096,0.14800095165245214,0.10795517274481395,0,0.0,1.1071862975226461e-13
15,9,19,0.14923537377969096,0.14800095165245214,0.11375479653137172,0,0.0,0.0
15,10,0,0.14923537377969096,0.15708243069244937,0.0035619445867739875,0,0.0,2.2908029951125216e-09
15,10,1,0.14923537377969096,0.15708243069244937,0.009361568373331762,0,0.0,2.1467703322698164e-08
15,10,2,0.14923537377969096,0.15708243069244937,0.015161192159889538,0,0.0,9.241707701798244e-08
15,10,3,0.14923537377969096,0.15708243069244937,0.020960815946447314,0,0.0,1.6950992842209205e-07
15,10,4,0.14923537377969096,0.15708243069244937,0.026760439733005088,0,0.0,1.6520801683643586e-07
15,10,5,0.14923537377969096,0.15708243069244937,0.032560063519562865,0,0.0,1.5409242628180208e-07
15,10,6,0.14923537377969096,0.15708243069244937,0.03835968730612063,0,0.0,2.0226678569187245e-07
15,10,7,0.14923537377969096,0.15708243069244937,0.04415931109267841,0,0.0,2.908955086497552e-07
15,10,8,0.14923537377969096,0.15708243069244937,0.04995893487923618,0,0.0,3.0990042985594274e-07
15,10,9,0.14923537377969096,0.15708243069244937,0.05575855866579396,0,0.0,2.501880306964581e-07
15,10,10,0.14923537377969096,0.15708243069244937,0.061558182452351735,0,0.0,1.8540753146356086e-07
15,10,11,0.14923537377969096,0.15708243069244937,0.06735780623890952,0,0.0,1.20849975148505e-07
15,10,12,0.14923537377969096,0.15708243069244937,0.07315743002546729,0,0.0,8.119980311643565e-08
15,10,13,0.14923537377969096,0.15708243069244937,0.07895705381202506,0,0.0,4.560470431138942e-08
15,10,14,0.14923537377969096,0.15708243069244937,0.08475667759858284,0,0.0,1.4062685554811329e-08
15,10,15,0.14923537377969096,0.15708243069244937,0.09055630138514062,0,0.0,2.1222733320167847e-09
15,10,16,0.14923537377969096,0.15708243069244937,0.09635592517169839,0,0.0,1.4621078813841678e-10
15,10,17,0.14923537377969096,0.15708243069244937,0.10215554895825617,0,0.0,4.078180533573091e-12
15,10,18,0.14923537377969096,0.15708243069244937,0.10795517274481395,0,0.0,9.0883385708546e-15
15,10,19,0.14923537377969096,0.15708243069244937,0.11375479653137172,0,0.0,0.0
15,11,0,0.14923537377969096,0.1661639097324466,0.0035619445867739875,0,0.0,1.233883039121465e-10
15,11,1,0.14923537377969096,0.1661639097324466,0.009361568373331762,0,0.0,1.5022620082383623e-09
15,11,2,0.14923537377969096,0.1661639097324466,0.015161192159889538,0,0.0,6.813218556554605e-09
15,11,3,0.14923537377969096,0.1661639097324466,0.020960815946447314,0,0.0,1.1804469478828274e-08
15,11,4,0.14923537377969096,0.1661639097324466,0.026760439733005088,0,0.0,9.118501218288219e-09
15,11,5,0.14923537377969096,0.1661639097324466,0.032560063519562865,0,0.0,6.581949049732036e-09
15,11,6,0.14923537377969096,0.1661639097324466,0.03835968730612063,0,0.0,1.1137563725671155e-08
15,11,7,0.14923537377969096,0.1661639097324466,0.04415931109267841,0,0.0,1.9590658616518115e-08
15,11,8,0.14923537377969096,0.1661639097324466,0.04995893487923618,0,0.0,2.0460043952715782e-08
15,11,9,0.14923537377969096,0.1661639097324466,0.05575855866579396,0,0.0,1.3749668362245082e-08
15,11,10,0.14923537377969096,0.1661639097324466,0.061558182452351735,0,0.0,8.788359679662054e-09
15,11,11,0.14923537377969096,0.1661639097324466,0.06735780623890952,0,0.0,5.409075565692419e-09
15,11,12,0.14923537377969096,0.1661639097324466,0.07315743002546729,0,0.0,3.0055471473151795e-09
15,11,13,0.14923537377969096,0.1661639097324466,0.07895705381202506,0,0.0,1.4403842507427549e-09
15,11,14,0.14923537377969096,0.1661639097324466,0.08475667759858284,0,0.0,4.202356130976627e-10
15,11,15,0.14923537377969096,0.1661639097324466,0.09055630138514062,0,0.0,6.249855906603752e-11
15,11,16,0.14923537377969096,0.1661639097324466,0.09635592517169839,0,0.0,4.2915992442308656e-12
15,11,17,0.14923537377969096,0.1661639097324466,0.10215554895825617,0,0.0,1.1980696832311923e-13
15,11,18,0.14923537377969096,0.1661639097324466,0.10795517274481395,0,0.0,2.7444404449594257e-16
15,11,19,0.14923537377969096,0.1661639097324466,0.11375479653137172,0,0.0,0.0
15,12,0,0.14923537377969096,0.17524538877244383,0.0035619445867739875,0,0.0,3.6846741416350705e-12
15,12,1,0.14923537377969096,0.17524538877244383,0.009361568373331762,0,0.0,4.4897608816200356e-11
15,12,2,0.14923537377969096,0.17524538877244383,0.015161192159889538,0,0.0,2.01477356047566e-10
15,12,3,0.14923537377969096,0.17524538877244383,0.020960815946447314,0,0.0,3.3546101210144723e-10
15,12,4,0.14923537377969096,0.17524538877244383,0.026760439733005088,0,0.0,2.2138570931552628e-10
15,12,5,0.14923537377969096,0.17524538877244383,0.032560063519562865,0,0.0,1.2031405661197627e-10
15,12,6,0.14923537377969096,0.17524538877244383,0.03835968730612063,0,0.0,2.6500419098963704e-10
15,12,7,0.14923537377969096,0.17524538877244383,0.04415931109267841,0,0.0,5.352222734150959e-10
15,12,8,0.14923537377969096,0.17524538877244383,0.04995893487923618,0,0.0,5.454997555175534e-10
15,12,9,0.14923537377969096,0.17524538877244383,0.05575855866579396,0,0.0,3.1426414247447993e-10
15,12,10,0.14923537377969096,0.17524538877244383,0.061558182452351735,0,0.0,1.7324422273232645e-10
15,12,11,0.14923537377969096,0.17524538877244383,0.06735780623890952,0,0.0,9.709378447098607e-11
15,12,12,0.14923537377969096,0.17524538877244383,0.07315743002546729,0,0.0,3.2026916267204045e-11
15,12,13,0.14923537377969096,0.17524538877244383,0.07895705381202506,0,0.0,5.366561694646756e-12
15,12,14,0.14923537377969096,0.17524538877244383,0.08475667759858284,0,0.0,4.48036423363149e-13
15,12,15,0.14923537377969096,0.17524538877244383,0.09055630138514062,0,0.0,1.81766771417092e-14
15,12,16,0.14923537377969096,0.17524538877244383,0.09635592517169839,0,0.0,2.7444404449594257e-16
15,12,17,0.14923537377969096,0.17524538877244383,0.10215554895825617,0,0.0,0.0
15,12,18,0.14923537377969096,0.17524538877244383,0.10795517274481395,0,0.0,0.0
15,12,19,0.14923537377969096,0.17524538877244383,0.11375479653137172,0,0.0,0.0
15,13,0,0.14923537377969096,0.18432686781244106,0.0035619445867739875,0,0.0,0.0
15,13,1,0.14923537377969096,0.18432686781244106,0.009361568373331762,0,0.0,0.0
15,13,2,0.14923537377969096,0.18432686781244106,0.015161192159889538,0,0.0,0.0
15,13,3,0.14923537377969096,0.18432686781244106,0.020960815946447314,0,0.0,0.0
15,13,4,0.14923537377969096,0.18432686781244106,0.026760439733005088,0,0.0,0.0
15,13,5,0.14923537377969096,0.18432686781244106,0.032560063519562865,0,0.0,0.0
15,13,6,0.14923537377969096,0.18432686781244106,0.03835968730612063,0,0.0,2.7444404449594257e-16
15,13,7,0.14923537377969096,0.18432686781244106,0.04415931109267841,0,0.0,9.088338570854601e-15
15,13,8,0.14923537377969096,0.18432686781244106,0.04995893487923618,0,0.0,1.1071862975226463e-13
15,13,9,0.14923537377969096,0.18432686781244106,0.05575855866579396,0,0.0,4.962064728435312e-13
15,13,10,0.14923537377969096,0.18432686781244106,0.061558182452351735,0,0.0,8.181061664362154e-13
15,13,11,0.14923537377969096,0.18432686781244106,0.06735780623890952,0,0.0,4.962064728435312e-13
15,13,12,0.14923537377969096,0.18432686781244106,0.07315743002546729,0,0.0,1.1071862975226463e-13
15,13,13,0.14923537377969096,0.18432686781244106,0.07895705381202506,0,0.0,9.088338570854601e-15
15,13,14,0.14923537377969096,0.18432686781244106,0.08475667759858284,0,0.0,2.7444404449594257e-16
15,13,15,0.14923537377969096,0.18432686781244106,0.09055630138514062,0,0.0,0.0
15,13,16,0.14923537377969096,0.18432686781244106,0.09635592517169839,0,0.0,0.0
15,13,17,0.14923537377969096,0.18432686781244106,0.10215554895825617,0,0.0,0.0
15,13,18,0.14923537377969096,0.18432686781244106,0.10795517274481395,0,0.0,0.0
15,13,19,0.14923537377969096,0.18432686781244106,0.11375479653137172,0,0.0,0.0
15,14,0,0.14923537377969096,0.19340834685243827,0.0035619445867739875,0,0.0,0.0
15,14,1,0.14923537377969096,0.19340834685243827,0.009361568373331762,0,0.0,0.0
15,14,2,0.14923537377969096,0.19340834685243827,0.015161192159889538,0,0.0,0.0
15,14,3,0.14923537377969096,0.19340834685243827,0.020960815946447314,0,0.0,0.0
15,14,4,0.14923537377969096,0.19340834685243827,0.026760439733005088,0,0.0,0.0
15,14,5,0.14923537377969096,0.19340834685243827,0.032560063519562865,0,0.0,0.0
15,14,6,0.14923537377969096,0.19340834685243827,0.03835968730612063,0,0.0,0.0
15,14,7,0.14923537377969096,0.19340834685243827,0.04415931109267841,0,0.0,0.0
15,14,8,0.14923537377969096,0.19340834685243827,0.04995893487923618,0,0.0,0.0
15,14,9,0.14923537377969096,0.19340834685243827,0.05575855866579396,0,0.0,0.0
15,14,10,0.14923537377969096,0.19340834685243827,0.061558182452351735,0,0.0,0.0
15,14,11,0.14923537377969096,0.19340834685243827,0.06735780623890952,0,0.0,0.0
15,14,12,0.14923537377969096,0.19340834685243827,0.07315743002546729,0,0.0,0.0
15,14,13,0.14923537377969096,0.19340834685243827,0.07895705381202506,0,0.0,0.0
15,14,14,0.14923537377969096,0.19340834685243827,0.08475667759858284,0,0.0,0.0
15,14,15,0.14923537377969096,0.19340834685243827,0.09055630138514062,0,0.0,0.0
15,14,16,0.14923537377969096,0.19340834685243827,0.09635592517169839,0,0.0,0.0
15,14,17,0.14923537377969096,0.19340834685243827,0.10215554895825617,0,0.0,0.0
15,14,18,0.14923537377969096,0.19340834685243827,0.10795517274481395,0,0.0,0.0
15,14,19,0.14923537377969096,0.19340834685243827,0.11375479653137172,0,0.0,0.0
15,15,0,0.14923537377969096,0.2024898258924355,0.0035619445867739875,0,0.0,0.0
15,15,1,0.14923537377969096,0.2024898258924355,0.009361568373331762,0,0.0,0.0
15,15,2,0.14923537377969096,0.2024898258924355,0.015161192159889538,0,0.0,0.0
15,15,3,0.14923537377969096,0.2024898258924355,0.020960815946447314,0,0.0,0.0
15,15,4,0.14923537377969096,0.2024898258924355,0.026760439733005088,0,0.0,0.0
15,15,5,0.14923537377969096,0.2024898258924355,0.032560063519562865,0,0.0,0.0
15,15,6,0.14923537377969096,0.2024898258924355,0.03835968730612063,0,0.0,0.0
15,15,7,0.14923537377969096,0.2024898258924355,0.04415931109267841,0,0.0,0.0
15,15,8,0.14923537377969096,0.2024898258924355,0.04995893487923618,0,0.0,0.0
15,15,9,0.14923537377969096,0.2024898258924355,0.05575855866579396,0,0.0,0.0
15,15,10,0.14923537377969096,0.2024898258924355,0.061558182452351735,0,0.0,0.0
15,15,11,0.14923537377969096,0.2024898258924355,0.06735780623890952,0,0.0,0.0
15,15,12,0.14923537377969096,0.2024898258924355,0.07315743002546729,0,0.0,0.0
15,15,13,0.14923537377969096,0.2024898258924355,0.07895705381202506,0,0.0,0.0
15,15,14,0.14923537377969096,0.2024898258924355,0.08475667759858284,0,0.0,0.0
15,15,15,0.14923537377969096,0.2024898258924355,0.09055630138514062,0,0.0,0.0
15,15,16,0.14923537377969096,0.2024898258924355,0.09635592517169839,0,0.0,0.0
15,15,17,0.14923537377969096,0.2024898258924355,0.10215554895825617,0,0.0,0.0
15,15,18,0.14923537377969096,0.2024898258924355,0.10795517274481395,0,0.0,0.0
15,15,19,0.14923537377969096,0.2024898258924355,0.11375479653137172,0,0.0,0.0
15,16,0,0.14923537377969096,0.21157130493243273,0.0035619445867739875,0,0.0,0.0
15,16,1,0.14923537377969096,0.21157130493243273,0.009361568373331762,0,0.0,0.0
15,16,2,0.14923537377969096,0.21157130493243273,0.015161192159889538,0,0.0,0.0
15,16,3,0.14923537377969096,0.21157130493243273,0.020960815946447314,0,0.0,0.0
15,16,4,0.14923537377969096,0.21157130493243273,0.026760439733005088,0,0.0,0.0
15,16,5,0.14923537377969096,0.21157130493243273,0.032560063519562865,0,0.0,0.0
15,16,6,0.14923537377969096,0.21157130493243273,0.03835968730612063,0,0.0,0.0
15,16,7,0.14923537377969096,0.21157130493243273,0.04415931109267841,0,0.0,0.0
15,16,8,0.14923537377969096,0.21157130493243273,0.04995893487923618,0,0.0,0.0
15,16,9,0.14923537377969096,0.21157130493243273,0.05575855866579396,0,0.0,0.0
15,16,10,0.14923537377969096,0.21157130493243273,0.061558182452351735,0,0.0,0.0
15,16,11,0.14923537377969096,0.21157130493243273,0.06735780623890952,0,0.0,0.0
15,16,12,0.14923537377969096,0.21157130493243273,0.07315743002546729,0,0.0,0.0
15,16,13,0.14923537377969096,0.21157130493243273,0.07895705381202506,0,0.0,0.0
15,16,14,0.14923537377969096,0.21157130493243273,0.08475667759858284,0,0.0,0.0
15,16,15,0.14923537377969096,0.21157130493243273,0.09055630138514062,0,0.0,0.0
15,16,16,0.14923537377969096,0.21157130493243273,0.09635592517169839,0,0.0,0.0
15,16,17,0.14923537377969096,0.21157130493243273,0.10215554895825617,0,0.0,0.0
15,16,18,0.14923537377969096,0.21157130493243273,0.10795517274481395,0,0.0,0.0
15,16,19,0.14923537377969096,0.21157130493243273,0.11375479653137172,0,0.0,0.0
15,17,0,0.14923537377969096,0.22065278397242996,0.0035619445867739875,0,0.0,0.0
15,17,1,0.14923537377969096,0.22065278397242996,0.009361568373331762,0,0.0,0.0
15,17,2,0.14923537377969096,0.22065278397242996,0.015161192159889538,0,0.0,0.0
15,17,3,0.14923537377969096,0.22065278397242996,0.020960815946447314,0,0.0,0.0
15,17,4,0.14923537377969096,0.22065278397242996,0.026760439733005088,0,0.0,0.0
15,17,5,0.14923537377969096,0.22065278397242996,0.032560063519562865,0,0.0,0.0
15,17,6,0.14923537377969096,0.22065278397242996,0.03835968730612063,0,0.0,0.0
15,17,7,0.14923537377969096,0.22065278397242996,0.04415931109267841,0,0.0,0.0
15,17,8,0.14923537377969096,0.22065278397242996,0.04995893487923618,0,0.0,0.0
15,17,9,0.14923537377969096,0.22065278397242996,0.05575855866579396,0,0.0,0.0
15,17,10,0.14923537377969096,0.22065278397242996,0.061558182452351735,0,0.0,0.0
15,17,11,0.14923537377969096,0.22065278397242996,0.06735780623890952,0,0.0,0.0
15,17,12,0.14923537377969096,0.22065278397242996,0.07315743002546729,0,0.0,0.0
15,17,13,0.14923537377969096,0.22065278397242996,0.07895705381202506,0,0.0,0.0
15,17,14,0.14923537377969096,0.22065278397242996,0.08475667759858284,0,0.0,0.0
15,17,15,0.14923537377969096,0.22065278397242996,0.09055630138514062,0,0.0,0.0
15,17,16,0.14923537377969096,0.22065278397242996,0.09635592517169839,0,0.0,0.0
15,17,17,0.14923537377969096,0.22065278397242996,0.10215554895825617,0,0.0,0.0
15,17,18,0.14923537377969096,0.22065278397242996,0.10795517274481395,0,0.0,0.0
15,17,19,0.14923537377969096,0.22065278397242996,0.11375479653137172,0,0.0,0.0
15,18,0,0.14923537377969096,0.22973426301242716,0.0035619445867739875,0,0.0,0.0
15,18,1,0.14923537377969096,0.22973426301242716,0.009361568373331762,0,0.0,0.0
15,18,2,0.14923537377969096,0.22973426301242716,0.015161192159889538,0,0.0,0.0
15,18,3,0.14923537377969096,0.22973426301242716,0.020960815946447314,0,0.0,0.0
15,18,4,0.14923537377969096,0.22973426301242716,0.026760439733005088,0,0.0,0.0
15,18,5,0.14923537377969096,0.22973426301242716,0.032560063519562865,0,0.0,0.0
15,18,6,0.14923537377969096,0.22973426301242716,0.03835968730612063,0,0.0,0.0
15,18,7,0.14923537377969096,0.22973426301242716,0.04415931109267841,0,0.0,0.0
15,18,8,0.14923537377969096,0.22973426301242716,0.04995893487923618,0,0.0,0.0
15,18,9,0.14923537377969096,0.22973426301242716,0.05575855866579396,0,0.0,0.0
15,18,10,0.14923537377969096,0.22973426301242716,0.061558182452351735,0,0.0,0.0
15,18,11,0.14923537377969096,0.22973426301242716,0.06735780623890952,0,0.0,0.0
15,18,12,0.14923537377969096,0.22973426301242716,0.07315743002546729,0,0.0,0.0
15,18,13,0.14923537377969096,0.22973426301242716,0.07895705381202506,0,0.0,0.0
15,18,14,0.14923537377969096,0.22973426301242716,0.08475667759858284,0,0.0,0.0
15,18,15,0.14923537377969096,0.22973426301242716,0.09055630138514062,0,0.0,0.0
15,18,16,0.14923537377969096,0.22973426301242716,0.09635592517169839,0,0.0,0.0
15,18,17,0.14923537377969096,0.22973426301242716,0.10215554895825617,0,0.0,0.0
15,18,18,0.14923537377969096,0.22973426301242716,0.10795517274481395,0,0.0,0.0
15,18,19,0.14923537377969096,0.22973426301242716,0.11375479653137172,0,0.0,0.0
15,19,0,0.14923537377969096,0.2388157420524244,0.0035619445867739875,0,0.0,0.0
15,19,1,0.14923537377969096,0.2388157420524244,0.009361568373331762,0,0.0,0.0
15,19,2,0.14923537377969096,0.2388157420524244,0.015161192159889538,0,0.0,0.0
15,19,3,0.14923537377969096,0.2388157420524244,0.020960815946447314,0,0.0,0.0
15,19,4,0.14923537377969096,0.2388157420524244,0.026760439733005088,0,0.0,0.0
15,19,5,0.14923537377969096,0.2388157420524244,0.032560063519562865,0,0.0,0.0
15,19,6,0.14923537377969096,0.2388157420524244,0.03835968730612063,0,0.0,0.0
15,19,7,0.14923537377969096,0.2388157420524244,0.04415931109267841,0,0.0,0.0
15,19,8,0.14923537377969096,0.2388157420524244,0.04995893487923618,0,0.0,0.0
15,19,9,0.14923537377969096,0.2388157420524244,0.05575855866579396,0,0.0,0.0
15,19,10,0.14923537377969096,0.2388157420524244,0.061558182452351735,0,0.0,0.0
15,19,11,0.14923537377969096,0.2388157420524244,0.06735780623890952,0,0.0,0.0
15,19,12,0.14923537377969096,0.2388157420524244,0.07315743002546729,0,0.0,0.0
15,19,13,0.14923537377969096,0.2388157420524244,0.07895705381202506,0,0.0,0.0
15,19,14,0.14923537377969096,0.2388157420524244,0.08475667759858284,0,0.0,0.0
15,19,15,0.14923537377969096,0.2388157420524244,0.09055630138514062,0,0.0,0.0
15,19,16,0.14923537377969096,0.2388157420524244,0.09635592517169839,0,0.0,0.0
15,19,17,0.14923537377969096,0.2388157420524244,0.10215554895825617,0,0.0,0.0
15,19,18,0.14923537377969096,0.2388157420524244,0.10795517274481395,0,0.0,0.0
15,19,19,0.14923537377969096,0.2388157420524244,0.11375479653137172,0,0.0,0.0
16,0,0,0.16807631600000725,0.06626764029247711,0.0035619445867739875,3,0.0003,0.0006008297549102892
16,0,1,0.16807631600000725,0.06626764029247711,0.009361568373331762,10,0.001,0.0007293721140536356
16,0,2,0.16807631600000725,0.06626764029247711,0.015161192159889538,3,0.0003,0.0005209472389947134
16,0,3,0.16807631600000725,0.06626764029247711,0.020960815946447314,2,0.0002,0.00027418478642252553
16,0,4,0.16807631600000725,0.06626764029247711,0.026760439733005088,0,0.0,0.00012403084468892413
16,0,5,0.16807631600000725,0.06626764029247711,0.032560063519562865,0,0.0,4.35944506646907e-05
16,0,6,0.16807631600000725,0.06626764029247711,0.03835968730612063,0,0.0,1.202167549027964e-05
16,0,7,0.16807631600000725,0.06626764029247711,0.04415931109267841,0,0.0,3.22543212877234e-06
16,0,8,0.16807631600000725,0.06626764029247711,0.04995893487923618,0,0.0,7.656491642500101e-07
16,0,9,0.16807631600000725,0.06626764029247711,0.05575855866579396,0,0.0,1.7797300001295423e-07
16,0,10,0.16807631600000725,0.06626764029247711,0.061558182452351735,0,0.0,4.8774739335605304e-08
16,0,11,0.16807631600000725,0.06626764029247711,0.06735780623890952,0,0.0,9.55066898103561e-09
16,0,12,0.16807631600000725,0.06626764029247711,0.07315743002546729,0,0.0,9.810879395407178e-10
16,0,13,0.16807631600000725,0.06626764029247711,0.07895705381202506,0,0.0,4.96565490762292e-11
16,0,14,0.16807631600000725,0.06626764029247711,0.08475667759858284,0,0.0,1.001775728302413e-12
16,0,15,0.16807631600000725,0.06626764029247711,0.09055630138514062,0,0.0,2.7444404449594257e-16
16,0,16,0.16807631600000725,0.06626764029247711,0.09635592517169839,0,0.0,0.0
16,0,17,0.16807631600000725,0.06626764029247711,0.10215554895825617,0,0.0,0.0
16,0,18,0.16807631600000725,0.06626764029247711,0.10795517274481395,0,0.0,0.0
16,0,19,0.16807631600000725,0.06626764029247711,0.11375479653137172,0,0.0,0.0
16,1,0,0.16807631600000725,0.07534911933247435,0.0035619445867739875,20,0.002,0.0010255803827893008
16,1,1,0.16807631600000725,0.07534911933247435,0.009361568373331762,24,0.0024,0.0012271397550131452
16,1,2,0.16807631600000725,0.07534911933247435,0.015161192159889538,8,0.0008,0.000910277854063052
16,1,3,0.16807631600000725,0.07534911933247435,0.020960815946447314,6,0.0006,0.0005322971585223963
16,1,4,0.16807631600000725,0.07534911933247435,0.026760439733005088,2,0.0002,0.000282030566212694
16,1,5,0.16807631600000725,0.07534911933247435,0.032560063519562865,0,0.0,0.00012086382644944975
16,1,6,0.16807631600000725,0.07534911933247435,0.03835968730612063,0,0.0,4.0356700598085356e-05
16,1,7,0.16807631600000725,0.07534911933247435,0.04415931109267841,0,0.0,1.2836279228658477e-05
16,1,8,0.16807631600000725,0.07534911933247435,0.04995893487923618,0,0.0,4.513205714808326e-06
16,1,9,0.16807631600000725,0.07534911933247435,0.05575855866579396,0,0.0,1.7965765428674745e-06
16,1,10,0.16807631600000725,0.07534911933247435,0.061558182452351735,0,0.0,6.554442142648932e-07
16,1,11,0.16807631600000725,0.07534911933247435,0.06735780623890952,0,0.0,1.5777308636110477e-07
16,1,12,0.16807631600000725,0.07534911933247435,0.07315743002546729,0,0.0,2.0842594577640838e-08
16,1,13,0.16807631600000725,0.07534911933247435,0.07895705381202506,0,0.0,1.3272985652489955e-09
16,1,14,0.16807631600000725,0.07534911933247435,0.08475667759858284,0,0.0,3.416503836922149e-11
16,1,15,0.16807631600000725,0.07534911933247435,0.09055630138514062,0,0.0,1.8451121186205145e-14
16,1,16,0.16807631600000725,0.07534911933247435,0.09635592517169839,0,0.0,0.0
16,1,17,0.16807631600000725,0.07534911933247435,0.10215554895825617,0,0.0,0.0
16,1,18,0.16807631600000725,0.07534911933247435,0.10795517274481395,0,0.0,0.0
16,1,19,0.16807631600000725,0.07534911933247435,0.11375479653137172,0,0.0,0.0
16,2,0,0.16807631600000725,0.08443059837247156,0.0035619445867739875,5,0.0005,0.00099832378338455
16,2,1,0.16807631600000725,0.08443059837247156,0.009361568373331762,9,0.0009,0.0012023376034616833
16,2,2,0.16807631600000725,0.08443059837247156,0.015161192159889538,7,0.0007,0.000954708474326926
16,2,3,0.16807631600000725,0.08443059837247156,0.020960815946447314,3,0.0003,0.0006397788027448272
16,2,4,0.16807631600000725,0.08443059837247156,0.026760439733005088,4,0.0004,0.000403661889867913
16,2,5,0.16807631600000725,0.08443059837247156,0.032560063519562865,2,0.0002,0.00021372990838471468
16,2,6,0.16807631600000725,0.08443059837247156,0.03835968730612063,0,0.0,9.257567256626166e-05
16,2,7,0.16807631600000725,0.08443059837247156,0.04415931109267841,0,0.0,3.904762089774746e-05
16,2,8,0.16807631600000725,0.08443059837247156,0.04995893487923618,0,0.0,1.816728473208232e-05
16,2,9,0.16807631600000725,0.08443059837247156,0.05575855866579396,0,0.0,8.968694160295359e-06
16,2,10,0.16807631600000725,0.08443059837247156,0.061558182452351735,0,0.0,3.987818665642261e-06
16,2,11,0.16807631600000725,0.08443059837247156,0.06735780623890952,0,0.0,1.2416576497952893e-06
16,2,12,0.16807631600000725,0.08443059837247156,0.07315743002546729,0,0.0,2.072985587005376e-07
16,2,13,0.16807631600000725,0.08443059837247156,0.07895705381202506,0,0.0,1.544335051586541e-08
16,2,14,0.16807631600000725,0.08443059837247156,0.08475667759858284,0,0.0,5.022803654738029e-10
16,2,15,0.16807631600000725,0.08443059837247156,0.09055630138514062,0,0.0,8.073456341195473e-12
16,2,16,0.16807631600000725,0.08443059837247156,0.09635592517169839,0,0.0,4.21045851695081e-13
16,2,17,0.16807631600000725,0.08443059837247156,0.10215554895825617,0,0.0,9.0883385708546e-15
16,2,18,0.16807631600000725,0.08443059837247156,0.10795517274481395,0,0.0,0.0
16,2,19,0.16807631600000725,0.08443059837247156,0.11375479653137172,0,0.0,0.0
16,3,0,0.16807631600000725,0.09351207741246878,0.0035619445867739875,0,0.0,0.0005793669052457929
16,3,1,0.16807631600000725,0.09351207741246878,0.009361568373331762,0,0.0,0.0007567826855069
16,3,2,0.16807631600000725,0.09351207741246878,0.015161192159889538,2,0.0002,0.0007082373836687167
16,3,3,0.16807631600000725,0.09351207741246878,0.020960815946447314,5,0.0005,0.0005750615876366913
16,3,4,0.16807631600000725,0.09351207741246878,0.026760439733005088,1,0.0001,0.00042204919472515893
16,3,5,0.16807631600000725,0.09351207741246878,0.032560063519562865,1,0.0001,0.00026482193539465425
16,3,6,0.16807631600000725,0.09351207741246878,0.03835968730612063,1,0.0001,0.00014473066523535845
16,3,7,0.16807631600000725,0.09351207741246878,0.04415931109267841,1,0.0001,7.515986135589873e-05
16,3,8,0.16807631600000725,0.09351207741246878,0.04995893487923618,1,0.0001,4.002952728621779e-05
16,3,9,0.16807631600000725,0.09351207741246878,0.05575855866579396,0,0.0,2.2387940458789144e-05
16,3,10,0.16807631600000725,0.09351207741246878,0.061558182452351735,0,0.0,1.2269181510707684e-05
16,3,11,0.16807631600000725,0.09351207741246878,0.06735780623890952,0,0.0,4.8024757177187905e-06
16,3,12,0.16807631600000725,0.09351207741246878,0.07315743002546729,0,0.0,9.335233295832081e-07
16,3,13,0.16807631600000725,0.09351207741246878,0.07895705381202506,0,0.0,8.098882170470588e-08
16,3,14,0.16807631600000725,0.09351207741246878,0.08475667759858284,0,0.0,4.4355686574065915e-09
16,3,15,0.16807631600000725,0.09351207741246878,0.09055630138514062,0,0.0,2.65037626106461e-10
16,3,16,0.16807631600000725,0.09351207741246878,0.09635592517169839,0,0.0,1.4355081187339376e-11
16,3,17,0.16807631600000725,0.09351207741246878,0.10215554895825617,0,0.0,3.100527778983205e-13
16,3,18,0.16807631600000725,0.09351207741246878,0.10795517274481395,0,0.0,0.0
16,3,19,0.16807631600000725,0.09351207741246878,0.11375479653137172,0,0.0,0.0
16,4,0,0.16807631600000725,0.10259355645246601,0.0035619445867739875,0,0.0,0.00020793894242920977
16,4,1,0.16807631600000725,0.10259355645246601,0.009361568373331762,0,0.0,0.0003265411866121564
16,4,2,0.16807631600000725,0.10259355645246601,0.015161192159889538,1,0.0001,0.00039274436253495474
16,4,3,0.16807631600000725,0.10259355645246601,0.020960815946447314,0,0.0,0.00039198866619993085
16,4,4,0.16807631600000725,0.10259355645246601,0.026760439733005088,1,0.0001,0.00032411714945741217
16,4,5,0.16807631600000725,0.10259355645246601,0.032560063519562865,2,0.0002,0.00022920055871931776
16,4,6,0.16807631600000725,0.10259355645246601,0.03835968730612063,0,0.0,0.00014810494216271108
16,4,7,0.16807631600000725,0.10259355645246601,0.04415931109267841,0,0.0,9.170045968449708e-05
16,4,8,0.16807631600000725,0.10259355645246601,0.04995893487923618,0,0.0,5.60306065238111e-05
16,4,9,0.16807631600000725,0.10259355645246601,0.05575855866579396,0,0.0,3.420669407765255e-05
16,4,10,0.16807631600000725,0.10259355645246601,0.061558182452351735,0,0.0,2.1029991173188136e-05
16,4,11,0.16807631600000725,0.10259355645246601,0.06735780623890952,0,0.0,9.192395253983896e-06
16,4,12,0.16807631600000725,0.10259355645246601,0.07315743002546729,0,0.0,2.012111934089459e-06
16,4,13,0.16807631600000725,0.10259355645246601,0.07895705381202506,0,0.0,2.58122751372178e-07
16,4,14,0.16807631600000725,0.10259355645246601,0.08475667759858284,0,0.0,3.316288932463134e-08
16,4,15,0.16807631600000725,0.10259355645246601,0.09055630138514062,0,0.0,3.3481965441399347e-09
16,4,16,0.16807631600000725,0.10259355645246601,0.09635592517169839,0,0.0,1.8350417918935534e-10
16,4,17,0.16807631600000725,0.10259355645246601,0.10215554895825617,0,0.0,3.967461903820827e-12
16,4,18,0.16807631600000725,0.10259355645246601,0.10795517274481395,0,0.0,0.0
16,4,19,0.16807631600000725,0.10259355645246601,0.11375479653137172,0,0.0,0.0
16,5,0,0.16807631600000725,0.11167503549246324,0.0035619445867739875,0,0.0,4.7441629316360446e-05
16,5,1,0.16807631600000725,0.11167503549246324,0.009361568373331762,0,0.0,9.521960756415243e-05
16,5,2,0.16807631600000725,0.11167503549246324,0.015161192159889538,0,0.0,0.0001470402296730633
16,5,3,0.16807631600000725,0.11167503549246324,0.020960815946447314,0,0.0,0.000177713458670058
16,5,4,0.16807631600000725,0.11167503549246324,0.026760439733005088,0,0.0,0.0001689316872278333
16,5,5,0.16807631600000725,0.11167503549246324,0.032560063519562865,0,0.0,0.00013512814847709155
16,5,6,0.16807631600000725,0.11167503549246324,0.03835968730612063,1,0.0001,0.00010304195216196832
16,5,7,0.16807631600000725,0.11167503549246324,0.04415931109267841,1,0.0001,7.950513577420856e-05
16,5,8,0.16807631600000725,0.11167503549246324,0.04995893487923618,0,0.0,5.594241696729156e-05
16,5,9,0.16807631600000725,0.11167503549246324,0.05575855866579396,0,0.0,3.472107918349272e-05
16,5,10,0.16807631600000725,0.11167503549246324,0.061558182452351735,0,0.0,2.0939153569919348e-05
16,5,11,0.16807631600000725,0.11167503549246324,0.06735780623890952,0,0.0,9.427970305159748e-06
16,5,12,0.16807631600000725,0.11167503549246324,0.07315743002546729,0,0.0,2.656922299337618e-06
16,5,13,0.16807631600000725,0.11167503549246324,0.07895705381202506,0,0.0,6.907762353854108e-07
16,5,14,0.16807631600000725,0.11167503549246324,0.08475667759858284,0,0.0,1.476213559809101e-07
16,5,15,0.16807631600000725,0.11167503549246324,0.09055630138514062,0,0.0,1.6826802095101566e-08
16,5,16,0.16807631600000725,0.11167503549246324,0.09635592517169839,0,0.0,9.274642807854582e-10
16,5,17,0.16807631600000725,0.11167503549246324,0.10215554895825617,0,0.0,2.009859907753548e-11
16,5,18,0.16807631600000725,0.11167503549246324,0.10795517274481395,0,0.0,0.0
16,5,19,0.16807631600000725,0.11167503549246324,0.11375479653137172,0,0.0,0.0
16,6,0,0.16807631600000725,0.12075651453246046,0.0035619445867739875,0,0.0,6.983350335148248e-06
16,6,1,0.16807631600000725,0.12075651453246046,0.009361568373331762,0,0.0,1.7848497616898024e-05
16,6,2,0.16807631600000725,0.12075651453246046,0.015161192159889538,0,0.0,3.392119385947356e-05
16,6,3,0.16807631600000725,0.12075651453246046,0.020960815946447314,0,0.0,5.001148234406417e-05
16,6,4,0.16807631600000725,0.12075651453246046,0.026760439733005088,0,0.0,5.816641723458014e-05
16,6,5,0.16807631600000725,0.12075651453246046,0.032560063519562865,0,0.0,5.5057591519701064e-05
16,6,6,0.16807631600000725,0.12075651453246046,0.03835968730612063,0,0.0,4.944818179652874e-05
16,6,7,0.16807631600000725,0.12075651453246046,0.04415931109267841,0,0.0,4.5023137476242744e-05
16,6,8,0.16807631600000725,0.12075651453246046,0.04995893487923618,0,0.0,3.3812300207754185e-05
16,6,9,0.16807631600000725,0.12075651453246046,0.05575855866579396,0,0.0,2.11058653950212e-05
16,6,10,0.16807631600000725,0.12075651453246046,0.061558182452351735,0,0.0,1.2637292009977802e-05
16,6,11,0.16807631600000725,0.12075651453246046,0.06735780623890952,0,0.0,6.197117379433124e-06
16,6,12,0.16807631600000725,0.12075651453246046,0.07315743002546729,0,0.0,2.8062170078725035e-06
16,6,13,0.16807631600000725,0.12075651453246046,0.07895705381202506,0,0.0,1.2348586774990548e-06
16,6,14,0.16807631600000725,0.12075651453246046,0.08475667759858284,0,0.0,3.078342058732582e-07
16,6,15,0.16807631600000725,0.12075651453246046,0.09055630138514062,0,0.0,3.610427997852219e-08
16,6,16,0.16807631600000725,0.12075651453246046,0.09635592517169839,0,0.0,1.999956651203681e-09
16,6,17,0.16807631600000725,0.12075651453246046,0.10215554895825617,0,0.0,4.352405706477055e-11
16,6,18,0.16807631600000725,0.12075651453246046,0.10795517274481395,0,0.0,0.0
16,6,19,0.16807631600000725,0.12075651453246046,0.11375479653137172,0,0.0,0.0
16,7,0,0.16807631600000725,0.12983799357245768,0.0035619445867739875,0,0.0,7.20263655470907e-07
16,7,1,0.16807631600000725,0.12983799357245768,0.009361568373331762,0,0.0,2.3252049737467277e-06
16,7,2,0.16807631600000725,0.12983799357245768,0.015161192159889538,0,0.0,5.258316643981627e-06
16,7,3,0.16807631600000725,0.12983799357245768,0.020960815946447314,0,0.0,9.372828434169759e-06
16,7,4,0.16807631600000725,0.12983799357245768,0.026760439733005088,0,0.0,1.3618538836099955e-05
16,7,5,0.16807631600000725,0.12983799357245768,0.032560063519562865,0,0.0,1.5413606146424618e-05
16,7,6,0.16807631600000725,0.12983799357245768,0.03835968730612063,0,0.0,1.5292608924866044e-05
16,7,7,0.16807631600000725,0.12983799357245768,0.04415931109267841,0,0.0,1.4706235980429514e-05
16,7,8,0.16807631600000725,0.12983799357245768,0.04995893487923618,0,0.0,1.1374254133386967e-05
16,7,9,0.16807631600000725,0.12983799357245768,0.05575855866579396,0,0.0,7.907227700721214e-06
16,7,10,0.16807631600000725,0.12983799357245768,0.061558182452351735,0,0.0,5.3914029588455164e-06
16,7,11,0.16807631600000725,0.12983799357245768,0.06735780623890952,0,0.0,3.1976909723501564e-06
16,7,12,0.16807631600000725,0.12983799357245768,0.07315743002546729,0,0.0,2.160416873138623e-06
16,7,13,0.16807631600000725,0.12983799357245768,0.07895705381202506,0,0.0,1.1610128339778507e-06
16,7,14,0.16807631600000725,0.12983799357245768,0.08475667759858284,0,0.0,3.0141035115989293e-07
16,7,15,0.16807631600000725,0.12983799357245768,0.09055630138514062,0,0.0,3.572710321317489e-08
16,7,16,0.16807631600000725,0.12983799357245768,0.09635592517169839,0,0.0,1.9892967973649946e-09
16,7,17,0.16807631600000725,0.12983799357245768,0.10215554895825617,0,0.0,4.352405706477055e-11
16,7,18,0.16807631600000725,0.12983799357245768,0.10795517274481395,0,0.0,0.0
16,7,19,0.16807631600000725,0.12983799357245768,0.11375479653137172,0,0.0,0.0
16,8,0,0.16807631600000725,0.1389194726124549,0.0035619445867739875,0,0.0,6.055414679949988e-08
16,8,1,0.16807631600000725,0.1389194726124549,0.009361568373331762,0,0.0,2.44559014210753e-07
16,8,2,0.16807631600000725,0.1389194726124549,0.015161192159889538,0,0.0,6.329782157984097e-07
16,8,3,0.16807631600000725,0.1389194726124549,0.020960815946447314,0,0.0,1.2568494607419096e-06
16,8,4,0.16807631600000725,0.1389194726124549,0.026760439733005088,0,0.0,2.087673349540354e-06
16,8,5,0.16807631600000725,0.1389194726124549,0.032560063519562865,0,0.0,2.648062039647302e-06
16,8,6,0.16807631600000725,0.1389194726124549,0.03835968730612063,0,0.0,2.7353882967680937e-06
16,8,7,0.16807631600000725,0.1389194726124549,0.04415931109267841,0,0.0,2.6853157998703697e-06
16,8,8,0.16807631600000725,0.1389194726124549,0.04995893487923618,0,0.0,2.3254337463536392e-06
16,8,9,0.16807631600000725,0.1389194726124549,0.05575855866579396,0,0.0,2.09744221023459e-06
16,8,10,0.16807631600000725,0.1389194726124549,0.061558182452351735,0,0.0,1.7247067495497127e-06
16,8,11,0.16807631600000725,0.1389194726124549,0.06735780623890952,0,0.0,1.1767037464100691e-06
16,8,12,0.16807631600000725,0.1389194726124549,0.07315743002546729,0,0.0,9.249236224651815e-07
16,8,13,0.16807631600000725,0.1389194726124549,0.07895705381202506,0,0.0,5.2301879215908e-07
16,8,14,0.16807631600000725,0.1389194726124549,0.08475667759858284,0,0.0,1.373209846684295e-07
16,8,15,0.16807631600000725,0.1389194726124549,0.09055630138514062,0,0.0,1.6363239841320685e-08
16,8,16,0.16807631600000725,0.1389194726124549,0.09635592517169839,0,0.0,9.146986766369095e-10
16,8,17,0.16807631600000725,0.1389194726124549,0.10215554895825617,0,0.0,2.009859907753548e-11
16,8,18,0.16807631600000725,0.1389194726124549,0.10795517274481395,0,0.0,0.0
16,8,19,0.16807631600000725,0.1389194726124549,0.11375479653137172,0,0.0,0.0
16,9,0,0.16807631600000725,0.14800095165245214,0.0035619445867739875,0,0.0,3.817420590434954e-09
16,9,1,0.16807631600000725,0.14800095165245214,0.009361568373331762,0,0.0,2.088448347698657e-08
16,9,2,0.16807631600000725,0.14800095165245214,0.015161192159889538,0,0.0,6.813799953265293e-08
16,9,3,0.16807631600000725,0.14800095165245214,0.020960815946447314,0,0.0,1.3680679353577225e-07
16,9,4,0.16807631600000725,0.14800095165245214,0.026760439733005088,0,0.0,2.0443315091581576e-07
16,9,5,0.16807631600000725,0.14800095165245214,0.032560063519562865,0,0.0,2.5479428030168114e-07
16,9,6,0.16807631600000725,0.14800095165245214,0.03835968730612063,0,0.0,2.791562496809138e-07
16,9,7,0.16807631600000725,0.14800095165245214,0.04415931109267841,0,0.0,3.083170667353366e-07
16,9,8,0.16807631600000725,0.14800095165245214,0.04995893487923618,0,0.0,3.2835694987924816e-07
16,9,9,0.16807631600000725,0.14800095165245214,0.05575855866579396,0,0.0,3.5485846832180147e-07
16,9,10,0.16807631600000725,0.14800095165245214,0.061558182452351735,0,0.0,3.126585253987944e-07
16,9,11,0.16807631600000725,0.14800095165245214,0.06735780623890952,0,0.0,2.2210114030025075e-07
16,9,12,0.16807631600000725,0.14800095165245214,0.07315743002546729,0,0.0,1.7954110125567806e-07
16,9,13,0.16807631600000725,0.14800095165245214,0.07895705381202506,0,0.0,1.0230586540873524e-07
16,9,14,0.16807631600000725,0.14800095165245214,0.08475667759858284,0,0.0,2.69281262466483e-08
16,9,15,0.16807631600000725,0.14800095165245214,0.09055630138514062,0,0.0,3.2159354838812246e-09
16,9,16,0.16807631600000725,0.14800095165245214,0.09635592517169839,0,0.0,1.8013864616418945e-10
16,9,17,0.16807631600000725,0.14800095165245214,0.10215554895825617,0,0.0,3.967461903820827e-12
16,9,18,0.16807631600000725,0.14800095165245214,0.10795517274481395,0,0.0,0.0
16,9,19,0.16807631600000725,0.14800095165245214,0.11375479653137172,0,0.0,0.0
16,10,0,0.16807631600000725,0.15708243069244937,0.0035619445867739875,0,0.0,2.0563407355892166e-10
16,10,1,0.16807631600000725,0.15708243069244937,0.009361568373331762,0,0.0,1.8734070509962327e-09
16,10,2,0.16807631600000725,0.15708243069244937,0.015161192159889538,0,0.0,7.849867714683556e-09
16,10,3,0.16807631600000725,0.15708243069244937,0.020960815946447314,0,0.0,1.4394669089344368e-08
16,10,4,0.16807631600000725,0.15708243069244937,0.026760439733005088,0,0.0,1.4612978436548153e-08
16,10,5,0.16807631600000725,0.15708243069244937,0.032560063519562865,0,0.0,1.4432460521696219e-08
16,10,6,0.16807631600000725,0.15708243069244937,0.03835968730612063,0,0.0,1.9215405492448257e-08
16,10,7,0.16807631600000725,0.15708243069244937,0.04415931109267841,0,0.0,2.785848302070417e-08
16,10,8,0.16807631600000725,0.15708243069244937,0.04995893487923618,0,0.0,3.225609327781619e-08
16,10,9,0.16807631600000725,0.15708243069244937,0.05575855866579396,0,0.0,3.134121311572441e-08
16,10,10,0.16807631600000725,0.15708243069244937,0.061558182452351735,0,0.0,2.5467061400463842e-08
16,10,11,0.16807631600000725,0.15708243069244937,0.06735780623890952,0,0.0,1.7770852815156533e-08
16,10,12,0.16807631600000725,0.15708243069244937,0.07315743002546729,0,0.0,1.4149191840179724e-08
16,10,13,0.16807631600000725,0.15708243069244937,0.07895705381202506,0,0.0,7.996701740268447e-09
16,10,14,0.16807631600000725,0.15708243069244937,0.08475667759858284,0,0.0,2.1005947717286036e-09
16,10,15,0.16807631600000725,0.15708243069244937,0.09055630138514062,0,0.0,2.508998092868187e-10
16,10,16,0.16807631600000725,0.15708243069244937,0.09635592517169839,0,0.0,1.4063205086582764e-11
16,10,17,0.16807631600000725,0.15708243069244937,0.10215554895825617,0,0.0,3.100527778983205e-13
16,10,18,0.16807631600000725,0.15708243069244937,0.10795517274481395,0,0.0,0.0
16,10,19,0.16807631600000725,0.15708243069244937,0.11375479653137172,0,0.0,0.0
16,11,0,0.16807631600000725,0.1661639097324466,0.0035619445867739875,0,0.0,9.994661779669517e-12
16,11,1,0.16807631600000725,0.1661639097324466,0.009361568373331762,0,0.0,1.2220417263524907e-10
16,11,2,0.16807631600000725,0.1661639097324466,0.015161192159889538,0,0.0,5.538870927369006e-10
16,11,3,0.16807631600000725,0.1661639097324466,0.020960815946447314,0,0.0,9.523488509928653e-10
16,11,4,0.16807631600000725,0.1661639097324466,0.026760439733005088,0,0.0,7.073545686495975e-10
16,11,5,0.16807631600000725,0.1661639097324466,0.032560063519562865,0,0.0,4.811717388160335e-10
16,11,6,0.16807631600000725,0.1661639097324466,0.03835968730612063,0,0.0,8.790067818170737e-10
16,11,7,0.16807631600000725,0.1661639097324466,0.04415931109267841,0,0.0,1.6256209312406245e-09
16,11,8,0.16807631600000725,0.1661639097324466,0.04995893487923618,0,0.0,1.8064536035128165e-09
16,11,9,0.16807631600000725,0.1661639097324466,0.05575855866579396,0,0.0,1.352867313114549e-09
16,11,10,0.16807631600000725,0.1661639097324466,0.061558182452351735,0,0.0,8.849873764838593e-10
16,11,11,0.16807631600000725,0.1661639097324466,0.06735780623890952,0,0.0,5.738236229124742e-10
16,11,12,0.16807631600000725,0.1661639097324466,0.07315743002546729,0,0.0,4.311540502731963e-10
16,11,13,0.16807631600000725,0.1661639097324466,0.07895705381202506,0,0.0,2.3673967635177494e-10
16,11,14,0.16807631600000725,0.1661639097324466,0.08475667759858284,0,0.0,6.166730266689786e-11
16,11,15,0.16807631600000725,0.1661639097324466,0.09055630138514062,0,0.0,7.351171606128431e-12
16,11,16,0.16807631600000725,0.1661639097324466,0.09635592517169839,0,0.0,4.1195751312422644e-13
16,11,17,0.16807631600000725,0.1661639097324466,0.10215554895825617,0,0.0,9.0883385708546e-15
16,11,18,0.16807631600000725,0.1661639097324466,0.10795517274481395,0,0.0,0.0
16,11,19,0.16807631600000725,0.1661639097324466,0.11375479653137172,0,0.0,0.0
16,12,0,0.16807631600000725,0.17524538877244383,0.0035619445867739875,0,0.0,3.0096443932746593e-13
16,12,1,0.16807631600000725,0.17524538877244383,0.009361568373331762,0,0.0,3.6667719085378566e-12
16,12,2,0.16807631600000725,0.17524538877244383,0.015161192159889538,0,0.0,1.6441189951612977e-11
16,12,3,0.16807631600000725,0.17524538877244383,0.020960815946447314,0,0.0,2.7211762420051548e-11
16,12,4,0.16807631600000725,0.17524538877244383,0.026760439733005088,0,0.0,1.7238360863783975e-11
16,12,5,0.16807631600000725,0.17524538877244383,0.032560063519562865,0,0.0,8.452065534750403e-12
16,12,6,0.16807631600000725,0.17524538877244383,0.03835968730612063,0,0.0,2.0896593321839967e-11
16,12,7,0.16807631600000725,0.17524538877244383,0.04415931109267841,0,0.0,4.367140349285073e-11
16,12,8,0.16807631600000725,0.17524538877244383,0.04995893487923618,0,0.0,4.387438963116906e-11
16,12,9,0.16807631600000725,0.17524538877244383,0.05575855866579396,0,0.0,2.1698211569862836e-11
16,12,10,0.16807631600000725,0.17524538877244383,0.061558182452351735,0,0.0,6.9179868759730034e-12
16,12,11,0.16807631600000725,0.17524538877244383,0.06735780623890952,0,0.0,2.6167783628651295e-12
16,12,12,0.16807631600000725,0.17524538877244383,0.07315743002546729,0,0.0,8.374507006711798e-13
16,12,13,0.16807631600000725,0.17524538877244383,0.07895705381202506,0,0.0,1.3798364546482843e-13
16,12,14,0.16807631600000725,0.17524538877244383,0.08475667759858284,0,0.0,9.91167070434243e-15
16,12,15,0.16807631600000725,0.17524538877244383,0.09055630138514062,0,0.0,2.7444404449594257e-16
16,12,16,0.16807631600000725,0.17524538877244383,0.09635592517169839,0,0.0,0.0
16,12,17,0.16807631600000725,0.17524538877244383,0.10215554895825617,0,0.0,0.0
16,12,18,0.16807631600000725,0.17524538877244383,0.10795517274481395,0,0.0,0.0
16,12,19,0.16807631600000725,0.17524538877244383,0.11375479653137172,0,0.0,0.0
16,13,0,0.16807631600000725,0.18432686781244106,0.0035619445867739875,0,0.0,0.0
16,13,1,0.16807631600000725,0.18432686781244106,0.009361568373331762,0,0.0,0.0
16,13,2,0.16807631600000725,0.18432686781244106,0.015161192159889538,0,0.0,0.0
16,13,3,0.16807631600000725,0.18432686781244106,0.020960815946447314,0,0.0,0.0
16,13,4,0.16807631600000725,0.18432686781244106,0.026760439733005088,0,0.0,0.0
16,13,5,0.16807631600000725,0.18432686781244106,0.032560063519562865,0,0.0,0.0
16,13,6,0.16807631600000725,0.18432686781244106,0.03835968730612063,0,0.0,0.0
16,13,7,0.16807631600000725,0.18432686781244106,0.04415931109267841,0,0.0,0.0
16,13,8,0.16807631600000725,0.18432686781244106,0.04995893487923618,0,0.0,0.0
16,13,9,0.16807631600000725,0.18432686781244106,0.05575855866579396,0,0.0,0.0
16,13,10,0.16807631600000725,0.18432686781244106,0.061558182452351735,0,0.0,0.0
16,13,11,0.16807631600000725,0.18432686781244106,0.06735780623890952,0,0.0,0.0
16,13,12,0.16807631600000725,0.18432686781244106,0.07315743002546729,0,0.0,0.0
16,13,13,0.16807631600000725,0.18432686781244106,0.07895705381202506,0,0.0,0.0
16,13,14,0.16807631600000725,0.18432686781244106,0.08475667759858284,0,0.0,0.0
16,13,15,0.16807631600000725,0.18432686781244106,0.09055630138514062,0,0.0,0.0
16,13,16,0.16807631600000725,0.18432686781244106,0.09635592517169839,0,0.0,0.0
16,13,17,0.16807631600000725,0.18432686781244106,0.10215554895825617,0,0.0,0.0
16,13,18,0.16807631600000725,0.18432686781244106,0.10795517274481395,0,0.0,0.0
16,13,19,0.16807631600000725,0.18432686781244106,0.11375479653137172,0,0.0,0.0
16,14,0,0.16807631600000725,0.19340834685243827,0.0035619445867739875,0,0.0,0.0
16,14,1,0.16807631600000725,0.19340834685243827,0.009361568373331762,0,0.0,0.0
16,14,2,0.16807631600000725,0.19340834685243827,0.015161192159889538,0,0.0,0.0
16,14,3,0.16807631600000725,0.19340834685243827,0.020960815946447314,0,0.0,0.0
16,14,4,0.16807631600000725,0.19340834685243827,0.026760439733005088,0,0.0,0.0
16,14,5,0.16807631600000725,0.19340834685243827,0.032560063519562865,0,0.0,0.0
16,14,6,0.16807631600000725,0.19340834685243827,0.03835968730612063,0,0.0,0.0
16,14,7,0.16807631600000725,0.19340834685243827,0.04415931109267841,0,0.0,0.0
16,14,8,0.16807631600000725,0.19340834685243827,0.04995893487923618,0,0.0,0.0
16,14,9,0.16807631600000725,0.19340834685243827,0.05575855866579396,0,0.0,0.0
16,14,10,0.16807631600000725,0.19340834685243827,0.061558182452351735,0,0.0,0.0
16,14,11,0.16807631600000725,0.19340834685243827,0.06735780623890952,0,0.0,0.0
16,14,12,0.16807631600000725,0.19340834685243827,0.07315743002546729,0,0.0,0.0
16,14,13,0.16807631600000725,0.19340834685243827,0.07895705381202506,0,0.0,0.0
16,14,14,0.16807631600000725,0.19340834685243827,0.08475667759858284,0,0.0,0.0
16,14,15,0.16807631600000725,0.19340834685243827,0.09055630138514062,0,0.0,0.0
16,14,16,0.16807631600000725,0.19340834685243827,0.09635592517169839,0,0.0,0.0
16,14,17,0.16807631600000725,0.19340834685243827,0.10215554895825617,0,0.0,0.0
16,14,18,0.16807631600000725,0.19340834685243827,0.10795517274481395,0,0.0,0.0
16,14,19,0.16807631600000725,0.19340834685243827,0.11375479653137172,0,0.0,0.0
16,15,0,0.16807631600000725,0.2024898258924355,0.0035619445867739875,0,0.0,0.0
16,15,1,0.16807631600000725,0.2024898258924355,0.009361568373331762,0,0.0,0.0
16,15,2,0.16807631600000725,0.2024898258924355,0.015161192159889538,0,0.0,0.0
16,15,3,0.16807631600000725,0.2024898258924355,0.020960815946447314,0,0.0,0.0
16,15,4,0.16807631600000725,0.2024898258924355,0.026760439733005088,0,0.0,0.0
16,15,5,0.16807631600000725,0.2024898258924355,0.032560063519562865,0,0.0,0.0
16,15,6,0.16807631600000725,0.2024898258924355,0.03835968730612063,0,0.0,0.0
16,15,7,0.16807631600000725,0.2024898258924355,0.04415931109267841,0,0.0,0.0
16,15,8,0.16807631600000725,0.2024898258924355,0.04995893487923618,0,0.0,0.0
16,15,9,0.16807631600000725,0.2024898258924355,0.05575855866579396,0,0.0,0.0
16,15,10,0.16807631600000725,0.2024898258924355,0.061558182452351735,0,0.0,0.0
16,15,11,0.16807631600000725,0.2024898258924355,0.06735780623890952,0,0.0,0.0
16,15,12,0.16807631600000725,0.2024898258924355,0.07315743002546729,0,0.0,0.0
16,15,13,0.16807631600000725,0.2024898258924355,0.07895705381202506,0,0.0,0.0
16,15,14,0.16807631600000725,0.2024898258924355,0.08475667759858284,0,0.0,0.0
16,15,15,0.16807631600000725,0.2024898258924355,0.09055630138514062,0,0.0,0.0
16,15,16,0.16807631600000725,0.2024898258924355,0.09635592517169839,0,0.0,0.0
16,15,17,0.16807631600000725,0.2024898258924355,0.10215554895825617,0,0.0,0.0
16,15,18,0.16807631600000725,0.2024898258924355,0.10795517274481395,0,0.0,0.0
16,15,19,0.16807631600000725,0.2024898258924355,0.11375479653137172,0,0.0,0.0
16,16,0,0.16807631600000725,0.21157130493243273,0.0035619445867739875,0,0.0,0.0
16,16,1,0.16807631600000725,0.21157130493243273,0.009361568373331762,0,0.0,0.0
16,16,2,0.16807631600000725,0.21157130493243273,0.015161192159889538,0,0.0,0.0
16,16,3,0.16807631600000725,0.21157130493243273,0.020960815946447314,0,0.0,0.0
16,16,4,0.16807631600000725,0.21157130493243273,0.026760439733005088,0,0.0,0.0
16,16,5,0.16807631600000725,0.21157130493243273,0.032560063519562865,0,0.0,0.0
16,16,6,0.16807631600000725,0.21157130493243273,0.03835968730612063,0,0.0,0.0
16,16,7,0.16807631600000725,0.21157130493243273,0.04415931109267841,0,0.0,0.0
16,16,8,0.16807631600000725,0.21157130493243273,0.04995893487923618,0,0.0,0.0
16,16,9,0.16807631600000725,0.21157130493243273,0.05575855866579396,0,0.0,0.0
16,16,10,0.16807631600000725,0.21157130493243273,0.061558182452351735,0,0.0,0.0
16,16,11,0.16807631600000725,0.21157130493243273,0.06735780623890952,0,0.0,0.0
16,16,12,0.16807631600000725,0.21157130493243273,0.07315743002546729,0,0.0,0.0
16,16,13,0.16807631600000725,0.21157130493243273,0.07895705381202506,0,0.0,0.0
16,16,14,0.16807631600000725,0.21157130493243273,0.08475667759858284,0,0.0,0.0
16,16,15,0.16807631600000725,0.21157130493243273,0.09055630138514062,0,0.0,0.0
16,16,16,0.16807631600000725,0.21157130493243273,0.09635592517169839,0,0.0,0.0
16,16,17,0.16807631600000725,0.21157130493243273,0.10215554895825617,0,0.0,0.0
16,16,18,0.16807631600000725,0.21157130493243273,0.10795517274481395,0,0.0,0.0
16,16,19,0.16807631600000725,0.21157130493243273,0.11375479653137172,0,0.0,0.0
16,17,0,0.16807631600000725,0.22065278397242996,0.0035619445867739875,0,0.0,0.0
16,17,1,0.16807631600000725,0.22065278397242996,0.009361568373331762,0,0.0,0.0
16,17,2,0.16807631600000725,0.22065278397242996,0.015161192159889538,0,0.0,0.0
16,17,3,0.16807631600000725,0.22065278397242996,0.020960815946447314,0,0.0,0.0
16,17,4,0.16807631600000725,0.22065278397242996,0.026760439733005088,0,0.0,0.0
16,17,5,0.16807631600000725,0.22065278397242996,0.032560063519562865,0,0.0,0.0
16,17,6,0.16807631600000725,0.22065278397242996,0.03835968730612063,0,0.0,0.0
16,17,7,0.16807631600000725,0.22065278397242996,0.04415931109267841,0,0.0,0.0
16,17,8,0.16807631600000725,0.22065278397242996,0.04995893487923618,0,0.0,0.0
16,17,9,0.16807631600000725,0.22065278397242996,0.05575855866579396,0,0.0,0.0
16,17,10,0.16807631600000725,0.22065278397242996,0.061558182452351735,0,0.0,0.0
16,17,11,0.16807631600000725,0.22065278397242996,0.06735780623890952,0,0.0,0.0
16,17,12,0.16807631600000725,0.22065278397242996,0.07315743002546729,0,0.0,0.0
16,17,13,0.16807631600000725,0.22065278397242996,0.07895705381202506,0,0.0,0.0
16,17,14,0.16807631600000725,0.22065278397242996,0.08475667759858284,0,0.0,0.0
16,17,15,0.16807631600000725,0.22065278397242996,0.09055630138514062,0,0.0,0.0
16,17,16,0.16807631600000725,0.22065278397242996,0.09635592517169839,0,0.0,0.0
16,17,17,0.16807631600000725,0.22065278397242996,0.10215554895825617,0,0.0,0.0
16,17,18,0.16807631600000725,0.22065278397242996,0.10795517274481395,0,0.0,0.0
16,17,19,0.16807631600000725,0.22065278397242996,0.11375479653137172,0,0.0,0.0
16,18,0,0.16807631600000725,0.22973426301242716,0.0035619445867739875,0,0.0,0.0
16,18,1,0.16807631600000725,0.22973426301242716,0.009361568373331762,0,0.0,0.0
16,18,2,0.16807631600000725,0.22973426301242716,0.015161192159889538,0,0.0,0.0
16,18,3,0.16807631600000725,0.22973426301242716,0.020960815946447314,0,0.0,0.0
16,18,4,0.16807631600000725,0.22973426301242716,0.026760439733005088,0,0.0,0.0
16,18,5,0.16807631600000725,0.22973426301242716,0.032560063519562865,0,0.0,0.0
16,18,6,0.16807631600000725,0.22973426301242716,0.03835968730612063,0,0.0,0.0
16,18,7,0.16807631600000725,0.22973426301242716,0.04415931109267841,0,0.0,0.0
16,18,8,0.16807631600000725,0.22973426301242716,0.04995893487923618,0,0.0,0.0
16,18,9,0.16807631600000725,0.22973426301242716,0.05575855866579396,0,0.0,0.0
16,18,10,0.16807631600000725,0.22973426301242716,0.061558182452351735,0,0.0,0.0
16,18,11,0.16807631600000725,0.22973426301242716,0.06735780623890952,0,0.0,0.0
16,18,12,0.16807631600000725,0.22973426301242716,0.07315743002546729,0,0.0,0.0
16,18,13,0.16807631600000725,0.22973426301242716,0.07895705381202506,0,0.0,0.0
16,18,14,0.16807631600000725,0.22973426301242716,0.08475667759858284,0,0.0,0.0
16,18,15,0.16807631600000725,0.22973426301242716,0.09055630138514062,0,0.0,0.0
16,18,16,0.16807631600000725,0.22973426301242716,0.09635592517169839,0,0.0,0.0
16,18,17,0.16807631600000725,0.22973426301242716,0.10215554895825617,0,0.0,0.0
16,18,18,0.16807631600000725,0.22973426301242716,0.10795517274481395,0,0.0,0.0
16,18,19,0.16807631600000725,0.22973426301242716,0.11375479653137172,0,0.0,0.0
16,19,0,0.16807631600000725,0.2388157420524244,0.0035619445867739875,0,0.0,0.0
16,19,1,0.16807631600000725,0.2388157420524244,0.009361568373331762,0,0.0,0.0
16,19,2,0.16807631600000725,0.2388157420524244,0.015161192159889538,0,0.0,0.0
16,19,3,0.16807631600000725,0.2388157420524244,0.020960815946447314,0,0.0,0.0
16,19,4,0.16807631600000725,0.2388157420524244,0.026760439733005088,0,0.0,0.0
16,19,5,0.16807631600000725,0.2388157420524244,0.032560063519562865,0,0.0,0.0
16,19,6,0.16807631600000725,0.2388157420524244,0.03835968730612063,0,0.0,0.0
16,19,7,0.16807631600000725,0.2388157420524244,0.04415931109267841,0,0.0,0.0
16,19,8,0.16807631600000725,0.2388157420524244,0.04995893487923618,0,0.0,0.0
16,19,9,0.16807631600000725,0.2388157420524244,0.05575855866579396,0,0.0,0.0
16,19,10,0.16807631600000725,0.2388157420524244,0.061558182452351735,0,0.0,0.0
16,19,11,0.16807631600000725,0.2388157420524244,0.06735780623890952,0,0.0,0.0
16,19,12,0.16807631600000725,0.2388157420524244,0.07315743002546729,0,0.0,0.0
16,19,13,0.16807631600000725,0.2388157420524244,0.07895705381202506,0,0.0,0.0
16,19,14,0.16807631600000725,0.2388157420524244,0.08475667759858284,0,0.0,0.0
16,19,15,0.16807631600000725,0.2388157420524244,0.09055630138514062,0,0.0,0.0
16,19,16,0.16807631600000725,0.2388157420524244,0.09635592517169839,0,0.0,0.0
16,19,17,0.16807631600000725,0.2388157420524244,0.10215554895825617,0,0.0,0.0
16,19,18,0.16807631600000725,0.2388157420524244,0.10795517274481395,0,0.0,0.0
16,19,19,0.16807631600000725,0.2388157420524244,0.11375479653137172,0,0.0,0.0
17,0,0,0.18691725822032357,0.06626764029247711,0.0035619445867739875,12,0.0012,0.00043599843544253543
17,0,1,0.18691725822032357,0.06626764029247711,0.009361568373331762,8,0.0008,0.0005056726966510169
17,0,2,0.18691725822032357,0.06626764029247711,0.015161192159889538,0,0.0,0.0003400382782836502
17,0,3,0.18691725822032357,0.06626764029247711,0.020960815946447314,0,0.0,0.00017147015996880956
17,0,4,0.18691725822032357,0.06626764029247711,0.026760439733005088,0,0.0,7.672619525029801e-05
17,0,5,0.18691725822032357,0.06626764029247711,0.032560063519562865,0,0.0,2.7289805838746015e-05
17,0,6,0.18691725822032357,0.06626764029247711,0.03835968730612063,0,0.0,9.613870522173844e-06
17,0,7,0.18691725822032357,0.06626764029247711,0.04415931109267841,0,0.0,3.937731573544895e-06
17,0,8,0.18691725822032357,0.06626764029247711,0.04995893487923618,0,0.0,1.099023696157909e-06
17,0,9,0.18691725822032357,0.06626764029247711,0.05575855866579396,0,0.0,1.818346905735402e-07
17,0,10,0.18691725822032357,0.06626764029247711,0.061558182452351735,0,0.0,2.2863562951513695e-08
17,0,11,0.18691725822032357,0.06626764029247711,0.06735780623890952,0,0.0,2.656981283403194e-09
17,0,12,0.18691725822032357,0.06626764029247711,0.07315743002546729,0,0.0,2.2794372455691757e-10
17,0,13,0.18691725822032357,0.06626764029247711,0.07895705381202506,0,0.0,1.1018217958710784e-11
17,0,14,0.18691725822032357,0.06626764029247711,0.08475667759858284,0,0.0,2.2143725950452922e-13
17,0,15,0.18691725822032357,0.06626764029247711,0.09055630138514062,0,0.0,0.0
17,0,16,0.18691725822032357,0.06626764029247711,0.09635592517169839,0,0.0,0.0
17,0,17,0.18691725822032357,0.06626764029247711,0.10215554895825617,0,0.0,0.0
17,0,18,0.18691725822032357,0.06626764029247711,0.10795517274481395,0,0.0,0.0
17,0,19,0.18691725822032357,0.06626764029247711,0.11375479653137172,0,0.0,0.0
17,1,0,0.18691725822032357,0.07534911933247435,0.0035619445867739875,11,0.0011,0.0005672326259607167
17,1,1,0.18691725822032357,0.07534911933247435,0.009361568373331762,12,0.0012,0.0006730350657195575
17,1,2,0.18691725822032357,0.07534911933247435,0.015161192159889538,4,0.0004,0.0004890406582000836
17,1,3,0.18691725822032357,0.07534911933247435,0.020960815946447314,4,0.0004,0.0002831537929295529
17,1,4,0.18691725822032357,0.07534911933247435,0.026760439733005088,2,0.0002,0.00014877074170476965
17,1,5,0.18691725822032357,0.07534911933247435,0.032560063519562865,0,0.0,6.304539284545528e-05
17,1,6,0.18691725822032357,0.07534911933247435,0.03835968730612063,1,0.0001,2.483886183817565e-05
17,1,7,0.18691725822032357,0.07534911933247435,0.04415931109267841,0,0.0,1.116439945169606e-05
17,1,8,0.18691725822032357,0.07534911933247435,0.04995893487923618,0,0.0,4.1419609103664275e-06
17,1,9,0.18691725822032357,0.07534911933247435,0.05575855866579396,0,0.0,1.0905438406105617e-06
17,1,10,0.18691725822032357,0.07534911933247435,0.061558182452351735,0,0.0,2.2837352855171564e-07
17,1,11,0.18691725822032357,0.07534911933247435,0.06735780623890952,0,0.0,3.974272641559706e-08
17,1,12,0.18691725822032357,0.07534911933247435,0.07315743002546729,0,0.0,4.716652826255621e-09
17,1,13,0.18691725822032357,0.07534911933247435,0.07895705381202506,0,0.0,2.923858825942749e-10
17,1,14,0.18691725822032357,0.07534911933247435,0.08475667759858284,0,0.0,7.464085788236664e-12
17,1,15,0.18691725822032357,0.07534911933247435,0.09055630138514062,0,0.0,2.7444404449594257e-16
17,1,16,0.18691725822032357,0.07534911933247435,0.09635592517169839,0,0.0,0.0
17,1,17,0.18691725822032357,0.07534911933247435,0.10215554895825617,0,0.0,0.0
17,1,18,0.18691725822032357,0.07534911933247435,0.10795517274481395,0,0.0,0.0
17,1,19,0.18691725822032357,0.07534911933247435,0.11375479653137172,0,0.0,0.0
17,2,0,0.18691725822032357,0.08443059837247156,0.0035619445867739875,0,0.0,0.000394718370845573
17,2,1,0.18691725822032357,0.08443059837247156,0.009361568373331762,1,0.0001,0.0004884459270853308
17,2,2,0.18691725822032357,0.08443059837247156,0.015161192159889538,1,0.0001,0.00039304846777169823
17,2,3,0.18691725822032357,0.08443059837247156,0.020960815946447314,1,0.0001,0.00026545972326572623
17,2,4,0.18691725822032357,0.08443059837247156,0.026760439733005088,1,0.0001,0.00016631079799801492
17,2,5,0.18691725822032357,0.08443059837247156,0.032560063519562865,0,0.0,8.705501349983912e-05
17,2,6,0.18691725822032357,0.08443059837247156,0.03835968730612063,0,0.0,4.17380783174736e-05
17,2,7,0.18691725822032357,0.08443059837247156,0.04415931109267841,0,0.0,2.1663473105871346e-05
17,2,8,0.18691725822032357,0.08443059837247156,0.04995893487923618,0,0.0,1.0228586262981e-05
17,2,9,0.18691725822032357,0.08443059837247156,0.05575855866579396,0,0.0,3.7792879237189653e-06
17,2,10,0.18691725822032357,0.08443059837247156,0.061558182452351735,0,0.0,1.1430566677643254e-06
17,2,11,0.18691725822032357,0.08443059837247156,0.06735780623890952,0,0.0,2.8883754711262693e-07
17,2,12,0.18691725822032357,0.08443059837247156,0.07315743002546729,0,0.0,4.56877723352502e-08
17,2,13,0.18691725822032357,0.08443059837247156,0.07895705381202506,0,0.0,3.3254539674091827e-09
17,2,14,0.18691725822032357,0.08443059837247156,0.08475667759858284,0,0.0,9.796744762028494e-11
17,2,15,0.18691725822032357,0.08443059837247156,0.09055630138514062,0,0.0,4.301341902659356e-13
17,2,16,0.18691725822032357,0.08443059837247156,0.09635592517169839,0,0.0,1.8451121186205145e-14
17,2,17,0.18691725822032357,0.08443059837247156,0.10215554895825617,0,0.0,2.7444404449594257e-16
17,2,18,0.18691725822032357,0.08443059837247156,0.10795517274481395,0,0.0,0.0
17,2,19,0.18691725822032357,0.08443059837247156,0.11375479653137172,0,0.0,0.0
17,3,0,0.18691725822032357,0.09351207741246878,0.0035619445867739875,0,0.0,0.00015737450766084934
17,3,1,0.18691725822032357,0.09351207741246878,0.009361568373331762,0,0.0,0.00021614947727152933
17,3,2,0.18691725822032357,0.09351207741246878,0.015161192159889538,0,0.0,0.00021011565617011196
17,3,3,0.18691725822032357,0.09351207741246878,0.020960815946447314,0,0.0,0.00017524726045681303
17,3,4,0.18691725822032357,0.09351207741246878,0.026760439733005088,0,0.0,0.00013205980218440057
17,3,5,0.18691725822032357,0.09351207741246878,0.032560063519562865,0,0.0,8.727896479002623e-05
17,3,6,0.18691725822032357,0.09351207741246878,0.03835968730612063,1,0.0001,5.236782400377083e-05
17,3,7,0.18691725822032357,0.09351207741246878,0.04415931109267841,0,0.0,2.9479094243742083e-05
17,3,8,0.18691725822032357,0.09351207741246878,0.04995893487923618,0,0.0,1.524434956049355e-05
17,3,9,0.18691725822032357,0.09351207741246878,0.05575855866579396,0,0.0,6.940417866921442e-06
17,3,10,0.18691725822032357,0.09351207741246878,0.061558182452351735,0,0.0,2.9521099646863265e-06
17,3,11,0.18691725822032357,0.09351207741246878,0.06735780623890952,0,0.0,1.045121895346998e-06
17,3,12,0.18691725822032357,0.09351207741246878,0.07315743002546729,0,0.0,1.9814426647111146e-07
17,3,13,0.18691725822032357,0.09351207741246878,0.07895705381202506,0,0.0,1.5962294140745435e-08
17,3,14,0.18691725822032357,0.09351207741246878,0.08475667759858284,0,0.0,5.995625509496587e-10
17,3,15,0.18691725822032357,0.09351207741246878,0.09055630138514062,0,0.0,1.446552537304714e-11
17,3,16,0.18691725822032357,0.09351207741246878,0.09635592517169839,0,0.0,6.291938943674956e-13
17,3,17,0.18691725822032357,0.09351207741246878,0.10215554895825617,0,0.0,9.362782615350544e-15
17,3,18,0.18691725822032357,0.09351207741246878,0.10795517274481395,0,0.0,0.0
17,3,19,0.18691725822032357,0.09351207741246878,0.11375479653137172,0,0.0,0.0
17,4,0,0.18691725822032357,0.10259355645246601,0.0035619445867739875,0,0.0,3.9564595427698916e-05
17,4,1,0.18691725822032357,0.10259355645246601,0.009361568373331762,0,0.0,6.768249910885625e-05
17,4,2,0.18691725822032357,0.10259355645246601,0.015161192159889538,0,0.0,8.769366337428118e-05
17,4,3,0.18691725822032357,0.10259355645246601,0.020960815946447314,0,0.0,9.223063534850391e-05
17,4,4,0.18691725822032357,0.10259355645246601,0.026760439733005088,0,0.0,8.310941899454028e-05
17,4,5,0.18691725822032357,0.10259355645246601,0.032560063519562865,1,0.0001,6.727674573093075e-05
17,4,6,0.18691725822032357,0.10259355645246601,0.03835968730612063,0,0.0,4.671680813582217e-05
17,4,7,0.18691725822032357,0.10259355645246601,0.04415931109267841,0,0.0,2.77373519951821e-05
17,4,8,0.18691725822032357,0.10259355645246601,0.04995893487923618,0,0.0,1.5185980938512533e-05
17,4,9,0.18691725822032357,0.10259355645246601,0.05575855866579396,0,0.0,7.963051335934466e-06
17,4,10,0.18691725822032357,0.10259355645246601,0.061558182452351735,0,0.0,4.384373807197408e-06
17,4,11,0.18691725822032357,0.10259355645246601,0.06735780623890952,0,0.0,1.8657511596767187e-06
17,4,12,0.18691725822032357,0.10259355645246601,0.07315743002546729,0,0.0,3.8789288381450195e-07
17,4,13,0.18691725822032357,0.10259355645246601,0.07895705381202506,0,0.0,3.774589829838308e-08
17,4,14,0.18691725822032357,0.10259355645246601,0.08475667759858284,0,0.0,2.766858106905547e-09
17,4,15,0.18691725822032357,0.10259355645246601,0.09055630138514062,0,0.0,1.8399129732362797e-10
17,4,16,0.18691725822032357,0.10259355645246601,0.09635592517169839,0,0.0,8.045642437393917e-12
17,4,17,0.18691725822032357,0.10259355645246601,0.10215554895825617,0,0.0,1.1980696832311923e-13
17,4,18,0.18691725822032357,0.10259355645246601,0.10795517274481395,0,0.0,0.0
17,4,19,0.18691725822032357,0.10259355645246601,0.11375479653137172,0,0.0,0.0
17,5,0,0.18691725822032357,0.11167503549246324,0.0035619445867739875,0,0.0,6.763349212395971e-06
17,5,1,0.18691725822032357,0.11167503549246324,0.009361568373331762,0,0.0,1.5674442468042934e-05
17,5,2,0.18691725822032357,0.11167503549246324,0.015161192159889538,0,0.0,2.6753685170657047e-05
17,5,3,0.18691725822032357,0.11167503549246324,0.020960815946447314,0,0.0,3.438147719408025e-05
17,5,4,0.18691725822032357,0.11167503549246324,0.026760439733005088,0,0.0,3.70436798785057e-05
17,5,5,0.18691725822032357,0.11167503549246324,0.032560063519562865,0,0.0,3.543973120488933e-05
17,5,6,0.18691725822032357,0.11167503549246324,0.03835968730612063,0,0.0,2.923614758946088e-05
17,5,7,0.18691725822032357,0.11167503549246324,0.04415931109267841,0,0.0,2.11462388279113e-05
17,5,8,0.18691725822032357,0.11167503549246324,0.04995893487923618,0,0.0,1.2942534227821187e-05
17,5,9,0.18691725822032357,0.11167503549246324,0.05575855866579396,0,0.0,6.92315824853181e-06
17,5,10,0.18691725822032357,0.11167503549246324,0.061558182452351735,0,0.0,3.895700057418396e-06
17,5,11,0.18691725822032357,0.11167503549246324,0.06735780623890952,0,0.0,1.6974531510867614e-06
17,5,12,0.18691725822032357,0.11167503549246324,0.07315743002546729,0,0.0,3.981740505341999e-07
17,5,13,0.18691725822032357,0.11167503549246324,0.07895705381202506,0,0.0,6.603405943390808e-08
17,5,14,0.18691725822032357,0.11167503549246324,0.08475667759858284,0,0.0,1.0234772735428335e-08
17,5,15,0.18691725822032357,0.11167503549246324,0.09055630138514062,0,0.0,9.281716683221422e-10
17,5,16,0.18691725822032357,0.11167503549246324,0.09635592517169839,0,0.0,4.069340462791449e-11
17,5,17,0.18691725822032357,0.11167503549246324,0.10215554895825617,0,0.0,6.069251025957958e-13
17,5,18,0.18691725822032357,0.11167503549246324,0.10795517274481395,0,0.0,0.0
17,5,19,0.18691725822032357,0.11167503549246324,0.11375479653137172,0,0.0,0.0
17,6,0,0.18691725822032357,0.12075651453246046,0.0035619445867739875,0,0.0,7.918260056296511e-07
17,6,1,0.18691725822032357,0.12075651453246046,0.009361568373331762,0,0.0,2.401188765503515e-06
17,6,2,0.18691725822032357,0.12075651453246046,0.015161192159889538,0,0.0,5.014659521079512e-06
17,6,3,0.18691725822032357,0.12075651453246046,0.020960815946447314,0,0.0,7.8706579693963e-06
17,6,4,0.18691725822032357,0.12075651453246046,0.026760439733005088,0,0.0,1.0409172638826393e-05
17,6,5,0.18691725822032357,0.12075651453246046,0.032560063519562865,0,0.0,1.1873968201594881e-05
17,6,6,0.18691725822032357,0.12075651453246046,0.03835968730612063,0,0.0,1.2319656863255722e-05
17,6,7,0.18691725822032357,0.12075651453246046,0.04415931109267841,0,0.0,1.1185986683468606e-05
17,6,8,0.18691725822032357,0.12075651453246046,0.04995893487923618,0,0.0,7.3608161563871335e-06
17,6,9,0.18691725822032357,0.12075651453246046,0.05575855866579396,0,0.0,3.7606786159380834e-06
17,6,10,0.18691725822032357,0.12075651453246046,0.061558182452351735,0,0.0,1.9748888922315533e-06
17,6,11,0.18691725822032357,0.12075651453246046,0.06735780623890952,0,0.0,8.710213950959075e-07
17,6,12,0.18691725822032357,0.12075651453246046,0.07315743002546729,0,0.0,2.908211881156439e-07
17,6,13,0.18691725822032357,0.12075651453246046,0.07895705381202506,0,0.0,9.669847110947785e-08
17,6,14,0.18691725822032357,0.12075651453246046,0.08475667759858284,0,0.0,2.0664835048799835e-08
17,6,15,0.18691725822032357,0.12075651453246046,0.09055630138514062,0,0.0,1.999956651203681e-09
17,6,16,0.18691725822032357,0.12075651453246046,0.09635592517169839,0,0.0,8.786622029597731e-11
17,6,17,0.18691725822032357,0.12075651453246046,0.10215554895825617,0,0.0,1.3143126392797465e-12
17,6,18,0.18691725822032357,0.12075651453246046,0.10795517274481395,0,0.0,0.0
17,6,19,0.18691725822032357,0.12075651453246046,0.11375479653137172,0,0.0,0.0
17,7,0,0.18691725822032357,0.12983799357245768,0.0035619445867739875,0,0.0,6.328998145322368e-08
17,7,1,0.18691725822032357,0.12983799357245768,0.009361568373331762,0,0.0,2.329117850839559e-07
17,7,2,0.18691725822032357,0.12983799357245768,0.015161192159889538,0,0.0,5.726327885435929e-07
17,7,3,0.18691725822032357,0.12983799357245768,0.020960815946447314,0,0.0,1.1342095510913372e-06
17,7,4,0.18691725822032357,0.12983799357245768,0.026760439733005088,0,0.0,1.9198703835849744e-06
17,7,5,0.18691725822032357,0.12983799357245768,0.032560063519562865,0,0.0,2.6106644639878257e-06
17,7,6,0.18691725822032357,0.12983799357245768,0.03835968730612063,0,0.0,3.1509400212920146e-06
17,7,7,0.18691725822032357,0.12983799357245768,0.04415931109267841,0,0.0,3.227474058190425e-06
17,7,8,0.18691725822032357,0.12983799357245768,0.04995893487923618,0,0.0,2.1760138191765728e-06
17,7,9,0.18691725822032357,0.12983799357245768,0.05575855866579396,0,0.0,1.1140509683814902e-06
17,7,10,0.18691725822032357,0.12983799357245768,0.061558182452351735,0,0.0,6.116910929954974e-07
17,7,11,0.18691725822032357,0.12983799357245768,0.06735780623890952,0,0.0,3.1726964755640607e-07
17,7,12,0.18691725822032357,0.12983799357245768,0.07315743002546729,0,0.0,1.7985471974898786e-07
17,7,13,0.18691725822032357,0.12983799357245768,0.07895705381202506,0,0.0,8.726172080844309e-08
17,7,14,0.18691725822032357,0.12983799357245768,0.08475667759858284,0,0.0,2.0258178411955856e-08
17,7,15,0.18691725822032357,0.12983799357245768,0.09055630138514062,0,0.0,1.9885894098283105e-09
17,7,16,0.18691725822032357,0.12983799357245768,0.09635592517169839,0,0.0,8.754432060238463e-11
17,7,17,0.18691725822032357,0.12983799357245768,0.10215554895825617,0,0.0,1.3143126392797465e-12
17,7,18,0.18691725822032357,0.12983799357245768,0.10795517274481395,0,0.0,0.0
17,7,19,0.18691725822032357,0.12983799357245768,0.11375479653137172,0,0.0,0.0
17,8,0,0.18691725822032357,0.1389194726124549,0.0035619445867739875,0,0.0,4.0571496628200505e-09
17,8,1,0.18691725822032357,0.1389194726124549,0.009361568373331762,0,0.0,1.771624627973653e-08
17,8,2,0.18691725822032357,0.1389194726124549,0.015161192159889538,0,0.0,4.883504302564719e-08
17,8,3,0.18691725822032357,0.1389194726124549,0.020960815946447314,0,0.0,1.1359126286367766e-07
17,8,4,0.18691725822032357,0.1389194726124549,0.026760439733005088,0,0.0,2.333503245214567e-07
17,8,5,0.18691725822032357,0.1389194726124549,0.032560063519562865,0,0.0,3.5390574777379647e-07
17,8,6,0.18691725822032357,0.1389194726124549,0.03835968730612063,0,0.0,4.430903009531607e-07
17,8,7,0.18691725822032357,0.1389194726124549,0.04415931109267841,0,0.0,4.7548531168181077e-07
17,8,8,0.18691725822032357,0.1389194726124549,0.04995893487923618,0,0.0,3.3934657234602607e-07
17,8,9,0.18691725822032357,0.1389194726124549,0.05575855866579396,0,0.0,2.108515249263079e-07
17,8,10,0.18691725822032357,0.1389194726124549,0.061558182452351735,0,0.0,1.4648008827924527e-07
17,8,11,0.18691725822032357,0.1389194726124549,0.06735780623890952,0,0.0,9.542382232577661e-08
17,8,12,0.18691725822032357,0.1389194726124549,0.07315743002546729,0,0.0,7.282302715045503e-08
17,8,13,0.18691725822032357,0.1389194726124549,0.07895705381202506,0,0.0,3.92718635643634e-08
17,8,14,0.18691725822032357,0.1389194726124549,0.08475667759858284,0,0.0,9.279908504912199e-09
17,8,15,0.18691725822032357,0.1389194726124549,0.09055630138514062,0,0.0,9.142115585026367e-10
17,8,16,0.18691725822032357,0.1389194726124549,0.09635592517169839,0,0.0,4.030791678482322e-11
17,8,17,0.18691725822032357,0.1389194726124549,0.10215554895825617,0,0.0,6.069251025957958e-13
17,8,18,0.18691725822032357,0.1389194726124549,0.10795517274481395,0,0.0,0.0
17,8,19,0.18691725822032357,0.1389194726124549,0.11375479653137172,0,0.0,0.0
17,9,0,0.18691725822032357,0.14800095165245214,0.0035619445867739875,0,0.0,2.095379420838452e-10
17,9,1,0.18691725822032357,0.14800095165245214,0.009361568373331762,0,0.0,1.1173805460786263e-09
17,9,2,0.18691725822032357,0.14800095165245214,0.015161192159889538,0,0.0,3.4791542842570093e-09
17,9,3,0.18691725822032357,0.14800095165245214,0.020960815946447314,0,0.0,8.053668019717204e-09
17,9,4,0.18691725822032357,0.14800095165245214,0.026760439733005088,0,0.0,1.637980454276655e-08
17,9,5,0.18691725822032357,0.14800095165245214,0.032560063519562865,0,0.0,2.513013920808302e-08
17,9,6,0.18691725822032357,0.14800095165245214,0.03835968730612063,0,0.0,3.1509958574374685e-08
17,9,7,0.18691725822032357,0.14800095165245214,0.04415931109267841,0,0.0,3.5650309387946854e-08
17,9,8,0.18691725822032357,0.14800095165245214,0.04995893487923618,0,0.0,3.0667912906029254e-08
17,9,9,0.18691725822032357,0.14800095165245214,0.05575855866579396,0,0.0,2.7476416145234563e-08
17,9,10,0.18691725822032357,0.14800095165245214,0.061558182452351735,0,0.0,2.351874453595014e-08
17,9,11,0.18691725822032357,0.14800095165245214,0.06735780623890952,0,0.0,1.696358479225909e-08
17,9,12,0.18691725822032357,0.14800095165245214,0.07315743002546729,0,0.0,1.3984376849893393e-08
17,9,13,0.18691725822032357,0.14800095165245214,0.07895705381202506,0,0.0,7.698548241779442e-09
17,9,14,0.18691725822032357,0.14800095165245214,0.08475667759858284,0,0.0,1.8255100779659577e-09
17,9,15,0.18691725822032357,0.14800095165245214,0.09055630138514062,0,0.0,1.800282019784817e-10
17,9,16,0.18691725822032357,0.14800095165245214,0.09635592517169839,0,0.0,7.944012146212508e-12
17,9,17,0.18691725822032357,0.14800095165245214,0.10215554895825617,0,0.0,1.1980696832311923e-13
17,9,18,0.18691725822032357,0.14800095165245214,0.10795517274481395,0,0.0,0.0
17,9,19,0.18691725822032357,0.14800095165245214,0.11375479653137172,0,0.0,0.0
17,10,0,0.18691725822032357,0.15708243069244937,0.0035619445867739875,0,0.0,8.555949556568018e-12
17,10,1,0.18691725822032357,0.15708243069244937,0.009361568373331762,0,0.0,6.920881668639695e-11
17,10,2,0.18691725822032357,0.15708243069244937,0.015161192159889538,0,0.0,2.713295587572622e-10
17,10,3,0.18691725822032357,0.15708243069244937,0.020960815946447314,0,0.0,5.242313399340961e-10
17,10,4,0.18691725822032357,0.15708243069244937,0.026760439733005088,0,0.0,6.913994914387098e-10
17,10,5,0.18691725822032357,0.15708243069244937,0.032560063519562865,0,0.0,8.773588652411705e-10
17,10,6,0.18691725822032357,0.15708243069244937,0.03835968730612063,0,0.0,1.1676120525052007e-09
17,10,7,0.18691725822032357,0.15708243069244937,0.04415931109267841,0,0.0,1.5725000891988808e-09
17,10,8,0.18691725822032357,0.15708243069244937,0.04995893487923618,0,0.0,1.7830373041921592e-09
17,10,9,0.18691725822032357,0.15708243069244937,0.05575855866579396,0,0.0,1.9739311267675865e-09
17,10,10,0.18691725822032357,0.15708243069244937,0.061558182452351735,0,0.0,1.7671860739925182e-09
17,10,11,0.18691725822032357,0.15708243069244937,0.06735780623890952,0,0.0,1.2975740440158559e-09
17,10,12,0.18691725822032357,0.15708243069244937,0.07315743002546729,0,0.0,1.0861523888786069e-09
17,10,13,0.18691725822032357,0.15708243069244937,0.07895705381202506,0,0.0,6.003217072068814e-10
17,10,14,0.18691725822032357,0.15708243069244937,0.08475667759858284,0,0.0,1.4246111150392822e-10
17,10,15,0.18691725822032357,0.15708243069244937,0.09055630138514062,0,0.0,1.4054116748011905e-11
17,10,16,0.18691725822032357,0.15708243069244937,0.09635592517169839,0,0.0,6.20379999841137e-13
17,10,17,0.18691725822032357,0.15708243069244937,0.10215554895825617,0,0.0,9.362782615350544e-15
17,10,18,0.18691725822032357,0.15708243069244937,0.10795517274481395,0,0.0,0.0
17,10,19,0.18691725822032357,0.15708243069244937,0.11375479653137172,0,0.0,0.0
17,11,0,0.18691725822032357,0.1661639097324466,0.0035619445867739875,0,0.0,3.015133274164578e-13
17,11,1,0.18691725822032357,0.1661639097324466,0.009361568373331762,0,0.0,3.685771917813054e-12
17,11,2,0.18691725822032357,0.1661639097324466,0.015161192159889538,0,0.0,1.6690715558963556e-11
17,11,3,0.18691725822032357,0.1661639097324466,0.020960815946447314,0,0.0,2.8563870714752467e-11
17,11,4,0.18691725822032357,0.1661639097324466,0.026760439733005088,0,0.0,2.0704985731103638e-11
17,11,5,0.18691725822032357,0.1661639097324466,0.032560063519562865,0,0.0,1.352567448778603e-11
17,11,6,0.18691725822032357,0.1661639097324466,0.03835968730612063,0,0.0,2.609747890395647e-11
17,11,7,0.18691725822032357,0.1661639097324466,0.04415931109267841,0,0.0,5.1389692340860845e-11
17,11,8,0.18691725822032357,0.1661639097324466,0.04995893487923618,0,0.0,6.685086515057012e-11
17,11,9,0.18691725822032357,0.1661639097324466,0.05575855866579396,0,0.0,6.686590850513114e-11
17,11,10,0.18691725822032357,0.1661639097324466,0.061558182452351735,0,0.0,5.353087250758042e-11
17,11,11,0.18691725822032357,0.1661639097324466,0.06735780623890952,0,0.0,3.807305479485372e-11
17,11,12,0.18691725822032357,0.1661639097324466,0.07315743002546729,0,0.0,3.179578665312802e-11
17,11,13,0.18691725822032357,0.1661639097324466,0.07895705381202506,0,0.0,1.7578711678562863e-11
17,11,14,0.18691725822032357,0.1661639097324466,0.08475667759858284,0,0.0,4.172341163996739e-12
17,11,15,0.18691725822032357,0.1661639097324466,0.09055630138514062,0,0.0,4.1168306907973055e-13
17,11,16,0.18691725822032357,0.1661639097324466,0.09635592517169839,0,0.0,1.81766771417092e-14
17,11,17,0.18691725822032357,0.1661639097324466,0.10215554895825617,0,0.0,2.7444404449594257e-16
17,11,18,0.18691725822032357,0.1661639097324466,0.10795517274481395,0,0.0,0.0
17,11,19,0.18691725822032357,0.1661639097324466,0.11375479653137172,0,0.0,0.0
17,12,0,0.18691725822032357,0.17524538877244383,0.0035619445867739875,0,0.0,9.088338570854601e-15
17,12,1,0.18691725822032357,0.17524538877244383,0.009361568373331762,0,0.0,1.1071862975226463e-13
17,12,2,0.18691725822032357,0.17524538877244383,0.015161192159889538,0,0.0,4.962064728435312e-13
17,12,3,0.18691725822032357,0.17524538877244383,0.020960815946447314,0,0.0,8.183806104807113e-13
17,12,4,0.18691725822032357,0.17524538877244383,0.026760439733005088,0,0.0,5.055692554588818e-13
17,12,5,0.18691725822032357,0.17524538877244383,0.032560063519562865,0,0.0,2.305255980753839e-13
17,12,6,0.18691725822032357,0.17524538877244383,0.03835968730612063,0,0.0,6.160134411666504e-13
17,12,7,0.18691725822032357,0.17524538877244383,0.04415931109267841,0,0.0,1.3145870833242427e-12
17,12,8,0.18691725822032357,0.17524538877244383,0.04995893487923618,0,0.0,1.3143126392797467e-12
17,12,9,0.18691725822032357,0.17524538877244383,0.05575855866579396,0,0.0,6.069251025957959e-13
17,12,10,0.18691725822032357,0.17524538877244383,0.061558182452351735,0,0.0,1.1980696832311923e-13
17,12,11,0.18691725822032357,0.17524538877244383,0.06735780623890952,0,0.0,9.362782615350545e-15
17,12,12,0.18691725822032357,0.17524538877244383,0.07315743002546729,0,0.0,2.7444404449594257e-16
17,12,13,0.18691725822032357,0.17524538877244383,0.07895705381202506,0,0.0,0.0
17,12,14,0.18691725822032357,0.17524538877244383,0.08475667759858284,0,0.0,0.0
17,12,15,0.18691725822032357,0.17524538877244383,0.09055630138514062,0,0.0,0.0
17,12,16,0.18691725822032357,0.17524538877244383,0.09635592517169839,0,0.0,0.0
17,12,17,0.18691725822032357,0.17524538877244383,0.10215554895825617,0,0.0,0.0
17,12,18,0.18691725822032357,0.17524538877244383,0.10795517274481395,0,0.0,0.0
17,12,19,0.18691725822032357,0.17524538877244383,0.11375479653137172,0,0.0,0.0
17,13,0,0.18691725822032357,0.18432686781244106,0.0035619445867739875,0,0.0,0.0
17,13,1,0.18691725822032357,0.18432686781244106,0.009361568373331762,0,0.0,0.0
17,13,2,0.18691725822032357,0.18432686781244106,0.015161192159889538,0,0.0,0.0
17,13,3,0.18691725822032357,0.18432686781244106,0.020960815946447314,0,0.0,0.0
17,13,4,0.18691725822032357,0.18432686781244106,0.026760439733005088,0,0.0,0.0
17,13,5,0.18691725822032357,0.18432686781244106,0.032560063519562865,0,0.0,0.0
17,13,6,0.18691725822032357,0.18432686781244106,0.03835968730612063,0,0.0,0.0
17,13,7,0.18691725822032357,0.18432686781244106,0.04415931109267841,0,0.0,0.0
17,13,8,0.18691725822032357,0.18432686781244106,0.04995893487923618,0,0.0,0.0
17,13,9,0.18691725822032357,0.18432686781244106,0.05575855866579396,0,0.0,0.0
17,13,10,0.18691725822032357,0.18432686781244106,0.061558182452351735,0,0.0,0.0
17,13,11,0.18691725822032357,0.18432686781244106,0.06735780623890952,0,0.0,0.0
17,13,12,0.18691725822032357,0.18432686781244106,0.07315743002546729,0,0.0,0.0
17,13,13,0.18691725822032357,0.18432686781244106,0.07895705381202506,0,0.0,0.0
17,13,14,0.18691725822032357,0.18432686781244106,0.08475667759858284,0,0.0,0.0
17,13,15,0.18691725822032357,0.18432686781244106,0.09055630138514062,0,0.0,0.0
17,13,16,0.18691725822032357,0.18432686781244106,0.09635592517169839,0,0.0,0.0
17,13,17,0.18691725822032357,0.18432686781244106,0.10215554895825617,0,0.0,0.0
17,13,18,0.18691725822032357,0.18432686781244106,0.10795517274481395,0,0.0,0.0
17,13,19,0.18691725822032357,0.18432686781244106,0.11375479653137172,0,0.0,0.0
17,14,0,0.18691725822032357,0.19340834685243827,0.0035619445867739875,0,0.0,0.0
17,14,1,0.18691725822032357,0.19340834685243827,0.009361568373331762,0,0.0,0.0
17,14,2,0.18691725822032357,0.19340834685243827,0.015161192159889538,0,0.0,0.0
17,14,3,0.18691725822032357,0.19340834685243827,0.020960815946447314,0,0.0,0.0
17,14,4,0.18691725822032357,0.19340834685243827,0.026760439733005088,0,0.0,0.0
17,14,5,0.18691725822032357,0.19340834685243827,0.032560063519562865,0,0.0,0.0
17,14,6,0.18691725822032357,0.19340834685243827,0.03835968730612063,0,0.0,0.0
17,14,7,0.18691725822032357,0.19340834685243827,0.04415931109267841,0,0.0,0.0
17,14,8,0.18691725822032357,0.19340834685243827,0.04995893487923618,0,0.0,0.0
17,14,9,0.18691725822032357,0.19340834685243827,0.05575855866579396,0,0.0,0.0
17,14,10,0.18691725822032357,0.19340834685243827,0.061558182452351735,0,0.0,0.0
17,14,11,0.18691725822032357,0.19340834685243827,0.06735780623890952,0,0.0,0.0
17,14,12,0.18691725822032357,0.19340834685243827,0.07315743002546729,0,0.0,0.0
17,14,13,0.18691725822032357,0.19340834685243827,0.07895705381202506,0,0.0,0.0
17,14,14,0.18691725822032357,0.19340834685243827,0.08475667759858284,0,0.0,0.0
17,14,15,0.18691725822032357,0.19340834685243827,0.09055630138514062,0,0.0,0.0
17,14,16,0.18691725822032357,0.19340834685243827,0.09635592517169839,0,0.0,0.0
17,14,17,0.18691725822032357,0.19340834685243827,0.10215554895825617,0,0.0,0.0
17,14,18,0.18691725822032357,0.19340834685243827,0.10795517274481395,0,0.0,0.0
17,14,19,0.18691725822032357,0.19340834685243827,0.11375479653137172,0,0.0,0.0
17,15,0,0.18691725822032357,0.2024898258924355,0.0035619445867739875,0,0.0,0.0
17,15,1,0.18691725822032357,0.2024898258924355,0.009361568373331762,0,0.0,0.0
17,15,2,0.18691725822032357,0.2024898258924355,0.015161192159889538,0,0.0,0.0
17,15,3,0.18691725822032357,0.2024898258924355,0.020960815946447314,0,0.0,0.0
17,15,4,0.18691725822032357,0.2024898258924355,0.026760439733005088,0,0.0,0.0
17,15,5,0.18691725822032357,0.2024898258924355,0.032560063519562865,0,0.0,0.0
17,15,6,0.18691725822032357,0.2024898258924355,0.03835968730612063,0,0.0,0.0
17,15,7,0.18691725822032357,0.2024898258924355,0.04415931109267841,0,0.0,0.0
17,15,8,0.18691725822032357,0.2024898258924355,0.04995893487923618,0,0.0,0.0
17,15,9,0.18691725822032357,0.2024898258924355,0.05575855866579396,0,0.0,0.0
17,15,10,0.18691725822032357,0.2024898258924355,0.061558182452351735,0,0.0,0.0
17,15,11,0.18691725822032357,0.2024898258924355,0.06735780623890952,0,0.0,0.0
17,15,12,0.18691725822032357,0.2024898258924355,0.07315743002546729,0,0.0,0.0
17,15,13,0.18691725822032357,0.2024898258924355,0.07895705381202506,0,0.0,0.0
17,15,14,0.18691725822032357,0.2024898258924355,0.08475667759858284,0,0.0,0.0
17,15,15,0.18691725822032357,0.2024898258924355,0.09055630138514062,0,0.0,0.0
17,15,16,0.18691725822032357,0.2024898258924355,0.09635592517169839,0,0.0,0.0
17,15,17,0.18691725822032357,0.2024898258924355,0.10215554895825617,0,0.0,0.0
17,15,18,0.18691725822032357,0.2024898258924355,0.10795517274481395,0,0.0,0.0
17,15,19,0.18691725822032357,0.2024898258924355,0.11375479653137172,0,0.0,0.0
17,16,0,0.18691725822032357,0.21157130493243273,0.0035619445867739875,0,0.0,0.0
17,16,1,0.18691725822032357,0.21157130493243273,0.009361568373331762,0,0.0,0.0
17,16,2,0.18691725822032357,0.21157130493243273,0.015161192159889538,0,0.0,0.0
17,16,3,0.18691725822032357,0.21157130493243273,0.020960815946447314,0,0.0,0.0
17,16,4,0.18691725822032357,0.21157130493243273,0.026760439733005088,0,0.0,0.0
17,16,5,0.18691725822032357,0.21157130493243273,0.032560063519562865,0,0.0,0.0
17,16,6,0.18691725822032357,0.21157130493243273,0.03835968730612063,0,0.0,0.0
17,16,7,0.18691725822032357,0.21157130493243273,0.04415931109267841,0,0.0,0.0
17,16,8,0.18691725822032357,0.21157130493243273,0.04995893487923618,0,0.0,0.0
17,16,9,0.18691725822032357,0.21157130493243273,0.05575855866579396,0,0.0,0.0
17,16,10,0.18691725822032357,0.21157130493243273,0.061558182452351735,0,0.0,0.0
17,16,11,0.18691725822032357,0.21157130493243273,0.06735780623890952,0,0.0,0.0
17,16,12,0.18691725822032357,0.21157130493243273,0.07315743002546729,0,0.0,0.0
17,16,13,0.18691725822032357,0.21157130493243273,0.07895705381202506,0,0.0,0.0
17,16,14,0.18691725822032357,0.21157130493243273,0.08475667759858284,0,0.0,0.0
17,16,15,0.18691725822032357,0.21157130493243273,0.09055630138514062,0,0.0,0.0
17,16,16,0.18691725822032357,0.21157130493243273,0.09635592517169839,0,0.0,0.0
17,16,17,0.18691725822032357,0.21157130493243273,0.10215554895825617,0,0.0,0.0
17,16,18,0.18691725822032357,0.21157130493243273,0.10795517274481395,0,0.0,0.0
17,16,19,0.18691725822032357,0.21157130493243273,0.11375479653137172,0,0.0,0.0
17,17,0,0.18691725822032357,0.22065278397242996,0.0035619445867739875,0,0.0,0.0
17,17,1,0.18691725822032357,0.22065278397242996,0.009361568373331762,0,0.0,0.0
17,17,2,0.18691725822032357,0.22065278397242996,0.015161192159889538,0,0.0,0.0
17,17,3,0.18691725822032357,0.22065278397242996,0.020960815946447314,0,0.0,0.0
17,17,4,0.18691725822032357,0.22065278397242996,0.026760439733005088,0,0.0,0.0
17,17,5,0.18691725822032357,0.22065278397242996,0.032560063519562865,0,0.0,0.0
17,17,6,0.18691725822032357,0.22065278397242996,0.03835968730612063,0,0.0,0.0
17,17,7,0.18691725822032357,0.22065278397242996,0.04415931109267841,0,0.0,0.0
17,17,8,0.18691725822032357,0.22065278397242996,0.04995893487923618,0,0.0,0.0
17,17,9,0.18691725822032357,0.22065278397242996,0.05575855866579396,0,0.0,0.0
17,17,10,0.18691725822032357,0.22065278397242996,0.061558182452351735,0,0.0,0.0
17,17,11,0.18691725822032357,0.22065278397242996,0.06735780623890952,0,0.0,0.0
17,17,12,0.18691725822032357,0.22065278397242996,0.07315743002546729,0,0.0,0.0
17,17,13,0.18691725822032357,0.22065278397242996,0.07895705381202506,0,0.0,0.0
17,17,14,0.18691725822032357,0.22065278397242996,0.08475667759858284,0,0.0,0.0
17,17,15,0.18691725822032357,0.22065278397242996,0.09055630138514062,0,0.0,0.0
17,17,16,0.18691725822032357,0.22065278397242996,0.09635592517169839,0,0.0,0.0
17,17,17,0.18691725822032357,0.22065278397242996,0.10215554895825617,0,0.0,0.0
17,17,18,0.18691725822032357,0.22065278397242996,0.10795517274481395,0,0.0,0.0
17,17,19,0.18691725822032357,0.22065278397242996,0.11375479653137172,0,0.0,0.0
17,18,0,0.18691725822032357,0.22973426301242716,0.0035619445867739875,0,0.0,0.0
17,18,1,0.18691725822032357,0.22973426301242716,0.009361568373331762,0,0.0,0.0
17,18,2,0.18691725822032357,0.22973426301242716,0.015161192159889538,0,0.0,0.0
17,18,3,0.18691725822032357,0.22973426301242716,0.020960815946447314,0,0.0,0.0
17,18,4,0.18691725822032357,0.22973426301242716,0.026760439733005088,0,0.0,0.0
17,18,5,0.18691725822032357,0.22973426301242716,0.032560063519562865,0,0.0,0.0
17,18,6,0.18691725822032357,0.22973426301242716,0.03835968730612063,0,0.0,0.0
17,18,7,0.18691725822032357,0.22973426301242716,0.04415931109267841,0,0.0,0.0
17,18,8,0.18691725822032357,0.22973426301242716,0.04995893487923618,0,0.0,0.0
17,18,9,0.18691725822032357,0.22973426301242716,0.05575855866579396,0,0.0,0.0
17,18,10,0.18691725822032357,0.22973426301242716,0.061558182452351735,0,0.0,0.0
17,18,11,0.18691725822032357,0.22973426301242716,0.06735780623890952,0,0.0,0.0
17,18,12,0.18691725822032357,0.22973426301242716,0.07315743002546729,0,0.0,0.0
17,18,13,0.18691725822032357,0.22973426301242716,0.07895705381202506,0,0.0,0.0
17,18,14,0.18691725822032357,0.22973426301242716,0.08475667759858284,0,0.0,0.0
17,18,15,0.18691725822032357,0.22973426301242716,0.09055630138514062,0,0.0,0.0
17,18,16,0.18691725822032357,0.22973426301242716,0.09635592517169839,0,0.0,0.0
17,18,17,0.18691725822032357,0.22973426301242716,0.10215554895825617,0,0.0,0.0
17,18,18,0.18691725822032357,0.22973426301242716,0.10795517274481395,0,0.0,0.0
17,18,19,0.18691725822032357,0.22973426301242716,0.11375479653137172,0,0.0,0.0
17,19,0,0.18691725822032357,0.2388157420524244,0.0035619445867739875,0,0.0,0.0
17,19,1,0.18691725822032357,0.2388157420524244,0.009361568373331762,0,0.0,0.0
17,19,2,0.18691725822032357,0.2388157420524244,0.015161192159889538,0,0.0,0.0
17,19,3,0.18691725822032357,0.2388157420524244,0.020960815946447314,0,0.0,0.0
17,19,4,0.18691725822032357,0.2388157420524244,0.026760439733005088,0,0.0,0.0
17,19,5,0.18691725822032357,0.2388157420524244,0.032560063519562865,0,0.0,0.0
17,19,6,0.18691725822032357,0.2388157420524244,0.03835968730612063,0,0.0,0.0
17,19,7,0.18691725822032357,0.2388157420524244,0.04415931109267841,0,0.0,0.0
17,19,8,0.18691725822032357,0.2388157420524244,0.04995893487923618,0,0.0,0.0
17,19,9,0.18691725822032357,0.2388157420524244,0.05575855866579396,0,0.0,0.0
17,19,10,0.18691725822032357,0.2388157420524244,0.061558182452351735,0,0.0,0.0
17,19,11,0.18691725822032357,0.2388157420524244,0.06735780623890952,0,0.0,0.0
17,19,12,0.18691725822032357,0.2388157420524244,0.07315743002546729,0,0.0,0.0
17,19,13,0.18691725822032357,0.2388157420524244,0.07895705381202506,0,0.0,0.0
17,19,14,0.18691725822032357,0.2388157420524244,0.08475667759858284,0,0.0,0.0
17,19,15,0.18691725822032357,0.2388157420524244,0.09055630138514062,0,0.0,0.0
17,19,16,0.18691725822032357,0.2388157420524244,0.09635592517169839,0,0.0,0.0
17,19,17,0.18691725822032357,0.2388157420524244,0.10215554895825617,0,0.0,0.0
17,19,18,0.18691725822032357,0.2388157420524244,0.10795517274481395,0,0.0,0.0
17,19,19,0.18691725822032357,0.2388157420524244,0.11375479653137172,0,0.0,0.0
18,0,0,0.2057582004406399,0.06626764029247711,0.0035619445867739875,1,0.0001,0.00023546356064693756
18,0,1,0.2057582004406399,0.06626764029247711,0.009361568373331762,7,0.0007,0.0002757454445427869
18,0,2,0.2057582004406399,0.06626764029247711,0.015161192159889538,1,0.0001,0.00018674785883463627
18,0,3,0.2057582004406399,0.06626764029247711,0.020960815946447314,1,0.0001,9.407871754320526e-05
18,0,4,0.2057582004406399,0.06626764029247711,0.026760439733005088,0,0.0,4.041588597846323e-05
18,0,5,0.2057582004406399,0.06626764029247711,0.032560063519562865,0,0.0,1.3403742499707856e-05
18,0,6,0.2057582004406399,0.06626764029247711,0.03835968730612063,0,0.0,5.236784768453874e-06
18,0,7,0.2057582004406399,0.06626764029247711,0.04415931109267841,0,0.0,2.8210041949111118e-06
18,0,8,0.2057582004406399,0.06626764029247711,0.04995893487923618,0,0.0,9.923218160697715e-07
18,0,9,0.2057582004406399,0.06626764029247711,0.05575855866579396,0,0.0,1.7283753023343203e-07
18,0,10,0.2057582004406399,0.06626764029247711,0.061558182452351735,0,0.0,1.4062191335340455e-08
18,0,11,0.2057582004406399,0.06626764029247711,0.06735780623890952,0,0.0,6.102841801443816e-10
18,0,12,0.2057582004406399,0.06626764029247711,0.07315743002546729,0,0.0,2.0994154173149595e-11
18,0,13,0.2057582004406399,0.06626764029247711,0.07895705381202506,0,0.0,9.034422060713896e-13
18,0,14,0.2057582004406399,0.06626764029247711,0.08475667759858284,0,0.0,1.81766771417092e-14
18,0,15,0.2057582004406399,0.06626764029247711,0.09055630138514062,0,0.0,0.0
18,0,16,0.2057582004406399,0.06626764029247711,0.09635592517169839,0,0.0,0.0
18,0,17,0.2057582004406399,0.06626764029247711,0.10215554895825617,0,0.0,0.0
18,0,18,0.2057582004406399,0.06626764029247711,0.10795517274481395,0,0.0,0.0
18,0,19,0.2057582004406399,0.06626764029247711,0.11375479653137172,0,0.0,0.0
18,1,0,0.2057582004406399,0.07534911933247435,0.0035619445867739875,3,0.0003,0.0002523590219031119
18,1,1,0.2057582004406399,0.07534911933247435,0.009361568373331762,2,0.0002,0.00030090490066448733
18,1,2,0.2057582004406399,0.07534911933247435,0.015161192159889538,3,0.0003,0.00022300774171730113
18,1,3,0.2057582004406399,0.07534911933247435,0.020960815946447314,2,0.0002,0.00013356836241436822
18,1,4,0.2057582004406399,0.07534911933247435,0.026760439733005088,0,0.0,6.958339914014536e-05
18,1,5,0.2057582004406399,0.07534911933247435,0.032560063519562865,0,0.0,2.8003107449805146e-05
18,1,6,0.2057582004406399,0.07534911933247435,0.03835968730612063,0,0.0,1.2750872567609872e-05
18,1,7,0.2057582004406399,0.07534911933247435,0.04415931109267841,0,0.0,8.264019163112941e-06
18,1,8,0.2057582004406399,0.07534911933247435,0.04995893487923618,0,0.0,3.628164421702907e-06
18,1,9,0.2057582004406399,0.07534911933247435,0.05575855866579396,0,0.0,7.678522851160754e-07
18,1,10,0.2057582004406399,0.07534911933247435,0.061558182452351735,0,0.0,7.899570535577455e-08
18,1,11,0.2057582004406399,0.07534911933247435,0.06735780623890952,0,0.0,5.614292129491811e-09
18,1,12,0.2057582004406399,0.07534911933247435,0.07315743002546729,0,0.0,4.1395667235953026e-10
18,1,13,0.2057582004406399,0.07534911933247435,0.07895705381202506,0,0.0,2.3936962121751174e-11
18,1,14,0.2057582004406399,0.07534911933247435,0.08475667759858284,0,0.0,6.112916612702823e-13
18,1,15,0.2057582004406399,0.07534911933247435,0.09055630138514062,0,0.0,0.0
18,1,16,0.2057582004406399,0.07534911933247435,0.09635592517169839,0,0.0,0.0
18,1,17,0.2057582004406399,0.07534911933247435,0.10215554895825617,0,0.0,0.0
18,1,18,0.2057582004406399,0.07534911933247435,0.10795517274481395,0,0.0,0.0
18,1,19,0.2057582004406399,0.07534911933247435,0.11375479653137172,0,0.0,0.0
18,2,0,0.2057582004406399,0.08443059837247156,0.0035619445867739875,0,0.0,0.00013478283191152346
18,2,1,0.2057582004406399,0.08443059837247156,0.009361568373331762,0,0.0,0.0001672587237294951
18,2,2,0.2057582004406399,0.08443059837247156,0.015161192159889538,0,0.0,0.00013783909527094435
18,2,3,0.2057582004406399,0.08443059837247156,0.020960815946447314,0,0.0,9.839382344355297e-05
18,2,4,0.2057582004406399,0.08443059837247156,0.026760439733005088,1,0.0001,6.339202651740854e-05
18,2,5,0.2057582004406399,0.08443059837247156,0.032560063519562865,0,0.0,3.2133662715116486e-05
18,2,6,0.2057582004406399,0.08443059837247156,0.03835968730612063,0,0.0,1.7749183262909316e-05
18,2,7,0.2057582004406399,0.08443059837247156,0.04415931109267841,1,0.0001,1.288511459547584e-05
18,2,8,0.2057582004406399,0.08443059837247156,0.04995893487923618,0,0.0,6.338385637790026e-06
18,2,9,0.2057582004406399,0.08443059837247156,0.05575855866579396,0,0.0,1.5781923976039945e-06
18,2,10,0.2057582004406399,0.08443059837247156,0.061558182452351735,0,0.0,2.263739732153586e-07
18,2,11,0.2057582004406399,0.08443059837247156,0.06735780623890952,0,0.0,3.011385989942873e-08
18,2,12,0.2057582004406399,0.08443059837247156,0.07315743002546729,0,0.0,3.850941621171276e-09
18,2,13,0.2057582004406399,0.08443059837247156,0.07895705381202506,0,0.0,2.705633261667225e-10
18,2,14,0.2057582004406399,0.08443059837247156,0.08475667759858284,0,0.0,7.754040780681801e-12
18,2,15,0.2057582004406399,0.08443059837247156,0.09055630138514062,0,0.0,9.088338570854601e-15
18,2,16,0.2057582004406399,0.08443059837247156,0.09635592517169839,0,0.0,2.7444404449594257e-16
18,2,17,0.2057582004406399,0.08443059837247156,0.10215554895825617,0,0.0,0.0
18,2,18,0.2057582004406399,0.08443059837247156,0.10795517274481395,0,0.0,0.0
18,2,19,0.2057582004406399,0.08443059837247156,0.11375479653137172,0,0.0,0.0
18,3,0,0.2057582004406399,0.09351207741246878,0.0035619445867739875,0,0.0,3.690949706128141e-05
18,3,1,0.2057582004406399,0.09351207741246878,0.009361568373331762,0,0.0,5.055518348956702e-05
18,3,2,0.2057582004406399,0.09351207741246878,0.015161192159889538,0,0.0,4.9503421911465146e-05
18,3,3,0.2057582004406399,0.09351207741246878,0.020960815946447314,0,0.0,4.3728649659135e-05
18,3,4,0.2057582004406399,0.09351207741246878,0.026760439733005088,0,0.0,3.56128672058544e-05
18,3,5,0.2057582004406399,0.09351207741246878,0.032560063519562865,0,0.0,2.4586275463064456e-05
18,3,6,0.2057582004406399,0.09351207741246878,0.03835968730612063,0,0.0,1.680924233803718e-05
18,3,7,0.2057582004406399,0.09351207741246878,0.04415931109267841,0,0.0,1.1414583600114702e-05
18,3,8,0.2057582004406399,0.09351207741246878,0.04995893487923618,0,0.0,5.53831560223154e-06
18,3,9,0.2057582004406399,0.09351207741246878,0.05575855866579396,0,0.0,1.6499873697012468e-06
18,3,10,0.2057582004406399,0.09351207741246878,0.061558182452351735,0,0.0,3.7658041832322357e-07
18,3,11,0.2057582004406399,0.09351207741246878,0.06735780623890952,0,0.0,9.289251462908657e-08
18,3,12,0.2057582004406399,0.09351207741246878,0.07315743002546729,0,0.0,1.6225255197615844e-08
18,3,13,0.2057582004406399,0.09351207741246878,0.07895705381202506,0,0.0,1.262404839047563e-09
18,3,14,0.2057582004406399,0.09351207741246878,0.08475667759858284,0,0.0,4.0427998197190834e-11
18,3,15,0.2057582004406399,0.09351207741246878,0.09055630138514062,0,0.0,3.100527778983205e-13
18,3,16,0.2057582004406399,0.09351207741246878,0.09635592517169839,0,0.0,9.362782615350544e-15
18,3,17,0.2057582004406399,0.09351207741246878,0.10215554895825617,0,0.0,0.0
18,3,18,0.2057582004406399,0.09351207741246878,0.10795517274481395,0,0.0,0.0
18,3,19,0.2057582004406399,0.09351207741246878,0.11375479653137172,0,0.0,0.0
18,4,0,0.2057582004406399,0.10259355645246601,0.0035619445867739875,0,0.0,5.8514603515209105e-06
18,4,1,0.2057582004406399,0.10259355645246601,0.009361568373331762,0,0.0,1.0132389004408394e-05
18,4,2,0.2057582004406399,0.10259355645246601,0.015161192159889538,0,0.0,1.3380090010908528e-05
18,4,3,0.2057582004406399,0.10259355645246601,0.020960815946447314,0,0.0,1.5062910848507998e-05
18,4,4,0.2057582004406399,0.10259355645246601,0.026760439733005088,0,0.0,1.600477279095374e-05
18,4,5,0.2057582004406399,0.10259355645246601,0.032560063519562865,0,0.0,1.5541690996600734e-05
18,4,6,0.2057582004406399,0.10259355645246601,0.03835968730612063,0,0.0,1.1760701538428594e-05
18,4,7,0.2057582004406399,0.10259355645246601,0.04415931109267841,0,0.0,6.769187327224805e-06
18,4,8,0.2057582004406399,0.10259355645246601,0.04995893487923618,0,0.0,3.065295975418912e-06
18,4,9,0.2057582004406399,0.10259355645246601,0.05575855866579396,0,0.0,1.1132306940348842e-06
18,4,10,0.2057582004406399,0.10259355645246601,0.061558182452351735,0,0.0,4.162448279235816e-07
18,4,11,0.2057582004406399,0.10259355645246601,0.06735780623890952,0,0.0,1.5310708225112333e-07
18,4,12,0.2057582004406399,0.10259355645246601,0.07315743002546729,0,0.0,3.052494653813716e-08
18,4,13,0.2057582004406399,0.10259355645246601,0.07895705381202506,0,0.0,2.6102277549540257e-09
18,4,14,0.2057582004406399,0.10259355645246601,0.08475667759858284,0,0.0,1.1956560664028395e-10
18,4,15,0.2057582004406399,0.10259355645246601,0.09055630138514062,0,0.0,3.967461903820827e-12
18,4,16,0.2057582004406399,0.10259355645246601,0.09635592517169839,0,0.0,1.1980696832311923e-13
18,4,17,0.2057582004406399,0.10259355645246601,0.10215554895825617,0,0.0,0.0
18,4,18,0.2057582004406399,0.10259355645246601,0.10795517274481395,0,0.0,0.0
18,4,19,0.2057582004406399,0.10259355645246601,0.11375479653137172,0,0.0,0.0
18,5,0,0.2057582004406399,0.11167503549246324,0.0035619445867739875,0,0.0,6.685003973562338e-07
18,5,1,0.2057582004406399,0.11167503549246324,0.009361568373331762,0,0.0,1.7081710527234068e-06
18,5,2,0.2057582004406399,0.11167503549246324,0.015161192159889538,0,0.0,3.0671457384119434e-06
18,5,3,0.2057582004406399,0.11167503549246324,0.020960815946447314,0,0.0,4.257844757560531e-06
18,5,4,0.2057582004406399,0.11167503549246324,0.026760439733005088,0,0.0,5.918437554418868e-06
18,5,5,0.2057582004406399,0.11167503549246324,0.032560063519562865,0,0.0,7.212449512079528e-06
18,5,6,0.2057582004406399,0.11167503549246324,0.03835968730612063,0,0.0,6.000170556258736e-06
18,5,7,0.2057582004406399,0.11167503549246324,0.04415931109267841,0,0.0,3.655587598278918e-06
18,5,8,0.2057582004406399,0.11167503549246324,0.04995893487923618,0,0.0,1.7572558016870004e-06
18,5,9,0.2057582004406399,0.11167503549246324,0.05575855866579396,0,0.0,7.006399667631135e-07
18,5,10,0.2057582004406399,0.11167503549246324,0.061558182452351735,0,0.0,3.1909990397643926e-07
18,5,11,0.2057582004406399,0.11167503549246324,0.06735780623890952,0,0.0,1.306930186304857e-07
18,5,12,0.2057582004406399,0.11167503549246324,0.07315743002546729,0,0.0,2.780694680488755e-08
18,5,13,0.2057582004406399,0.11167503549246324,0.07895705381202506,0,0.0,3.1628661721807475e-09
18,5,14,0.2057582004406399,0.11167503549246324,0.08475667759858284,0,0.0,3.0623225182752107e-10
18,5,15,0.2057582004406399,0.11167503549246324,0.09055630138514062,0,0.0,2.009859907753548e-11
18,5,16,0.2057582004406399,0.11167503549246324,0.09635592517169839,0,0.0,6.069251025957958e-13
18,5,17,0.2057582004406399,0.11167503549246324,0.10215554895825617,0,0.0,0.0
18,5,18,0.2057582004406399,0.11167503549246324,0.10795517274481395,0,0.0,0.0
18,5,19,0.2057582004406399,0.11167503549246324,0.11375479653137172,0,0.0,0.0
18,6,0,0.2057582004406399,0.12075651453246046,0.0035619445867739875,0,0.0,6.13760811344456e-08
18,6,1,0.2057582004406399,0.12075651453246046,0.009361568373331762,0,0.0,2.2016329713236034e-07
18,6,2,0.2057582004406399,0.12075651453246046,0.015161192159889538,0,0.0,4.753853437824315e-07
18,6,3,0.2057582004406399,0.12075651453246046,0.020960815946447314,0,0.0,7.91707130053183e-07
18,6,4,0.2057582004406399,0.12075651453246046,0.026760439733005088,0,0.0,1.3541851509248488e-06
18,6,5,0.2057582004406399,0.12075651453246046,0.032560063519562865,0,0.0,1.948359577220844e-06
18,6,6,0.2057582004406399,0.12075651453246046,0.03835968730612063,0,0.0,2.040302555910805e-06
18,6,7,0.2057582004406399,0.12075651453246046,0.04415931109267841,0,0.0,1.6139161913894843e-06
18,6,8,0.2057582004406399,0.12075651453246046,0.04995893487923618,0,0.0,8.717628559830784e-07
18,6,9,0.2057582004406399,0.12075651453246046,0.05575855866579396,0,0.0,3.383639036153499e-07
18,6,10,0.2057582004406399,0.12075651453246046,0.061558182452351735,0,0.0,1.4522458681330712e-07
18,6,11,0.2057582004406399,0.12075651453246046,0.06735780623890952,0,0.0,5.8576218627888025e-08
18,6,12,0.2057582004406399,0.12075651453246046,0.07315743002546729,0,0.0,1.4927190759386047e-08
18,6,13,0.2057582004406399,0.12075651453246046,0.07895705381202506,0,0.0,3.2423679913001176e-09
18,6,14,0.2057582004406399,0.12075651453246046,0.08475667759858284,0,0.0,5.558071779910328e-10
18,6,15,0.2057582004406399,0.12075651453246046,0.09055630138514062,0,0.0,4.352405706477055e-11
18,6,16,0.2057582004406399,0.12075651453246046,0.09635592517169839,0,0.0,1.3143126392797465e-12
18,6,17,0.2057582004406399,0.12075651453246046,0.10215554895825617,0,0.0,0.0
18,6,18,0.2057582004406399,0.12075651453246046,0.10795517274481395,0,0.0,0.0
18,6,19,0.2057582004406399,0.12075651453246046,0.11375479653137172,0,0.0,0.0
18,7,0,0.2057582004406399,0.12983799357245768,0.0035619445867739875,0,0.0,3.854260910882715e-09
18,7,1,0.2057582004406399,0.12983799357245768,0.009361568373331762,0,0.0,1.6499418509976603e-08
18,7,2,0.2057582004406399,0.12983799357245768,0.015161192159889538,0,0.0,4.103636268774309e-08
18,7,3,0.2057582004406399,0.12983799357245768,0.020960815946447314,0,0.0,8.656566936106409e-08
18,7,4,0.2057582004406399,0.12983799357245768,0.026760439733005088,0,0.0,1.814890111058723e-07
18,7,5,0.2057582004406399,0.12983799357245768,0.032560063519562865,0,0.0,3.081347597757783e-07
18,7,6,0.2057582004406399,0.12983799357245768,0.03835968730612063,0,0.0,4.081627022847861e-07
18,7,7,0.2057582004406399,0.12983799357245768,0.04415931109267841,0,0.0,3.9311197457179183e-07
18,7,8,0.2057582004406399,0.12983799357245768,0.04995893487923618,0,0.0,2.2603778458627238e-07
18,7,9,0.2057582004406399,0.12983799357245768,0.05575855866579396,0,0.0,8.521580415141355e-08
18,7,10,0.2057582004406399,0.12983799357245768,0.061558182452351735,0,0.0,3.5289122306561385e-08
18,7,11,0.2057582004406399,0.12983799357245768,0.06735780623890952,0,0.0,1.5382745007797753e-08
18,7,12,0.2057582004406399,0.12983799357245768,0.07315743002546729,0,0.0,6.4093590702930474e-09
18,7,13,0.2057582004406399,0.12983799357245768,0.07895705381202506,0,0.0,2.5703787013008106e-09
18,7,14,0.2057582004406399,0.12983799357245768,0.08475667759858284,0,0.0,5.359250199490608e-10
18,7,15,0.2057582004406399,0.12983799357245768,0.09055630138514062,0,0.0,4.352405706477055e-11
18,7,16,0.2057582004406399,0.12983799357245768,0.09635592517169839,0,0.0,1.3143126392797465e-12
18,7,17,0.2057582004406399,0.12983799357245768,0.10215554895825617,0,0.0,0.0
18,7,18,0.2057582004406399,0.12983799357245768,0.10795517274481395,0,0.0,0.0
18,7,19,0.2057582004406399,0.12983799357245768,0.11375479653137172,0,0.0,0.0
18,8,0,0.2057582004406399,0.1389194726124549,0.0035619445867739875,0,0.0,1.5746341806601937e-10
18,8,1,0.2057582004406399,0.1389194726124549,0.009361568373331762,0,0.0,7.487464926203488e-10
18,8,2,0.2057582004406399,0.1389194726124549,0.015161192159889538,0,0.0,2.1919343572712386e-09
18,8,3,0.2057582004406399,0.1389194726124549,0.020960815946447314,0,0.0,6.2083176365479004e-09
18,8,4,0.2057582004406399,0.1389194726124549,0.026760439733005088,0,0.0,1.6232233703814695e-08
18,8,5,0.2057582004406399,0.1389194726124549,0.032560063519562865,0,0.0,3.037076001173058e-08
18,8,6,0.2057582004406399,0.1389194726124549,0.03835968730612063,0,0.0,4.403651054392594e-08
18,8,7,0.2057582004406399,0.1389194726124549,0.04415931109267841,0,0.0,4.686968431728682e-08
18,8,8,0.2057582004406399,0.1389194726124549,0.04995893487923618,0,0.0,2.8301097647249193e-08
18,8,9,0.2057582004406399,0.1389194726124549,0.05575855866579396,0,0.0,1.1494174410071405e-08
18,8,10,0.2057582004406399,0.1389194726124549,0.061558182452351735,0,0.0,5.689104916737482e-09
18,8,11,0.2057582004406399,0.1389194726124549,0.06735780623890952,0,0.0,3.245748585331412e-09
18,8,12,0.2057582004406399,0.1389194726124549,0.07315743002546729,0,0.0,2.2212871423204575e-09
18,8,13,0.2057582004406399,0.1389194726124549,0.07895705381202506,0,0.0,1.1293335507784026e-09
18,8,14,0.2057582004406399,0.1389194726124549,0.08475667759858284,0,0.0,2.4578621643831223e-10
18,8,15,0.2057582004406399,0.1389194726124549,0.09055630138514062,0,0.0,2.009859907753548e-11
18,8,16,0.2057582004406399,0.1389194726124549,0.09635592517169839,0,0.0,6.069251025957958e-13
18,8,17,0.2057582004406399,0.1389194726124549,0.10215554895825617,0,0.0,0.0
18,8,18,0.2057582004406399,0.1389194726124549,0.10795517274481395,0,0.0,0.0
18,8,19,0.2057582004406399,0.1389194726124549,0.11375479653137172,0,0.0,0.0
18,9,0,0.2057582004406399,0.14800095165245214,0.0035619445867739875,0,0.0,4.797459027553094e-12
18,9,1,0.2057582004406399,0.14800095165245214,0.009361568373331762,0,0.0,2.463726975933455e-11
18,9,2,0.2057582004406399,0.14800095165245214,0.015161192159889538,0,0.0,8.016361415256834e-11
18,9,3,0.2057582004406399,0.14800095165245214,0.020960815946447314,0,0.0,2.8064742231832157e-10
18,9,4,0.2057582004406399,0.14800095165245214,0.026760439733005088,0,0.0,8.626101490076884e-10
18,9,5,0.2057582004406399,0.14800095165245214,0.032560063519562865,0,0.0,1.651363758819238e-09
18,9,6,0.2057582004406399,0.14800095165245214,0.03835968730612063,0,0.0,2.3898921802145757e-09
18,9,7,0.2057582004406399,0.14800095165245214,0.04415931109267841,0,0.0,2.698764169093552e-09
18,9,8,0.2057582004406399,0.14800095165245214,0.04995893487923618,0,0.0,1.8035459823516616e-09
18,9,9,0.2057582004406399,0.14800095165245214,0.05575855866579396,0,0.0,1.0163682451071205e-09
18,9,10,0.2057582004406399,0.14800095165245214,0.061558182452351735,0,0.0,7.22247158108952e-10
18,9,11,0.2057582004406399,0.14800095165245214,0.06735780623890952,0,0.0,5.077903634274718e-10
18,9,12,0.2057582004406399,0.14800095165245214,0.07315743002546729,0,0.0,4.138569033718142e-10
18,9,13,0.2057582004406399,0.14800095165245214,0.07895705381202506,0,0.0,2.2103157860277753e-10
18,9,14,0.2057582004406399,0.14800095165245214,0.08475667759858284,0,0.0,4.8462750433556796e-11
18,9,15,0.2057582004406399,0.14800095165245214,0.09055630138514062,0,0.0,3.967461903820827e-12
18,9,16,0.2057582004406399,0.14800095165245214,0.09635592517169839,0,0.0,1.1980696832311923e-13
18,9,17,0.2057582004406399,0.14800095165245214,0.10215554895825617,0,0.0,0.0
18,9,18,0.2057582004406399,0.14800095165245214,0.10795517274481395,0,0.0,0.0
18,9,19,0.2057582004406399,0.14800095165245214,0.11375479653137172,0,0.0,0.0
18,10,0,0.2057582004406399,0.15708243069244937,0.0035619445867739875,0,0.0,1.2035585641211113e-13
18,10,1,0.2057582004406399,0.15708243069244937,0.009361568373331762,0,0.0,6.350134504418475e-13
18,10,2,0.2057582004406399,0.15708243069244937,0.015161192159889538,0,0.0,1.8645282419132975e-12
18,10,3,0.2057582004406399,0.15708243069244937,0.020960815946447314,0,0.0,6.341732293000382e-12
18,10,4,0.2057582004406399,0.15708243069244937,0.026760439733005088,0,0.0,2.09874990492449e-11
18,10,5,0.2057582004406399,0.15708243069244937,0.032560063519562865,0,0.0,3.900262730495175e-11
18,10,6,0.2057582004406399,0.15708243069244937,0.03835968730612063,0,0.0,5.309115916148606e-11
18,10,7,0.2057582004406399,0.15708243069244937,0.04415931109267841,0,0.0,6.388762229882004e-11
18,10,8,0.2057582004406399,0.15708243069244937,0.04995893487923618,0,0.0,5.5443618430744164e-11
18,10,9,0.2057582004406399,0.15708243069244937,0.05575855866579396,0,0.0,5.3823818398061136e-11
18,10,10,0.2057582004406399,0.15708243069244937,0.061558182452351735,0,0.0,4.9824988667635644e-11
18,10,11,0.2057582004406399,0.15708243069244937,0.06735780623890952,0,0.0,3.777181591148176e-11
18,10,12,0.2057582004406399,0.15708243069244937,0.07315743002546729,0,0.0,3.2006693272923944e-11
18,10,13,0.2057582004406399,0.15708243069244937,0.07895705381202506,0,0.0,1.7247998090443818e-11
18,10,14,0.2057582004406399,0.15708243069244937,0.08475667759858284,0,0.0,3.786578876860976e-12
18,10,15,0.2057582004406399,0.15708243069244937,0.09055630138514062,0,0.0,3.100527778983205e-13
18,10,16,0.2057582004406399,0.15708243069244937,0.09635592517169839,0,0.0,9.362782615350544e-15
18,10,17,0.2057582004406399,0.15708243069244937,0.10215554895825617,0,0.0,0.0
18,10,18,0.2057582004406399,0.15708243069244937,0.10795517274481395,0,0.0,0.0
18,10,19,0.2057582004406399,0.15708243069244937,0.11375479653137172,0,0.0,0.0
18,11,0,0.2057582004406399,0.1661639097324466,0.0035619445867739875,0,0.0,0.0
18,11,1,0.2057582004406399,0.1661639097324466,0.009361568373331762,0,0.0,0.0
18,11,2,0.2057582004406399,0.1661639097324466,0.015161192159889538,0,0.0,0.0
18,11,3,0.2057582004406399,0.1661639097324466,0.020960815946447314,0,0.0,0.0
18,11,4,0.2057582004406399,0.1661639097324466,0.026760439733005088,0,0.0,0.0
18,11,5,0.2057582004406399,0.1661639097324466,0.032560063519562865,0,0.0,2.7444404449594257e-16
18,11,6,0.2057582004406399,0.1661639097324466,0.03835968730612063,0,0.0,9.362782615350545e-15
18,11,7,0.2057582004406399,0.1661639097324466,0.04415931109267841,0,0.0,1.1980696832311923e-13
18,11,8,0.2057582004406399,0.1661639097324466,0.04995893487923618,0,0.0,6.071995466402919e-13
18,11,9,0.2057582004406399,0.1661639097324466,0.05575855866579396,0,0.0,1.3234009778506013e-12
18,11,10,0.2057582004406399,0.1661639097324466,0.061558182452351735,0,0.0,1.4250312690320114e-12
18,11,11,0.2057582004406399,0.1661639097324466,0.06735780623890952,0,0.0,1.103131575439327e-12
18,11,12,0.2057582004406399,0.1661639097324466,0.07315743002546729,0,0.0,9.379131347593347e-13
18,11,13,0.2057582004406399,0.1661639097324466,0.07895705381202506,0,0.0,5.055692554588818e-13
18,11,14,0.2057582004406399,0.1661639097324466,0.08475667759858284,0,0.0,1.109930737967606e-13
18,11,15,0.2057582004406399,0.1661639097324466,0.09055630138514062,0,0.0,9.088338570854601e-15
18,11,16,0.2057582004406399,0.1661639097324466,0.09635592517169839,0,0.0,2.7444404449594257e-16
18,11,17,0.2057582004406399,0.1661639097324466,0.10215554895825617,0,0.0,0.0
18,11,18,0.2057582004406399,0.1661639097324466,0.10795517274481395,0,0.0,0.0
18,11,19,0.2057582004406399,0.1661639097324466,0.11375479653137172,0,0.0,0.0
18,12,0,0.2057582004406399,0.17524538877244383,0.0035619445867739875,0,0.0,0.0
18,12,1,0.2057582004406399,0.17524538877244383,0.009361568373331762,0,0.0,0.0
18,12,2,0.2057582004406399,0.17524538877244383,0.015161192159889538,0,0.0,0.0
18,12,3,0.2057582004406399,0.17524538877244383,0.020960815946447314,0,0.0,0.0
18,12,4,0.2057582004406399,0.17524538877244383,0.026760439733005088,0,0.0,0.0
18,12,5,0.2057582004406399,0.17524538877244383,0.032560063519562865,0,0.0,0.0
18,12,6,0.2057582004406399,0.17524538877244383,0.03835968730612063,0,0.0,0.0
18,12,7,0.2057582004406399,0.17524538877244383,0.04415931109267841,0,0.0,0.0
18,12,8,0.2057582004406399,0.17524538877244383,0.04995893487923618,0,0.0,0.0
18,12,9,0.2057582004406399,0.17524538877244383,0.05575855866579396,0,0.0,0.0
18,12,10,0.2057582004406399,0.17524538877244383,0.061558182452351735,0,0.0,0.0
18,12,11,0.2057582004406399,0.17524538877244383,0.06735780623890952,0,0.0,0.0
18,12,12,0.2057582004406399,0.17524538877244383,0.07315743002546729,0,0.0,0.0
18,12,13,0.2057582004406399,0.17524538877244383,0.07895705381202506,0,0.0,0.0
18,12,14,0.2057582004406399,0.17524538877244383,0.08475667759858284,0,0.0,0.0
18,12,15,0.2057582004406399,0.17524538877244383,0.09055630138514062,0,0.0,0.0
18,12,16,0.2057582004406399,0.17524538877244383,0.09635592517169839,0,0.0,0.0
18,12,17,0.2057582004406399,0.17524538877244383,0.10215554895825617,0,0.0,0.0
18,12,18,0.2057582004406399,0.17524538877244383,0.10795517274481395,0,0.0,0.0
18,12,19,0.2057582004406399,0.17524538877244383,0.11375479653137172,0,0.0,0.0
18,13,0,0.2057582004406399,0.18432686781244106,0.0035619445867739875,0,0.0,0.0
18,13,1,0.2057582004406399,0.18432686781244106,0.009361568373331762,0,0.0,0.0
18,13,2,0.2057582004406399,0.18432686781244106,0.015161192159889538,0,0.0,0.0
18,13,3,0.2057582004406399,0.18432686781244106,0.020960815946447314,0,0.0,0.0
18,13,4,0.2057582004406399,0.18432686781244106,0.026760439733005088,0,0.0,0.0
18,13,5,0.2057582004406399,0.18432686781244106,0.032560063519562865,0,0.0,0.0
18,13,6,0.2057582004406399,0.18432686781244106,0.03835968730612063,0,0.0,0.0
18,13,7,0.2057582004406399,0.18432686781244106,0.04415931109267841,0,0.0,0.0
18,13,8,0.2057582004406399,0.18432686781244106,0.04995893487923618,0,0.0,0.0
18,13,9,0.2057582004406399,0.18432686781244106,0.05575855866579396,0,0.0,0.0
18,13,10,0.2057582004406399,0.18432686781244106,0.061558182452351735,0,0.0,0.0
18,13,11,0.2057582004406399,0.18432686781244106,0.06735780623890952,0,0.0,0.0
18,13,12,0.2057582004406399,0.18432686781244106,0.07315743002546729,0,0.0,0.0
18,13,13,0.2057582004406399,0.18432686781244106,0.07895705381202506,0,0.0,0.0
18,13,14,0.2057582004406399,0.18432686781244106,0.08475667759858284,0,0.0,0.0
18,13,15,0.2057582004406399,0.18432686781244106,0.09055630138514062,0,0.0,0.0
18,13,16,0.2057582004406399,0.18432686781244106,0.09635592517169839,0,0.0,0.0
18,13,17,0.2057582004406399,0.18432686781244106,0.10215554895825617,0,0.0,0.0
18,13,18,0.2057582004406399,0.18432686781244106,0.10795517274481395,0,0.0,0.0
18,13,19,0.2057582004406399,0.18432686781244106,0.11375479653137172,0,0.0,0.0
18,14,0,0.2057582004406399,0.19340834685243827,0.0035619445867739875,0,0.0,0.0
18,14,1,0.2057582004406399,0.19340834685243827,0.009361568373331762,0,0.0,0.0
18,14,2,0.2057582004406399,0.19340834685243827,0.015161192159889538,0,0.0,0.0
18,14,3,0.2057582004406399,0.19340834685243827,0.020960815946447314,0,0.0,0.0
18,14,4,0.2057582004406399,0.19340834685243827,0.026760439733005088,0,0.0,0.0
18,14,5,0.2057582004406399,0.19340834685243827,0.032560063519562865,0,0.0,0.0
18,14,6,0.2057582004406399,0.19340834685243827,0.03835968730612063,0,0.0,0.0
18,14,7,0.2057582004406399,0.19340834685243827,0.04415931109267841,0,0.0,0.0
18,14,8,0.2057582004406399,0.19340834685243827,0.04995893487923618,0,0.0,0.0
18,14,9,0.2057582004406399,0.19340834685243827,0.05575855866579396,0,0.0,0.0
18,14,10,0.2057582004406399,0.19340834685243827,0.061558182452351735,0,0.0,0.0
18,14,11,0.2057582004406399,0.19340834685243827,0.06735780623890952,0,0.0,0.0
18,14,12,0.2057582004406399,0.19340834685243827,0.07315743002546729,0,0.0,0.0
18,14,13,0.2057582004406399,0.19340834685243827,0.07895705381202506,0,0.0,0.0
18,14,14,0.2057582004406399,0.19340834685243827,0.08475667759858284,0,0.0,0.0
18,14,15,0.2057582004406399,0.19340834685243827,0.09055630138514062,0,0.0,0.0
18,14,16,0.2057582004406399,0.19340834685243827,0.09635592517169839,0,0.0,0.0
18,14,17,0.2057582004406399,0.19340834685243827,0.10215554895825617,0,0.0,0.0
18,14,18,0.2057582004406399,0.19340834685243827,0.10795517274481395,0,0.0,0.0
18,14,19,0.2057582004406399,0.19340834685243827,0.11375479653137172,0,0.0,0.0
18,15,0,0.2057582004406399,0.2024898258924355,0.0035619445867739875,0,0.0,0.0
18,15,1,0.2057582004406399,0.2024898258924355,0.009361568373331762,0,0.0,0.0
18,15,2,0.2057582004406399,0.2024898258924355,0.015161192159889538,0,0.0,0.0
18,15,3,0.2057582004406399,0.2024898258924355,0.020960815946447314,0,0.0,0.0
18,15,4,0.2057582004406399,0.2024898258924355,0.026760439733005088,0,0.0,0.0
18,15,5,0.2057582004406399,0.2024898258924355,0.032560063519562865,0,0.0,0.0
18,15,6,0.2057582004406399,0.2024898258924355,0.03835968730612063,0,0.0,0.0
18,15,7,0.2057582004406399,0.2024898258924355,0.04415931109267841,0,0.0,0.0
18,15,8,0.2057582004406399,0.2024898258924355,0.04995893487923618,0,0.0,0.0
18,15,9,0.2057582004406399,0.2024898258924355,0.05575855866579396,0,0.0,0.0
18,15,10,0.2057582004406399,0.2024898258924355,0.061558182452351735,0,0.0,0.0
18,15,11,0.2057582004406399,0.2024898258924355,0.06735780623890952,0,0.0,0.0
18,15,12,0.2057582004406399,0.2024898258924355,0.07315743002546729,0,0.0,0.0
18,15,13,0.2057582004406399,0.2024898258924355,0.07895705381202506,0,0.0,0.0
18,15,14,0.2057582004406399,0.2024898258924355,0.08475667759858284,0,0.0,0.0
18,15,15,0.2057582004406399,0.2024898258924355,0.09055630138514062,0,0.0,0.0
18,15,16,0.2057582004406399,0.2024898258924355,0.09635592517169839,0,0.0,0.0
18,15,17,0.2057582004406399,0.2024898258924355,0.10215554895825617,0,0.0,0.0
18,15,18,0.2057582004406399,0.2024898258924355,0.10795517274481395,0,0.0,0.0
18,15,19,0.2057582004406399,0.2024898258924355,0.11375479653137172,0,0.0,0.0
18,16,0,0.2057582004406399,0.21157130493243273,0.0035619445867739875,0,0.0,0.0
18,16,1,0.2057582004406399,0.21157130493243273,0.009361568373331762,0,0.0,0.0
18,16,2,0.2057582004406399,0.21157130493243273,0.015161192159889538,0,0.0,0.0
18,16,3,0.2057582004406399,0.21157130493243273,0.020960815946447314,0,0.0,0.0
18,16,4,0.2057582004406399,0.21157130493243273,0.026760439733005088,0,0.0,0.0
18,16,5,0.2057582004406399,0.21157130493243273,0.032560063519562865,0,0.0,0.0
18,16,6,0.2057582004406399,0.21157130493243273,0.03835968730612063,0,0.0,0.0
18,16,7,0.2057582004406399,0.21157130493243273,0.04415931109267841,0,0.0,0.0
18,16,8,0.2057582004406399,0.21157130493243273,0.04995893487923618,0,0.0,0.0
18,16,9,0.2057582004406399,0.21157130493243273,0.05575855866579396,0,0.0,0.0
18,16,10,0.2057582004406399,0.21157130493243273,0.061558182452351735,0,0.0,0.0
18,16,11,0.2057582004406399,0.21157130493243273,0.06735780623890952,0,0.0,0.0
18,16,12,0.2057582004406399,0.21157130493243273,0.07315743002546729,0,0.0,0.0
18,16,13,0.2057582004406399,0.21157130493243273,0.07895705381202506,0,0.0,0.0
18,16,14,0.2057582004406399,0.21157130493243273,0.08475667759858284,0,0.0,0.0
18,16,15,0.2057582004406399,0.21157130493243273,0.09055630138514062,0,0.0,0.0
18,16,16,0.2057582004406399,0.21157130493243273,0.09635592517169839,0,0.0,0.0
18,16,17,0.2057582004406399,0.21157130493243273,0.10215554895825617,0,0.0,0.0
18,16,18,0.2057582004406399,0.21157130493243273,0.10795517274481395,0,0.0,0.0
18,16,19,0.2057582004406399,0.21157130493243273,0.11375479653137172,0,0.0,0.0
18,17,0,0.2057582004406399,0.22065278397242996,0.0035619445867739875,0,0.0,0.0
18,17,1,0.2057582004406399,0.22065278397242996,0.009361568373331762,0,0.0,0.0
18,17,2,0.2057582004406399,0.22065278397242996,0.015161192159889538,0,0.0,0.0
18,17,3,0.2057582004406399,0.22065278397242996,0.020960815946447314,0,0.0,0.0
18,17,4,0.2057582004406399,0.22065278397242996,0.026760439733005088,0,0.0,0.0
18,17,5,0.2057582004406399,0.22065278397242996,0.032560063519562865,0,0.0,0.0
18,17,6,0.2057582004406399,0.22065278397242996,0.03835968730612063,0,0.0,0.0
18,17,7,0.2057582004406399,0.22065278397242996,0.04415931109267841,0,0.0,0.0
18,17,8,0.2057582004406399,0.22065278397242996,0.04995893487923618,0,0.0,0.0
18,17,9,0.2057582004406399,0.22065278397242996,0.05575855866579396,0,0.0,0.0
18,17,10,0.2057582004406399,0.22065278397242996,0.061558182452351735,0,0.0,0.0
18,17,11,0.2057582004406399,0.22065278397242996,0.06735780623890952,0,0.0,0.0
18,17,12,0.2057582004406399,0.22065278397242996,0.07315743002546729,0,0.0,0.0
18,17,13,0.2057582004406399,0.22065278397242996,0.07895705381202506,0,0.0,0.0
18,17,14,0.2057582004406399,0.22065278397242996,0.08475667759858284,0,0.0,0.0
18,17,15,0.2057582004406399,0.22065278397242996,0.09055630138514062,0,0.0,0.0
18,17,16,0.2057582004406399,0.22065278397242996,0.09635592517169839,0,0.0,0.0
18,17,17,0.2057582004406399,0.22065278397242996,0.10215554895825617,0,0.0,0.0
18,17,18,0.2057582004406399,0.22065278397242996,0.10795517274481395,0,0.0,0.0
18,17,19,0.2057582004406399,0.22065278397242996,0.11375479653137172,0,0.0,0.0
18,18,0,0.2057582004406399,0.22973426301242716,0.0035619445867739875,0,0.0,0.0
18,18,1,0.2057582004406399,0.22973426301242716,0.009361568373331762,0,0.0,0.0
18,18,2,0.2057582004406399,0.22973426301242716,0.015161192159889538,0,0.0,0.0
18,18,3,0.2057582004406399,0.22973426301242716,0.020960815946447314,0,0.0,0.0
18,18,4,0.2057582004406399,0.22973426301242716,0.026760439733005088,0,0.0,0.0
18,18,5,0.2057582004406399,0.22973426301242716,0.032560063519562865,0,0.0,0.0
18,18,6,0.2057582004406399,0.22973426301242716,0.03835968730612063,0,0.0,0.0
18,18,7,0.2057582004406399,0.22973426301242716,0.04415931109267841,0,0.0,0.0
18,18,8,0.2057582004406399,0.22973426301242716,0.04995893487923618,0,0.0,0.0
18,18,9,0.2057582004406399,0.22973426301242716,0.05575855866579396,0,0.0,0.0
18,18,10,0.2057582004406399,0.22973426301242716,0.061558182452351735,0,0.0,0.0
18,18,11,0.2057582004406399,0.22973426301242716,0.06735780623890952,0,0.0,0.0
18,18,12,0.2057582004406399,0.22973426301242716,0.07315743002546729,0,0.0,0.0
18,18,13,0.2057582004406399,0.22973426301242716,0.07895705381202506,0,0.0,0.0
18,18,14,0.2057582004406399,0.22973426301242716,0.08475667759858284,0,0.0,0.0
18,18,15,0.2057582004406399,0.22973426301242716,0.09055630138514062,0,0.0,0.0
18,18,16,0.2057582004406399,0.22973426301242716,0.09635592517169839,0,0.0,0.0
18,18,17,0.2057582004406399,0.22973426301242716,0.10215554895825617,0,0.0,0.0
18,18,18,0.2057582004406399,0.22973426301242716,0.10795517274481395,0,0.0,0.0
18,18,19,0.2057582004406399,0.22973426301242716,0.11375479653137172,0,0.0,0.0
18,19,0,0.2057582004406399,0.2388157420524244,0.0035619445867739875,0,0.0,0.0
18,19,1,0.2057582004406399,0.2388157420524244,0.009361568373331762,0,0.0,0.0
18,19,2,0.2057582004406399,0.2388157420524244,0.015161192159889538,0,0.0,0.0
18,19,3,0.2057582004406399,0.2388157420524244,0.020960815946447314,0,0.0,0.0
18,19,4,0.2057582004406399,0.2388157420524244,0.026760439733005088,0,0.0,0.0
18,19,5,0.2057582004406399,0.2388157420524244,0.032560063519562865,0,0.0,0.0
18,19,6,0.2057582004406399,0.2388157420524244,0.03835968730612063,0,0.0,0.0
18,19,7,0.2057582004406399,0.2388157420524244,0.04415931109267841,0,0.0,0.0
18,19,8,0.2057582004406399,0.2388157420524244,0.04995893487923618,0,0.0,0.0
18,19,9,0.2057582004406399,0.2388157420524244,0.05575855866579396,0,0.0,0.0
18,19,10,0.2057582004406399,0.2388157420524244,0.061558182452351735,0,0.0,0.0
18,19,11,0.2057582004406399,0.2388157420524244,0.06735780623890952,0,0.0,0.0
18,19,12,0.2057582004406399,0.2388157420524244,0.07315743002546729,0,0.0,0.0
18,19,13,0.2057582004406399,0.2388157420524244,0.07895705381202506,0,0.0,0.0
18,19,14,0.2057582004406399,0.2388157420524244,0.08475667759858284,0,0.0,0.0
18,19,15,0.2057582004406399,0.2388157420524244,0.09055630138514062,0,0.0,0.0
18,19,16,0.2057582004406399,0.2388157420524244,0.09635592517169839,0,0.0,0.0
18,19,17,0.2057582004406399,0.2388157420524244,0.10215554895825617,0,0.0,0.0
18,19,18,0.2057582004406399,0.2388157420524244,0.10795517274481395,0,0.0,0.0
18,19,19,0.2057582004406399,0.2388157420524244,0.11375479653137172,0,0.0,0.0
19,0,0,0.2245991426609562,0.06626764029247711,0.0035619445867739875,2,0.0002,9.126614023177791e-05
19,0,1,0.2245991426609562,0.06626764029247711,0.009361568373331762,2,0.0002,0.00011267987106144462
19,0,2,0.2245991426609562,0.06626764029247711,0.015161192159889538,1,0.0001,8.142053407912744e-05
19,0,3,0.2245991426609562,0.06626764029247711,0.020960815946447314,0,0.0,4.27241044505151e-05
19,0,4,0.2245991426609562,0.06626764029247711,0.026760439733005088,0,0.0,1.7472030740714022e-05
19,0,5,0.2245991426609562,0.06626764029247711,0.032560063519562865,0,0.0,4.933767863660707e-06
19,0,6,0.2245991426609562,0.06626764029247711,0.03835968730612063,0,0.0,1.5981789201263695e-06
19,0,7,0.2245991426609562,0.06626764029247711,0.04415931109267841,0,0.0,1.0103008807999795e-06
19,0,8,0.2245991426609562,0.06626764029247711,0.04995893487923618,0,0.0,4.4707320443194336e-07
19,0,9,0.2245991426609562,0.06626764029247711,0.05575855866579396,0,0.0,8.822694604699007e-08
19,0,10,0.2245991426609562,0.06626764029247711,0.061558182452351735,0,0.0,6.9832182088522616e-09
19,0,11,0.2245991426609562,0.06626764029247711,0.06735780623890952,0,0.0,2.1512860362102452e-10
19,0,12,0.2245991426609562,0.06626764029247711,0.07315743002546729,0,0.0,8.23640582203957e-13
19,0,13,0.2245991426609562,0.06626764029247711,0.07895705381202506,0,0.0,2.7265015712563807e-14
19,0,14,0.2245991426609562,0.06626764029247711,0.08475667759858284,0,0.0,5.488880889918851e-16
19,0,15,0.2245991426609562,0.06626764029247711,0.09055630138514062,0,0.0,0.0
19,0,16,0.2245991426609562,0.06626764029247711,0.09635592517169839,0,0.0,0.0
19,0,17,0.2245991426609562,0.06626764029247711,0.10215554895825617,0,0.0,0.0
19,0,18,0.2245991426609562,0.06626764029247711,0.10795517274481395,0,0.0,0.0
19,0,19,0.2245991426609562,0.06626764029247711,0.11375479653137172,0,0.0,0.0
19,1,0,0.2245991426609562,0.07534911933247435,0.0035619445867739875,0,0.0,8.2943488960342e-05
19,1,1,0.2245991426609562,0.07534911933247435,0.009361568373331762,0,0.0,0.00010294238577356896
19,1,2,0.2245991426609562,0.07534911933247435,0.015161192159889538,0,0.0,8.243420540985497e-05
19,1,3,0.2245991426609562,0.07534911933247435,0.020960815946447314,1,0.0001,5.4207742393165305e-05
19,1,4,0.2245991426609562,0.07534911933247435,0.026760439733005088,0,0.0,2.910345226675915e-05
19,1,5,0.2245991426609562,0.07534911933247435,0.032560063519562865,0,0.0,1.083821134635871e-05
19,1,6,0.2245991426609562,0.07534911933247435,0.03835968730612063,0,0.0,4.471135530371011e-06
19,1,7,0.2245991426609562,0.07534911933247435,0.04415931109267841,0,0.0,3.5136259661847663e-06
19,1,8,0.2245991426609562,0.07534911933247435,0.04995893487923618,0,0.0,1.7976431546945812e-06
19,1,9,0.2245991426609562,0.07534911933247435,0.05575855866579396,0,0.0,3.830615869450418e-07
19,1,10,0.2245991426609562,0.07534911933247435,0.061558182452351735,0,0.0,3.195284894435079e-08
19,1,11,0.2245991426609562,0.07534911933247435,0.06735780623890952,0,0.0,1.1008333641935928e-09
19,1,12,0.2245991426609562,0.07534911933247435,0.07315743002546729,0,0.0,1.4795708497000906e-11
19,1,13,0.2245991426609562,0.07534911933247435,0.07895705381202506,0,0.0,7.220102910225471e-13
19,1,14,0.2245991426609562,0.07534911933247435,0.08475667759858284,0,0.0,1.8451121186205145e-14
19,1,15,0.2245991426609562,0.07534911933247435,0.09055630138514062,0,0.0,0.0
19,1,16,0.2245991426609562,0.07534911933247435,0.09635592517169839,0,0.0,0.0
19,1,17,0.2245991426609562,0.07534911933247435,0.10215554895825617,0,0.0,0.0
19,1,18,0.2245991426609562,0.07534911933247435,0.10795517274481395,0,0.0,0.0
19,1,19,0.2245991426609562,0.07534911933247435,0.11375479653137172,0,0.0,0.0
19,2,0,0.2245991426609562,0.08443059837247156,0.0035619445867739875,0,0.0,3.6276684591600994e-05
19,2,1,0.2245991426609562,0.08443059837247156,0.009361568373331762,0,0.0,4.5924511904980146e-05
19,2,2,0.2245991426609562,0.08443059837247156,0.015161192159889538,0,0.0,4.1585812934881814e-05
19,2,3,0.2245991426609562,0.08443059837247156,0.020960815946447314,0,0.0,3.528837711981675e-05
19,2,4,0.2245991426609562,0.08443059837247156,0.026760439733005088,1,0.0001,2.5858250827599985e-05
19,2,5,0.2245991426609562,0.08443059837247156,0.032560063519562865,0,0.0,1.2604579475942597e-05
19,2,6,0.2245991426609562,0.08443059837247156,0.03835968730612063,0,0.0,6.303590914784927e-06
19,2,7,0.2245991426609562,0.08443059837247156,0.04415931109267841,0,0.0,5.463786739436377e-06
19,2,8,0.2245991426609562,0.08443059837247156,0.04995893487923618,0,0.0,2.9339153657800116e-06
19,2,9,0.2245991426609562,0.08443059837247156,0.05575855866579396,0,0.0,6.495716989826194e-07
19,2,10,0.2245991426609562,0.08443059837247156,0.061558182452351735,0,0.0,5.8258866994790754e-08
19,2,11,0.2245991426609562,0.08443059837247156,0.06735780623890952,0,0.0,2.6657950439298845e-09
19,2,12,0.2245991426609562,0.08443059837247156,0.07315743002546729,0,0.0,1.2630381521161984e-10
19,2,13,0.2245991426609562,0.08443059837247156,0.07895705381202506,0,0.0,8.139254179728572e-12
19,2,14,0.2245991426609562,0.08443059837247156,0.08475667759858284,0,0.0,2.305255980753839e-13
19,2,15,0.2245991426609562,0.08443059837247156,0.09055630138514062,0,0.0,0.0
19,2,16,0.2245991426609562,0.08443059837247156,0.09635592517169839,0,0.0,0.0
19,2,17,0.2245991426609562,0.08443059837247156,0.10215554895825617,0,0.0,0.0
19,2,18,0.2245991426609562,0.08443059837247156,0.10795517274481395,0,0.0,0.0
19,2,19,0.2245991426609562,0.08443059837247156,0.11375479653137172,0,0.0,0.0
19,3,0,0.2245991426609562,0.09351207741246878,0.0035619445867739875,0,0.0,7.610951676935146e-06
19,3,1,0.2245991426609562,0.09351207741246878,0.009361568373331762,0,0.0,1.0235312475708502e-05
19,3,2,0.2245991426609562,0.09351207741246878,0.015161192159889538,0,0.0,1.0827318731442137e-05
19,3,3,0.2245991426609562,0.09351207741246878,0.020960815946447314,0,0.0,1.2215900380482544e-05
19,3,4,0.2245991426609562,0.09351207741246878,0.026760439733005088,0,0.0,1.2102364932316335e-05
19,3,5,0.2245991426609562,0.09351207741246878,0.032560063519562865,0,0.0,7.66768863323171e-06
19,3,6,0.2245991426609562,0.09351207741246878,0.03835968730612063,0,0.0,4.632086749552278e-06
19,3,7,0.2245991426609562,0.09351207741246878,0.04415931109267841,0,0.0,3.776278368766743e-06
19,3,8,0.2245991426609562,0.09351207741246878,0.04995893487923618,0,0.0,1.9430252907303392e-06
19,3,9,0.2245991426609562,0.09351207741246878,0.05575855866579396,0,0.0,4.4388904996846674e-07
19,3,10,0.2245991426609562,0.09351207741246878,0.061558182452351735,0,0.0,4.74048483445355e-08
19,3,11,0.2245991426609562,0.09351207741246878,0.06735780623890952,0,0.0,4.222795809495813e-09
19,3,12,0.2245991426609562,0.09351207741246878,0.07315743002546729,0,0.0,5.037138112732784e-10
19,3,13,0.2245991426609562,0.09351207741246878,0.07895705381202506,0,0.0,3.745952548676608e-11
19,3,14,0.2245991426609562,0.09351207741246878,0.08475667759858284,0,0.0,1.103131575439327e-12
19,3,15,0.2245991426609562,0.09351207741246878,0.09055630138514062,0,0.0,0.0
19,3,16,0.2245991426609562,0.09351207741246878,0.09635592517169839,0,0.0,0.0
19,3,17,0.2245991426609562,0.09351207741246878,0.10215554895825617,0,0.0,0.0
19,3,18,0.2245991426609562,0.09351207741246878,0.10795517274481395,0,0.0,0.0
19,3,19,0.2245991426609562,0.09351207741246878,0.11375479653137172,0,0.0,0.0
19,4,0,0.2245991426609562,0.10259355645246601,0.0035619445867739875,0,0.0,7.898295829046229e-07
19,4,1,0.2245991426609562,0.10259355645246601,0.009361568373331762,0,0.0,1.2616407896432448e-06
19,4,2,0.2245991426609562,0.10259355645246601,0.015161192159889538,0,0.0,1.7065398364273198e-06
19,4,3,0.2245991426609562,0.10259355645246601,0.020960815946447314,0,0.0,2.510971633445191e-06
19,4,4,0.2245991426609562,0.10259355645246601,0.026760439733005088,0,0.0,3.3197738699101915e-06
19,4,5,0.2245991426609562,0.10259355645246601,0.032560063519562865,0,0.0,3.056412223898922e-06
19,4,6,0.2245991426609562,0.10259355645246601,0.03835968730612063,0,0.0,2.177014462110303e-06
19,4,7,0.2245991426609562,0.10259355645246601,0.04415931109267841,0,0.0,1.3615904055280004e-06
19,4,8,0.2245991426609562,0.10259355645246601,0.04995893487923618,0,0.0,5.951129614224108e-07
19,4,9,0.2245991426609562,0.10259355645246601,0.05575855866579396,0,0.0,1.4384130583409088e-07
19,4,10,0.2245991426609562,0.10259355645246601,0.061558182452351735,0,0.0,2.372717701780172e-08
19,4,11,0.2245991426609562,0.10259355645246601,0.06735780623890952,0,0.0,5.111174573847878e-09
19,4,12,0.2245991426609562,0.10259355645246601,0.07315743002546729,0,0.0,9.118821764353027e-10
19,4,13,0.2245991426609562,0.10259355645246601,0.07895705381202506,0,0.0,7.160842546218604e-11
19,4,14,0.2245991426609562,0.10259355645246601,0.08475667759858284,0,0.0,2.1324188057159614e-12
19,4,15,0.2245991426609562,0.10259355645246601,0.09055630138514062,0,0.0,0.0
19,4,16,0.2245991426609562,0.10259355645246601,0.09635592517169839,0,0.0,0.0
19,4,17,0.2245991426609562,0.10259355645246601,0.10215554895825617,0,0.0,0.0
19,4,18,0.2245991426609562,0.10259355645246601,0.10795517274481395,0,0.0,0.0
19,4,19,0.2245991426609562,0.10259355645246601,0.11375479653137172,0,0.0,0.0
19,5,0,0.2245991426609562,0.11167503549246324,0.0035619445867739875,0,0.0,5.102300760838036e-08
19,5,1,0.2245991426609562,0.11167503549246324,0.009361568373331762,0,0.0,1.2361608934862269e-07
19,5,2,0.2245991426609562,0.11167503549246324,0.015161192159889538,0,0.0,2.2789531252652596e-07
19,5,3,0.2245991426609562,0.11167503549246324,0.020960815946447314,0,0.0,4.0523737832452073e-07
19,5,4,0.2245991426609562,0.11167503549246324,0.026760439733005088,0,0.0,7.70950057008257e-07
19,5,5,0.2245991426609562,0.11167503549246324,0.032560063519562865,0,0.0,1.03471098682647e-06
19,5,6,0.2245991426609562,0.11167503549246324,0.03835968730612063,0,0.0,7.96758496692731e-07
19,5,7,0.2245991426609562,0.11167503549246324,0.04415931109267841,0,0.0,4.0407430328473726e-07
19,5,8,0.2245991426609562,0.11167503549246324,0.04995893487923618,0,0.0,1.523706025332008e-07
19,5,9,0.2245991426609562,0.11167503549246324,0.05575855866579396,0,0.0,4.1008590771516686e-08
19,5,10,0.2245991426609562,0.11167503549246324,0.061558182452351735,0,0.0,1.1478441396779313e-08
19,5,11,0.2245991426609562,0.11167503549246324,0.06735780623890952,0,0.0,3.917265600842573e-09
19,5,12,0.2245991426609562,0.11167503549246324,0.07315743002546729,0,0.0,7.677910163522994e-10
19,5,13,0.2245991426609562,0.11167503549246324,0.07895705381202506,0,0.0,6.088498347400116e-11
19,5,14,0.2245991426609562,0.11167503549246324,0.08475667759858284,0,0.0,1.8105191121232775e-12
19,5,15,0.2245991426609562,0.11167503549246324,0.09055630138514062,0,0.0,0.0
19,5,16,0.2245991426609562,0.11167503549246324,0.09635592517169839,0,0.0,0.0
19,5,17,0.2245991426609562,0.11167503549246324,0.10215554895825617,0,0.0,0.0
19,5,18,0.2245991426609562,0.11167503549246324,0.10795517274481395,0,0.0,0.0
19,5,19,0.2245991426609562,0.11167503549246324,0.11375479653137172,0,0.0,0.0
19,6,0,0.2245991426609562,0.12075651453246046,0.0035619445867739875,0,0.0,3.081170463648751e-09
19,6,1,0.2245991426609562,0.12075651453246046,0.009361568373331762,0,0.0,1.2129289118019582e-08
19,6,2,0.2245991426609562,0.12075651453246046,0.015161192159889538,0,0.0,2.6758063965006582e-08
19,6,3,0.2245991426609562,0.12075651453246046,0.020960815946447314,0,0.0,5.5604275566616514e-08
19,6,4,0.2245991426609562,0.12075651453246046,0.026760439733005088,0,0.0,1.3829089297445668e-07
19,6,5,0.2245991426609562,0.12075651453246046,0.032560063519562865,0,0.0,2.2382789210401834e-07
19,6,6,0.2245991426609562,0.12075651453246046,0.03835968730612063,0,0.0,2.018316849435053e-07
19,6,7,0.2245991426609562,0.12075651453246046,0.04415931109267841,0,0.0,1.238003072270176e-07
19,6,8,0.2245991426609562,0.12075651453246046,0.04995893487923618,0,0.0,5.324920465714675e-08
19,6,9,0.2245991426609562,0.12075651453246046,0.05575855866579396,0,0.0,1.501957315242112e-08
19,6,10,0.2245991426609562,0.12075651453246046,0.061558182452351735,0,0.0,4.498868771459441e-09
19,6,11,0.2245991426609562,0.12075651453246046,0.06735780623890952,0,0.0,1.5841771445586793e-09
19,6,12,0.2245991426609562,0.12075651453246046,0.07315743002546729,0,0.0,3.0815151363878124e-10
19,6,13,0.2245991426609562,0.12075651453246046,0.07895705381202506,0,0.0,2.4270391353443225e-11
19,6,14,0.2245991426609562,0.12075651453246046,0.08475667759858284,0,0.0,7.176437323480604e-13
19,6,15,0.2245991426609562,0.12075651453246046,0.09055630138514062,0,0.0,0.0
19,6,16,0.2245991426609562,0.12075651453246046,0.09635592517169839,0,0.0,0.0
19,6,17,0.2245991426609562,0.12075651453246046,0.10215554895825617,0,0.0,0.0
19,6,18,0.2245991426609562,0.12075651453246046,0.10795517274481395,0,0.0,0.0
19,6,19,0.2245991426609562,0.12075651453246046,0.11375479653137172,0,0.0,0.0
19,7,0,0.2245991426609562,0.12983799357245768,0.0035619445867739875,0,0.0,1.657799403498395e-10
19,7,1,0.2245991426609562,0.12983799357245768,0.009361568373331762,0,0.0,7.78484496846987e-10
19,7,2,0.2245991426609562,0.12983799357245768,0.015161192159889538,0,0.0,1.8635111194794444e-09
19,7,3,0.2245991426609562,0.12983799357245768,0.020960815946447314,0,0.0,4.568542161009793e-09
19,7,4,0.2245991426609562,0.12983799357245768,0.026760439733005088,0,0.0,1.3216737185711028e-08
19,7,5,0.2245991426609562,0.12983799357245768,0.032560063519562865,0,0.0,2.5148833559008025e-08
19,7,6,0.2245991426609562,0.12983799357245768,0.03835968730612063,0,0.0,2.993193073375214e-08
19,7,7,0.2245991426609562,0.12983799357245768,0.04415931109267841,0,0.0,2.4397131368857982e-08
19,7,8,0.2245991426609562,0.12983799357245768,0.04995893487923618,0,0.0,1.1892254267925554e-08
19,7,9,0.2245991426609562,0.12983799357245768,0.05575855866579396,0,0.0,3.3054771179305228e-09
19,7,10,0.2245991426609562,0.12983799357245768,0.061558182452351735,0,0.0,8.92113909515121e-10
19,7,11,0.2245991426609562,0.12983799357245768,0.06735780623890952,0,0.0,2.9431711546094825e-10
19,7,12,0.2245991426609562,0.12983799357245768,0.07315743002546729,0,0.0,5.602599651657441e-11
19,7,13,0.2245991426609562,0.12983799357245768,0.07895705381202506,0,0.0,4.379419416945053e-12
19,7,14,0.2245991426609562,0.12983799357245768,0.08475667759858284,0,0.0,1.2889530689397382e-13
19,7,15,0.2245991426609562,0.12983799357245768,0.09055630138514062,0,0.0,0.0
19,7,16,0.2245991426609562,0.12983799357245768,0.09635592517169839,0,0.0,0.0
19,7,17,0.2245991426609562,0.12983799357245768,0.10215554895825617,0,0.0,0.0
19,7,18,0.2245991426609562,0.12983799357245768,0.10795517274481395,0,0.0,0.0
19,7,19,0.2245991426609562,0.12983799357245768,0.11375479653137172,0,0.0,0.0
19,8,0,0.2245991426609562,0.1389194726124549,0.0035619445867739875,0,0.0,4.376513477270683e-12
19,8,1,0.2245991426609562,0.1389194726124549,0.009361568373331762,0,0.0,2.1869752342740138e-11
19,8,2,0.2245991426609562,0.1389194726124549,0.015161192159889538,0,0.0,6.165785729648805e-11
19,8,3,0.2245991426609562,0.1389194726124549,0.020960815946447314,0,0.0,2.1038045719172178e-10
19,8,4,0.2245991426609562,0.1389194726124549,0.026760439733005088,0,0.0,7.19981275742365e-10
19,8,5,0.2245991426609562,0.1389194726124549,0.032560063519562865,0,0.0,1.5977066159773873e-09
19,8,6,0.2245991426609562,0.1389194726124549,0.03835968730612063,0,0.0,2.3843729975821658e-09
19,8,7,0.2245991426609562,0.1389194726124549,0.04415931109267841,0,0.0,2.330336760146723e-09
19,8,8,0.2245991426609562,0.1389194726124549,0.04995893487923618,0,0.0,1.2137509682760947e-09
19,8,9,0.2245991426609562,0.1389194726124549,0.05575855866579396,0,0.0,3.229566429451615e-10
19,8,10,0.2245991426609562,0.1389194726124549,0.061558182452351735,0,0.0,7.448340265846124e-11
19,8,11,0.2245991426609562,0.1389194726124549,0.06735780623890952,0,0.0,2.25435720557495e-11
19,8,12,0.2245991426609562,0.1389194726124549,0.07315743002546729,0,0.0,4.216438623082415e-12
19,8,13,0.2245991426609562,0.1389194726124549,0.07895705381202506,0,0.0,3.2822945504002964e-13
19,8,14,0.2245991426609562,0.1389194726124549,0.08475667759858284,0,0.0,9.637226659846486e-15
19,8,15,0.2245991426609562,0.1389194726124549,0.09055630138514062,0,0.0,0.0
19,8,16,0.2245991426609562,0.1389194726124549,0.09635592517169839,0,0.0,0.0
19,8,17,0.2245991426609562,0.1389194726124549,0.10215554895825617,0,0.0,0.0
19,8,18,0.2245991426609562,0.1389194726124549,0.10795517274481395,0,0.0,0.0
19,8,19,0.2245991426609562,0.1389194726124549,0.11375479653137172,0,0.0,0.0
19,9,0,0.2245991426609562,0.14800095165245214,0.0035619445867739875,0,0.0,8.233321334878275e-16
19,9,1,0.2245991426609562,0.14800095165245214,0.009361568373331762,0,0.0,3.662779832791434e-14
19,9,2,0.2245991426609562,0.14800095165245214,0.015161192159889538,0,0.0,6.515714497704649e-13
19,9,3,0.2245991426609562,0.14800095165245214,0.020960815946447314,0,0.0,5.603702194476095e-12
19,9,4,0.2245991426609562,0.14800095165245214,0.026760439733005088,0,0.0,2.408173600669752e-11
19,9,5,0.2245991426609562,0.14800095165245214,0.032560063519562865,0,0.0,5.757545823532256e-11
19,9,6,0.2245991426609562,0.14800095165245214,0.03835968730612063,0,0.0,9.580076204999266e-11
19,9,7,0.2245991426609562,0.14800095165245214,0.04415931109267841,0,0.0,1.0525329427075527e-10
19,9,8,0.2245991426609562,0.14800095165245214,0.04995893487923618,0,0.0,5.74380535909953e-11
19,9,9,0.2245991426609562,0.14800095165245214,0.05575855866579396,0,0.0,1.434327727130862e-11
19,9,10,0.2245991426609562,0.14800095165245214,0.061558182452351735,0,0.0,2.5769013062759982e-12
19,9,11,0.2245991426609562,0.14800095165245214,0.06735780623890952,0,0.0,6.620040221099154e-13
19,9,12,0.2245991426609562,0.14800095165245214,0.07315743002546729,0,0.0,1.206303004566071e-13
19,9,13,0.2245991426609562,0.14800095165245214,0.07895705381202506,0,0.0,9.362782615350545e-15
19,9,14,0.2245991426609562,0.14800095165245214,0.08475667759858284,0,0.0,2.7444404449594257e-16
19,9,15,0.2245991426609562,0.14800095165245214,0.09055630138514062,0,0.0,0.0
19,9,16,0.2245991426609562,0.14800095165245214,0.09635592517169839,0,0.0,0.0
19,9,17,0.2245991426609562,0.14800095165245214,0.10215554895825617,0,0.0,0.0
19,9,18,0.2245991426609562,0.14800095165245214,0.10795517274481395,0,0.0,0.0
19,9,19,0.2245991426609562,0.14800095165245214,0.11375479653137172,0,0.0,0.0
19,10,0,0.2245991426609562,0.15708243069244937,0.0035619445867739875,0,0.0,0.0
19,10,1,0.2245991426609562,0.15708243069244937,0.009361568373331762,0,0.0,2.7444404449594257e-16
19,10,2,0.2245991426609562,0.15708243069244937,0.015161192159889538,0,0.0,9.088338570854601e-15
19,10,3,0.2245991426609562,0.15708243069244937,0.020960815946447314,0,0.0,1.1126751784125652e-13
19,10,4,0.2245991426609562,0.15708243069244937,0.026760439733005088,0,0.0,5.143831499852404e-13
19,10,5,0.2245991426609562,0.15708243069244937,0.032560063519562865,0,0.0,1.0395434259407449e-12
19,10,6,0.2245991426609562,0.15708243069244937,0.03835968730612063,0,0.0,1.4886194185305938e-12
19,10,7,0.2245991426609562,0.15708243069244937,0.04415931109267841,0,0.0,1.7469309626246953e-12
19,10,8,0.2245991426609562,0.15708243069244937,0.04995893487923618,0,0.0,1.001501284257917e-12
19,10,9,0.2245991426609562,0.15708243069244937,0.05575855866579396,0,0.0,2.2171170354902523e-13
19,10,10,0.2245991426609562,0.15708243069244937,0.061558182452351735,0,0.0,1.8176677141709203e-14
19,10,11,0.2245991426609562,0.15708243069244937,0.06735780623890952,0,0.0,5.488880889918851e-16
19,10,12,0.2245991426609562,0.15708243069244937,0.07315743002546729,0,0.0,0.0
19,10,13,0.2245991426609562,0.15708243069244937,0.07895705381202506,0,0.0,0.0
19,10,14,0.2245991426609562,0.15708243069244937,0.08475667759858284,0,0.0,0.0
19,10,15,0.2245991426609562,0.15708243069244937,0.09055630138514062,0,0.0,0.0
19,10,16,0.2245991426609562,0.15708243069244937,0.09635592517169839,0,0.0,0.0
19,10,17,0.2245991426609562,0.15708243069244937,0.10215554895825617,0,0.0,0.0
19,10,18,0.2245991426609562,0.15708243069244937,0.10795517274481395,0,0.0,0.0
19,10,19,0.2245991426609562,0.15708243069244937,0.11375479653137172,0,0.0,0.0
19,11,0,0.2245991426609562,0.1661639097324466,0.0035619445867739875,0,0.0,0.0
19,11,1,0.2245991426609562,0.1661639097324466,0.009361568373331762,0,0.0,0.0
19,11,2,0.2245991426609562,0.1661639097324466,0.015161192159889538,0,0.0,0.0
19,11,3,0.2245991426609562,0.1661639097324466,0.020960815946447314,0,0.0,0.0
19,11,4,0.2245991426609562,0.1661639097324466,0.026760439733005088,0,0.0,0.0
19,11,5,0.2245991426609562,0.1661639097324466,0.032560063519562865,0,0.0,0.0
19,11,6,0.2245991426609562,0.1661639097324466,0.03835968730612063,0,0.0,0.0
19,11,7,0.2245991426609562,0.1661639097324466,0.04415931109267841,0,0.0,0.0
19,11,8,0.2245991426609562,0.1661639097324466,0.04995893487923618,0,0.0,0.0
19,11,9,0.2245991426609562,0.1661639097324466,0.05575855866579396,0,0.0,0.0
19,11,10,0.2245991426609562,0.1661639097324466,0.061558182452351735,0,0.0,0.0
19,11,11,0.2245991426609562,0.1661639097324466,0.06735780623890952,0,0.0,0.0
19,11,12,0.2245991426609562,0.1661639097324466,0.07315743002546729,0,0.0,0.0
19,11,13,0.2245991426609562,0.1661639097324466,0.07895705381202506,0,0.0,0.0
19,11,14,0.2245991426609562,0.1661639097324466,0.08475667759858284,0,0.0,0.0
19,11,15,0.2245991426609562,0.1661639097324466,0.09055630138514062,0,0.0,0.0
19,11,16,0.2245991426609562,0.1661639097324466,0.09635592517169839,0,0.0,0.0
19,11,17,0.2245991426609562,0.1661639097324466,0.10215554895825617,0,0.0,0.0
19,11,18,0.2245991426609562,0.1661639097324466,0.10795517274481395,0,0.0,0.0
19,11,19,0.2245991426609562,0.1661639097324466,0.11375479653137172,0,0.0,0.0
19,12,0,0.2245991426609562,0.17524538877244383,0.0035619445867739875,0,0.0,0.0
19,12,1,0.2245991426609562,0.17524538877244383,0.009361568373331762,0,0.0,0.0
19,12,2,0.2245991426609562,0.17524538877244383,0.015161192159889538,0,0.0,0.0
19,12,3,0.2245991426609562,0.17524538877244383,0.020960815946447314,0,0.0,0.0
19,12,4,0.2245991426609562,0.17524538877244383,0.026760439733005088,0,0.0,0.0
19,12,5,0.2245991426609562,0.17524538877244383,0.032560063519562865,0,0.0,0.0
19,12,6,0.2245991426609562,0.17524538877244383,0.03835968730612063,0,0.0,0.0
19,12,7,0.2245991426609562,0.17524538877244383,0.04415931109267841,0,0.0,0.0
19,12,8,0.2245991426609562,0.17524538877244383,0.04995893487923618,0,0.0,0.0
19,12,9,0.2245991426609562,0.17524538877244383,0.05575855866579396,0,0.0,0.0
19,12,10,0.2245991426609562,0.17524538877244383,0.061558182452351735,0,0.0,0.0
19,12,11,0.2245991426609562,0.17524538877244383,0.06735780623890952,0,0.0,0.0
19,12,12,0.2245991426609562,0.17524538877244383,0.07315743002546729,0,0.0,0.0
19,12,13,0.2245991426609562,0.17524538877244383,0.07895705381202506,0,0.0,0.0
19,12,14,0.2245991426609562,0.17524538877244383,0.08475667759858284,0,0.0,0.0
19,12,15,0.2245991426609562,0.17524538877244383,0.09055630138514062,0,0.0,0.0
19,12,16,0.2245991426609562,0.17524538877244383,0.09635592517169839,0,0.0,0.0
19,12,17,0.2245991426609562,0.17524538877244383,0.10215554895825617,0,0.0,0.0
19,12,18,0.2245991426609562,0.17524538877244383,0.10795517274481395,0,0.0,0.0
19,12,19,0.2245991426609562,0.17524538877244383,0.11375479653137172,0,0.0,0.0
19,13,0,0.2245991426609562,0.18432686781244106,0.0035619445867739875,0,0.0,0.0
19,13,1,0.2245991426609562,0.18432686781244106,0.009361568373331762,0,0.0,0.0
19,13,2,0.2245991426609562,0.18432686781244106,0.015161192159889538,0,0.0,0.0
19,13,3,0.2245991426609562,0.18432686781244106,0.020960815946447314,0,0.0,0.0
19,13,4,0.2245991426609562,0.18432686781244106,0.026760439733005088,0,0.0,0.0
19,13,5,0.2245991426609562,0.18432686781244106,0.032560063519562865,0,0.0,0.0
19,13,6,0.2245991426609562,0.18432686781244106,0.03835968730612063,0,0.0,0.0
19,13,7,0.2245991426609562,0.18432686781244106,0.04415931109267841,0,0.0,0.0
19,13,8,0.2245991426609562,0.18432686781244106,0.04995893487923618,0,0.0,0.0
19,13,9,0.2245991426609562,0.18432686781244106,0.05575855866579396,0,0.0,0.0
19,13,10,0.2245991426609562,0.18432686781244106,0.061558182452351735,0,0.0,0.0
19,13,11,0.2245991426609562,0.18432686781244106,0.06735780623890952,0,0.0,0.0
19,13,12,0.2245991426609562,0.18432686781244106,0.07315743002546729,0,0.0,0.0
19,13,13,0.2245991426609562,0.18432686781244106,0.07895705381202506,0,0.0,0.0
19,13,14,0.2245991426609562,0.18432686781244106,0.08475667759858284,0,0.0,0.0
19,13,15,0.2245991426609562,0.18432686781244106,0.09055630138514062,0,0.0,0.0
19,13,16,0.2245991426609562,0.18432686781244106,0.09635592517169839,0,0.0,0.0
19,13,17,0.2245991426609562,0.18432686781244106,0.10215554895825617,0,0.0,0.0
19,13,18,0.2245991426609562,0.18432686781244106,0.10795517274481395,0,0.0,0.0
19,13,19,0.2245991426609562,0.18432686781244106,0.11375479653137172,0,0.0,0.0
19,14,0,0.2245991426609562,0.19340834685243827,0.0035619445867739875,0,0.0,0.0
19,14,1,0.2245991426609562,0.19340834685243827,0.009361568373331762,0,0.0,0.0
19,14,2,0.2245991426609562,0.19340834685243827,0.015161192159889538,0,0.0,0.0
19,14,3,0.2245991426609562,0.19340834685243827,0.020960815946447314,0,0.0,0.0
19,14,4,0.2245991426609562,0.19340834685243827,0.026760439733005088,0,0.0,0.0
19,14,5,0.2245991426609562,0.19340834685243827,0.032560063519562865,0,0.0,0.0
19,14,6,0.2245991426609562,0.19340834685243827,0.03835968730612063,0,0.0,0.0
19,14,7,0.2245991426609562,0.19340834685243827,0.04415931109267841,0,0.0,0.0
19,14,8,0.2245991426609562,0.19340834685243827,0.04995893487923618,0,0.0,0.0
19,14,9,0.2245991426609562,0.19340834685243827,0.05575855866579396,0,0.0,0.0
19,14,10,0.2245991426609562,0.19340834685243827,0.061558182452351735,0,0.0,0.0
19,14,11,0.2245991426609562,0.19340834685243827,0.06735780623890952,0,0.0,0.0
19,14,12,0.2245991426609562,0.19340834685243827,0.07315743002546729,0,0.0,0.0
19,14,13,0.2245991426609562,0.19340834685243827,0.07895705381202506,0,0.0,0.0
19,14,14,0.2245991426609562,0.19340834685243827,0.08475667759858284,0,0.0,0.0
19,14,15,0.2245991426609562,0.19340834685243827,0.09055630138514062,0,0.0,0.0
19,14,16,0.2245991426609562,0.19340834685243827,0.09635592517169839,0,0.0,0.0
19,14,17,0.2245991426609562,0.19340834685243827,0.10215554895825617,0,0.0,0.0
19,14,18,0.2245991426609562,0.19340834685243827,0.10795517274481395,0,0.0,0.0
19,14,19,0.2245991426609562,0.19340834685243827,0.11375479653137172,0,0.0,0.0
19,15,0,0.2245991426609562,0.2024898258924355,0.0035619445867739875,0,0.0,0.0
19,15,1,0.2245991426609562,0.2024898258924355,0.009361568373331762,0,0.0,0.0
19,15,2,0.2245991426609562,0.2024898258924355,0.015161192159889538,0,0.0,0.0
19,15,3,0.2245991426609562,0.2024898258924355,0.020960815946447314,0,0.0,0.0
19,15,4,0.2245991426609562,0.2024898258924355,0.026760439733005088,0,0.0,0.0
19,15,5,0.2245991426609562,0.2024898258924355,0.032560063519562865,0,0.0,0.0
19,15,6,0.2245991426609562,0.2024898258924355,0.03835968730612063,0,0.0,0.0
19,15,7,0.2245991426609562,0.2024898258924355,0.04415931109267841,0,0.0,0.0
19,15,8,0.2245991426609562,0.2024898258924355,0.04995893487923618,0,0.0,0.0
19,15,9,0.2245991426609562,0.2024898258924355,0.05575855866579396,0,0.0,0.0
19,15,10,0.2245991426609562,0.2024898258924355,0.061558182452351735,0,0.0,0.0
19,15,11,0.2245991426609562,0.2024898258924355,0.06735780623890952,0,0.0,0.0
19,15,12,0.2245991426609562,0.2024898258924355,0.07315743002546729,0,0.0,0.0
19,15,13,0.2245991426609562,0.2024898258924355,0.07895705381202506,0,0.0,0.0
19,15,14,0.2245991426609562,0.2024898258924355,0.08475667759858284,0,0.0,0.0
19,15,15,0.2245991426609562,0.2024898258924355,0.09055630138514062,0,0.0,0.0
19,15,16,0.2245991426609562,0.2024898258924355,0.09635592517169839,0,0.0,0.0
19,15,17,0.2245991426609562,0.2024898258924355,0.10215554895825617,0,0.0,0.0
19,15,18,0.2245991426609562,0.2024898258924355,0.10795517274481395,0,0.0,0.0
19,15,19,0.2245991426609562,0.2024898258924355,0.11375479653137172,0,0.0,0.0
19,16,0,0.2245991426609562,0.21157130493243273,0.0035619445867739875,0,0.0,0.0
19,16,1,0.2245991426609562,0.21157130493243273,0.009361568373331762,0,0.0,0.0
19,16,2,0.2245991426609562,0.21157130493243273,0.015161192159889538,0,0.0,0.0
19,16,3,0.2245991426609562,0.21157130493243273,0.020960815946447314,0,0.0,0.0
19,16,4,0.2245991426609562,0.21157130493243273,0.026760439733005088,0,0.0,0.0
19,16,5,0.2245991426609562,0.21157130493243273,0.032560063519562865,0,0.0,0.0
19,16,6,0.2245991426609562,0.21157130493243273,0.03835968730612063,0,0.0,0.0
19,16,7,0.2245991426609562,0.21157130493243273,0.04415931109267841,0,0.0,0.0
19,16,8,0.2245991426609562,0.21157130493243273,0.04995893487923618,0,0.0,0.0
19,16,9,0.2245991426609562,0.21157130493243273,0.05575855866579396,0,0.0,0.0
19,16,10,0.2245991426609562,0.21157130493243273,0.061558182452351735,0,0.0,0.0
19,16,11,0.2245991426609562,0.21157130493243273,0.06735780623890952,0,0.0,0.0
19,16,12,0.2245991426609562,0.21157130493243273,0.07315743002546729,0,0.0,0.0
19,16,13,0.2245991426609562,0.21157130493243273,0.07895705381202506,0,0.0,0.0
19,16,14,0.2245991426609562,0.21157130493243273,0.08475667759858284,0,0.0,0.0
19,16,15,0.2245991426609562,0.21157130493243273,0.09055630138514062,0,0.0,0.0
19,16,16,0.2245991426609562,0.21157130493243273,0.09635592517169839,0,0.0,0.0
19,16,17,0.2245991426609562,0.21157130493243273,0.10215554895825617,0,0.0,0.0
19,16,18,0.2245991426609562,0.21157130493243273,0.10795517274481395,0,0.0,0.0
19,16,19,0.2245991426609562,0.21157130493243273,0.11375479653137172,0,0.0,0.0
19,17,0,0.2245991426609562,0.22065278397242996,0.0035619445867739875,0,0.0,0.0
19,17,1,0.2245991426609562,0.22065278397242996,0.009361568373331762,0,0.0,0.0
19,17,2,0.2245991426609562,0.22065278397242996,0.015161192159889538,0,0.0,0.0
19,17,3,0.2245991426609562,0.22065278397242996,0.020960815946447314,0,0.0,0.0
19,17,4,0.2245991426609562,0.22065278397242996,0.026760439733005088,0,0.0,0.0
19,17,5,0.2245991426609562,0.22065278397242996,0.032560063519562865,0,0.0,0.0
19,17,6,0.2245991426609562,0.22065278397242996,0.03835968730612063,0,0.0,0.0
19,17,7,0.2245991426609562,0.22065278397242996,0.04415931109267841,0,0.0,0.0
19,17,8,0.2245991426609562,0.22065278397242996,0.04995893487923618,0,0.0,0.0
19,17,9,0.2245991426609562,0.22065278397242996,0.05575855866579396,0,0.0,0.0
19,17,10,0.2245991426609562,0.22065278397242996,0.061558182452351735,0,0.0,0.0
19,17,11,0.2245991426609562,0.22065278397242996,0.06735780623890952,0,0.0,0.0
19,17,12,0.2245991426609562,0.22065278397242996,0.07315743002546729,0,0.0,0.0
19,17,13,0.2245991426609562,0.22065278397242996,0.07895705381202506,0,0.0,0.0
19,17,14,0.2245991426609562,0.22065278397242996,0.08475667759858284,0,0.0,0.0
19,17,15,0.2245991426609562,0.22065278397242996,0.09055630138514062,0,0.0,0.0
19,17,16,0.2245991426609562,0.22065278397242996,0.09635592517169839,0,0.0,0.0
19,17,17,0.2245991426609562,0.22065278397242996,0.10215554895825617,0,0.0,0.0
19,17,18,0.2245991426609562,0.22065278397242996,0.10795517274481395,0,0.0,0.0
19,17,19,0.2245991426609562,0.22065278397242996,0.11375479653137172,0,0.0,0.0
19,18,0,0.2245991426609562,0.22973426301242716,0.0035619445867739875,0,0.0,0.0
19,18,1,0.2245991426609562,0.22973426301242716,0.009361568373331762,0,0.0,0.0
19,18,2,0.2245991426609562,0.22973426301242716,0.015161192159889538,0,0.0,0.0
19,18,3,0.2245991426609562,0.22973426301242716,0.020960815946447314,0,0.0,0.0
19,18,4,0.2245991426609562,0.22973426301242716,0.026760439733005088,0,0.0,0.0
19,18,5,0.2245991426609562,0.22973426301242716,0.032560063519562865,0,0.0,0.0
19,18,6,0.2245991426609562,0.22973426301242716,0.03835968730612063,0,0.0,0.0
19,18,7,0.2245991426609562,0.22973426301242716,0.04415931109267841,0,0.0,0.0
19,18,8,0.2245991426609562,0.22973426301242716,0.04995893487923618,0,0.0,0.0
19,18,9,0.2245991426609562,0.22973426301242716,0.05575855866579396,0,0.0,0.0
19,18,10,0.2245991426609562,0.22973426301242716,0.061558182452351735,0,0.0,0.0
19,18,11,0.2245991426609562,0.22973426301242716,0.06735780623890952,0,0.0,0.0
19,18,12,0.2245991426609562,0.22973426301242716,0.07315743002546729,0,0.0,0.0
19,18,13,0.2245991426609562,0.22973426301242716,0.07895705381202506,0,0.0,0.0
19,18,14,0.2245991426609562,0.22973426301242716,0.08475667759858284,0,0.0,0.0
19,18,15,0.2245991426609562,0.22973426301242716,0.09055630138514062,0,0.0,0.0
19,18,16,0.2245991426609562,0.22973426301242716,0.09635592517169839,0,0.0,0.0
19,18,17,0.2245991426609562,0.22973426301242716,0.10215554895825617,0,0.0,0.0
19,18,18,0.2245991426609562,0.22973426301242716,0.10795517274481395,0,0.0,0.0
19,18,19,0.2245991426609562,0.22973426301242716,0.11375479653137172,0,0.0,0.0
19,19,0,0.2245991426609562,0.2388157420524244,0.0035619445867739875,0,0.0,0.0
19,19,1,0.2245991426609562,0.2388157420524244,0.009361568373331762,0,0.0,0.0
19,19,2,0.2245991426609562,0.2388157420524244,0.015161192159889538,0,0.0,0.0
19,19,3,0.2245991426609562,0.2388157420524244,0.020960815946447314,0,0.0,0.0
19,19,4,0.2245991426609562,0.2388157420524244,0.026760439733005088,0,0.0,0.0
19,19,5,0.2245991426609562,0.2388157420524244,0.032560063519562865,0,0.0,0.0
19,19,6,0.2245991426609562,0.2388157420524244,0.03835968730612063,0,0.0,0.0
19,19,7,0.2245991426609562,0.2388157420524244,0.04415931109267841,0,0.0,0.0
19,19,8,0.2245991426609562,0.2388157420524244,0.04995893487923618,0,0.0,0.0
19,19,9,0.2245991426609562,0.2388157420524244,0.05575855866579396,0,0.0,0.0
19,19,10,0.2245991426609562,0.2388157420524244,0.061558182452351735,0,0.0,0.0
19,19,11,0.2245991426609562,0.2388157420524244,0.06735780623890952,0,0.0,0.0
19,19,12,0.2245991426609562,0.2388157420524244,0.07315743002546729,0,0.0,0.0
19,19,13,0.2245991426609562,0.2388157420524244,0.07895705381202506,0,0.0,0.0
19,19,14,0.2245991426609562,0.2388157420524244,0.08475667759858284,0,0.0,0.0
19,19,15,0.2245991426609562,0.2388157420524244,0.09055630138514062,0,0.0,0.0
19,19,16,0.2245991426609562,0.2388157420524244,0.09635592517169839,0,0.0,0.0
19,19,17,0.2245991426609562,0.2388157420524244,0.10215554895825617,0,0.0,0.0
19,19,18,0.2245991426609562,0.2388157420524244,0.10795517274481395,0,0.0,0.0
19,19,19,0.2245991426609562,0.2388157420524244,0.11375479653137172,0,0.0,0.0
