tau_bin,mse_bin,crps_bin,tau_center,mse_center,crps_center,raw_count,raw_probability,kde_probability
0,0,0,-0.6397548867683092,0.029245325136015476,0.0038596493596003397,0,0.0,0.0
0,0,1,-0.6397548867683092,0.029245325136015476,0.01104639358803542,0,0.0,0.0
0,0,2,-0.6397548867683092,0.029245325136015476,0.0182331378164705,0,0.0,0.0
0,0,3,-0.6397548867683092,0.029245325136015476,0.02541988204490558,0,0.0,0.0
0,0,4,-0.6397548867683092,0.029245325136015476,0.032606626273340655,0,0.0,0.0
0,0,5,-0.6397548867683092,0.029245325136015476,0.03979337050177574,0,0.0,0.0
0,0,6,-0.6397548867683092,0.029245325136015476,0.046980114730210826,0,0.0,0.0
0,0,7,-0.6397548867683092,0.029245325136015476,0.0541668589586459,0,0.0,0.0
0,0,8,-0.6397548867683092,0.029245325136015476,0.06135360318708098,0,0.0,0.0
0,0,9,-0.6397548867683092,0.029245325136015476,0.06854034741551607,0,0.0,0.0
0,0,10,-0.6397548867683092,0.029245325136015476,0.07572709164395114,0,0.0,0.0
0,0,11,-0.6397548867683092,0.029245325136015476,0.08291383587238624,0,0.0,0.0
0,0,12,-0.6397548867683092,0.029245325136015476,0.09010058010082131,0,0.0,0.0
0,0,13,-0.6397548867683092,0.029245325136015476,0.09728732432925638,0,0.0,0.0
0,0,14,-0.6397548867683092,0.029245325136015476,0.10447406855769147,0,0.0,0.0
0,0,15,-0.6397548867683092,0.029245325136015476,0.11166081278612655,0,0.0,0.0
0,0,16,-0.6397548867683092,0.029245325136015476,0.11884755701456162,0,0.0,0.0
0,0,17,-0.6397548867683092,0.029245325136015476,0.12603430124299672,0,0.0,0.0
0,0,18,-0.6397548867683092,0.029245325136015476,0.1332210454714318,0,0.0,0.0
0,0,19,-0.6397548867683092,0.029245325136015476,0.14040778969986686,0,0.0,0.0
0,1,0,-0.6397548867683092,0.045170572136065026,0.0038596493596003397,0,0.0,0.0
0,1,1,-0.6397548867683092,0.045170572136065026,0.01104639358803542,0,0.0,0.0
0,1,2,-0.6397548867683092,0.045170572136065026,0.0182331378164705,0,0.0,0.0
0,1,3,-0.6397548867683092,0.045170572136065026,0.02541988204490558,0,0.0,0.0
0,1,4,-0.6397548867683092,0.045170572136065026,0.032606626273340655,0,0.0,0.0
0,1,5,-0.6397548867683092,0.045170572136065026,0.03979337050177574,0,0.0,0.0
0,1,6,-0.6397548867683092,0.045170572136065026,0.046980114730210826,0,0.0,0.0
0,1,7,-0.6397548867683092,0.045170572136065026,0.0541668589586459,0,0.0,0.0
0,1,8,-0.6397548867683092,0.045170572136065026,0.06135360318708098,0,0.0,0.0
0,1,9,-0.6397548867683092,0.045170572136065026,0.06854034741551607,0,0.0,0.0
0,1,10,-0.6397548867683092,0.045170572136065026,0.07572709164395114,0,0.0,0.0
0,1,11,-0.6397548867683092,0.045170572136065026,0.08291383587238624,0,0.0,0.0
0,1,12,-0.6397548867683092,0.045170572136065026,0.09010058010082131,0,0.0,0.0
0,1,13,-0.6397548867683092,0.045170572136065026,0.09728732432925638,0,0.0,0.0
0,1,14,-0.6397548867683092,0.045170572136065026,0.10447406855769147,0,0.0,0.0
0,1,15,-0.6397548867683092,0.045170572136065026,0.11166081278612655,0,0.0,0.0
0,1,16,-0.6397548867683092,0.045170572136065026,0.11884755701456162,0,0.0,0.0
0,1,17,-0.6397548867683092,0.045170572136065026,0.12603430124299672,0,0.0,0.0
0,1,18,-0.6397548867683092,0.045170572136065026,0.1332210454714318,0,0.0,0.0
0,1,19,-0.6397548867683092,0.045170572136065026,0.14040778969986686,0,0.0,0.0
0,2,0,-0.6397548867683092,0.06109581913611459,0.0038596493596003397,0,0.0,6.436085341499125e-13
0,2,1,-0.6397548867683092,0.06109581913611459,0.01104639358803542,0,0.0,1.1830708569590103e-12
0,2,2,-0.6397548867683092,0.06109581913611459,0.0182331378164705,0,0.0,1.2640649118425966e-12
0,2,3,-0.6397548867683092,0.06109581913611459,0.02541988204490558,0,0.0,1.1830708569590103e-12
0,2,4,-0.6397548867683092,0.06109581913611459,0.032606626273340655,0,0.0,6.436085341499125e-13
0,2,5,-0.6397548867683092,0.06109581913611459,0.03979337050177574,0,0.0,1.4137507038152094e-13
0,2,6,-0.6397548867683092,0.06109581913611459,0.046980114730210826,0,0.0,1.1576078228614303e-14
0,2,7,-0.6397548867683092,0.06109581913611459,0.0541668589586459,0,0.0,3.495672727962196e-16
0,2,8,-0.6397548867683092,0.06109581913611459,0.06135360318708098,0,0.0,0.0
0,2,9,-0.6397548867683092,0.06109581913611459,0.06854034741551607,0,0.0,0.0
0,2,10,-0.6397548867683092,0.06109581913611459,0.07572709164395114,0,0.0,0.0
0,2,11,-0.6397548867683092,0.06109581913611459,0.08291383587238624,0,0.0,0.0
0,2,12,-0.6397548867683092,0.06109581913611459,0.09010058010082131,0,0.0,0.0
0,2,13,-0.6397548867683092,0.06109581913611459,0.09728732432925638,0,0.0,0.0
0,2,14,-0.6397548867683092,0.06109581913611459,0.10447406855769147,0,0.0,0.0
0,2,15,-0.6397548867683092,0.06109581913611459,0.11166081278612655,0,0.0,0.0
0,2,16,-0.6397548867683092,0.06109581913611459,0.11884755701456162,0,0.0,0.0
0,2,17,-0.6397548867683092,0.06109581913611459,0.12603430124299672,0,0.0,0.0
0,2,18,-0.6397548867683092,0.06109581913611459,0.1332210454714318,0,0.0,0.0
0,2,19,-0.6397548867683092,0.06109581913611459,0.14040778969986686,0,0.0,0.0
0,3,0,-0.6397548867683092,0.07702106613616413,0.0038596493596003397,0,0.0,3.1032406283405205e-10
0,3,1,-0.6397548867683092,0.07702106613616413,0.01104639358803542,0,0.0,5.23189264989411e-10
0,3,2,-0.6397548867683092,0.07702106613616413,0.0182331378164705,0,0.0,3.5710435638009233e-10
0,3,3,-0.6397548867683092,0.07702106613616413,0.02541988204490558,0,0.0,1.2342843629229775e-10
0,3,4,-0.6397548867683092,0.07702106613616413,0.032606626273340655,0,0.0,3.1355857746130395e-11
0,3,5,-0.6397548867683092,0.07702106613616413,0.03979337050177574,0,0.0,5.2418488534386985e-12
0,3,6,-0.6397548867683092,0.07702106613616413,0.046980114730210826,0,0.0,3.956222752239477e-13
0,3,7,-0.6397548867683092,0.07702106613616413,0.0541668589586459,0,0.0,1.15760782286143e-14
0,3,8,-0.6397548867683092,0.07702106613616413,0.06135360318708098,0,0.0,0.0
0,3,9,-0.6397548867683092,0.07702106613616413,0.06854034741551607,0,0.0,0.0
0,3,10,-0.6397548867683092,0.07702106613616413,0.07572709164395114,0,0.0,0.0
0,3,11,-0.6397548867683092,0.07702106613616413,0.08291383587238624,0,0.0,0.0
0,3,12,-0.6397548867683092,0.07702106613616413,0.09010058010082131,0,0.0,0.0
0,3,13,-0.6397548867683092,0.07702106613616413,0.09728732432925638,0,0.0,0.0
0,3,14,-0.6397548867683092,0.07702106613616413,0.10447406855769147,0,0.0,0.0
0,3,15,-0.6397548867683092,0.07702106613616413,0.11166081278612655,0,0.0,0.0
0,3,16,-0.6397548867683092,0.07702106613616413,0.11884755701456162,0,0.0,0.0
0,3,17,-0.6397548867683092,0.07702106613616413,0.12603430124299672,0,0.0,0.0
0,3,18,-0.6397548867683092,0.07702106613616413,0.1332210454714318,0,0.0,0.0
0,3,19,-0.6397548867683092,0.07702106613616413,0.14040778969986686,0,0.0,0.0
0,4,0,-0.6397548867683092,0.09294631313621368,0.0038596493596003397,0,0.0,1.788341841489222e-08
0,4,1,-0.6397548867683092,0.09294631313621368,0.01104639358803542,0,0.0,2.3522652130119828e-08
0,4,2,-0.6397548867683092,0.09294631313621368,0.0182331378164705,0,0.0,1.4790772277554682e-08
0,4,3,-0.6397548867683092,0.09294631313621368,0.02541988204490558,0,0.0,5.644114546694197e-09
0,4,4,-0.6397548867683092,0.09294631313621368,0.032606626273340655,0,0.0,2.7217238961651605e-09
0,4,5,-0.6397548867683092,0.09294631313621368,0.03979337050177574,0,0.0,1.2436109666626093e-09
0,4,6,-0.6397548867683092,0.09294631313621368,0.046980114730210826,0,0.0,2.623123809117128e-10
0,4,7,-0.6397548867683092,0.09294631313621368,0.0541668589586459,0,0.0,2.1726600113156115e-11
0,4,8,-0.6397548867683092,0.09294631313621368,0.06135360318708098,0,0.0,7.730579590300228e-13
0,4,9,-0.6397548867683092,0.09294631313621368,0.06854034741551607,0,0.0,1.1576078228614303e-14
0,4,10,-0.6397548867683092,0.09294631313621368,0.07572709164395114,0,0.0,3.495672727962196e-16
0,4,11,-0.6397548867683092,0.09294631313621368,0.08291383587238624,0,0.0,0.0
0,4,12,-0.6397548867683092,0.09294631313621368,0.09010058010082131,0,0.0,0.0
0,4,13,-0.6397548867683092,0.09294631313621368,0.09728732432925638,0,0.0,0.0
0,4,14,-0.6397548867683092,0.09294631313621368,0.10447406855769147,0,0.0,0.0
0,4,15,-0.6397548867683092,0.09294631313621368,0.11166081278612655,0,0.0,0.0
0,4,16,-0.6397548867683092,0.09294631313621368,0.11884755701456162,0,0.0,0.0
0,4,17,-0.6397548867683092,0.09294631313621368,0.12603430124299672,0,0.0,0.0
0,4,18,-0.6397548867683092,0.09294631313621368,0.1332210454714318,0,0.0,0.0
0,4,19,-0.6397548867683092,0.09294631313621368,0.14040778969986686,0,0.0,0.0
0,5,0,-0.6397548867683092,0.10887156013626324,0.0038596493596003397,0,0.0,4.565033946423107e-07
0,5,1,-0.6397548867683092,0.10887156013626324,0.01104639358803542,0,0.0,4.819601302603657e-07
0,5,2,-0.6397548867683092,0.10887156013626324,0.0182331378164705,0,0.0,2.7436009934545446e-07
0,5,3,-0.6397548867683092,0.10887156013626324,0.02541988204490558,0,0.0,1.1823165807417078e-07
0,5,4,-0.6397548867683092,0.10887156013626324,0.032606626273340655,0,0.0,7.617348564327958e-08
0,5,5,-0.6397548867683092,0.10887156013626324,0.03979337050177574,0,0.0,3.9228822009791174e-08
0,5,6,-0.6397548867683092,0.10887156013626324,0.046980114730210826,0,0.0,8.566929785388874e-09
0,5,7,-0.6397548867683092,0.10887156013626324,0.0541668589586459,0,0.0,7.201662668781403e-10
0,5,8,-0.6397548867683092,0.10887156013626324,0.06135360318708098,0,0.0,2.598420990053879e-11
0,5,9,-0.6397548867683092,0.10887156013626324,0.06854034741551607,0,0.0,3.949231406783552e-13
0,5,10,-0.6397548867683092,0.10887156013626324,0.07572709164395114,0,0.0,1.15760782286143e-14
0,5,11,-0.6397548867683092,0.10887156013626324,0.08291383587238624,0,0.0,0.0
0,5,12,-0.6397548867683092,0.10887156013626324,0.09010058010082131,0,0.0,0.0
0,5,13,-0.6397548867683092,0.10887156013626324,0.09728732432925638,0,0.0,0.0
0,5,14,-0.6397548867683092,0.10887156013626324,0.10447406855769147,0,0.0,0.0
0,5,15,-0.6397548867683092,0.10887156013626324,0.11166081278612655,0,0.0,0.0
0,5,16,-0.6397548867683092,0.10887156013626324,0.11884755701456162,0,0.0,0.0
0,5,17,-0.6397548867683092,0.10887156013626324,0.12603430124299672,0,0.0,0.0
0,5,18,-0.6397548867683092,0.10887156013626324,0.1332210454714318,0,0.0,0.0
0,5,19,-0.6397548867683092,0.10887156013626324,0.14040778969986686,0,0.0,0.0
0,6,0,-0.6397548867683092,0.1247968071363128,0.0038596493596003397,0,0.0,6.406364899258695e-06
0,6,1,-0.6397548867683092,0.1247968071363128,0.01104639358803542,0,0.0,5.622591625209037e-06
0,6,2,-0.6397548867683092,0.1247968071363128,0.0182331378164705,0,0.0,2.7784880598147946e-06
0,6,3,-0.6397548867683092,0.1247968071363128,0.02541988204490558,0,0.0,1.2456122493821483e-06
0,6,4,-0.6397548867683092,0.1247968071363128,0.032606626273340655,0,0.0,8.989097611582316e-07
0,6,5,-0.6397548867683092,0.1247968071363128,0.03979337050177574,0,0.0,4.762251531926337e-07
0,6,6,-0.6397548867683092,0.1247968071363128,0.046980114730210826,0,0.0,1.0481905795643164e-07
0,6,7,-0.6397548867683092,0.1247968071363128,0.0541668589586459,0,0.0,8.93498988103098e-09
0,6,8,-0.6397548867683092,0.1247968071363128,0.06135360318708098,0,0.0,4.1643070619992274e-10
0,6,9,-0.6397548867683092,0.1247968071363128,0.06854034741551607,0,0.0,8.249847720640585e-11
0,6,10,-0.6397548867683092,0.1247968071363128,0.07572709164395114,0,0.0,3.1043694502993664e-11
0,6,11,-0.6397548867683092,0.1247968071363128,0.08291383587238624,0,0.0,5.5778429011555936e-12
0,6,12,-0.6397548867683092,0.1247968071363128,0.09010058010082131,0,0.0,4.1807529713558384e-13
0,6,13,-0.6397548867683092,0.1247968071363128,0.09728732432925638,0,0.0,1.192564550141052e-14
0,6,14,-0.6397548867683092,0.1247968071363128,0.10447406855769147,0,0.0,0.0
0,6,15,-0.6397548867683092,0.1247968071363128,0.11166081278612655,0,0.0,0.0
0,6,16,-0.6397548867683092,0.1247968071363128,0.11884755701456162,0,0.0,0.0
0,6,17,-0.6397548867683092,0.1247968071363128,0.12603430124299672,0,0.0,0.0
0,6,18,-0.6397548867683092,0.1247968071363128,0.1332210454714318,0,0.0,0.0
0,6,19,-0.6397548867683092,0.1247968071363128,0.14040778969986686,0,0.0,0.0
0,7,0,-0.6397548867683092,0.14072205413636235,0.0038596493596003397,0,0.0,5.3732944573610856e-05
0,7,1,-0.6397548867683092,0.14072205413636235,0.01104639358803542,0,0.0,4.204333835223889e-05
0,7,2,-0.6397548867683092,0.14072205413636235,0.0182331378164705,0,0.0,1.7561556671699757e-05
0,7,3,-0.6397548867683092,0.14072205413636235,0.02541988204490558,0,0.0,6.59874436925719e-06
0,7,4,-0.6397548867683092,0.14072205413636235,0.032606626273340655,0,0.0,4.257566989180731e-06
0,7,5,-0.6397548867683092,0.14072205413636235,0.03979337050177574,0,0.0,2.2036367304066707e-06
0,7,6,-0.6397548867683092,0.14072205413636235,0.046980114730210826,0,0.0,4.934037803433799e-07
0,7,7,-0.6397548867683092,0.14072205413636235,0.0541668589586459,0,0.0,4.722353998710082e-08
0,7,8,-0.6397548867683092,0.14072205413636235,0.06135360318708098,0,0.0,5.280878535780234e-09
0,7,9,-0.6397548867683092,0.14072205413636235,0.06854034741551607,0,0.0,2.6412975487172232e-09
0,7,10,-0.6397548867683092,0.14072205413636235,0.07572709164395114,0,0.0,1.0255575007587713e-09
0,7,11,-0.6397548867683092,0.14072205413636235,0.08291383587238624,0,0.0,1.8472471427185242e-10
0,7,12,-0.6397548867683092,0.14072205413636235,0.09010058010082131,0,0.0,1.3845101984682236e-11
0,7,13,-0.6397548867683092,0.14072205413636235,0.09728732432925638,0,0.0,3.949231406783552e-13
0,7,14,-0.6397548867683092,0.14072205413636235,0.10447406855769147,0,0.0,0.0
0,7,15,-0.6397548867683092,0.14072205413636235,0.11166081278612655,0,0.0,0.0
0,7,16,-0.6397548867683092,0.14072205413636235,0.11884755701456162,0,0.0,0.0
0,7,17,-0.6397548867683092,0.14072205413636235,0.12603430124299672,0,0.0,0.0
0,7,18,-0.6397548867683092,0.14072205413636235,0.1332210454714318,0,0.0,0.0
0,7,19,-0.6397548867683092,0.14072205413636235,0.14040778969986686,0,0.0,0.0
0,8,0,-0.6397548867683092,0.1566473011364119,0.0038596493596003397,0,0.0,0.0002921698287137827
0,8,1,-0.6397548867683092,0.1566473011364119,0.01104639358803542,0,0.0,0.0002167887093640207
0,8,2,-0.6397548867683092,0.1566473011364119,0.0182331378164705,0,0.0,8.064735157698099e-05
0,8,3,-0.6397548867683092,0.1566473011364119,0.02541988204490558,0,0.0,2.3196972866965833e-05
0,8,4,-0.6397548867683092,0.1566473011364119,0.032606626273340655,0,0.0,1.0199890147186037e-05
0,8,5,-0.6397548867683092,0.1566473011364119,0.03979337050177574,0,0.0,4.76878329746048e-06
0,8,6,-0.6397548867683092,0.1566473011364119,0.046980114730210826,0,0.0,1.2841005445511948e-06
0,8,7,-0.6397548867683092,0.1566473011364119,0.0541668589586459,0,0.0,2.3604316856650066e-07
0,8,8,-0.6397548867683092,0.1566473011364119,0.06135360318708098,0,0.0,6.464797310609412e-08
0,8,9,-0.6397548867683092,0.1566473011364119,0.06854034741551607,0,0.0,3.500885337323334e-08
0,8,10,-0.6397548867683092,0.1566473011364119,0.07572709164395114,0,0.0,1.3680679910882556e-08
0,8,11,-0.6397548867683092,0.1566473011364119,0.08291383587238624,0,0.0,2.5083953469293235e-09
0,8,12,-0.6397548867683092,0.1566473011364119,0.09010058010082131,0,0.0,1.9041336498213868e-10
0,8,13,-0.6397548867683092,0.1566473011364119,0.09728732432925638,0,0.0,5.596132380787544e-12
0,8,14,-0.6397548867683092,0.1566473011364119,0.10447406855769147,0,0.0,1.1925645501410522e-14
0,8,15,-0.6397548867683092,0.1566473011364119,0.11166081278612655,0,0.0,3.495672727962196e-16
0,8,16,-0.6397548867683092,0.1566473011364119,0.11884755701456162,0,0.0,0.0
0,8,17,-0.6397548867683092,0.1566473011364119,0.12603430124299672,0,0.0,0.0
0,8,18,-0.6397548867683092,0.1566473011364119,0.1332210454714318,0,0.0,0.0
0,8,19,-0.6397548867683092,0.1566473011364119,0.14040778969986686,0,0.0,0.0
0,9,0,-0.6397548867683092,0.17257254813646145,0.0038596493596003397,4,0.0004,0.0011884115913330289
0,9,1,-0.6397548867683092,0.17257254813646145,0.01104639358803542,0,0.0,0.000857560880588436
0,9,2,-0.6397548867683092,0.17257254813646145,0.0182331378164705,0,0.0,0.00030447498139015995
0,9,3,-0.6397548867683092,0.17257254813646145,0.02541988204490558,0,0.0,8.016806968886583e-05
0,9,4,-0.6397548867683092,0.17257254813646145,0.032606626273340655,0,0.0,2.7091109737551788e-05
0,9,5,-0.6397548867683092,0.17257254813646145,0.03979337050177574,0,0.0,1.273278022755046e-05
0,9,6,-0.6397548867683092,0.17257254813646145,0.046980114730210826,0,0.0,5.76540728113858e-06
0,9,7,-0.6397548867683092,0.17257254813646145,0.0541668589586459,0,0.0,1.889977414691292e-06
0,9,8,-0.6397548867683092,0.17257254813646145,0.06135360318708098,0,0.0,5.097270298217371e-07
0,9,9,-0.6397548867683092,0.17257254813646145,0.06854034741551607,0,0.0,2.2959119106995776e-07
0,9,10,-0.6397548867683092,0.17257254813646145,0.07572709164395114,0,0.0,9.578234953790613e-08
0,9,11,-0.6397548867683092,0.17257254813646145,0.08291383587238624,0,0.0,1.90436198876661e-08
0,9,12,-0.6397548867683092,0.17257254813646145,0.09010058010082131,0,0.0,1.964473122829662e-09
0,9,13,-0.6397548867683092,0.17257254813646145,0.09728732432925638,0,0.0,3.59662934711437e-10
0,9,14,-0.6397548867683092,0.17257254813646145,0.10447406855769147,0,0.0,8.318246249952666e-11
0,9,15,-0.6397548867683092,0.17257254813646145,0.11166081278612655,0,0.0,9.758671410703154e-12
0,9,16,-0.6397548867683092,0.17257254813646145,0.11884755701456162,0,0.0,5.366477783326724e-13
0,9,17,-0.6397548867683092,0.17257254813646145,0.12603430124299672,0,0.0,1.15760782286143e-14
0,9,18,-0.6397548867683092,0.17257254813646145,0.1332210454714318,0,0.0,0.0
0,9,19,-0.6397548867683092,0.17257254813646145,0.14040778969986686,0,0.0,0.0
0,10,0,-0.6397548867683092,0.188497795136511,0.0038596493596003397,19,0.0019,0.003821799579699148
0,10,1,-0.6397548867683092,0.188497795136511,0.01104639358803542,5,0.0005,0.0027176817668061425
0,10,2,-0.6397548867683092,0.188497795136511,0.0182331378164705,0,0.0,0.0009495484595765322
0,10,3,-0.6397548867683092,0.188497795136511,0.02541988204490558,1,0.0001,0.00025273854683181807
0,10,4,-0.6397548867683092,0.188497795136511,0.032606626273340655,0,0.0,8.694159312793397e-05
0,10,5,-0.6397548867683092,0.188497795136511,0.03979337050177574,0,0.0,4.564770092525297e-05
0,10,6,-0.6397548867683092,0.188497795136511,0.046980114730210826,0,0.0,2.4562136156788724e-05
0,10,7,-0.6397548867683092,0.188497795136511,0.0541668589586459,0,0.0,8.737519964130625e-06
0,10,8,-0.6397548867683092,0.188497795136511,0.06135360318708098,0,0.0,2.3599029302027575e-06
0,10,9,-0.6397548867683092,0.188497795136511,0.06854034741551607,0,0.0,1.2123208126871128e-06
0,10,10,-0.6397548867683092,0.188497795136511,0.07572709164395114,0,0.0,5.949681553087195e-07
0,10,11,-0.6397548867683092,0.188497795136511,0.08291383587238624,0,0.0,1.3677993357350195e-07
0,10,12,-0.6397548867683092,0.188497795136511,0.09010058010082131,0,0.0,2.83180392824556e-08
0,10,13,-0.6397548867683092,0.188497795136511,0.09728732432925638,0,0.0,1.1903486356499244e-08
0,10,14,-0.6397548867683092,0.188497795136511,0.10447406855769147,0,0.0,3.0297245897154364e-09
0,10,15,-0.6397548867683092,0.188497795136511,0.11166081278612655,0,0.0,3.513862170592168e-10
0,10,16,-0.6397548867683092,0.188497795136511,0.11884755701456162,0,0.0,2.1246124222061423e-11
0,10,17,-0.6397548867683092,0.188497795136511,0.12603430124299672,0,0.0,2.2216025317872782e-12
0,10,18,-0.6397548867683092,0.188497795136511,0.1332210454714318,0,0.0,7.849836045314335e-13
0,10,19,-0.6397548867683092,0.188497795136511,0.14040778969986686,0,0.0,1.5295114861013523e-13
0,11,0,-0.6397548867683092,0.20442304213656057,0.0038596493596003397,95,0.0095,0.008565028934053307
0,11,1,-0.6397548867683092,0.20442304213656057,0.01104639358803542,5,0.0005,0.006183235728202091
0,11,2,-0.6397548867683092,0.20442304213656057,0.0182331378164705,1,0.0001,0.0022171787007630407
0,11,3,-0.6397548867683092,0.20442304213656057,0.02541988204490558,1,0.0001,0.000597745889878624
0,11,4,-0.6397548867683092,0.20442304213656057,0.032606626273340655,0,0.0,0.00019786018032003975
0,11,5,-0.6397548867683092,0.20442304213656057,0.03979337050177574,1,0.0001,9.770944840230739e-05
0,11,6,-0.6397548867683092,0.20442304213656057,0.046980114730210826,0,0.0,5.097851104050103e-05
0,11,7,-0.6397548867683092,0.20442304213656057,0.0541668589586459,0,0.0,1.8731964704723004e-05
0,11,8,-0.6397548867683092,0.20442304213656057,0.06135360318708098,0,0.0,6.872693279816486e-06
0,11,9,-0.6397548867683092,0.20442304213656057,0.06854034741551607,0,0.0,4.991281598650009e-06
0,11,10,-0.6397548867683092,0.20442304213656057,0.07572709164395114,0,0.0,2.632097424006416e-06
0,11,11,-0.6397548867683092,0.20442304213656057,0.08291383587238624,0,0.0,7.23207052693558e-07
0,11,12,-0.6397548867683092,0.20442304213656057,0.09010058010082131,0,0.0,3.089259048345512e-07
0,11,13,-0.6397548867683092,0.20442304213656057,0.09728732432925638,0,0.0,1.6845339993378876e-07
0,11,14,-0.6397548867683092,0.20442304213656057,0.10447406855769147,0,0.0,4.3166632152803586e-08
0,11,15,-0.6397548867683092,0.20442304213656057,0.11166081278612655,0,0.0,4.979416450608514e-09
0,11,16,-0.6397548867683092,0.20442304213656057,0.11884755701456162,0,0.0,3.75569074592657e-10
0,11,17,-0.6397548867683092,0.20442304213656057,0.12603430124299672,0,0.0,8.699954651902531e-11
0,11,18,-0.6397548867683092,0.20442304213656057,0.1332210454714318,0,0.0,3.067678619559781e-11
0,11,19,-0.6397548867683092,0.20442304213656057,0.14040778969986686,0,0.0,5.448393476275483e-12
0,12,0,-0.6397548867683092,0.22034828913661011,0.0038596493596003397,214,0.0214,0.01165866850413705
0,12,1,-0.6397548867683092,0.22034828913661011,0.01104639358803542,36,0.0036,0.008843693629142195
0,12,2,-0.6397548867683092,0.22034828913661011,0.0182331378164705,1,0.0001,0.003445203529051254
0,12,3,-0.6397548867683092,0.22034828913661011,0.02541988204490558,0,0.0,0.000978259788165206
0,12,4,-0.6397548867683092,0.22034828913661011,0.032606626273340655,0,0.0,0.0002995522852228144
0,12,5,-0.6397548867683092,0.22034828913661011,0.03979337050177574,0,0.0,0.00012500891194247707
0,12,6,-0.6397548867683092,0.22034828913661011,0.046980114730210826,0,0.0,5.859519690576323e-05
0,12,7,-0.6397548867683092,0.22034828913661011,0.0541668589586459,0,0.0,2.367570564578033e-05
0,12,8,-0.6397548867683092,0.22034828913661011,0.06135360318708098,0,0.0,1.4424928777517827e-05
0,12,9,-0.6397548867683092,0.22034828913661011,0.06854034741551607,0,0.0,1.2596900033169102e-05
0,12,10,-0.6397548867683092,0.22034828913661011,0.07572709164395114,0,0.0,6.7050260183608745e-06
0,12,11,-0.6397548867683092,0.22034828913661011,0.08291383587238624,0,0.0,2.5399748148633224e-06
0,12,12,-0.6397548867683092,0.22034828913661011,0.09010058010082131,0,0.0,1.8598620583093747e-06
0,12,13,-0.6397548867683092,0.22034828913661011,0.09728732432925638,0,0.0,1.089929332632127e-06
0,12,14,-0.6397548867683092,0.22034828913661011,0.10447406855769147,0,0.0,2.79921183683088e-07
0,12,15,-0.6397548867683092,0.22034828913661011,0.11166081278612655,0,0.0,3.45360322096314e-08
0,12,16,-0.6397548867683092,0.22034828913661011,0.11884755701456162,0,0.0,4.400793294546485e-09
0,12,17,-0.6397548867683092,0.22034828913661011,0.12603430124299672,0,0.0,1.5584791414135426e-09
0,12,18,-0.6397548867683092,0.22034828913661011,0.1332210454714318,0,0.0,4.780738419253531e-10
0,12,19,-0.6397548867683092,0.22034828913661011,0.14040778969986686,0,0.0,7.469323566162117e-11
0,13,0,-0.6397548867683092,0.2362735361366597,0.0038596493596003397,94,0.0094,0.009013105617546433
0,13,1,-0.6397548867683092,0.2362735361366597,0.01104639358803542,66,0.0066,0.007457965762491317
0,13,2,-0.6397548867683092,0.2362735361366597,0.0182331378164705,15,0.0015,0.003356614040508806
0,13,3,-0.6397548867683092,0.2362735361366597,0.02541988204490558,3,0.0003,0.0010883566611873678
0,13,4,-0.6397548867683092,0.2362735361366597,0.032606626273340655,1,0.0001,0.0003324496594958795
0,13,5,-0.6397548867683092,0.2362735361366597,0.03979337050177574,0,0.0,0.00012361830658579279
0,13,6,-0.6397548867683092,0.2362735361366597,0.046980114730210826,0,0.0,5.716943559097305e-05
0,13,7,-0.6397548867683092,0.2362735361366597,0.0541668589586459,0,0.0,2.9296331151727163e-05
0,13,8,-0.6397548867683092,0.2362735361366597,0.06135360318708098,0,0.0,2.528287429646625e-05
0,13,9,-0.6397548867683092,0.2362735361366597,0.06854034741551607,0,0.0,2.3130974832288663e-05
0,13,10,-0.6397548867683092,0.2362735361366597,0.07572709164395114,0,0.0,1.3389232796831993e-05
0,13,11,-0.6397548867683092,0.2362735361366597,0.08291383587238624,0,0.0,7.1407251923382025e-06
0,13,12,-0.6397548867683092,0.2362735361366597,0.09010058010082131,0,0.0,6.147385496914006e-06
0,13,13,-0.6397548867683092,0.2362735361366597,0.09728732432925638,0,0.0,3.640072644312925e-06
0,13,14,-0.6397548867683092,0.2362735361366597,0.10447406855769147,0,0.0,1.0370354687372243e-06
0,13,15,-0.6397548867683092,0.2362735361366597,0.11166081278612655,0,0.0,1.8909942553701095e-07
0,13,16,-0.6397548867683092,0.2362735361366597,0.11884755701456162,0,0.0,4.469055580714431e-08
0,13,17,-0.6397548867683092,0.2362735361366597,0.12603430124299672,0,0.0,1.4905172133762853e-08
0,13,18,-0.6397548867683092,0.2362735361366597,0.1332210454714318,0,0.0,3.573952917425775e-09
0,13,19,-0.6397548867683092,0.2362735361366597,0.14040778969986686,0,0.0,4.665191642322682e-10
0,14,0,-0.6397548867683092,0.25219878313670924,0.0038596493596003397,13,0.0013,0.003966601119021688
0,14,1,-0.6397548867683092,0.25219878313670924,0.01104639358803542,24,0.0024,0.003760809099409633
0,14,2,-0.6397548867683092,0.25219878313670924,0.0182331378164705,14,0.0014,0.0021117742803063197
0,14,3,-0.6397548867683092,0.25219878313670924,0.02541988204490558,8,0.0008,0.0008831535103895879
0,14,4,-0.6397548867683092,0.25219878313670924,0.032606626273340655,0,0.0,0.0003303462273056569
0,14,5,-0.6397548867683092,0.25219878313670924,0.03979337050177574,0,0.0,0.00014644282785933506
0,14,6,-0.6397548867683092,0.25219878313670924,0.046980114730210826,0,0.0,8.489212620335189e-05
0,14,7,-0.6397548867683092,0.25219878313670924,0.0541668589586459,0,0.0,4.9498700986451034e-05
0,14,8,-0.6397548867683092,0.25219878313670924,0.06135360318708098,0,0.0,3.730347073605183e-05
0,14,9,-0.6397548867683092,0.25219878313670924,0.06854034741551607,1,0.0001,3.372304876138787e-05
0,14,10,-0.6397548867683092,0.25219878313670924,0.07572709164395114,0,0.0,2.405299455167026e-05
0,14,11,-0.6397548867683092,0.25219878313670924,0.08291383587238624,0,0.0,1.6112700521923375e-05
0,14,12,-0.6397548867683092,0.25219878313670924,0.09010058010082131,0,0.0,1.275444989776557e-05
0,14,13,-0.6397548867683092,0.25219878313670924,0.09728732432925638,0,0.0,7.929588432613797e-06
0,14,14,-0.6397548867683092,0.25219878313670924,0.10447406855769147,0,0.0,3.3266842542332145e-06
0,14,15,-0.6397548867683092,0.25219878313670924,0.11166081278612655,0,0.0,1.1238013958743839e-06
0,14,16,-0.6397548867683092,0.25219878313670924,0.11884755701456162,0,0.0,3.2708560964948883e-07
0,14,17,-0.6397548867683092,0.25219878313670924,0.12603430124299672,0,0.0,8.122568907282734e-08
0,14,18,-0.6397548867683092,0.25219878313670924,0.1332210454714318,0,0.0,1.5326709649049877e-08
0,14,19,-0.6397548867683092,0.25219878313670924,0.14040778969986686,0,0.0,2.145690196675103e-09
0,15,0,-0.6397548867683092,0.2681240301367588,0.0038596493596003397,1,0.0001,0.0010637720059858702
0,15,1,-0.6397548867683092,0.2681240301367588,0.01104639358803542,3,0.0003,0.0012753375102185526
0,15,2,-0.6397548867683092,0.2681240301367588,0.0182331378164705,6,0.0006,0.0010121652637008146
0,15,3,-0.6397548867683092,0.2681240301367588,0.02541988204490558,2,0.0002,0.0006306798295523773
0,15,4,-0.6397548867683092,0.2681240301367588,0.032606626273340655,0,0.0,0.0003692789430579847
0,15,5,-0.6397548867683092,0.2681240301367588,0.03979337050177574,1,0.0001,0.00024462137958030625
0,15,6,-0.6397548867683092,0.2681240301367588,0.046980114730210826,3,0.0003,0.00016542754862514423
0,15,7,-0.6397548867683092,0.2681240301367588,0.0541668589586459,0,0.0,9.267502789850384e-05
0,15,8,-0.6397548867683092,0.2681240301367588,0.06135360318708098,0,0.0,5.217583373596052e-05
0,15,9,-0.6397548867683092,0.2681240301367588,0.06854034741551607,0,0.0,4.3955541549676896e-05
0,15,10,-0.6397548867683092,0.2681240301367588,0.07572709164395114,0,0.0,4.120974320046116e-05
0,15,11,-0.6397548867683092,0.2681240301367588,0.08291383587238624,0,0.0,3.3796646776038454e-05
0,15,12,-0.6397548867683092,0.2681240301367588,0.09010058010082131,0,0.0,2.4215588602190247e-05
0,15,13,-0.6397548867683092,0.2681240301367588,0.09728732432925638,0,0.0,1.6668280632500674e-05
0,15,14,-0.6397548867683092,0.2681240301367588,0.10447406855769147,0,0.0,1.0170900352022932e-05
0,15,15,-0.6397548867683092,0.2681240301367588,0.11166081278612655,0,0.0,4.428335723903137e-06
0,15,16,-0.6397548867683092,0.2681240301367588,0.11884755701456162,0,0.0,1.2682665744600489e-06
0,15,17,-0.6397548867683092,0.2681240301367588,0.12603430124299672,0,0.0,2.605848603397572e-07
0,15,18,-0.6397548867683092,0.2681240301367588,0.1332210454714318,0,0.0,5.321819619741693e-08
0,15,19,-0.6397548867683092,0.2681240301367588,0.14040778969986686,0,0.0,1.3285484734982074e-08
0,16,0,-0.6397548867683092,0.2840492771368084,0.0038596493596003397,0,0.0,0.0002170944847781131
0,16,1,-0.6397548867683092,0.2840492771368084,0.01104639358803542,0,0.0,0.0003777574645569309
0,16,2,-0.6397548867683092,0.2840492771368084,0.0182331378164705,3,0.0003,0.00045674760185892416
0,16,3,-0.6397548867683092,0.2840492771368084,0.02541988204490558,1,0.0001,0.0004366751183072591
0,16,4,-0.6397548867683092,0.2840492771368084,0.032606626273340655,6,0.0006,0.0003919647071854598
0,16,5,-0.6397548867683092,0.2840492771368084,0.03979337050177574,4,0.0004,0.0003309208960514396
0,16,6,-0.6397548867683092,0.2840492771368084,0.046980114730210826,5,0.0005,0.00023641673095150167
0,16,7,-0.6397548867683092,0.2840492771368084,0.0541668589586459,0,0.0,0.0001379996450683845
0,16,8,-0.6397548867683092,0.2840492771368084,0.06135360318708098,0,0.0,7.637689958905841e-05
0,16,9,-0.6397548867683092,0.2840492771368084,0.06854034741551607,0,0.0,6.365159163790282e-05
0,16,10,-0.6397548867683092,0.2840492771368084,0.07572709164395114,0,0.0,7.023028381941029e-05
0,16,11,-0.6397548867683092,0.2840492771368084,0.08291383587238624,0,0.0,6.526176532634652e-05
0,16,12,-0.6397548867683092,0.2840492771368084,0.09010058010082131,0,0.0,4.645373596770985e-05
0,16,13,-0.6397548867683092,0.2840492771368084,0.09728732432925638,0,0.0,3.296790095361986e-05
0,16,14,-0.6397548867683092,0.2840492771368084,0.10447406855769147,0,0.0,2.1505875607805942e-05
0,16,15,-0.6397548867683092,0.2840492771368084,0.11166081278612655,0,0.0,9.337723517070084e-06
0,16,16,-0.6397548867683092,0.2840492771368084,0.11884755701456162,0,0.0,2.584623628411551e-06
0,16,17,-0.6397548867683092,0.2840492771368084,0.12603430124299672,0,0.0,5.770310999131499e-07
0,16,18,-0.6397548867683092,0.2840492771368084,0.1332210454714318,0,0.0,1.761923367319671e-07
0,16,19,-0.6397548867683092,0.2840492771368084,0.14040778969986686,0,0.0,6.018975366685909e-08
0,17,0,-0.6397548867683092,0.2999745241368579,0.0038596493596003397,0,0.0,4.365973187177402e-05
0,17,1,-0.6397548867683092,0.2999745241368579,0.01104639358803542,0,0.0,0.00010912794629653339
0,17,2,-0.6397548867683092,0.2999745241368579,0.0182331378164705,0,0.0,0.00018290213628611329
0,17,3,-0.6397548867683092,0.2999745241368579,0.02541988204490558,1,0.0001,0.00024233896867950261
0,17,4,-0.6397548867683092,0.2999745241368579,0.032606626273340655,3,0.0003,0.00028537459303308056
0,17,5,-0.6397548867683092,0.2999745241368579,0.03979337050177574,3,0.0003,0.00027537674665422594
0,17,6,-0.6397548867683092,0.2999745241368579,0.046980114730210826,0,0.0,0.0002084101374914411
0,17,7,-0.6397548867683092,0.2999745241368579,0.0541668589586459,1,0.0001,0.00013789982638594156
0,17,8,-0.6397548867683092,0.2999745241368579,0.06135360318708098,0,0.0,9.408453985524929e-05
0,17,9,-0.6397548867683092,0.2999745241368579,0.06854034741551607,0,0.0,8.788475230575328e-05
0,17,10,-0.6397548867683092,0.2999745241368579,0.07572709164395114,0,0.0,0.00010060101509440683
0,17,11,-0.6397548867683092,0.2999745241368579,0.08291383587238624,1,0.0001,9.632715766605034e-05
0,17,12,-0.6397548867683092,0.2999745241368579,0.09010058010082131,0,0.0,7.309831524845307e-05
0,17,13,-0.6397548867683092,0.2999745241368579,0.09728732432925638,0,0.0,5.384492166579202e-05
0,17,14,-0.6397548867683092,0.2999745241368579,0.10447406855769147,0,0.0,3.469442055051411e-05
0,17,15,-0.6397548867683092,0.2999745241368579,0.11166081278612655,0,0.0,1.480088760406588e-05
0,17,16,-0.6397548867683092,0.2999745241368579,0.11884755701456162,0,0.0,4.1812521981137046e-06
0,17,17,-0.6397548867683092,0.2999745241368579,0.12603430124299672,0,0.0,1.131668289007862e-06
0,17,18,-0.6397548867683092,0.2999745241368579,0.1332210454714318,0,0.0,3.946207366394226e-07
0,17,19,-0.6397548867683092,0.2999745241368579,0.14040778969986686,0,0.0,1.320094938568571e-07
0,18,0,-0.6397548867683092,0.3158997711369075,0.0038596493596003397,0,0.0,8.194050500706493e-06
0,18,1,-0.6397548867683092,0.3158997711369075,0.01104639358803542,0,0.0,2.5022814817579425e-05
0,18,2,-0.6397548867683092,0.3158997711369075,0.0182331378164705,0,0.0,5.176102335528323e-05
0,18,3,-0.6397548867683092,0.3158997711369075,0.02541988204490558,0,0.0,8.856940013420093e-05
0,18,4,-0.6397548867683092,0.3158997711369075,0.032606626273340655,0,0.0,0.0001295471045485429
0,18,5,-0.6397548867683092,0.3158997711369075,0.03979337050177574,1,0.0001,0.00014285658526962163
0,18,6,-0.6397548867683092,0.3158997711369075,0.046980114730210826,1,0.0001,0.00011654522188318785
0,18,7,-0.6397548867683092,0.3158997711369075,0.0541668589586459,0,0.0,8.945109605640771e-05
0,18,8,-0.6397548867683092,0.3158997711369075,0.06135360318708098,0,0.0,8.306227695927104e-05
0,18,9,-0.6397548867683092,0.3158997711369075,0.06854034741551607,0,0.0,9.196941064052221e-05
0,18,10,-0.6397548867683092,0.3158997711369075,0.07572709164395114,1,0.0001,0.00010318345273078907
0,18,11,-0.6397548867683092,0.3158997711369075,0.08291383587238624,0,0.0,9.801741361367717e-05
0,18,12,-0.6397548867683092,0.3158997711369075,0.09010058010082131,0,0.0,8.532901347194935e-05
0,18,13,-0.6397548867683092,0.3158997711369075,0.09728732432925638,0,0.0,7.022594390173577e-05
0,18,14,-0.6397548867683092,0.3158997711369075,0.10447406855769147,0,0.0,4.759991116463108e-05
0,18,15,-0.6397548867683092,0.3158997711369075,0.11166081278612655,0,0.0,2.122682842395604e-05
0,18,16,-0.6397548867683092,0.3158997711369075,0.11884755701456162,0,0.0,5.916599766872512e-06
0,18,17,-0.6397548867683092,0.3158997711369075,0.12603430124299672,0,0.0,1.5139753857401478e-06
0,18,18,-0.6397548867683092,0.3158997711369075,0.1332210454714318,0,0.0,4.6074413833742406e-07
0,18,19,-0.6397548867683092,0.3158997711369075,0.14040778969986686,0,0.0,1.3710683971175325e-07
0,19,0,-0.6397548867683092,0.331825018136957,0.0038596493596003397,0,0.0,1.0609861329173858e-06
0,19,1,-0.6397548867683092,0.331825018136957,0.01104639358803542,0,0.0,3.5126662924339023e-06
0,19,2,-0.6397548867683092,0.331825018136957,0.0182331378164705,0,0.0,8.665339461189348e-06
0,19,3,-0.6397548867683092,0.331825018136957,0.02541988204490558,0,0.0,1.947402035600026e-05
0,19,4,-0.6397548867683092,0.331825018136957,0.032606626273340655,0,0.0,3.612438197027929e-05
0,19,5,-0.6397548867683092,0.331825018136957,0.03979337050177574,0,0.0,4.7066723142253773e-05
0,19,6,-0.6397548867683092,0.331825018136957,0.046980114730210826,0,0.0,4.271539741294933e-05
0,19,7,-0.6397548867683092,0.331825018136957,0.0541668589586459,0,0.0,3.762670002056626e-05
0,19,8,-0.6397548867683092,0.331825018136957,0.06135360318708098,0,0.0,4.525761849495875e-05
0,19,9,-0.6397548867683092,0.331825018136957,0.06854034741551607,0,0.0,5.6702690438424194e-05
0,19,10,-0.6397548867683092,0.331825018136957,0.07572709164395114,0,0.0,6.27938728602581e-05
0,19,11,-0.6397548867683092,0.331825018136957,0.08291383587238624,0,0.0,6.190432397918112e-05
0,19,12,-0.6397548867683092,0.331825018136957,0.09010058010082131,0,0.0,6.448488122614933e-05
0,19,13,-0.6397548867683092,0.331825018136957,0.09728732432925638,0,0.0,5.962527060066473e-05
0,19,14,-0.6397548867683092,0.331825018136957,0.10447406855769147,0,0.0,4.278449673295954e-05
0,19,15,-0.6397548867683092,0.331825018136957,0.11166081278612655,0,0.0,1.9454860821423865e-05
0,19,16,-0.6397548867683092,0.331825018136957,0.11884755701456162,0,0.0,4.90242220200097e-06
0,19,17,-0.6397548867683092,0.331825018136957,0.12603430124299672,0,0.0,9.778383983622173e-07
0,19,18,-0.6397548867683092,0.331825018136957,0.1332210454714318,0,0.0,2.430669766782614e-07
0,19,19,-0.6397548867683092,0.331825018136957,0.14040778969986686,0,0.0,6.534382297999325e-08
1,0,0,-0.572659094613321,0.029245325136015476,0.0038596493596003397,0,0.0,0.0
1,0,1,-0.572659094613321,0.029245325136015476,0.01104639358803542,0,0.0,0.0
1,0,2,-0.572659094613321,0.029245325136015476,0.0182331378164705,0,0.0,0.0
1,0,3,-0.572659094613321,0.029245325136015476,0.02541988204490558,0,0.0,0.0
1,0,4,-0.572659094613321,0.029245325136015476,0.032606626273340655,0,0.0,0.0
1,0,5,-0.572659094613321,0.029245325136015476,0.03979337050177574,0,0.0,0.0
1,0,6,-0.572659094613321,0.029245325136015476,0.046980114730210826,0,0.0,0.0
1,0,7,-0.572659094613321,0.029245325136015476,0.0541668589586459,0,0.0,0.0
1,0,8,-0.572659094613321,0.029245325136015476,0.06135360318708098,0,0.0,0.0
1,0,9,-0.572659094613321,0.029245325136015476,0.06854034741551607,0,0.0,0.0
1,0,10,-0.572659094613321,0.029245325136015476,0.07572709164395114,0,0.0,0.0
1,0,11,-0.572659094613321,0.029245325136015476,0.08291383587238624,0,0.0,0.0
1,0,12,-0.572659094613321,0.029245325136015476,0.09010058010082131,0,0.0,0.0
1,0,13,-0.572659094613321,0.029245325136015476,0.09728732432925638,0,0.0,0.0
1,0,14,-0.572659094613321,0.029245325136015476,0.10447406855769147,0,0.0,0.0
1,0,15,-0.572659094613321,0.029245325136015476,0.11166081278612655,0,0.0,0.0
1,0,16,-0.572659094613321,0.029245325136015476,0.11884755701456162,0,0.0,0.0
1,0,17,-0.572659094613321,0.029245325136015476,0.12603430124299672,0,0.0,0.0
1,0,18,-0.572659094613321,0.029245325136015476,0.1332210454714318,0,0.0,0.0
1,0,19,-0.572659094613321,0.029245325136015476,0.14040778969986686,0,0.0,0.0
1,1,0,-0.572659094613321,0.045170572136065026,0.0038596493596003397,0,0.0,0.0
1,1,1,-0.572659094613321,0.045170572136065026,0.01104639358803542,0,0.0,0.0
1,1,2,-0.572659094613321,0.045170572136065026,0.0182331378164705,0,0.0,0.0
1,1,3,-0.572659094613321,0.045170572136065026,0.02541988204490558,0,0.0,0.0
1,1,4,-0.572659094613321,0.045170572136065026,0.032606626273340655,0,0.0,0.0
1,1,5,-0.572659094613321,0.045170572136065026,0.03979337050177574,0,0.0,0.0
1,1,6,-0.572659094613321,0.045170572136065026,0.046980114730210826,0,0.0,0.0
1,1,7,-0.572659094613321,0.045170572136065026,0.0541668589586459,0,0.0,0.0
1,1,8,-0.572659094613321,0.045170572136065026,0.06135360318708098,0,0.0,0.0
1,1,9,-0.572659094613321,0.045170572136065026,0.06854034741551607,0,0.0,0.0
1,1,10,-0.572659094613321,0.045170572136065026,0.07572709164395114,0,0.0,0.0
1,1,11,-0.572659094613321,0.045170572136065026,0.08291383587238624,0,0.0,0.0
1,1,12,-0.572659094613321,0.045170572136065026,0.09010058010082131,0,0.0,0.0
1,1,13,-0.572659094613321,0.045170572136065026,0.09728732432925638,0,0.0,0.0
1,1,14,-0.572659094613321,0.045170572136065026,0.10447406855769147,0,0.0,0.0
1,1,15,-0.572659094613321,0.045170572136065026,0.11166081278612655,0,0.0,0.0
1,1,16,-0.572659094613321,0.045170572136065026,0.11884755701456162,0,0.0,0.0
1,1,17,-0.572659094613321,0.045170572136065026,0.12603430124299672,0,0.0,0.0
1,1,18,-0.572659094613321,0.045170572136065026,0.1332210454714318,0,0.0,0.0
1,1,19,-0.572659094613321,0.045170572136065026,0.14040778969986686,0,0.0,0.0
1,2,0,-0.572659094613321,0.06109581913611459,0.0038596493596003397,0,0.0,2.724970438429931e-11
1,2,1,-0.572659094613321,0.06109581913611459,0.01104639358803542,0,0.0,4.650626982236268e-11
1,2,2,-0.572659094613321,0.06109581913611459,0.0182331378164705,0,0.0,4.689537790150407e-11
1,2,3,-0.572659094613321,0.06109581913611459,0.02541988204490558,0,0.0,4.104082128631839e-11
1,2,4,-0.572659094613321,0.06109581913611459,0.032606626273340655,0,0.0,2.1642791513796107e-11
1,2,5,-0.572659094613321,0.06109581913611459,0.03979337050177574,0,0.0,4.706249776924415e-12
1,2,6,-0.572659094613321,0.06109581913611459,0.046980114730210826,0,0.0,3.840461969953334e-13
1,2,7,-0.572659094613321,0.06109581913611459,0.0541668589586459,0,0.0,1.15760782286143e-14
1,2,8,-0.572659094613321,0.06109581913611459,0.06135360318708098,0,0.0,0.0
1,2,9,-0.572659094613321,0.06109581913611459,0.06854034741551607,0,0.0,0.0
1,2,10,-0.572659094613321,0.06109581913611459,0.07572709164395114,0,0.0,0.0
1,2,11,-0.572659094613321,0.06109581913611459,0.08291383587238624,0,0.0,0.0
1,2,12,-0.572659094613321,0.06109581913611459,0.09010058010082131,0,0.0,0.0
1,2,13,-0.572659094613321,0.06109581913611459,0.09728732432925638,0,0.0,0.0
1,2,14,-0.572659094613321,0.06109581913611459,0.10447406855769147,0,0.0,0.0
1,2,15,-0.572659094613321,0.06109581913611459,0.11166081278612655,0,0.0,0.0
1,2,16,-0.572659094613321,0.06109581913611459,0.11884755701456162,0,0.0,0.0
1,2,17,-0.572659094613321,0.06109581913611459,0.12603430124299672,0,0.0,0.0
1,2,18,-0.572659094613321,0.06109581913611459,0.1332210454714318,0,0.0,0.0
1,2,19,-0.572659094613321,0.06109581913611459,0.14040778969986686,0,0.0,0.0
1,3,0,-0.572659094613321,0.07702106613616413,0.0038596493596003397,0,0.0,2.6472299091734187e-09
1,3,1,-0.572659094613321,0.07702106613616413,0.01104639358803542,0,0.0,4.383784893066818e-09
1,3,2,-0.572659094613321,0.07702106613616413,0.0182331378164705,0,0.0,3.5389682766767246e-09
1,3,3,-0.572659094613321,0.07702106613616413,0.02541988204490558,0,0.0,1.9871109972881976e-09
1,3,4,-0.572659094613321,0.07702106613616413,0.032606626273340655,0,0.0,8.106434696039781e-10
1,3,5,-0.572659094613321,0.07702106613616413,0.03979337050177574,0,0.0,1.6224993967190207e-10
1,3,6,-0.572659094613321,0.07702106613616413,0.046980114730210826,0,0.0,1.289396669158481e-11
1,3,7,-0.572659094613321,0.07702106613616413,0.0541668589586459,0,0.0,3.8369662972253713e-13
1,3,8,-0.572659094613321,0.07702106613616413,0.06135360318708098,0,0.0,0.0
1,3,9,-0.572659094613321,0.07702106613616413,0.06854034741551607,0,0.0,0.0
1,3,10,-0.572659094613321,0.07702106613616413,0.07572709164395114,0,0.0,0.0
1,3,11,-0.572659094613321,0.07702106613616413,0.08291383587238624,0,0.0,0.0
1,3,12,-0.572659094613321,0.07702106613616413,0.09010058010082131,0,0.0,0.0
1,3,13,-0.572659094613321,0.07702106613616413,0.09728732432925638,0,0.0,0.0
1,3,14,-0.572659094613321,0.07702106613616413,0.10447406855769147,0,0.0,0.0
1,3,15,-0.572659094613321,0.07702106613616413,0.11166081278612655,0,0.0,0.0
1,3,16,-0.572659094613321,0.07702106613616413,0.11884755701456162,0,0.0,0.0
1,3,17,-0.572659094613321,0.07702106613616413,0.12603430124299672,0,0.0,0.0
1,3,18,-0.572659094613321,0.07702106613616413,0.1332210454714318,0,0.0,0.0
1,3,19,-0.572659094613321,0.07702106613616413,0.14040778969986686,0,0.0,0.0
1,4,0,-0.572659094613321,0.09294631313621368,0.0038596493596003397,0,0.0,9.706061936778558e-08
1,4,1,-0.572659094613321,0.09294631313621368,0.01104639358803542,0,0.0,1.4070420459264686e-07
1,4,2,-0.572659094613321,0.09294631313621368,0.0182331378164705,0,0.0,1.0151066936590515e-07
1,4,3,-0.572659094613321,0.09294631313621368,0.02541988204490558,0,0.0,4.5622693151524555e-08
1,4,4,-0.572659094613321,0.09294631313621368,0.032606626273340655,0,0.0,1.645064252759278e-08
1,4,5,-0.572659094613321,0.09294631313621368,0.03979337050177574,0,0.0,4.206319043167865e-09
1,4,6,-0.572659094613321,0.09294631313621368,0.046980114730210826,0,0.0,6.274634792787043e-10
1,4,7,-0.572659094613321,0.09294631313621368,0.0541668589586459,0,0.0,6.041351928769858e-11
1,4,8,-0.572659094613321,0.09294631313621368,0.06135360318708098,0,0.0,5.712168626997672e-12
1,4,9,-0.572659094613321,0.09294631313621368,0.06854034741551607,0,0.0,3.8334706244974095e-13
1,4,10,-0.572659094613321,0.09294631313621368,0.07572709164395114,0,0.0,1.15760782286143e-14
1,4,11,-0.572659094613321,0.09294631313621368,0.08291383587238624,0,0.0,0.0
1,4,12,-0.572659094613321,0.09294631313621368,0.09010058010082131,0,0.0,0.0
1,4,13,-0.572659094613321,0.09294631313621368,0.09728732432925638,0,0.0,0.0
1,4,14,-0.572659094613321,0.09294631313621368,0.10447406855769147,0,0.0,0.0
1,4,15,-0.572659094613321,0.09294631313621368,0.11166081278612655,0,0.0,0.0
1,4,16,-0.572659094613321,0.09294631313621368,0.11884755701456162,0,0.0,0.0
1,4,17,-0.572659094613321,0.09294631313621368,0.12603430124299672,0,0.0,0.0
1,4,18,-0.572659094613321,0.09294631313621368,0.1332210454714318,0,0.0,0.0
1,4,19,-0.572659094613321,0.09294631313621368,0.14040778969986686,0,0.0,0.0
1,5,0,-0.572659094613321,0.10887156013626324,0.0038596493596003397,0,0.0,1.8452491388296123e-06
1,5,1,-0.572659094613321,0.10887156013626324,0.01104639358803542,0,0.0,2.27749739369432e-06
1,5,2,-0.572659094613321,0.10887156013626324,0.0182331378164705,0,0.0,1.496931609926086e-06
1,5,3,-0.572659094613321,0.10887156013626324,0.02541988204490558,0,0.0,6.157392304807402e-07
1,5,4,-0.572659094613321,0.10887156013626324,0.032606626273340655,0,0.0,2.3245888087443316e-07
1,5,5,-0.572659094613321,0.10887156013626324,0.03979337050177574,0,0.0,8.122032968530673e-08
1,5,6,-0.572659094613321,0.10887156013626324,0.046980114730210826,0,0.0,1.6500355147809353e-08
1,5,7,-0.572659094613321,0.10887156013626324,0.0541668589586459,0,0.0,1.925454852352075e-09
1,5,8,-0.572659094613321,0.10887156013626324,0.06135360318708098,0,0.0,1.9490864174351994e-10
1,5,9,-0.572659094613321,0.10887156013626324,0.06854034741551607,0,0.0,1.3468118756363036e-11
1,5,10,-0.572659094613321,0.10887156013626324,0.07572709164395114,0,0.0,5.243725655584656e-13
1,5,11,-0.572659094613321,0.10887156013626324,0.08291383587238624,0,0.0,1.1576078228614303e-14
1,5,12,-0.572659094613321,0.10887156013626324,0.09010058010082131,0,0.0,3.495672727962196e-16
1,5,13,-0.572659094613321,0.10887156013626324,0.09728732432925638,0,0.0,0.0
1,5,14,-0.572659094613321,0.10887156013626324,0.10447406855769147,0,0.0,0.0
1,5,15,-0.572659094613321,0.10887156013626324,0.11166081278612655,0,0.0,0.0
1,5,16,-0.572659094613321,0.10887156013626324,0.11884755701456162,0,0.0,0.0
1,5,17,-0.572659094613321,0.10887156013626324,0.12603430124299672,0,0.0,0.0
1,5,18,-0.572659094613321,0.10887156013626324,0.1332210454714318,0,0.0,0.0
1,5,19,-0.572659094613321,0.10887156013626324,0.14040778969986686,0,0.0,0.0
1,6,0,-0.572659094613321,0.1247968071363128,0.0038596493596003397,0,0.0,2.0177063882601618e-05
1,6,1,-0.572659094613321,0.1247968071363128,0.01104639358803542,0,0.0,2.098176839849932e-05
1,6,2,-0.572659094613321,0.1247968071363128,0.0182331378164705,0,0.0,1.24373037634965e-05
1,6,3,-0.572659094613321,0.1247968071363128,0.02541988204490558,0,0.0,5.118872574338558e-06
1,6,4,-0.572659094613321,0.1247968071363128,0.032606626273340655,0,0.0,2.2051672677753698e-06
1,6,5,-0.572659094613321,0.1247968071363128,0.03979337050177574,0,0.0,9.015593073256203e-07
1,6,6,-0.572659094613321,0.1247968071363128,0.046980114730210826,0,0.0,2.006509384601989e-07
1,6,7,-0.572659094613321,0.1247968071363128,0.0541668589586459,0,0.0,2.5250647952534433e-08
1,6,8,-0.572659094613321,0.1247968071363128,0.06135360318708098,0,0.0,3.6305263435610594e-09
1,6,9,-0.572659094613321,0.1247968071363128,0.06854034741551607,0,0.0,1.1484011287430605e-09
1,6,10,-0.572659094613321,0.1247968071363128,0.07572709164395114,0,0.0,4.015085127515197e-10
1,6,11,-0.572659094613321,0.1247968071363128,0.08291383587238624,0,0.0,7.31144944111324e-11
1,6,12,-0.572659094613321,0.1247968071363128,0.09010058010082131,0,0.0,6.132081024574624e-12
1,6,13,-0.572659094613321,0.1247968071363128,0.09728732432925638,0,0.0,3.0555272994747423e-13
1,6,14,-0.572659094613321,0.1247968071363128,0.10447406855769147,0,0.0,1.1925645501410522e-14
1,6,15,-0.572659094613321,0.1247968071363128,0.11166081278612655,0,0.0,3.495672727962196e-16
1,6,16,-0.572659094613321,0.1247968071363128,0.11884755701456162,0,0.0,0.0
1,6,17,-0.572659094613321,0.1247968071363128,0.12603430124299672,0,0.0,0.0
1,6,18,-0.572659094613321,0.1247968071363128,0.1332210454714318,0,0.0,0.0
1,6,19,-0.572659094613321,0.1247968071363128,0.14040778969986686,0,0.0,0.0
1,7,0,-0.572659094613321,0.14072205413636235,0.0038596493596003397,0,0.0,0.0001334343525647119
1,7,1,-0.572659094613321,0.14072205413636235,0.01104639358803542,0,0.0,0.00012119304400040452
1,7,2,-0.572659094613321,0.14072205413636235,0.0182331378164705,0,0.0,6.315888021994916e-05
1,7,3,-0.572659094613321,0.14072205413636235,0.02541988204490558,0,0.0,2.4500834523634898e-05
1,7,4,-0.572659094613321,0.14072205413636235,0.032606626273340655,0,0.0,1.0465621760733003e-05
1,7,5,-0.572659094613321,0.14072205413636235,0.03979337050177574,0,0.0,4.360741635241835e-06
1,7,6,-0.572659094613321,0.14072205413636235,0.046980114730210826,0,0.0,1.0339205405882738e-06
1,7,7,-0.572659094613321,0.14072205413636235,0.0541668589586459,0,0.0,1.5826797470018532e-07
1,7,8,-0.572659094613321,0.14072205413636235,0.06135360318708098,0,0.0,5.166866905679671e-08
1,7,9,-0.572659094613321,0.14072205413636235,0.06854034741551607,0,0.0,3.3193059210299647e-08
1,7,10,-0.572659094613321,0.14072205413636235,0.07572709164395114,0,0.0,1.307375878374883e-08
1,7,11,-0.572659094613321,0.14072205413636235,0.08291383587238624,0,0.0,2.4142334708738483e-09
1,7,12,-0.572659094613321,0.14072205413636235,0.09010058010082131,0,0.0,2.029772641653789e-10
1,7,13,-0.572659094613321,0.14072205413636235,0.09728732432925638,0,0.0,1.0130442394924279e-11
1,7,14,-0.572659094613321,0.14072205413636235,0.10447406855769147,0,0.0,4.068487861797657e-13
1,7,15,-0.572659094613321,0.14072205413636235,0.11166081278612655,0,0.0,1.5260158133733902e-13
1,7,16,-0.572659094613321,0.14072205413636235,0.11884755701456162,0,0.0,6.320324559212983e-13
1,7,17,-0.572659094613321,0.14072205413636235,0.12603430124299672,0,0.0,1.0420453538502856e-12
1,7,18,-0.572659094613321,0.14072205413636235,0.1332210454714318,0,0.0,6.320324559212983e-13
1,7,19,-0.572659094613321,0.14072205413636235,0.14040778969986686,0,0.0,1.410255031087247e-13
1,8,0,-0.572659094613321,0.1566473011364119,0.0038596493596003397,2,0.0002,0.0005806480543147477
1,8,1,-0.572659094613321,0.1566473011364119,0.01104639358803542,0,0.0,0.00048242874593768073
1,8,2,-0.572659094613321,0.1566473011364119,0.0182331378164705,0,0.0,0.00022300974040800209
1,8,3,-0.572659094613321,0.1566473011364119,0.02541988204490558,0,0.0,7.758991468406657e-05
1,8,4,-0.572659094613321,0.1566473011364119,0.032606626273340655,1,0.0001,2.886807728441492e-05
1,8,5,-0.572659094613321,0.1566473011364119,0.03979337050177574,0,0.0,1.1493959814597033e-05
1,8,6,-0.572659094613321,0.1566473011364119,0.046980114730210826,0,0.0,3.297008315992227e-06
1,8,7,-0.572659094613321,0.1566473011364119,0.0541668589586459,0,0.0,8.547778928207693e-07
1,8,8,-0.572659094613321,0.1566473011364119,0.06135360318708098,0,0.0,5.375065118134845e-07
1,8,9,-0.572659094613321,0.1566473011364119,0.06854034741551607,0,0.0,4.0146405710044116e-07
1,8,10,-0.572659094613321,0.1566473011364119,0.07572709164395114,0,0.0,1.6091842782243122e-07
1,8,11,-0.572659094613321,0.1566473011364119,0.08291383587238624,0,0.0,2.989536818631273e-08
1,8,12,-0.572659094613321,0.1566473011364119,0.09010058010082131,0,0.0,2.5426483078903865e-09
1,8,13,-0.572659094613321,0.1566473011364119,0.09728732432925638,0,0.0,1.3378718794279432e-10
1,8,14,-0.572659094613321,0.1566473011364119,0.10447406855769147,0,0.0,6.832556895200454e-12
1,8,15,-0.572659094613321,0.1566473011364119,0.11166081278612655,0,0.0,5.011103372326296e-12
1,8,16,-0.572659094613321,0.1566473011364119,0.11884755701456162,0,0.0,2.094301477771587e-11
1,8,17,-0.572659094613321,0.1566473011364119,0.12603430124299672,0,0.0,3.450815242148046e-11
1,8,18,-0.572659094613321,0.1566473011364119,0.1332210454714318,0,0.0,2.093004043039607e-11
1,8,19,-0.572659094613321,0.1566473011364119,0.14040778969986686,0,0.0,4.670123273147386e-12
1,9,0,-0.572659094613321,0.17257254813646145,0.0038596493596003397,22,0.0022,0.0019779938727476952
1,9,1,-0.572659094613321,0.17257254813646145,0.01104639358803542,3,0.0003,0.0015446373625975164
1,9,2,-0.572659094613321,0.17257254813646145,0.0182331378164705,0,0.0,0.0006612145947874822
1,9,3,-0.572659094613321,0.17257254813646145,0.02541988204490558,0,0.0,0.00022522231677654146
1,9,4,-0.572659094613321,0.17257254813646145,0.032606626273340655,0,0.0,8.243201163640239e-05
1,9,5,-0.572659094613321,0.17257254813646145,0.03979337050177574,0,0.0,3.486172945835459e-05
1,9,6,-0.572659094613321,0.17257254813646145,0.046980114730210826,0,0.0,1.4040297939845361e-05
1,9,7,-0.572659094613321,0.17257254813646145,0.0541668589586459,0,0.0,5.11353583394332e-06
1,9,8,-0.572659094613321,0.17257254813646145,0.06135360318708098,0,0.0,2.8288743071565044e-06
1,9,9,-0.572659094613321,0.17257254813646145,0.06854034741551607,0,0.0,1.9479566990126513e-06
1,9,10,-0.572659094613321,0.17257254813646145,0.07572709164395114,0,0.0,7.864673271013255e-07
1,9,11,-0.572659094613321,0.17257254813646145,0.08291383587238624,0,0.0,1.505526909440093e-07
1,9,12,-0.572659094613321,0.17257254813646145,0.09010058010082131,0,0.0,1.606872864628635e-08
1,9,13,-0.572659094613321,0.17257254813646145,0.09728732432925638,0,0.0,2.760581135395965e-09
1,9,14,-0.572659094613321,0.17257254813646145,0.10447406855769147,0,0.0,6.592838679097154e-10
1,9,15,-0.572659094613321,0.17257254813646145,0.11166081278612655,0,0.0,1.4986738522773955e-10
1,9,16,-0.572659094613321,0.17257254813646145,0.11884755701456162,0,0.0,2.627027552956874e-10
1,9,17,-0.572659094613321,0.17257254813646145,0.12603430124299672,0,0.0,4.213286850543997e-10
1,9,18,-0.572659094613321,0.17257254813646145,0.1332210454714318,0,0.0,2.5513304228918985e-10
1,9,19,-0.572659094613321,0.17257254813646145,0.14040778969986686,0,0.0,5.690567421636019e-11
1,10,0,-0.572659094613321,0.188497795136511,0.0038596493596003397,78,0.0078,0.005797140156008491
1,10,1,-0.572659094613321,0.188497795136511,0.01104639358803542,14,0.0014,0.004356034430433629
1,10,2,-0.572659094613321,0.188497795136511,0.0182331378164705,2,0.0002,0.0017782122674440287
1,10,3,-0.572659094613321,0.188497795136511,0.02541988204490558,0,0.0,0.0006144527013352516
1,10,4,-0.572659094613321,0.188497795136511,0.032606626273340655,0,0.0,0.0002395919543170781
1,10,5,-0.572659094613321,0.188497795136511,0.03979337050177574,0,0.0,0.00011144597286446722
1,10,6,-0.572659094613321,0.188497795136511,0.046980114730210826,0,0.0,5.282165085117714e-05
1,10,7,-0.572659094613321,0.188497795136511,0.0541668589586459,0,0.0,2.014767603391989e-05
1,10,8,-0.572659094613321,0.188497795136511,0.06135360318708098,0,0.0,8.304609234222494e-06
1,10,9,-0.572659094613321,0.188497795136511,0.06854034741551607,0,0.0,5.011681829595081e-06
1,10,10,-0.572659094613321,0.188497795136511,0.07572709164395114,0,0.0,2.1558453837456767e-06
1,10,11,-0.572659094613321,0.188497795136511,0.08291383587238624,0,0.0,4.951293727784691e-07
1,10,12,-0.572659094613321,0.188497795136511,0.09010058010082131,0,0.0,1.3985244899887902e-07
1,10,13,-0.572659094613321,0.188497795136511,0.09728732432925638,0,0.0,6.961390627449083e-08
1,10,14,-0.572659094613321,0.188497795136511,0.10447406855769147,0,0.0,2.0699409837961317e-08
1,10,15,-0.572659094613321,0.188497795136511,0.11166081278612655,0,0.0,3.3546513137977413e-09
1,10,16,-0.572659094613321,0.188497795136511,0.11884755701456162,0,0.0,1.4766838810940498e-09
1,10,17,-0.572659094613321,0.188497795136511,0.12603430124299672,0,0.0,1.975523924448438e-09
1,10,18,-0.572659094613321,0.188497795136511,0.1332210454714318,0,0.0,1.1738023200111326e-09
1,10,19,-0.572659094613321,0.188497795136511,0.14040778969986686,0,0.0,2.6044006069508374e-10
1,11,0,-0.572659094613321,0.20442304213656057,0.0038596493596003397,354,0.0354,0.012459387032808958
1,11,1,-0.572659094613321,0.20442304213656057,0.01104639358803542,32,0.0032,0.009343429127513679
1,11,2,-0.572659094613321,0.20442304213656057,0.0182331378164705,13,0.0013,0.003773131852479085
1,11,3,-0.572659094613321,0.20442304213656057,0.02541988204490558,2,0.0002,0.0012816147720017804
1,11,4,-0.572659094613321,0.20442304213656057,0.032606626273340655,2,0.0002,0.0004909658138602744
1,11,5,-0.572659094613321,0.20442304213656057,0.03979337050177574,3,0.0003,0.00022381470037932292
1,11,6,-0.572659094613321,0.20442304213656057,0.046980114730210826,2,0.0002,0.00010773006073876534
1,11,7,-0.572659094613321,0.20442304213656057,0.0541668589586459,0,0.0,4.345806257454507e-05
1,11,8,-0.572659094613321,0.20442304213656057,0.06135360318708098,0,0.0,1.9265961267896377e-05
1,11,9,-0.572659094613321,0.20442304213656057,0.06854034741551607,0,0.0,1.2697490906946086e-05
1,11,10,-0.572659094613321,0.20442304213656057,0.07572709164395114,0,0.0,6.191985621765102e-06
1,11,11,-0.572659094613321,0.20442304213656057,0.08291383587238624,0,0.0,2.0895843465925534e-06
1,11,12,-0.572659094613321,0.20442304213656057,0.09010058010082131,0,0.0,1.3849825558661136e-06
1,11,13,-0.572659094613321,0.20442304213656057,0.09728732432925638,0,0.0,8.671473392214087e-07
1,11,14,-0.572659094613321,0.20442304213656057,0.10447406855769147,0,0.0,2.653992983092623e-07
1,11,15,-0.572659094613321,0.20442304213656057,0.11166081278612655,0,0.0,4.209494512421796e-08
1,11,16,-0.572659094613321,0.20442304213656057,0.11884755701456162,0,0.0,8.236662921366604e-09
1,11,17,-0.572659094613321,0.20442304213656057,0.12603430124299672,0,0.0,5.7494435964663116e-09
1,11,18,-0.572659094613321,0.20442304213656057,0.1332210454714318,0,0.0,2.8636644202448672e-09
1,11,19,-0.572659094613321,0.20442304213656057,0.14040778969986686,0,0.0,5.976036731035275e-10
1,12,0,-0.572659094613321,0.22034828913661011,0.0038596493596003397,779,0.0779,0.016511024292470408
1,12,1,-0.572659094613321,0.22034828913661011,0.01104639358803542,128,0.0128,0.012806336273670808
1,12,2,-0.572659094613321,0.22034828913661011,0.0182331378164705,26,0.0026,0.005381170216791889
1,12,3,-0.572659094613321,0.22034828913661011,0.02541988204490558,12,0.0012,0.0018049388276695814
1,12,4,-0.572659094613321,0.22034828913661011,0.032606626273340655,3,0.0003,0.0006449193261552115
1,12,5,-0.572659094613321,0.22034828913661011,0.03979337050177574,3,0.0003,0.0002728494936596309
1,12,6,-0.572659094613321,0.22034828913661011,0.046980114730210826,1,0.0001,0.00012886284574582425
1,12,7,-0.572659094613321,0.22034828913661011,0.0541668589586459,0,0.0,6.0490920507984234e-05
1,12,8,-0.572659094613321,0.22034828913661011,0.06135360318708098,0,0.0,3.9093685094423784e-05
1,12,9,-0.572659094613321,0.22034828913661011,0.06854034741551607,1,0.0001,3.080620650097763e-05
1,12,10,-0.572659094613321,0.22034828913661011,0.07572709164395114,0,0.0,1.6618561438340228e-05
1,12,11,-0.572659094613321,0.22034828913661011,0.08291383587238624,0,0.0,8.10908093542499e-06
1,12,12,-0.572659094613321,0.22034828913661011,0.09010058010082131,0,0.0,7.2369960940366434e-06
1,12,13,-0.572659094613321,0.22034828913661011,0.09728732432925638,0,0.0,4.658689045277691e-06
1,12,14,-0.572659094613321,0.22034828913661011,0.10447406855769147,0,0.0,1.453239189001129e-06
1,12,15,-0.572659094613321,0.22034828913661011,0.11166081278612655,0,0.0,2.6013534126977765e-07
1,12,16,-0.572659094613321,0.22034828913661011,0.11884755701456162,0,0.0,6.814991737632974e-08
1,12,17,-0.572659094613321,0.22034828913661011,0.12603430124299672,0,0.0,3.704626763263626e-08
1,12,18,-0.572659094613321,0.22034828913661011,0.1332210454714318,0,0.0,1.3843471447851616e-08
1,12,19,-0.572659094613321,0.22034828913661011,0.14040778969986686,0,0.0,2.4800241518665814e-09
1,13,0,-0.572659094613321,0.2362735361366597,0.0038596493596003397,349,0.0349,0.012475310029102056
1,13,1,-0.572659094613321,0.2362735361366597,0.01104639358803542,158,0.0158,0.01038519606707521
1,13,2,-0.572659094613321,0.2362735361366597,0.0182331378164705,36,0.0036,0.0048184622970840075
1,13,3,-0.572659094613321,0.2362735361366597,0.02541988204490558,5,0.0005,0.0016881786657678836
1,13,4,-0.572659094613321,0.2362735361366597,0.032606626273340655,3,0.0003,0.0005747643996878658
1,13,5,-0.572659094613321,0.2362735361366597,0.03979337050177574,3,0.0003,0.00023647459841958458
1,13,6,-0.572659094613321,0.2362735361366597,0.046980114730210826,0,0.0,0.00012193321710830529
1,13,7,-0.572659094613321,0.2362735361366597,0.0541668589586459,0,0.0,7.428269907794807e-05
1,13,8,-0.572659094613321,0.2362735361366597,0.06135360318708098,1,0.0001,6.574047972081069e-05
1,13,9,-0.572659094613321,0.2362735361366597,0.06854034741551607,0,0.0,5.814916108587526e-05
1,13,10,-0.572659094613321,0.2362735361366597,0.07572709164395114,0,0.0,3.723262895466198e-05
1,13,11,-0.572659094613321,0.2362735361366597,0.08291383587238624,0,0.0,2.3455286127567618e-05
1,13,12,-0.572659094613321,0.2362735361366597,0.09010058010082131,0,0.0,2.0209722392799163e-05
1,13,13,-0.572659094613321,0.2362735361366597,0.09728732432925638,0,0.0,1.2621520639843463e-05
1,13,14,-0.572659094613321,0.2362735361366597,0.10447406855769147,0,0.0,4.312277307356284e-06
1,13,15,-0.572659094613321,0.2362735361366597,0.11166081278612655,0,0.0,1.0913649152574296e-06
1,13,16,-0.572659094613321,0.2362735361366597,0.11884755701456162,0,0.0,4.5026892002604417e-07
1,13,17,-0.572659094613321,0.2362735361366597,0.12603430124299672,0,0.0,2.3169631910211885e-07
1,13,18,-0.572659094613321,0.2362735361366597,0.1332210454714318,0,0.0,7.298740593900972e-08
1,13,19,-0.572659094613321,0.2362735361366597,0.14040778969986686,0,0.0,1.1626451788020694e-08
1,14,0,-0.572659094613321,0.25219878313670924,0.0038596493596003397,22,0.0022,0.005345862291207838
1,14,1,-0.572659094613321,0.25219878313670924,0.01104639358803542,36,0.0036,0.005031823685562191
1,14,2,-0.572659094613321,0.25219878313670924,0.0182331378164705,19,0.0019,0.0028186136677693565
1,14,3,-0.572659094613321,0.25219878313670924,0.02541988204490558,7,0.0007,0.0011944976341784516
1,14,4,-0.572659094613321,0.25219878313670924,0.032606626273340655,0,0.0,0.00046746719763914827
1,14,5,-0.572659094613321,0.25219878313670924,0.03979337050177574,1,0.0001,0.00022003315063511957
1,14,6,-0.572659094613321,0.25219878313670924,0.046980114730210826,1,0.0001,0.00013409699610292933
1,14,7,-0.572659094613321,0.25219878313670924,0.0541668589586459,0,0.0,9.497677196266234e-05
1,14,8,-0.572659094613321,0.25219878313670924,0.06135360318708098,1,0.0001,8.875275949217453e-05
1,14,9,-0.572659094613321,0.25219878313670924,0.06854034741551607,0,0.0,8.700982541721958e-05
1,14,10,-0.572659094613321,0.25219878313670924,0.07572709164395114,0,0.0,7.202201181571179e-05
1,14,11,-0.572659094613321,0.25219878313670924,0.08291383587238624,0,0.0,5.379989017952201e-05
1,14,12,-0.572659094613321,0.25219878313670924,0.09010058010082131,1,0.0001,4.014933979352673e-05
1,14,13,-0.572659094613321,0.25219878313670924,0.09728732432925638,0,0.0,2.4695797141392073e-05
1,14,14,-0.572659094613321,0.25219878313670924,0.10447406855769147,0,0.0,1.1179457970849124e-05
1,14,15,-0.572659094613321,0.25219878313670924,0.11166081278612655,0,0.0,4.512762885331194e-06
1,14,16,-0.572659094613321,0.25219878313670924,0.11884755701456162,0,0.0,2.0367849824920377e-06
1,14,17,-0.572659094613321,0.25219878313670924,0.12603430124299672,0,0.0,8.385331772729554e-07
1,14,18,-0.572659094613321,0.25219878313670924,0.1332210454714318,0,0.0,2.2361925700430085e-07
1,14,19,-0.572659094613321,0.25219878313670924,0.14040778969986686,0,0.0,3.642605984827677e-08
1,15,0,-0.572659094613321,0.2681240301367588,0.0038596493596003397,3,0.0003,0.0013933577709381582
1,15,1,-0.572659094613321,0.2681240301367588,0.01104639358803542,14,0.0014,0.0016650375014312757
1,15,2,-0.572659094613321,0.2681240301367588,0.0182331378164705,19,0.0019,0.001323371659002702
1,15,3,-0.572659094613321,0.2681240301367588,0.02541988204490558,11,0.0011,0.0008343965391803334
1,15,4,-0.572659094613321,0.2681240301367588,0.032606626273340655,5,0.0005,0.0004918520351349395
1,15,5,-0.572659094613321,0.2681240301367588,0.03979337050177574,4,0.0004,0.00031312610818172806
1,15,6,-0.572659094613321,0.2681240301367588,0.046980114730210826,0,0.0,0.00020490734188901782
1,15,7,-0.572659094613321,0.2681240301367588,0.0541668589586459,1,0.0001,0.00013375633781271716
1,15,8,-0.572659094613321,0.2681240301367588,0.06135360318708098,0,0.0,0.00010520959979624476
1,15,9,-0.572659094613321,0.2681240301367588,0.06854034741551607,0,0.0,0.00010941697085448231
1,15,10,-0.572659094613321,0.2681240301367588,0.07572709164395114,0,0.0,0.00011552066549813435
1,15,11,-0.572659094613321,0.2681240301367588,0.08291383587238624,0,0.0,0.00010183917165278048
1,15,12,-0.572659094613321,0.2681240301367588,0.09010058010082131,0,0.0,7.307498435723133e-05
1,15,13,-0.572659094613321,0.2681240301367588,0.09728732432925638,0,0.0,4.757785574319351e-05
1,15,14,-0.572659094613321,0.2681240301367588,0.10447406855769147,0,0.0,2.8549907016669752e-05
1,15,15,-0.572659094613321,0.2681240301367588,0.11166081278612655,0,0.0,1.4303794221147447e-05
1,15,16,-0.572659094613321,0.2681240301367588,0.11884755701456162,0,0.0,5.812654160668754e-06
1,15,17,-0.572659094613321,0.2681240301367588,0.12603430124299672,0,0.0,1.9587794088262265e-06
1,15,18,-0.572659094613321,0.2681240301367588,0.1332210454714318,0,0.0,6.083297138371292e-07
1,15,19,-0.572659094613321,0.2681240301367588,0.14040778969986686,0,0.0,1.6979115267551016e-07
1,16,0,-0.572659094613321,0.2840492771368084,0.0038596493596003397,0,0.0,0.00028784134530391285
1,16,1,-0.572659094613321,0.2840492771368084,0.01104639358803542,4,0.0004,0.0005103496767542888
1,16,2,-0.572659094613321,0.2840492771368084,0.0182331378164705,9,0.0009,0.0006231020369913805
1,16,3,-0.572659094613321,0.2840492771368084,0.02541988204490558,11,0.0011,0.0005897704089246717
1,16,4,-0.572659094613321,0.2840492771368084,0.032606626273340655,10,0.001,0.000504875017975601
1,16,5,-0.572659094613321,0.2840492771368084,0.03979337050177574,8,0.0008,0.000403988066015411
1,16,6,-0.572659094613321,0.2840492771368084,0.046980114730210826,2,0.0002,0.0002858899371817799
1,16,7,-0.572659094613321,0.2840492771368084,0.0541668589586459,3,0.0003,0.00018847120118928187
1,16,8,-0.572659094613321,0.2840492771368084,0.06135360318708098,1,0.0001,0.00013306442880075699
1,16,9,-0.572659094613321,0.2840492771368084,0.06854034741551607,2,0.0002,0.00013175962303262333
1,16,10,-0.572659094613321,0.2840492771368084,0.07572709164395114,2,0.0002,0.0001549434424060094
1,16,11,-0.572659094613321,0.2840492771368084,0.08291383587238624,1,0.0001,0.0001516834520342092
1,16,12,-0.572659094613321,0.2840492771368084,0.09010058010082131,0,0.0,0.0001126965372939834
1,16,13,-0.572659094613321,0.2840492771368084,0.09728732432925638,1,0.0001,7.918151850095972e-05
1,16,14,-0.572659094613321,0.2840492771368084,0.10447406855769147,1,0.0001,5.273478695679779e-05
1,16,15,-0.572659094613321,0.2840492771368084,0.11166081278612655,0,0.0,2.6815826805815202e-05
1,16,16,-0.572659094613321,0.2840492771368084,0.11884755701456162,0,0.0,1.0263961023252617e-05
1,16,17,-0.572659094613321,0.2840492771368084,0.12603430124299672,0,0.0,3.841413751592865e-06
1,16,18,-0.572659094613321,0.2840492771368084,0.1332210454714318,0,0.0,1.8657866111200504e-06
1,16,19,-0.572659094613321,0.2840492771368084,0.14040778969986686,0,0.0,7.251691278470039e-07
1,17,0,-0.572659094613321,0.2999745241368579,0.0038596493596003397,0,0.0,6.285048576314696e-05
1,17,1,-0.572659094613321,0.2999745241368579,0.01104639358803542,1,0.0001,0.0001581546174352126
1,17,2,-0.572659094613321,0.2999745241368579,0.0182331378164705,2,0.0002,0.0002595423676871528
1,17,3,-0.572659094613321,0.2999745241368579,0.02541988204490558,4,0.0004,0.0003245193564835194
1,17,4,-0.572659094613321,0.2999745241368579,0.032606626273340655,4,0.0004,0.0003565549047650766
1,17,5,-0.572659094613321,0.2999745241368579,0.03979337050177574,6,0.0006,0.0003353659149045772
1,17,6,-0.572659094613321,0.2999745241368579,0.046980114730210826,4,0.0004,0.00026342942021153514
1,17,7,-0.572659094613321,0.2999745241368579,0.0541668589586459,6,0.0006,0.0001975437021319043
1,17,8,-0.572659094613321,0.2999745241368579,0.06135360318708098,0,0.0,0.00015697077079982437
1,17,9,-0.572659094613321,0.2999745241368579,0.06854034741551607,2,0.0002,0.00015606989316110448
1,17,10,-0.572659094613321,0.2999745241368579,0.07572709164395114,2,0.0002,0.00018056301666402532
1,17,11,-0.572659094613321,0.2999745241368579,0.08291383587238624,4,0.0004,0.00017772570357690789
1,17,12,-0.572659094613321,0.2999745241368579,0.09010058010082131,0,0.0,0.00014063608439469192
1,17,13,-0.572659094613321,0.2999745241368579,0.09728732432925638,2,0.0002,0.00010847886253419306
1,17,14,-0.572659094613321,0.2999745241368579,0.10447406855769147,0,0.0,7.497568375328939e-05
1,17,15,-0.572659094613321,0.2999745241368579,0.11166081278612655,0,0.0,3.765771395988838e-05
1,17,16,-0.572659094613321,0.2999745241368579,0.11884755701456162,0,0.0,1.5088133020576162e-05
1,17,17,-0.572659094613321,0.2999745241368579,0.12603430124299672,0,0.0,6.969077381038297e-06
1,17,18,-0.572659094613321,0.2999745241368579,0.1332210454714318,0,0.0,3.86035821906819e-06
1,17,19,-0.572659094613321,0.2999745241368579,0.14040778969986686,0,0.0,1.5446973739696593e-06
1,18,0,-0.572659094613321,0.3158997711369075,0.0038596493596003397,0,0.0,1.2850363880607861e-05
1,18,1,-0.572659094613321,0.3158997711369075,0.01104639358803542,0,0.0,3.859746907805457e-05
1,18,2,-0.572659094613321,0.3158997711369075,0.0182331378164705,0,0.0,7.538977764317512e-05
1,18,3,-0.572659094613321,0.3158997711369075,0.02541988204490558,0,0.0,0.00011813640451954622
1,18,4,-0.572659094613321,0.3158997711369075,0.032606626273340655,2,0.0002,0.00016250799179227666
1,18,5,-0.572659094613321,0.3158997711369075,0.03979337050177574,3,0.0003,0.0001775260884625538
1,18,6,-0.572659094613321,0.3158997711369075,0.046980114730210826,1,0.0001,0.0001520978325749705
1,18,7,-0.572659094613321,0.3158997711369075,0.0541668589586459,0,0.0,0.00013246276568090008
1,18,8,-0.572659094613321,0.3158997711369075,0.06135360318708098,5,0.0005,0.00013656068176244756
1,18,9,-0.572659094613321,0.3158997711369075,0.06854034741551607,3,0.0003,0.00015260245391534555
1,18,10,-0.572659094613321,0.3158997711369075,0.07572709164395114,5,0.0005,0.00016973885952435762
1,18,11,-0.572659094613321,0.3158997711369075,0.08291383587238624,2,0.0002,0.0001643998355191493
1,18,12,-0.572659094613321,0.3158997711369075,0.09010058010082131,4,0.0004,0.00014814682862179486
1,18,13,-0.572659094613321,0.3158997711369075,0.09728732432925638,2,0.0002,0.00012777401898953015
1,18,14,-0.572659094613321,0.3158997711369075,0.10447406855769147,2,0.0002,9.235184119159747e-05
1,18,15,-0.572659094613321,0.3158997711369075,0.11166081278612655,0,0.0,4.727245099387963e-05
1,18,16,-0.572659094613321,0.3158997711369075,0.11884755701456162,0,0.0,1.8710457550146827e-05
1,18,17,-0.572659094613321,0.3158997711369075,0.12603430124299672,0,0.0,8.249096482835695e-06
1,18,18,-0.572659094613321,0.3158997711369075,0.1332210454714318,0,0.0,4.106919869848301e-06
1,18,19,-0.572659094613321,0.3158997711369075,0.14040778969986686,0,0.0,1.5606156224088156e-06
1,19,0,-0.572659094613321,0.331825018136957,0.0038596493596003397,0,0.0,1.7515513413336597e-06
1,19,1,-0.572659094613321,0.331825018136957,0.01104639358803542,0,0.0,5.660743804047179e-06
1,19,2,-0.572659094613321,0.331825018136957,0.0182331378164705,0,0.0,1.2901287296720799e-05
1,19,3,-0.572659094613321,0.331825018136957,0.02541988204490558,0,0.0,2.6626683207353215e-05
1,19,4,-0.572659094613321,0.331825018136957,0.032606626273340655,0,0.0,4.717873644642057e-05
1,19,5,-0.572659094613321,0.331825018136957,0.03979337050177574,0,0.0,6.057091602589284e-05
1,19,6,-0.572659094613321,0.331825018136957,0.046980114730210826,1,0.0001,5.6943148671210935e-05
1,19,7,-0.572659094613321,0.331825018136957,0.0541668589586459,0,0.0,5.650661239441735e-05
1,19,8,-0.572659094613321,0.331825018136957,0.06135360318708098,1,0.0001,7.372347028794822e-05
1,19,9,-0.572659094613321,0.331825018136957,0.06854034741551607,1,0.0001,9.221723867360565e-05
1,19,10,-0.572659094613321,0.331825018136957,0.07572709164395114,2,0.0002,0.00010149772435602469
1,19,11,-0.572659094613321,0.331825018136957,0.08291383587238624,0,0.0,0.00010218720672240776
1,19,12,-0.572659094613321,0.331825018136957,0.09010058010082131,4,0.0004,0.00010897740507083326
1,19,13,-0.572659094613321,0.331825018136957,0.09728732432925638,2,0.0002,0.00010326317782420572
1,19,14,-0.572659094613321,0.331825018136957,0.10447406855769147,3,0.0003,7.69026174389987e-05
1,19,15,-0.572659094613321,0.331825018136957,0.11166081278612655,0,0.0,3.8345447528622945e-05
1,19,16,-0.572659094613321,0.331825018136957,0.11884755701456162,0,0.0,1.29604428598581e-05
1,19,17,-0.572659094613321,0.331825018136957,0.12603430124299672,0,0.0,4.628851418709899e-06
1,19,18,-0.572659094613321,0.331825018136957,0.1332210454714318,0,0.0,2.0169960932828574e-06
1,19,19,-0.572659094613321,0.331825018136957,0.14040778969986686,0,0.0,7.2912506297735e-07
2,0,0,-0.5055633024583328,0.029245325136015476,0.0038596493596003397,0,0.0,0.0
2,0,1,-0.5055633024583328,0.029245325136015476,0.01104639358803542,0,0.0,0.0
2,0,2,-0.5055633024583328,0.029245325136015476,0.0182331378164705,0,0.0,0.0
2,0,3,-0.5055633024583328,0.029245325136015476,0.02541988204490558,0,0.0,0.0
2,0,4,-0.5055633024583328,0.029245325136015476,0.032606626273340655,0,0.0,0.0
2,0,5,-0.5055633024583328,0.029245325136015476,0.03979337050177574,0,0.0,0.0
2,0,6,-0.5055633024583328,0.029245325136015476,0.046980114730210826,0,0.0,0.0
2,0,7,-0.5055633024583328,0.029245325136015476,0.0541668589586459,0,0.0,0.0
2,0,8,-0.5055633024583328,0.029245325136015476,0.06135360318708098,0,0.0,0.0
2,0,9,-0.5055633024583328,0.029245325136015476,0.06854034741551607,0,0.0,0.0
2,0,10,-0.5055633024583328,0.029245325136015476,0.07572709164395114,0,0.0,0.0
2,0,11,-0.5055633024583328,0.029245325136015476,0.08291383587238624,0,0.0,0.0
2,0,12,-0.5055633024583328,0.029245325136015476,0.09010058010082131,0,0.0,0.0
2,0,13,-0.5055633024583328,0.029245325136015476,0.09728732432925638,0,0.0,0.0
2,0,14,-0.5055633024583328,0.029245325136015476,0.10447406855769147,0,0.0,0.0
2,0,15,-0.5055633024583328,0.029245325136015476,0.11166081278612655,0,0.0,0.0
2,0,16,-0.5055633024583328,0.029245325136015476,0.11884755701456162,0,0.0,0.0
2,0,17,-0.5055633024583328,0.029245325136015476,0.12603430124299672,0,0.0,0.0
2,0,18,-0.5055633024583328,0.029245325136015476,0.1332210454714318,0,0.0,0.0
2,0,19,-0.5055633024583328,0.029245325136015476,0.14040778969986686,0,0.0,0.0
2,1,0,-0.5055633024583328,0.045170572136065026,0.0038596493596003397,0,0.0,4.230765093261741e-13
2,1,1,-0.5055633024583328,0.045170572136065026,0.01104639358803542,0,0.0,1.8960973677638948e-12
2,1,2,-0.5055633024583328,0.045170572136065026,0.0182331378164705,0,0.0,3.1261360615508563e-12
2,1,3,-0.5055633024583328,0.045170572136065026,0.02541988204490558,0,0.0,1.8960973677638948e-12
2,1,4,-0.5055633024583328,0.045170572136065026,0.032606626273340655,0,0.0,4.230765093261741e-13
2,1,5,-0.5055633024583328,0.045170572136065026,0.03979337050177574,0,0.0,3.47282346858429e-14
2,1,6,-0.5055633024583328,0.045170572136065026,0.046980114730210826,0,0.0,1.0487018183886588e-15
2,1,7,-0.5055633024583328,0.045170572136065026,0.0541668589586459,0,0.0,0.0
2,1,8,-0.5055633024583328,0.045170572136065026,0.06135360318708098,0,0.0,0.0
2,1,9,-0.5055633024583328,0.045170572136065026,0.06854034741551607,0,0.0,0.0
2,1,10,-0.5055633024583328,0.045170572136065026,0.07572709164395114,0,0.0,0.0
2,1,11,-0.5055633024583328,0.045170572136065026,0.08291383587238624,0,0.0,0.0
2,1,12,-0.5055633024583328,0.045170572136065026,0.09010058010082131,0,0.0,0.0
2,1,13,-0.5055633024583328,0.045170572136065026,0.09728732432925638,0,0.0,0.0
2,1,14,-0.5055633024583328,0.045170572136065026,0.10447406855769147,0,0.0,0.0
2,1,15,-0.5055633024583328,0.045170572136065026,0.11166081278612655,0,0.0,0.0
2,1,16,-0.5055633024583328,0.045170572136065026,0.11884755701456162,0,0.0,0.0
2,1,17,-0.5055633024583328,0.045170572136065026,0.12603430124299672,0,0.0,0.0
2,1,18,-0.5055633024583328,0.045170572136065026,0.1332210454714318,0,0.0,0.0
2,1,19,-0.5055633024583328,0.045170572136065026,0.14040778969986686,0,0.0,0.0
2,2,0,-0.5055633024583328,0.06109581913611459,0.0038596493596003397,0,0.0,4.758299481067979e-10
2,2,1,-0.5055633024583328,0.06109581913611459,0.01104639358803542,0,0.0,7.881648139462619e-10
2,2,2,-0.5055633024583328,0.06109581913611459,0.0182331378164705,0,0.0,7.840140238334906e-10
2,2,3,-0.5055633024583328,0.06109581913611459,0.02541988204490558,0,0.0,6.05032082912055e-10
2,2,4,-0.5055633024583328,0.06109581913611459,0.032606626273340655,0,0.0,2.8745064635622776e-10
2,2,5,-0.5055633024583328,0.06109581913611459,0.03979337050177574,0,0.0,6.04151793268562e-11
2,2,6,-0.5055633024583328,0.06109581913611459,0.046980114730210826,0,0.0,5.021980316009318e-12
2,2,7,-0.5055633024583328,0.06109581913611459,0.0541668589586459,0,0.0,1.6452722683874954e-13
2,2,8,-0.5055633024583328,0.06109581913611459,0.06135360318708098,0,0.0,6.991345455924392e-16
2,2,9,-0.5055633024583328,0.06109581913611459,0.06854034741551607,0,0.0,0.0
2,2,10,-0.5055633024583328,0.06109581913611459,0.07572709164395114,0,0.0,0.0
2,2,11,-0.5055633024583328,0.06109581913611459,0.08291383587238624,0,0.0,0.0
2,2,12,-0.5055633024583328,0.06109581913611459,0.09010058010082131,0,0.0,0.0
2,2,13,-0.5055633024583328,0.06109581913611459,0.09728732432925638,0,0.0,0.0
2,2,14,-0.5055633024583328,0.06109581913611459,0.10447406855769147,0,0.0,0.0
2,2,15,-0.5055633024583328,0.06109581913611459,0.11166081278612655,0,0.0,0.0
2,2,16,-0.5055633024583328,0.06109581913611459,0.11884755701456162,0,0.0,0.0
2,2,17,-0.5055633024583328,0.06109581913611459,0.12603430124299672,0,0.0,0.0
2,2,18,-0.5055633024583328,0.06109581913611459,0.1332210454714318,0,0.0,0.0
2,2,19,-0.5055633024583328,0.06109581913611459,0.14040778969986686,0,0.0,0.0
2,3,0,-0.5055633024583328,0.07702106613616413,0.0038596493596003397,0,0.0,2.2523683823450864e-08
2,3,1,-0.5055633024583328,0.07702106613616413,0.01104639358803542,0,0.0,3.467270133062053e-08
2,3,2,-0.5055633024583328,0.07702106613616413,0.0182331378164705,0,0.0,3.092734967433572e-08
2,3,3,-0.5055633024583328,0.07702106613616413,0.02541988204490558,0,0.0,2.134937710522714e-08
2,3,4,-0.5055633024583328,0.07702106613616413,0.032606626273340655,0,0.0,9.694173864454117e-09
2,3,5,-0.5055633024583328,0.07702106613616413,0.03979337050177574,0,0.0,2.01414132408813e-09
2,3,6,-0.5055633024583328,0.07702106613616413,0.046980114730210826,0,0.0,1.6688753938437184e-10
2,3,7,-0.5055633024583328,0.07702106613616413,0.0541668589586459,0,0.0,5.459969554504097e-12
2,3,8,-0.5055633024583328,0.07702106613616413,0.06135360318708098,0,0.0,2.31521564572286e-14
2,3,9,-0.5055633024583328,0.07702106613616413,0.06854034741551607,0,0.0,0.0
2,3,10,-0.5055633024583328,0.07702106613616413,0.07572709164395114,0,0.0,0.0
2,3,11,-0.5055633024583328,0.07702106613616413,0.08291383587238624,0,0.0,0.0
2,3,12,-0.5055633024583328,0.07702106613616413,0.09010058010082131,0,0.0,0.0
2,3,13,-0.5055633024583328,0.07702106613616413,0.09728732432925638,0,0.0,0.0
2,3,14,-0.5055633024583328,0.07702106613616413,0.10447406855769147,0,0.0,0.0
2,3,15,-0.5055633024583328,0.07702106613616413,0.11166081278612655,0,0.0,0.0
2,3,16,-0.5055633024583328,0.07702106613616413,0.11884755701456162,0,0.0,0.0
2,3,17,-0.5055633024583328,0.07702106613616413,0.12603430124299672,0,0.0,0.0
2,3,18,-0.5055633024583328,0.07702106613616413,0.1332210454714318,0,0.0,0.0
2,3,19,-0.5055633024583328,0.07702106613616413,0.14040778969986686,0,0.0,0.0
2,4,0,-0.5055633024583328,0.09294631313621368,0.0038596493596003397,0,0.0,4.787113362916964e-07
2,4,1,-0.5055633024583328,0.09294631313621368,0.01104639358803542,0,0.0,6.830863124420516e-07
2,4,2,-0.5055633024583328,0.09294631313621368,0.0182331378164705,0,0.0,5.535755098048559e-07
2,4,3,-0.5055633024583328,0.09294631313621368,0.02541988204490558,0,0.0,3.2621560954295365e-07
2,4,4,-0.5055633024583328,0.09294631313621368,0.032606626273340655,0,0.0,1.3307988464968182e-07
2,4,5,-0.5055633024583328,0.09294631313621368,0.03979337050177574,0,0.0,2.7334106411725265e-08
2,4,6,-0.5055633024583328,0.09294631313621368,0.046980114730210826,0,0.0,2.7860236468944035e-09
2,4,7,-0.5055633024583328,0.09294631313621368,0.0541668589586459,0,0.0,3.460658449884051e-10
2,4,8,-0.5055633024583328,0.09294631313621368,0.06135360318708098,0,0.0,5.950576113377193e-11
2,4,9,-0.5055633024583328,0.09294631313621368,0.06854034741551607,0,0.0,5.4438803667230024e-12
2,4,10,-0.5055633024583328,0.09294631313621368,0.07572709164395114,0,0.0,2.9362708444606374e-13
2,4,11,-0.5055633024583328,0.09294631313621368,0.08291383587238624,0,0.0,1.1925645501410522e-14
2,4,12,-0.5055633024583328,0.09294631313621368,0.09010058010082131,0,0.0,3.495672727962196e-16
2,4,13,-0.5055633024583328,0.09294631313621368,0.09728732432925638,0,0.0,0.0
2,4,14,-0.5055633024583328,0.09294631313621368,0.10447406855769147,0,0.0,0.0
2,4,15,-0.5055633024583328,0.09294631313621368,0.11166081278612655,0,0.0,0.0
2,4,16,-0.5055633024583328,0.09294631313621368,0.11884755701456162,0,0.0,0.0
2,4,17,-0.5055633024583328,0.09294631313621368,0.12603430124299672,0,0.0,0.0
2,4,18,-0.5055633024583328,0.09294631313621368,0.1332210454714318,0,0.0,0.0
2,4,19,-0.5055633024583328,0.09294631313621368,0.14040778969986686,0,0.0,0.0
2,5,0,-0.5055633024583328,0.10887156013626324,0.0038596493596003397,0,0.0,5.808444697000585e-06
2,5,1,-0.5055633024583328,0.10887156013626324,0.01104639358803542,0,0.0,7.478557583436888e-06
2,5,2,-0.5055633024583328,0.10887156013626324,0.0182331378164705,0,0.0,5.459321014857154e-06
2,5,3,-0.5055633024583328,0.10887156013626324,0.02541988204490558,0,0.0,2.6500093518668685e-06
2,5,4,-0.5055633024583328,0.10887156013626324,0.032606626273340655,0,0.0,9.108986329156022e-07
2,5,5,-0.5055633024583328,0.10887156013626324,0.03979337050177574,0,0.0,1.9628016311454913e-07
2,5,6,-0.5055633024583328,0.10887156013626324,0.046980114730210826,0,0.0,3.505492677870218e-08
2,5,7,-0.5055633024583328,0.10887156013626324,0.0541668589586459,0,0.0,9.846149574017722e-09
2,5,8,-0.5055633024583328,0.10887156013626324,0.06135360318708098,0,0.0,2.020438114059048e-09
2,5,9,-0.5055633024583328,0.10887156013626324,0.06854034741551607,0,0.0,2.0325564769985397e-10
2,5,10,-0.5055633024583328,0.10887156013626324,0.07572709164395114,0,0.0,1.5588363817079525e-11
2,5,11,-0.5055633024583328,0.10887156013626324,0.08291383587238624,0,0.0,1.4222283045508051e-12
2,5,12,-0.5055633024583328,0.10887156013626324,0.09010058010082131,0,0.0,1.6452722683874954e-13
2,5,13,-0.5055633024583328,0.10887156013626324,0.09728732432925638,0,0.0,1.1576078228614303e-14
2,5,14,-0.5055633024583328,0.10887156013626324,0.10447406855769147,0,0.0,3.495672727962196e-16
2,5,15,-0.5055633024583328,0.10887156013626324,0.11166081278612655,0,0.0,0.0
2,5,16,-0.5055633024583328,0.10887156013626324,0.11884755701456162,0,0.0,0.0
2,5,17,-0.5055633024583328,0.10887156013626324,0.12603430124299672,0,0.0,0.0
2,5,18,-0.5055633024583328,0.10887156013626324,0.1332210454714318,0,0.0,0.0
2,5,19,-0.5055633024583328,0.10887156013626324,0.14040778969986686,0,0.0,0.0
2,6,0,-0.5055633024583328,0.1247968071363128,0.0038596493596003397,0,0.0,4.471562403471645e-05
2,6,1,-0.5055633024583328,0.1247968071363128,0.01104639358803542,0,0.0,5.099808517656698e-05
2,6,2,-0.5055633024583328,0.1247968071363128,0.0182331378164705,0,0.0,3.3801830972304025e-05
2,6,3,-0.5055633024583328,0.1247968071363128,0.02541988204490558,0,0.0,1.4698807083813344e-05
2,6,4,-0.5055633024583328,0.1247968071363128,0.032606626273340655,0,0.0,4.714112718150351e-06
2,6,5,-0.5055633024583328,0.1247968071363128,0.03979337050177574,0,0.0,1.2439582543357472e-06
2,6,6,-0.5055633024583328,0.1247968071363128,0.046980114730210826,0,0.0,3.6321578227893376e-07
2,6,7,-0.5055633024583328,0.1247968071363128,0.0541668589586459,0,0.0,1.2667295774052887e-07
2,6,8,-0.5055633024583328,0.1247968071363128,0.06135360318708098,0,0.0,3.117728517443506e-08
2,6,9,-0.5055633024583328,0.1247968071363128,0.06854034741551607,0,0.0,7.640501767094423e-09
2,6,10,-0.5055633024583328,0.1247968071363128,0.07572709164395114,0,0.0,2.3025721608386614e-09
2,6,11,-0.5055633024583328,0.1247968071363128,0.08291383587238624,0,0.0,4.5320900891843236e-10
2,6,12,-0.5055633024583328,0.1247968071363128,0.09010058010082131,0,0.0,5.8076963454770943e-11
2,6,13,-0.5055633024583328,0.1247968071363128,0.09728732432925638,0,0.0,6.221801002578302e-12
2,6,14,-0.5055633024583328,0.1247968071363128,0.10447406855769147,0,0.0,4.064992189069696e-13
2,6,15,-0.5055633024583328,0.1247968071363128,0.11166081278612655,0,0.0,1.15760782286143e-14
2,6,16,-0.5055633024583328,0.1247968071363128,0.11884755701456162,0,0.0,0.0
2,6,17,-0.5055633024583328,0.1247968071363128,0.12603430124299672,0,0.0,0.0
2,6,18,-0.5055633024583328,0.1247968071363128,0.1332210454714318,0,0.0,0.0
2,6,19,-0.5055633024583328,0.1247968071363128,0.14040778969986686,0,0.0,0.0
2,7,0,-0.5055633024583328,0.14072205413636235,0.0038596493596003397,0,0.0,0.00022286368449157235
2,7,1,-0.5055633024583328,0.14072205413636235,0.01104639358803542,1,0.0001,0.00023062663571078856
2,7,2,-0.5055633024583328,0.14072205413636235,0.0182331378164705,0,0.0,0.00014193136797059375
2,7,3,-0.5055633024583328,0.14072205413636235,0.02541988204490558,0,0.0,6.026118776295547e-05
2,7,4,-0.5055633024583328,0.14072205413636235,0.032606626273340655,0,0.0,2.0216134447705655e-05
2,7,5,-0.5055633024583328,0.14072205413636235,0.03979337050177574,0,0.0,6.320648573217487e-06
2,7,6,-0.5055633024583328,0.14072205413636235,0.046980114730210826,0,0.0,2.1252617598934157e-06
2,7,7,-0.5055633024583328,0.14072205413636235,0.0541668589586459,0,0.0,7.565399523955012e-07
2,7,8,-0.5055633024583328,0.14072205413636235,0.06135360318708098,0,0.0,3.102428579427598e-07
2,7,9,-0.5055633024583328,0.14072205413636235,0.06854034741551607,0,0.0,1.746670677074393e-07
2,7,10,-0.5055633024583328,0.14072205413636235,0.07572709164395114,0,0.0,6.889749572171679e-08
2,7,11,-0.5055633024583328,0.14072205413636235,0.08291383587238624,0,0.0,1.4184476182214976e-08
2,7,12,-0.5055633024583328,0.14072205413636235,0.09010058010082131,0,0.0,1.8180038225265223e-09
2,7,13,-0.5055633024583328,0.14072205413636235,0.09728732432925638,0,0.0,1.9840808738119096e-10
2,7,14,-0.5055633024583328,0.14072205413636235,0.10447406855769147,0,0.0,1.3614006936297039e-11
2,7,15,-0.5055633024583328,0.14072205413636235,0.11166081278612655,0,0.0,5.053470335597128e-12
2,7,16,-0.5055633024583328,0.14072205413636235,0.11884755701456162,0,0.0,2.093004043039607e-11
2,7,17,-0.5055633024583328,0.14072205413636235,0.12603430124299672,0,0.0,3.450780285420766e-11
2,7,18,-0.5055633024583328,0.14072205413636235,0.1332210454714318,0,0.0,2.093004043039607e-11
2,7,19,-0.5055633024583328,0.14072205413636235,0.14040778969986686,0,0.0,4.670123273147386e-12
2,8,0,-0.5055633024583328,0.1566473011364119,0.0038596493596003397,6,0.0006,0.0007400936432046213
2,8,1,-0.5055633024583328,0.1566473011364119,0.01104639358803542,5,0.0005,0.0007232741507724578
2,8,2,-0.5055633024583328,0.1566473011364119,0.0182331378164705,3,0.0003,0.0004304442028592813
2,8,3,-0.5055633024583328,0.1566473011364119,0.02541988204490558,0,0.0,0.00018765992139323164
2,8,4,-0.5055633024583328,0.1566473011364119,0.032606626273340655,0,0.0,6.805212387334938e-05
2,8,5,-0.5055633024583328,0.1566473011364119,0.03979337050177574,0,0.0,2.377180730877417e-05
2,8,6,-0.5055633024583328,0.1566473011364119,0.046980114730210826,0,0.0,8.147284177002752e-06
2,8,7,-0.5055633024583328,0.1566473011364119,0.0541668589586459,0,0.0,3.1822985044212783e-06
2,8,8,-0.5055633024583328,0.1566473011364119,0.06135360318708098,0,0.0,2.527968283501541e-06
2,8,9,-0.5055633024583328,0.1566473011364119,0.06854034741551607,0,0.0,1.968787710462612e-06
2,8,10,-0.5055633024583328,0.1566473011364119,0.07572709164395114,0,0.0,8.205854968397864e-07
2,8,11,-0.5055633024583328,0.1566473011364119,0.08291383587238624,0,0.0,1.7120112851366949e-07
2,8,12,-0.5055633024583328,0.1566473011364119,0.09010058010082131,0,0.0,2.2337077373856492e-08
2,8,13,-0.5055633024583328,0.1566473011364119,0.09728732432925638,0,0.0,2.585382867998241e-09
2,8,14,-0.5055633024583328,0.1566473011364119,0.10447406855769147,0,0.0,2.1967037791156028e-10
2,8,15,-0.5055633024583328,0.1566473011364119,0.11166081278612655,0,0.0,1.6633466388289277e-10
2,8,16,-0.5055633024583328,0.1566473011364119,0.11884755701456162,0,0.0,6.936784252447416e-10
2,8,17,-0.5055633024583328,0.1566473011364119,0.12603430124299672,0,0.0,1.1427646397749966e-09
2,8,18,-0.5055633024583328,0.1566473011364119,0.1332210454714318,0,0.0,6.931080979335415e-10
2,8,19,-0.5055633024583328,0.1566473011364119,0.14040778969986686,0,0.0,1.5465324289308318e-10
2,9,0,-0.5055633024583328,0.17257254813646145,0.0038596493596003397,24,0.0024,0.0019015331948802302
2,9,1,-0.5055633024583328,0.17257254813646145,0.01104639358803542,14,0.0014,0.0017647968685892514
2,9,2,-0.5055633024583328,0.17257254813646145,0.0182331378164705,3,0.0003,0.0010402720528424794
2,9,3,-0.5055633024583328,0.17257254813646145,0.02541988204490558,0,0.0,0.0004933337677749362
2,9,4,-0.5055633024583328,0.17257254813646145,0.032606626273340655,0,0.0,0.0002037358787887144
2,9,5,-0.5055633024583328,0.17257254813646145,0.03979337050177574,0,0.0,7.860964767254908e-05
2,9,6,-0.5055633024583328,0.17257254813646145,0.046980114730210826,0,0.0,2.82319386562596e-05
2,9,7,-0.5055633024583328,0.17257254813646145,0.0541668589586459,0,0.0,1.2298080286958566e-05
2,9,8,-0.5055633024583328,0.17257254813646145,0.06135360318708098,0,0.0,1.1233964167969511e-05
2,9,9,-0.5055633024583328,0.17257254813646145,0.06854034741551607,0,0.0,8.95308041568282e-06
2,9,10,-0.5055633024583328,0.17257254813646145,0.07572709164395114,0,0.0,3.759535370128652e-06
2,9,11,-0.5055633024583328,0.17257254813646145,0.08291383587238624,0,0.0,8.102902372913422e-07
2,9,12,-0.5055633024583328,0.17257254813646145,0.09010058010082131,0,0.0,1.2426672772866022e-07
2,9,13,-0.5055633024583328,0.17257254813646145,0.09728732432925638,0,0.0,2.2791481969588053e-08
2,9,14,-0.5055633024583328,0.17257254813646145,0.10447406855769147,0,0.0,4.438257690834964e-09
2,9,15,-0.5055633024583328,0.17257254813646145,0.11166081278612655,0,0.0,2.5387669287579193e-09
2,9,16,-0.5055633024583328,0.17257254813646145,0.11884755701456162,0,0.0,8.546197689711555e-09
2,9,17,-0.5055633024583328,0.17257254813646145,0.12603430124299672,0,0.0,1.394884666106143e-08
2,9,18,-0.5055633024583328,0.17257254813646145,0.1332210454714318,0,0.0,8.448857930648181e-09
2,9,19,-0.5055633024583328,0.17257254813646145,0.14040778969986686,0,0.0,1.8844571206888718e-09
2,10,0,-0.5055633024583328,0.188497795136511,0.0038596493596003397,23,0.0023,0.0045330024690802655
2,10,1,-0.5055633024583328,0.188497795136511,0.01104639358803542,14,0.0014,0.003919672140122223
2,10,2,-0.5055633024583328,0.188497795136511,0.0182331378164705,8,0.0008,0.0021840274818255914
2,10,3,-0.5055633024583328,0.188497795136511,0.02541988204490558,1,0.0001,0.0010755711985461322
2,10,4,-0.5055633024583328,0.188497795136511,0.032606626273340655,2,0.0002,0.0004808917235521878
2,10,5,-0.5055633024583328,0.188497795136511,0.03979337050177574,0,0.0,0.00019784642090496803
2,10,6,-0.5055633024583328,0.188497795136511,0.046980114730210826,0,0.0,7.874570423811188e-05
2,10,7,-0.5055633024583328,0.188497795136511,0.0541668589586459,0,0.0,3.5075397070519265e-05
2,10,8,-0.5055633024583328,0.188497795136511,0.06135360318708098,0,0.0,2.5044866457269773e-05
2,10,9,-0.5055633024583328,0.188497795136511,0.06854034741551607,0,0.0,1.7801199201930258e-05
2,10,10,-0.5055633024583328,0.188497795136511,0.07572709164395114,0,0.0,7.520694844122526e-06
2,10,11,-0.5055633024583328,0.188497795136511,0.08291383587238624,0,0.0,1.9858374141245148e-06
2,10,12,-0.5055633024583328,0.188497795136511,0.09010058010082131,0,0.0,6.496783441416545e-07
2,10,13,-0.5055633024583328,0.188497795136511,0.09728732432925638,0,0.0,2.864996153472261e-07
2,10,14,-0.5055633024583328,0.188497795136511,0.10447406855769147,0,0.0,9.018687136783541e-08
2,10,15,-0.5055633024583328,0.188497795136511,0.11166081278612655,0,0.0,2.5942835873133308e-08
2,10,16,-0.5055633024583328,0.188497795136511,0.11884755701456162,0,0.0,4.18584965256185e-08
2,10,17,-0.5055633024583328,0.188497795136511,0.12603430124299672,0,0.0,6.402202969557632e-08
2,10,18,-0.5055633024583328,0.188497795136511,0.1332210454714318,0,0.0,3.832713390335051e-08
2,10,19,-0.5055633024583328,0.188497795136511,0.14040778969986686,0,0.0,8.518575490306706e-09
2,11,0,-0.5055633024583328,0.20442304213656057,0.0038596493596003397,104,0.0104,0.00876444972669308
2,11,1,-0.5055633024583328,0.20442304213656057,0.01104639358803542,46,0.0046,0.007245372789898817
2,11,2,-0.5055633024583328,0.20442304213656057,0.0182331378164705,29,0.0029,0.0037418132254179158
2,11,3,-0.5055633024583328,0.20442304213656057,0.02541988204490558,12,0.0012,0.0017614764856382211
2,11,4,-0.5055633024583328,0.20442304213656057,0.032606626273340655,4,0.0004,0.0007841808901018623
2,11,5,-0.5055633024583328,0.20442304213656057,0.03979337050177574,3,0.0003,0.0003268203983056412
2,11,6,-0.5055633024583328,0.20442304213656057,0.046980114730210826,1,0.0001,0.00014254163464276896
2,11,7,-0.5055633024583328,0.20442304213656057,0.0541668589586459,0,0.0,7.032591963173783e-05
2,11,8,-0.5055633024583328,0.20442304213656057,0.06135360318708098,0,0.0,4.331701431772413e-05
2,11,9,-0.5055633024583328,0.20442304213656057,0.06854034741551607,0,0.0,2.685123379494452e-05
2,11,10,-0.5055633024583328,0.20442304213656057,0.07572709164395114,0,0.0,1.2260993837275146e-05
2,11,11,-0.5055633024583328,0.20442304213656057,0.08291383587238624,0,0.0,5.676710188670607e-06
2,11,12,-0.5055633024583328,0.20442304213656057,0.09010058010082131,0,0.0,4.4114210935789885e-06
2,11,13,-0.5055633024583328,0.20442304213656057,0.09728732432925638,0,0.0,2.7944538640533144e-06
2,11,14,-0.5055633024583328,0.20442304213656057,0.10447406855769147,0,0.0,9.920405747074222e-07
2,11,15,-0.5055633024583328,0.20442304213656057,0.11166081278612655,0,0.0,2.35732406083104e-07
2,11,16,-0.5055633024583328,0.20442304213656057,0.11884755701456162,0,0.0,1.3308266531450432e-07
2,11,17,-0.5055633024583328,0.20442304213656057,0.12603430124299672,0,0.0,1.3929155349647017e-07
2,11,18,-0.5055633024583328,0.20442304213656057,0.1332210454714318,0,0.0,7.518458888360089e-08
2,11,19,-0.5055633024583328,0.20442304213656057,0.14040778969986686,0,0.0,1.614650563428551e-08
2,12,0,-0.5055633024583328,0.22034828913661011,0.0038596493596003397,112,0.0112,0.010937969506607864
2,12,1,-0.5055633024583328,0.22034828913661011,0.01104639358803542,57,0.0057,0.009060151184272522
2,12,2,-0.5055633024583328,0.22034828913661011,0.0182331378164705,48,0.0048,0.0045331518441503755
2,12,3,-0.5055633024583328,0.22034828913661011,0.02541988204490558,24,0.0024,0.0019897922305375667
2,12,4,-0.5055633024583328,0.22034828913661011,0.032606626273340655,7,0.0007,0.0008420146720221035
2,12,5,-0.5055633024583328,0.22034828913661011,0.03979337050177574,2,0.0002,0.0003504001963311155
2,12,6,-0.5055633024583328,0.22034828913661011,0.046980114730210826,0,0.0,0.00017067624259289443
2,12,7,-0.5055633024583328,0.22034828913661011,0.0541668589586459,1,0.0001,0.00010554730189759163
2,12,8,-0.5055633024583328,0.22034828913661011,0.06135360318708098,0,0.0,7.704295358724962e-05
2,12,9,-0.5055633024583328,0.22034828913661011,0.06854034741551607,0,0.0,5.253786663975083e-05
2,12,10,-0.5055633024583328,0.22034828913661011,0.07572709164395114,0,0.0,2.8444087916747806e-05
2,12,11,-0.5055633024583328,0.22034828913661011,0.08291383587238624,0,0.0,1.890301253918945e-05
2,12,12,-0.5055633024583328,0.22034828913661011,0.09010058010082131,0,0.0,1.8928281404037e-05
2,12,13,-0.5055633024583328,0.22034828913661011,0.09728732432925638,0,0.0,1.3113553034050574e-05
2,12,14,-0.5055633024583328,0.22034828913661011,0.10447406855769147,0,0.0,5.018422211768822e-06
2,12,15,-0.5055633024583328,0.22034828913661011,0.11166081278612655,0,0.0,1.3988189384400511e-06
2,12,16,-0.5055633024583328,0.22034828913661011,0.11884755701456162,0,0.0,6.78784396703662e-07
2,12,17,-0.5055633024583328,0.22034828913661011,0.12603430124299672,0,0.0,4.4851805778791623e-07
2,12,18,-0.5055633024583328,0.22034828913661011,0.1332210454714318,0,0.0,1.8362694092836106e-07
2,12,19,-0.5055633024583328,0.22034828913661011,0.14040778969986686,0,0.0,3.4842204537599405e-08
2,13,0,-0.5055633024583328,0.2362735361366597,0.0038596493596003397,33,0.0033,0.007949373931625286
2,13,1,-0.5055633024583328,0.2362735361366597,0.01104639358803542,31,0.0031,0.006907649903988809
2,13,2,-0.5055633024583328,0.2362735361366597,0.0182331378164705,18,0.0018,0.0035696045294850527
2,13,3,-0.5055633024583328,0.2362735361366597,0.02541988204490558,7,0.0007,0.0014952977505527086
2,13,4,-0.5055633024583328,0.2362735361366597,0.032606626273340655,2,0.0002,0.0005949190248500922
2,13,5,-0.5055633024583328,0.2362735361366597,0.03979337050177574,2,0.0002,0.00026169742256103323
2,13,6,-0.5055633024583328,0.2362735361366597,0.046980114730210826,2,0.0002,0.0001583473477251904
2,13,7,-0.5055633024583328,0.2362735361366597,0.0541668589586459,0,0.0,0.00012580378660300063
2,13,8,-0.5055633024583328,0.2362735361366597,0.06135360318708098,0,0.0,0.00011411231357066765
2,13,9,-0.5055633024583328,0.2362735361366597,0.06854034741551607,2,0.0002,9.456679610410194e-05
2,13,10,-0.5055633024583328,0.2362735361366597,0.07572709164395114,0,0.0,6.485670442851109e-05
2,13,11,-0.5055633024583328,0.2362735361366597,0.08291383587238624,0,0.0,4.849632369876196e-05
2,13,12,-0.5055633024583328,0.2362735361366597,0.09010058010082131,1,0.0001,4.460169133224203e-05
2,13,13,-0.5055633024583328,0.2362735361366597,0.09728732432925638,0,0.0,3.0709850597448244e-05
2,13,14,-0.5055633024583328,0.2362735361366597,0.10447406855769147,0,0.0,1.3297009982917338e-05
2,13,15,-0.5055633024583328,0.2362735361366597,0.11166081278612655,0,0.0,5.11902832929809e-06
2,13,16,-0.5055633024583328,0.2362735361366597,0.11884755701456162,0,0.0,3.130518623979985e-06
2,13,17,-0.5055633024583328,0.2362735361366597,0.12603430124299672,0,0.0,1.941788604521018e-06
2,13,18,-0.5055633024583328,0.2362735361366597,0.1332210454714318,0,0.0,7.131930139035946e-07
2,13,19,-0.5055633024583328,0.2362735361366597,0.14040778969986686,0,0.0,1.2684870678974177e-07
2,14,0,-0.5055633024583328,0.25219878313670924,0.0038596493596003397,0,0.0,0.003310110657235554
2,14,1,-0.5055633024583328,0.25219878313670924,0.01104639358803542,12,0.0012,0.0032032095395617597
2,14,2,-0.5055633024583328,0.25219878313670924,0.0182331378164705,3,0.0003,0.0018869499589119394
2,14,3,-0.5055633024583328,0.25219878313670924,0.02541988204490558,1,0.0001,0.0008565584614685079
2,14,4,-0.5055633024583328,0.25219878313670924,0.032606626273340655,0,0.0,0.0003598502301382139
2,14,5,-0.5055633024583328,0.25219878313670924,0.03979337050177574,0,0.0,0.00018347986017200031
2,14,6,-0.5055633024583328,0.25219878313670924,0.046980114730210826,2,0.0002,0.00013579724030508445
2,14,7,-0.5055633024583328,0.25219878313670924,0.0541668589586459,1,0.0001,0.00012474450801012115
2,14,8,-0.5055633024583328,0.25219878313670924,0.06135360318708098,3,0.0003,0.00013033947221163984
2,14,9,-0.5055633024583328,0.25219878313670924,0.06854034741551607,2,0.0002,0.0001339519140462195
2,14,10,-0.5055633024583328,0.25219878313670924,0.07572709164395114,2,0.0002,0.0001218040257707035
2,14,11,-0.5055633024583328,0.25219878313670924,0.08291383587238624,0,0.0,9.872614016323131e-05
2,14,12,-0.5055633024583328,0.25219878313670924,0.09010058010082131,0,0.0,7.506582495249481e-05
2,14,13,-0.5055633024583328,0.25219878313670924,0.09728732432925638,0,0.0,4.94385929410405e-05
2,14,14,-0.5055633024583328,0.25219878313670924,0.10447406855769147,0,0.0,2.6780764763952437e-05
2,14,15,-0.5055633024583328,0.25219878313670924,0.11166081278612655,0,0.0,1.417620784709282e-05
2,14,16,-0.5055633024583328,0.25219878313670924,0.11884755701456162,0,0.0,8.975671142628282e-06
2,14,17,-0.5055633024583328,0.25219878313670924,0.12603430124299672,0,0.0,4.942940985042714e-06
2,14,18,-0.5055633024583328,0.25219878313670924,0.1332210454714318,0,0.0,1.6477118564017993e-06
2,14,19,-0.5055633024583328,0.25219878313670924,0.14040778969986686,0,0.0,2.959174012396785e-07
2,15,0,-0.5055633024583328,0.2681240301367588,0.0038596493596003397,0,0.0,0.0008428595779062864
2,15,1,-0.5055633024583328,0.2681240301367588,0.01104639358803542,1,0.0001,0.0010319971853420466
2,15,2,-0.5055633024583328,0.2681240301367588,0.0182331378164705,3,0.0003,0.0008363202872219535
2,15,3,-0.5055633024583328,0.2681240301367588,0.02541988204490558,2,0.0002,0.0005320557306336677
2,15,4,-0.5055633024583328,0.2681240301367588,0.032606626273340655,2,0.0002,0.0003140231286457615
2,15,5,-0.5055633024583328,0.2681240301367588,0.03979337050177574,0,0.0,0.00020035067432038923
2,15,6,-0.5055633024583328,0.2681240301367588,0.046980114730210826,0,0.0,0.0001432109892443201
2,15,7,-0.5055633024583328,0.2681240301367588,0.0541668589586459,1,0.0001,0.00011790204976291888
2,15,8,-0.5055633024583328,0.2681240301367588,0.06135360318708098,1,0.0001,0.00012079078946077537
2,15,9,-0.5055633024583328,0.2681240301367588,0.06854034741551607,3,0.0003,0.00014722691005779483
2,15,10,-0.5055633024583328,0.2681240301367588,0.07572709164395114,4,0.0004,0.0001702677927017424
2,15,11,-0.5055633024583328,0.2681240301367588,0.08291383587238624,2,0.0002,0.00015812346296758983
2,15,12,-0.5055633024583328,0.2681240301367588,0.09010058010082131,1,0.0001,0.00011523522627973832
2,15,13,-0.5055633024583328,0.2681240301367588,0.09728732432925638,1,0.0001,7.698009362016114e-05
2,15,14,-0.5055633024583328,0.2681240301367588,0.10447406855769147,0,0.0,5.180475669050268e-05
2,15,15,-0.5055633024583328,0.2681240301367588,0.11166081278612655,0,0.0,3.1676510573089795e-05
2,15,16,-0.5055633024583328,0.2681240301367588,0.11884755701456162,0,0.0,1.7336987798357028e-05
2,15,17,-0.5055633024583328,0.2681240301367588,0.12603430124299672,0,0.0,8.380512154154692e-06
2,15,18,-0.5055633024583328,0.2681240301367588,0.1332210454714318,0,0.0,3.2422382050633513e-06
2,15,19,-0.5055633024583328,0.2681240301367588,0.14040778969986686,0,0.0,8.945064652237854e-07
2,16,0,-0.5055633024583328,0.2840492771368084,0.0038596493596003397,0,0.0,0.00017326016355694696
2,16,1,-0.5055633024583328,0.2840492771368084,0.01104639358803542,0,0.0,0.00031826674751580456
2,16,2,-0.5055633024583328,0.2840492771368084,0.0182331378164705,1,0.0001,0.00039318628434542303
2,16,3,-0.5055633024583328,0.2840492771368084,0.02541988204490558,0,0.0,0.00036369371929734716
2,16,4,-0.5055633024583328,0.2840492771368084,0.032606626273340655,1,0.0001,0.00029962944215717035
2,16,5,-0.5055633024583328,0.2840492771368084,0.03979337050177574,1,0.0001,0.00023551212043186162
2,16,6,-0.5055633024583328,0.2840492771368084,0.046980114730210826,2,0.0002,0.00017376324851204702
2,16,7,-0.5055633024583328,0.2840492771368084,0.0541668589586459,0,0.0,0.00013127068558799556
2,16,8,-0.5055633024583328,0.2840492771368084,0.06135360318708098,0,0.0,0.00011486181895438633
2,16,9,-0.5055633024583328,0.2840492771368084,0.06854034741551607,1,0.0001,0.00013467955907196666
2,16,10,-0.5055633024583328,0.2840492771368084,0.07572709164395114,1,0.0001,0.00017423655835205128
2,16,11,-0.5055633024583328,0.2840492771368084,0.08291383587238624,6,0.0006,0.00018296066040598464
2,16,12,-0.5055633024583328,0.2840492771368084,0.09010058010082131,3,0.0003,0.00014167444434928656
2,16,13,-0.5055633024583328,0.2840492771368084,0.09728732432925638,1,0.0001,0.00010233001798553687
2,16,14,-0.5055633024583328,0.2840492771368084,0.10447406855769147,0,0.0,7.656274336461334e-05
2,16,15,-0.5055633024583328,0.2840492771368084,0.11166081278612655,1,0.0001,4.772534956387176e-05
2,16,16,-0.5055633024583328,0.2840492771368084,0.11884755701456162,0,0.0,2.4286423774849133e-05
2,16,17,-0.5055633024583328,0.2840492771368084,0.12603430124299672,0,0.0,1.3754535630341068e-05
2,16,18,-0.5055633024583328,0.2840492771368084,0.1332210454714318,0,0.0,8.412723624326177e-06
2,16,19,-0.5055633024583328,0.2840492771368084,0.14040778969986686,0,0.0,3.344843813953001e-06
2,17,0,-0.5055633024583328,0.2999745241368579,0.0038596493596003397,0,0.0,3.918674925682492e-05
2,17,1,-0.5055633024583328,0.2999745241368579,0.01104639358803542,0,0.0,0.00010247074419763976
2,17,2,-0.5055633024583328,0.2999745241368579,0.0182331378164705,1,0.0001,0.00016641529019893639
2,17,3,-0.5055633024583328,0.2999745241368579,0.02541988204490558,0,0.0,0.00019460294323483352
2,17,4,-0.5055633024583328,0.2999745241368579,0.032606626273340655,0,0.0,0.0002011209268588864
2,17,5,-0.5055633024583328,0.2999745241368579,0.03979337050177574,0,0.0,0.00018782182482290238
2,17,6,-0.5055633024583328,0.2999745241368579,0.046980114730210826,0,0.0,0.00015579686259131767
2,17,7,-0.5055633024583328,0.2999745241368579,0.0541668589586459,1,0.0001,0.00013090883561235104
2,17,8,-0.5055633024583328,0.2999745241368579,0.06135360318708098,2,0.0002,0.0001167577576219465
2,17,9,-0.5055633024583328,0.2999745241368579,0.06854034741551607,0,0.0,0.00012349089651920176
2,17,10,-0.5055633024583328,0.2999745241368579,0.07572709164395114,1,0.0001,0.00015231142671698542
2,17,11,-0.5055633024583328,0.2999745241368579,0.08291383587238624,1,0.0001,0.0001599216248346754
2,17,12,-0.5055633024583328,0.2999745241368579,0.09010058010082131,0,0.0,0.000131005443910423
2,17,13,-0.5055633024583328,0.2999745241368579,0.09728732432925638,1,0.0001,0.00010637268586689985
2,17,14,-0.5055633024583328,0.2999745241368579,0.10447406855769147,1,0.0001,8.431611744921334e-05
2,17,15,-0.5055633024583328,0.2999745241368579,0.11166081278612655,0,0.0,5.335822394296081e-05
2,17,16,-0.5055633024583328,0.2999745241368579,0.11884755701456162,0,0.0,3.0230298099658236e-05
2,17,17,-0.5055633024583328,0.2999745241368579,0.12603430124299672,0,0.0,2.2031492460009247e-05
2,17,18,-0.5055633024583328,0.2999745241368579,0.1332210454714318,0,0.0,1.6043422120805573e-05
2,17,19,-0.5055633024583328,0.2999745241368579,0.14040778969986686,0,0.0,6.875909026845864e-06
2,18,0,-0.5055633024583328,0.3158997711369075,0.0038596493596003397,0,0.0,8.395941514347619e-06
2,18,1,-0.5055633024583328,0.3158997711369075,0.01104639358803542,0,0.0,2.6059222857785746e-05
2,18,2,-0.5055633024583328,0.3158997711369075,0.0182331378164705,0,0.0,4.89154710908871e-05
2,18,3,-0.5055633024583328,0.3158997711369075,0.02541988204490558,0,0.0,6.92877830693426e-05
2,18,4,-0.5055633024583328,0.3158997711369075,0.032606626273340655,0,0.0,8.937532101610583e-05
2,18,5,-0.5055633024583328,0.3158997711369075,0.03979337050177574,0,0.0,9.730062536602411e-05
2,18,6,-0.5055633024583328,0.3158997711369075,0.046980114730210826,0,0.0,8.796638475497696e-05
2,18,7,-0.5055633024583328,0.3158997711369075,0.0541668589586459,0,0.0,8.504183711122363e-05
2,18,8,-0.5055633024583328,0.3158997711369075,0.06135360318708098,0,0.0,9.294070483677601e-05
2,18,9,-0.5055633024583328,0.3158997711369075,0.06854034741551607,0,0.0,0.00010510820760012551
2,18,10,-0.5055633024583328,0.3158997711369075,0.07572709164395114,1,0.0001,0.00012138613687448904
2,18,11,-0.5055633024583328,0.3158997711369075,0.08291383587238624,1,0.0001,0.00012127071170851463
2,18,12,-0.5055633024583328,0.3158997711369075,0.09010058010082131,0,0.0,0.0001096653738561111
2,18,13,-0.5055633024583328,0.3158997711369075,0.09728732432925638,1,0.0001,0.00010018919026283705
2,18,14,-0.5055633024583328,0.3158997711369075,0.10447406855769147,1,0.0001,8.263912610250423e-05
2,18,15,-0.5055633024583328,0.3158997711369075,0.11166081278612655,1,0.0001,5.397960017633469e-05
2,18,16,-0.5055633024583328,0.3158997711369075,0.11884755701456162,1,0.0001,3.218240446112934e-05
2,18,17,-0.5055633024583328,0.3158997711369075,0.12603430124299672,0,0.0,2.3057782496661725e-05
2,18,18,-0.5055633024583328,0.3158997711369075,0.1332210454714318,0,0.0,1.6061031183233243e-05
2,18,19,-0.5055633024583328,0.3158997711369075,0.14040778969986686,0,0.0,6.825963147569903e-06
2,19,0,-0.5055633024583328,0.331825018136957,0.0038596493596003397,0,0.0,1.1788370237544903e-06
2,19,1,-0.5055633024583328,0.331825018136957,0.01104639358803542,0,0.0,3.921914225513699e-06
2,19,2,-0.5055633024583328,0.331825018136957,0.0182331378164705,0,0.0,8.376500804888879e-06
2,19,3,-0.5055633024583328,0.331825018136957,0.02541988204490558,0,0.0,1.5490715212942746e-05
2,19,4,-0.5055633024583328,0.331825018136957,0.032606626273340655,0,0.0,2.6086908330109127e-05
2,19,5,-0.5055633024583328,0.331825018136957,0.03979337050177574,0,0.0,3.321709829383469e-05
2,19,6,-0.5055633024583328,0.331825018136957,0.046980114730210826,0,0.0,3.228838646344879e-05
2,19,7,-0.5055633024583328,0.331825018136957,0.0541668589586459,0,0.0,3.468643740333274e-05
2,19,8,-0.5055633024583328,0.331825018136957,0.06135360318708098,0,0.0,4.692016019367517e-05
2,19,9,-0.5055633024583328,0.331825018136957,0.06854034741551607,0,0.0,5.951251335068543e-05
2,19,10,-0.5055633024583328,0.331825018136957,0.07572709164395114,0,0.0,6.771426797272979e-05
2,19,11,-0.5055633024583328,0.331825018136957,0.08291383587238624,0,0.0,6.912336468352766e-05
2,19,12,-0.5055633024583328,0.331825018136957,0.09010058010082131,0,0.0,7.280412178801623e-05
2,19,13,-0.5055633024583328,0.331825018136957,0.09728732432925638,0,0.0,7.1501399407435e-05
2,19,14,-0.5055633024583328,0.331825018136957,0.10447406855769147,0,0.0,5.8453261764569375e-05
2,19,15,-0.5055633024583328,0.331825018136957,0.11166081278612655,0,0.0,3.5893093756502016e-05
2,19,16,-0.5055633024583328,0.331825018136957,0.11884755701456162,0,0.0,1.876455390058343e-05
2,19,17,-0.5055633024583328,0.331825018136957,0.12603430124299672,0,0.0,1.1709583125453476e-05
2,19,18,-0.5055633024583328,0.331825018136957,0.1332210454714318,0,0.0,7.574869842059943e-06
2,19,19,-0.5055633024583328,0.331825018136957,0.14040778969986686,0,0.0,3.1584008751564106e-06
3,0,0,-0.43846751030334463,0.029245325136015476,0.0038596493596003397,0,0.0,6.320324559212983e-13
3,0,1,-0.43846751030334463,0.029245325136015476,0.01104639358803542,0,0.0,1.0420453538502856e-12
3,0,2,-0.43846751030334463,0.029245325136015476,0.0182331378164705,0,0.0,6.320324559212983e-13
3,0,3,-0.43846751030334463,0.029245325136015476,0.02541988204490558,0,0.0,1.410255031087247e-13
3,0,4,-0.43846751030334463,0.029245325136015476,0.032606626273340655,0,0.0,1.1576078228614303e-14
3,0,5,-0.43846751030334463,0.029245325136015476,0.03979337050177574,0,0.0,3.495672727962196e-16
3,0,6,-0.43846751030334463,0.029245325136015476,0.046980114730210826,0,0.0,0.0
3,0,7,-0.43846751030334463,0.029245325136015476,0.0541668589586459,0,0.0,0.0
3,0,8,-0.43846751030334463,0.029245325136015476,0.06135360318708098,0,0.0,0.0
3,0,9,-0.43846751030334463,0.029245325136015476,0.06854034741551607,0,0.0,0.0
3,0,10,-0.43846751030334463,0.029245325136015476,0.07572709164395114,0,0.0,0.0
3,0,11,-0.43846751030334463,0.029245325136015476,0.08291383587238624,0,0.0,0.0
3,0,12,-0.43846751030334463,0.029245325136015476,0.09010058010082131,0,0.0,0.0
3,0,13,-0.43846751030334463,0.029245325136015476,0.09728732432925638,0,0.0,0.0
3,0,14,-0.43846751030334463,0.029245325136015476,0.10447406855769147,0,0.0,0.0
3,0,15,-0.43846751030334463,0.029245325136015476,0.11166081278612655,0,0.0,0.0
3,0,16,-0.43846751030334463,0.029245325136015476,0.11884755701456162,0,0.0,0.0
3,0,17,-0.43846751030334463,0.029245325136015476,0.12603430124299672,0,0.0,0.0
3,0,18,-0.43846751030334463,0.029245325136015476,0.1332210454714318,0,0.0,0.0
3,0,19,-0.43846751030334463,0.029245325136015476,0.14040778969986686,0,0.0,0.0
3,1,0,-0.43846751030334463,0.045170572136065026,0.0038596493596003397,0,0.0,3.697753312071085e-11
3,1,1,-0.43846751030334463,0.045170572136065026,0.01104639358803542,0,0.0,1.0105609266286802e-10
3,1,2,-0.43846751030334463,0.045170572136065026,0.0182331378164705,0,0.0,1.2739159171463326e-10
3,1,3,-0.43846751030334463,0.045170572136065026,0.02541988204490558,0,0.0,6.851535352958306e-11
3,1,4,-0.43846751030334463,0.045170572136065026,0.032606626273340655,0,0.0,1.4569470619686468e-11
3,1,5,-0.43846751030334463,0.045170572136065026,0.03979337050177574,0,0.0,1.17424204562484e-12
3,1,6,-0.43846751030334463,0.045170572136065026,0.046980114730210826,0,0.0,3.5077801958639125e-14
3,1,7,-0.43846751030334463,0.045170572136065026,0.0541668589586459,0,0.0,0.0
3,1,8,-0.43846751030334463,0.045170572136065026,0.06135360318708098,0,0.0,0.0
3,1,9,-0.43846751030334463,0.045170572136065026,0.06854034741551607,0,0.0,0.0
3,1,10,-0.43846751030334463,0.045170572136065026,0.07572709164395114,0,0.0,0.0
3,1,11,-0.43846751030334463,0.045170572136065026,0.08291383587238624,0,0.0,0.0
3,1,12,-0.43846751030334463,0.045170572136065026,0.09010058010082131,0,0.0,0.0
3,1,13,-0.43846751030334463,0.045170572136065026,0.09728732432925638,0,0.0,0.0
3,1,14,-0.43846751030334463,0.045170572136065026,0.10447406855769147,0,0.0,0.0
3,1,15,-0.43846751030334463,0.045170572136065026,0.11166081278612655,0,0.0,0.0
3,1,16,-0.43846751030334463,0.045170572136065026,0.11884755701456162,0,0.0,0.0
3,1,17,-0.43846751030334463,0.045170572136065026,0.12603430124299672,0,0.0,0.0
3,1,18,-0.43846751030334463,0.045170572136065026,0.1332210454714318,0,0.0,0.0
3,1,19,-0.43846751030334463,0.045170572136065026,0.14040778969986686,0,0.0,0.0
3,2,0,-0.43846751030334463,0.06109581913611459,0.0038596493596003397,0,0.0,4.54745765672561e-09
3,2,1,-0.43846751030334463,0.06109581913611459,0.01104639358803542,0,0.0,7.9174744699983e-09
3,2,2,-0.43846751030334463,0.06109581913611459,0.0182331378164705,0,0.0,8.233356649486824e-09
3,2,3,-0.43846751030334463,0.06109581913611459,0.02541988204490558,0,0.0,5.174299962413907e-09
3,2,4,-0.43846751030334463,0.06109581913611459,0.032606626273340655,0,0.0,1.867977302003429e-09
3,2,5,-0.43846751030334463,0.06109581913611459,0.03979337050177574,0,0.0,3.5139388232294896e-10
3,2,6,-0.43846751030334463,0.06109581913611459,0.046980114730210826,0,0.0,3.2132380112894515e-11
3,2,7,-0.43846751030334463,0.06109581913611459,0.0541668589586459,0,0.0,1.4110017935949868e-12
3,2,8,-0.43846751030334463,0.06109581913611459,0.06135360318708098,0,0.0,2.31521564572286e-14
3,2,9,-0.43846751030334463,0.06109581913611459,0.06854034741551607,0,0.0,0.0
3,2,10,-0.43846751030334463,0.06109581913611459,0.07572709164395114,0,0.0,0.0
3,2,11,-0.43846751030334463,0.06109581913611459,0.08291383587238624,0,0.0,0.0
3,2,12,-0.43846751030334463,0.06109581913611459,0.09010058010082131,0,0.0,0.0
3,2,13,-0.43846751030334463,0.06109581913611459,0.09728732432925638,0,0.0,0.0
3,2,14,-0.43846751030334463,0.06109581913611459,0.10447406855769147,0,0.0,0.0
3,2,15,-0.43846751030334463,0.06109581913611459,0.11166081278612655,0,0.0,0.0
3,2,16,-0.43846751030334463,0.06109581913611459,0.11884755701456162,0,0.0,0.0
3,2,17,-0.43846751030334463,0.06109581913611459,0.12603430124299672,0,0.0,0.0
3,2,18,-0.43846751030334463,0.06109581913611459,0.1332210454714318,0,0.0,0.0
3,2,19,-0.43846751030334463,0.06109581913611459,0.14040778969986686,0,0.0,0.0
3,3,0,-0.43846751030334463,0.07702106613616413,0.0038596493596003397,0,0.0,1.5570542187905484e-07
3,3,1,-0.43846751030334463,0.07702106613616413,0.01104639358803542,0,0.0,2.314868253054325e-07
3,3,2,-0.43846751030334463,0.07702106613616413,0.0182331378164705,0,0.0,2.0989883286276194e-07
3,3,3,-0.43846751030334463,0.07702106613616413,0.02541988204490558,0,0.0,1.3247403264032507e-07
3,3,4,-0.43846751030334463,0.07702106613616413,0.032606626273340655,0,0.0,5.3308612065099e-08
3,3,5,-0.43846751030334463,0.07702106613616413,0.03979337050177574,0,0.0,1.0972006047408228e-08
3,3,6,-0.43846751030334463,0.07702106613616413,0.046980114730210826,0,0.0,1.048158600221667e-09
3,3,7,-0.43846751030334463,0.07702106613616413,0.0541668589586459,0,0.0,4.7149038618749646e-11
3,3,8,-0.43846751030334463,0.07702106613616413,0.06135360318708098,0,0.0,7.898462813567103e-13
3,3,9,-0.43846751030334463,0.07702106613616413,0.06854034741551607,0,0.0,6.991345455924392e-16
3,3,10,-0.43846751030334463,0.07702106613616413,0.07572709164395114,0,0.0,0.0
3,3,11,-0.43846751030334463,0.07702106613616413,0.08291383587238624,0,0.0,0.0
3,3,12,-0.43846751030334463,0.07702106613616413,0.09010058010082131,0,0.0,0.0
3,3,13,-0.43846751030334463,0.07702106613616413,0.09728732432925638,0,0.0,0.0
3,3,14,-0.43846751030334463,0.07702106613616413,0.10447406855769147,0,0.0,0.0
3,3,15,-0.43846751030334463,0.07702106613616413,0.11166081278612655,0,0.0,0.0
3,3,16,-0.43846751030334463,0.07702106613616413,0.11884755701456162,0,0.0,0.0
3,3,17,-0.43846751030334463,0.07702106613616413,0.12603430124299672,0,0.0,0.0
3,3,18,-0.43846751030334463,0.07702106613616413,0.1332210454714318,0,0.0,0.0
3,3,19,-0.43846751030334463,0.07702106613616413,0.14040778969986686,0,0.0,0.0
3,4,0,-0.43846751030334463,0.09294631313621368,0.0038596493596003397,0,0.0,2.4154967218710475e-06
3,4,1,-0.43846751030334463,0.09294631313621368,0.01104639358803542,0,0.0,3.260498259915882e-06
3,4,2,-0.43846751030334463,0.09294631313621368,0.0182331378164705,0,0.0,2.6554722769181444e-06
3,4,3,-0.43846751030334463,0.09294631313621368,0.02541988204490558,0,0.0,1.5850772184708894e-06
3,4,4,-0.43846751030334463,0.09294631313621368,0.032606626273340655,0,0.0,6.435147323751357e-07
3,4,5,-0.43846751030334463,0.09294631313621368,0.03979337050177574,0,0.0,1.3597080195817845e-07
3,4,6,-0.43846751030334463,0.09294631313621368,0.046980114730210826,0,0.0,1.4957137582341766e-08
3,4,7,-0.43846751030334463,0.09294631313621368,0.0541668589586459,0,0.0,1.8004358617509331e-09
3,4,8,-0.43846751030334463,0.09294631313621368,0.06135360318708098,0,0.0,3.221109314932216e-10
3,4,9,-0.43846751030334463,0.09294631313621368,0.06854034741551607,0,0.0,4.6718233084508296e-11
3,4,10,-0.43846751030334463,0.09294631313621368,0.07572709164395114,0,0.0,5.6970788697470396e-12
3,4,11,-0.43846751030334463,0.09294631313621368,0.08291383587238624,0,0.0,3.9527270795115144e-13
3,4,12,-0.43846751030334463,0.09294631313621368,0.09010058010082131,0,0.0,1.15760782286143e-14
3,4,13,-0.43846751030334463,0.09294631313621368,0.09728732432925638,0,0.0,0.0
3,4,14,-0.43846751030334463,0.09294631313621368,0.10447406855769147,0,0.0,0.0
3,4,15,-0.43846751030334463,0.09294631313621368,0.11166081278612655,0,0.0,0.0
3,4,16,-0.43846751030334463,0.09294631313621368,0.11884755701456162,0,0.0,0.0
3,4,17,-0.43846751030334463,0.09294631313621368,0.12603430124299672,0,0.0,0.0
3,4,18,-0.43846751030334463,0.09294631313621368,0.1332210454714318,0,0.0,0.0
3,4,19,-0.43846751030334463,0.09294631313621368,0.14040778969986686,0,0.0,0.0
3,5,0,-0.43846751030334463,0.10887156013626324,0.0038596493596003397,0,0.0,1.9456810750801812e-05
3,5,1,-0.43846751030334463,0.10887156013626324,0.01104639358803542,0,0.0,2.413874377814337e-05
3,5,2,-0.43846751030334463,0.10887156013626324,0.0182331378164705,0,0.0,1.7835604863187915e-05
3,5,3,-0.43846751030334463,0.10887156013626324,0.02541988204490558,0,0.0,9.377645683140366e-06
3,5,4,-0.43846751030334463,0.10887156013626324,0.032606626273340655,0,0.0,3.4520530746252473e-06
3,5,5,-0.43846751030334463,0.10887156013626324,0.03979337050177574,0,0.0,7.328594714142508e-07
3,5,6,-0.43846751030334463,0.10887156013626324,0.046980114730210826,0,0.0,1.3285579200045014e-07
3,5,7,-0.43846751030334463,0.10887156013626324,0.0541668589586459,0,0.0,4.388224112724545e-08
3,5,8,-0.43846751030334463,0.10887156013626324,0.06135360318708098,0,0.0,1.0905172531304474e-08
3,5,9,-0.43846751030334463,0.10887156013626324,0.06854034741551607,0,0.0,1.8493283271760964e-09
3,5,10,-0.43846751030334463,0.10887156013626324,0.07572709164395114,0,0.0,2.8511671294392553e-10
3,5,11,-0.43846751030334463,0.10887156013626324,0.08291383587238624,0,0.0,3.908472121496039e-11
3,5,12,-0.43846751030334463,0.10887156013626324,0.09010058010082131,0,0.0,5.206071916934467e-12
3,5,13,-0.43846751030334463,0.10887156013626324,0.09728732432925638,0,0.0,3.8334706244974095e-13
3,5,14,-0.43846751030334463,0.10887156013626324,0.10447406855769147,0,0.0,1.15760782286143e-14
3,5,15,-0.43846751030334463,0.10887156013626324,0.11166081278612655,0,0.0,0.0
3,5,16,-0.43846751030334463,0.10887156013626324,0.11884755701456162,0,0.0,0.0
3,5,17,-0.43846751030334463,0.10887156013626324,0.12603430124299672,0,0.0,0.0
3,5,18,-0.43846751030334463,0.10887156013626324,0.1332210454714318,0,0.0,0.0
3,5,19,-0.43846751030334463,0.10887156013626324,0.14040778969986686,0,0.0,0.0
3,6,0,-0.43846751030334463,0.1247968071363128,0.0038596493596003397,0,0.0,9.62216617962013e-05
3,6,1,-0.43846751030334463,0.1247968071363128,0.01104639358803542,0,0.0,0.00011092111900813903
3,6,2,-0.43846751030334463,0.1247968071363128,0.0182331378164705,0,0.0,7.573729428276748e-05
3,6,3,-0.43846751030334463,0.1247968071363128,0.02541988204490558,0,0.0,3.505767385732501e-05
3,6,4,-0.43846751030334463,0.1247968071363128,0.032606626273340655,0,0.0,1.1361002264287269e-05
3,6,5,-0.43846751030334463,0.1247968071363128,0.03979337050177574,0,0.0,2.7303125241260474e-06
3,6,6,-0.43846751030334463,0.1247968071363128,0.046980114730210826,0,0.0,1.0810382482655325e-06
3,6,7,-0.43846751030334463,0.1247968071363128,0.0541668589586459,0,0.0,5.324733127814823e-07
3,6,8,-0.43846751030334463,0.1247968071363128,0.06135360318708098,0,0.0,1.5396398672849136e-07
3,6,9,-0.43846751030334463,0.1247968071363128,0.06854034741551607,0,0.0,3.87356860298967e-08
3,6,10,-0.43846751030334463,0.1247968071363128,0.07572709164395114,0,0.0,1.0374280532232041e-08
3,6,11,-0.43846751030334463,0.1247968071363128,0.08291383587238624,0,0.0,2.5064596017245573e-09
3,6,12,-0.43846751030334463,0.1247968071363128,0.09010058010082131,0,0.0,5.38967455611549e-10
3,6,13,-0.43846751030334463,0.1247968071363128,0.09728732432925638,0,0.0,7.60852624651753e-11
3,6,14,-0.43846751030334463,0.1247968071363128,0.10447406855769147,0,0.0,5.194495838705852e-12
3,6,15,-0.43846751030334463,0.1247968071363128,0.11166081278612655,0,0.0,1.4102550310872469e-13
3,6,16,-0.43846751030334463,0.1247968071363128,0.11884755701456162,0,0.0,0.0
3,6,17,-0.43846751030334463,0.1247968071363128,0.12603430124299672,0,0.0,0.0
3,6,18,-0.43846751030334463,0.1247968071363128,0.1332210454714318,0,0.0,0.0
3,6,19,-0.43846751030334463,0.1247968071363128,0.14040778969986686,0,0.0,0.0
3,7,0,-0.43846751030334463,0.14072205413636235,0.0038596493596003397,0,0.0,0.00032637674022494267
3,7,1,-0.43846751030334463,0.14072205413636235,0.01104639358803542,1,0.0001,0.0003652185527023098
3,7,2,-0.43846751030334463,0.14072205413636235,0.0182331378164705,1,0.0001,0.0002469735169933858
3,7,3,-0.43846751030334463,0.14072205413636235,0.02541988204490558,0,0.0,0.00011430838721366637
3,7,4,-0.43846751030334463,0.14072205413636235,0.032606626273340655,0,0.0,3.84239579386694e-05
3,7,5,-0.43846751030334463,0.14072205413636235,0.03979337050177574,0,0.0,1.1690195111846979e-05
3,7,6,-0.43846751030334463,0.14072205413636235,0.046980114730210826,0,0.0,5.672648448503416e-06
3,7,7,-0.43846751030334463,0.14072205413636235,0.0541668589586459,0,0.0,2.830959385536988e-06
3,7,8,-0.43846751030334463,0.14072205413636235,0.06135360318708098,0,0.0,1.1340015879625422e-06
3,7,9,-0.43846751030334463,0.14072205413636235,0.06854034741551607,0,0.0,5.355164676581826e-07
3,7,10,-0.43846751030334463,0.14072205413636235,0.07572709164395114,0,0.0,2.1164141400935077e-07
3,7,11,-0.43846751030334463,0.14072205413636235,0.08291383587238624,0,0.0,6.069859456555723e-08
3,7,12,-0.43846751030334463,0.14072205413636235,0.09010058010082131,0,0.0,1.4428984069381006e-08
3,7,13,-0.43846751030334463,0.14072205413636235,0.09728732432925638,0,0.0,2.2586711457308166e-09
3,7,14,-0.43846751030334463,0.14072205413636235,0.10447406855769147,0,0.0,1.6880463821563407e-10
3,7,15,-0.43846751030334463,0.14072205413636235,0.11166081278612655,0,0.0,6.156387184400616e-11
3,7,16,-0.43846751030334463,0.14072205413636235,0.11884755701456162,0,0.0,2.5498009114057967e-10
3,7,17,-0.43846751030334463,0.14072205413636235,0.12603430124299672,0,0.0,4.20391099868531e-10
3,7,18,-0.43846751030334463,0.14072205413636235,0.1332210454714318,0,0.0,2.5498009114057967e-10
3,7,19,-0.43846751030334463,0.14072205413636235,0.14040778969986686,0,0.0,5.689374857085878e-11
3,8,0,-0.43846751030334463,0.1566473011364119,0.0038596493596003397,6,0.0006,0.0007853234646659126
3,8,1,-0.43846751030334463,0.1566473011364119,0.01104639358803542,4,0.0004,0.0009037507925091465
3,8,2,-0.43846751030334463,0.1566473011364119,0.0182331378164705,1,0.0001,0.0006611569375624728
3,8,3,-0.43846751030334463,0.1566473011364119,0.02541988204490558,2,0.0002,0.00034213376254529074
3,8,4,-0.43846751030334463,0.1566473011364119,0.032606626273340655,0,0.0,0.0001328634289098548
3,8,5,-0.43846751030334463,0.1566473011364119,0.03979337050177574,0,0.0,4.6250498909529845e-05
3,8,6,-0.43846751030334463,0.1566473011364119,0.046980114730210826,0,0.0,1.8556051148438705e-05
3,8,7,-0.43846751030334463,0.1566473011364119,0.0541668589586459,0,0.0,8.850066177061274e-06
3,8,8,-0.43846751030334463,0.1566473011364119,0.06135360318708098,0,0.0,6.369494913855969e-06
3,8,9,-0.43846751030334463,0.1566473011364119,0.06854034741551607,0,0.0,4.747994790560282e-06
3,8,10,-0.43846751030334463,0.1566473011364119,0.07572709164395114,0,0.0,2.1936956466523466e-06
3,8,11,-0.43846751030334463,0.1566473011364119,0.08291383587238624,0,0.0,6.633618379422527e-07
3,8,12,-0.43846751030334463,0.1566473011364119,0.09010058010082131,0,0.0,1.660333187205503e-07
3,8,13,-0.43846751030334463,0.1566473011364119,0.09728732432925638,0,0.0,2.8345636558692517e-08
3,8,14,-0.43846751030334463,0.1566473011364119,0.10447406855769147,0,0.0,2.6748997926649084e-09
3,8,15,-0.43846751030334463,0.1566473011364119,0.11166081278612655,0,0.0,2.0386679387594817e-09
3,8,16,-0.43846751030334463,0.1566473011364119,0.11884755701456162,0,0.0,8.453697232793084e-09
3,8,17,-0.43846751030334463,0.1566473011364119,0.12603430124299672,0,0.0,1.3921965993690992e-08
3,8,18,-0.43846751030334463,0.1566473011364119,0.1332210454714318,0,0.0,8.443792534667083e-09
3,8,19,-0.43846751030334463,0.1566473011364119,0.14040778969986686,0,0.0,1.8840621975481933e-09
3,9,0,-0.43846751030334463,0.17257254813646145,0.0038596493596003397,16,0.0016,0.001417265944281603
3,9,1,-0.43846751030334463,0.17257254813646145,0.01104639358803542,15,0.0015,0.0016963720927658814
3,9,2,-0.43846751030334463,0.17257254813646145,0.0182331378164705,9,0.0009,0.0013805758424445262
3,9,3,-0.43846751030334463,0.17257254813646145,0.02541988204490558,2,0.0002,0.0008205001720776311
3,9,4,-0.43846751030334463,0.17257254813646145,0.032606626273340655,0,0.0,0.00036703771913182745
3,9,5,-0.43846751030334463,0.17257254813646145,0.03979337050177574,1,0.0001,0.00013787411104899608
3,9,6,-0.43846751030334463,0.17257254813646145,0.046980114730210826,0,0.0,4.9218055951371136e-05
3,9,7,-0.43846751030334463,0.17257254813646145,0.0541668589586459,0,0.0,2.4510963581372788e-05
3,9,8,-0.43846751030334463,0.17257254813646145,0.06135360318708098,0,0.0,2.4028639772483815e-05
3,9,9,-0.43846751030334463,0.17257254813646145,0.06854034741551607,0,0.0,2.004067313341398e-05
3,9,10,-0.43846751030334463,0.17257254813646145,0.07572709164395114,0,0.0,9.692114530627949e-06
3,9,11,-0.43846751030334463,0.17257254813646145,0.08291383587238624,0,0.0,3.097615431559453e-06
3,9,12,-0.43846751030334463,0.17257254813646145,0.09010058010082131,0,0.0,8.684987802795802e-07
3,9,13,-0.43846751030334463,0.17257254813646145,0.09728732432925638,0,0.0,1.9082836204078057e-07
3,9,14,-0.43846751030334463,0.17257254813646145,0.10447406855769147,0,0.0,3.313191475623096e-08
3,9,15,-0.43846751030334463,0.17257254813646145,0.11166081278612655,0,0.0,2.7970122987138636e-08
3,9,16,-0.43846751030334463,0.17257254813646145,0.11884755701456162,0,0.0,1.039737439168005e-07
3,9,17,-0.43846751030334463,0.17257254813646145,0.12603430124299672,0,0.0,1.699333610065308e-07
3,9,18,-0.43846751030334463,0.17257254813646145,0.1332210454714318,0,0.0,1.029284103539995e-07
3,9,19,-0.43846751030334463,0.17257254813646145,0.14040778969986686,0,0.0,2.295738749199684e-08
3,10,0,-0.43846751030334463,0.188497795136511,0.0038596493596003397,12,0.0012,0.0022881327949483402
3,10,1,-0.43846751030334463,0.188497795136511,0.01104639358803542,21,0.0021,0.002627658708533367
3,10,2,-0.43846751030334463,0.188497795136511,0.0182331378164705,25,0.0025,0.002186143782089844
3,10,3,-0.43846751030334463,0.188497795136511,0.02541988204490558,14,0.0014,0.0014119235401814558
3,10,4,-0.43846751030334463,0.188497795136511,0.032606626273340655,5,0.0005,0.0006912467560456383
3,10,5,-0.43846751030334463,0.188497795136511,0.03979337050177574,2,0.0002,0.0002729589796496411
3,10,6,-0.43846751030334463,0.188497795136511,0.046980114730210826,0,0.0,0.00010200418258310718
3,10,7,-0.43846751030334463,0.188497795136511,0.0541668589586459,0,0.0,5.476843475377266e-05
3,10,8,-0.43846751030334463,0.188497795136511,0.06135360318708098,2,0.0002,4.953383081699655e-05
3,10,9,-0.43846751030334463,0.188497795136511,0.06854034741551607,1,0.0001,3.86702553246111e-05
3,10,10,-0.43846751030334463,0.188497795136511,0.07572709164395114,0,0.0,1.9502283350472355e-05
3,10,11,-0.43846751030334463,0.188497795136511,0.08291383587238624,0,0.0,7.884782720123316e-06
3,10,12,-0.43846751030334463,0.188497795136511,0.09010058010082131,0,0.0,3.3839742085080226e-06
3,10,13,-0.43846751030334463,0.188497795136511,0.09728732432925638,0,0.0,1.2999310391549218e-06
3,10,14,-0.43846751030334463,0.188497795136511,0.10447406855769147,0,0.0,3.900717912231077e-07
3,10,15,-0.43846751030334463,0.188497795136511,0.11166081278612655,0,0.0,1.9873005485118885e-07
3,10,16,-0.43846751030334463,0.188497795136511,0.11884755701456162,0,0.0,4.954238885915683e-07
3,10,17,-0.43846751030334463,0.188497795136511,0.12603430124299672,0,0.0,7.741650224245618e-07
3,10,18,-0.43846751030334463,0.188497795136511,0.1332210454714318,0,0.0,4.644874944840156e-07
3,10,19,-0.43846751030334463,0.188497795136511,0.14040778969986686,0,0.0,1.0330255941076729e-07
3,11,0,-0.43846751030334463,0.20442304213656057,0.0038596493596003397,8,0.0008,0.003372425703941187
3,11,1,-0.43846751030334463,0.20442304213656057,0.01104639358803542,18,0.0018,0.0034845329449458536
3,11,2,-0.43846751030334463,0.20442304213656057,0.0182331378164705,33,0.0033,0.0026432023921437067
3,11,3,-0.43846751030334463,0.20442304213656057,0.02541988204490558,23,0.0023,0.0016948320924549684
3,11,4,-0.43846751030334463,0.20442304213656057,0.032606626273340655,6,0.0006,0.0008545590456152893
3,11,5,-0.43846751030334463,0.20442304213656057,0.03979337050177574,1,0.0001,0.0003495305598536643
3,11,6,-0.43846751030334463,0.20442304213656057,0.046980114730210826,1,0.0001,0.00015076869190869537
3,11,7,-0.43846751030334463,0.20442304213656057,0.0541668589586459,0,0.0,9.530062386297422e-05
3,11,8,-0.43846751030334463,0.20442304213656057,0.06135360318708098,0,0.0,7.543993023209512e-05
3,11,9,-0.43846751030334463,0.20442304213656057,0.06854034741551607,0,0.0,5.134993665687353e-05
3,11,10,-0.43846751030334463,0.20442304213656057,0.07572709164395114,0,0.0,2.9526724431988987e-05
3,11,11,-0.43846751030334463,0.20442304213656057,0.08291383587238624,0,0.0,1.9661805935265373e-05
3,11,12,-0.43846751030334463,0.20442304213656057,0.09010058010082131,0,0.0,1.4207056875436277e-05
3,11,13,-0.43846751030334463,0.20442304213656057,0.09728732432925638,0,0.0,7.81323030257893e-06
3,11,14,-0.43846751030334463,0.20442304213656057,0.10447406855769147,0,0.0,2.92993154648711e-06
3,11,15,-0.43846751030334463,0.20442304213656057,0.11166081278612655,0,0.0,1.1479447031692132e-06
3,11,16,-0.43846751030334463,0.20442304213656057,0.11884755701456162,0,0.0,1.2485917057813808e-06
3,11,17,-0.43846751030334463,0.20442304213656057,0.12603430124299672,0,0.0,1.4947887709522844e-06
3,11,18,-0.43846751030334463,0.20442304213656057,0.1332210454714318,0,0.0,8.326107889575991e-07
3,11,19,-0.43846751030334463,0.20442304213656057,0.14040778969986686,0,0.0,1.8077835922548844e-07
3,12,0,-0.43846751030334463,0.22034828913661011,0.0038596493596003397,2,0.0002,0.0036192043463921094
3,12,1,-0.43846751030334463,0.22034828913661011,0.01104639358803542,7,0.0007,0.0034946592879579056
3,12,2,-0.43846751030334463,0.22034828913661011,0.0182331378164705,14,0.0014,0.002375354913691903
3,12,3,-0.43846751030334463,0.22034828913661011,0.02541988204490558,13,0.0013,0.0014220273966417723
3,12,4,-0.43846751030334463,0.22034828913661011,0.032606626273340655,5,0.0005,0.0007070255547136146
3,12,5,-0.43846751030334463,0.22034828913661011,0.03979337050177574,0,0.0,0.00030475853838371963
3,12,6,-0.43846751030334463,0.22034828913661011,0.046980114730210826,2,0.0002,0.00016591118053681513
3,12,7,-0.43846751030334463,0.22034828913661011,0.0541668589586459,2,0.0002,0.00013600771497418668
3,12,8,-0.43846751030334463,0.22034828913661011,0.06135360318708098,2,0.0002,0.00011531076381909927
3,12,9,-0.43846751030334463,0.22034828913661011,0.06854034741551607,0,0.0,7.983246144903642e-05
3,12,10,-0.43846751030334463,0.22034828913661011,0.07572709164395114,0,0.0,5.250338463655147e-05
3,12,11,-0.43846751030334463,0.22034828913661011,0.08291383587238624,0,0.0,4.5840294706376065e-05
3,12,12,-0.43846751030334463,0.22034828913661011,0.09010058010082131,0,0.0,4.2344722033018837e-05
3,12,13,-0.43846751030334463,0.22034828913661011,0.09728732432925638,0,0.0,2.7577829308961273e-05
3,12,14,-0.43846751030334463,0.22034828913661011,0.10447406855769147,0,0.0,1.2228522364218443e-05
3,12,15,-0.43846751030334463,0.22034828913661011,0.11166081278612655,0,0.0,5.521692500640184e-06
3,12,16,-0.43846751030334463,0.22034828913661011,0.11884755701456162,0,0.0,3.884555255453606e-06
3,12,17,-0.43846751030334463,0.22034828913661011,0.12603430124299672,0,0.0,2.748403465087635e-06
3,12,18,-0.43846751030334463,0.22034828913661011,0.1332210454714318,0,0.0,1.1630682433910578e-06
3,12,19,-0.43846751030334463,0.22034828913661011,0.14040778969986686,0,0.0,2.2582693355356281e-07
3,13,0,-0.43846751030334463,0.2362735361366597,0.0038596493596003397,1,0.0001,0.002418695972635179
3,13,1,-0.43846751030334463,0.2362735361366597,0.01104639358803542,1,0.0001,0.0023348092127963285
3,13,2,-0.43846751030334463,0.2362735361366597,0.0182331378164705,1,0.0001,0.0014948493920804225
3,13,3,-0.43846751030334463,0.2362735361366597,0.02541988204490558,2,0.0002,0.0008151048025229851
3,13,4,-0.43846751030334463,0.2362735361366597,0.032606626273340655,1,0.0001,0.00039116175609873994
3,13,5,-0.43846751030334463,0.2362735361366597,0.03979337050177574,0,0.0,0.00019144650845904365
3,13,6,-0.43846751030334463,0.2362735361366597,0.046980114730210826,1,0.0001,0.0001429263224627037
3,13,7,-0.43846751030334463,0.2362735361366597,0.0541668589586459,3,0.0003,0.00014654468960572907
3,13,8,-0.43846751030334463,0.2362735361366597,0.06135360318708098,2,0.0002,0.0001423188694070675
3,13,9,-0.43846751030334463,0.2362735361366597,0.06854034741551607,0,0.0,0.00011469849620735737
3,13,10,-0.43846751030334463,0.2362735361366597,0.07572709164395114,0,0.0,8.729107040263713e-05
3,13,11,-0.43846751030334463,0.2362735361366597,0.08291383587238624,0,0.0,8.055199754462231e-05
3,13,12,-0.43846751030334463,0.2362735361366597,0.09010058010082131,1,0.0001,7.75109772159787e-05
3,13,13,-0.43846751030334463,0.2362735361366597,0.09728732432925638,1,0.0001,5.5040110167234305e-05
3,13,14,-0.43846751030334463,0.2362735361366597,0.10447406855769147,0,0.0,2.944273088029775e-05
3,13,15,-0.43846751030334463,0.2362735361366597,0.11166081278612655,0,0.0,1.6868629234782387e-05
3,13,16,-0.43846751030334463,0.2362735361366597,0.11884755701456162,0,0.0,1.242768771194762e-05
3,13,17,-0.43846751030334463,0.2362735361366597,0.12603430124299672,0,0.0,8.018584759408156e-06
3,13,18,-0.43846751030334463,0.2362735361366597,0.1332210454714318,0,0.0,3.085236607697926e-06
3,13,19,-0.43846751030334463,0.2362735361366597,0.14040778969986686,0,0.0,5.766340330515156e-07
3,14,0,-0.43846751030334463,0.25219878313670924,0.0038596493596003397,0,0.0,0.000962147510966463
3,14,1,-0.43846751030334463,0.25219878313670924,0.01104639358803542,0,0.0,0.0010055326269019043
3,14,2,-0.43846751030334463,0.25219878313670924,0.0182331378164705,0,0.0,0.0006686969140773329
3,14,3,-0.43846751030334463,0.25219878313670924,0.02541988204490558,0,0.0,0.00035028821512411056
3,14,4,-0.43846751030334463,0.25219878313670924,0.032606626273340655,0,0.0,0.00016755173924810747
3,14,5,-0.43846751030334463,0.25219878313670924,0.03979337050177574,0,0.0,9.991101687986399e-05
3,14,6,-0.43846751030334463,0.25219878313670924,0.046980114730210826,1,0.0001,9.840691655177514e-05
3,14,7,-0.43846751030334463,0.25219878313670924,0.0541668589586459,1,0.0001,0.00011428582524630172
3,14,8,-0.43846751030334463,0.25219878313670924,0.06135360318708098,0,0.0,0.00012577812815366853
3,14,9,-0.43846751030334463,0.25219878313670924,0.06854034741551607,0,0.0,0.00012880691493816728
3,14,10,-0.43846751030334463,0.25219878313670924,0.07572709164395114,0,0.0,0.00012472476864213314
3,14,11,-0.43846751030334463,0.25219878313670924,0.08291383587238624,1,0.0001,0.0001153472743270574
3,14,12,-0.43846751030334463,0.25219878313670924,0.09010058010082131,1,0.0001,9.868982863956994e-05
3,14,13,-0.43846751030334463,0.25219878313670924,0.09728732432925638,1,0.0001,7.268490319320082e-05
3,14,14,-0.43846751030334463,0.25219878313670924,0.10447406855769147,0,0.0,4.8126977650755836e-05
3,14,15,-0.43846751030334463,0.25219878313670924,0.11166081278612655,0,0.0,3.226742862296805e-05
3,14,16,-0.43846751030334463,0.25219878313670924,0.11884755701456162,0,0.0,2.405522229479005e-05
3,14,17,-0.43846751030334463,0.25219878313670924,0.12603430124299672,0,0.0,1.526575130566653e-05
3,14,18,-0.43846751030334463,0.25219878313670924,0.1332210454714318,0,0.0,5.820966604074563e-06
3,14,19,-0.43846751030334463,0.25219878313670924,0.14040778969986686,0,0.0,1.1430510313267007e-06
3,15,0,-0.43846751030334463,0.2681240301367588,0.0038596493596003397,0,0.0,0.00023941056231409943
3,15,1,-0.43846751030334463,0.2681240301367588,0.01104639358803542,0,0.0,0.00031374657852058414
3,15,2,-0.43846751030334463,0.2681240301367588,0.0182331378164705,0,0.0,0.00026768094321551455
3,15,3,-0.43846751030334463,0.2681240301367588,0.02541988204490558,0,0.0,0.00017221519319044607
3,15,4,-0.43846751030334463,0.2681240301367588,0.032606626273340655,0,0.0,0.00010129863690134466
3,15,5,-0.43846751030334463,0.2681240301367588,0.03979337050177574,0,0.0,6.968692004555389e-05
3,15,6,-0.43846751030334463,0.2681240301367588,0.046980114730210826,0,0.0,6.449301360963879e-05
3,15,7,-0.43846751030334463,0.2681240301367588,0.0541668589586459,0,0.0,6.980734822237851e-05
3,15,8,-0.43846751030334463,0.2681240301367588,0.06135360318708098,0,0.0,8.40479527683336e-05
3,15,9,-0.43846751030334463,0.2681240301367588,0.06854034741551607,0,0.0,0.00011161845639714948
3,15,10,-0.43846751030334463,0.2681240301367588,0.07572709164395114,2,0.0002,0.0001365928501021085
3,15,11,-0.43846751030334463,0.2681240301367588,0.08291383587238624,2,0.0002,0.0001343946348254395
3,15,12,-0.43846751030334463,0.2681240301367588,0.09010058010082131,0,0.0,0.00010768241613013366
3,15,13,-0.43846751030334463,0.2681240301367588,0.09728732432925638,0,0.0,8.470156060075596e-05
3,15,14,-0.43846751030334463,0.2681240301367588,0.10447406855769147,1,0.0001,6.786085748859663e-05
3,15,15,-0.43846751030334463,0.2681240301367588,0.11166081278612655,0,0.0,4.697165842465647e-05
3,15,16,-0.43846751030334463,0.2681240301367588,0.11884755701456162,1,0.0001,3.0805596749447614e-05
3,15,17,-0.43846751030334463,0.2681240301367588,0.12603430124299672,0,0.0,1.8983064915336464e-05
3,15,18,-0.43846751030334463,0.2681240301367588,0.1332210454714318,0,0.0,8.280661358366011e-06
3,15,19,-0.43846751030334463,0.2681240301367588,0.14040778969986686,0,0.0,2.1792095352558715e-06
3,16,0,-0.43846751030334463,0.2840492771368084,0.0038596493596003397,0,0.0,4.901414504111137e-05
3,16,1,-0.43846751030334463,0.2840492771368084,0.01104639358803542,0,0.0,9.885412759363025e-05
3,16,2,-0.43846751030334463,0.2840492771368084,0.0182331378164705,2,0.0002,0.0001260253586971442
3,16,3,-0.43846751030334463,0.2840492771368084,0.02541988204490558,0,0.0,0.00010904800080780959
3,16,4,-0.43846751030334463,0.2840492771368084,0.032606626273340655,0,0.0,8.308112729984231e-05
3,16,5,-0.43846751030334463,0.2840492771368084,0.03979337050177574,0,0.0,6.605875693187647e-05
3,16,6,-0.43846751030334463,0.2840492771368084,0.046980114730210826,0,0.0,5.489883669163934e-05
3,16,7,-0.43846751030334463,0.2840492771368084,0.0541668589586459,0,0.0,4.9290236442331945e-05
3,16,8,-0.43846751030334463,0.2840492771368084,0.06135360318708098,0,0.0,5.3544272554330404e-05
3,16,9,-0.43846751030334463,0.2840492771368084,0.06854034741551607,0,0.0,7.439341071522738e-05
3,16,10,-0.43846751030334463,0.2840492771368084,0.07572709164395114,0,0.0,0.00010438866616334003
3,16,11,-0.43846751030334463,0.2840492771368084,0.08291383587238624,0,0.0,0.00011622790892529919
3,16,12,-0.43846751030334463,0.2840492771368084,0.09010058010082131,0,0.0,9.995693708511605e-05
3,16,13,-0.43846751030334463,0.2840492771368084,0.09728732432925638,0,0.0,8.699912899232768e-05
3,16,14,-0.43846751030334463,0.2840492771368084,0.10447406855769147,3,0.0003,7.729854726502524e-05
3,16,15,-0.43846751030334463,0.2840492771368084,0.11166081278612655,1,0.0001,5.3519557683892935e-05
3,16,16,-0.43846751030334463,0.2840492771368084,0.11884755701456162,0,0.0,3.2769690376092154e-05
3,16,17,-0.43846751030334463,0.2840492771368084,0.12603430124299672,0,0.0,2.4623818220114802e-05
3,16,18,-0.43846751030334463,0.2840492771368084,0.1332210454714318,0,0.0,1.612093424023024e-05
3,16,19,-0.43846751030334463,0.2840492771368084,0.14040778969986686,0,0.0,6.107088754861951e-06
3,17,0,-0.43846751030334463,0.2999745241368579,0.0038596493596003397,0,0.0,1.1536610979599216e-05
3,17,1,-0.43846751030334463,0.2999745241368579,0.01104639358803542,0,0.0,3.390993400744229e-05
3,17,2,-0.43846751030334463,0.2999745241368579,0.0182331378164705,0,0.0,5.488136845485182e-05
3,17,3,-0.43846751030334463,0.2999745241368579,0.02541988204490558,0,0.0,5.5593419611271166e-05
3,17,4,-0.43846751030334463,0.2999745241368579,0.032606626273340655,0,0.0,5.0675740651789565e-05
3,17,5,-0.43846751030334463,0.2999745241368579,0.03979337050177574,0,0.0,4.735092984692538e-05
3,17,6,-0.43846751030334463,0.2999745241368579,0.046980114730210826,0,0.0,4.301403569286628e-05
3,17,7,-0.43846751030334463,0.2999745241368579,0.0541668589586459,0,0.0,4.1173934329794015e-05
3,17,8,-0.43846751030334463,0.2999745241368579,0.06135360318708098,0,0.0,4.141586640707377e-05
3,17,9,-0.43846751030334463,0.2999745241368579,0.06854034741551607,0,0.0,4.775996748786703e-05
3,17,10,-0.43846751030334463,0.2999745241368579,0.07572709164395114,0,0.0,6.472801231013271e-05
3,17,11,-0.43846751030334463,0.2999745241368579,0.08291383587238624,0,0.0,7.424631888604702e-05
3,17,12,-0.43846751030334463,0.2999745241368579,0.09010058010082131,0,0.0,6.715633683657375e-05
3,17,13,-0.43846751030334463,0.2999745241368579,0.09728732432925638,0,0.0,6.382377908318122e-05
3,17,14,-0.43846751030334463,0.2999745241368579,0.10447406855769147,0,0.0,6.0724776909882805e-05
3,17,15,-0.43846751030334463,0.2999745241368579,0.11166081278612655,0,0.0,4.565878305033504e-05
3,17,16,-0.43846751030334463,0.2999745241368579,0.11884755701456162,0,0.0,3.32255836918389e-05
3,17,17,-0.43846751030334463,0.2999745241368579,0.12603430124299672,1,0.0001,3.302918113017291e-05
3,17,18,-0.43846751030334463,0.2999745241368579,0.1332210454714318,1,0.0001,2.6861782381474903e-05
3,17,19,-0.43846751030334463,0.2999745241368579,0.14040778969986686,0,0.0,1.1577956801540921e-05
3,18,0,-0.43846751030334463,0.3158997711369075,0.0038596493596003397,0,0.0,2.554116543398541e-06
3,18,1,-0.43846751030334463,0.3158997711369075,0.01104639358803542,0,0.0,8.789297771350935e-06
3,18,2,-0.43846751030334463,0.3158997711369075,0.0182331378164705,0,0.0,1.5759852856125785e-05
3,18,3,-0.43846751030334463,0.3158997711369075,0.02541988204490558,0,0.0,1.8395447656101725e-05
3,18,4,-0.43846751030334463,0.3158997711369075,0.032606626273340655,0,0.0,2.0702665865391775e-05
3,18,5,-0.43846751030334463,0.3158997711369075,0.03979337050177574,0,0.0,2.2432704153132102e-05
3,18,6,-0.43846751030334463,0.3158997711369075,0.046980114730210826,0,0.0,2.210214888079289e-05
3,18,7,-0.43846751030334463,0.3158997711369075,0.0541668589586459,0,0.0,2.4257146753207095e-05
3,18,8,-0.43846751030334463,0.3158997711369075,0.06135360318708098,0,0.0,2.780614456486879e-05
3,18,9,-0.43846751030334463,0.3158997711369075,0.06854034741551607,0,0.0,3.2108989614734145e-05
3,18,10,-0.43846751030334463,0.3158997711369075,0.07572709164395114,0,0.0,4.014630336048034e-05
3,18,11,-0.43846751030334463,0.3158997711369075,0.08291383587238624,0,0.0,4.229422287370685e-05
3,18,12,-0.43846751030334463,0.3158997711369075,0.09010058010082131,0,0.0,3.891846311320812e-05
3,18,13,-0.43846751030334463,0.3158997711369075,0.09728732432925638,0,0.0,3.999659871887096e-05
3,18,14,-0.43846751030334463,0.3158997711369075,0.10447406855769147,0,0.0,4.1192766030811464e-05
3,18,15,-0.43846751030334463,0.3158997711369075,0.11166081278612655,1,0.0001,3.5925490387099986e-05
3,18,16,-0.43846751030334463,0.3158997711369075,0.11884755701456162,0,0.0,3.007535821864975e-05
3,18,17,-0.43846751030334463,0.3158997711369075,0.12603430124299672,1,0.0001,3.0621067121853306e-05
3,18,18,-0.43846751030334463,0.3158997711369075,0.1332210454714318,1,0.0001,2.532956647684357e-05
3,18,19,-0.43846751030334463,0.3158997711369075,0.14040778969986686,0,0.0,1.1209513783580514e-05
3,19,0,-0.43846751030334463,0.331825018136957,0.0038596493596003397,0,0.0,3.5738718346086083e-07
3,19,1,-0.43846751030334463,0.331825018136957,0.01104639358803542,0,0.0,1.2939766023300664e-06
3,19,2,-0.43846751030334463,0.331825018136957,0.0182331378164705,0,0.0,2.5431524764698335e-06
3,19,3,-0.43846751030334463,0.331825018136957,0.02541988204490558,0,0.0,3.8090399386330353e-06
3,19,4,-0.43846751030334463,0.331825018136957,0.032606626273340655,0,0.0,5.769603368216736e-06
3,19,5,-0.43846751030334463,0.331825018136957,0.03979337050177574,0,0.0,7.292918290066722e-06
3,19,6,-0.43846751030334463,0.331825018136957,0.046980114730210826,0,0.0,7.480285315575557e-06
3,19,7,-0.43846751030334463,0.331825018136957,0.0541668589586459,0,0.0,8.772850619851879e-06
3,19,8,-0.43846751030334463,0.331825018136957,0.06135360318708098,0,0.0,1.2109803702008307e-05
3,19,9,-0.43846751030334463,0.331825018136957,0.06854034741551607,0,0.0,1.592062661148691e-05
3,19,10,-0.43846751030334463,0.331825018136957,0.07572709164395114,0,0.0,1.963532545158863e-05
3,19,11,-0.43846751030334463,0.331825018136957,0.08291383587238624,0,0.0,2.0378878874857507e-05
3,19,12,-0.43846751030334463,0.331825018136957,0.09010058010082131,0,0.0,2.0672570987315732e-05
3,19,13,-0.43846751030334463,0.331825018136957,0.09728732432925638,0,0.0,2.202543494006921e-05
3,19,14,-0.43846751030334463,0.331825018136957,0.10447406855769147,0,0.0,2.2388031901150263e-05
3,19,15,-0.43846751030334463,0.331825018136957,0.11166081278612655,0,0.0,1.947463108693851e-05
3,19,16,-0.43846751030334463,0.331825018136957,0.11884755701456162,0,0.0,1.553884844348586e-05
3,19,17,-0.43846751030334463,0.331825018136957,0.12603430124299672,0,0.0,1.4521389228445932e-05
3,19,18,-0.43846751030334463,0.331825018136957,0.1332210454714318,0,0.0,1.1640674361084232e-05
3,19,19,-0.43846751030334463,0.331825018136957,0.14040778969986686,0,0.0,5.145669556226939e-06
4,0,0,-0.37137171814835646,0.029245325136015476,0.0038596493596003397,0,0.0,2.3599195757189987e-11
4,0,1,-0.37137171814835646,0.029245325136015476,0.01104639358803542,0,0.0,3.93080167255301e-11
4,0,2,-0.37137171814835646,0.029245325136015476,0.0182331378164705,0,0.0,2.450021560793155e-11
4,0,3,-0.37137171814835646,0.029245325136015476,0.02541988204490558,0,0.0,5.866257741503583e-12
4,0,4,-0.37137171814835646,0.029245325136015476,0.032606626273340655,0,0.0,5.706768784729229e-13
4,0,5,-0.37137171814835646,0.029245325136015476,0.03979337050177574,0,0.0,2.4550425548413482e-14
4,0,6,-0.37137171814835646,0.029245325136015476,0.046980114730210826,0,0.0,3.495672727962196e-16
4,0,7,-0.37137171814835646,0.029245325136015476,0.0541668589586459,0,0.0,0.0
4,0,8,-0.37137171814835646,0.029245325136015476,0.06135360318708098,0,0.0,0.0
4,0,9,-0.37137171814835646,0.029245325136015476,0.06854034741551607,0,0.0,0.0
4,0,10,-0.37137171814835646,0.029245325136015476,0.07572709164395114,0,0.0,0.0
4,0,11,-0.37137171814835646,0.029245325136015476,0.08291383587238624,0,0.0,0.0
4,0,12,-0.37137171814835646,0.029245325136015476,0.09010058010082131,0,0.0,0.0
4,0,13,-0.37137171814835646,0.029245325136015476,0.09728732432925638,0,0.0,0.0
4,0,14,-0.37137171814835646,0.029245325136015476,0.10447406855769147,0,0.0,0.0
4,0,15,-0.37137171814835646,0.029245325136015476,0.11166081278612655,0,0.0,0.0
4,0,16,-0.37137171814835646,0.029245325136015476,0.11884755701456162,0,0.0,0.0
4,0,17,-0.37137171814835646,0.029245325136015476,0.12603430124299672,0,0.0,0.0
4,0,18,-0.37137171814835646,0.029245325136015476,0.1332210454714318,0,0.0,0.0
4,0,19,-0.37137171814835646,0.029245325136015476,0.14040778969986686,0,0.0,0.0
4,1,0,-0.37137171814835646,0.045170572136065026,0.0038596493596003397,0,0.0,1.0275792867494559e-09
4,1,1,-0.37137171814835646,0.045170572136065026,0.01104639358803542,0,0.0,2.1988804207697453e-09
4,1,2,-0.37137171814835646,0.045170572136065026,0.0182331378164705,0,0.0,2.1751843161882042e-09
4,1,3,-0.37137171814835646,0.045170572136065026,0.02541988204490558,0,0.0,9.970240973869203e-10
4,1,4,-0.37137171814835646,0.045170572136065026,0.032606626273340655,0,0.0,1.9689000434935e-10
4,1,5,-0.37137171814835646,0.045170572136065026,0.03979337050177574,0,0.0,1.5908903379544415e-11
4,1,6,-0.37137171814835646,0.045170572136065026,0.046980114730210826,0,0.0,5.883028707105161e-13
4,1,7,-0.37137171814835646,0.045170572136065026,0.0541668589586459,0,0.0,1.1576078228614303e-14
4,1,8,-0.37137171814835646,0.045170572136065026,0.06135360318708098,0,0.0,3.495672727962196e-16
4,1,9,-0.37137171814835646,0.045170572136065026,0.06854034741551607,0,0.0,0.0
4,1,10,-0.37137171814835646,0.045170572136065026,0.07572709164395114,0,0.0,0.0
4,1,11,-0.37137171814835646,0.045170572136065026,0.08291383587238624,0,0.0,0.0
4,1,12,-0.37137171814835646,0.045170572136065026,0.09010058010082131,0,0.0,0.0
4,1,13,-0.37137171814835646,0.045170572136065026,0.09728732432925638,0,0.0,0.0
4,1,14,-0.37137171814835646,0.045170572136065026,0.10447406855769147,0,0.0,0.0
4,1,15,-0.37137171814835646,0.045170572136065026,0.11166081278612655,0,0.0,0.0
4,1,16,-0.37137171814835646,0.045170572136065026,0.11884755701456162,0,0.0,0.0
4,1,17,-0.37137171814835646,0.045170572136065026,0.12603430124299672,0,0.0,0.0
4,1,18,-0.37137171814835646,0.045170572136065026,0.1332210454714318,0,0.0,0.0
4,1,19,-0.37137171814835646,0.045170572136065026,0.14040778969986686,0,0.0,0.0
4,2,0,-0.37137171814835646,0.06109581913611459,0.0038596493596003397,0,0.0,3.318412344690212e-08
4,2,1,-0.37137171814835646,0.06109581913611459,0.01104639358803542,0,0.0,6.517187469516451e-08
4,2,2,-0.37137171814835646,0.06109581913611459,0.0182331378164705,0,0.0,6.98137553674521e-08
4,2,3,-0.37137171814835646,0.06109581913611459,0.02541988204490558,0,0.0,3.731294846499683e-08
4,2,4,-0.37137171814835646,0.06109581913611459,0.032606626273340655,0,0.0,9.85388563255179e-09
4,2,5,-0.37137171814835646,0.06109581913611459,0.03979337050177574,0,0.0,1.5585117497014645e-09
4,2,6,-0.37137171814835646,0.06109581913611459,0.046980114730210826,0,0.0,1.7503303501595418e-10
4,2,7,-0.37137171814835646,0.06109581913611459,0.0541668589586459,0,0.0,1.1071191692542272e-11
4,2,8,-0.37137171814835646,0.06109581913611459,0.06135360318708098,0,0.0,3.05203162674678e-13
4,2,9,-0.37137171814835646,0.06109581913611459,0.06854034741551607,0,0.0,3.495672727962196e-16
4,2,10,-0.37137171814835646,0.06109581913611459,0.07572709164395114,0,0.0,0.0
4,2,11,-0.37137171814835646,0.06109581913611459,0.08291383587238624,0,0.0,0.0
4,2,12,-0.37137171814835646,0.06109581913611459,0.09010058010082131,0,0.0,0.0
4,2,13,-0.37137171814835646,0.06109581913611459,0.09728732432925638,0,0.0,0.0
4,2,14,-0.37137171814835646,0.06109581913611459,0.10447406855769147,0,0.0,0.0
4,2,15,-0.37137171814835646,0.06109581913611459,0.11166081278612655,0,0.0,0.0
4,2,16,-0.37137171814835646,0.06109581913611459,0.11884755701456162,0,0.0,0.0
4,2,17,-0.37137171814835646,0.06109581913611459,0.12603430124299672,0,0.0,0.0
4,2,18,-0.37137171814835646,0.06109581913611459,0.1332210454714318,0,0.0,0.0
4,2,19,-0.37137171814835646,0.06109581913611459,0.14040778969986686,0,0.0,0.0
4,3,0,-0.37137171814835646,0.07702106613616413,0.0038596493596003397,0,0.0,7.079618836149198e-07
4,3,1,-0.37137171814835646,0.07702106613616413,0.01104639358803542,0,0.0,1.1401202484868966e-06
4,3,2,-0.37137171814835646,0.07702106613616413,0.0182331378164705,0,0.0,1.1191286170667197e-06
4,3,3,-0.37137171814835646,0.07702106613616413,0.02541988204490558,0,0.0,6.245226617300249e-07
4,3,4,-0.37137171814835646,0.07702106613616413,0.032606626273340655,0,0.0,1.9935375768499125e-07
4,3,5,-0.37137171814835646,0.07702106613616413,0.03979337050177574,0,0.0,4.131920526693434e-08
4,3,6,-0.37137171814835646,0.07702106613616413,0.046980114730210826,0,0.0,5.4592317343692805e-09
4,3,7,-0.37137171814835646,0.07702106613616413,0.0541668589586459,0,0.0,3.6860080679252713e-10
4,3,8,-0.37137171814835646,0.07702106613616413,0.06135360318708098,0,0.0,1.0632012371298311e-11
4,3,9,-0.37137171814835646,0.07702106613616413,0.06854034741551607,0,0.0,3.4728234685842906e-14
4,3,10,-0.37137171814835646,0.07702106613616413,0.07572709164395114,0,0.0,0.0
4,3,11,-0.37137171814835646,0.07702106613616413,0.08291383587238624,0,0.0,0.0
4,3,12,-0.37137171814835646,0.07702106613616413,0.09010058010082131,0,0.0,0.0
4,3,13,-0.37137171814835646,0.07702106613616413,0.09728732432925638,0,0.0,0.0
4,3,14,-0.37137171814835646,0.07702106613616413,0.10447406855769147,0,0.0,0.0
4,3,15,-0.37137171814835646,0.07702106613616413,0.11166081278612655,0,0.0,0.0
4,3,16,-0.37137171814835646,0.07702106613616413,0.11884755701456162,0,0.0,0.0
4,3,17,-0.37137171814835646,0.07702106613616413,0.12603430124299672,0,0.0,0.0
4,3,18,-0.37137171814835646,0.07702106613616413,0.1332210454714318,0,0.0,0.0
4,3,19,-0.37137171814835646,0.07702106613616413,0.14040778969986686,0,0.0,0.0
4,4,0,-0.37137171814835646,0.09294631313621368,0.0038596493596003397,0,0.0,8.617350056788355e-06
4,4,1,-0.37137171814835646,0.09294631313621368,0.01104639358803542,0,0.0,1.1696564862921722e-05
4,4,2,-0.37137171814835646,0.09294631313621368,0.0182331378164705,0,0.0,9.76460157196934e-06
4,4,3,-0.37137171814835646,0.09294631313621368,0.02541988204490558,0,0.0,5.316918276023464e-06
4,4,4,-0.37137171814835646,0.09294631313621368,0.032606626273340655,0,0.0,1.941016617986666e-06
4,4,5,-0.37137171814835646,0.09294631313621368,0.03979337050177574,0,0.0,4.707538587058199e-07
4,4,6,-0.37137171814835646,0.09294631313621368,0.046980114730210826,0,0.0,7.03455104811846e-08
4,4,7,-0.37137171814835646,0.09294631313621368,0.0541668589586459,0,0.0,7.394516392266413e-09
4,4,8,-0.37137171814835646,0.09294631313621368,0.06135360318708098,0,0.0,1.272380809290119e-09
4,4,9,-0.37137171814835646,0.09294631313621368,0.06854034741551607,0,0.0,3.5393911600652077e-10
4,4,10,-0.37137171814835646,0.09294631313621368,0.07572709164395114,0,0.0,6.466334207007778e-11
4,4,11,-0.37137171814835646,0.09294631313621368,0.08291383587238624,0,0.0,5.595782813514749e-12
4,4,12,-0.37137171814835646,0.09294631313621368,0.09010058010082131,0,0.0,2.9362708444606374e-13
4,4,13,-0.37137171814835646,0.09294631313621368,0.09728732432925638,0,0.0,1.1925645501410522e-14
4,4,14,-0.37137171814835646,0.09294631313621368,0.10447406855769147,0,0.0,3.495672727962196e-16
4,4,15,-0.37137171814835646,0.09294631313621368,0.11166081278612655,0,0.0,0.0
4,4,16,-0.37137171814835646,0.09294631313621368,0.11884755701456162,0,0.0,0.0
4,4,17,-0.37137171814835646,0.09294631313621368,0.12603430124299672,0,0.0,0.0
4,4,18,-0.37137171814835646,0.09294631313621368,0.1332210454714318,0,0.0,0.0
4,4,19,-0.37137171814835646,0.09294631313621368,0.14040778969986686,0,0.0,0.0
4,5,0,-0.37137171814835646,0.10887156013626324,0.0038596493596003397,0,0.0,5.382215761084562e-05
4,5,1,-0.37137171814835646,0.10887156013626324,0.01104639358803542,0,0.0,6.614076589057328e-05
4,5,2,-0.37137171814835646,0.10887156013626324,0.0182331378164705,0,0.0,4.835119984715859e-05
4,5,3,-0.37137171814835646,0.10887156013626324,0.02541988204490558,0,0.0,2.427017821871644e-05
4,5,4,-0.37137171814835646,0.10887156013626324,0.032606626273340655,0,0.0,8.981324128239669e-06
4,5,5,-0.37137171814835646,0.10887156013626324,0.03979337050177574,0,0.0,2.315288251890994e-06
4,5,6,-0.37137171814835646,0.10887156013626324,0.046980114730210826,0,0.0,4.5594955654317225e-07
4,5,7,-0.37137171814835646,0.10887156013626324,0.0541668589586459,0,0.0,1.1638712687809927e-07
4,5,8,-0.37137171814835646,0.10887156013626324,0.06135360318708098,0,0.0,4.086530379820558e-08
4,5,9,-0.37137171814835646,0.10887156013626324,0.06854034741551607,0,0.0,1.3413882339833786e-08
4,5,10,-0.37137171814835646,0.10887156013626324,0.07572709164395114,0,0.0,2.879977213685811e-09
4,5,11,-0.37137171814835646,0.10887156013626324,0.08291383587238624,0,0.0,4.668012152384856e-10
4,5,12,-0.37137171814835646,0.10887156013626324,0.09010058010082131,0,0.0,6.754300171997066e-11
4,5,13,-0.37137171814835646,0.10887156013626324,0.09728732432925638,0,0.0,5.076972059327153e-12
4,5,14,-0.37137171814835646,0.10887156013626324,0.10447406855769147,0,0.0,1.5295114861013526e-13
4,5,15,-0.37137171814835646,0.10887156013626324,0.11166081278612655,0,0.0,0.0
4,5,16,-0.37137171814835646,0.10887156013626324,0.11884755701456162,0,0.0,0.0
4,5,17,-0.37137171814835646,0.10887156013626324,0.12603430124299672,0,0.0,0.0
4,5,18,-0.37137171814835646,0.10887156013626324,0.1332210454714318,0,0.0,0.0
4,5,19,-0.37137171814835646,0.10887156013626324,0.14040778969986686,0,0.0,0.0
4,6,0,-0.37137171814835646,0.1247968071363128,0.0038596493596003397,0,0.0,0.000192785729065565
4,6,1,-0.37137171814835646,0.1247968071363128,0.01104639358803542,1,0.0001,0.0002264125174610286
4,6,2,-0.37137171814835646,0.1247968071363128,0.0182331378164705,0,0.0,0.00015484324208032605
4,6,3,-0.37137171814835646,0.1247968071363128,0.02541988204490558,1,0.0001,7.099330642806339e-05
4,6,4,-0.37137171814835646,0.1247968071363128,0.032606626273340655,0,0.0,2.417188862566049e-05
4,6,5,-0.37137171814835646,0.1247968071363128,0.03979337050177574,0,0.0,6.724203717745838e-06
4,6,6,-0.37137171814835646,0.1247968071363128,0.046980114730210826,0,0.0,2.490018956450405e-06
4,6,7,-0.37137171814835646,0.1247968071363128,0.0541668589586459,0,0.0,1.2485954967075005e-06
4,6,8,-0.37137171814835646,0.1247968071363128,0.06135360318708098,0,0.0,5.585055634320661e-07
4,6,9,-0.37137171814835646,0.1247968071363128,0.06854034741551607,0,0.0,2.1171885433999142e-07
4,6,10,-0.37137171814835646,0.1247968071363128,0.07572709164395114,0,0.0,5.879596375839422e-08
4,6,11,-0.37137171814835646,0.1247968071363128,0.08291383587238624,0,0.0,1.5657448413631592e-08
4,6,12,-0.37137171814835646,0.1247968071363128,0.09010058010082131,0,0.0,3.513852287273686e-09
4,6,13,-0.37137171814835646,0.1247968071363128,0.09728732432925638,0,0.0,4.382169317170678e-10
4,6,14,-0.37137171814835646,0.1247968071363128,0.10447406855769147,0,0.0,2.638479774080209e-11
4,6,15,-0.37137171814835646,0.1247968071363128,0.11166081278612655,0,0.0,6.320324559212982e-13
4,6,16,-0.37137171814835646,0.1247968071363128,0.11884755701456162,0,0.0,0.0
4,6,17,-0.37137171814835646,0.1247968071363128,0.12603430124299672,0,0.0,0.0
4,6,18,-0.37137171814835646,0.1247968071363128,0.1332210454714318,0,0.0,0.0
4,6,19,-0.37137171814835646,0.1247968071363128,0.14040778969986686,0,0.0,0.0
4,7,0,-0.37137171814835646,0.14072205413636235,0.0038596493596003397,6,0.0006,0.0004653446209259628
4,7,1,-0.37137171814835646,0.14072205413636235,0.01104639358803542,3,0.0003,0.00055958225180607
4,7,2,-0.37137171814835646,0.14072205413636235,0.0182331378164705,2,0.0002,0.00040148195670303204
4,7,3,-0.37137171814835646,0.14072205413636235,0.02541988204490558,0,0.0,0.00019154396396518675
4,7,4,-0.37137171814835646,0.14072205413636235,0.032606626273340655,0,0.0,6.662914694389721e-05
4,7,5,-0.37137171814835646,0.14072205413636235,0.03979337050177574,0,0.0,2.1752410211724528e-05
4,7,6,-0.37137171814835646,0.14072205413636235,0.046980114730210826,0,0.0,1.0953768037681927e-05
4,7,7,-0.37137171814835646,0.14072205413636235,0.0541668589586459,0,0.0,6.433226464328743e-06
4,7,8,-0.37137171814835646,0.14072205413636235,0.06135360318708098,0,0.0,3.550699045214873e-06
4,7,9,-0.37137171814835646,0.14072205413636235,0.06854034741551607,0,0.0,1.7495497642524154e-06
4,7,10,-0.37137171814835646,0.14072205413636235,0.07572709164395114,0,0.0,6.907990877696186e-07
4,7,11,-0.37137171814835646,0.14072205413636235,0.08291383587238624,0,0.0,2.5993932127443095e-07
4,7,12,-0.37137171814835646,0.14072205413636235,0.09010058010082131,0,0.0,7.314736508686737e-08
4,7,13,-0.37137171814835646,0.14072205413636235,0.09728732432925638,0,0.0,1.115056851370905e-08
4,7,14,-0.37137171814835646,0.14072205413636235,0.10447406855769147,0,0.0,7.943087135667214e-10
4,7,15,-0.37137171814835646,0.14072205413636235,0.11166081278612655,0,0.0,2.76542164026897e-10
4,7,16,-0.37137171814835646,0.14072205413636235,0.11884755701456162,0,0.0,1.1428825131216482e-09
4,7,17,-0.37137171814835646,0.14072205413636235,0.12603430124299672,0,0.0,1.8840737736264216e-09
4,7,18,-0.37137171814835646,0.14072205413636235,0.1332210454714318,0,0.0,1.142741837185812e-09
4,7,19,-0.37137171814835646,0.14072205413636235,0.14040778969986686,0,0.0,2.5498009114057967e-10
4,8,0,-0.37137171814835646,0.1566473011364119,0.0038596493596003397,13,0.0013,0.0008256060403046297
4,8,1,-0.37137171814835646,0.1566473011364119,0.01104639358803542,10,0.001,0.0010923734781958633
4,8,2,-0.37137171814835646,0.1566473011364119,0.0182331378164705,2,0.0002,0.000909768700615815
4,8,3,-0.37137171814835646,0.1566473011364119,0.02541988204490558,1,0.0001,0.0005078505626612135
4,8,4,-0.37137171814835646,0.1566473011364119,0.032606626273340655,0,0.0,0.0002043972709135762
4,8,5,-0.37137171814835646,0.1566473011364119,0.03979337050177574,0,0.0,7.264444501840658e-05
4,8,6,-0.37137171814835646,0.1566473011364119,0.046980114730210826,1,0.0001,3.124752557895144e-05
4,8,7,-0.37137171814835646,0.1566473011364119,0.0541668589586459,0,0.0,1.812483693070702e-05
4,8,8,-0.37137171814835646,0.1566473011364119,0.06135360318708098,0,0.0,1.3659231049935167e-05
4,8,9,-0.37137171814835646,0.1566473011364119,0.06854034741551607,0,0.0,9.394128668603484e-06
4,8,10,-0.37137171814835646,0.1566473011364119,0.07572709164395114,0,0.0,4.962974366187532e-06
4,8,11,-0.37137171814835646,0.1566473011364119,0.08291383587238624,0,0.0,2.2292755952764314e-06
4,8,12,-0.37137171814835646,0.1566473011364119,0.09010058010082131,0,0.0,7.263539147187938e-07
4,8,13,-0.37137171814835646,0.1566473011364119,0.09728732432925638,0,0.0,1.2956170139577898e-07
4,8,14,-0.37137171814835646,0.1566473011364119,0.10447406855769147,0,0.0,1.2412217960494677e-08
4,8,15,-0.37137171814835646,0.1566473011364119,0.11166081278612655,0,0.0,9.321363047219783e-09
4,8,16,-0.37137171814835646,0.1566473011364119,0.11884755701456162,0,0.0,3.7927817799675095e-08
4,8,17,-0.37137171814835646,0.1566473011364119,0.12603430124299672,0,0.0,6.23972682689652e-08
4,8,18,-0.37137171814835646,0.1566473011364119,0.1332210454714318,0,0.0,3.7842553436017664e-08
4,8,19,-0.37137171814835646,0.1566473011364119,0.14040778969986686,0,0.0,8.443780958588853e-09
4,9,0,-0.37137171814835646,0.17257254813646145,0.0038596493596003397,10,0.001,0.001087403602711858
4,9,1,-0.37137171814835646,0.17257254813646145,0.01104639358803542,16,0.0016,0.0016157446059414631
4,9,2,-0.37137171814835646,0.17257254813646145,0.0182331378164705,15,0.0015,0.0015779482791526082
4,9,3,-0.37137171814835646,0.17257254813646145,0.02541988204490558,5,0.0005,0.0010259873987193157
4,9,4,-0.37137171814835646,0.17257254813646145,0.032606626273340655,2,0.0002,0.00047510672742085574
4,9,5,-0.37137171814835646,0.17257254813646145,0.03979337050177574,0,0.0,0.00018057398703067614
4,9,6,-0.37137171814835646,0.17257254813646145,0.046980114730210826,0,0.0,6.940529589163284e-05
4,9,7,-0.37137171814835646,0.17257254813646145,0.0541668589586459,0,0.0,4.050357407344389e-05
4,9,8,-0.37137171814835646,0.17257254813646145,0.06135360318708098,0,0.0,3.747830269279467e-05
4,9,9,-0.37137171814835646,0.17257254813646145,0.06854034741551607,0,0.0,3.104897919858467e-05
4,9,10,-0.37137171814835646,0.17257254813646145,0.07572709164395114,0,0.0,1.8895411986521403e-05
4,9,11,-0.37137171814835646,0.17257254813646145,0.08291383587238624,0,0.0,9.335327092645268e-06
4,9,12,-0.37137171814835646,0.17257254813646145,0.09010058010082131,0,0.0,3.469175167476608e-06
4,9,13,-0.37137171814835646,0.17257254813646145,0.09728732432925638,0,0.0,8.037011009315349e-07
4,9,14,-0.37137171814835646,0.17257254813646145,0.10447406855769147,0,0.0,1.454347671925901e-07
4,9,15,-0.37137171814835646,0.17257254813646145,0.11166081278612655,0,0.0,1.2922046157412927e-07
4,9,16,-0.37137171814835646,0.17257254813646145,0.11884755701456162,0,0.0,4.6712908786902414e-07
4,9,17,-0.37137171814835646,0.17257254813646145,0.12603430124299672,0,0.0,7.616901617831726e-07
4,9,18,-0.37137171814835646,0.17257254813646145,0.1332210454714318,0,0.0,4.61296313962347e-07
4,9,19,-0.37137171814835646,0.17257254813646145,0.14040778969986686,0,0.0,1.0288787260639802e-07
4,10,0,-0.37137171814835646,0.188497795136511,0.0038596493596003397,6,0.0006,0.001117260770155878
4,10,1,-0.37137171814835646,0.188497795136511,0.01104639358803542,13,0.0013,0.0017525585290276578
4,10,2,-0.37137171814835646,0.188497795136511,0.0182331378164705,40,0.004,0.0018869050968704207
4,10,3,-0.37137171814835646,0.188497795136511,0.02541988204490558,14,0.0014,0.0013670090982801483
4,10,4,-0.37137171814835646,0.188497795136511,0.032606626273340655,6,0.0006,0.0007066822660084014
4,10,5,-0.37137171814835646,0.188497795136511,0.03979337050177574,1,0.0001,0.00028995167005366467
4,10,6,-0.37137171814835646,0.188497795136511,0.046980114730210826,1,0.0001,0.00011784081904172539
4,10,7,-0.37137171814835646,0.188497795136511,0.0541668589586459,0,0.0,7.421317389220314e-05
4,10,8,-0.37137171814835646,0.188497795136511,0.06135360318708098,0,0.0,6.801970969254426e-05
4,10,9,-0.37137171814835646,0.188497795136511,0.06854034741551607,1,0.0001,5.67306742214215e-05
4,10,10,-0.37137171814835646,0.188497795136511,0.07572709164395114,0,0.0,3.809119282266681e-05
4,10,11,-0.37137171814835646,0.188497795136511,0.08291383587238624,0,0.0,2.2839901128328748e-05
4,10,12,-0.37137171814835646,0.188497795136511,0.09010058010082131,0,0.0,1.1617661410164169e-05
4,10,13,-0.37137171814835646,0.188497795136511,0.09728732432925638,0,0.0,4.515520024483907e-06
4,10,14,-0.37137171814835646,0.188497795136511,0.10447406855769147,0,0.0,1.4490172415757596e-06
4,10,15,-0.37137171814835646,0.188497795136511,0.11166081278612655,0,0.0,8.836066340809166e-07
4,10,16,-0.37137171814835646,0.188497795136511,0.11884755701456162,0,0.0,2.2192481392601544e-06
4,10,17,-0.37137171814835646,0.188497795136511,0.12603430124299672,0,0.0,3.461547536683117e-06
4,10,18,-0.37137171814835646,0.188497795136511,0.1332210454714318,0,0.0,2.0777432539837306e-06
4,10,19,-0.37137171814835646,0.188497795136511,0.14040778969986686,0,0.0,4.6218946848418713e-07
4,11,0,-0.37137171814835646,0.20442304213656057,0.0038596493596003397,4,0.0004,0.000992903173129726
4,11,1,-0.37137171814835646,0.20442304213656057,0.01104639358803542,6,0.0006,0.0014522138164258839
4,11,2,-0.37137171814835646,0.20442304213656057,0.0182331378164705,11,0.0011,0.0015499793953514826
4,11,3,-0.37137171814835646,0.20442304213656057,0.02541988204490558,5,0.0005,0.0011795683368268808
4,11,4,-0.37137171814835646,0.20442304213656057,0.032606626273340655,9,0.0009,0.0006557453935687496
4,11,5,-0.37137171814835646,0.20442304213656057,0.03979337050177574,0,0.0,0.00029100693366335357
4,11,6,-0.37137171814835646,0.20442304213656057,0.046980114730210826,1,0.0001,0.0001390360219658917
4,11,7,-0.37137171814835646,0.20442304213656057,0.0541668589586459,1,0.0001,0.00010270847197389506
4,11,8,-0.37137171814835646,0.20442304213656057,0.06135360318708098,1,0.0001,9.101728723117613e-05
4,11,9,-0.37137171814835646,0.20442304213656057,0.06854034741551607,0,0.0,7.383353254291375e-05
4,11,10,-0.37137171814835646,0.20442304213656057,0.07572709164395114,0,0.0,6.048780856068885e-05
4,11,11,-0.37137171814835646,0.20442304213656057,0.08291383587238624,0,0.0,5.173626945170836e-05
4,11,12,-0.37137171814835646,0.20442304213656057,0.09010058010082131,0,0.0,3.7799697538546904e-05
4,11,13,-0.37137171814835646,0.20442304213656057,0.09728732432925638,0,0.0,2.0225489119379683e-05
4,11,14,-0.37137171814835646,0.20442304213656057,0.10447406855769147,0,0.0,8.315070802495945e-06
4,11,15,-0.37137171814835646,0.20442304213656057,0.11166081278612655,0,0.0,4.222725371908845e-06
4,11,16,-0.37137171814835646,0.20442304213656057,0.11884755701456162,0,0.0,5.193464280261057e-06
4,11,17,-0.37137171814835646,0.20442304213656057,0.12603430124299672,0,0.0,6.392086819016583e-06
4,11,18,-0.37137171814835646,0.20442304213656057,0.1332210454714318,0,0.0,3.5982697603864667e-06
4,11,19,-0.37137171814835646,0.20442304213656057,0.14040778969986686,0,0.0,7.844783652170911e-07
4,12,0,-0.37137171814835646,0.22034828913661011,0.0038596493596003397,0,0.0,0.0007370236150091306
4,12,1,-0.37137171814835646,0.22034828913661011,0.01104639358803542,0,0.0,0.0009459888026804692
4,12,2,-0.37137171814835646,0.22034828913661011,0.0182331378164705,1,0.0001,0.0009191079638268732
4,12,3,-0.37137171814835646,0.22034828913661011,0.02541988204490558,0,0.0,0.0006931919132640825
4,12,4,-0.37137171814835646,0.22034828913661011,0.032606626273340655,0,0.0,0.0003998965517142716
4,12,5,-0.37137171814835646,0.22034828913661011,0.03979337050177574,1,0.0001,0.00019850345751863685
4,12,6,-0.37137171814835646,0.22034828913661011,0.046980114730210826,1,0.0001,0.00012425454643677343
4,12,7,-0.37137171814835646,0.22034828913661011,0.0541668589586459,1,0.0001,0.00011694551118099608
4,12,8,-0.37137171814835646,0.22034828913661011,0.06135360318708098,1,0.0001,0.00011492385372864616
4,12,9,-0.37137171814835646,0.22034828913661011,0.06854034741551607,1,0.0001,0.00010049998358891745
4,12,10,-0.37137171814835646,0.22034828913661011,0.07572709164395114,1,0.0001,9.521405114979852e-05
4,12,11,-0.37137171814835646,0.22034828913661011,0.08291383587238624,1,0.0001,9.661507677197988e-05
4,12,12,-0.37137171814835646,0.22034828913661011,0.09010058010082131,0,0.0,8.207957850109915e-05
4,12,13,-0.37137171814835646,0.22034828913661011,0.09728732432925638,0,0.0,5.073325563006327e-05
4,12,14,-0.37137171814835646,0.22034828913661011,0.10447406855769147,0,0.0,2.6174086895573016e-05
4,12,15,-0.37137171814835646,0.22034828913661011,0.11166081278612655,0,0.0,1.5606615563939088e-05
4,12,16,-0.37137171814835646,0.22034828913661011,0.11884755701456162,0,0.0,1.1837353580618452e-05
4,12,17,-0.37137171814835646,0.22034828913661011,0.12603430124299672,0,0.0,8.359453616678607e-06
4,12,18,-0.37137171814835646,0.22034828913661011,0.1332210454714318,0,0.0,3.5531292179093474e-06
4,12,19,-0.37137171814835646,0.22034828913661011,0.14040778969986686,0,0.0,7.008594439078678e-07
4,13,0,-0.37137171814835646,0.2362735361366597,0.0038596493596003397,0,0.0,0.0004009764013814055
4,13,1,-0.37137171814835646,0.2362735361366597,0.01104639358803542,0,0.0,0.000472049018400038
4,13,2,-0.37137171814835646,0.2362735361366597,0.0182331378164705,0,0.0,0.00040665189646065734
4,13,3,-0.37137171814835646,0.2362735361366597,0.02541988204490558,0,0.0,0.0002877637871510568
4,13,4,-0.37137171814835646,0.2362735361366597,0.032606626273340655,0,0.0,0.00017045013662569066
4,13,5,-0.37137171814835646,0.2362735361366597,0.03979337050177574,2,0.0002,0.00010418641469596582
4,13,6,-0.37137171814835646,0.2362735361366597,0.046980114730210826,0,0.0,9.124953990726757e-05
4,13,7,-0.37137171814835646,0.2362735361366597,0.0541668589586459,0,0.0,0.00010870254248581754
4,13,8,-0.37137171814835646,0.2362735361366597,0.06135360318708098,3,0.0003,0.000124275513312113
4,13,9,-0.37137171814835646,0.2362735361366597,0.06854034741551607,2,0.0002,0.00012049224095219373
4,13,10,-0.37137171814835646,0.2362735361366597,0.07572709164395114,0,0.0,0.00011683106751758127
4,13,11,-0.37137171814835646,0.2362735361366597,0.08291383587238624,1,0.0001,0.00011979428757262844
4,13,12,-0.37137171814835646,0.2362735361366597,0.09010058010082131,2,0.0002,0.00010847070428152444
4,13,13,-0.37137171814835646,0.2362735361366597,0.09728732432925638,0,0.0,7.660222508264692e-05
4,13,14,-0.37137171814835646,0.2362735361366597,0.10447406855769147,0,0.0,5.0751403922306046e-05
4,13,15,-0.37137171814835646,0.2362735361366597,0.11166081278612655,0,0.0,3.6453343112462424e-05
4,13,16,-0.37137171814835646,0.2362735361366597,0.11884755701456162,0,0.0,2.6729902163879457e-05
4,13,17,-0.37137171814835646,0.2362735361366597,0.12603430124299672,0,0.0,1.6019145117690244e-05
4,13,18,-0.37137171814835646,0.2362735361366597,0.1332210454714318,0,0.0,5.894599666818981e-06
4,13,19,-0.37137171814835646,0.2362735361366597,0.14040778969986686,0,0.0,1.1933327156771817e-06
4,14,0,-0.37137171814835646,0.25219878313670924,0.0038596493596003397,0,0.0,0.00014725160342346562
4,14,1,-0.37137171814835646,0.25219878313670924,0.01104639358803542,1,0.0001,0.00017693970068939123
4,14,2,-0.37137171814835646,0.25219878313670924,0.0182331378164705,0,0.0,0.00014104068920516586
4,14,3,-0.37137171814835646,0.25219878313670924,0.02541988204490558,0,0.0,8.975257143204052e-05
4,14,4,-0.37137171814835646,0.25219878313670924,0.032606626273340655,0,0.0,5.4401199720246685e-05
4,14,5,-0.37137171814835646,0.25219878313670924,0.03979337050177574,0,0.0,4.371222438291946e-05
4,14,6,-0.37137171814835646,0.25219878313670924,0.046980114730210826,0,0.0,5.275642674036371e-05
4,14,7,-0.37137171814835646,0.25219878313670924,0.0541668589586459,1,0.0001,7.374202765049824e-05
4,14,8,-0.37137171814835646,0.25219878313670924,0.06135360318708098,1,0.0001,9.421101010465454e-05
4,14,9,-0.37137171814835646,0.25219878313670924,0.06854034741551607,2,0.0002,0.0001055255788428142
4,14,10,-0.37137171814835646,0.25219878313670924,0.07572709164395114,2,0.0002,0.00010993885736525429
4,14,11,-0.37137171814835646,0.25219878313670924,0.08291383587238624,1,0.0001,0.000111102470137287
4,14,12,-0.37137171814835646,0.25219878313670924,0.09010058010082131,2,0.0002,0.00010215744865828501
4,14,13,-0.37137171814835646,0.25219878313670924,0.09728732432925638,0,0.0,8.220612503276584e-05
4,14,14,-0.37137171814835646,0.25219878313670924,0.10447406855769147,1,0.0001,6.556634954290638e-05
4,14,15,-0.37137171814835646,0.25219878313670924,0.11166081278612655,1,0.0001,4.973585374263092e-05
4,14,16,-0.37137171814835646,0.25219878313670924,0.11884755701456162,1,0.0001,3.6903616287234904e-05
4,14,17,-0.37137171814835646,0.25219878313670924,0.12603430124299672,1,0.0001,2.351525831790339e-05
4,14,18,-0.37137171814835646,0.25219878313670924,0.1332210454714318,0,0.0,9.485816932380621e-06
4,14,19,-0.37137171814835646,0.25219878313670924,0.14040778969986686,0,0.0,2.4360176100048363e-06
4,15,0,-0.37137171814835646,0.2681240301367588,0.0038596493596003397,0,0.0,3.6951598136108235e-05
4,15,1,-0.37137171814835646,0.2681240301367588,0.01104639358803542,0,0.0,5.4899798549732135e-05
4,15,2,-0.37137171814835646,0.2681240301367588,0.0182331378164705,0,0.0,5.050110524359229e-05
4,15,3,-0.37137171814835646,0.2681240301367588,0.02541988204490558,0,0.0,3.2594633164773406e-05
4,15,4,-0.37137171814835646,0.2681240301367588,0.032606626273340655,0,0.0,1.964819160321554e-05
4,15,5,-0.37137171814835646,0.2681240301367588,0.03979337050177574,0,0.0,1.7098330312295065e-05
4,15,6,-0.37137171814835646,0.2681240301367588,0.046980114730210826,0,0.0,2.289062969384362e-05
4,15,7,-0.37137171814835646,0.2681240301367588,0.0541668589586459,0,0.0,3.329699578964978e-05
4,15,8,-0.37137171814835646,0.2681240301367588,0.06135360318708098,0,0.0,4.766238166175067e-05
4,15,9,-0.37137171814835646,0.2681240301367588,0.06854034741551607,1,0.0001,6.589474187002433e-05
4,15,10,-0.37137171814835646,0.2681240301367588,0.07572709164395114,0,0.0,7.937433612689256e-05
4,15,11,-0.37137171814835646,0.2681240301367588,0.08291383587238624,0,0.0,8.326544112124288e-05
4,15,12,-0.37137171814835646,0.2681240301367588,0.09010058010082131,0,0.0,7.948287854307592e-05
4,15,13,-0.37137171814835646,0.2681240301367588,0.09728732432925638,1,0.0001,7.470205439622361e-05
4,15,14,-0.37137171814835646,0.2681240301367588,0.10447406855769147,0,0.0,6.482591272396595e-05
4,15,15,-0.37137171814835646,0.2681240301367588,0.11166081278612655,0,0.0,4.539158129156955e-05
4,15,16,-0.37137171814835646,0.2681240301367588,0.11884755701456162,0,0.0,3.171131772822356e-05
4,15,17,-0.37137171814835646,0.2681240301367588,0.12603430124299672,0,0.0,2.2304942568008584e-05
4,15,18,-0.37137171814835646,0.2681240301367588,0.1332210454714318,0,0.0,1.0753011731181073e-05
4,15,19,-0.37137171814835646,0.2681240301367588,0.14040778969986686,0,0.0,3.529148098891763e-06
4,16,0,-0.37137171814835646,0.2840492771368084,0.0038596493596003397,0,0.0,8.138879978816134e-06
4,16,1,-0.37137171814835646,0.2840492771368084,0.01104639358803542,0,0.0,1.9656767262477974e-05
4,16,2,-0.37137171814835646,0.2840492771368084,0.0182331378164705,0,0.0,2.6344248949918393e-05
4,16,3,-0.37137171814835646,0.2840492771368084,0.02541988204490558,0,0.0,1.9747579204125314e-05
4,16,4,-0.37137171814835646,0.2840492771368084,0.032606626273340655,0,0.0,1.2120965980035169e-05
4,16,5,-0.37137171814835646,0.2840492771368084,0.03979337050177574,0,0.0,9.769495774367048e-06
4,16,6,-0.37137171814835646,0.2840492771368084,0.046980114730210826,0,0.0,1.0297883444919865e-05
4,16,7,-0.37137171814835646,0.2840492771368084,0.0541668589586459,0,0.0,1.237647057601032e-05
4,16,8,-0.37137171814835646,0.2840492771368084,0.06135360318708098,0,0.0,1.8093609196850122e-05
4,16,9,-0.37137171814835646,0.2840492771368084,0.06854034741551607,0,0.0,2.8805582694990105e-05
4,16,10,-0.37137171814835646,0.2840492771368084,0.07572709164395114,0,0.0,4.044123352644252e-05
4,16,11,-0.37137171814835646,0.2840492771368084,0.08291383587238624,0,0.0,4.9131845655379836e-05
4,16,12,-0.37137171814835646,0.2840492771368084,0.09010058010082131,1,0.0001,5.520988814609975e-05
4,16,13,-0.37137171814835646,0.2840492771368084,0.09728732432925638,2,0.0002,6.053105285633022e-05
4,16,14,-0.37137171814835646,0.2840492771368084,0.10447406855769147,0,0.0,5.378982214762134e-05
4,16,15,-0.37137171814835646,0.2840492771368084,0.11166081278612655,0,0.0,3.497235632521198e-05
4,16,16,-0.37137171814835646,0.2840492771368084,0.11884755701456162,0,0.0,2.4117037603143936e-05
4,16,17,-0.37137171814835646,0.2840492771368084,0.12603430124299672,1,0.0001,2.1928589073386564e-05
4,16,18,-0.37137171814835646,0.2840492771368084,0.1332210454714318,0,0.0,1.4326566882661775e-05
4,16,19,-0.37137171814835646,0.2840492771368084,0.14040778969986686,0,0.0,5.333154770952954e-06
4,17,0,-0.37137171814835646,0.2999745241368579,0.0038596493596003397,0,0.0,2.1658827974066906e-06
4,17,1,-0.37137171814835646,0.2999745241368579,0.01104639358803542,0,0.0,7.693316113631666e-06
4,17,2,-0.37137171814835646,0.2999745241368579,0.0182331378164705,0,0.0,1.2428302490245324e-05
4,17,3,-0.37137171814835646,0.2999745241368579,0.02541988204490558,0,0.0,9.849333464637517e-06
4,17,4,-0.37137171814835646,0.2999745241368579,0.032606626273340655,0,0.0,6.397223010864492e-06
4,17,5,-0.37137171814835646,0.2999745241368579,0.03979337050177574,0,0.0,5.633864108946556e-06
4,17,6,-0.37137171814835646,0.2999745241368579,0.046980114730210826,0,0.0,5.8294252571739866e-06
4,17,7,-0.37137171814835646,0.2999745241368579,0.0541668589586459,0,0.0,6.573918912118561e-06
4,17,8,-0.37137171814835646,0.2999745241368579,0.06135360318708098,0,0.0,7.932057341876954e-06
4,17,9,-0.37137171814835646,0.2999745241368579,0.06854034741551607,0,0.0,1.0623146817884035e-05
4,17,10,-0.37137171814835646,0.2999745241368579,0.07572709164395114,0,0.0,1.575197357457973e-05
4,17,11,-0.37137171814835646,0.2999745241368579,0.08291383587238624,0,0.0,2.1617634547237952e-05
4,17,12,-0.37137171814835646,0.2999745241368579,0.09010058010082131,0,0.0,2.726251647068893e-05
4,17,13,-0.37137171814835646,0.2999745241368579,0.09728732432925638,0,0.0,3.2399946342144255e-05
4,17,14,-0.37137171814835646,0.2999745241368579,0.10447406855769147,0,0.0,3.0663132676135894e-05
4,17,15,-0.37137171814835646,0.2999745241368579,0.11166081278612655,0,0.0,2.2401159289438117e-05
4,17,16,-0.37137171814835646,0.2999745241368579,0.11884755701456162,0,0.0,1.9024159826396868e-05
4,17,17,-0.37137171814835646,0.2999745241368579,0.12603430124299672,0,0.0,2.2536656548199114e-05
4,17,18,-0.37137171814835646,0.2999745241368579,0.1332210454714318,0,0.0,1.8387382946892816e-05
4,17,19,-0.37137171814835646,0.2999745241368579,0.14040778969986686,0,0.0,7.658329926249239e-06
4,18,0,-0.37137171814835646,0.3158997711369075,0.0038596493596003397,0,0.0,4.794485540210989e-07
4,18,1,-0.37137171814835646,0.3158997711369075,0.01104639358803542,0,0.0,1.907901420443798e-06
4,18,2,-0.37137171814835646,0.3158997711369075,0.0182331378164705,0,0.0,3.2537267754923973e-06
4,18,3,-0.37137171814835646,0.3158997711369075,0.02541988204490558,0,0.0,2.776114281999163e-06
4,18,4,-0.37137171814835646,0.3158997711369075,0.032606626273340655,0,0.0,2.1673761267001873e-06
4,18,5,-0.37137171814835646,0.3158997711369075,0.03979337050177574,0,0.0,2.2241984762609003e-06
4,18,6,-0.37137171814835646,0.3158997711369075,0.046980114730210826,0,0.0,2.5242267874373864e-06
4,18,7,-0.37137171814835646,0.3158997711369075,0.0541668589586459,0,0.0,3.261414642476204e-06
4,18,8,-0.37137171814835646,0.3158997711369075,0.06135360318708098,0,0.0,3.95714358849188e-06
4,18,9,-0.37137171814835646,0.3158997711369075,0.06854034741551607,0,0.0,4.760070334545047e-06
4,18,10,-0.37137171814835646,0.3158997711369075,0.07572709164395114,0,0.0,6.628304338750055e-06
4,18,11,-0.37137171814835646,0.3158997711369075,0.08291383587238624,0,0.0,8.034798901554257e-06
4,18,12,-0.37137171814835646,0.3158997711369075,0.09010058010082131,0,0.0,9.08466337637572e-06
4,18,13,-0.37137171814835646,0.3158997711369075,0.09728732432925638,0,0.0,1.1305156471640821e-05
4,18,14,-0.37137171814835646,0.3158997711369075,0.10447406855769147,0,0.0,1.3434320352568105e-05
4,18,15,-0.37137171814835646,0.3158997711369075,0.11166081278612655,0,0.0,1.3767049894981969e-05
4,18,16,-0.37137171814835646,0.3158997711369075,0.11884755701456162,0,0.0,1.4220597044976427e-05
4,18,17,-0.37137171814835646,0.3158997711369075,0.12603430124299672,0,0.0,1.766495997066804e-05
4,18,18,-0.37137171814835646,0.3158997711369075,0.1332210454714318,0,0.0,1.5532592102845303e-05
4,18,19,-0.37137171814835646,0.3158997711369075,0.14040778969986686,0,0.0,6.894900004574555e-06
4,19,0,-0.37137171814835646,0.331825018136957,0.0038596493596003397,0,0.0,5.987591342438075e-08
4,19,1,-0.37137171814835646,0.331825018136957,0.01104639358803542,0,0.0,2.426902053461674e-07
4,19,2,-0.37137171814835646,0.331825018136957,0.0182331378164705,0,0.0,4.342301790941162e-07
4,19,3,-0.37137171814835646,0.331825018136957,0.02541988204490558,0,0.0,4.533679061554332e-07
4,19,4,-0.37137171814835646,0.331825018136957,0.032606626273340655,0,0.0,5.157151921200648e-07
4,19,5,-0.37137171814835646,0.331825018136957,0.03979337050177574,0,0.0,6.337497768644716e-07
4,19,6,-0.37137171814835646,0.331825018136957,0.046980114730210826,0,0.0,7.251290175410478e-07
4,19,7,-0.37137171814835646,0.331825018136957,0.0541668589586459,0,0.0,9.74662277330096e-07
4,19,8,-0.37137171814835646,0.331825018136957,0.06135360318708098,0,0.0,1.3710917759211642e-06
4,19,9,-0.37137171814835646,0.331825018136957,0.06854034741551607,0,0.0,1.915635119852288e-06
4,19,10,-0.37137171814835646,0.331825018136957,0.07572709164395114,0,0.0,2.6645479103988996e-06
4,19,11,-0.37137171814835646,0.331825018136957,0.08291383587238624,0,0.0,2.8773535307241623e-06
4,19,12,-0.37137171814835646,0.331825018136957,0.09010058010082131,0,0.0,2.916972644046648e-06
4,19,13,-0.37137171814835646,0.331825018136957,0.09728732432925638,0,0.0,3.70803165262718e-06
4,19,14,-0.37137171814835646,0.331825018136957,0.10447406855769147,0,0.0,5.320764465372997e-06
4,19,15,-0.37137171814835646,0.331825018136957,0.11166081278612655,0,0.0,6.4863894548290194e-06
4,19,16,-0.37137171814835646,0.331825018136957,0.11884755701456162,0,0.0,6.716350347127811e-06
4,19,17,-0.37137171814835646,0.331825018136957,0.12603430124299672,0,0.0,7.850762443639624e-06
4,19,18,-0.37137171814835646,0.331825018136957,0.1332210454714318,0,0.0,6.907112681412122e-06
4,19,19,-0.37137171814835646,0.331825018136957,0.14040778969986686,0,0.0,3.1152508932674393e-06
5,0,0,-0.3042759259933683,0.029245325136015476,0.0038596493596003397,0,0.0,3.537207452911611e-10
5,0,1,-0.3042759259933683,0.029245325136015476,0.01104639358803542,0,0.0,5.909660866489044e-10
5,0,2,-0.3042759259933683,0.029245325136015476,0.0182331378164705,0,0.0,3.814766100963124e-10
5,0,3,-0.3042759259933683,0.029245325136015476,0.02541988204490558,0,0.0,1.020321121132542e-10
5,0,4,-0.3042759259933683,0.029245325136015476,0.032606626273340655,0,0.0,1.4575395294862818e-11
5,0,5,-0.3042759259933683,0.029245325136015476,0.03979337050177574,0,0.0,2.1420423566269746e-12
5,0,6,-0.3042759259933683,0.029245325136015476,0.046980114730210826,0,0.0,3.1747837544888477e-13
5,0,7,-0.3042759259933683,0.029245325136015476,0.0541668589586459,0,0.0,2.3851291002821044e-14
5,0,8,-0.3042759259933683,0.029245325136015476,0.06135360318708098,0,0.0,6.991345455924392e-16
5,0,9,-0.3042759259933683,0.029245325136015476,0.06854034741551607,0,0.0,0.0
5,0,10,-0.3042759259933683,0.029245325136015476,0.07572709164395114,0,0.0,0.0
5,0,11,-0.3042759259933683,0.029245325136015476,0.08291383587238624,0,0.0,0.0
5,0,12,-0.3042759259933683,0.029245325136015476,0.09010058010082131,0,0.0,0.0
5,0,13,-0.3042759259933683,0.029245325136015476,0.09728732432925638,0,0.0,0.0
5,0,14,-0.3042759259933683,0.029245325136015476,0.10447406855769147,0,0.0,0.0
5,0,15,-0.3042759259933683,0.029245325136015476,0.11166081278612655,0,0.0,0.0
5,0,16,-0.3042759259933683,0.029245325136015476,0.11884755701456162,0,0.0,0.0
5,0,17,-0.3042759259933683,0.029245325136015476,0.12603430124299672,0,0.0,0.0
5,0,18,-0.3042759259933683,0.029245325136015476,0.1332210454714318,0,0.0,0.0
5,0,19,-0.3042759259933683,0.029245325136015476,0.14040778969986686,0,0.0,0.0
5,1,0,-0.3042759259933683,0.045170572136065026,0.0038596493596003397,0,0.0,1.359566304096037e-08
5,1,1,-0.3042759259933683,0.045170572136065026,0.01104639358803542,0,0.0,2.4803278050259547e-08
5,1,2,-0.3042759259933683,0.045170572136065026,0.0182331378164705,0,0.0,1.9664493446224446e-08
5,1,3,-0.3042759259933683,0.045170572136065026,0.02541988204490558,0,0.0,7.332983983373074e-09
5,1,4,-0.3042759259933683,0.045170572136065026,0.032606626273340655,0,0.0,1.369235407789499e-09
5,1,5,-0.3042759259933683,0.045170572136065026,0.03979337050177574,0,0.0,1.6201449921081286e-10
5,1,6,-0.3042759259933683,0.045170572136065026,0.046980114730210826,0,0.0,1.788884499381956e-11
5,1,7,-0.3042759259933683,0.045170572136065026,0.0541668589586459,0,0.0,1.3142188469151763e-12
5,1,8,-0.3042759259933683,0.045170572136065026,0.06135360318708098,0,0.0,4.630431291445721e-14
5,1,9,-0.3042759259933683,0.045170572136065026,0.06854034741551607,0,0.0,3.495672727962196e-16
5,1,10,-0.3042759259933683,0.045170572136065026,0.07572709164395114,0,0.0,0.0
5,1,11,-0.3042759259933683,0.045170572136065026,0.08291383587238624,0,0.0,0.0
5,1,12,-0.3042759259933683,0.045170572136065026,0.09010058010082131,0,0.0,0.0
5,1,13,-0.3042759259933683,0.045170572136065026,0.09728732432925638,0,0.0,0.0
5,1,14,-0.3042759259933683,0.045170572136065026,0.10447406855769147,0,0.0,0.0
5,1,15,-0.3042759259933683,0.045170572136065026,0.11166081278612655,0,0.0,0.0
5,1,16,-0.3042759259933683,0.045170572136065026,0.11884755701456162,0,0.0,0.0
5,1,17,-0.3042759259933683,0.045170572136065026,0.12603430124299672,0,0.0,0.0
5,1,18,-0.3042759259933683,0.045170572136065026,0.1332210454714318,0,0.0,0.0
5,1,19,-0.3042759259933683,0.045170572136065026,0.14040778969986686,0,0.0,0.0
5,2,0,-0.3042759259933683,0.06109581913611459,0.0038596493596003397,0,0.0,2.42038079330583e-07
5,2,1,-0.3042759259933683,0.06109581913611459,0.01104639358803542,0,0.0,4.539046123370005e-07
5,2,2,-0.3042759259933683,0.06109581913611459,0.0182331378164705,0,0.0,4.156531624389329e-07
5,2,3,-0.3042759259933683,0.06109581913611459,0.02541988204490558,0,0.0,1.8763941526642802e-07
5,2,4,-0.3042759259933683,0.06109581913611459,0.032606626273340655,0,0.0,4.3279974561633725e-08
5,2,5,-0.3042759259933683,0.06109581913611459,0.03979337050177574,0,0.0,6.934998797223172e-09
5,2,6,-0.3042759259933683,0.06109581913611459,0.046980114730210826,0,0.0,9.5863577540388e-10
5,2,7,-0.3042759259933683,0.06109581913611459,0.0541668589586459,0,0.0,7.524025454733237e-11
5,2,8,-0.3042759259933683,0.06109581913611459,0.06135360318708098,0,0.0,2.7084323181834753e-12
5,2,9,-0.3042759259933683,0.06109581913611459,0.06854034741551607,0,0.0,2.3501723730024822e-14
5,2,10,-0.3042759259933683,0.06109581913611459,0.07572709164395114,0,0.0,0.0
5,2,11,-0.3042759259933683,0.06109581913611459,0.08291383587238624,0,0.0,0.0
5,2,12,-0.3042759259933683,0.06109581913611459,0.09010058010082131,0,0.0,0.0
5,2,13,-0.3042759259933683,0.06109581913611459,0.09728732432925638,0,0.0,0.0
5,2,14,-0.3042759259933683,0.06109581913611459,0.10447406855769147,0,0.0,0.0
5,2,15,-0.3042759259933683,0.06109581913611459,0.11166081278612655,0,0.0,0.0
5,2,16,-0.3042759259933683,0.06109581913611459,0.11884755701456162,0,0.0,0.0
5,2,17,-0.3042759259933683,0.06109581913611459,0.12603430124299672,0,0.0,0.0
5,2,18,-0.3042759259933683,0.06109581913611459,0.1332210454714318,0,0.0,0.0
5,2,19,-0.3042759259933683,0.06109581913611459,0.14040778969986686,0,0.0,0.0
5,3,0,-0.3042759259933683,0.07702106613616413,0.0038596493596003397,0,0.0,2.706677040342503e-06
5,3,1,-0.3042759259933683,0.07702106613616413,0.01104639358803542,0,0.0,4.669657197932564e-06
5,3,2,-0.3042759259933683,0.07702106613616413,0.0182331378164705,0,0.0,4.53928118556363e-06
5,3,3,-0.3042759259933683,0.07702106613616413,0.02541988204490558,0,0.0,2.3139688516272592e-06
5,3,4,-0.3042759259933683,0.07702106613616413,0.032606626273340655,0,0.0,6.553974968340629e-07
5,3,5,-0.3042759259933683,0.07702106613616413,0.03979337050177574,0,0.0,1.4328395086808315e-07
5,3,6,-0.3042759259933683,0.07702106613616413,0.046980114730210826,0,0.0,2.3528531329205457e-08
5,3,7,-0.3042759259933683,0.07702106613616413,0.0541668589586459,0,0.0,1.9690583984388845e-09
5,3,8,-0.3042759259933683,0.07702106613616413,0.06135360318708098,0,0.0,7.508195261925884e-11
5,3,9,-0.3042759259933683,0.07702106613616413,0.06854034741551607,0,0.0,8.299252955059398e-13
5,3,10,-0.3042759259933683,0.07702106613616413,0.07572709164395114,0,0.0,3.495672727962196e-16
5,3,11,-0.3042759259933683,0.07702106613616413,0.08291383587238624,0,0.0,0.0
5,3,12,-0.3042759259933683,0.07702106613616413,0.09010058010082131,0,0.0,0.0
5,3,13,-0.3042759259933683,0.07702106613616413,0.09728732432925638,0,0.0,0.0
5,3,14,-0.3042759259933683,0.07702106613616413,0.10447406855769147,0,0.0,0.0
5,3,15,-0.3042759259933683,0.07702106613616413,0.11166081278612655,0,0.0,0.0
5,3,16,-0.3042759259933683,0.07702106613616413,0.11884755701456162,0,0.0,0.0
5,3,17,-0.3042759259933683,0.07702106613616413,0.12603430124299672,0,0.0,0.0
5,3,18,-0.3042759259933683,0.07702106613616413,0.1332210454714318,0,0.0,0.0
5,3,19,-0.3042759259933683,0.07702106613616413,0.14040778969986686,0,0.0,0.0
5,4,0,-0.3042759259933683,0.09294631313621368,0.0038596493596003397,0,0.0,2.2233330030315426e-05
5,4,1,-0.3042759259933683,0.09294631313621368,0.01104639358803542,0,0.0,3.148620624849737e-05
5,4,2,-0.3042759259933683,0.09294631313621368,0.0182331378164705,0,0.0,2.7498880347588573e-05
5,4,3,-0.3042759259933683,0.09294631313621368,0.02541988204490558,0,0.0,1.4451044200317922e-05
5,4,4,-0.3042759259933683,0.09294631313621368,0.032606626273340655,0,0.0,5.086365679428982e-06
5,4,5,-0.3042759259933683,0.09294631313621368,0.03979337050177574,0,0.0,1.4649111107314737e-06
5,4,6,-0.3042759259933683,0.09294631313621368,0.046980114730210826,0,0.0,2.765497486356399e-07
5,4,7,-0.3042759259933683,0.09294631313621368,0.0541668589586459,0,0.0,2.9616804753516685e-08
5,4,8,-0.3042759259933683,0.09294631313621368,0.06135360318708098,0,0.0,4.646753043050314e-09
5,4,9,-0.3042759259933683,0.09294631313621368,0.06854034741551607,0,0.0,1.5500369403043381e-09
5,4,10,-0.3042759259933683,0.09294631313621368,0.07572709164395114,0,0.0,3.3757613969228825e-10
5,4,11,-0.3042759259933683,0.09294631313621368,0.08291383587238624,0,0.0,4.74674397525355e-11
5,4,12,-0.3042759259933683,0.09294631313621368,0.09010058010082131,0,0.0,5.6977780042926324e-12
5,4,13,-0.3042759259933683,0.09294631313621368,0.09728732432925638,0,0.0,3.9527270795115144e-13
5,4,14,-0.3042759259933683,0.09294631313621368,0.10447406855769147,0,0.0,1.15760782286143e-14
5,4,15,-0.3042759259933683,0.09294631313621368,0.11166081278612655,0,0.0,0.0
5,4,16,-0.3042759259933683,0.09294631313621368,0.11884755701456162,0,0.0,0.0
5,4,17,-0.3042759259933683,0.09294631313621368,0.12603430124299672,0,0.0,0.0
5,4,18,-0.3042759259933683,0.09294631313621368,0.1332210454714318,0,0.0,0.0
5,4,19,-0.3042759259933683,0.09294631313621368,0.14040778969986686,0,0.0,0.0
5,5,0,-0.3042759259933683,0.10887156013626324,0.0038596493596003397,0,0.0,0.00011053080250006645
5,5,1,-0.3042759259933683,0.10887156013626324,0.01104639358803542,0,0.0,0.0001362626399869623
5,5,2,-0.3042759259933683,0.10887156013626324,0.0182331378164705,0,0.0,0.00010136251237152011
5,5,3,-0.3042759259933683,0.10887156013626324,0.02541988204490558,0,0.0,5.065752950198602e-05
5,5,4,-0.3042759259933683,0.10887156013626324,0.032606626273340655,0,0.0,2.023954870579732e-05
5,5,5,-0.3042759259933683,0.10887156013626324,0.03979337050177574,0,0.0,6.816005445303104e-06
5,5,6,-0.3042759259933683,0.10887156013626324,0.046980114730210826,0,0.0,1.5539944913797898e-06
5,5,7,-0.3042759259933683,0.10887156013626324,0.0541668589586459,0,0.0,3.1685086045076015e-07
5,5,8,-0.3042759259933683,0.10887156013626324,0.06135360318708098,0,0.0,1.3328849960342252e-07
5,5,9,-0.3042759259933683,0.10887156013626324,0.06854034741551607,0,0.0,5.5459233897427026e-08
5,5,10,-0.3042759259933683,0.10887156013626324,0.07572709164395114,0,0.0,1.3816126231246486e-08
5,5,11,-0.3042759259933683,0.10887156013626324,0.08291383587238624,0,0.0,2.796611224441538e-09
5,5,12,-0.3042759259933683,0.10887156013626324,0.09010058010082131,0,0.0,4.504156347821248e-10
5,5,13,-0.3042759259933683,0.10887156013626324,0.09728732432925638,0,0.0,3.441529707635859e-11
5,5,14,-0.3042759259933683,0.10887156013626324,0.10447406855769147,0,0.0,1.0269555965996533e-12
5,5,15,-0.3042759259933683,0.10887156013626324,0.11166081278612655,0,0.0,0.0
5,5,16,-0.3042759259933683,0.10887156013626324,0.11884755701456162,0,0.0,0.0
5,5,17,-0.3042759259933683,0.10887156013626324,0.12603430124299672,0,0.0,0.0
5,5,18,-0.3042759259933683,0.10887156013626324,0.1332210454714318,0,0.0,0.0
5,5,19,-0.3042759259933683,0.10887156013626324,0.14040778969986686,0,0.0,0.0
5,6,0,-0.3042759259933683,0.1247968071363128,0.0038596493596003397,3,0.0003,0.00031678733065000636
5,6,1,-0.3042759259933683,0.1247968071363128,0.01104639358803542,4,0.0004,0.00038047990210865934
5,6,2,-0.3042759259933683,0.1247968071363128,0.0182331378164705,2,0.0002,0.0002658588991811234
5,6,3,-0.3042759259933683,0.1247968071363128,0.02541988204490558,0,0.0,0.00012468200471329492
5,6,4,-0.3042759259933683,0.1247968071363128,0.032606626273340655,0,0.0,4.837239902742911e-05
5,6,5,-0.3042759259933683,0.1247968071363128,0.03979337050177574,0,0.0,1.7598759067263824e-05
5,6,6,-0.3042759259933683,0.1247968071363128,0.046980114730210826,0,0.0,5.97518628230888e-06
5,6,7,-0.3042759259933683,0.1247968071363128,0.0541668589586459,0,0.0,2.708963429315994e-06
5,6,8,-0.3042759259933683,0.1247968071363128,0.06135360318708098,0,0.0,1.7127415175747958e-06
5,6,9,-0.3042759259933683,0.1247968071363128,0.06854034741551607,0,0.0,7.81536465241327e-07
5,6,10,-0.3042759259933683,0.1247968071363128,0.07572709164395114,0,0.0,2.3360915278164492e-07
5,6,11,-0.3042759259933683,0.1247968071363128,0.08291383587238624,0,0.0,6.574199737985895e-08
5,6,12,-0.3042759259933683,0.1247968071363128,0.09010058010082131,0,0.0,1.3355228602759211e-08
5,6,13,-0.3042759259933683,0.1247968071363128,0.09728732432925638,0,0.0,1.3234540415636704e-09
5,6,14,-0.3042759259933683,0.1247968071363128,0.10447406855769147,0,0.0,6.156808720873699e-11
5,6,15,-0.3042759259933683,0.1247968071363128,0.11166081278612655,0,0.0,1.0430940556686745e-12
5,6,16,-0.3042759259933683,0.1247968071363128,0.11884755701456162,0,0.0,0.0
5,6,17,-0.3042759259933683,0.1247968071363128,0.12603430124299672,0,0.0,0.0
5,6,18,-0.3042759259933683,0.1247968071363128,0.1332210454714318,0,0.0,0.0
5,6,19,-0.3042759259933683,0.1247968071363128,0.14040778969986686,0,0.0,0.0
5,7,0,-0.3042759259933683,0.14072205413636235,0.0038596493596003397,5,0.0005,0.0005950003939454556
5,7,1,-0.3042759259933683,0.14072205413636235,0.01104639358803542,9,0.0009,0.0007704833893172075
5,7,2,-0.3042759259933683,0.14072205413636235,0.0182331378164705,1,0.0001,0.0005906741863181907
5,7,3,-0.3042759259933683,0.14072205413636235,0.02541988204490558,1,0.0001,0.0002961320263073464
5,7,4,-0.3042759259933683,0.14072205413636235,0.032606626273340655,0,0.0,0.00011344271748927013
5,7,5,-0.3042759259933683,0.14072205413636235,0.03979337050177574,0,0.0,4.3494896544390574e-05
5,7,6,-0.3042759259933683,0.14072205413636235,0.046980114730210826,0,0.0,2.0139453533759093e-05
5,7,7,-0.3042759259933683,0.14072205413636235,0.0541668589586459,0,0.0,1.3059582965850736e-05
5,7,8,-0.3042759259933683,0.14072205413636235,0.06135360318708098,0,0.0,9.685079916322242e-06
5,7,9,-0.3042759259933683,0.14072205413636235,0.06854034741551607,0,0.0,5.028622139940781e-06
5,7,10,-0.3042759259933683,0.14072205413636235,0.07572709164395114,0,0.0,2.0128453951181806e-06
5,7,11,-0.3042759259933683,0.14072205413636235,0.08291383587238624,0,0.0,7.817747849473896e-07
5,7,12,-0.3042759259933683,0.14072205413636235,0.09010058010082131,0,0.0,1.9544227756186523e-07
5,7,13,-0.3042759259933683,0.14072205413636235,0.09728732432925638,0,0.0,2.4534806102878735e-08
5,7,14,-0.3042759259933683,0.14072205413636235,0.10447406855769147,0,0.0,1.5291898391478225e-09
5,7,15,-0.3042759259933683,0.14072205413636235,0.11166081278612655,0,0.0,4.76016272969158e-10
5,7,16,-0.3042759259933683,0.14072205413636235,0.11884755701456162,0,0.0,1.8893647028445344e-09
5,7,17,-0.3042759259933683,0.14072205413636235,0.12603430124299672,0,0.0,3.107718812836033e-09
5,7,18,-0.3042759259933683,0.14072205413636235,0.1332210454714318,0,0.0,1.884705806082343e-09
5,7,19,-0.3042759259933683,0.14072205413636235,0.14040778969986686,0,0.0,4.2053212537163974e-10
5,8,0,-0.3042759259933683,0.1566473011364119,0.0038596493596003397,4,0.0004,0.0008212085769858392
5,8,1,-0.3042759259933683,0.1566473011364119,0.01104639358803542,13,0.0013,0.0012156700639951161
5,8,2,-0.3042759259933683,0.1566473011364119,0.0182331378164705,6,0.0006,0.0011010850467595278
5,8,3,-0.3042759259933683,0.1566473011364119,0.02541988204490558,1,0.0001,0.0006451341449865566
5,8,4,-0.3042759259933683,0.1566473011364119,0.032606626273340655,0,0.0,0.00027476525984629525
5,8,5,-0.3042759259933683,0.1566473011364119,0.03979337050177574,0,0.0,0.00010758167138296706
5,8,6,-0.3042759259933683,0.1566473011364119,0.046980114730210826,0,0.0,4.9173798559450545e-05
5,8,7,-0.3042759259933683,0.1566473011364119,0.0541668589586459,0,0.0,3.4224868313909635e-05
5,8,8,-0.3042759259933683,0.1566473011364119,0.06135360318708098,0,0.0,2.8653963816366312e-05
5,8,9,-0.3042759259933683,0.1566473011364119,0.06854034741551607,0,0.0,1.8260788317484334e-05
5,8,10,-0.3042759259933683,0.1566473011364119,0.07572709164395114,0,0.0,1.0011819286110716e-05
5,8,11,-0.3042759259933683,0.1566473011364119,0.08291383587238624,0,0.0,4.881887881653073e-06
5,8,12,-0.3042759259933683,0.1566473011364119,0.09010058010082131,0,0.0,1.4915034090748004e-06
5,8,13,-0.3042759259933683,0.1566473011364119,0.09728732432925638,0,0.0,2.403780011764363e-07
5,8,14,-0.3042759259933683,0.1566473011364119,0.10447406855769147,0,0.0,2.376793955251786e-08
5,8,15,-0.3042759259933683,0.1566473011364119,0.11166081278612655,0,0.0,1.6807534538359187e-08
5,8,16,-0.3042759259933683,0.1566473011364119,0.11884755701456162,0,0.0,6.286667531903746e-08
5,8,17,-0.3042759259933683,0.1566473011364119,0.12603430124299672,0,0.0,1.0293625819133924e-07
5,8,18,-0.3042759259933683,0.1566473011364119,0.1332210454714318,0,0.0,6.241365763554733e-08
5,8,19,-0.3042759259933683,0.1566473011364119,0.14040778969986686,0,0.0,1.3926122970909538e-08
5,9,0,-0.3042759259933683,0.17257254813646145,0.0038596493596003397,5,0.0005,0.0008380895199444269
5,9,1,-0.3042759259933683,0.17257254813646145,0.01104639358803542,23,0.0023,0.0014121690880218305
5,9,2,-0.3042759259933683,0.17257254813646145,0.0182331378164705,30,0.003,0.0014832132235892783
5,9,3,-0.3042759259933683,0.17257254813646145,0.02541988204490558,8,0.0008,0.0010007572158591924
5,9,4,-0.3042759259933683,0.17257254813646145,0.032606626273340655,2,0.0002,0.00048430941301065285
5,9,5,-0.3042759259933683,0.17257254813646145,0.03979337050177574,1,0.0001,0.0001993241545281011
5,9,6,-0.3042759259933683,0.17257254813646145,0.046980114730210826,0,0.0,8.987413202961132e-05
5,9,7,-0.3042759259933683,0.17257254813646145,0.0541668589586459,0,0.0,6.388650251880134e-05
5,9,8,-0.3042759259933683,0.17257254813646145,0.06135360318708098,1,0.0001,5.708074395759765e-05
5,9,9,-0.3042759259933683,0.17257254813646145,0.06854034741551607,0,0.0,4.3675282435845915e-05
5,9,10,-0.3042759259933683,0.17257254813646145,0.07572709164395114,0,0.0,2.9175428045615904e-05
5,9,11,-0.3042759259933683,0.17257254813646145,0.08291383587238624,0,0.0,1.6299380317786867e-05
5,9,12,-0.3042759259933683,0.17257254813646145,0.09010058010082131,0,0.0,6.064901708339687e-06
5,9,13,-0.3042759259933683,0.17257254813646145,0.09728732432925638,0,0.0,1.3919170571577263e-06
5,9,14,-0.3042759259933683,0.17257254813646145,0.10447406855769147,0,0.0,2.9977080045676075e-07
5,9,15,-0.3042759259933683,0.17257254813646145,0.11166081278612655,0,0.0,2.4705682827593477e-07
5,9,16,-0.3042759259933683,0.17257254813646145,0.11884755701456162,0,0.0,7.77848969790076e-07
5,9,17,-0.3042759259933683,0.17257254813646145,0.12603430124299672,0,0.0,1.256857541103598e-06
5,9,18,-0.3042759259933683,0.17257254813646145,0.1332210454714318,0,0.0,7.608267625807887e-07
5,9,19,-0.3042759259933683,0.17257254813646145,0.14040778969986686,0,0.0,1.6969070115888677e-07
5,10,0,-0.3042759259933683,0.188497795136511,0.0038596493596003397,2,0.0002,0.0006111779225843061
5,10,1,-0.3042759259933683,0.188497795136511,0.01104639358803542,7,0.0007,0.0011245038691695237
5,10,2,-0.3042759259933683,0.188497795136511,0.0182331378164705,12,0.0012,0.0013149167356860819
5,10,3,-0.3042759259933683,0.188497795136511,0.02541988204490558,10,0.001,0.0009915889249443928
5,10,4,-0.3042759259933683,0.188497795136511,0.032606626273340655,8,0.0008,0.0005429091674652682
5,10,5,-0.3042759259933683,0.188497795136511,0.03979337050177574,1,0.0001,0.00024802932127448676
5,10,6,-0.3042759259933683,0.188497795136511,0.046980114730210826,1,0.0001,0.00012583013165536644
5,10,7,-0.3042759259933683,0.188497795136511,0.0541668589586459,1,0.0001,9.620970677592655e-05
5,10,8,-0.3042759259933683,0.188497795136511,0.06135360318708098,1,0.0001,8.518306448061101e-05
5,10,9,-0.3042759259933683,0.188497795136511,0.06854034741551607,1,0.0001,6.876139589694439e-05
5,10,10,-0.3042759259933683,0.188497795136511,0.07572709164395114,1,0.0001,5.1486432827161225e-05
5,10,11,-0.3042759259933683,0.188497795136511,0.08291383587238624,1,0.0001,3.4498784769862864e-05
5,10,12,-0.3042759259933683,0.188497795136511,0.09010058010082131,0,0.0,1.8188683054301105e-05
5,10,13,-0.3042759259933683,0.188497795136511,0.09728732432925638,0,0.0,7.557669239121958e-06
5,10,14,-0.3042759259933683,0.188497795136511,0.10447406855769147,0,0.0,2.9572715111384346e-06
5,10,15,-0.3042759259933683,0.188497795136511,0.11166081278612655,0,0.0,1.806788668811475e-06
5,10,16,-0.3042759259933683,0.188497795136511,0.11884755701456162,0,0.0,3.7330107519981824e-06
5,10,17,-0.3042759259933683,0.188497795136511,0.12603430124299672,0,0.0,5.710766123268093e-06
5,10,18,-0.3042759259933683,0.188497795136511,0.1332210454714318,0,0.0,3.424735878444147e-06
5,10,19,-0.3042759259933683,0.188497795136511,0.14040778969986686,0,0.0,7.618193109314827e-07
5,11,0,-0.3042759259933683,0.20442304213656057,0.0038596493596003397,0,0.0,0.0003306056493830162
5,11,1,-0.3042759259933683,0.20442304213656057,0.01104639358803542,2,0.0002,0.0006183691175821804
5,11,2,-0.3042759259933683,0.20442304213656057,0.0182331378164705,3,0.0003,0.0007584079606474219
5,11,3,-0.3042759259933683,0.20442304213656057,0.02541988204490558,0,0.0,0.0006140625211510069
5,11,4,-0.3042759259933683,0.20442304213656057,0.032606626273340655,1,0.0001,0.0003748349276297958
5,11,5,-0.3042759259933683,0.20442304213656057,0.03979337050177574,1,0.0001,0.00019724848850772396
5,11,6,-0.3042759259933683,0.20442304213656057,0.046980114730210826,1,0.0001,0.00012071512236380888
5,11,7,-0.3042759259933683,0.20442304213656057,0.0541668589586459,0,0.0,0.00010327118675088871
5,11,8,-0.3042759259933683,0.20442304213656057,0.06135360318708098,1,0.0001,9.294999560963887e-05
5,11,9,-0.3042759259933683,0.20442304213656057,0.06854034741551607,0,0.0,7.985547175210433e-05
5,11,10,-0.3042759259933683,0.20442304213656057,0.07572709164395114,1,0.0001,7.527234404922586e-05
5,11,11,-0.3042759259933683,0.20442304213656057,0.08291383587238624,0,0.0,6.994661362316996e-05
5,11,12,-0.3042759259933683,0.20442304213656057,0.09010058010082131,0,0.0,5.3500956335507786e-05
5,11,13,-0.3042759259933683,0.20442304213656057,0.09728732432925638,0,0.0,3.124139673763411e-05
5,11,14,-0.3042759259933683,0.20442304213656057,0.10447406855769147,0,0.0,1.5388712412421186e-05
5,11,15,-0.3042759259933683,0.20442304213656057,0.11166081278612655,0,0.0,8.278134214257807e-06
5,11,16,-0.3042759259933683,0.20442304213656057,0.11884755701456162,0,0.0,8.713723757636633e-06
5,11,17,-0.3042759259933683,0.20442304213656057,0.12603430124299672,1,0.0001,1.0407681918111302e-05
5,11,18,-0.3042759259933683,0.20442304213656057,0.1332210454714318,0,0.0,5.860535068574616e-06
5,11,19,-0.3042759259933683,0.20442304213656057,0.14040778969986686,0,0.0,1.2796910191626533e-06
5,12,0,-0.3042759259933683,0.22034828913661011,0.0038596493596003397,0,0.0,0.0001389457732704302
5,12,1,-0.3042759259933683,0.22034828913661011,0.01104639358803542,0,0.0,0.00024371646671735313
5,12,2,-0.3042759259933683,0.22034828913661011,0.0182331378164705,0,0.0,0.00029399707102214996
5,12,3,-0.3042759259933683,0.22034828913661011,0.02541988204490558,0,0.0,0.00024655400714626623
5,12,4,-0.3042759259933683,0.22034828913661011,0.032606626273340655,0,0.0,0.00016638284603539446
5,12,5,-0.3042759259933683,0.22034828913661011,0.03979337050177574,0,0.0,0.00010535713241317019
5,12,6,-0.3042759259933683,0.22034828913661011,0.046980114730210826,0,0.0,7.972828395024759e-05
5,12,7,-0.3042759259933683,0.22034828913661011,0.0541668589586459,0,0.0,7.80268216854569e-05
5,12,8,-0.3042759259933683,0.22034828913661011,0.06135360318708098,0,0.0,8.13970899326481e-05
5,12,9,-0.3042759259933683,0.22034828913661011,0.06854034741551607,0,0.0,8.809313224268243e-05
5,12,10,-0.3042759259933683,0.22034828913661011,0.07572709164395114,2,0.0002,0.00010654273104923922
5,12,11,-0.3042759259933683,0.22034828913661011,0.08291383587238624,3,0.0003,0.00011670988838635989
5,12,12,-0.3042759259933683,0.22034828913661011,0.09010058010082131,4,0.0004,0.00010015334496619949
5,12,13,-0.3042759259933683,0.22034828913661011,0.09728732432925638,1,0.0001,6.654114697000919e-05
5,12,14,-0.3042759259933683,0.22034828913661011,0.10447406855769147,0,0.0,4.067562861560916e-05
5,12,15,-0.3042759259933683,0.22034828913661011,0.11166081278612655,0,0.0,2.543497269444308e-05
5,12,16,-0.3042759259933683,0.22034828913661011,0.11884755701456162,0,0.0,1.7546293831906713e-05
5,12,17,-0.3042759259933683,0.22034828913661011,0.12603430124299672,0,0.0,1.1797103702189352e-05
5,12,18,-0.3042759259933683,0.22034828913661011,0.1332210454714318,0,0.0,4.952636646845972e-06
5,12,19,-0.3042759259933683,0.22034828913661011,0.14040778969986686,0,0.0,1.0074602701713177e-06
5,13,0,-0.3042759259933683,0.2362735361366597,0.0038596493596003397,0,0.0,4.754236869247007e-05
5,13,1,-0.3042759259933683,0.2362735361366597,0.01104639358803542,0,0.0,7.450864825708127e-05
5,13,2,-0.3042759259933683,0.2362735361366597,0.0182331378164705,0,0.0,8.293581891572728e-05
5,13,3,-0.3042759259933683,0.2362735361366597,0.02541988204490558,0,0.0,6.98874332110849e-05
5,13,4,-0.3042759259933683,0.2362735361366597,0.032606626273340655,0,0.0,5.356904571305991e-05
5,13,5,-0.3042759259933683,0.2362735361366597,0.03979337050177574,0,0.0,4.420715365475152e-05
5,13,6,-0.3042759259933683,0.2362735361366597,0.046980114730210826,0,0.0,4.1879514039054686e-05
5,13,7,-0.3042759259933683,0.2362735361366597,0.0541668589586459,0,0.0,5.0628239223594334e-05
5,13,8,-0.3042759259933683,0.2362735361366597,0.06135360318708098,0,0.0,6.70893409230611e-05
5,13,9,-0.3042759259933683,0.2362735361366597,0.06854034741551607,0,0.0,8.634698421668297e-05
5,13,10,-0.3042759259933683,0.2362735361366597,0.07572709164395114,3,0.0003,0.00010951376740442051
5,13,11,-0.3042759259933683,0.2362735361366597,0.08291383587238624,2,0.0002,0.00011938900857219618
5,13,12,-0.3042759259933683,0.2362735361366597,0.09010058010082131,0,0.0,0.00010457270044436828
5,13,13,-0.3042759259933683,0.2362735361366597,0.09728732432925638,1,0.0001,7.932939606346031e-05
5,13,14,-0.3042759259933683,0.2362735361366597,0.10447406855769147,1,0.0001,6.299013766415311e-05
5,13,15,-0.3042759259933683,0.2362735361366597,0.11166081278612655,1,0.0001,4.712470079399795e-05
5,13,16,-0.3042759259933683,0.2362735361366597,0.11884755701456162,1,0.0001,3.168727653797007e-05
5,13,17,-0.3042759259933683,0.2362735361366597,0.12603430124299672,0,0.0,1.678315075532101e-05
5,13,18,-0.3042759259933683,0.2362735361366597,0.1332210454714318,0,0.0,5.67681900265656e-06
5,13,19,-0.3042759259933683,0.2362735361366597,0.14040778969986686,0,0.0,1.5842203744268328e-06
5,14,0,-0.3042759259933683,0.25219878313670924,0.0038596493596003397,0,0.0,1.5378994323574195e-05
5,14,1,-0.3042759259933683,0.25219878313670924,0.01104639358803542,0,0.0,2.2674711307908503e-05
5,14,2,-0.3042759259933683,0.25219878313670924,0.0182331378164705,0,0.0,2.0980642943573797e-05
5,14,3,-0.3042759259933683,0.25219878313670924,0.02541988204490558,0,0.0,1.5658025030965603e-05
5,14,4,-0.3042759259933683,0.25219878313670924,0.032606626273340655,0,0.0,1.3704409832030662e-05
5,14,5,-0.3042759259933683,0.25219878313670924,0.03979337050177574,0,0.0,1.5327335673223708e-05
5,14,6,-0.3042759259933683,0.25219878313670924,0.046980114730210826,0,0.0,1.9197038186096625e-05
5,14,7,-0.3042759259933683,0.25219878313670924,0.0541668589586459,0,0.0,2.9701635654826585e-05
5,14,8,-0.3042759259933683,0.25219878313670924,0.06135360318708098,0,0.0,4.550668241210296e-05
5,14,9,-0.3042759259933683,0.25219878313670924,0.06854034741551607,0,0.0,6.200316008450729e-05
5,14,10,-0.3042759259933683,0.25219878313670924,0.07572709164395114,0,0.0,7.649114294840624e-05
5,14,11,-0.3042759259933683,0.25219878313670924,0.08291383587238624,0,0.0,8.262554631499292e-05
5,14,12,-0.3042759259933683,0.25219878313670924,0.09010058010082131,1,0.0001,7.617066804506956e-05
5,14,13,-0.3042759259933683,0.25219878313670924,0.09728732432925638,0,0.0,6.756721866369332e-05
5,14,14,-0.3042759259933683,0.25219878313670924,0.10447406855769147,2,0.0002,6.400617879733007e-05
5,14,15,-0.3042759259933683,0.25219878313670924,0.11166081278612655,0,0.0,5.004388964571039e-05
5,14,16,-0.3042759259933683,0.25219878313670924,0.11884755701456162,0,0.0,3.4203225867855734e-05
5,14,17,-0.3042759259933683,0.25219878313670924,0.12603430124299672,0,0.0,1.9647138860899227e-05
5,14,18,-0.3042759259933683,0.25219878313670924,0.1332210454714318,0,0.0,8.542756036995768e-06
5,14,19,-0.3042759259933683,0.25219878313670924,0.14040778969986686,0,0.0,4.493434831654494e-06
5,15,0,-0.3042759259933683,0.2681240301367588,0.0038596493596003397,0,0.0,4.618570227621518e-06
5,15,1,-0.3042759259933683,0.2681240301367588,0.01104639358803542,0,0.0,7.822169427062241e-06
5,15,2,-0.3042759259933683,0.2681240301367588,0.0182331378164705,0,0.0,7.0332618819830226e-06
5,15,3,-0.3042759259933683,0.2681240301367588,0.02541988204490558,0,0.0,4.19648692836437e-06
5,15,4,-0.3042759259933683,0.2681240301367588,0.032606626273340655,0,0.0,3.022514471460145e-06
5,15,5,-0.3042759259933683,0.2681240301367588,0.03979337050177574,0,0.0,3.870928888698335e-06
5,15,6,-0.3042759259933683,0.2681240301367588,0.046980114730210826,0,0.0,6.567045520455323e-06
5,15,7,-0.3042759259933683,0.2681240301367588,0.0541668589586459,0,0.0,1.2087157198983099e-05
5,15,8,-0.3042759259933683,0.2681240301367588,0.06135360318708098,0,0.0,2.0650407636329816e-05
5,15,9,-0.3042759259933683,0.2681240301367588,0.06854034741551607,0,0.0,3.0723901530713706e-05
5,15,10,-0.3042759259933683,0.2681240301367588,0.07572709164395114,0,0.0,3.92198183645243e-05
5,15,11,-0.3042759259933683,0.2681240301367588,0.08291383587238624,1,0.0001,4.5435926397215634e-05
5,15,12,-0.3042759259933683,0.2681240301367588,0.09010058010082131,0,0.0,4.703990186979037e-05
5,15,13,-0.3042759259933683,0.2681240301367588,0.09728732432925638,0,0.0,4.829933723548152e-05
5,15,14,-0.3042759259933683,0.2681240301367588,0.10447406855769147,1,0.0001,4.6076728195515223e-05
5,15,15,-0.3042759259933683,0.2681240301367588,0.11166081278612655,0,0.0,3.224757999454896e-05
5,15,16,-0.3042759259933683,0.2681240301367588,0.11884755701456162,0,0.0,2.115517914984093e-05
5,15,17,-0.3042759259933683,0.2681240301367588,0.12603430124299672,0,0.0,1.4601040832622878e-05
5,15,18,-0.3042759259933683,0.2681240301367588,0.1332210454714318,0,0.0,9.16778592559402e-06
5,15,19,-0.3042759259933683,0.2681240301367588,0.14040778969986686,0,0.0,6.780292015730675e-06
5,16,0,-0.3042759259933683,0.2840492771368084,0.0038596493596003397,0,0.0,1.166144156664143e-06
5,16,1,-0.3042759259933683,0.2840492771368084,0.01104639358803542,0,0.0,3.025408098674821e-06
5,16,2,-0.3042759259933683,0.2840492771368084,0.0182331378164705,0,0.0,3.8958224039573184e-06
5,16,3,-0.3042759259933683,0.2840492771368084,0.02541988204490558,0,0.0,2.4523334134116015e-06
5,16,4,-0.3042759259933683,0.2840492771368084,0.032606626273340655,0,0.0,1.1082952218931983e-06
5,16,5,-0.3042759259933683,0.2840492771368084,0.03979337050177574,0,0.0,9.59789067083414e-07
5,16,6,-0.3042759259933683,0.2840492771368084,0.046980114730210826,0,0.0,1.5646770098060153e-06
5,16,7,-0.3042759259933683,0.2840492771368084,0.0541668589586459,0,0.0,2.9524050448599574e-06
5,16,8,-0.3042759259933683,0.2840492771368084,0.06135360318708098,0,0.0,5.855455615278965e-06
5,16,9,-0.3042759259933683,0.2840492771368084,0.06854034741551607,0,0.0,9.97197042586439e-06
5,16,10,-0.3042759259933683,0.2840492771368084,0.07572709164395114,0,0.0,1.4342353486867252e-05
5,16,11,-0.3042759259933683,0.2840492771368084,0.08291383587238624,0,0.0,2.0133653129958176e-05
5,16,12,-0.3042759259933683,0.2840492771368084,0.09010058010082131,0,0.0,2.642598031634316e-05
5,16,13,-0.3042759259933683,0.2840492771368084,0.09728732432925638,0,0.0,3.063948929734978e-05
5,16,14,-0.3042759259933683,0.2840492771368084,0.10447406855769147,0,0.0,2.6055558937253205e-05
5,16,15,-0.3042759259933683,0.2840492771368084,0.11166081278612655,0,0.0,1.5294047885777527e-05
5,16,16,-0.3042759259933683,0.2840492771368084,0.11884755701456162,0,0.0,1.0468230040288071e-05
5,16,17,-0.3042759259933683,0.2840492771368084,0.12603430124299672,0,0.0,1.026672575496331e-05
5,16,18,-0.3042759259933683,0.2840492771368084,0.1332210454714318,0,0.0,7.782841209716328e-06
5,16,19,-0.3042759259933683,0.2840492771368084,0.14040778969986686,0,0.0,4.986550331281285e-06
5,17,0,-0.3042759259933683,0.2999745241368579,0.0038596493596003397,0,0.0,3.0979317700622877e-07
5,17,1,-0.3042759259933683,0.2999745241368579,0.01104639358803542,0,0.0,1.1921377338894314e-06
5,17,2,-0.3042759259933683,0.2999745241368579,0.0182331378164705,0,0.0,1.8902787489041026e-06
5,17,3,-0.3042759259933683,0.2999745241368579,0.02541988204490558,0,0.0,1.2464961789926883e-06
5,17,4,-0.3042759259933683,0.2999745241368579,0.032606626273340655,0,0.0,4.983339213985104e-07
5,17,5,-0.3042759259933683,0.2999745241368579,0.03979337050177574,0,0.0,3.442736966584848e-07
5,17,6,-0.3042759259933683,0.2999745241368579,0.046980114730210826,0,0.0,4.2991805409698766e-07
5,17,7,-0.3042759259933683,0.2999745241368579,0.0541668589586459,0,0.0,6.637233084084042e-07
5,17,8,-0.3042759259933683,0.2999745241368579,0.06135360318708098,0,0.0,1.2055385998395559e-06
5,17,9,-0.3042759259933683,0.2999745241368579,0.06854034741551607,0,0.0,2.053219941633412e-06
5,17,10,-0.3042759259933683,0.2999745241368579,0.07572709164395114,0,0.0,3.428030502767448e-06
5,17,11,-0.3042759259933683,0.2999745241368579,0.08291383587238624,0,0.0,6.340477801590688e-06
5,17,12,-0.3042759259933683,0.2999745241368579,0.09010058010082131,0,0.0,1.0699017774007345e-05
5,17,13,-0.3042759259933683,0.2999745241368579,0.09728732432925638,0,0.0,1.3258227272796432e-05
5,17,14,-0.3042759259933683,0.2999745241368579,0.10447406855769147,0,0.0,1.0602454068567474e-05
5,17,15,-0.3042759259933683,0.2999745241368579,0.11166081278612655,0,0.0,6.314694455638733e-06
5,17,16,-0.3042759259933683,0.2999745241368579,0.11884755701456162,0,0.0,5.65315032075254e-06
5,17,17,-0.3042759259933683,0.2999745241368579,0.12603430124299672,0,0.0,7.304552222689172e-06
5,17,18,-0.3042759259933683,0.2999745241368579,0.1332210454714318,0,0.0,5.868432508881045e-06
5,17,19,-0.3042759259933683,0.2999745241368579,0.14040778969986686,0,0.0,2.7276791689939326e-06
5,18,0,-0.3042759259933683,0.3158997711369075,0.0038596493596003397,0,0.0,6.26929547121961e-08
5,18,1,-0.3042759259933683,0.3158997711369075,0.01104639358803542,0,0.0,2.6916098748646906e-07
5,18,2,-0.3042759259933683,0.3158997711369075,0.0182331378164705,0,0.0,4.459507168004673e-07
5,18,3,-0.3042759259933683,0.3158997711369075,0.02541988204490558,0,0.0,3.015006179453495e-07
5,18,4,-0.3042759259933683,0.3158997711369075,0.032606626273340655,0,0.0,1.3089864182788842e-07
5,18,5,-0.3042759259933683,0.3158997711369075,0.03979337050177574,0,0.0,1.0319701756825105e-07
5,18,6,-0.3042759259933683,0.3158997711369075,0.046980114730210826,0,0.0,1.3823825143085486e-07
5,18,7,-0.3042759259933683,0.3158997711369075,0.0541668589586459,0,0.0,2.1394722809364207e-07
5,18,8,-0.3042759259933683,0.3158997711369075,0.06135360318708098,0,0.0,2.968062746344046e-07
5,18,9,-0.3042759259933683,0.3158997711369075,0.06854034741551607,0,0.0,4.0782922782910483e-07
5,18,10,-0.3042759259933683,0.3158997711369075,0.07572709164395114,0,0.0,6.944218307589056e-07
5,18,11,-0.3042759259933683,0.3158997711369075,0.08291383587238624,0,0.0,1.312593491805103e-06
5,18,12,-0.3042759259933683,0.3158997711369075,0.09010058010082131,0,0.0,2.310645116341673e-06
5,18,13,-0.3042759259933683,0.3158997711369075,0.09728732432925638,0,0.0,3.0406033842657313e-06
5,18,14,-0.3042759259933683,0.3158997711369075,0.10447406855769147,0,0.0,2.988934325233145e-06
5,18,15,-0.3042759259933683,0.3158997711369075,0.11166081278612655,0,0.0,2.754472615193575e-06
5,18,16,-0.3042759259933683,0.3158997711369075,0.11884755701456162,0,0.0,3.1417111257626303e-06
5,18,17,-0.3042759259933683,0.3158997711369075,0.12603430124299672,0,0.0,4.2961055843868046e-06
5,18,18,-0.3042759259933683,0.3158997711369075,0.1332210454714318,0,0.0,3.7680642930920707e-06
5,18,19,-0.3042759259933683,0.3158997711369075,0.14040778969986686,0,0.0,1.6609331550278796e-06
5,19,0,-0.3042759259933683,0.331825018136957,0.0038596493596003397,0,0.0,6.377096696780009e-09
5,19,1,-0.3042759259933683,0.331825018136957,0.01104639358803542,0,0.0,2.7777945566738794e-08
5,19,2,-0.3042759259933683,0.331825018136957,0.0182331378164705,0,0.0,4.690818677468831e-08
5,19,3,-0.3042759259933683,0.331825018136957,0.02541988204490558,0,0.0,3.4679011908609036e-08
5,19,4,-0.3042759259933683,0.331825018136957,0.032606626273340655,0,0.0,2.1537354341433455e-08
5,19,5,-0.3042759259933683,0.331825018136957,0.03979337050177574,0,0.0,2.280376396667538e-08
5,19,6,-0.3042759259933683,0.331825018136957,0.046980114730210826,0,0.0,3.153995837706419e-08
5,19,7,-0.3042759259933683,0.331825018136957,0.0541668589586459,0,0.0,5.0780637395318545e-08
5,19,8,-0.3042759259933683,0.331825018136957,0.06135360318708098,0,0.0,7.350185696328494e-08
5,19,9,-0.3042759259933683,0.331825018136957,0.06854034741551607,0,0.0,1.1084710113453089e-07
5,19,10,-0.3042759259933683,0.331825018136957,0.07572709164395114,0,0.0,1.7865473139249613e-07
5,19,11,-0.3042759259933683,0.331825018136957,0.08291383587238624,0,0.0,2.3538967460644616e-07
5,19,12,-0.3042759259933683,0.331825018136957,0.09010058010082131,0,0.0,3.130029763649635e-07
5,19,13,-0.3042759259933683,0.331825018136957,0.09728732432925638,0,0.0,4.76758773975485e-07
5,19,14,-0.3042759259933683,0.331825018136957,0.10447406855769147,0,0.0,8.056406270239845e-07
5,19,15,-0.3042759259933683,0.331825018136957,0.11166081278612655,0,0.0,1.1320277060596036e-06
5,19,16,-0.3042759259933683,0.331825018136957,0.11884755701456162,0,0.0,1.3190199094027567e-06
5,19,17,-0.3042759259933683,0.331825018136957,0.12603430124299672,0,0.0,1.7092254771995083e-06
5,19,18,-0.3042759259933683,0.331825018136957,0.1332210454714318,0,0.0,1.5503991926664612e-06
5,19,19,-0.3042759259933683,0.331825018136957,0.14040778969986686,0,0.0,7.010066016639679e-07
6,0,0,-0.2371801338383801,0.029245325136015476,0.0038596493596003397,0,0.0,2.8114476823259718e-09
6,0,1,-0.2371801338383801,0.029245325136015476,0.01104639358803542,0,0.0,4.545075124644386e-09
6,0,2,-0.2371801338383801,0.029245325136015476,0.0182331378164705,0,0.0,3.0871424847585062e-09
6,0,3,-0.2371801338383801,0.029245325136015476,0.02541988204490558,0,0.0,1.0171846206966448e-09
6,0,4,-0.2371801338383801,0.029245325136015476,0.032606626273340655,0,0.0,2.495568516732472e-10
6,0,5,-0.2371801338383801,0.029245325136015476,0.03979337050177574,0,0.0,6.338276309978435e-11
6,0,6,-0.2371801338383801,0.029245325136015476,0.046980114730210826,0,0.0,1.0690941464259774e-11
6,0,7,-0.2371801338383801,0.029245325136015476,0.0541668589586459,0,0.0,8.021214941309171e-13
6,0,8,-0.2371801338383801,0.029245325136015476,0.06135360318708098,0,0.0,2.31521564572286e-14
6,0,9,-0.2371801338383801,0.029245325136015476,0.06854034741551607,0,0.0,0.0
6,0,10,-0.2371801338383801,0.029245325136015476,0.07572709164395114,0,0.0,0.0
6,0,11,-0.2371801338383801,0.029245325136015476,0.08291383587238624,0,0.0,0.0
6,0,12,-0.2371801338383801,0.029245325136015476,0.09010058010082131,0,0.0,0.0
6,0,13,-0.2371801338383801,0.029245325136015476,0.09728732432925638,0,0.0,0.0
6,0,14,-0.2371801338383801,0.029245325136015476,0.10447406855769147,0,0.0,0.0
6,0,15,-0.2371801338383801,0.029245325136015476,0.11166081278612655,0,0.0,0.0
6,0,16,-0.2371801338383801,0.029245325136015476,0.11884755701456162,0,0.0,0.0
6,0,17,-0.2371801338383801,0.029245325136015476,0.12603430124299672,0,0.0,0.0
6,0,18,-0.2371801338383801,0.029245325136015476,0.1332210454714318,0,0.0,0.0
6,0,19,-0.2371801338383801,0.029245325136015476,0.14040778969986686,0,0.0,0.0
6,1,0,-0.2371801338383801,0.045170572136065026,0.0038596493596003397,0,0.0,9.773308889306507e-08
6,1,1,-0.2371801338383801,0.045170572136065026,0.01104639358803542,0,0.0,1.6069029397207668e-07
6,1,2,-0.2371801338383801,0.045170572136065026,0.0182331378164705,0,0.0,1.1516349777244791e-07
6,1,3,-0.2371801338383801,0.045170572136065026,0.02541988204490558,0,0.0,4.0714786377423014e-08
6,1,4,-0.2371801338383801,0.045170572136065026,0.032606626273340655,0,0.0,9.898748040421806e-09
6,1,5,-0.2371801338383801,0.045170572136065026,0.03979337050177574,0,0.0,2.4235099028206346e-09
6,1,6,-0.2371801338383801,0.045170572136065026,0.046980114730210826,0,0.0,4.2783346075946535e-10
6,1,7,-0.2371801338383801,0.045170572136065026,0.0541668589586459,0,0.0,3.5660890358153437e-11
6,1,8,-0.2371801338383801,0.045170572136065026,0.06135360318708098,0,0.0,1.2910666904579474e-12
6,1,9,-0.2371801338383801,0.045170572136065026,0.06854034741551607,0,0.0,1.15760782286143e-14
6,1,10,-0.2371801338383801,0.045170572136065026,0.07572709164395114,0,0.0,0.0
6,1,11,-0.2371801338383801,0.045170572136065026,0.08291383587238624,0,0.0,0.0
6,1,12,-0.2371801338383801,0.045170572136065026,0.09010058010082131,0,0.0,0.0
6,1,13,-0.2371801338383801,0.045170572136065026,0.09728732432925638,0,0.0,0.0
6,1,14,-0.2371801338383801,0.045170572136065026,0.10447406855769147,0,0.0,0.0
6,1,15,-0.2371801338383801,0.045170572136065026,0.11166081278612655,0,0.0,0.0
6,1,16,-0.2371801338383801,0.045170572136065026,0.11884755701456162,0,0.0,0.0
6,1,17,-0.2371801338383801,0.045170572136065026,0.12603430124299672,0,0.0,0.0
6,1,18,-0.2371801338383801,0.045170572136065026,0.1332210454714318,0,0.0,0.0
6,1,19,-0.2371801338383801,0.045170572136065026,0.14040778969986686,0,0.0,0.0
6,2,0,-0.2371801338383801,0.06109581913611459,0.0038596493596003397,0,0.0,1.4354529088946865e-06
6,2,1,-0.2371801338383801,0.06109581913611459,0.01104639358803542,0,0.0,2.352287076880291e-06
6,2,2,-0.2371801338383801,0.06109581913611459,0.0182331378164705,0,0.0,1.7926187450860555e-06
6,2,3,-0.2371801338383801,0.06109581913611459,0.02541988204490558,0,0.0,6.975495819405587e-07
6,2,4,-0.2371801338383801,0.06109581913611459,0.032606626273340655,0,0.0,1.7769516095608005e-07
6,2,5,-0.2371801338383801,0.06109581913611459,0.03979337050177574,0,0.0,4.3540070231203745e-08
6,2,6,-0.2371801338383801,0.06109581913611459,0.046980114730210826,0,0.0,8.11142762977018e-09
6,2,7,-0.2371801338383801,0.06109581913611459,0.0541668589586459,0,0.0,7.64196935195801e-10
6,2,8,-0.2371801338383801,0.06109581913611459,0.06135360318708098,0,0.0,3.4521677996181424e-11
6,2,9,-0.2371801338383801,0.06109581913611459,0.06854034741551607,0,0.0,6.776732814413971e-13
6,2,10,-0.2371801338383801,0.06109581913611459,0.07572709164395114,0,0.0,1.1576078228614303e-14
6,2,11,-0.2371801338383801,0.06109581913611459,0.08291383587238624,0,0.0,3.495672727962196e-16
6,2,12,-0.2371801338383801,0.06109581913611459,0.09010058010082131,0,0.0,0.0
6,2,13,-0.2371801338383801,0.06109581913611459,0.09728732432925638,0,0.0,0.0
6,2,14,-0.2371801338383801,0.06109581913611459,0.10447406855769147,0,0.0,0.0
6,2,15,-0.2371801338383801,0.06109581913611459,0.11166081278612655,0,0.0,0.0
6,2,16,-0.2371801338383801,0.06109581913611459,0.11884755701456162,0,0.0,0.0
6,2,17,-0.2371801338383801,0.06109581913611459,0.12603430124299672,0,0.0,0.0
6,2,18,-0.2371801338383801,0.06109581913611459,0.1332210454714318,0,0.0,0.0
6,2,19,-0.2371801338383801,0.06109581913611459,0.14040778969986686,0,0.0,0.0
6,3,0,-0.2371801338383801,0.07702106613616413,0.0038596493596003397,0,0.0,1.0941420548132076e-05
6,3,1,-0.2371801338383801,0.07702106613616413,0.01104639358803542,0,0.0,1.7036040532043024e-05
6,3,2,-0.2371801338383801,0.07702106613616413,0.0182331378164705,0,0.0,1.3840524693279403e-05
6,3,3,-0.2371801338383801,0.07702106613616413,0.02541988204490558,0,0.0,6.095541652213066e-06
6,3,4,-0.2371801338383801,0.07702106613616413,0.032606626273340655,0,0.0,1.7471826487434314e-06
6,3,5,-0.2371801338383801,0.07702106613616413,0.03979337050177574,0,0.0,4.660479943875121e-07
6,3,6,-0.2371801338383801,0.07702106613616413,0.046980114730210826,0,0.0,9.463961879645506e-08
6,3,7,-0.2371801338383801,0.07702106613616413,0.0541668589586459,0,0.0,1.0228449691282129e-08
6,3,8,-0.2371801338383801,0.07702106613616413,0.06135360318708098,0,0.0,5.597825687837748e-10
6,3,9,-0.2371801338383801,0.07702106613616413,0.06854034741551607,0,0.0,1.6100057949145694e-11
6,3,10,-0.2371801338383801,0.07702106613616413,0.07572709164395114,0,0.0,3.956222752239477e-13
6,3,11,-0.2371801338383801,0.07702106613616413,0.08291383587238624,0,0.0,1.15760782286143e-14
6,3,12,-0.2371801338383801,0.07702106613616413,0.09010058010082131,0,0.0,0.0
6,3,13,-0.2371801338383801,0.07702106613616413,0.09728732432925638,0,0.0,0.0
6,3,14,-0.2371801338383801,0.07702106613616413,0.10447406855769147,0,0.0,0.0
6,3,15,-0.2371801338383801,0.07702106613616413,0.11166081278612655,0,0.0,0.0
6,3,16,-0.2371801338383801,0.07702106613616413,0.11884755701456162,0,0.0,0.0
6,3,17,-0.2371801338383801,0.07702106613616413,0.12603430124299672,0,0.0,0.0
6,3,18,-0.2371801338383801,0.07702106613616413,0.1332210454714318,0,0.0,0.0
6,3,19,-0.2371801338383801,0.07702106613616413,0.14040778969986686,0,0.0,0.0
6,4,0,-0.2371801338383801,0.09294631313621368,0.0038596493596003397,0,0.0,5.7715685429188904e-05
6,4,1,-0.2371801338383801,0.09294631313621368,0.01104639358803542,0,0.0,7.80186159501214e-05
6,4,2,-0.2371801338383801,0.09294631313621368,0.0182331378164705,0,0.0,6.180475904468349e-05
6,4,3,-0.2371801338383801,0.09294631313621368,0.02541988204490558,0,0.0,2.9716192004017792e-05
6,4,4,-0.2371801338383801,0.09294631313621368,0.032606626273340655,0,0.0,1.0401543026044736e-05
6,4,5,-0.2371801338383801,0.09294631313621368,0.03979337050177574,0,0.0,3.3547822311944746e-06
6,4,6,-0.2371801338383801,0.09294631313621368,0.046980114730210826,0,0.0,7.66068009630865e-07
6,4,7,-0.2371801338383801,0.09294631313621368,0.0541668589586459,0,0.0,1.0076996847044106e-07
6,4,8,-0.2371801338383801,0.09294631313621368,0.06135360318708098,0,0.0,1.2460903580180252e-08
6,4,9,-0.2371801338383801,0.09294631313621368,0.06854034741551607,0,0.0,3.5166820801003176e-09
6,4,10,-0.2371801338383801,0.09294631313621368,0.07572709164395114,0,0.0,1.1885266741707095e-09
6,4,11,-0.2371801338383801,0.09294631313621368,0.08291383587238624,0,0.0,3.5531956673184623e-10
6,4,12,-0.2371801338383801,0.09294631313621368,0.09010058010082131,0,0.0,6.378582394306624e-11
6,4,13,-0.2371801338383801,0.09294631313621368,0.09728732432925638,0,0.0,4.975326435822066e-12
6,4,14,-0.2371801338383801,0.09294631313621368,0.10447406855769147,0,0.0,1.5295114861013523e-13
6,4,15,-0.2371801338383801,0.09294631313621368,0.11166081278612655,0,0.0,3.495672727962196e-16
6,4,16,-0.2371801338383801,0.09294631313621368,0.11884755701456162,0,0.0,0.0
6,4,17,-0.2371801338383801,0.09294631313621368,0.12603430124299672,0,0.0,0.0
6,4,18,-0.2371801338383801,0.09294631313621368,0.1332210454714318,0,0.0,0.0
6,4,19,-0.2371801338383801,0.09294631313621368,0.14040778969986686,0,0.0,0.0
6,5,0,-0.2371801338383801,0.10887156013626324,0.0038596493596003397,0,0.0,0.0002166473635635084
6,5,1,-0.2371801338383801,0.10887156013626324,0.01104639358803542,0,0.0,0.00025772979193967215
6,5,2,-0.2371801338383801,0.10887156013626324,0.0182331378164705,3,0.0003,0.00018375202366234555
6,5,3,-0.2371801338383801,0.10887156013626324,0.02541988204490558,0,0.0,8.92859839749975e-05
6,5,4,-0.2371801338383801,0.10887156013626324,0.032606626273340655,0,0.0,3.691707998188701e-05
6,5,5,-0.2371801338383801,0.10887156013626324,0.03979337050177574,0,0.0,1.4172394398574535e-05
6,5,6,-0.2371801338383801,0.10887156013626324,0.046980114730210826,0,0.0,3.888154928697056e-06
6,5,7,-0.2371801338383801,0.10887156013626324,0.0541668589586459,0,0.0,7.951929622146363e-07
6,5,8,-0.2371801338383801,0.10887156013626324,0.06135360318708098,0,0.0,2.6553236075840123e-07
6,5,9,-0.2371801338383801,0.10887156013626324,0.06854034741551607,0,0.0,1.1736751908130505e-07
6,5,10,-0.2371801338383801,0.10887156013626324,0.07572709164395114,0,0.0,4.37578208772446e-08
6,5,11,-0.2371801338383801,0.10887156013626324,0.08291383587238624,0,0.0,1.40259451117715e-08
6,5,12,-0.2371801338383801,0.10887156013626324,0.09010058010082131,0,0.0,2.5969857591638704e-09
6,5,13,-0.2371801338383801,0.10887156013626324,0.09728732432925638,0,0.0,2.0412543950765566e-10
6,5,14,-0.2371801338383801,0.10887156013626324,0.10447406855769147,0,0.0,6.248816405330345e-12
6,5,15,-0.2371801338383801,0.10887156013626324,0.11166081278612655,0,0.0,1.15760782286143e-14
6,5,16,-0.2371801338383801,0.10887156013626324,0.11884755701456162,0,0.0,0.0
6,5,17,-0.2371801338383801,0.10887156013626324,0.12603430124299672,0,0.0,0.0
6,5,18,-0.2371801338383801,0.10887156013626324,0.1332210454714318,0,0.0,0.0
6,5,19,-0.2371801338383801,0.10887156013626324,0.14040778969986686,0,0.0,0.0
6,6,0,-0.2371801338383801,0.1247968071363128,0.0038596493596003397,4,0.0004,0.0005095600321936873
6,6,1,-0.2371801338383801,0.1247968071363128,0.01104639358803542,2,0.0002,0.0006004592003234369
6,6,2,-0.2371801338383801,0.1247968071363128,0.0182331378164705,1,0.0001,0.0004186657422827616
6,6,3,-0.2371801338383801,0.1247968071363128,0.02541988204490558,1,0.0001,0.0002016996306324339
6,6,4,-0.2371801338383801,0.1247968071363128,0.032606626273340655,2,0.0002,8.533277392884967e-05
6,6,5,-0.2371801338383801,0.1247968071363128,0.03979337050177574,0,0.0,3.6704712656554056e-05
6,6,6,-0.2371801338383801,0.1247968071363128,0.046980114730210826,0,0.0,1.3599710282483759e-05
6,6,7,-0.2371801338383801,0.1247968071363128,0.0541668589586459,0,0.0,5.283163548599508e-06
6,6,8,-0.2371801338383801,0.1247968071363128,0.06135360318708098,0,0.0,3.1032803077730046e-06
6,6,9,-0.2371801338383801,0.1247968071363128,0.06854034741551607,0,0.0,1.5574226550645408e-06
6,6,10,-0.2371801338383801,0.1247968071363128,0.07572709164395114,0,0.0,6.351118984014146e-07
6,6,11,-0.2371801338383801,0.1247968071363128,0.08291383587238624,0,0.0,2.2221339720818883e-07
6,6,12,-0.2371801338383801,0.1247968071363128,0.09010058010082131,0,0.0,4.3311747966009934e-08
6,6,13,-0.2371801338383801,0.1247968071363128,0.09728732432925638,0,0.0,3.6033084220113315e-09
6,6,14,-0.2371801338383801,0.1247968071363128,0.10447406855769147,0,0.0,1.237591152077025e-10
6,6,15,-0.2371801338383801,0.1247968071363128,0.11166081278612655,0,0.0,8.193622719444801e-13
6,6,16,-0.2371801338383801,0.1247968071363128,0.11884755701456162,0,0.0,3.495672727962196e-16
6,6,17,-0.2371801338383801,0.1247968071363128,0.12603430124299672,0,0.0,0.0
6,6,18,-0.2371801338383801,0.1247968071363128,0.1332210454714318,0,0.0,0.0
6,6,19,-0.2371801338383801,0.1247968071363128,0.14040778969986686,0,0.0,0.0
6,7,0,-0.2371801338383801,0.14072205413636235,0.0038596493596003397,6,0.0006,0.0007624615898839418
6,7,1,-0.2371801338383801,0.14072205413636235,0.01104639358803542,7,0.0007,0.0009976417338787703
6,7,2,-0.2371801338383801,0.14072205413636235,0.0182331378164705,1,0.0001,0.0007874093851408558
6,7,3,-0.2371801338383801,0.14072205413636235,0.02541988204490558,0,0.0,0.00041646150383192065
6,7,4,-0.2371801338383801,0.14072205413636235,0.032606626273340655,0,0.0,0.0001779952717909278
6,7,5,-0.2371801338383801,0.14072205413636235,0.03979337050177574,0,0.0,8.063064547208119e-05
6,7,6,-0.2371801338383801,0.14072205413636235,0.046980114730210826,0,0.0,3.784019576958157e-05
6,7,7,-0.2371801338383801,0.14072205413636235,0.0541668589586459,0,0.0,2.212323825780333e-05
6,7,8,-0.2371801338383801,0.14072205413636235,0.06135360318708098,0,0.0,1.6019687586272824e-05
6,7,9,-0.2371801338383801,0.14072205413636235,0.06854034741551607,0,0.0,8.839408076354032e-06
6,7,10,-0.2371801338383801,0.14072205413636235,0.07572709164395114,0,0.0,4.2151156862192156e-06
6,7,11,-0.2371801338383801,0.14072205413636235,0.08291383587238624,0,0.0,1.6881444579293779e-06
6,7,12,-0.2371801338383801,0.14072205413636235,0.09010058010082131,0,0.0,3.6182482430231466e-07
6,7,13,-0.2371801338383801,0.14072205413636235,0.09728732432925638,0,0.0,3.486138467700046e-08
6,7,14,-0.2371801338383801,0.14072205413636235,0.10447406855769147,0,0.0,1.957907752322943e-09
6,7,15,-0.2371801338383801,0.14072205413636235,0.11166081278612655,0,0.0,5.381091137528727e-10
6,7,16,-0.2371801338383801,0.14072205413636235,0.11884755701456162,0,0.0,1.2205884287762515e-09
6,7,17,-0.2371801338383801,0.14072205413636235,0.12603430124299672,0,0.0,1.923240123675548e-09
6,7,18,-0.2371801338383801,0.14072205413636235,0.1332210454714318,0,0.0,1.1638125535520442e-09
6,7,19,-0.2371801338383801,0.14072205413636235,0.14040778969986686,0,0.0,2.59650214413727e-10
6,8,0,-0.2371801338383801,0.1566473011364119,0.0038596493596003397,8,0.0008,0.0007873456263621355
6,8,1,-0.2371801338383801,0.1566473011364119,0.01104639358803542,14,0.0014,0.0012054557922493623
6,8,2,-0.2371801338383801,0.1566473011364119,0.0182331378164705,19,0.0019,0.0011285214747468468
6,8,3,-0.2371801338383801,0.1566473011364119,0.02541988204490558,4,0.0004,0.0006958382008678077
6,8,4,-0.2371801338383801,0.1566473011364119,0.032606626273340655,2,0.0002,0.00033055394074282064
6,8,5,-0.2371801338383801,0.1566473011364119,0.03979337050177574,2,0.0002,0.00015349315891227005
6,8,6,-0.2371801338383801,0.1566473011364119,0.046980114730210826,0,0.0,7.607020240587304e-05
6,8,7,-0.2371801338383801,0.1566473011364119,0.0541668589586459,1,0.0001,5.100289342682552e-05
6,8,8,-0.2371801338383801,0.1566473011364119,0.06135360318708098,1,0.0001,4.0330027245121607e-05
6,8,9,-0.2371801338383801,0.1566473011364119,0.06854034741551607,0,0.0,2.5512090599212576e-05
6,8,10,-0.2371801338383801,0.1566473011364119,0.07572709164395114,0,0.0,1.4794866186564929e-05
6,8,11,-0.2371801338383801,0.1566473011364119,0.08291383587238624,0,0.0,6.814114697849601e-06
6,8,12,-0.2371801338383801,0.1566473011364119,0.09010058010082131,0,0.0,1.7112330000590664e-06
6,8,13,-0.2371801338383801,0.1566473011364119,0.09728732432925638,0,0.0,2.2611285323000354e-07
6,8,14,-0.2371801338383801,0.1566473011364119,0.10447406855769147,0,0.0,3.335890115274686e-08
6,8,15,-0.2371801338383801,0.1566473011364119,0.11166081278612655,0,0.0,1.985125224617047e-08
6,8,16,-0.2371801338383801,0.1566473011364119,0.11884755701456162,0,0.0,4.0920014298779486e-08
6,8,17,-0.2371801338383801,0.1566473011364119,0.12603430124299672,0,0.0,6.374566782880353e-08
6,8,18,-0.2371801338383801,0.1566473011364119,0.1332210454714318,0,0.0,3.8545890874702745e-08
6,8,19,-0.2371801338383801,0.1566473011364119,0.14040778969986686,0,0.0,8.598817548544387e-09
6,9,0,-0.2371801338383801,0.17257254813646145,0.0038596493596003397,2,0.0002,0.0005835880938965483
6,9,1,-0.2371801338383801,0.17257254813646145,0.01104639358803542,10,0.001,0.0010248233859291253
6,9,2,-0.2371801338383801,0.17257254813646145,0.0182331378164705,11,0.0011,0.001099546233771676
6,9,3,-0.2371801338383801,0.17257254813646145,0.02541988204490558,10,0.001,0.0007766595675436025
6,9,4,-0.2371801338383801,0.17257254813646145,0.032606626273340655,3,0.0003,0.0004190582318258449
6,9,5,-0.2371801338383801,0.17257254813646145,0.03979337050177574,1,0.0001,0.0002045427557507471
6,9,6,-0.2371801338383801,0.17257254813646145,0.046980114730210826,0,0.0,0.00010759859603621592
6,9,7,-0.2371801338383801,0.17257254813646145,0.0541668589586459,1,0.0001,7.84669314397999e-05
6,9,8,-0.2371801338383801,0.17257254813646145,0.06135360318708098,1,0.0001,6.545149075074426e-05
6,9,9,-0.2371801338383801,0.17257254813646145,0.06854034741551607,0,0.0,4.721050097011117e-05
6,9,10,-0.2371801338383801,0.17257254813646145,0.07572709164395114,1,0.0001,3.0707641727697575e-05
6,9,11,-0.2371801338383801,0.17257254813646145,0.08291383587238624,0,0.0,1.5648978293168625e-05
6,9,12,-0.2371801338383801,0.17257254813646145,0.09010058010082131,0,0.0,5.01932149553194e-06
6,9,13,-0.2371801338383801,0.17257254813646145,0.09728732432925638,0,0.0,1.1880784227850473e-06
6,9,14,-0.2371801338383801,0.17257254813646145,0.10447406855769147,0,0.0,4.5663903783221696e-07
6,9,15,-0.2371801338383801,0.17257254813646145,0.11166081278612655,0,0.0,2.988489979165754e-07
6,9,16,-0.2371801338383801,0.17257254813646145,0.11884755701456162,0,0.0,5.126959418124168e-07
6,9,17,-0.2371801338383801,0.17257254813646145,0.12603430124299672,0,0.0,7.792219550386688e-07
6,9,18,-0.2371801338383801,0.17257254813646145,0.1332210454714318,0,0.0,4.6998223958632843e-07
6,9,19,-0.2371801338383801,0.17257254813646145,0.14040778969986686,0,0.0,1.0478462951517626e-07
6,10,0,-0.2371801338383801,0.188497795136511,0.0038596493596003397,0,0.0,0.0003045070666544801
6,10,1,-0.2371801338383801,0.188497795136511,0.01104639358803542,1,0.0001,0.0005877029347865102
6,10,2,-0.2371801338383801,0.188497795136511,0.0182331378164705,2,0.0002,0.0006969080774336736
6,10,3,-0.2371801338383801,0.188497795136511,0.02541988204490558,1,0.0001,0.000548313742635514
6,10,4,-0.2371801338383801,0.188497795136511,0.032606626273340655,1,0.0001,0.00033342253699575455
6,10,5,-0.2371801338383801,0.188497795136511,0.03979337050177574,0,0.0,0.00018198679986850504
6,10,6,-0.2371801338383801,0.188497795136511,0.046980114730210826,2,0.0002,0.00011696893423769936
6,10,7,-0.2371801338383801,0.188497795136511,0.0541668589586459,1,0.0001,0.00010071229102678272
6,10,8,-0.2371801338383801,0.188497795136511,0.06135360318708098,0,0.0,8.701591885103658e-05
6,10,9,-0.2371801338383801,0.188497795136511,0.06854034741551607,1,0.0001,6.40280104935727e-05
6,10,10,-0.2371801338383801,0.188497795136511,0.07572709164395114,0,0.0,4.221750619300462e-05
6,10,11,-0.2371801338383801,0.188497795136511,0.08291383587238624,0,0.0,2.512166961252532e-05
6,10,12,-0.2371801338383801,0.188497795136511,0.09010058010082131,0,0.0,1.299668283280437e-05
6,10,13,-0.2371801338383801,0.188497795136511,0.09728732432925638,0,0.0,6.673709513427206e-06
6,10,14,-0.2371801338383801,0.188497795136511,0.10447406855769147,0,0.0,3.867129494655087e-06
6,10,15,-0.2371801338383801,0.188497795136511,0.11166081278612655,0,0.0,2.165812141794172e-06
6,10,16,-0.2371801338383801,0.188497795136511,0.11884755701456162,0,0.0,2.536478009250571e-06
6,10,17,-0.2371801338383801,0.188497795136511,0.12603430124299672,0,0.0,3.5509811125353863e-06
6,10,18,-0.2371801338383801,0.188497795136511,0.1332210454714318,0,0.0,2.116457579299439e-06
6,10,19,-0.2371801338383801,0.188497795136511,0.14040778969986686,0,0.0,4.704235043145206e-07
6,11,0,-0.2371801338383801,0.20442304213656057,0.0038596493596003397,0,0.0,0.000112202221543996
6,11,1,-0.2371801338383801,0.20442304213656057,0.01104639358803542,0,0.0,0.0002283685627011755
6,11,2,-0.2371801338383801,0.20442304213656057,0.0182331378164705,0,0.0,0.00028816506703724674
6,11,3,-0.2371801338383801,0.20442304213656057,0.02541988204490558,0,0.0,0.0002446769959467264
6,11,4,-0.2371801338383801,0.20442304213656057,0.032606626273340655,0,0.0,0.00016984768403461588
6,11,5,-0.2371801338383801,0.20442304213656057,0.03979337050177574,1,0.0001,0.00011425291369346086
6,11,6,-0.2371801338383801,0.20442304213656057,0.046980114730210826,1,0.0001,9.645732794532533e-05
6,11,7,-0.2371801338383801,0.20442304213656057,0.0541668589586459,3,0.0003,9.67290843227215e-05
6,11,8,-0.2371801338383801,0.20442304213656057,0.06135360318708098,2,0.0002,8.677260525545039e-05
6,11,9,-0.2371801338383801,0.20442304213656057,0.06854034741551607,0,0.0,6.591896774731635e-05
6,11,10,-0.2371801338383801,0.20442304213656057,0.07572709164395114,0,0.0,5.107600732817815e-05
6,11,11,-0.2371801338383801,0.20442304213656057,0.08291383587238624,0,0.0,4.412339361945984e-05
6,11,12,-0.2371801338383801,0.20442304213656057,0.09010058010082131,0,0.0,3.7076752762321276e-05
6,11,13,-0.2371801338383801,0.20442304213656057,0.09728732432925638,0,0.0,2.6747979432847766e-05
6,11,14,-0.2371801338383801,0.20442304213656057,0.10447406855769147,0,0.0,1.695698044363223e-05
6,11,15,-0.2371801338383801,0.20442304213656057,0.11166081278612655,0,0.0,8.828788650744149e-06
6,11,16,-0.2371801338383801,0.20442304213656057,0.11884755701456162,0,0.0,6.197723559984643e-06
6,11,17,-0.2371801338383801,0.20442304213656057,0.12603430124299672,0,0.0,6.510768348878969e-06
6,11,18,-0.2371801338383801,0.20442304213656057,0.1332210454714318,0,0.0,3.61792947657372e-06
6,11,19,-0.2371801338383801,0.20442304213656057,0.14040778969986686,0,0.0,7.896910531106078e-07
6,12,0,-0.2371801338383801,0.22034828913661011,0.0038596493596003397,0,0.0,2.9916998808345964e-05
6,12,1,-0.2371801338383801,0.22034828913661011,0.01104639358803542,0,0.0,6.135714608191677e-05
6,12,2,-0.2371801338383801,0.22034828913661011,0.0182331378164705,0,0.0,7.886162259846014e-05
6,12,3,-0.2371801338383801,0.22034828913661011,0.02541988204490558,0,0.0,7.188282717243454e-05
6,12,4,-0.2371801338383801,0.22034828913661011,0.032606626273340655,1,0.0001,6.074199490908178e-05
6,12,5,-0.2371801338383801,0.22034828913661011,0.03979337050177574,0,0.0,5.29644881717815e-05
6,12,6,-0.2371801338383801,0.22034828913661011,0.046980114730210826,1,0.0001,5.324363560207978e-05
6,12,7,-0.2371801338383801,0.22034828913661011,0.0541668589586459,0,0.0,5.579435989068493e-05
6,12,8,-0.2371801338383801,0.22034828913661011,0.06135360318708098,0,0.0,5.496638413668823e-05
6,12,9,-0.2371801338383801,0.22034828913661011,0.06854034741551607,1,0.0001,5.506328938468255e-05
6,12,10,-0.2371801338383801,0.22034828913661011,0.07572709164395114,0,0.0,6.226197415103406e-05
6,12,11,-0.2371801338383801,0.22034828913661011,0.08291383587238624,0,0.0,6.954667607108117e-05
6,12,12,-0.2371801338383801,0.22034828913661011,0.09010058010082131,0,0.0,6.659791295179542e-05
6,12,13,-0.2371801338383801,0.22034828913661011,0.09728732432925638,0,0.0,5.268545354977149e-05
6,12,14,-0.2371801338383801,0.22034828913661011,0.10447406855769147,1,0.0001,3.755698127067221e-05
6,12,15,-0.2371801338383801,0.22034828913661011,0.11166081278612655,0,0.0,2.20573769219779e-05
6,12,16,-0.2371801338383801,0.22034828913661011,0.11884755701456162,0,0.0,1.2300042807982298e-05
6,12,17,-0.2371801338383801,0.22034828913661011,0.12603430124299672,0,0.0,7.364892926878573e-06
6,12,18,-0.2371801338383801,0.22034828913661011,0.1332210454714318,0,0.0,2.983824842917311e-06
6,12,19,-0.2371801338383801,0.22034828913661011,0.14040778969986686,0,0.0,6.513373688721588e-07
6,13,0,-0.2371801338383801,0.2362735361366597,0.0038596493596003397,0,0.0,5.892345481490721e-06
6,13,1,-0.2371801338383801,0.2362735361366597,0.01104639358803542,0,0.0,1.1631928917716057e-05
6,13,2,-0.2371801338383801,0.2362735361366597,0.0182331378164705,0,0.0,1.4778629048662558e-05
6,13,3,-0.2371801338383801,0.2362735361366597,0.02541988204490558,0,0.0,1.5324581345623917e-05
6,13,4,-0.2371801338383801,0.2362735361366597,0.032606626273340655,0,0.0,1.6924341306183117e-05
6,13,5,-0.2371801338383801,0.2362735361366597,0.03979337050177574,0,0.0,1.8018700349218268e-05
6,13,6,-0.2371801338383801,0.2362735361366597,0.046980114730210826,0,0.0,1.8911764150841998e-05
6,13,7,-0.2371801338383801,0.2362735361366597,0.0541668589586459,0,0.0,2.0351294974693836e-05
6,13,8,-0.2371801338383801,0.2362735361366597,0.06135360318708098,0,0.0,2.5655340259640922e-05
6,13,9,-0.2371801338383801,0.2362735361366597,0.06854034741551607,0,0.0,3.85410539943494e-05
6,13,10,-0.2371801338383801,0.2362735361366597,0.07572709164395114,0,0.0,5.652696713256836e-05
6,13,11,-0.2371801338383801,0.2362735361366597,0.08291383587238624,0,0.0,6.684250571301145e-05
6,13,12,-0.2371801338383801,0.2362735361366597,0.09010058010082131,0,0.0,6.310851569677759e-05
6,13,13,-0.2371801338383801,0.2362735361366597,0.09728732432925638,0,0.0,5.391691993318532e-05
6,13,14,-0.2371801338383801,0.2362735361366597,0.10447406855769147,1,0.0001,4.671400451908226e-05
6,13,15,-0.2371801338383801,0.2362735361366597,0.11166081278612655,0,0.0,3.3581838810990376e-05
6,13,16,-0.2371801338383801,0.2362735361366597,0.11884755701456162,0,0.0,2.0968744929750605e-05
6,13,17,-0.2371801338383801,0.2362735361366597,0.12603430124299672,0,0.0,1.022759637447777e-05
6,13,18,-0.2371801338383801,0.2362735361366597,0.1332210454714318,0,0.0,3.413002615807218e-06
6,13,19,-0.2371801338383801,0.2362735361366597,0.14040778969986686,0,0.0,1.598908674002046e-06
6,14,0,-0.2371801338383801,0.25219878313670924,0.0038596493596003397,0,0.0,1.4930101936021413e-06
6,14,1,-0.2371801338383801,0.25219878313670924,0.01104639358803542,0,0.0,2.611028371912557e-06
6,14,2,-0.2371801338383801,0.25219878313670924,0.0182331378164705,0,0.0,2.5901350560500894e-06
6,14,3,-0.2371801338383801,0.25219878313670924,0.02541988204490558,0,0.0,2.5333521584789735e-06
6,14,4,-0.2371801338383801,0.25219878313670924,0.032606626273340655,0,0.0,3.4421122145516007e-06
6,14,5,-0.2371801338383801,0.25219878313670924,0.03979337050177574,0,0.0,4.3469651240004804e-06
6,14,6,-0.2371801338383801,0.25219878313670924,0.046980114730210826,0,0.0,5.072598185009251e-06
6,14,7,-0.2371801338383801,0.25219878313670924,0.0541668589586459,0,0.0,7.018168707831241e-06
6,14,8,-0.2371801338383801,0.25219878313670924,0.06135360318708098,0,0.0,1.1748527263669927e-05
6,14,9,-0.2371801338383801,0.25219878313670924,0.06854034741551607,0,0.0,2.0956044874577494e-05
6,14,10,-0.2371801338383801,0.25219878313670924,0.07572709164395114,0,0.0,3.38683212313557e-05
6,14,11,-0.2371801338383801,0.25219878313670924,0.08291383587238624,0,0.0,4.185459151602979e-05
6,14,12,-0.2371801338383801,0.25219878313670924,0.09010058010082131,0,0.0,3.9065723158795575e-05
6,14,13,-0.2371801338383801,0.25219878313670924,0.09728732432925638,0,0.0,3.629578659724346e-05
6,14,14,-0.2371801338383801,0.25219878313670924,0.10447406855769147,0,0.0,3.7347965892145265e-05
6,14,15,-0.2371801338383801,0.25219878313670924,0.11166081278612655,0,0.0,3.0345535874454865e-05
6,14,16,-0.2371801338383801,0.25219878313670924,0.11884755701456162,1,0.0001,2.1427394446701437e-05
6,14,17,-0.2371801338383801,0.25219878313670924,0.12603430124299672,0,0.0,1.1663734373758163e-05
6,14,18,-0.2371801338383801,0.25219878313670924,0.1332210454714318,0,0.0,6.2646929295353236e-06
6,14,19,-0.2371801338383801,0.25219878313670924,0.14040778969986686,0,0.0,5.975378382648141e-06
6,15,0,-0.2371801338383801,0.2681240301367588,0.0038596493596003397,0,0.0,5.678772666432455e-07
6,15,1,-0.2371801338383801,0.2681240301367588,0.01104639358803542,0,0.0,9.862386537929326e-07
6,15,2,-0.2371801338383801,0.2681240301367588,0.0182331378164705,0,0.0,7.72224569752874e-07
6,15,3,-0.2371801338383801,0.2681240301367588,0.02541988204490558,0,0.0,4.3035570975616886e-07
6,15,4,-0.2371801338383801,0.2681240301367588,0.032606626273340655,0,0.0,4.672349142076976e-07
6,15,5,-0.2371801338383801,0.2681240301367588,0.03979337050177574,0,0.0,7.187234016509185e-07
6,15,6,-0.2371801338383801,0.2681240301367588,0.046980114730210826,0,0.0,1.208532104046557e-06
6,15,7,-0.2371801338383801,0.2681240301367588,0.0541668589586459,0,0.0,2.3709606362312554e-06
6,15,8,-0.2371801338383801,0.2681240301367588,0.06135360318708098,0,0.0,4.576289802234343e-06
6,15,9,-0.2371801338383801,0.2681240301367588,0.06854034741551607,0,0.0,8.404102628020514e-06
6,15,10,-0.2371801338383801,0.2681240301367588,0.07572709164395114,0,0.0,1.459742847883747e-05
6,15,11,-0.2371801338383801,0.2681240301367588,0.08291383587238624,0,0.0,1.997753558794707e-05
6,15,12,-0.2371801338383801,0.2681240301367588,0.09010058010082131,0,0.0,1.9436881566943697e-05
6,15,13,-0.2371801338383801,0.2681240301367588,0.09728732432925638,0,0.0,1.9518125971292125e-05
6,15,14,-0.2371801338383801,0.2681240301367588,0.10447406855769147,0,0.0,2.0929908957897095e-05
6,15,15,-0.2371801338383801,0.2681240301367588,0.11166081278612655,0,0.0,1.6238159855677055e-05
6,15,16,-0.2371801338383801,0.2681240301367588,0.11884755701456162,0,0.0,1.1394182538148914e-05
6,15,17,-0.2371801338383801,0.2681240301367588,0.12603430124299672,0,0.0,7.580162569254385e-06
6,15,18,-0.2371801338383801,0.2681240301367588,0.1332210454714318,0,0.0,7.566449636607113e-06
6,15,19,-0.2371801338383801,0.2681240301367588,0.14040778969986686,1,0.0001,9.557864926955698e-06
6,16,0,-0.2371801338383801,0.2840492771368084,0.0038596493596003397,0,0.0,1.4096582670620773e-07
6,16,1,-0.2371801338383801,0.2840492771368084,0.01104639358803542,0,0.0,3.152976380062099e-07
6,16,2,-0.2371801338383801,0.2840492771368084,0.0182331378164705,0,0.0,3.35538372758795e-07
6,16,3,-0.2371801338383801,0.2840492771368084,0.02541988204490558,0,0.0,1.7660168710733645e-07
6,16,4,-0.2371801338383801,0.2840492771368084,0.032606626273340655,0,0.0,7.230607950622288e-08
6,16,5,-0.2371801338383801,0.2840492771368084,0.03979337050177574,0,0.0,8.622897989965247e-08
6,16,6,-0.2371801338383801,0.2840492771368084,0.046980114730210826,0,0.0,2.0558039203506024e-07
6,16,7,-0.2371801338383801,0.2840492771368084,0.0541668589586459,0,0.0,5.090385873907957e-07
6,16,8,-0.2371801338383801,0.2840492771368084,0.06135360318708098,0,0.0,1.1757405344904807e-06
6,16,9,-0.2371801338383801,0.2840492771368084,0.06854034741551607,0,0.0,2.36367201626092e-06
6,16,10,-0.2371801338383801,0.2840492771368084,0.07572709164395114,0,0.0,4.584332558882286e-06
6,16,11,-0.2371801338383801,0.2840492771368084,0.08291383587238624,0,0.0,7.227052379926746e-06
6,16,12,-0.2371801338383801,0.2840492771368084,0.09010058010082131,0,0.0,8.20095092627264e-06
6,16,13,-0.2371801338383801,0.2840492771368084,0.09728732432925638,0,0.0,8.979460403849803e-06
6,16,14,-0.2371801338383801,0.2840492771368084,0.10447406855769147,0,0.0,8.499860890206158e-06
6,16,15,-0.2371801338383801,0.2840492771368084,0.11166081278612655,0,0.0,5.39951221719072e-06
6,16,16,-0.2371801338383801,0.2840492771368084,0.11884755701456162,0,0.0,3.5447511126542e-06
6,16,17,-0.2371801338383801,0.2840492771368084,0.12603430124299672,0,0.0,3.3557980930669176e-06
6,16,18,-0.2371801338383801,0.2840492771368084,0.1332210454714318,0,0.0,4.6073194294146624e-06
6,16,19,-0.2371801338383801,0.2840492771368084,0.14040778969986686,0,0.0,5.8827896885942644e-06
6,17,0,-0.2371801338383801,0.2999745241368579,0.0038596493596003397,0,0.0,2.682567086599351e-08
6,17,1,-0.2371801338383801,0.2999745241368579,0.01104639358803542,0,0.0,9.459654331364105e-08
6,17,2,-0.2371801338383801,0.2999745241368579,0.0182331378164705,0,0.0,1.411740984436866e-07
6,17,3,-0.2371801338383801,0.2999745241368579,0.02541988204490558,0,0.0,8.463600324154687e-08
6,17,4,-0.2371801338383801,0.2999745241368579,0.032606626273340655,0,0.0,2.380644002155647e-08
6,17,5,-0.2371801338383801,0.2999745241368579,0.03979337050177574,0,0.0,1.1882174025756589e-08
6,17,6,-0.2371801338383801,0.2999745241368579,0.046980114730210826,0,0.0,2.3696070337950107e-08
6,17,7,-0.2371801338383801,0.2999745241368579,0.0541668589586459,0,0.0,6.385251226886334e-08
6,17,8,-0.2371801338383801,0.2999745241368579,0.06135360318708098,0,0.0,1.7588003099426354e-07
6,17,9,-0.2371801338383801,0.2999745241368579,0.06854034741551607,0,0.0,3.8999051541164724e-07
6,17,10,-0.2371801338383801,0.2999745241368579,0.07572709164395114,0,0.0,8.688657179023208e-07
6,17,11,-0.2371801338383801,0.2999745241368579,0.08291383587238624,0,0.0,1.720922629413634e-06
6,17,12,-0.2371801338383801,0.2999745241368579,0.09010058010082131,0,0.0,2.592854831693246e-06
6,17,13,-0.2371801338383801,0.2999745241368579,0.09728732432925638,0,0.0,3.037280422731037e-06
6,17,14,-0.2371801338383801,0.2999745241368579,0.10447406855769147,0,0.0,2.3835918810210543e-06
6,17,15,-0.2371801338383801,0.2999745241368579,0.11166081278612655,0,0.0,1.2684024332270413e-06
6,17,16,-0.2371801338383801,0.2999745241368579,0.11884755701456162,0,0.0,9.97392709852074e-07
6,17,17,-0.2371801338383801,0.2999745241368579,0.12603430124299672,0,0.0,1.3230971188225325e-06
6,17,18,-0.2371801338383801,0.2999745241368579,0.1332210454714318,0,0.0,1.5152108969582184e-06
6,17,19,-0.2371801338383801,0.2999745241368579,0.14040778969986686,0,0.0,1.4820601081758602e-06
6,18,0,-0.2371801338383801,0.3158997711369075,0.0038596493596003397,0,0.0,4.378868650041319e-09
6,18,1,-0.2371801338383801,0.3158997711369075,0.01104639358803542,0,0.0,1.883243227651528e-08
6,18,2,-0.2371801338383801,0.3158997711369075,0.0182331378164705,0,0.0,3.0651170464125254e-08
6,18,3,-0.2371801338383801,0.3158997711369075,0.02541988204490558,0,0.0,1.8847560769559545e-08
6,18,4,-0.2371801338383801,0.3158997711369075,0.032606626273340655,0,0.0,5.033038794967926e-09
6,18,5,-0.2371801338383801,0.3158997711369075,0.03979337050177574,0,0.0,1.968547065186682e-09
6,18,6,-0.2371801338383801,0.3158997711369075,0.046980114730210826,0,0.0,3.394424011859774e-09
6,18,7,-0.2371801338383801,0.3158997711369075,0.0541668589586459,0,0.0,7.722763299605129e-09
6,18,8,-0.2371801338383801,0.3158997711369075,0.06135360318708098,0,0.0,1.7123994002470136e-08
6,18,9,-0.2371801338383801,0.3158997711369075,0.06854034741551607,0,0.0,3.559080860028708e-08
6,18,10,-0.2371801338383801,0.3158997711369075,0.07572709164395114,0,0.0,9.131775541510918e-08
6,18,11,-0.2371801338383801,0.3158997711369075,0.08291383587238624,0,0.0,2.371463223596368e-07
6,18,12,-0.2371801338383801,0.3158997711369075,0.09010058010082131,0,0.0,4.5458103881068543e-07
6,18,13,-0.2371801338383801,0.3158997711369075,0.09728732432925638,0,0.0,5.600926460561504e-07
6,18,14,-0.2371801338383801,0.3158997711369075,0.10447406855769147,0,0.0,4.3437225884220113e-07
6,18,15,-0.2371801338383801,0.3158997711369075,0.11166081278612655,0,0.0,2.9261516160088317e-07
6,18,16,-0.2371801338383801,0.3158997711369075,0.11884755701456162,0,0.0,3.274030725991484e-07
6,18,17,-0.2371801338383801,0.3158997711369075,0.12603430124299672,0,0.0,4.718794807469092e-07
6,18,18,-0.2371801338383801,0.3158997711369075,0.1332210454714318,0,0.0,4.334366904595368e-07
6,18,19,-0.2371801338383801,0.3158997711369075,0.14040778969986686,0,0.0,2.48601857342681e-07
6,19,0,-0.2371801338383801,0.331825018136957,0.0038596493596003397,0,0.0,3.719608939646514e-10
6,19,1,-0.2371801338383801,0.331825018136957,0.01104639358803542,0,0.0,1.6657638973284807e-09
6,19,2,-0.2371801338383801,0.331825018136957,0.0182331378164705,0,0.0,2.750762784887403e-09
6,19,3,-0.2371801338383801,0.331825018136957,0.02541988204490558,0,0.0,1.6940191396927533e-09
6,19,4,-0.2371801338383801,0.331825018136957,0.032606626273340655,0,0.0,4.443953555930352e-10
6,19,5,-0.2371801338383801,0.331825018136957,0.03979337050177574,0,0.0,1.9586225764277875e-10
6,19,6,-0.2371801338383801,0.331825018136957,0.046980114730210826,0,0.0,4.71279346257106e-10
6,19,7,-0.2371801338383801,0.331825018136957,0.0541668589586459,0,0.0,1.0692446181793195e-09
6,19,8,-0.2371801338383801,0.331825018136957,0.06135360318708098,0,0.0,1.7657521118560877e-09
6,19,9,-0.2371801338383801,0.331825018136957,0.06854034741551607,0,0.0,3.2600482115284687e-09
6,19,10,-0.2371801338383801,0.331825018136957,0.07572709164395114,0,0.0,7.758503941673626e-09
6,19,11,-0.2371801338383801,0.331825018136957,0.08291383587238624,0,0.0,1.8757042909832973e-08
6,19,12,-0.2371801338383801,0.331825018136957,0.09010058010082131,0,0.0,3.7392061989285855e-08
6,19,13,-0.2371801338383801,0.331825018136957,0.09728732432925638,0,0.0,5.329231147074804e-08
6,19,14,-0.2371801338383801,0.331825018136957,0.10447406855769147,0,0.0,6.914856105388326e-08
6,19,15,-0.2371801338383801,0.331825018136957,0.11166081278612655,0,0.0,8.861699533885958e-08
6,19,16,-0.2371801338383801,0.331825018136957,0.11884755701456162,0,0.0,1.0809022450164227e-07
6,19,17,-0.2371801338383801,0.331825018136957,0.12603430124299672,0,0.0,1.470580465105906e-07
6,19,18,-0.2371801338383801,0.331825018136957,0.1332210454714318,0,0.0,1.3391637017999928e-07
6,19,19,-0.2371801338383801,0.331825018136957,0.14040778969986686,0,0.0,6.164765095065e-08
7,0,0,-0.17008434168339193,0.029245325136015476,0.0038596493596003397,0,0.0,1.9773459312656942e-08
7,0,1,-0.17008434168339193,0.029245325136015476,0.01104639358803542,0,0.0,2.8644702619707764e-08
7,0,2,-0.17008434168339193,0.029245325136015476,0.0182331378164705,0,0.0,2.0232680713762934e-08
7,0,3,-0.17008434168339193,0.029245325136015476,0.02541988204490558,0,0.0,8.554673224740004e-09
7,0,4,-0.17008434168339193,0.029245325136015476,0.032606626273340655,0,0.0,3.0363176350106748e-09
7,0,5,-0.17008434168339193,0.029245325136015476,0.03979337050177574,0,0.0,8.659392836885432e-10
7,0,6,-0.17008434168339193,0.029245325136015476,0.046980114730210826,0,0.0,1.4106542624907444e-10
7,0,7,-0.17008434168339193,0.029245325136015476,0.0541668589586459,0,0.0,1.0382401650645106e-11
7,0,8,-0.17008434168339193,0.029245325136015476,0.06135360318708098,0,0.0,3.062518644930667e-13
7,0,9,-0.17008434168339193,0.029245325136015476,0.06854034741551607,0,0.0,6.991345455924392e-16
7,0,10,-0.17008434168339193,0.029245325136015476,0.07572709164395114,0,0.0,0.0
7,0,11,-0.17008434168339193,0.029245325136015476,0.08291383587238624,0,0.0,0.0
7,0,12,-0.17008434168339193,0.029245325136015476,0.09010058010082131,0,0.0,0.0
7,0,13,-0.17008434168339193,0.029245325136015476,0.09728732432925638,0,0.0,0.0
7,0,14,-0.17008434168339193,0.029245325136015476,0.10447406855769147,0,0.0,0.0
7,0,15,-0.17008434168339193,0.029245325136015476,0.11166081278612655,0,0.0,0.0
7,0,16,-0.17008434168339193,0.029245325136015476,0.11884755701456162,0,0.0,0.0
7,0,17,-0.17008434168339193,0.029245325136015476,0.12603430124299672,0,0.0,0.0
7,0,18,-0.17008434168339193,0.029245325136015476,0.1332210454714318,0,0.0,0.0
7,0,19,-0.17008434168339193,0.029245325136015476,0.14040778969986686,0,0.0,0.0
7,1,0,-0.17008434168339193,0.045170572136065026,0.0038596493596003397,0,0.0,5.241644924067418e-07
7,1,1,-0.17008434168339193,0.045170572136065026,0.01104639358803542,0,0.0,7.562801192156547e-07
7,1,2,-0.17008434168339193,0.045170572136065026,0.0182331378164705,0,0.0,5.326769296481108e-07
7,1,3,-0.17008434168339193,0.045170572136065026,0.02541988204490558,0,0.0,2.2271408435547573e-07
7,1,4,-0.17008434168339193,0.045170572136065026,0.032606626273340655,0,0.0,8.192409746334881e-08
7,1,5,-0.17008434168339193,0.045170572136065026,0.03979337050177574,0,0.0,2.639674612261683e-08
7,1,6,-0.17008434168339193,0.045170572136065026,0.046980114730210826,0,0.0,4.884245573730278e-09
7,1,7,-0.17008434168339193,0.045170572136065026,0.0541668589586459,0,0.0,4.1292593638060903e-10
7,1,8,-0.17008434168339193,0.045170572136065026,0.06135360318708098,0,0.0,1.5444523769494375e-11
7,1,9,-0.17008434168339193,0.045170572136065026,0.06854034741551607,0,0.0,1.641776595659533e-13
7,1,10,-0.17008434168339193,0.045170572136065026,0.07572709164395114,0,0.0,0.0
7,1,11,-0.17008434168339193,0.045170572136065026,0.08291383587238624,0,0.0,0.0
7,1,12,-0.17008434168339193,0.045170572136065026,0.09010058010082131,0,0.0,0.0
7,1,13,-0.17008434168339193,0.045170572136065026,0.09728732432925638,0,0.0,0.0
7,1,14,-0.17008434168339193,0.045170572136065026,0.10447406855769147,0,0.0,0.0
7,1,15,-0.17008434168339193,0.045170572136065026,0.11166081278612655,0,0.0,0.0
7,1,16,-0.17008434168339193,0.045170572136065026,0.11884755701456162,0,0.0,0.0
7,1,17,-0.17008434168339193,0.045170572136065026,0.12603430124299672,0,0.0,0.0
7,1,18,-0.17008434168339193,0.045170572136065026,0.1332210454714318,0,0.0,0.0
7,1,19,-0.17008434168339193,0.045170572136065026,0.14040778969986686,0,0.0,0.0
7,2,0,-0.17008434168339193,0.06109581913611459,0.0038596493596003397,0,0.0,6.51352234830401e-06
7,2,1,-0.17008434168339193,0.06109581913611459,0.01104639358803542,0,0.0,9.197506033886942e-06
7,2,2,-0.17008434168339193,0.06109581913611459,0.0182331378164705,0,0.0,6.496341915535931e-06
7,2,3,-0.17008434168339193,0.06109581913611459,0.02541988204490558,0,0.0,2.7255579707201216e-06
7,2,4,-0.17008434168339193,0.06109581913611459,0.032606626273340655,0,0.0,1.010407646235593e-06
7,2,5,-0.17008434168339193,0.06109581913611459,0.03979337050177574,0,0.0,3.4758976683548477e-07
7,2,6,-0.17008434168339193,0.06109581913611459,0.046980114730210826,0,0.0,7.118602045632487e-08
7,2,7,-0.17008434168339193,0.06109581913611459,0.0541668589586459,0,0.0,7.033206839657247e-09
7,2,8,-0.17008434168339193,0.06109581913611459,0.06135360318708098,0,0.0,3.486912314030568e-10
7,2,9,-0.17008434168339193,0.06109581913611459,0.06854034741551607,0,0.0,1.1461601723668148e-11
7,2,10,-0.17008434168339193,0.06109581913611459,0.07572709164395114,0,0.0,1.0153795183710392e-12
7,2,11,-0.17008434168339193,0.06109581913611459,0.08291383587238624,0,0.0,1.5260158133733902e-13
7,2,12,-0.17008434168339193,0.06109581913611459,0.09010058010082131,0,0.0,1.1576078228614303e-14
7,2,13,-0.17008434168339193,0.06109581913611459,0.09728732432925638,0,0.0,3.495672727962196e-16
7,2,14,-0.17008434168339193,0.06109581913611459,0.10447406855769147,0,0.0,0.0
7,2,15,-0.17008434168339193,0.06109581913611459,0.11166081278612655,0,0.0,0.0
7,2,16,-0.17008434168339193,0.06109581913611459,0.11884755701456162,0,0.0,0.0
7,2,17,-0.17008434168339193,0.06109581913611459,0.12603430124299672,0,0.0,0.0
7,2,18,-0.17008434168339193,0.06109581913611459,0.1332210454714318,0,0.0,0.0
7,2,19,-0.17008434168339193,0.06109581913611459,0.14040778969986686,0,0.0,0.0
7,3,0,-0.17008434168339193,0.07702106613616413,0.0038596493596003397,0,0.0,4.082295530422568e-05
7,3,1,-0.17008434168339193,0.07702106613616413,0.01104639358803542,0,0.0,5.4222535684783e-05
7,3,2,-0.17008434168339193,0.07702106613616413,0.0182331378164705,0,0.0,3.8170167982402486e-05
7,3,3,-0.17008434168339193,0.07702106613616413,0.02541988204490558,0,0.0,1.628558812217912e-05
7,3,4,-0.17008434168339193,0.07702106613616413,0.032606626273340655,0,0.0,6.012702160177454e-06
7,3,5,-0.17008434168339193,0.07702106613616413,0.03979337050177574,0,0.0,2.18799926860267e-06
7,3,6,-0.17008434168339193,0.07702106613616413,0.046980114730210826,0,0.0,5.175772151036649e-07
7,3,7,-0.17008434168339193,0.07702106613616413,0.0541668589586459,0,0.0,6.437694226353601e-08
7,3,8,-0.17008434168339193,0.07702106613616413,0.06135360318708098,0,0.0,4.47696958743409e-09
7,3,9,-0.17008434168339193,0.07702106613616413,0.06854034741551607,0,0.0,2.817338863775663e-10
7,3,10,-0.17008434168339193,0.07702106613616413,0.07572709164395114,0,0.0,3.443358655599054e-11
7,3,11,-0.17008434168339193,0.07702106613616413,0.08291383587238624,0,0.0,6.09586525672021e-12
7,3,12,-0.17008434168339193,0.07702106613616413,0.09010058010082131,0,0.0,1.0153795183710392e-12
7,3,13,-0.17008434168339193,0.07702106613616413,0.09728732432925638,0,0.0,1.5260158133733902e-13
7,3,14,-0.17008434168339193,0.07702106613616413,0.10447406855769147,0,0.0,1.1576078228614303e-14
7,3,15,-0.17008434168339193,0.07702106613616413,0.11166081278612655,0,0.0,3.495672727962196e-16
7,3,16,-0.17008434168339193,0.07702106613616413,0.11884755701456162,0,0.0,0.0
7,3,17,-0.17008434168339193,0.07702106613616413,0.12603430124299672,0,0.0,0.0
7,3,18,-0.17008434168339193,0.07702106613616413,0.1332210454714318,0,0.0,0.0
7,3,19,-0.17008434168339193,0.07702106613616413,0.14040778969986686,0,0.0,0.0
7,4,0,-0.17008434168339193,0.09294631313621368,0.0038596493596003397,0,0.0,0.00015713243932859823
7,4,1,-0.17008434168339193,0.09294631313621368,0.01104639358803542,1,0.0001,0.0001882030095548795
7,4,2,-0.17008434168339193,0.09294631313621368,0.0182331378164705,0,0.0,0.00012816912288551817
7,4,3,-0.17008434168339193,0.09294631313621368,0.02541988204490558,0,0.0,5.61627473948813e-05
7,4,4,-0.17008434168339193,0.09294631313621368,0.032606626273340655,0,0.0,2.1400340735049783e-05
7,4,5,-0.17008434168339193,0.09294631313621368,0.03979337050177574,0,0.0,8.43429695978512e-06
7,4,6,-0.17008434168339193,0.09294631313621368,0.046980114730210826,0,0.0,2.4005017489440755e-06
7,4,7,-0.17008434168339193,0.09294631313621368,0.0541668589586459,0,0.0,3.877147716317474e-07
7,4,8,-0.17008434168339193,0.09294631313621368,0.06135360318708098,0,0.0,4.290562923261807e-08
7,4,9,-0.17008434168339193,0.09294631313621368,0.06854034741551607,0,0.0,8.984408344112494e-09
7,4,10,-0.17008434168339193,0.09294631313621368,0.07572709164395114,0,0.0,4.203062966313221e-09
7,4,11,-0.17008434168339193,0.09294631313621368,0.08291383587238624,0,0.0,1.6384757093181646e-09
7,4,12,-0.17008434168339193,0.09294631313621368,0.09010058010082131,0,0.0,3.327062417915774e-10
7,4,13,-0.17008434168339193,0.09294631313621368,0.09728732432925638,0,0.0,3.1567717501279323e-11
7,4,14,-0.17008434168339193,0.09294631313621368,0.10447406855769147,0,0.0,1.4103026590493943e-12
7,4,15,-0.17008434168339193,0.09294631313621368,0.11166081278612655,0,0.0,2.31521564572286e-14
7,4,16,-0.17008434168339193,0.09294631313621368,0.11884755701456162,0,0.0,0.0
7,4,17,-0.17008434168339193,0.09294631313621368,0.12603430124299672,0,0.0,0.0
7,4,18,-0.17008434168339193,0.09294631313621368,0.1332210454714318,0,0.0,0.0
7,4,19,-0.17008434168339193,0.09294631313621368,0.14040778969986686,0,0.0,0.0
7,5,0,-0.17008434168339193,0.10887156013626324,0.0038596493596003397,0,0.0,0.00042929542661418235
7,5,1,-0.17008434168339193,0.10887156013626324,0.01104639358803542,3,0.0003,0.00047649012951533665
7,5,2,-0.17008434168339193,0.10887156013626324,0.0182331378164705,1,0.0001,0.00031035741542310123
7,5,3,-0.17008434168339193,0.10887156013626324,0.02541988204490558,0,0.0,0.0001407125289555262
7,5,4,-0.17008434168339193,0.10887156013626324,0.032606626273340655,0,0.0,5.7995183609566654e-05
7,5,5,-0.17008434168339193,0.10887156013626324,0.03979337050177574,0,0.0,2.4905989521592066e-05
7,5,6,-0.17008434168339193,0.10887156013626324,0.046980114730210826,0,0.0,8.409083024489827e-06
7,5,7,-0.17008434168339193,0.10887156013626324,0.0541668589586459,0,0.0,1.8162383183077372e-06
7,5,8,-0.17008434168339193,0.10887156013626324,0.06135360318708098,0,0.0,4.250914451974864e-07
7,5,9,-0.17008434168339193,0.10887156013626324,0.06854034741551607,0,0.0,2.1577883956542587e-07
7,5,10,-0.17008434168339193,0.10887156013626324,0.07572709164395114,0,0.0,1.3278295466078085e-07
7,5,11,-0.17008434168339193,0.10887156013626324,0.08291383587238624,0,0.0,5.450125164100216e-08
7,5,12,-0.17008434168339193,0.10887156013626324,0.09010058010082131,0,0.0,1.0997393551337807e-08
7,5,13,-0.17008434168339193,0.10887156013626324,0.09728732432925638,0,0.0,9.877545381234874e-10
7,5,14,-0.17008434168339193,0.10887156013626324,0.10447406855769147,0,0.0,4.0106464567461964e-11
7,5,15,-0.17008434168339193,0.10887156013626324,0.11166081278612655,0,0.0,5.359486437870799e-13
7,5,16,-0.17008434168339193,0.10887156013626324,0.11884755701456162,0,0.0,3.495672727962196e-16
7,5,17,-0.17008434168339193,0.10887156013626324,0.12603430124299672,0,0.0,0.0
7,5,18,-0.17008434168339193,0.10887156013626324,0.1332210454714318,0,0.0,0.0
7,5,19,-0.17008434168339193,0.10887156013626324,0.14040778969986686,0,0.0,0.0
7,6,0,-0.17008434168339193,0.1247968071363128,0.0038596493596003397,10,0.001,0.0007891062325979516
7,6,1,-0.17008434168339193,0.1247968071363128,0.01104639358803542,11,0.0011,0.0008935964679658108
7,6,2,-0.17008434168339193,0.1247968071363128,0.0182331378164705,1,0.0001,0.0006058775935088273
7,6,3,-0.17008434168339193,0.1247968071363128,0.02541988204490558,2,0.0002,0.0002947748857671187
7,6,4,-0.17008434168339193,0.1247968071363128,0.032606626273340655,0,0.0,0.00012827856382094082
7,6,5,-0.17008434168339193,0.1247968071363128,0.03979337050177574,0,0.0,5.8408837337356726e-05
7,6,6,-0.17008434168339193,0.1247968071363128,0.046980114730210826,0,0.0,2.3263331624419264e-05
7,6,7,-0.17008434168339193,0.1247968071363128,0.0541668589586459,0,0.0,7.67234132227196e-06
7,6,8,-0.17008434168339193,0.1247968071363128,0.06135360318708098,0,0.0,3.7618856805844494e-06
7,6,9,-0.17008434168339193,0.1247968071363128,0.06854034741551607,0,0.0,2.6307409043490125e-06
7,6,10,-0.17008434168339193,0.1247968071363128,0.07572709164395114,0,0.0,1.7235130208936665e-06
7,6,11,-0.17008434168339193,0.1247968071363128,0.08291383587238624,0,0.0,7.174861028285677e-07
7,6,12,-0.17008434168339193,0.1247968071363128,0.09010058010082131,0,0.0,1.4449618731366018e-07
7,6,13,-0.17008434168339193,0.1247968071363128,0.09728732432925638,0,0.0,1.2767942397464512e-08
7,6,14,-0.17008434168339193,0.1247968071363128,0.10447406855769147,0,0.0,5.06795095823921e-10
7,6,15,-0.17008434168339193,0.1247968071363128,0.11166081278612655,0,0.0,8.307029676174648e-12
7,6,16,-0.17008434168339193,0.1247968071363128,0.11884755701456162,0,0.0,1.6972299662288125e-12
7,6,17,-0.17008434168339193,0.1247968071363128,0.12603430124299672,0,0.0,7.730579590300229e-13
7,6,18,-0.17008434168339193,0.1247968071363128,0.1332210454714318,0,0.0,1.5260158133733902e-13
7,6,19,-0.17008434168339193,0.1247968071363128,0.14040778969986686,0,0.0,1.1925645501410522e-14
7,7,0,-0.17008434168339193,0.14072205413636235,0.0038596493596003397,19,0.0019,0.0009232252599254639
7,7,1,-0.17008434168339193,0.14072205413636235,0.01104639358803542,19,0.0019,0.0011703903989760034
7,7,2,-0.17008434168339193,0.14072205413636235,0.0182331378164705,10,0.001,0.0009171771589883174
7,7,3,-0.17008434168339193,0.14072205413636235,0.02541988204490558,0,0.0,0.0005096031476780152
7,7,4,-0.17008434168339193,0.14072205413636235,0.032606626273340655,0,0.0,0.00023760092337502174
7,7,5,-0.17008434168339193,0.14072205413636235,0.03979337050177574,2,0.0002,0.00011358490682755156
7,7,6,-0.17008434168339193,0.14072205413636235,0.046980114730210826,0,0.0,5.2266965168119645e-05
7,7,7,-0.17008434168339193,0.14072205413636235,0.0541668589586459,0,0.0,2.5434330822249383e-05
7,7,8,-0.17008434168339193,0.14072205413636235,0.06135360318708098,0,0.0,1.763570407791745e-05
7,7,9,-0.17008434168339193,0.14072205413636235,0.06854034741551607,0,0.0,1.3698321406188986e-05
7,7,10,-0.17008434168339193,0.14072205413636235,0.07572709164395114,0,0.0,9.342569711905045e-06
7,7,11,-0.17008434168339193,0.14072205413636235,0.08291383587238624,0,0.0,3.97876320791868e-06
7,7,12,-0.17008434168339193,0.14072205413636235,0.09010058010082131,0,0.0,8.188396707135082e-07
7,7,13,-0.17008434168339193,0.14072205413636235,0.09728732432925638,0,0.0,7.645857653187444e-08
7,7,14,-0.17008434168339193,0.14072205413636235,0.10447406855769147,0,0.0,5.221454976278288e-09
7,7,15,-0.17008434168339193,0.14072205413636235,0.11166081278612655,0,0.0,1.3746543646980517e-09
7,7,16,-0.17008434168339193,0.14072205413636235,0.11884755701456162,0,0.0,8.210435147750099e-10
7,7,17,-0.17008434168339193,0.14072205413636235,0.12603430124299672,0,0.0,8.873124038710015e-10
7,7,18,-0.17008434168339193,0.14072205413636235,0.1332210454714318,0,0.0,5.156456850726778e-10
7,7,19,-0.17008434168339193,0.14072205413636235,0.14040778969986686,0,0.0,1.1418242028239591e-10
7,8,0,-0.17008434168339193,0.1566473011364119,0.0038596493596003397,3,0.0003,0.0006980428574713963
7,8,1,-0.17008434168339193,0.1566473011364119,0.01104639358803542,18,0.0018,0.0010418376709116855
7,8,2,-0.17008434168339193,0.1566473011364119,0.0182331378164705,14,0.0014,0.0009703631239358275
7,8,3,-0.17008434168339193,0.1566473011364119,0.02541988204490558,8,0.0008,0.0006326537509666482
7,8,4,-0.17008434168339193,0.1566473011364119,0.032606626273340655,0,0.0,0.00033995799689028066
7,8,5,-0.17008434168339193,0.1566473011364119,0.03979337050177574,2,0.0002,0.00017726073589832792
7,8,6,-0.17008434168339193,0.1566473011364119,0.046980114730210826,0,0.0,8.96552728697426e-05
7,8,7,-0.17008434168339193,0.1566473011364119,0.0541668589586459,1,0.0001,5.201299182987024e-05
7,8,8,-0.17008434168339193,0.1566473011364119,0.06135360318708098,0,0.0,4.018874920043388e-05
7,8,9,-0.17008434168339193,0.1566473011364119,0.06854034741551607,0,0.0,3.3462559250890707e-05
7,8,10,-0.17008434168339193,0.1566473011364119,0.07572709164395114,0,0.0,2.382350745082577e-05
7,8,11,-0.17008434168339193,0.1566473011364119,0.08291383587238624,0,0.0,1.0610877349512586e-05
7,8,12,-0.17008434168339193,0.1566473011364119,0.09010058010082131,0,0.0,2.4153788371194147e-06
7,8,13,-0.17008434168339193,0.1566473011364119,0.09728732432925638,0,0.0,3.169089987946921e-07
7,8,14,-0.17008434168339193,0.1566473011364119,0.10447406855769147,0,0.0,8.478590492134215e-08
7,8,15,-0.17008434168339193,0.1566473011364119,0.11166081278612655,0,0.0,4.480747715208482e-08
7,8,16,-0.17008434168339193,0.1566473011364119,0.11884755701456162,0,0.0,2.6732841610280642e-08
7,8,17,-0.17008434168339193,0.1566473011364119,0.12603430124299672,0,0.0,2.9124957333621963e-08
7,8,18,-0.17008434168339193,0.1566473011364119,0.1332210454714318,0,0.0,1.702758161047889e-08
7,8,19,-0.17008434168339193,0.1566473011364119,0.14040778969986686,0,0.0,3.777605667145791e-09
7,9,0,-0.17008434168339193,0.17257254813646145,0.0038596493596003397,0,0.0,0.0003534482155711212
7,9,1,-0.17008434168339193,0.17257254813646145,0.01104639358803542,2,0.0002,0.0006129375764410649
7,9,2,-0.17008434168339193,0.17257254813646145,0.0182331378164705,1,0.0001,0.0006555612283815705
7,9,3,-0.17008434168339193,0.17257254813646145,0.02541988204490558,1,0.0001,0.0004979549621190747
7,9,4,-0.17008434168339193,0.17257254813646145,0.032606626273340655,6,0.0006,0.00032077101548244
7,9,5,-0.17008434168339193,0.17257254813646145,0.03979337050177574,3,0.0003,0.0001886714866605264
7,9,6,-0.17008434168339193,0.17257254813646145,0.046980114730210826,1,0.0001,0.00010488834026228337
7,9,7,-0.17008434168339193,0.17257254813646145,0.0541668589586459,0,0.0,6.756650550972492e-05
7,9,8,-0.17008434168339193,0.17257254813646145,0.06135360318708098,0,0.0,5.611966030952821e-05
7,9,9,-0.17008434168339193,0.17257254813646145,0.06854034741551607,0,0.0,4.857231765066443e-05
7,9,10,-0.17008434168339193,0.17257254813646145,0.07572709164395114,0,0.0,3.417524494797449e-05
7,9,11,-0.17008434168339193,0.17257254813646145,0.08291383587238624,0,0.0,1.6204571123409957e-05
7,9,12,-0.17008434168339193,0.17257254813646145,0.09010058010082131,0,0.0,4.882152755967111e-06
7,9,13,-0.17008434168339193,0.17257254813646145,0.09728732432925638,0,0.0,1.4681311670034695e-06
7,9,14,-0.17008434168339193,0.17257254813646145,0.10447406855769147,0,0.0,9.9722013260659e-07
7,9,15,-0.17008434168339193,0.17257254813646145,0.11166081278612655,0,0.0,5.796325858571015e-07
7,9,16,-0.17008434168339193,0.17257254813646145,0.11884755701456162,0,0.0,3.364133986538119e-07
7,9,17,-0.17008434168339193,0.17257254813646145,0.12603430124299672,0,0.0,3.585509329790067e-07
7,9,18,-0.17008434168339193,0.17257254813646145,0.1332210454714318,0,0.0,2.082308404575166e-07
7,9,19,-0.17008434168339193,0.17257254813646145,0.14040778969986686,0,0.0,4.6086179150996825e-08
7,10,0,-0.17008434168339193,0.188497795136511,0.0038596493596003397,0,0.0,0.00012290453069517751
7,10,1,-0.17008434168339193,0.188497795136511,0.01104639358803542,0,0.0,0.00023708562569052744
7,10,2,-0.17008434168339193,0.188497795136511,0.0182331378164705,0,0.0,0.0002809095529711938
7,10,3,-0.17008434168339193,0.188497795136511,0.02541988204490558,0,0.0,0.00024305204468226917
7,10,4,-0.17008434168339193,0.188497795136511,0.032606626273340655,1,0.0001,0.0001836700201418208
7,10,5,-0.17008434168339193,0.188497795136511,0.03979337050177574,0,0.0,0.00012376559029911275
7,10,6,-0.17008434168339193,0.188497795136511,0.046980114730210826,0,0.0,8.381550139838112e-05
7,10,7,-0.17008434168339193,0.188497795136511,0.0541668589586459,0,0.0,6.943881094851369e-05
7,10,8,-0.17008434168339193,0.188497795136511,0.06135360318708098,1,0.0001,6.575645703628066e-05
7,10,9,-0.17008434168339193,0.188497795136511,0.06854034741551607,0,0.0,5.456548970126021e-05
7,10,10,-0.17008434168339193,0.188497795136511,0.07572709164395114,0,0.0,3.4014414393808354e-05
7,10,11,-0.17008434168339193,0.188497795136511,0.08291383587238624,0,0.0,1.7584279330069325e-05
7,10,12,-0.17008434168339193,0.188497795136511,0.09010058010082131,0,0.0,9.402240100754273e-06
7,10,13,-0.17008434168339193,0.188497795136511,0.09728732432925638,0,0.0,6.652315918772534e-06
7,10,14,-0.17008434168339193,0.188497795136511,0.10447406855769147,0,0.0,5.6260597028538236e-06
7,10,15,-0.17008434168339193,0.188497795136511,0.11166081278612655,0,0.0,3.1396651330515574e-06
7,10,16,-0.17008434168339193,0.188497795136511,0.11884755701456162,0,0.0,1.712205040582636e-06
7,10,17,-0.17008434168339193,0.188497795136511,0.12603430124299672,0,0.0,1.6844969681607708e-06
7,10,18,-0.17008434168339193,0.188497795136511,0.1332210454714318,0,0.0,9.491804089059199e-07
7,10,19,-0.17008434168339193,0.188497795136511,0.14040778969986686,0,0.0,2.0783755156579013e-07
7,11,0,-0.17008434168339193,0.20442304213656057,0.0038596493596003397,0,0.0,3.0079280320573226e-05
7,11,1,-0.17008434168339193,0.20442304213656057,0.01104639358803542,0,0.0,6.264349365395966e-05
7,11,2,-0.17008434168339193,0.20442304213656057,0.0182331378164705,0,0.0,8.012624127145396e-05
7,11,3,-0.17008434168339193,0.20442304213656057,0.02541988204490558,0,0.0,7.631368453271691e-05
7,11,4,-0.17008434168339193,0.20442304213656057,0.032606626273340655,0,0.0,6.697363624774726e-05
7,11,5,-0.17008434168339193,0.20442304213656057,0.03979337050177574,0,0.0,5.6263936040901487e-05
7,11,6,-0.17008434168339193,0.20442304213656057,0.046980114730210826,0,0.0,5.3319014805236093e-05
7,11,7,-0.17008434168339193,0.20442304213656057,0.0541668589586459,0,0.0,5.8688102577532736e-05
7,11,8,-0.17008434168339193,0.20442304213656057,0.06135360318708098,1,0.0001,6.11845812924292e-05
7,11,9,-0.17008434168339193,0.20442304213656057,0.06854034741551607,0,0.0,4.9094265838822975e-05
7,11,10,-0.17008434168339193,0.20442304213656057,0.07572709164395114,0,0.0,2.9394314234984523e-05
7,11,11,-0.17008434168339193,0.20442304213656057,0.08291383587238624,0,0.0,2.0664743457557345e-05
7,11,12,-0.17008434168339193,0.20442304213656057,0.09010058010082131,0,0.0,2.1182642542363156e-05
7,11,13,-0.17008434168339193,0.20442304213656057,0.09728732432925638,0,0.0,2.0333846037973833e-05
7,11,14,-0.17008434168339193,0.20442304213656057,0.10447406855769147,0,0.0,1.5811820561824785e-05
7,11,15,-0.17008434168339193,0.20442304213656057,0.11166081278612655,0,0.0,8.182974073426906e-06
7,11,16,-0.17008434168339193,0.20442304213656057,0.11884755701456162,0,0.0,4.0480923811522834e-06
7,11,17,-0.17008434168339193,0.20442304213656057,0.12603430124299672,0,0.0,3.2477409554771073e-06
7,11,18,-0.17008434168339193,0.20442304213656057,0.1332210454714318,0,0.0,1.661944399317886e-06
7,11,19,-0.17008434168339193,0.20442304213656057,0.14040778969986686,0,0.0,3.5234696023086326e-07
7,12,0,-0.17008434168339193,0.22034828913661011,0.0038596493596003397,0,0.0,5.401428211705969e-06
7,12,1,-0.17008434168339193,0.22034828913661011,0.01104639358803542,0,0.0,1.1820028342065013e-05
7,12,2,-0.17008434168339193,0.22034828913661011,0.0182331378164705,0,0.0,1.6000762335594105e-05
7,12,3,-0.17008434168339193,0.22034828913661011,0.02541988204490558,0,0.0,1.7737839021315643e-05
7,12,4,-0.17008434168339193,0.22034828913661011,0.032606626273340655,0,0.0,2.024584709647323e-05
7,12,5,-0.17008434168339193,0.22034828913661011,0.03979337050177574,0,0.0,2.2217001842188952e-05
7,12,6,-0.17008434168339193,0.22034828913661011,0.046980114730210826,0,0.0,2.609236901199875e-05
7,12,7,-0.17008434168339193,0.22034828913661011,0.0541668589586459,0,0.0,3.07149583744832e-05
7,12,8,-0.17008434168339193,0.22034828913661011,0.06135360318708098,0,0.0,3.336888853436197e-05
7,12,9,-0.17008434168339193,0.22034828913661011,0.06854034741551607,0,0.0,3.0173893574937985e-05
7,12,10,-0.17008434168339193,0.22034828913661011,0.07572709164395114,0,0.0,2.439358631555869e-05
7,12,11,-0.17008434168339193,0.22034828913661011,0.08291383587238624,0,0.0,2.7567303989762476e-05
7,12,12,-0.17008434168339193,0.22034828913661011,0.09010058010082131,1,0.0001,3.513704602787958e-05
7,12,13,-0.17008434168339193,0.22034828913661011,0.09728732432925638,1,0.0001,3.34379987019868e-05
7,12,14,-0.17008434168339193,0.22034828913661011,0.10447406855769147,0,0.0,2.4184565607930735e-05
7,12,15,-0.17008434168339193,0.22034828913661011,0.11166081278612655,0,0.0,1.2657017061140807e-05
7,12,16,-0.17008434168339193,0.22034828913661011,0.11884755701456162,0,0.0,6.155586410290325e-06
7,12,17,-0.17008434168339193,0.22034828913661011,0.12603430124299672,0,0.0,3.4925921324851365e-06
7,12,18,-0.17008434168339193,0.22034828913661011,0.1332210454714318,0,0.0,1.3587636539662253e-06
7,12,19,-0.17008434168339193,0.22034828913661011,0.14040778969986686,0,0.0,3.012414260693889e-07
7,13,0,-0.17008434168339193,0.2362735361366597,0.0038596493596003397,0,0.0,7.037674056072529e-07
7,13,1,-0.17008434168339193,0.2362735361366597,0.01104639358803542,0,0.0,1.5711372144292807e-06
7,13,2,-0.17008434168339193,0.2362735361366597,0.0182331378164705,0,0.0,2.369761723900912e-06
7,13,3,-0.17008434168339193,0.2362735361366597,0.02541988204490558,0,0.0,3.815293056010756e-06
7,13,4,-0.17008434168339193,0.2362735361366597,0.032606626273340655,0,0.0,5.834815050417676e-06
7,13,5,-0.17008434168339193,0.2362735361366597,0.03979337050177574,0,0.0,6.943976504977083e-06
7,13,6,-0.17008434168339193,0.2362735361366597,0.046980114730210826,0,0.0,7.961853545520718e-06
7,13,7,-0.17008434168339193,0.2362735361366597,0.0541668589586459,0,0.0,8.444945736952495e-06
7,13,8,-0.17008434168339193,0.2362735361366597,0.06135360318708098,0,0.0,9.891447393128614e-06
7,13,9,-0.17008434168339193,0.2362735361366597,0.06854034741551607,0,0.0,1.3117340759793306e-05
7,13,10,-0.17008434168339193,0.2362735361366597,0.07572709164395114,0,0.0,1.875383254722912e-05
7,13,11,-0.17008434168339193,0.2362735361366597,0.08291383587238624,0,0.0,2.7883093832098586e-05
7,13,12,-0.17008434168339193,0.2362735361366597,0.09010058010082131,1,0.0001,3.298488583788406e-05
7,13,13,-0.17008434168339193,0.2362735361366597,0.09728732432925638,0,0.0,2.8816399633166884e-05
7,13,14,-0.17008434168339193,0.2362735361366597,0.10447406855769147,0,0.0,2.1692336710689748e-05
7,13,15,-0.17008434168339193,0.2362735361366597,0.11166081278612655,0,0.0,1.3704649874836416e-05
7,13,16,-0.17008434168339193,0.2362735361366597,0.11884755701456162,0,0.0,8.355437431234705e-06
7,13,17,-0.17008434168339193,0.2362735361366597,0.12603430124299672,0,0.0,4.153628479890428e-06
7,13,18,-0.17008434168339193,0.2362735361366597,0.1332210454714318,0,0.0,1.4661744228699528e-06
7,13,19,-0.17008434168339193,0.2362735361366597,0.14040778969986686,0,0.0,8.759364277437615e-07
7,14,0,-0.17008434168339193,0.25219878313670924,0.0038596493596003397,0,0.0,1.1104254130692085e-07
7,14,1,-0.17008434168339193,0.25219878313670924,0.01104639358803542,0,0.0,2.1900611731585538e-07
7,14,2,-0.17008434168339193,0.25219878313670924,0.0182331378164705,0,0.0,3.034620810797804e-07
7,14,3,-0.17008434168339193,0.25219878313670924,0.02541988204490558,0,0.0,6.185379750751806e-07
7,14,4,-0.17008434168339193,0.25219878313670924,0.032606626273340655,0,0.0,1.0763433525761998e-06
7,14,5,-0.17008434168339193,0.25219878313670924,0.03979337050177574,0,0.0,1.2769373197067378e-06
7,14,6,-0.17008434168339193,0.25219878313670924,0.046980114730210826,0,0.0,1.3842693805118649e-06
7,14,7,-0.17008434168339193,0.25219878313670924,0.0541668589586459,0,0.0,1.4255898476122685e-06
7,14,8,-0.17008434168339193,0.25219878313670924,0.06135360318708098,0,0.0,2.1780774585194223e-06
7,14,9,-0.17008434168339193,0.25219878313670924,0.06854034741551607,0,0.0,5.176570936497909e-06
7,14,10,-0.17008434168339193,0.25219878313670924,0.07572709164395114,0,0.0,1.2412329467617346e-05
7,14,11,-0.17008434168339193,0.25219878313670924,0.08291383587238624,1,0.0001,2.0111139576697918e-05
7,14,12,-0.17008434168339193,0.25219878313670924,0.09010058010082131,0,0.0,1.9512652497133678e-05
7,14,13,-0.17008434168339193,0.25219878313670924,0.09728732432925638,0,0.0,1.4787043777304584e-05
7,14,14,-0.17008434168339193,0.25219878313670924,0.10447406855769147,0,0.0,1.254569516330076e-05
7,14,15,-0.17008434168339193,0.25219878313670924,0.11166081278612655,0,0.0,1.04036732687794e-05
7,14,16,-0.17008434168339193,0.25219878313670924,0.11884755701456162,0,0.0,8.459980647875795e-06
7,14,17,-0.17008434168339193,0.25219878313670924,0.12603430124299672,0,0.0,4.850079558210043e-06
7,14,18,-0.17008434168339193,0.25219878313670924,0.1332210454714318,0,0.0,3.0663816654816313e-06
7,14,19,-0.17008434168339193,0.25219878313670924,0.14040778969986686,0,0.0,3.5002370927952892e-06
7,15,0,-0.17008434168339193,0.2681240301367588,0.0038596493596003397,0,0.0,4.0578060837778424e-08
7,15,1,-0.17008434168339193,0.2681240301367588,0.01104639358803542,0,0.0,6.99678131205375e-08
7,15,2,-0.17008434168339193,0.2681240301367588,0.0182331378164705,0,0.0,5.636190526921433e-08
7,15,3,-0.17008434168339193,0.2681240301367588,0.02541988204490558,0,0.0,5.837971395141641e-08
7,15,4,-0.17008434168339193,0.2681240301367588,0.032606626273340655,0,0.0,9.540719843686737e-08
7,15,5,-0.17008434168339193,0.2681240301367588,0.03979337050177574,0,0.0,1.2281309346541527e-07
7,15,6,-0.17008434168339193,0.2681240301367588,0.046980114730210826,0,0.0,1.589799081997135e-07
7,15,7,-0.17008434168339193,0.2681240301367588,0.0541668589586459,0,0.0,2.412174961514099e-07
7,15,8,-0.17008434168339193,0.2681240301367588,0.06135360318708098,0,0.0,5.357250511506587e-07
7,15,9,-0.17008434168339193,0.2681240301367588,0.06854034741551607,0,0.0,1.8276552152936155e-06
7,15,10,-0.17008434168339193,0.2681240301367588,0.07572709164395114,0,0.0,5.661090736989236e-06
7,15,11,-0.17008434168339193,0.2681240301367588,0.08291383587238624,0,0.0,9.348782191130806e-06
7,15,12,-0.17008434168339193,0.2681240301367588,0.09010058010082131,0,0.0,7.769718617071432e-06
7,15,13,-0.17008434168339193,0.2681240301367588,0.09728732432925638,0,0.0,5.366476810716907e-06
7,15,14,-0.17008434168339193,0.2681240301367588,0.10447406855769147,0,0.0,5.194721213000906e-06
7,15,15,-0.17008434168339193,0.2681240301367588,0.11166081278612655,0,0.0,4.897042600047561e-06
7,15,16,-0.17008434168339193,0.2681240301367588,0.11884755701456162,0,0.0,4.462292608232991e-06
7,15,17,-0.17008434168339193,0.2681240301367588,0.12603430124299672,0,0.0,3.1780718156721597e-06
7,15,18,-0.17008434168339193,0.2681240301367588,0.1332210454714318,0,0.0,3.981991704460453e-06
7,15,19,-0.17008434168339193,0.2681240301367588,0.14040778969986686,0,0.0,5.674336278506045e-06
7,16,0,-0.17008434168339193,0.2840492771368084,0.0038596493596003397,0,0.0,9.35938646261187e-09
7,16,1,-0.17008434168339193,0.2840492771368084,0.01104639358803542,0,0.0,1.783759354374546e-08
7,16,2,-0.17008434168339193,0.2840492771368084,0.0182331378164705,0,0.0,1.5107280005481492e-08
7,16,3,-0.17008434168339193,0.2840492771368084,0.02541988204490558,0,0.0,7.303577585807027e-09
7,16,4,-0.17008434168339193,0.2840492771368084,0.032606626273340655,0,0.0,4.876460603831307e-09
7,16,5,-0.17008434168339193,0.2840492771368084,0.03979337050177574,0,0.0,7.198979932069761e-09
7,16,6,-0.17008434168339193,0.2840492771368084,0.046980114730210826,0,0.0,1.6266168168756282e-08
7,16,7,-0.17008434168339193,0.2840492771368084,0.0541668589586459,0,0.0,4.114264395516157e-08
7,16,8,-0.17008434168339193,0.2840492771368084,0.06135360318708098,0,0.0,1.1695608697500675e-07
7,16,9,-0.17008434168339193,0.2840492771368084,0.06854034741551607,0,0.0,4.357196940331375e-07
7,16,10,-0.17008434168339193,0.2840492771368084,0.07572709164395114,0,0.0,1.4436683277176989e-06
7,16,11,-0.17008434168339193,0.2840492771368084,0.08291383587238624,0,0.0,2.4208422405586353e-06
7,16,12,-0.17008434168339193,0.2840492771368084,0.09010058010082131,0,0.0,2.0091082182565133e-06
7,16,13,-0.17008434168339193,0.2840492771368084,0.09728732432925638,0,0.0,1.557479221181746e-06
7,16,14,-0.17008434168339193,0.2840492771368084,0.10447406855769147,0,0.0,1.5818932321942825e-06
7,16,15,-0.17008434168339193,0.2840492771368084,0.11166081278612655,0,0.0,1.3013341240718261e-06
7,16,16,-0.17008434168339193,0.2840492771368084,0.11884755701456162,0,0.0,1.085715980132512e-06
7,16,17,-0.17008434168339193,0.2840492771368084,0.12603430124299672,0,0.0,1.0785059131879112e-06
7,16,18,-0.17008434168339193,0.2840492771368084,0.1332210454714318,0,0.0,2.248360826654263e-06
7,16,19,-0.17008434168339193,0.2840492771368084,0.14040778969986686,0,0.0,3.4327686744534905e-06
7,17,0,-0.17008434168339193,0.2999745241368579,0.0038596493596003397,0,0.0,1.2049065356840384e-09
7,17,1,-0.17008434168339193,0.2999745241368579,0.01104639358803542,0,0.0,3.4308473523622144e-09
7,17,2,-0.17008434168339193,0.2999745241368579,0.0182331378164705,0,0.0,4.465230956960888e-09
7,17,3,-0.17008434168339193,0.2999745241368579,0.02541988204490558,0,0.0,2.4537681168605123e-09
7,17,4,-0.17008434168339193,0.2999745241368579,0.032606626273340655,0,0.0,5.853167455214478e-10
7,17,5,-0.17008434168339193,0.2999745241368579,0.03979337050177574,0,0.0,3.1282143242954224e-10
7,17,6,-0.17008434168339193,0.2999745241368579,0.046980114730210826,0,0.0,1.145999252209249e-09
7,17,7,-0.17008434168339193,0.2999745241368579,0.0541668589586459,0,0.0,4.312273077111904e-09
7,17,8,-0.17008434168339193,0.2999745241368579,0.06135360318708098,0,0.0,1.55218823949429e-08
7,17,9,-0.17008434168339193,0.2999745241368579,0.06854034741551607,0,0.0,5.8075471345104453e-08
7,17,10,-0.17008434168339193,0.2999745241368579,0.07572709164395114,0,0.0,1.9414118875021318e-07
7,17,11,-0.17008434168339193,0.2999745241368579,0.08291383587238624,0,0.0,3.509897178935264e-07
7,17,12,-0.17008434168339193,0.2999745241368579,0.09010058010082131,0,0.0,3.620921345794393e-07
7,17,13,-0.17008434168339193,0.2999745241368579,0.09728732432925638,0,0.0,3.530877360247619e-07
7,17,14,-0.17008434168339193,0.2999745241368579,0.10447406855769147,0,0.0,3.182064704636258e-07
7,17,15,-0.17008434168339193,0.2999745241368579,0.11166081278612655,0,0.0,1.9932337640496315e-07
7,17,16,-0.17008434168339193,0.2999745241368579,0.11884755701456162,0,0.0,1.4787256971970006e-07
7,17,17,-0.17008434168339193,0.2999745241368579,0.12603430124299672,0,0.0,2.165305654113041e-07
7,17,18,-0.17008434168339193,0.2999745241368579,0.1332210454714318,0,0.0,5.164083616469752e-07
7,17,19,-0.17008434168339193,0.2999745241368579,0.14040778969986686,0,0.0,7.731024794434166e-07
7,18,0,-0.17008434168339193,0.3158997711369075,0.0038596493596003397,0,0.0,1.3471753757211362e-10
7,18,1,-0.17008434168339193,0.3158997711369075,0.01104639358803542,0,0.0,5.444679851353671e-10
7,18,2,-0.17008434168339193,0.3158997711369075,0.0182331378164705,0,0.0,8.617125897347308e-10
7,18,3,-0.17008434168339193,0.3158997711369075,0.02541988204490558,0,0.0,5.146538072780368e-10
7,18,4,-0.17008434168339193,0.3158997711369075,0.032606626273340655,0,0.0,1.1471836892618298e-10
7,18,5,-0.17008434168339193,0.3158997711369075,0.03979337050177574,0,0.0,1.5584850138057505e-11
7,18,6,-0.17008434168339193,0.3158997711369075,0.046980114730210826,0,0.0,4.106400218740665e-11
7,18,7,-0.17008434168339193,0.3158997711369075,0.0541668589586459,0,0.0,2.2838604521250853e-10
7,18,8,-0.17008434168339193,0.3158997711369075,0.06135360318708098,0,0.0,1.005016537076139e-09
7,18,9,-0.17008434168339193,0.3158997711369075,0.06854034741551607,0,0.0,3.8096602926180714e-09
7,18,10,-0.17008434168339193,0.3158997711369075,0.07572709164395114,0,0.0,1.3547178140717206e-08
7,18,11,-0.17008434168339193,0.3158997711369075,0.08291383587238624,0,0.0,3.022454609662091e-08
7,18,12,-0.17008434168339193,0.3158997711369075,0.09010058010082131,0,0.0,4.4634698149649756e-08
7,18,13,-0.17008434168339193,0.3158997711369075,0.09728732432925638,0,0.0,5.031901279792436e-08
7,18,14,-0.17008434168339193,0.3158997711369075,0.10447406855769147,0,0.0,3.845096143795933e-08
7,18,15,-0.17008434168339193,0.3158997711369075,0.11166081278612655,0,0.0,2.1235574328610692e-08
7,18,16,-0.17008434168339193,0.3158997711369075,0.11884755701456162,0,0.0,1.9477762366480363e-08
7,18,17,-0.17008434168339193,0.3158997711369075,0.12603430124299672,0,0.0,3.227194037288748e-08
7,18,18,-0.17008434168339193,0.3158997711369075,0.1332210454714318,0,0.0,5.4633551150412065e-08
7,18,19,-0.17008434168339193,0.3158997711369075,0.14040778969986686,0,0.0,6.800536976858313e-08
7,19,0,-0.17008434168339193,0.331825018136957,0.0038596493596003397,0,0.0,9.340246546294772e-12
7,19,1,-0.17008434168339193,0.331825018136957,0.01104639358803542,0,0.0,4.186008086079214e-11
7,19,2,-0.17008434168339193,0.331825018136957,0.0182331378164705,0,0.0,6.901560570841533e-11
7,19,3,-0.17008434168339193,0.331825018136957,0.02541988204490558,0,0.0,4.186008086079214e-11
7,19,4,-0.17008434168339193,0.331825018136957,0.032606626273340655,0,0.0,9.340246546294772e-12
7,19,5,-0.17008434168339193,0.331825018136957,0.03979337050177574,0,0.0,7.782702031280962e-13
7,19,6,-0.17008434168339193,0.331825018136957,0.046980114730210826,0,0.0,4.0719835345256194e-13
7,19,7,-0.17008434168339193,0.331825018136957,0.0541668589586459,0,0.0,4.835000067258932e-12
7,19,8,-0.17008434168339193,0.331825018136957,0.06135360318708098,0,0.0,2.6288713928667878e-11
7,19,9,-0.17008434168339193,0.331825018136957,0.06854034741551607,0,0.0,1.0642064877631481e-10
7,19,10,-0.17008434168339193,0.331825018136957,0.07572709164395114,0,0.0,4.598604029112397e-10
7,19,11,-0.17008434168339193,0.331825018136957,0.08291383587238624,0,0.0,1.4419690852596792e-09
7,19,12,-0.17008434168339193,0.331825018136957,0.09010058010082131,0,0.0,2.8991554598560906e-09
7,19,13,-0.17008434168339193,0.331825018136957,0.09728732432925638,0,0.0,3.6495294946704424e-09
7,19,14,-0.17008434168339193,0.331825018136957,0.10447406855769147,0,0.0,3.2943297948498495e-09
7,19,15,-0.17008434168339193,0.331825018136957,0.11166081278612655,0,0.0,3.057176601437026e-09
7,19,16,-0.17008434168339193,0.331825018136957,0.11884755701456162,0,0.0,3.6855480411484376e-09
7,19,17,-0.17008434168339193,0.331825018136957,0.12603430124299672,0,0.0,5.366788712546463e-09
7,19,18,-0.17008434168339193,0.331825018136957,0.1332210454714318,0,0.0,5.5596546284616724e-09
7,19,19,-0.17008434168339193,0.331825018136957,0.14040778969986686,0,0.0,3.748966043524212e-09
8,0,0,-0.10298854952840375,0.029245325136015476,0.0038596493596003397,0,0.0,1.52442849537431e-07
8,0,1,-0.10298854952840375,0.029245325136015476,0.01104639358803542,0,0.0,2.0833140466267453e-07
8,0,2,-0.10298854952840375,0.029245325136015476,0.0182331378164705,0,0.0,1.5374785006105106e-07
8,0,3,-0.10298854952840375,0.029245325136015476,0.02541988204490558,0,0.0,7.312707433705277e-08
8,0,4,-0.10298854952840375,0.029245325136015476,0.032606626273340655,0,0.0,2.6077903705369455e-08
8,0,5,-0.10298854952840375,0.029245325136015476,0.03979337050177574,0,0.0,6.343297639083229e-09
8,0,6,-0.10298854952840375,0.029245325136015476,0.046980114730210826,0,0.0,9.171272416553062e-10
8,0,7,-0.10298854952840375,0.029245325136015476,0.0541668589586459,0,0.0,7.402339566173694e-11
8,0,8,-0.10298854952840375,0.029245325136015476,0.06135360318708098,0,0.0,3.698197548459137e-12
8,0,9,-0.10298854952840375,0.029245325136015476,0.06854034741551607,0,0.0,1.9925546152459243e-13
8,0,10,-0.10298854952840375,0.029245325136015476,0.07572709164395114,0,0.0,1.1925645501410522e-14
8,0,11,-0.10298854952840375,0.029245325136015476,0.08291383587238624,0,0.0,3.495672727962196e-16
8,0,12,-0.10298854952840375,0.029245325136015476,0.09010058010082131,0,0.0,0.0
8,0,13,-0.10298854952840375,0.029245325136015476,0.09728732432925638,0,0.0,0.0
8,0,14,-0.10298854952840375,0.029245325136015476,0.10447406855769147,0,0.0,0.0
8,0,15,-0.10298854952840375,0.029245325136015476,0.11166081278612655,0,0.0,0.0
8,0,16,-0.10298854952840375,0.029245325136015476,0.11884755701456162,0,0.0,0.0
8,0,17,-0.10298854952840375,0.029245325136015476,0.12603430124299672,0,0.0,0.0
8,0,18,-0.10298854952840375,0.029245325136015476,0.1332210454714318,0,0.0,0.0
8,0,19,-0.10298854952840375,0.029245325136015476,0.14040778969986686,0,0.0,0.0
8,1,0,-0.10298854952840375,0.045170572136065026,0.0038596493596003397,0,0.0,2.7769284558857144e-06
8,1,1,-0.10298854952840375,0.045170572136065026,0.01104639358803542,0,0.0,3.6224379124181418e-06
8,1,2,-0.10298854952840375,0.045170572136065026,0.0182331378164705,0,0.0,2.5496240440544677e-06
8,1,3,-0.10298854952840375,0.045170572136065026,0.02541988204490558,0,0.0,1.2042147689376107e-06
8,1,4,-0.10298854952840375,0.045170572136065026,0.032606626273340655,0,0.0,4.839435426117024e-07
8,1,5,-0.10298854952840375,0.045170572136065026,0.03979337050177574,0,0.0,1.4600023369006309e-07
8,1,6,-0.10298854952840375,0.045170572136065026,0.046980114730210826,0,0.0,2.5733769811948406e-08
8,1,7,-0.10298854952840375,0.045170572136065026,0.0541668589586459,0,0.0,2.3584957659911557e-09
8,1,8,-0.10298854952840375,0.045170572136065026,0.06135360318708098,0,0.0,1.2675516870138406e-10
8,1,9,-0.10298854952840375,0.045170572136065026,0.06854034741551607,0,0.0,6.7468727026823596e-12
8,1,10,-0.10298854952840375,0.045170572136065026,0.07572709164395114,0,0.0,3.949231406783552e-13
8,1,11,-0.10298854952840375,0.045170572136065026,0.08291383587238624,0,0.0,1.15760782286143e-14
8,1,12,-0.10298854952840375,0.045170572136065026,0.09010058010082131,0,0.0,0.0
8,1,13,-0.10298854952840375,0.045170572136065026,0.09728732432925638,0,0.0,0.0
8,1,14,-0.10298854952840375,0.045170572136065026,0.10447406855769147,0,0.0,0.0
8,1,15,-0.10298854952840375,0.045170572136065026,0.11166081278612655,0,0.0,0.0
8,1,16,-0.10298854952840375,0.045170572136065026,0.11884755701456162,0,0.0,0.0
8,1,17,-0.10298854952840375,0.045170572136065026,0.12603430124299672,0,0.0,0.0
8,1,18,-0.10298854952840375,0.045170572136065026,0.1332210454714318,0,0.0,0.0
8,1,19,-0.10298854952840375,0.045170572136065026,0.14040778969986686,0,0.0,0.0
8,2,0,-0.10298854952840375,0.06109581913611459,0.0038596493596003397,0,0.0,2.5752099054380627e-05
8,2,1,-0.10298854952840375,0.06109581913611459,0.01104639358803542,0,0.0,3.214063123567395e-05
8,2,2,-0.10298854952840375,0.06109581913611459,0.0182331378164705,0,0.0,2.2054199363688504e-05
8,2,3,-0.10298854952840375,0.06109581913611459,0.02541988204490558,0,0.0,1.0448221351939808e-05
8,2,4,-0.10298854952840375,0.06109581913611459,0.032606626273340655,0,0.0,4.556090023717413e-06
8,2,5,-0.10298854952840375,0.06109581913611459,0.03979337050177574,0,0.0,1.5941585637838016e-06
8,2,6,-0.10298854952840375,0.06109581913611459,0.046980114730210826,0,0.0,3.248061767950203e-07
8,2,7,-0.10298854952840375,0.06109581913611459,0.0541668589586459,0,0.0,3.442212006091243e-08
8,2,8,-0.10298854952840375,0.06109581913611459,0.06135360318708098,0,0.0,2.269771992362242e-09
8,2,9,-0.10298854952840375,0.06109581913611459,0.06854034741551607,0,0.0,1.8667936029339532e-10
8,2,10,-0.10298854952840375,0.06109581913611459,0.07572709164395114,0,0.0,3.0411662047072365e-11
8,2,11,-0.10298854952840375,0.06109581913611459,0.08291383587238624,0,0.0,4.952174279364836e-12
8,2,12,-0.10298854952840375,0.06109581913611459,0.09010058010082131,0,0.0,3.8334706244974095e-13
8,2,13,-0.10298854952840375,0.06109581913611459,0.09728732432925638,0,0.0,1.15760782286143e-14
8,2,14,-0.10298854952840375,0.06109581913611459,0.10447406855769147,0,0.0,0.0
8,2,15,-0.10298854952840375,0.06109581913611459,0.11166081278612655,0,0.0,0.0
8,2,16,-0.10298854952840375,0.06109581913611459,0.11884755701456162,0,0.0,0.0
8,2,17,-0.10298854952840375,0.06109581913611459,0.12603430124299672,0,0.0,0.0
8,2,18,-0.10298854952840375,0.06109581913611459,0.1332210454714318,0,0.0,0.0
8,2,19,-0.10298854952840375,0.06109581913611459,0.14040778969986686,0,0.0,0.0
8,3,0,-0.10298854952840375,0.07702106613616413,0.0038596493596003397,0,0.0,0.00012889237751240567
8,3,1,-0.10298854952840375,0.07702106613616413,0.01104639358803542,0,0.0,0.00015194769742839982
8,3,2,-0.10298854952840375,0.07702106613616413,0.0182331378164705,0,0.0,0.00010095353605494115
8,3,3,-0.10298854952840375,0.07702106613616413,0.02541988204490558,0,0.0,4.681320096968363e-05
8,3,4,-0.10298854952840375,0.07702106613616413,0.032606626273340655,0,0.0,2.0791041459419632e-05
8,3,5,-0.10298854952840375,0.07702106613616413,0.03979337050177574,0,0.0,8.105132332340284e-06
8,3,6,-0.10298854952840375,0.07702106613616413,0.046980114730210826,0,0.0,1.963305517236925e-06
8,3,7,-0.10298854952840375,0.07702106613616413,0.0541668589586459,0,0.0,2.656059474614406e-07
8,3,8,-0.10298854952840375,0.07702106613616413,0.06135360318708098,0,0.0,2.5991126703795075e-08
8,3,9,-0.10298854952840375,0.07702106613616413,0.06854034741551607,0,0.0,3.7121307193930653e-09
8,3,10,-0.10298854952840375,0.07702106613616413,0.07572709164395114,0,0.0,8.915968394135684e-10
8,3,11,-0.10298854952840375,0.07702106613616413,0.08291383587238624,0,0.0,1.9447477755458817e-10
8,3,12,-0.10298854952840375,0.07702106613616413,0.09010058010082131,0,0.0,3.362475166045629e-11
8,3,13,-0.10298854952840375,0.07702106613616413,0.09728732432925638,0,0.0,5.053470335597128e-12
8,3,14,-0.10298854952840375,0.07702106613616413,0.10447406855769147,0,0.0,3.8334706244974095e-13
8,3,15,-0.10298854952840375,0.07702106613616413,0.11166081278612655,0,0.0,1.15760782286143e-14
8,3,16,-0.10298854952840375,0.07702106613616413,0.11884755701456162,0,0.0,0.0
8,3,17,-0.10298854952840375,0.07702106613616413,0.12603430124299672,0,0.0,0.0
8,3,18,-0.10298854952840375,0.07702106613616413,0.1332210454714318,0,0.0,0.0
8,3,19,-0.10298854952840375,0.07702106613616413,0.14040778969986686,0,0.0,0.0
8,4,0,-0.10298854952840375,0.09294631313621368,0.0038596493596003397,0,0.0,0.00038110756753672925
8,4,1,-0.10298854952840375,0.09294631313621368,0.01104639358803542,4,0.0004,0.00041984027685156564
8,4,2,-0.10298854952840375,0.09294631313621368,0.0182331378164705,1,0.0001,0.00026613117656717697
8,4,3,-0.10298854952840375,0.09294631313621368,0.02541988204490558,0,0.0,0.0001182139604095074
8,4,4,-0.10298854952840375,0.09294631313621368,0.032606626273340655,0,0.0,5.1369686735776964e-05
8,4,5,-0.10298854952840375,0.09294631313621368,0.03979337050177574,0,0.0,2.2551841100808178e-05
8,4,6,-0.10298854952840375,0.09294631313621368,0.046980114730210826,0,0.0,6.983325122841971e-06
8,4,7,-0.10298854952840375,0.09294631313621368,0.0541668589586459,0,0.0,1.3180843408033969e-06
8,4,8,-0.10298854952840375,0.09294631313621368,0.06135360318708098,0,0.0,2.1332328136707435e-07
8,4,9,-0.10298854952840375,0.09294631313621368,0.06854034741551607,0,0.0,5.115858674853893e-08
8,4,10,-0.10298854952840375,0.09294631313621368,0.07572709164395114,0,0.0,1.856401648813003e-08
8,4,11,-0.10298854952840375,0.09294631313621368,0.08291383587238624,0,0.0,6.3720418165895315e-09
8,4,12,-0.10298854952840375,0.09294631313621368,0.09010058010082131,0,0.0,1.637009890041985e-09
8,4,13,-0.10298854952840375,0.09294631313621368,0.09728732432925638,0,0.0,2.5706911867421594e-10
8,4,14,-0.10298854952840375,0.09294631313621368,0.10447406855769147,0,0.0,1.8547905360166613e-11
8,4,15,-0.10298854952840375,0.09294631313621368,0.11166081278612655,0,0.0,5.243725655584656e-13
8,4,16,-0.10298854952840375,0.09294631313621368,0.11884755701456162,0,0.0,0.0
8,4,17,-0.10298854952840375,0.09294631313621368,0.12603430124299672,0,0.0,0.0
8,4,18,-0.10298854952840375,0.09294631313621368,0.1332210454714318,0,0.0,0.0
8,4,19,-0.10298854952840375,0.09294631313621368,0.14040778969986686,0,0.0,0.0
8,5,0,-0.10298854952840375,0.10887156013626324,0.0038596493596003397,6,0.0006,0.0007461368709133455
8,5,1,-0.10298854952840375,0.10887156013626324,0.01104639358803542,2,0.0002,0.0007923750167745506
8,5,2,-0.10298854952840375,0.10887156013626324,0.0182331378164705,3,0.0003,0.0004919426348316495
8,5,3,-0.10298854952840375,0.10887156013626324,0.02541988204490558,0,0.0,0.00022127049540102996
8,5,4,-0.10298854952840375,0.10887156013626324,0.032606626273340655,1,0.0001,9.866656360471985e-05
8,5,5,-0.10298854952840375,0.10887156013626324,0.03979337050177574,0,0.0,4.798393558330528e-05
8,5,6,-0.10298854952840375,0.10887156013626324,0.046980114730210826,0,0.0,1.8460546809388953e-05
8,5,7,-0.10298854952840375,0.10887156013626324,0.0541668589586459,0,0.0,4.748385254124199e-06
8,5,8,-0.10298854952840375,0.10887156013626324,0.06135360318708098,0,0.0,1.234522168226918e-06
8,5,9,-0.10298854952840375,0.10887156013626324,0.06854034741551607,0,0.0,5.435081184243949e-07
8,5,10,-0.10298854952840375,0.10887156013626324,0.07572709164395114,0,0.0,3.113253473982854e-07
8,5,11,-0.10298854952840375,0.10887156013626324,0.08291383587238624,0,0.0,1.351003527591766e-07
8,5,12,-0.10298854952840375,0.10887156013626324,0.09010058010082131,0,0.0,3.59759553642298e-08
8,5,13,-0.10298854952840375,0.10887156013626324,0.09728732432925638,0,0.0,5.213641332692749e-09
8,5,14,-0.10298854952840375,0.10887156013626324,0.10447406855769147,0,0.0,3.546196570498453e-10
8,5,15,-0.10298854952840375,0.10887156013626324,0.11166081278612655,0,0.0,9.723593608744514e-12
8,5,16,-0.10298854952840375,0.10887156013626324,0.11884755701456162,0,0.0,1.15760782286143e-14
8,5,17,-0.10298854952840375,0.10887156013626324,0.12603430124299672,0,0.0,0.0
8,5,18,-0.10298854952840375,0.10887156013626324,0.1332210454714318,0,0.0,0.0
8,5,19,-0.10298854952840375,0.10887156013626324,0.14040778969986686,0,0.0,0.0
8,6,0,-0.10298854952840375,0.1247968071363128,0.0038596493596003397,21,0.0021,0.0009902901495424605
8,6,1,-0.10298854952840375,0.1247968071363128,0.01104639358803542,10,0.001,0.001090593175297291
8,6,2,-0.10298854952840375,0.1247968071363128,0.0182331378164705,3,0.0003,0.0007284716625352582
8,6,3,-0.10298854952840375,0.1247968071363128,0.02541988204490558,1,0.0001,0.0003723864401256021
8,6,4,-0.10298854952840375,0.1247968071363128,0.032606626273340655,0,0.0,0.00018104677777985132
8,6,5,-0.10298854952840375,0.1247968071363128,0.03979337050177574,1,0.0001,8.960712594765286e-05
8,6,6,-0.10298854952840375,0.1247968071363128,0.046980114730210826,0,0.0,3.855874728988495e-05
8,6,7,-0.10298854952840375,0.1247968071363128,0.0541668589586459,0,0.0,1.3420411794295705e-05
8,6,8,-0.10298854952840375,0.1247968071363128,0.06135360318708098,0,0.0,6.3706037039836645e-06
8,6,9,-0.10298854952840375,0.1247968071363128,0.06854034741551607,0,0.0,4.925942686412449e-06
8,6,10,-0.10298854952840375,0.1247968071363128,0.07572709164395114,0,0.0,3.4277117319953955e-06
8,6,11,-0.10298854952840375,0.1247968071363128,0.08291383587238624,0,0.0,1.5293694962058597e-06
8,6,12,-0.10298854952840375,0.1247968071363128,0.09010058010082131,0,0.0,3.845770102777113e-07
8,6,13,-0.10298854952840375,0.1247968071363128,0.09728732432925638,0,0.0,5.131913891489414e-08
8,6,14,-0.10298854952840375,0.1247968071363128,0.10447406855769147,0,0.0,3.403305166626853e-09
8,6,15,-0.10298854952840375,0.1247968071363128,0.11166081278612655,0,0.0,1.525341402350587e-10
8,6,16,-0.10298854952840375,0.1247968071363128,0.11884755701456162,0,0.0,5.596221585016219e-11
8,6,17,-0.10298854952840375,0.1247968071363128,0.12603430124299672,0,0.0,2.560016370354346e-11
8,6,18,-0.10298854952840375,0.1247968071363128,0.1332210454714318,0,0.0,5.053470335597128e-12
8,6,19,-0.10298854952840375,0.1247968071363128,0.14040778969986686,0,0.0,3.949231406783552e-13
8,7,0,-0.10298854952840375,0.14072205413636235,0.0038596493596003397,10,0.001,0.0008567357252854689
8,7,1,-0.10298854952840375,0.14072205413636235,0.01104639358803542,15,0.0015,0.001056564771993852
8,7,2,-0.10298854952840375,0.14072205413636235,0.0182331378164705,9,0.0009,0.0008324884088318442
8,7,3,-0.10298854952840375,0.14072205413636235,0.02541988204490558,7,0.0007,0.000508859100481439
8,7,4,-0.10298854952840375,0.14072205413636235,0.032606626273340655,2,0.0002,0.00027264525473414086
8,7,5,-0.10298854952840375,0.14072205413636235,0.03979337050177574,0,0.0,0.0001361840288829086
8,7,6,-0.10298854952840375,0.14072205413636235,0.046980114730210826,0,0.0,6.373202882843268e-05
8,7,7,-0.10298854952840375,0.14072205413636235,0.0541668589586459,0,0.0,3.127606384134204e-05
8,7,8,-0.10298854952840375,0.14072205413636235,0.06135360318708098,0,0.0,2.4527581144268363e-05
8,7,9,-0.10298854952840375,0.14072205413636235,0.06854034741551607,0,0.0,2.383346361436451e-05
8,7,10,-0.10298854952840375,0.14072205413636235,0.07572709164395114,0,0.0,1.739364537747106e-05
8,7,11,-0.10298854952840375,0.14072205413636235,0.08291383587238624,0,0.0,7.733941515896947e-06
8,7,12,-0.10298854952840375,0.14072205413636235,0.09010058010082131,0,0.0,1.9056030892044108e-06
8,7,13,-0.10298854952840375,0.14072205413636235,0.09728732432925638,0,0.0,2.5679790510763337e-07
8,7,14,-0.10298854952840375,0.14072205413636235,0.10447406855769147,0,0.0,2.2407522245355717e-08
8,7,15,-0.10298854952840375,0.14072205413636235,0.11166081278612655,0,0.0,4.6624595365117166e-09
8,7,16,-0.10298854952840375,0.14072205413636235,0.11884755701456162,0,0.0,3.4298841429044904e-09
8,7,17,-0.10298854952840375,0.14072205413636235,0.12603430124299672,0,0.0,2.8008387945159605e-09
8,7,18,-0.10298854952840375,0.14072205413636235,0.1332210454714318,0,0.0,1.332061527525929e-09
8,7,19,-0.10298854952840375,0.14072205413636235,0.14040778969986686,0,0.0,2.7272827270623697e-10
8,8,0,-0.10298854952840375,0.1566473011364119,0.0038596493596003397,0,0.0,0.0004750299927148465
8,8,1,-0.10298854952840375,0.1566473011364119,0.01104639358803542,3,0.0003,0.0006926895394133878
8,8,2,-0.10298854952840375,0.1566473011364119,0.0182331378164705,5,0.0005,0.0006585540981527875
8,8,3,-0.10298854952840375,0.1566473011364119,0.02541988204490558,6,0.0006,0.0004781978355280586
8,8,4,-0.10298854952840375,0.1566473011364119,0.032606626273340655,3,0.0003,0.0002952866649793364
8,8,5,-0.10298854952840375,0.1566473011364119,0.03979337050177574,1,0.0001,0.00016177332877821444
8,8,6,-0.10298854952840375,0.1566473011364119,0.046980114730210826,0,0.0,8.474248941665345e-05
8,8,7,-0.10298854952840375,0.1566473011364119,0.0541668589586459,0,0.0,5.2725189953580766e-05
8,8,8,-0.10298854952840375,0.1566473011364119,0.06135360318708098,0,0.0,5.091266916234725e-05
8,8,9,-0.10298854952840375,0.1566473011364119,0.06854034741551607,1,0.0001,5.409416887704161e-05
8,8,10,-0.10298854952840375,0.1566473011364119,0.07572709164395114,1,0.0001,4.0920337120798306e-05
8,8,11,-0.10298854952840375,0.1566473011364119,0.08291383587238624,0,0.0,1.909925164699875e-05
8,8,12,-0.10298854952840375,0.1566473011364119,0.09010058010082131,0,0.0,5.32274399590005e-06
8,8,13,-0.10298854952840375,0.1566473011364119,0.09728732432925638,0,0.0,9.493570703560466e-07
8,8,14,-0.10298854952840375,0.1566473011364119,0.10447406855769147,0,0.0,2.0213526843210178e-07
8,8,15,-0.10298854952840375,0.1566473011364119,0.11166081278612655,0,0.0,9.951630715265396e-08
8,8,16,-0.10298854952840375,0.1566473011364119,0.11884755701456162,0,0.0,7.688387358432015e-08
8,8,17,-0.10298854952840375,0.1566473011364119,0.12603430124299672,0,0.0,7.615295254089542e-08
8,8,18,-0.10298854952840375,0.1566473011364119,0.1332210454714318,0,0.0,4.0863852942741774e-08
8,8,19,-0.10298854952840375,0.1566473011364119,0.14040778969986686,0,0.0,8.778687608078564e-09
8,9,0,-0.10298854952840375,0.17257254813646145,0.0038596493596003397,0,0.0,0.00016926574569862786
8,9,1,-0.10298854952840375,0.17257254813646145,0.01104639358803542,0,0.0,0.0002917034073147235
8,9,2,-0.10298854952840375,0.17257254813646145,0.0182331378164705,0,0.0,0.00032188043887375383
8,9,3,-0.10298854952840375,0.17257254813646145,0.02541988204490558,0,0.0,0.00027664968835478025
8,9,4,-0.10298854952840375,0.17257254813646145,0.032606626273340655,2,0.0002,0.00021165509465062855
8,9,5,-0.10298854952840375,0.17257254813646145,0.03979337050177574,0,0.0,0.00013791957835829723
8,9,6,-0.10298854952840375,0.17257254813646145,0.046980114730210826,2,0.0002,8.19094017864635e-05
8,9,7,-0.10298854952840375,0.17257254813646145,0.0541668589586459,0,0.0,5.628088235535739e-05
8,9,8,-0.10298854952840375,0.17257254813646145,0.06135360318708098,0,0.0,5.867919389525861e-05
8,9,9,-0.10298854952840375,0.17257254813646145,0.06854034741551607,1,0.0001,6.600831543354553e-05
8,9,10,-0.10298854952840375,0.17257254813646145,0.07572709164395114,1,0.0001,5.259807507938954e-05
8,9,11,-0.10298854952840375,0.17257254813646145,0.08291383587238624,0,0.0,2.935268523559457e-05
8,9,12,-0.10298854952840375,0.17257254813646145,0.09010058010082131,0,0.0,1.1680223184391387e-05
8,9,13,-0.10298854952840375,0.17257254813646145,0.09728732432925638,0,0.0,3.5946132665437027e-06
8,9,14,-0.10298854952840375,0.17257254813646145,0.10447406855769147,0,0.0,1.7278176135345257e-06
8,9,15,-0.10298854952840375,0.17257254813646145,0.11166081278612655,0,0.0,1.0427950510977249e-06
8,9,16,-0.10298854952840375,0.17257254813646145,0.11884755701456162,0,0.0,8.049568318770439e-07
8,9,17,-0.10298854952840375,0.17257254813646145,0.12603430124299672,0,0.0,8.7226303623322e-07
8,9,18,-0.10298854952840375,0.17257254813646145,0.1332210454714318,0,0.0,4.874695375432321e-07
8,9,19,-0.10298854952840375,0.17257254813646145,0.14040778969986686,0,0.0,1.0615791319136349e-07
8,10,0,-0.10298854952840375,0.188497795136511,0.0038596493596003397,0,0.0,3.9215522798946905e-05
8,10,1,-0.10298854952840375,0.188497795136511,0.01104639358803542,0,0.0,7.585229410870879e-05
8,10,2,-0.10298854952840375,0.188497795136511,0.0182331378164705,0,0.0,9.284033249649255e-05
8,10,3,-0.10298854952840375,0.188497795136511,0.02541988204490558,0,0.0,9.588769467705171e-05
8,10,4,-0.10298854952840375,0.188497795136511,0.032606626273340655,0,0.0,9.414291206838934e-05
8,10,5,-0.10298854952840375,0.188497795136511,0.03979337050177574,1,0.0001,7.393085376030818e-05
8,10,6,-0.10298854952840375,0.188497795136511,0.046980114730210826,0,0.0,4.9688496202473176e-05
8,10,7,-0.10298854952840375,0.188497795136511,0.0541668589586459,0,0.0,3.974658577176153e-05
8,10,8,-0.10298854952840375,0.188497795136511,0.06135360318708098,0,0.0,4.869620794471633e-05
8,10,9,-0.10298854952840375,0.188497795136511,0.06854034741551607,1,0.0001,5.62387234002431e-05
8,10,10,-0.10298854952840375,0.188497795136511,0.07572709164395114,0,0.0,4.519372410806404e-05
8,10,11,-0.10298854952840375,0.188497795136511,0.08291383587238624,0,0.0,3.163146423690287e-05
8,10,12,-0.10298854952840375,0.188497795136511,0.09010058010082131,0,0.0,1.896905968883849e-05
8,10,13,-0.10298854952840375,0.188497795136511,0.09728732432925638,0,0.0,1.0156762163744135e-05
8,10,14,-0.10298854952840375,0.188497795136511,0.10447406855769147,0,0.0,7.441653370653319e-06
8,10,15,-0.10298854952840375,0.188497795136511,0.11166081278612655,0,0.0,4.789212186593797e-06
8,10,16,-0.10298854952840375,0.188497795136511,0.11884755701456162,0,0.0,3.827144376469751e-06
8,10,17,-0.10298854952840375,0.188497795136511,0.12603430124299672,0,0.0,4.07199211727538e-06
8,10,18,-0.10298854952840375,0.188497795136511,0.1332210454714318,0,0.0,2.224069031754972e-06
8,10,19,-0.10298854952840375,0.188497795136511,0.14040778969986686,0,0.0,4.790975319644054e-07
8,11,0,-0.10298854952840375,0.20442304213656057,0.0038596493596003397,0,0.0,6.103920929919886e-06
8,11,1,-0.10298854952840375,0.20442304213656057,0.01104639358803542,0,0.0,1.2761837315378637e-05
8,11,2,-0.10298854952840375,0.20442304213656057,0.0182331378164705,0,0.0,1.704102417425001e-05
8,11,3,-0.10298854952840375,0.20442304213656057,0.02541988204490558,0,0.0,2.0960569566900255e-05
8,11,4,-0.10298854952840375,0.20442304213656057,0.032606626273340655,0,0.0,2.5715172098821122e-05
8,11,5,-0.10298854952840375,0.20442304213656057,0.03979337050177574,0,0.0,2.4533744573143027e-05
8,11,6,-0.10298854952840375,0.20442304213656057,0.046980114730210826,0,0.0,2.0446658398427934e-05
8,11,7,-0.10298854952840375,0.20442304213656057,0.0541668589586459,0,0.0,2.303669472451413e-05
8,11,8,-0.10298854952840375,0.20442304213656057,0.06135360318708098,0,0.0,3.5069972440405414e-05
8,11,9,-0.10298854952840375,0.20442304213656057,0.06854034741551607,2,0.0002,4.0158171795674885e-05
8,11,10,-0.10298854952840375,0.20442304213656057,0.07572709164395114,0,0.0,2.9312436810725638e-05
8,11,11,-0.10298854952840375,0.20442304213656057,0.08291383587238624,0,0.0,2.3080866144578646e-05
8,11,12,-0.10298854952840375,0.20442304213656057,0.09010058010082131,0,0.0,2.1340611688155022e-05
8,11,13,-0.10298854952840375,0.20442304213656057,0.09728732432925638,0,0.0,1.774505042580877e-05
8,11,14,-0.10298854952840375,0.20442304213656057,0.10447406855769147,1,0.0001,1.4482169042003395e-05
8,11,15,-0.10298854952840375,0.20442304213656057,0.11166081278612655,0,0.0,9.756259842087045e-06
8,11,16,-0.10298854952840375,0.20442304213656057,0.11884755701456162,0,0.0,8.435427792749593e-06
8,11,17,-0.10298854952840375,0.20442304213656057,0.12603430124299672,0,0.0,7.965019757444022e-06
8,11,18,-0.10298854952840375,0.20442304213656057,0.1332210454714318,0,0.0,3.946635012631105e-06
8,11,19,-0.10298854952840375,0.20442304213656057,0.14040778969986686,0,0.0,8.133022518722716e-07
8,12,0,-0.10298854952840375,0.22034828913661011,0.0038596493596003397,0,0.0,6.834287186558818e-07
8,12,1,-0.10298854952840375,0.22034828913661011,0.01104639358803542,0,0.0,1.5407231098765114e-06
8,12,2,-0.10298854952840375,0.22034828913661011,0.0182331378164705,0,0.0,2.2941528720285125e-06
8,12,3,-0.10298854952840375,0.22034828913661011,0.02541988204490558,0,0.0,3.5149709489097755e-06
8,12,4,-0.10298854952840375,0.22034828913661011,0.032606626273340655,0,0.0,5.370388196064801e-06
8,12,5,-0.10298854952840375,0.22034828913661011,0.03979337050177574,0,0.0,6.3186137938082205e-06
8,12,6,-0.10298854952840375,0.22034828913661011,0.046980114730210826,0,0.0,7.02281772948207e-06
8,12,7,-0.10298854952840375,0.22034828913661011,0.0541668589586459,0,0.0,1.0012043547551839e-05
8,12,8,-0.10298854952840375,0.22034828913661011,0.06135360318708098,0,0.0,1.6512169603547312e-05
8,12,9,-0.10298854952840375,0.22034828913661011,0.06854034741551607,0,0.0,1.9087397303011642e-05
8,12,10,-0.10298854952840375,0.22034828913661011,0.07572709164395114,0,0.0,1.3983378592405772e-05
8,12,11,-0.10298854952840375,0.22034828913661011,0.08291383587238624,0,0.0,1.4625510399499838e-05
8,12,12,-0.10298854952840375,0.22034828913661011,0.09010058010082131,0,0.0,1.994747249396849e-05
8,12,13,-0.10298854952840375,0.22034828913661011,0.09728732432925638,0,0.0,1.8929202148035678e-05
8,12,14,-0.10298854952840375,0.22034828913661011,0.10447406855769147,0,0.0,1.3909030768762092e-05
8,12,15,-0.10298854952840375,0.22034828913661011,0.11166081278612655,0,0.0,9.713745108121641e-06
8,12,16,-0.10298854952840375,0.22034828913661011,0.11884755701456162,0,0.0,9.127131913409013e-06
8,12,17,-0.10298854952840375,0.22034828913661011,0.12603430124299672,0,0.0,7.125134089941059e-06
8,12,18,-0.10298854952840375,0.22034828913661011,0.1332210454714318,0,0.0,2.909531783922259e-06
8,12,19,-0.10298854952840375,0.22034828913661011,0.14040778969986686,0,0.0,5.485908823196444e-07
8,13,0,-0.10298854952840375,0.2362735361366597,0.0038596493596003397,0,0.0,5.769691428137239e-08
8,13,1,-0.10298854952840375,0.2362735361366597,0.01104639358803542,0,0.0,1.4102545531535957e-07
8,13,2,-0.10298854952840375,0.2362735361366597,0.0182331378164705,0,0.0,2.820755248547347e-07
8,13,3,-0.10298854952840375,0.2362735361366597,0.02541988204490558,0,0.0,6.910705498184833e-07
8,13,4,-0.10298854952840375,0.2362735361366597,0.032606626273340655,0,0.0,1.2414244356861931e-06
8,13,5,-0.10298854952840375,0.2362735361366597,0.03979337050177574,0,0.0,1.5262133765651945e-06
8,13,6,-0.10298854952840375,0.2362735361366597,0.046980114730210826,0,0.0,1.8071681632194805e-06
8,13,7,-0.10298854952840375,0.2362735361366597,0.0541668589586459,0,0.0,2.3676551376422238e-06
8,13,8,-0.10298854952840375,0.2362735361366597,0.06135360318708098,0,0.0,3.825270069153378e-06
8,13,9,-0.10298854952840375,0.2362735361366597,0.06854034741551607,0,0.0,5.143851814637818e-06
8,13,10,-0.10298854952840375,0.2362735361366597,0.07572709164395114,0,0.0,6.532000134077451e-06
8,13,11,-0.10298854952840375,0.2362735361366597,0.08291383587238624,0,0.0,1.1420433326669906e-05
8,13,12,-0.10298854952840375,0.2362735361366597,0.09010058010082131,0,0.0,1.5294589910216676e-05
8,13,13,-0.10298854952840375,0.2362735361366597,0.09728732432925638,0,0.0,1.2449192991436275e-05
8,13,14,-0.10298854952840375,0.2362735361366597,0.10447406855769147,0,0.0,7.741704735936773e-06
8,13,15,-0.10298854952840375,0.2362735361366597,0.11166081278612655,0,0.0,5.52837550282363e-06
8,13,16,-0.10298854952840375,0.2362735361366597,0.11884755701456162,0,0.0,5.3272644395539105e-06
8,13,17,-0.10298854952840375,0.2362735361366597,0.12603430124299672,0,0.0,3.4447654671439124e-06
8,13,18,-0.10298854952840375,0.2362735361366597,0.1332210454714318,0,0.0,1.1540545859769354e-06
8,13,19,-0.10298854952840375,0.2362735361366597,0.14040778969986686,0,0.0,3.221059683751958e-07
8,14,0,-0.10298854952840375,0.25219878313670924,0.0038596493596003397,0,0.0,4.835390090621305e-09
8,14,1,-0.10298854952840375,0.25219878313670924,0.01104639358803542,0,0.0,1.1819999621678815e-08
8,14,2,-0.10298854952840375,0.25219878313670924,0.0182331378164705,0,0.0,3.374748617572114e-08
8,14,3,-0.10298854952840375,0.25219878313670924,0.02541988204490558,0,0.0,1.1558410910411034e-07
8,14,4,-0.10298854952840375,0.25219878313670924,0.032606626273340655,0,0.0,2.143305936100646e-07
8,14,5,-0.10298854952840375,0.25219878313670924,0.03979337050177574,0,0.0,2.4818001990274194e-07
8,14,6,-0.10298854952840375,0.25219878313670924,0.046980114730210826,0,0.0,2.6914871505973445e-07
8,14,7,-0.10298854952840375,0.25219878313670924,0.0541668589586459,0,0.0,2.831061701861772e-07
8,14,8,-0.10298854952840375,0.25219878313670924,0.06135360318708098,0,0.0,4.897063122337325e-07
8,14,9,-0.10298854952840375,0.25219878313670924,0.06854034741551607,0,0.0,1.4384868547579158e-06
8,14,10,-0.10298854952840375,0.25219878313670924,0.07572709164395114,0,0.0,4.631614372861891e-06
8,14,11,-0.10298854952840375,0.25219878313670924,0.08291383587238624,0,0.0,8.842067200776322e-06
8,14,12,-0.10298854952840375,0.25219878313670924,0.09010058010082131,0,0.0,8.680174961398297e-06
8,14,13,-0.10298854952840375,0.25219878313670924,0.09728732432925638,0,0.0,5.162621587961673e-06
8,14,14,-0.10298854952840375,0.25219878313670924,0.10447406855769147,0,0.0,2.857330301376748e-06
8,14,15,-0.10298854952840375,0.25219878313670924,0.11166081278612655,0,0.0,2.328723297744332e-06
8,14,16,-0.10298854952840375,0.25219878313670924,0.11884755701456162,0,0.0,2.3633396894393973e-06
8,14,17,-0.10298854952840375,0.25219878313670924,0.12603430124299672,0,0.0,1.4551015870887246e-06
8,14,18,-0.10298854952840375,0.25219878313670924,0.1332210454714318,0,0.0,7.842086956985913e-07
8,14,19,-0.10298854952840375,0.25219878313670924,0.14040778969986686,0,0.0,7.922758630623527e-07
8,15,0,-0.10298854952840375,0.2681240301367588,0.0038596493596003397,0,0.0,1.21753644410502e-09
8,15,1,-0.10298854952840375,0.2681240301367588,0.01104639358803542,0,0.0,2.208822854781031e-09
8,15,2,-0.10298854952840375,0.2681240301367588,0.0182331378164705,0,0.0,3.251225002609732e-09
8,15,3,-0.10298854952840375,0.2681240301367588,0.02541988204490558,0,0.0,9.172684994885932e-09
8,15,4,-0.10298854952840375,0.2681240301367588,0.032606626273340655,0,0.0,1.6805052607789792e-08
8,15,5,-0.10298854952840375,0.2681240301367588,0.03979337050177574,0,0.0,1.9050679898514627e-08
8,15,6,-0.10298854952840375,0.2681240301367588,0.046980114730210826,0,0.0,2.0167778595114206e-08
8,15,7,-0.10298854952840375,0.2681240301367588,0.0541668589586459,0,0.0,2.1354231505638027e-08
8,15,8,-0.10298854952840375,0.2681240301367588,0.06135360318708098,0,0.0,7.289211495681609e-08
8,15,9,-0.10298854952840375,0.2681240301367588,0.06854034741551607,0,0.0,5.506095475659235e-07
8,15,10,-0.10298854952840375,0.2681240301367588,0.07572709164395114,0,0.0,2.3371328468922852e-06
8,15,11,-0.10298854952840375,0.2681240301367588,0.08291383587238624,0,0.0,4.136575245777687e-06
8,15,12,-0.10298854952840375,0.2681240301367588,0.09010058010082131,0,0.0,3.16332151681743e-06
8,15,13,-0.10298854952840375,0.2681240301367588,0.09728732432925638,0,0.0,1.3812198399909748e-06
8,15,14,-0.10298854952840375,0.2681240301367588,0.10447406855769147,0,0.0,7.65209003716635e-07
8,15,15,-0.10298854952840375,0.2681240301367588,0.11166081278612655,0,0.0,8.088715044671114e-07
8,15,16,-0.10298854952840375,0.2681240301367588,0.11884755701456162,0,0.0,9.246822145477395e-07
8,15,17,-0.10298854952840375,0.2681240301367588,0.12603430124299672,0,0.0,6.906734069359191e-07
8,15,18,-0.10298854952840375,0.2681240301367588,0.1332210454714318,0,0.0,8.773030867461796e-07
8,15,19,-0.10298854952840375,0.2681240301367588,0.14040778969986686,0,0.0,1.2632555913770567e-06
8,16,0,-0.10298854952840375,0.2840492771368084,0.0038596493596003397,0,0.0,2.552621421467971e-10
8,16,1,-0.10298854952840375,0.2840492771368084,0.01104639358803542,0,0.0,4.257167573213297e-10
8,16,2,-0.10298854952840375,0.2840492771368084,0.0182331378164705,0,0.0,3.1383553033879836e-10
8,16,3,-0.10298854952840375,0.2840492771368084,0.02541988204490558,0,0.0,3.2681021863852076e-10
8,16,4,-0.10298854952840375,0.2840492771368084,0.032606626273340655,0,0.0,5.295869386919114e-10
8,16,5,-0.10298854952840375,0.2840492771368084,0.03979337050177574,0,0.0,6.447475926823538e-10
8,16,6,-0.10298854952840375,0.2840492771368084,0.046980114730210826,0,0.0,8.846508985374001e-10
8,16,7,-0.10298854952840375,0.2840492771368084,0.0541668589586459,0,0.0,1.7698086734504567e-09
8,16,8,-0.10298854952840375,0.2840492771368084,0.06135360318708098,0,0.0,1.2572044085394397e-08
8,16,9,-0.10298854952840375,0.2840492771368084,0.06854034741551607,0,0.0,1.1884090639622796e-07
8,16,10,-0.10298854952840375,0.2840492771368084,0.07572709164395114,0,0.0,5.182524567839618e-07
8,16,11,-0.10298854952840375,0.2840492771368084,0.08291383587238624,0,0.0,8.810325674679464e-07
8,16,12,-0.10298854952840375,0.2840492771368084,0.09010058010082131,0,0.0,6.047645570571339e-07
8,16,13,-0.10298854952840375,0.2840492771368084,0.09728732432925638,0,0.0,2.3936277971129895e-07
8,16,14,-0.10298854952840375,0.2840492771368084,0.10447406855769147,0,0.0,1.5762840443757544e-07
8,16,15,-0.10298854952840375,0.2840492771368084,0.11166081278612655,0,0.0,1.74331118445283e-07
8,16,16,-0.10298854952840375,0.2840492771368084,0.11884755701456162,0,0.0,1.99091967871984e-07
8,16,17,-0.10298854952840375,0.2840492771368084,0.12603430124299672,0,0.0,2.1274452741948308e-07
8,16,18,-0.10298854952840375,0.2840492771368084,0.1332210454714318,0,0.0,4.866259359813764e-07
8,16,19,-0.10298854952840375,0.2840492771368084,0.14040778969986686,0,0.0,7.624851055156257e-07
8,17,0,-0.10298854952840375,0.2999745241368579,0.0038596493596003397,0,0.0,2.093004043039607e-11
8,17,1,-0.10298854952840375,0.2999745241368579,0.01104639358803542,0,0.0,3.450850198875325e-11
8,17,2,-0.10298854952840375,0.2999745241368579,0.0182331378164705,0,0.0,2.09531925868533e-11
8,17,3,-0.10298854952840375,0.2999745241368579,0.02541988204490558,0,0.0,4.963750357593451e-12
8,17,4,-0.10298854952840375,0.2999745241368579,0.032606626273340655,0,0.0,2.0433838167890812e-12
8,17,5,-0.10298854952840375,0.2999745241368579,0.03979337050177574,0,0.0,7.348742150323702e-12
8,17,6,-0.10298854952840375,0.2999745241368579,0.046980114730210826,0,0.0,3.280515507035939e-11
8,17,7,-0.10298854952840375,0.2999745241368579,0.0541668589586459,0,0.0,1.516840145997069e-10
8,17,8,-0.10298854952840375,0.2999745241368579,0.06135360318708098,0,0.0,1.2306358565717882e-09
8,17,9,-0.10298854952840375,0.2999745241368579,0.06854034741551607,0,0.0,1.1022393814967465e-08
8,17,10,-0.10298854952840375,0.2999745241368579,0.07572709164395114,0,0.0,4.7552474013782225e-08
8,17,11,-0.10298854952840375,0.2999745241368579,0.08291383587238624,0,0.0,8.036791537362967e-08
8,17,12,-0.10298854952840375,0.2999745241368579,0.09010058010082131,0,0.0,5.6186848491417695e-08
8,17,13,-0.10298854952840375,0.2999745241368579,0.09728732432925638,0,0.0,2.7881054750182254e-08
8,17,14,-0.10298854952840375,0.2999745241368579,0.10447406855769147,0,0.0,2.2737516183271195e-08
8,17,15,-0.10298854952840375,0.2999745241368579,0.11166081278612655,0,0.0,1.9650541169468285e-08
8,17,16,-0.10298854952840375,0.2999745241368579,0.11884755701456162,0,0.0,1.9388238176637698e-08
8,17,17,-0.10298854952840375,0.2999745241368579,0.12603430124299672,0,0.0,3.355302377886336e-08
8,17,18,-0.10298854952840375,0.2999745241368579,0.1332210454714318,0,0.0,1.0592975219483764e-07
8,17,19,-0.10298854952840375,0.2999745241368579,0.14040778969986686,0,0.0,1.7001296751863355e-07
8,18,0,-0.10298854952840375,0.3158997711369075,0.0038596493596003397,0,0.0,6.320324559212983e-13
8,18,1,-0.10298854952840375,0.3158997711369075,0.01104639358803542,0,0.0,1.0420453538502856e-12
8,18,2,-0.10298854952840375,0.3158997711369075,0.0182331378164705,0,0.0,6.320324559212983e-13
8,18,3,-0.10298854952840375,0.3158997711369075,0.02541988204490558,0,0.0,1.4137507038152094e-13
8,18,4,-0.10298854952840375,0.3158997711369075,0.032606626273340655,0,0.0,2.3501723730024822e-14
8,18,5,-0.10298854952840375,0.3158997711369075,0.03979337050177574,0,0.0,1.6522636138434198e-13
8,18,6,-0.10298854952840375,0.3158997711369075,0.046980114730210826,0,0.0,1.1802563124825847e-12
8,18,7,-0.10298854952840375,0.3158997711369075,0.0541668589586459,0,0.0,7.665133331237485e-12
8,18,8,-0.10298854952840375,0.3158997711369075,0.06135360318708098,0,0.0,5.793986261279553e-11
8,18,9,-0.10298854952840375,0.3158997711369075,0.06854034741551607,0,0.0,4.537736255460529e-10
8,18,10,-0.10298854952840375,0.3158997711369075,0.07572709164395114,0,0.0,1.932888431317154e-09
8,18,11,-0.10298854952840375,0.3158997711369075,0.08291383587238624,0,0.0,3.443179043255436e-09
8,18,12,-0.10298854952840375,0.3158997711369075,0.09010058010082131,0,0.0,2.9893308504662183e-09
8,18,13,-0.10298854952840375,0.3158997711369075,0.09728732432925638,0,0.0,2.3028379475879393e-09
8,18,14,-0.10298854952840375,0.3158997711369075,0.10447406855769147,0,0.0,1.901520816997079e-09
8,18,15,-0.10298854952840375,0.3158997711369075,0.11166081278612655,0,0.0,1.1785088999730117e-09
8,18,16,-0.10298854952840375,0.3158997711369075,0.11884755701456162,0,0.0,1.0063419534350007e-09
8,18,17,-0.10298854952840375,0.3158997711369075,0.12603430124299672,0,0.0,2.575015100387819e-09
8,18,18,-0.10298854952840375,0.3158997711369075,0.1332210454714318,0,0.0,8.756846281123733e-09
8,18,19,-0.10298854952840375,0.3158997711369075,0.14040778969986686,0,0.0,1.3983158094550777e-08
8,19,0,-0.10298854952840375,0.331825018136957,0.0038596493596003397,0,0.0,0.0
8,19,1,-0.10298854952840375,0.331825018136957,0.01104639358803542,0,0.0,0.0
8,19,2,-0.10298854952840375,0.331825018136957,0.0182331378164705,0,0.0,0.0
8,19,3,-0.10298854952840375,0.331825018136957,0.02541988204490558,0,0.0,0.0
8,19,4,-0.10298854952840375,0.331825018136957,0.032606626273340655,0,0.0,0.0
8,19,5,-0.10298854952840375,0.331825018136957,0.03979337050177574,0,0.0,3.495672727962196e-16
8,19,6,-0.10298854952840375,0.331825018136957,0.046980114730210826,0,0.0,1.1576078228614303e-14
8,19,7,-0.10298854952840375,0.331825018136957,0.0541668589586459,0,0.0,1.5260158133733902e-13
8,19,8,-0.10298854952840375,0.331825018136957,0.06135360318708098,0,0.0,1.0269555965996535e-12
8,19,9,-0.10298854952840375,0.331825018136957,0.06854034741551607,0,0.0,6.1190174131774375e-12
8,19,10,-0.10298854952840375,0.331825018136957,0.07572709164395114,0,0.0,2.7022042440821467e-11
8,19,11,-0.10298854952840375,0.331825018136957,0.08291383587238624,0,0.0,6.544348789956569e-11
8,19,12,-0.10298854952840375,0.331825018136957,0.09010058010082131,0,0.0,1.0261165595269317e-10
8,19,13,-0.10298854952840375,0.331825018136957,0.09728732432925638,0,0.0,1.1659978084170657e-10
8,19,14,-0.10298854952840375,0.331825018136957,0.10447406855769147,0,0.0,8.243673356896796e-11
8,19,15,-0.10298854952840375,0.331825018136957,0.11166081278612655,0,0.0,3.561738439673404e-11
8,19,16,-0.10298854952840375,0.331825018136957,0.11884755701456162,0,0.0,3.1060133258047554e-11
8,19,17,-0.10298854952840375,0.331825018136957,0.12603430124299672,0,0.0,9.18084002112462e-11
8,19,18,-0.10298854952840375,0.331825018136957,0.1332210454714318,0,0.0,2.7592170764920433e-10
8,19,19,-0.10298854952840375,0.331825018136957,0.14040778969986686,0,0.0,4.250612231416784e-10
9,0,0,-0.035892757373415574,0.029245325136015476,0.0038596493596003397,0,0.0,8.551934512575041e-07
9,0,1,-0.035892757373415574,0.029245325136015476,0.01104639358803542,0,0.0,1.1612191725404348e-06
9,0,2,-0.035892757373415574,0.029245325136015476,0.0182331378164705,0,0.0,9.41042031541242e-07
9,0,3,-0.035892757373415574,0.029245325136015476,0.02541988204490558,0,0.0,4.969905957825824e-07
9,0,4,-0.035892757373415574,0.029245325136015476,0.032606626273340655,0,0.0,1.7417793267616854e-07
9,0,5,-0.035892757373415574,0.029245325136015476,0.03979337050177574,0,0.0,3.9432703420562566e-08
9,0,6,-0.035892757373415574,0.029245325136015476,0.046980114730210826,0,0.0,6.346162113631829e-09
9,0,7,-0.035892757373415574,0.029245325136015476,0.0541668589586459,0,0.0,8.586067789003351e-10
9,0,8,-0.035892757373415574,0.029245325136015476,0.06135360318708098,0,0.0,1.1977120711183006e-10
9,0,9,-0.035892757373415574,0.029245325136015476,0.06854034741551607,0,0.0,1.6302114331010026e-11
9,0,10,-0.035892757373415574,0.029245325136015476,0.07572709164395114,0,0.0,1.1854685565806582e-12
9,0,11,-0.035892757373415574,0.029245325136015476,0.08291383587238624,0,0.0,3.4728234685842906e-14
9,0,12,-0.035892757373415574,0.029245325136015476,0.09010058010082131,0,0.0,0.0
9,0,13,-0.035892757373415574,0.029245325136015476,0.09728732432925638,0,0.0,0.0
9,0,14,-0.035892757373415574,0.029245325136015476,0.10447406855769147,0,0.0,0.0
9,0,15,-0.035892757373415574,0.029245325136015476,0.11166081278612655,0,0.0,0.0
9,0,16,-0.035892757373415574,0.029245325136015476,0.11884755701456162,0,0.0,0.0
9,0,17,-0.035892757373415574,0.029245325136015476,0.12603430124299672,0,0.0,0.0
9,0,18,-0.035892757373415574,0.029245325136015476,0.1332210454714318,0,0.0,0.0
9,0,19,-0.035892757373415574,0.029245325136015476,0.14040778969986686,0,0.0,0.0
9,1,0,-0.035892757373415574,0.045170572136065026,0.0038596493596003397,0,0.0,1.2007735594629243e-05
9,1,1,-0.035892757373415574,0.045170572136065026,0.01104639358803542,0,0.0,1.5281675570189625e-05
9,1,2,-0.035892757373415574,0.045170572136065026,0.0182331378164705,0,0.0,1.12866383980558e-05
9,1,3,-0.035892757373415574,0.045170572136065026,0.02541988204490558,0,0.0,5.716191748484368e-06
9,1,4,-0.035892757373415574,0.045170572136065026,0.032606626273340655,0,0.0,2.1819268918655606e-06
9,1,5,-0.035892757373415574,0.045170572136065026,0.03979337050177574,0,0.0,5.894118407492769e-07
9,1,6,-0.035892757373415574,0.045170572136065026,0.046980114730210826,0,0.0,1.1245729604832633e-07
9,1,7,-0.035892757373415574,0.045170572136065026,0.0541668589586459,0,0.0,1.6286677646366844e-08
9,1,8,-0.035892757373415574,0.045170572136065026,0.06135360318708098,0,0.0,2.2931939369546678e-09
9,1,9,-0.035892757373415574,0.045170572136065026,0.06854034741551607,0,0.0,3.1274541521118953e-10
9,1,10,-0.035892757373415574,0.045170572136065026,0.07572709164395114,0,0.0,2.2864883071860925e-11
9,1,11,-0.035892757373415574,0.045170572136065026,0.08291383587238624,0,0.0,6.769741468958046e-13
9,1,12,-0.035892757373415574,0.045170572136065026,0.09010058010082131,0,0.0,3.495672727962196e-16
9,1,13,-0.035892757373415574,0.045170572136065026,0.09728732432925638,0,0.0,0.0
9,1,14,-0.035892757373415574,0.045170572136065026,0.10447406855769147,0,0.0,0.0
9,1,15,-0.035892757373415574,0.045170572136065026,0.11166081278612655,0,0.0,0.0
9,1,16,-0.035892757373415574,0.045170572136065026,0.11884755701456162,0,0.0,0.0
9,1,17,-0.035892757373415574,0.045170572136065026,0.12603430124299672,0,0.0,0.0
9,1,18,-0.035892757373415574,0.045170572136065026,0.1332210454714318,0,0.0,0.0
9,1,19,-0.035892757373415574,0.045170572136065026,0.14040778969986686,0,0.0,0.0
9,2,0,-0.035892757373415574,0.06109581913611459,0.0038596493596003397,0,0.0,8.401086901978065e-05
9,2,1,-0.035892757373415574,0.06109581913611459,0.01104639358803542,0,0.0,0.00010066488866745304
9,2,2,-0.035892757373415574,0.06109581913611459,0.0182331378164705,0,0.0,7.009618422417654e-05
9,2,3,-0.035892757373415574,0.06109581913611459,0.02541988204490558,0,0.0,3.490291477729949e-05
9,2,4,-0.035892757373415574,0.06109581913611459,0.032606626273340655,0,0.0,1.4517750739210571e-05
9,2,5,-0.035892757373415574,0.06109581913611459,0.03979337050177574,0,0.0,4.638744300200772e-06
9,2,6,-0.035892757373415574,0.06109581913611459,0.046980114730210826,0,0.0,1.0226213304223338e-06
9,2,7,-0.035892757373415574,0.06109581913611459,0.0541668589586459,0,0.0,1.5677456162821072e-07
9,2,8,-0.035892757373415574,0.06109581913611459,0.06135360318708098,0,0.0,2.2604660611212076e-08
9,2,9,-0.035892757373415574,0.06109581913611459,0.06854034741551607,0,0.0,3.4997095144525865e-09
9,2,10,-0.035892757373415574,0.06109581913611459,0.07572709164395114,0,0.0,4.833333195129359e-10
9,2,11,-0.035892757373415574,0.06109581913611459,0.08291383587238624,0,0.0,6.384331627421979e-11
9,2,12,-0.035892757373415574,0.06109581913611459,0.09010058010082131,0,0.0,4.681699351376001e-12
9,2,13,-0.035892757373415574,0.06109581913611459,0.09728732432925638,0,0.0,1.4102550310872469e-13
9,2,14,-0.035892757373415574,0.06109581913611459,0.10447406855769147,0,0.0,0.0
9,2,15,-0.035892757373415574,0.06109581913611459,0.11166081278612655,0,0.0,0.0
9,2,16,-0.035892757373415574,0.06109581913611459,0.11884755701456162,0,0.0,0.0
9,2,17,-0.035892757373415574,0.06109581913611459,0.12603430124299672,0,0.0,0.0
9,2,18,-0.035892757373415574,0.06109581913611459,0.1332210454714318,0,0.0,0.0
9,2,19,-0.035892757373415574,0.06109581913611459,0.14040778969986686,0,0.0,0.0
9,3,0,-0.035892757373415574,0.07702106613616413,0.0038596493596003397,0,0.0,0.00032041337812281173
9,3,1,-0.035892757373415574,0.07702106613616413,0.01104639358803542,0,0.0,0.00036221381887055525
9,3,2,-0.035892757373415574,0.07702106613616413,0.0182331378164705,0,0.0,0.00024009966331112856
9,3,3,-0.035892757373415574,0.07702106613616413,0.02541988204490558,0,0.0,0.00011669375906521954
9,3,4,-0.035892757373415574,0.07702106613616413,0.032606626273340655,0,0.0,5.1154214817256226e-05
9,3,5,-0.035892757373415574,0.07702106613616413,0.03979337050177574,0,0.0,1.8818562151275787e-05
9,3,6,-0.035892757373415574,0.07702106613616413,0.046980114730210826,0,0.0,4.830663110784718e-06
9,3,7,-0.035892757373415574,0.07702106613616413,0.0541668589586459,0,0.0,8.393801000545545e-07
9,3,8,-0.035892757373415574,0.07702106613616413,0.06135360318708098,0,0.0,1.4336172726662802e-07
9,3,9,-0.035892757373415574,0.07702106613616413,0.06854034741551607,0,0.0,3.408773200916327e-08
9,3,10,-0.035892757373415574,0.07702106613616413,0.07572709164395114,0,0.0,1.0243099355483138e-08
9,3,11,-0.035892757373415574,0.07702106613616413,0.08291383587238624,0,0.0,2.353208617761473e-09
9,3,12,-0.035892757373415574,0.07702106613616413,0.09010058010082131,0,0.0,4.097743595367716e-10
9,3,13,-0.035892757373415574,0.07702106613616413,0.09728732432925638,0,0.0,6.156387184400616e-11
9,3,14,-0.035892757373415574,0.07702106613616413,0.10447406855769147,0,0.0,4.670123273147386e-12
9,3,15,-0.035892757373415574,0.07702106613616413,0.11166081278612655,0,0.0,1.4102550310872469e-13
9,3,16,-0.035892757373415574,0.07702106613616413,0.11884755701456162,0,0.0,0.0
9,3,17,-0.035892757373415574,0.07702106613616413,0.12603430124299672,0,0.0,0.0
9,3,18,-0.035892757373415574,0.07702106613616413,0.1332210454714318,0,0.0,0.0
9,3,19,-0.035892757373415574,0.07702106613616413,0.14040778969986686,0,0.0,0.0
9,4,0,-0.035892757373415574,0.09294631313621368,0.0038596493596003397,6,0.0006,0.000719098497966062
9,4,1,-0.035892757373415574,0.09294631313621368,0.01104639358803542,6,0.0006,0.0007775066692204953
9,4,2,-0.035892757373415574,0.09294631313621368,0.0182331378164705,2,0.0002,0.0004927995073827014
9,4,3,-0.035892757373415574,0.09294631313621368,0.02541988204490558,2,0.0002,0.00022906601555996856
9,4,4,-0.035892757373415574,0.09294631313621368,0.032606626273340655,2,0.0002,0.00010190593316016422
9,4,5,-0.035892757373415574,0.09294631313621368,0.03979337050177574,0,0.0,4.351602769673624e-05
9,4,6,-0.035892757373415574,0.09294631313621368,0.046980114730210826,0,0.0,1.406242083002687e-05
9,4,7,-0.035892757373415574,0.09294631313621368,0.0541668589586459,0,0.0,3.3062373259332575e-06
9,4,8,-0.035892757373415574,0.09294631313621368,0.06135360318708098,0,0.0,8.621815129836013e-07
9,4,9,-0.035892757373415574,0.09294631313621368,0.06854034741551607,0,0.0,3.1342224214125544e-07
9,4,10,-0.035892757373415574,0.09294631313621368,0.07572709164395114,0,0.0,1.30547544317051e-07
9,4,11,-0.035892757373415574,0.09294631313621368,0.08291383587238624,0,0.0,4.212639972842181e-08
9,4,12,-0.035892757373415574,0.09294631313621368,0.09010058010082131,0,0.0,1.2039342401019122e-08
9,4,13,-0.035892757373415574,0.09294631313621368,0.09728732432925638,0,0.0,2.239470195930196e-09
9,4,14,-0.035892757373415574,0.09294631313621368,0.10447406855769147,0,0.0,1.7684734823532186e-10
9,4,15,-0.035892757373415574,0.09294631313621368,0.11166081278612655,0,0.0,5.302155729068685e-12
9,4,16,-0.035892757373415574,0.09294631313621368,0.11884755701456162,0,0.0,0.0
9,4,17,-0.035892757373415574,0.09294631313621368,0.12603430124299672,0,0.0,0.0
9,4,18,-0.035892757373415574,0.09294631313621368,0.1332210454714318,0,0.0,0.0
9,4,19,-0.035892757373415574,0.09294631313621368,0.14040778969986686,0,0.0,0.0
9,5,0,-0.035892757373415574,0.10887156013626324,0.0038596493596003397,22,0.0022,0.0010246411214656225
9,5,1,-0.035892757373415574,0.10887156013626324,0.01104639358803542,14,0.0014,0.0010961455702623453
9,5,2,-0.035892757373415574,0.10887156013626324,0.0182331378164705,4,0.0004,0.0006909264251729936
9,5,3,-0.035892757373415574,0.10887156013626324,0.02541988204490558,0,0.0,0.0003275951919957071
9,5,4,-0.035892757373415574,0.10887156013626324,0.032606626273340655,0,0.0,0.00015833595753509652
9,5,5,-0.035892757373415574,0.10887156013626324,0.03979337050177574,1,0.0001,8.11285373313547e-05
9,5,6,-0.035892757373415574,0.10887156013626324,0.046980114730210826,0,0.0,3.40834471058447e-05
9,5,7,-0.035892757373415574,0.10887156013626324,0.0541668589586459,0,0.0,1.1316117365345522e-05
9,5,8,-0.035892757373415574,0.10887156013626324,0.06135360318708098,0,0.0,3.992831238565699e-06
9,5,9,-0.035892757373415574,0.10887156013626324,0.06854034741551607,0,0.0,1.7656015426584645e-06
9,5,10,-0.035892757373415574,0.10887156013626324,0.07572709164395114,0,0.0,9.172092231320612e-07
9,5,11,-0.035892757373415574,0.10887156013626324,0.08291383587238624,0,0.0,4.4201425714648303e-07
9,5,12,-0.035892757373415574,0.10887156013626324,0.09010058010082131,0,0.0,1.6924827563195611e-07
9,5,13,-0.035892757373415574,0.10887156013626324,0.09728732432925638,0,0.0,3.3413860415625e-08
9,5,14,-0.035892757373415574,0.10887156013626324,0.10447406855769147,0,0.0,2.677831448792106e-09
9,5,15,-0.035892757373415574,0.10887156013626324,0.11166081278612655,0,0.0,8.249391227440224e-11
9,5,16,-0.035892757373415574,0.10887156013626324,0.11884755701456162,0,0.0,1.4102550310872469e-13
9,5,17,-0.035892757373415574,0.10887156013626324,0.12603430124299672,0,0.0,0.0
9,5,18,-0.035892757373415574,0.10887156013626324,0.1332210454714318,0,0.0,0.0
9,5,19,-0.035892757373415574,0.10887156013626324,0.14040778969986686,0,0.0,0.0
9,6,0,-0.035892757373415574,0.1247968071363128,0.0038596493596003397,16,0.0016,0.0009647934379738144
9,6,1,-0.035892757373415574,0.1247968071363128,0.01104639358803542,21,0.0021,0.001076561870905244
9,6,2,-0.035892757373415574,0.1247968071363128,0.0182331378164705,4,0.0004,0.0007387279999272958
9,6,3,-0.035892757373415574,0.1247968071363128,0.02541988204490558,3,0.0003,0.0004136797317441083
9,6,4,-0.035892757373415574,0.1247968071363128,0.032606626273340655,2,0.0002,0.00023699651585475006
9,6,5,-0.035892757373415574,0.1247968071363128,0.03979337050177574,1,0.0001,0.00013573392173315738
9,6,6,-0.035892757373415574,0.1247968071363128,0.046980114730210826,0,0.0,6.756596849143692e-05
9,6,7,-0.035892757373415574,0.1247968071363128,0.0541668589586459,0,0.0,2.8646863532650676e-05
9,6,8,-0.035892757373415574,0.1247968071363128,0.06135360318708098,0,0.0,1.3226772429876461e-05
9,6,9,-0.035892757373415574,0.1247968071363128,0.06854034741551607,0,0.0,8.047767917100784e-06
9,6,10,-0.035892757373415574,0.1247968071363128,0.07572709164395114,0,0.0,5.329949988373843e-06
9,6,11,-0.035892757373415574,0.1247968071363128,0.08291383587238624,0,0.0,3.094053490092995e-06
9,6,12,-0.035892757373415574,0.1247968071363128,0.09010058010082131,0,0.0,1.2151342184388023e-06
9,6,13,-0.035892757373415574,0.1247968071363128,0.09728732432925638,0,0.0,2.3680796505488622e-07
9,6,14,-0.035892757373415574,0.1247968071363128,0.10447406855769147,0,0.0,2.0015147030420842e-08
9,6,15,-0.035892757373415574,0.1247968071363128,0.11166081278612655,0,0.0,1.364041142242573e-09
9,6,16,-0.035892757373415574,0.1247968071363128,0.11884755701456162,0,0.0,6.806733467381794e-10
9,6,17,-0.035892757373415574,0.1247968071363128,0.12603430124299672,0,0.0,3.1187383971143843e-10
9,6,18,-0.035892757373415574,0.1247968071363128,0.1332210454714318,0,0.0,6.156387184400616e-11
9,6,19,-0.035892757373415574,0.1247968071363128,0.14040778969986686,0,0.0,4.8111487762561116e-12
9,7,0,-0.035892757373415574,0.14072205413636235,0.0038596493596003397,2,0.0002,0.0005910923913759233
9,7,1,-0.035892757373415574,0.14072205413636235,0.01104639358803542,3,0.0003,0.0007307484161536119
9,7,2,-0.035892757373415574,0.14072205413636235,0.0182331378164705,2,0.0002,0.0005996303283198959
9,7,3,-0.035892757373415574,0.14072205413636235,0.02541988204490558,4,0.0004,0.00042032936054949916
9,7,4,-0.035892757373415574,0.14072205413636235,0.032606626273340655,1,0.0001,0.0002760118311597468
9,7,5,-0.035892757373415574,0.14072205413636235,0.03979337050177574,1,0.0001,0.0001647520420684853
9,7,6,-0.035892757373415574,0.14072205413636235,0.046980114730210826,1,0.0001,9.214999077036739e-05
9,7,7,-0.035892757373415574,0.14072205413636235,0.0541668589586459,0,0.0,5.1483535457480135e-05
9,7,8,-0.035892757373415574,0.14072205413636235,0.06135360318708098,0,0.0,3.6763531291616584e-05
9,7,9,-0.035892757373415574,0.14072205413636235,0.06854034741551607,0,0.0,3.0792090653871934e-05
9,7,10,-0.035892757373415574,0.14072205413636235,0.07572709164395114,0,0.0,2.2395772093637693e-05
9,7,11,-0.035892757373415574,0.14072205413636235,0.08291383587238624,0,0.0,1.2590757765941991e-05
9,7,12,-0.035892757373415574,0.14072205413636235,0.09010058010082131,0,0.0,4.632507595479819e-06
9,7,13,-0.035892757373415574,0.14072205413636235,0.09728732432925638,0,0.0,9.237282884718518e-07
9,7,14,-0.035892757373415574,0.14072205413636235,0.10447406855769147,0,0.0,1.0231072834778567e-07
9,7,15,-0.035892757373415574,0.14072205413636235,0.11166081278612655,0,0.0,2.8206841164033788e-08
9,7,16,-0.035892757373415574,0.14072205413636235,0.11884755701456162,0,0.0,2.4583762385646816e-08
9,7,17,-0.035892757373415574,0.14072205413636235,0.12603430124299672,0,0.0,1.3456108662341027e-08
9,7,18,-0.035892757373415574,0.14072205413636235,0.1332210454714318,0,0.0,3.924041702901312e-09
9,7,19,-0.035892757373415574,0.14072205413636235,0.14040778969986686,0,0.0,5.798554915378704e-10
9,8,0,-0.035892757373415574,0.1566473011364119,0.0038596493596003397,0,0.0,0.00023247805250705867
9,8,1,-0.035892757373415574,0.1566473011364119,0.01104639358803542,0,0.0,0.00033984930827711356
9,8,2,-0.035892757373415574,0.1566473011364119,0.0182331378164705,2,0.0002,0.0003477381681470059
9,8,3,-0.035892757373415574,0.1566473011364119,0.02541988204490558,1,0.0001,0.00029764393015828926
9,8,4,-0.035892757373415574,0.1566473011364119,0.032606626273340655,3,0.0003,0.00022061062592571384
9,8,5,-0.035892757373415574,0.1566473011364119,0.03979337050177574,0,0.0,0.00013699583902924801
9,8,6,-0.035892757373415574,0.1566473011364119,0.046980114730210826,1,0.0001,8.528253972529754e-05
9,8,7,-0.035892757373415574,0.1566473011364119,0.0541668589586459,0,0.0,6.502131947514412e-05
9,8,8,-0.035892757373415574,0.1566473011364119,0.06135360318708098,2,0.0002,6.572176499924958e-05
9,8,9,-0.035892757373415574,0.1566473011364119,0.06854034741551607,1,0.0001,6.562777349518237e-05
9,8,10,-0.035892757373415574,0.1566473011364119,0.07572709164395114,0,0.0,5.067714871854377e-05
9,8,11,-0.035892757373415574,0.1566473011364119,0.08291383587238624,0,0.0,2.8649524900212237e-05
9,8,12,-0.035892757373415574,0.1566473011364119,0.09010058010082131,0,0.0,1.104367411793288e-05
9,8,13,-0.035892757373415574,0.1566473011364119,0.09728732432925638,0,0.0,2.6689396450281203e-06
9,8,14,-0.035892757373415574,0.1566473011364119,0.10447406855769147,0,0.0,5.295974271309578e-07
9,8,15,-0.035892757373415574,0.1566473011364119,0.11166081278612655,0,0.0,3.476301014847589e-07
9,8,16,-0.035892757373415574,0.1566473011364119,0.11884755701456162,0,0.0,3.469807225896237e-07
9,8,17,-0.035892757373415574,0.1566473011364119,0.12603430124299672,0,0.0,2.3129739988114548e-07
9,8,18,-0.035892757373415574,0.1566473011364119,0.1332210454714318,0,0.0,8.76904724876718e-08
9,8,19,-0.035892757373415574,0.1566473011364119,0.14040778969986686,0,0.0,1.590157514380457e-08
9,9,0,-0.035892757373415574,0.17257254813646145,0.0038596493596003397,0,0.0,5.878603791991176e-05
9,9,1,-0.035892757373415574,0.17257254813646145,0.01104639358803542,0,0.0,0.00010473782512681622
9,9,2,-0.035892757373415574,0.17257254813646145,0.0182331378164705,0,0.0,0.00012941161652995901
9,9,3,-0.035892757373415574,0.17257254813646145,0.02541988204490558,0,0.0,0.00013306776850085145
9,9,4,-0.035892757373415574,0.17257254813646145,0.032606626273340655,1,0.0001,0.00011763866640045405
9,9,5,-0.035892757373415574,0.17257254813646145,0.03979337050177574,0,0.0,8.134221309164074e-05
9,9,6,-0.035892757373415574,0.17257254813646145,0.046980114730210826,0,0.0,5.67906970411797e-05
9,9,7,-0.035892757373415574,0.17257254813646145,0.0541668589586459,1,0.0001,5.2662941959829444e-05
9,9,8,-0.035892757373415574,0.17257254813646145,0.06135360318708098,1,0.0001,6.364973485814504e-05
9,9,9,-0.035892757373415574,0.17257254813646145,0.06854034741551607,2,0.0002,7.275769343379932e-05
9,9,10,-0.035892757373415574,0.17257254813646145,0.07572709164395114,0,0.0,6.365737086399108e-05
9,9,11,-0.035892757373415574,0.17257254813646145,0.08291383587238624,0,0.0,4.389584098833036e-05
9,9,12,-0.035892757373415574,0.17257254813646145,0.09010058010082131,0,0.0,2.2085988993938996e-05
9,9,13,-0.035892757373415574,0.17257254813646145,0.09728732432925638,0,0.0,7.2249603506955596e-06
9,9,14,-0.035892757373415574,0.17257254813646145,0.10447406855769147,0,0.0,2.3985244884302833e-06
9,9,15,-0.035892757373415574,0.17257254813646145,0.11166081278612655,0,0.0,1.989464764289947e-06
9,9,16,-0.035892757373415574,0.17257254813646145,0.11884755701456162,0,0.0,2.1894768670024403e-06
9,9,17,-0.035892757373415574,0.17257254813646145,0.12603430124299672,0,0.0,1.888323624981708e-06
9,9,18,-0.035892757373415574,0.17257254813646145,0.1332210454714318,0,0.0,8.85826980042368e-07
9,9,19,-0.035892757373415574,0.17257254813646145,0.14040778969986686,0,0.0,1.7949628242660973e-07
9,10,0,-0.035892757373415574,0.188497795136511,0.0038596493596003397,0,0.0,9.431673561096597e-06
9,10,1,-0.035892757373415574,0.188497795136511,0.01104639358803542,0,0.0,1.9486770721622048e-05
9,10,2,-0.035892757373415574,0.188497795136511,0.0182331378164705,0,0.0,2.7466029580369395e-05
9,10,3,-0.035892757373415574,0.188497795136511,0.02541988204490558,0,0.0,3.545839831772795e-05
9,10,4,-0.035892757373415574,0.188497795136511,0.032606626273340655,0,0.0,4.081001536204951e-05
9,10,5,-0.035892757373415574,0.188497795136511,0.03979337050177574,0,0.0,3.3901060367727276e-05
9,10,6,-0.035892757373415574,0.188497795136511,0.046980114730210826,0,0.0,2.555289766431116e-05
9,10,7,-0.035892757373415574,0.188497795136511,0.0541668589586459,0,0.0,2.5485685983234437e-05
9,10,8,-0.035892757373415574,0.188497795136511,0.06135360318708098,0,0.0,3.642590296158134e-05
9,10,9,-0.035892757373415574,0.188497795136511,0.06854034741551607,0,0.0,4.8152782307685404e-05
9,10,10,-0.035892757373415574,0.188497795136511,0.07572709164395114,0,0.0,5.007536314909457e-05
9,10,11,-0.035892757373415574,0.188497795136511,0.08291383587238624,3,0.0003,4.724534474839279e-05
9,10,12,-0.035892757373415574,0.188497795136511,0.09010058010082131,0,0.0,3.200635862452726e-05
9,10,13,-0.035892757373415574,0.188497795136511,0.09728732432925638,0,0.0,1.3836824258020776e-05
9,10,14,-0.035892757373415574,0.188497795136511,0.10447406855769147,0,0.0,6.655743789001038e-06
9,10,15,-0.035892757373415574,0.188497795136511,0.11166081278612655,0,0.0,5.776917164499514e-06
9,10,16,-0.035892757373415574,0.188497795136511,0.11884755701456162,0,0.0,7.143151240381343e-06
9,10,17,-0.035892757373415574,0.188497795136511,0.12603430124299672,0,0.0,7.346075802563612e-06
9,10,18,-0.035892757373415574,0.188497795136511,0.1332210454714318,0,0.0,3.761881826656475e-06
9,10,19,-0.035892757373415574,0.188497795136511,0.14040778969986686,0,0.0,7.886039712264675e-07
9,11,0,-0.035892757373415574,0.20442304213656057,0.0038596493596003397,0,0.0,9.507524495703887e-07
9,11,1,-0.035892757373415574,0.20442304213656057,0.01104639358803542,0,0.0,2.1047801429612277e-06
9,11,2,-0.035892757373415574,0.20442304213656057,0.0182331378164705,0,0.0,3.3094814100936513e-06
9,11,3,-0.035892757373415574,0.20442304213656057,0.02541988204490558,0,0.0,5.736215693787673e-06
9,11,4,-0.035892757373415574,0.20442304213656057,0.032606626273340655,0,0.0,8.935923766896471e-06
9,11,5,-0.035892757373415574,0.20442304213656057,0.03979337050177574,0,0.0,9.103394550778316e-06
9,11,6,-0.035892757373415574,0.20442304213656057,0.046980114730210826,0,0.0,7.15355405205152e-06
9,11,7,-0.035892757373415574,0.20442304213656057,0.0541668589586459,0,0.0,8.422872046811532e-06
9,11,8,-0.035892757373415574,0.20442304213656057,0.06135360318708098,0,0.0,1.6701291441216854e-05
9,11,9,-0.035892757373415574,0.20442304213656057,0.06854034741551607,0,0.0,2.4654575955522087e-05
9,11,10,-0.035892757373415574,0.20442304213656057,0.07572709164395114,0,0.0,2.6140423238624784e-05
9,11,11,-0.035892757373415574,0.20442304213656057,0.08291383587238624,0,0.0,2.9432854255241003e-05
9,11,12,-0.035892757373415574,0.20442304213656057,0.09010058010082131,1,0.0001,2.5819684882836687e-05
9,11,13,-0.035892757373415574,0.20442304213656057,0.09728732432925638,0,0.0,1.507095682030598e-05
9,11,14,-0.035892757373415574,0.20442304213656057,0.10447406855769147,0,0.0,9.635773801610858e-06
9,11,15,-0.035892757373415574,0.20442304213656057,0.11166081278612655,0,0.0,9.59743287349009e-06
9,11,16,-0.035892757373415574,0.20442304213656057,0.11884755701456162,0,0.0,1.3240991709522183e-05
9,11,17,-0.035892757373415574,0.20442304213656057,0.12603430124299672,1,0.0001,1.3297692155349056e-05
9,11,18,-0.035892757373415574,0.20442304213656057,0.1332210454714318,0,0.0,6.49173632282011e-06
9,11,19,-0.035892757373415574,0.20442304213656057,0.14040778969986686,0,0.0,1.3247309438369083e-06
9,12,0,-0.035892757373415574,0.22034828913661011,0.0038596493596003397,0,0.0,6.281046768574932e-08
9,12,1,-0.035892757373415574,0.22034828913661011,0.01104639358803542,0,0.0,1.4643303768420778e-07
9,12,2,-0.035892757373415574,0.22034828913661011,0.0182331378164705,0,0.0,2.6556540063807215e-07
9,12,3,-0.035892757373415574,0.22034828913661011,0.02541988204490558,0,0.0,6.25003353497953e-07
9,12,4,-0.035892757373415574,0.22034828913661011,0.032606626273340655,0,0.0,1.251103373929326e-06
9,12,5,-0.035892757373415574,0.22034828913661011,0.03979337050177574,0,0.0,1.5208731796055906e-06
9,12,6,-0.035892757373415574,0.22034828913661011,0.046980114730210826,0,0.0,1.3856176611914836e-06
9,12,7,-0.035892757373415574,0.22034828913661011,0.0541668589586459,0,0.0,2.42863092099938e-06
9,12,8,-0.035892757373415574,0.22034828913661011,0.06135360318708098,0,0.0,6.316010624391695e-06
9,12,9,-0.035892757373415574,0.22034828913661011,0.06854034741551607,0,0.0,9.470915177307008e-06
9,12,10,-0.035892757373415574,0.22034828913661011,0.07572709164395114,0,0.0,8.744687191471634e-06
9,12,11,-0.035892757373415574,0.22034828913661011,0.08291383587238624,0,0.0,1.0475291418082166e-05
9,12,12,-0.035892757373415574,0.22034828913661011,0.09010058010082131,0,0.0,1.2177601866684875e-05
9,12,13,-0.035892757373415574,0.22034828913661011,0.09728732432925638,0,0.0,9.199819966292521e-06
9,12,14,-0.035892757373415574,0.22034828913661011,0.10447406855769147,0,0.0,6.965201618830918e-06
9,12,15,-0.035892757373415574,0.22034828913661011,0.11166081278612655,0,0.0,9.093712426270788e-06
9,12,16,-0.035892757373415574,0.22034828913661011,0.11884755701456162,1,0.0001,1.345731616373041e-05
9,12,17,-0.035892757373415574,0.22034828913661011,0.12603430124299672,0,0.0,1.1410450585466016e-05
9,12,18,-0.035892757373415574,0.22034828913661011,0.1332210454714318,0,0.0,4.689664136571102e-06
9,12,19,-0.035892757373415574,0.22034828913661011,0.14040778969986686,0,0.0,8.664661425963081e-07
9,13,0,-0.035892757373415574,0.2362735361366597,0.0038596493596003397,0,0.0,2.9296712852893847e-09
9,13,1,-0.035892757373415574,0.2362735361366597,0.01104639358803542,0,0.0,7.734293514976864e-09
9,13,2,-0.035892757373415574,0.2362735361366597,0.0182331378164705,0,0.0,2.1024395908641747e-08
9,13,3,-0.035892757373415574,0.2362735361366597,0.02541988204490558,0,0.0,7.030485024716418e-08
9,13,4,-0.035892757373415574,0.2362735361366597,0.032606626273340655,0,0.0,1.4891125712389507e-07
9,13,5,-0.035892757373415574,0.2362735361366597,0.03979337050177574,0,0.0,1.9125853959939974e-07
9,13,6,-0.035892757373415574,0.2362735361366597,0.046980114730210826,0,0.0,2.1790514690424011e-07
9,13,7,-0.035892757373415574,0.2362735361366597,0.0541668589586459,0,0.0,4.6294126051822694e-07
9,13,8,-0.035892757373415574,0.2362735361366597,0.06135360318708098,0,0.0,1.274142015615097e-06
9,13,9,-0.035892757373415574,0.2362735361366597,0.06854034741551607,0,0.0,1.987100000642569e-06
9,13,10,-0.035892757373415574,0.2362735361366597,0.07572709164395114,0,0.0,2.168510835268493e-06
9,13,11,-0.035892757373415574,0.2362735361366597,0.08291383587238624,0,0.0,3.4578488315665125e-06
9,13,12,-0.035892757373415574,0.2362735361366597,0.09010058010082131,0,0.0,4.60772690446808e-06
9,13,13,-0.035892757373415574,0.2362735361366597,0.09728732432925638,0,0.0,3.5688096860223386e-06
9,13,14,-0.035892757373415574,0.2362735361366597,0.10447406855769147,0,0.0,2.6556193304206963e-06
9,13,15,-0.035892757373415574,0.2362735361366597,0.11166081278612655,0,0.0,4.347988507911748e-06
9,13,16,-0.035892757373415574,0.2362735361366597,0.11884755701456162,0,0.0,6.602389967574404e-06
9,13,17,-0.035892757373415574,0.2362735361366597,0.12603430124299672,0,0.0,4.723029044430705e-06
9,13,18,-0.035892757373415574,0.2362735361366597,0.1332210454714318,0,0.0,1.540118899865954e-06
9,13,19,-0.035892757373415574,0.2362735361366597,0.14040778969986686,0,0.0,2.4685576138801044e-07
9,14,0,-0.035892757373415574,0.25219878313670924,0.0038596493596003397,0,0.0,9.967756690901109e-11
9,14,1,-0.035892757373415574,0.25219878313670924,0.01104639358803542,0,0.0,3.9160673495951963e-10
9,14,2,-0.035892757373415574,0.25219878313670924,0.0182331378164705,0,0.0,2.2703229426246126e-09
9,14,3,-0.035892757373415574,0.25219878313670924,0.02541988204490558,0,0.0,9.501976959782492e-09
9,14,4,-0.035892757373415574,0.25219878313670924,0.032606626273340655,0,0.0,1.8427056370240528e-08
9,14,5,-0.035892757373415574,0.25219878313670924,0.03979337050177574,0,0.0,2.171756773753334e-08
9,14,6,-0.035892757373415574,0.25219878313670924,0.046980114730210826,0,0.0,2.4898487777580446e-08
9,14,7,-0.035892757373415574,0.25219878313670924,0.0541668589586459,0,0.0,4.287504341958738e-08
9,14,8,-0.035892757373415574,0.25219878313670924,0.06135360318708098,0,0.0,1.2148229579789642e-07
9,14,9,-0.035892757373415574,0.25219878313670924,0.06854034741551607,0,0.0,3.3872596863483584e-07
9,14,10,-0.035892757373415574,0.25219878313670924,0.07572709164395114,0,0.0,1.0066537836523109e-06
9,14,11,-0.035892757373415574,0.25219878313670924,0.08291383587238624,0,0.0,1.947815313848946e-06
9,14,12,-0.035892757373415574,0.25219878313670924,0.09010058010082131,0,0.0,1.936470959696138e-06
9,14,13,-0.035892757373415574,0.25219878313670924,0.09728732432925638,0,0.0,1.0797546285616601e-06
9,14,14,-0.035892757373415574,0.25219878313670924,0.10447406855769147,0,0.0,5.940686038946231e-07
9,14,15,-0.035892757373415574,0.25219878313670924,0.11166081278612655,0,0.0,9.655429066439059e-07
9,14,16,-0.035892757373415574,0.25219878313670924,0.11884755701456162,0,0.0,1.4452229499033177e-06
9,14,17,-0.035892757373415574,0.25219878313670924,0.12603430124299672,0,0.0,9.372401163583842e-07
9,14,18,-0.035892757373415574,0.25219878313670924,0.1332210454714318,0,0.0,2.841615699147342e-07
9,14,19,-0.035892757373415574,0.25219878313670924,0.14040778969986686,0,0.0,9.140823856576605e-08
9,15,0,-0.035892757373415574,0.2681240301367588,0.0038596493596003397,0,0.0,2.070838050891308e-12
9,15,1,-0.035892757373415574,0.2681240301367588,0.01104639358803542,0,0.0,1.6698401029254708e-11
9,15,2,-0.035892757373415574,0.2681240301367588,0.0182331378164705,0,0.0,1.5997466521821484e-10
9,15,3,-0.035892757373415574,0.2681240301367588,0.02541988204490558,0,0.0,7.138534405778519e-10
9,15,4,-0.035892757373415574,0.2681240301367588,0.032606626273340655,0,0.0,1.326570794608018e-09
9,15,5,-0.035892757373415574,0.2681240301367588,0.03979337050177574,0,0.0,1.4651010529220759e-09
9,15,6,-0.035892757373415574,0.2681240301367588,0.046980114730210826,0,0.0,1.5388152380462843e-09
9,15,7,-0.035892757373415574,0.2681240301367588,0.0541668589586459,0,0.0,2.068923851289193e-09
9,15,8,-0.035892757373415574,0.2681240301367588,0.06135360318708098,0,0.0,1.2424298428170451e-08
9,15,9,-0.035892757373415574,0.2681240301367588,0.06854034741551607,0,0.0,1.115578913009179e-07
9,15,10,-0.035892757373415574,0.2681240301367588,0.07572709164395114,0,0.0,4.935479037106075e-07
9,15,11,-0.035892757373415574,0.2681240301367588,0.08291383587238624,0,0.0,8.822487656199078e-07
9,15,12,-0.035892757373415574,0.2681240301367588,0.09010058010082131,0,0.0,6.644150969227524e-07
9,15,13,-0.035892757373415574,0.2681240301367588,0.09728732432925638,0,0.0,2.4883050202685746e-07
9,15,14,-0.035892757373415574,0.2681240301367588,0.10447406855769147,0,0.0,8.969427626334051e-08
9,15,15,-0.035892757373415574,0.2681240301367588,0.11166081278612655,0,0.0,1.2036619025936946e-07
9,15,16,-0.035892757373415574,0.2681240301367588,0.11884755701456162,0,0.0,1.7246462016173668e-07
9,15,17,-0.035892757373415574,0.2681240301367588,0.12603430124299672,0,0.0,1.1784876132797115e-07
9,15,18,-0.035892757373415574,0.2681240301367588,0.1332210454714318,0,0.0,8.671118416065091e-08
9,15,19,-0.035892757373415574,0.2681240301367588,0.14040778969986686,0,0.0,1.051275030436444e-07
9,16,0,-0.035892757373415574,0.2840492771368084,0.0038596493596003397,0,0.0,1.15760782286143e-14
9,16,1,-0.035892757373415574,0.2840492771368084,0.01104639358803542,0,0.0,3.8334706244974095e-13
9,16,2,-0.035892757373415574,0.2840492771368084,0.0182331378164705,0,0.0,4.681699351376001e-12
9,16,3,-0.035892757373415574,0.2840492771368084,0.02541988204490558,0,0.0,2.131338749284581e-11
9,16,4,-0.035892757373415574,0.2840492771368084,0.032606626273340655,0,0.0,3.9177926127355046e-11
9,16,5,-0.035892757373415574,0.2840492771368084,0.03979337050177574,0,0.0,4.187165693902075e-11
9,16,6,-0.035892757373415574,0.2840492771368084,0.046980114730210826,0,0.0,3.9596700559036225e-11
9,16,7,-0.035892757373415574,0.2840492771368084,0.0541668589586459,0,0.0,8.470668599485535e-11
9,16,8,-0.035892757373415574,0.2840492771368084,0.06135360318708098,0,0.0,1.9506513934940625e-09
9,16,9,-0.035892757373415574,0.2840492771368084,0.06854034741551607,0,0.0,2.3480457838437375e-08
9,16,10,-0.035892757373415574,0.2840492771368084,0.07572709164395114,0,0.0,1.0618415674093497e-07
9,16,11,-0.035892757373415574,0.2840492771368084,0.08291383587238624,0,0.0,1.8068451990029044e-07
9,16,12,-0.035892757373415574,0.2840492771368084,0.09010058010082131,0,0.0,1.196492859534738e-07
9,16,13,-0.035892757373415574,0.2840492771368084,0.09728732432925638,0,0.0,3.5212598760818754e-08
9,16,14,-0.035892757373415574,0.2840492771368084,0.10447406855769147,0,0.0,1.0447440000169127e-08
9,16,15,-0.035892757373415574,0.2840492771368084,0.11166081278612655,0,0.0,1.3075175211963271e-08
9,16,16,-0.035892757373415574,0.2840492771368084,0.11884755701456162,0,0.0,1.8319059980312724e-08
9,16,17,-0.035892757373415574,0.2840492771368084,0.12603430124299672,0,0.0,1.8841108921909705e-08
9,16,18,-0.035892757373415574,0.2840492771368084,0.1332210454714318,0,0.0,4.01532281848697e-08
9,16,19,-0.035892757373415574,0.2840492771368084,0.14040778969986686,0,0.0,6.258112715898343e-08
9,17,0,-0.035892757373415574,0.2999745241368579,0.0038596493596003397,0,0.0,0.0
9,17,1,-0.035892757373415574,0.2999745241368579,0.01104639358803542,0,0.0,0.0
9,17,2,-0.035892757373415574,0.2999745241368579,0.0182331378164705,0,0.0,0.0
9,17,3,-0.035892757373415574,0.2999745241368579,0.02541988204490558,0,0.0,0.0
9,17,4,-0.035892757373415574,0.2999745241368579,0.032606626273340655,0,0.0,0.0
9,17,5,-0.035892757373415574,0.2999745241368579,0.03979337050177574,0,0.0,0.0
9,17,6,-0.035892757373415574,0.2999745241368579,0.046980114730210826,0,0.0,1.0487018183886588e-15
9,17,7,-0.035892757373415574,0.2999745241368579,0.0541668589586459,0,0.0,4.846576145487546e-12
9,17,8,-0.035892757373415574,0.2999745241368579,0.06135360318708098,0,0.0,1.5992219641335133e-10
9,17,9,-0.035892757373415574,0.2999745241368579,0.06854034741551607,0,0.0,1.9481879143959034e-09
9,17,10,-0.035892757373415574,0.2999745241368579,0.07572709164395114,0,0.0,8.764902801930132e-09
9,17,11,-0.035892757373415574,0.2999745241368579,0.08291383587238624,0,0.0,1.4627695806682242e-08
9,17,12,-0.035892757373415574,0.2999745241368579,0.09010058010082131,0,0.0,9.227419542930624e-09
9,17,13,-0.035892757373415574,0.2999745241368579,0.09728732432925638,0,0.0,2.5494744599838686e-09
9,17,14,-0.035892757373415574,0.2999745241368579,0.10447406855769147,0,0.0,9.01926325961551e-10
9,17,15,-0.035892757373415574,0.2999745241368579,0.11166081278612655,0,0.0,1.0278605380863844e-09
9,17,16,-0.035892757373415574,0.2999745241368579,0.11884755701456162,0,0.0,1.37027812987437e-09
9,17,17,-0.035892757373415574,0.2999745241368579,0.12603430124299672,0,0.0,2.5837750939794904e-09
9,17,18,-0.035892757373415574,0.2999745241368579,0.1332210454714318,0,0.0,8.598762906368341e-09
9,17,19,-0.035892757373415574,0.2999745241368579,0.14040778969986686,0,0.0,1.3934147908433722e-08
9,18,0,-0.035892757373415574,0.3158997711369075,0.0038596493596003397,0,0.0,0.0
9,18,1,-0.035892757373415574,0.3158997711369075,0.01104639358803542,0,0.0,0.0
9,18,2,-0.035892757373415574,0.3158997711369075,0.0182331378164705,0,0.0,0.0
9,18,3,-0.035892757373415574,0.3158997711369075,0.02541988204490558,0,0.0,0.0
9,18,4,-0.035892757373415574,0.3158997711369075,0.032606626273340655,0,0.0,0.0
9,18,5,-0.035892757373415574,0.3158997711369075,0.03979337050177574,0,0.0,0.0
9,18,6,-0.035892757373415574,0.3158997711369075,0.046980114730210826,0,0.0,0.0
9,18,7,-0.035892757373415574,0.3158997711369075,0.0541668589586459,0,0.0,1.52601581337339e-13
9,18,8,-0.035892757373415574,0.3158997711369075,0.06135360318708098,0,0.0,5.053819902869924e-12
9,18,9,-0.035892757373415574,0.3158997711369075,0.06854034741551607,0,0.0,6.157544792223478e-11
9,18,10,-0.035892757373415574,0.3158997711369075,0.07572709164395114,0,0.0,2.7606343228685863e-10
9,18,11,-0.035892757373415574,0.3158997711369075,0.08291383587238624,0,0.0,4.559374343975669e-10
9,18,12,-0.035892757373415574,0.3158997711369075,0.09010058010082131,0,0.0,2.819159272824195e-10
9,18,13,-0.035892757373415574,0.3158997711369075,0.09728732432925638,0,0.0,8.477335670461586e-11
9,18,14,-0.035892757373415574,0.3158997711369075,0.10447406855769147,0,0.0,4.645651267376148e-11
9,18,15,-0.035892757373415574,0.3158997711369075,0.11166081278612655,0,0.0,4.367167049465043e-11
9,18,16,-0.035892757373415574,0.3158997711369075,0.11884755701456162,0,0.0,5.2155037930905515e-11
9,18,17,-0.035892757373415574,0.3158997711369075,0.12603430124299672,0,0.0,1.7598978254238623e-10
9,18,18,-0.035892757373415574,0.3158997711369075,0.1332210454714318,0,0.0,6.977901468521903e-10
9,18,19,-0.035892757373415574,0.3158997711369075,0.14040778969986686,0,0.0,1.1431248346809893e-09
9,19,0,-0.035892757373415574,0.331825018136957,0.0038596493596003397,0,0.0,0.0
9,19,1,-0.035892757373415574,0.331825018136957,0.01104639358803542,0,0.0,0.0
9,19,2,-0.035892757373415574,0.331825018136957,0.0182331378164705,0,0.0,0.0
9,19,3,-0.035892757373415574,0.331825018136957,0.02541988204490558,0,0.0,0.0
9,19,4,-0.035892757373415574,0.331825018136957,0.032606626273340655,0,0.0,0.0
9,19,5,-0.035892757373415574,0.331825018136957,0.03979337050177574,0,0.0,0.0
9,19,6,-0.035892757373415574,0.331825018136957,0.046980114730210826,0,0.0,0.0
9,19,7,-0.035892757373415574,0.331825018136957,0.0541668589586459,0,0.0,3.495672727962196e-16
9,19,8,-0.035892757373415574,0.331825018136957,0.06135360318708098,0,0.0,1.1576078228614303e-14
9,19,9,-0.035892757373415574,0.331825018136957,0.06854034741551607,0,0.0,1.410255031087247e-13
9,19,10,-0.035892757373415574,0.331825018136957,0.07572709164395114,0,0.0,6.323820231940944e-13
9,19,11,-0.035892757373415574,0.331825018136957,0.08291383587238624,0,0.0,1.0536214320789e-12
9,19,12,-0.035892757373415574,0.331825018136957,0.09010058010082131,0,0.0,7.730579590300229e-13
9,19,13,-0.035892757373415574,0.331825018136957,0.09728732432925638,0,0.0,7.730579590300229e-13
9,19,14,-0.035892757373415574,0.331825018136957,0.10447406855769147,0,0.0,1.0536214320789e-12
9,19,15,-0.035892757373415574,0.331825018136957,0.11166081278612655,0,0.0,6.439581014227088e-13
9,19,16,-0.035892757373415574,0.331825018136957,0.11884755701456162,0,0.0,5.243725655584657e-13
9,19,17,-0.035892757373415574,0.331825018136957,0.12603430124299672,0,0.0,4.681699351376001e-12
9,19,18,-0.035892757373415574,0.331825018136957,0.1332210454714318,0,0.0,2.0930389997668864e-11
9,19,19,-0.035892757373415574,0.331825018136957,0.14040778969986686,0,0.0,3.450780285420766e-11
10,0,0,0.031203034781572603,0.029245325136015476,0.0038596493596003397,0,0.0,3.555656305752067e-06
10,0,1,0.031203034781572603,0.029245325136015476,0.01104639358803542,0,0.0,4.624623061042845e-06
10,0,2,0.031203034781572603,0.029245325136015476,0.0182331378164705,0,0.0,4.055406024783685e-06
10,0,3,0.031203034781572603,0.029245325136015476,0.02541988204490558,0,0.0,2.465653189133034e-06
10,0,4,0.031203034781572603,0.029245325136015476,0.032606626273340655,0,0.0,9.969125825941214e-07
10,0,5,0.031203034781572603,0.029245325136015476,0.03979337050177574,0,0.0,2.7600644438241225e-07
10,0,6,0.031203034781572603,0.029245325136015476,0.046980114730210826,0,0.0,5.979454016765183e-08
10,0,7,0.031203034781572603,0.029245325136015476,0.0541668589586459,0,0.0,1.1961422899750297e-08
10,0,8,0.031203034781572603,0.029245325136015476,0.06135360318708098,0,0.0,2.6026968605926594e-09
10,0,9,0.031203034781572603,0.029245325136015476,0.06854034741551607,0,0.0,4.3731809144630417e-10
10,0,10,0.031203034781572603,0.029245325136015476,0.07572709164395114,0,0.0,3.597836873360232e-11
10,0,11,0.031203034781572603,0.029245325136015476,0.08291383587238624,0,0.0,1.3026427686865617e-12
10,0,12,0.031203034781572603,0.029245325136015476,0.09010058010082131,0,0.0,1.192564550141052e-14
10,0,13,0.031203034781572603,0.029245325136015476,0.09728732432925638,0,0.0,0.0
10,0,14,0.031203034781572603,0.029245325136015476,0.10447406855769147,0,0.0,0.0
10,0,15,0.031203034781572603,0.029245325136015476,0.11166081278612655,0,0.0,0.0
10,0,16,0.031203034781572603,0.029245325136015476,0.11884755701456162,0,0.0,0.0
10,0,17,0.031203034781572603,0.029245325136015476,0.12603430124299672,0,0.0,0.0
10,0,18,0.031203034781572603,0.029245325136015476,0.1332210454714318,0,0.0,0.0
10,0,19,0.031203034781572603,0.029245325136015476,0.14040778969986686,0,0.0,0.0
10,1,0,0.031203034781572603,0.045170572136065026,0.0038596493596003397,0,0.0,3.7343379248767324e-05
10,1,1,0.031203034781572603,0.045170572136065026,0.01104639358803542,0,0.0,4.6493595677727186e-05
10,1,2,0.031203034781572603,0.045170572136065026,0.0182331378164705,0,0.0,3.7465273845100094e-05
10,1,3,0.031203034781572603,0.045170572136065026,0.02541988204490558,0,0.0,2.1822720320530652e-05
10,1,4,0.031203034781572603,0.045170572136065026,0.032606626273340655,0,0.0,9.321569178954422e-06
10,1,5,0.031203034781572603,0.045170572136065026,0.03979337050177574,0,0.0,2.963337857664274e-06
10,1,6,0.031203034781572603,0.045170572136065026,0.046980114730210826,0,0.0,7.553800631694842e-07
10,1,7,0.031203034781572603,0.045170572136065026,0.0541668589586459,0,0.0,1.6945890543034807e-07
10,1,8,0.031203034781572603,0.045170572136065026,0.06135360318708098,0,0.0,3.903418671609367e-08
10,1,9,0.031203034781572603,0.045170572136065026,0.06854034741551607,0,0.0,6.661597088091097e-09
10,1,10,0.031203034781572603,0.045170572136065026,0.07572709164395114,0,0.0,5.460844762316808e-10
10,1,11,0.031203034781572603,0.045170572136065026,0.08291383587238624,0,0.0,1.9447536784761825e-11
10,1,12,0.031203034781572603,0.045170572136065026,0.09010058010082131,0,0.0,1.641776595659533e-13
10,1,13,0.031203034781572603,0.045170572136065026,0.09728732432925638,0,0.0,0.0
10,1,14,0.031203034781572603,0.045170572136065026,0.10447406855769147,0,0.0,0.0
10,1,15,0.031203034781572603,0.045170572136065026,0.11166081278612655,0,0.0,0.0
10,1,16,0.031203034781572603,0.045170572136065026,0.11884755701456162,0,0.0,0.0
10,1,17,0.031203034781572603,0.045170572136065026,0.12603430124299672,0,0.0,0.0
10,1,18,0.031203034781572603,0.045170572136065026,0.1332210454714318,0,0.0,0.0
10,1,19,0.031203034781572603,0.045170572136065026,0.14040778969986686,0,0.0,0.0
10,2,0,0.031203034781572603,0.06109581913611459,0.0038596493596003397,0,0.0,0.0002018849486451312
10,2,1,0.031203034781572603,0.06109581913611459,0.01104639358803542,0,0.0,0.00023932803683685632
10,2,2,0.031203034781572603,0.06109581913611459,0.0182331378164705,0,0.0,0.00017950194597701708
10,2,3,0.031203034781572603,0.06109581913611459,0.02541988204490558,0,0.0,0.00010062851433217776
10,2,4,0.031203034781572603,0.06109581913611459,0.032606626273340655,0,0.0,4.50089141496384e-05
10,2,5,0.031203034781572603,0.06109581913611459,0.03979337050177574,0,0.0,1.6045481882242103e-05
10,2,6,0.031203034781572603,0.06109581913611459,0.046980114730210826,0,0.0,4.618834656682988e-06
10,2,7,0.031203034781572603,0.06109581913611459,0.0541668589586459,0,0.0,1.1314981992702317e-06
10,2,8,0.031203034781572603,0.06109581913611459,0.06135360318708098,0,0.0,2.7469770505174263e-07
10,2,9,0.031203034781572603,0.06109581913611459,0.06854034741551607,0,0.0,4.918326214997418e-08
10,2,10,0.031203034781572603,0.06109581913611459,0.07572709164395114,0,0.0,5.0264521599968524e-09
10,2,11,0.031203034781572603,0.06109581913611459,0.08291383587238624,0,0.0,3.930939930161417e-10
10,2,12,0.031203034781572603,0.06109581913611459,0.09010058010082131,0,0.0,2.2227470954984554e-11
10,2,13,0.031203034781572603,0.06109581913611459,0.09728732432925638,0,0.0,1.2640649118425964e-12
10,2,14,0.031203034781572603,0.06109581913611459,0.10447406855769147,0,0.0,1.0420453538502856e-12
10,2,15,0.031203034781572603,0.06109581913611459,0.11166081278612655,0,0.0,6.320324559212983e-13
10,2,16,0.031203034781572603,0.06109581913611459,0.11884755701456162,0,0.0,1.410255031087247e-13
10,2,17,0.031203034781572603,0.06109581913611459,0.12603430124299672,0,0.0,1.1576078228614303e-14
10,2,18,0.031203034781572603,0.06109581913611459,0.1332210454714318,0,0.0,3.495672727962196e-16
10,2,19,0.031203034781572603,0.06109581913611459,0.14040778969986686,0,0.0,0.0
10,3,0,0.031203034781572603,0.07702106613616413,0.0038596493596003397,2,0.0002,0.000589606030907716
10,3,1,0.031203034781572603,0.07702106613616413,0.01104639358803542,7,0.0007,0.0006648990492626384
10,3,2,0.031203034781572603,0.07702106613616413,0.0182331378164705,1,0.0001,0.0004685345555999686
10,3,3,0.031203034781572603,0.07702106613616413,0.02541988204490558,1,0.0001,0.0002529558523758721
10,3,4,0.031203034781572603,0.07702106613616413,0.032606626273340655,0,0.0,0.00011739522159979825
10,3,5,0.031203034781572603,0.07702106613616413,0.03979337050177574,0,0.0,4.643878370790334e-05
10,3,6,0.031203034781572603,0.07702106613616413,0.046980114730210826,0,0.0,1.4795390057623079e-05
10,3,7,0.031203034781572603,0.07702106613616413,0.0541668589586459,0,0.0,3.877380929691537e-06
10,3,8,0.031203034781572603,0.07702106613616413,0.06135360318708098,0,0.0,1.0126348899421874e-06
10,3,9,0.031203034781572603,0.07702106613616413,0.06854034741551607,0,0.0,2.3606486725302855e-07
10,3,10,0.031203034781572603,0.07702106613616413,0.07572709164395114,0,0.0,5.38283207805798e-08
10,3,11,0.031203034781572603,0.07702106613616413,0.08291383587238624,0,0.0,1.0897594147039416e-08
10,3,12,0.031203034781572603,0.07702106613616413,0.09010058010082131,0,0.0,1.8468635603408748e-09
10,3,13,0.031203034781572603,0.07702106613616413,0.09728732432925638,0,0.0,2.9684017200137183e-10
10,3,14,0.031203034781572603,0.07702106613616413,0.10447406855769147,0,0.0,5.543784328460373e-11
10,3,15,0.031203034781572603,0.07702106613616413,0.11166081278612655,0,0.0,2.156207288631737e-11
10,3,16,0.031203034781572603,0.07702106613616413,0.11884755701456162,0,0.0,4.670123273147386e-12
10,3,17,0.031203034781572603,0.07702106613616413,0.12603430124299672,0,0.0,3.8334706244974095e-13
10,3,18,0.031203034781572603,0.07702106613616413,0.1332210454714318,0,0.0,1.15760782286143e-14
10,3,19,0.031203034781572603,0.07702106613616413,0.14040778969986686,0,0.0,0.0
10,4,0,0.031203034781572603,0.09294631313621368,0.0038596493596003397,17,0.0017,0.0009917812251538356
10,4,1,0.031203034781572603,0.09294631313621368,0.01104639358803542,16,0.0016,0.0010860781403172586
10,4,2,0.031203034781572603,0.09294631313621368,0.0182331378164705,5,0.0005,0.0007324858628350067
10,4,3,0.031203034781572603,0.09294631313621368,0.02541988204490558,2,0.0002,0.0003837818052700827
10,4,4,0.031203034781572603,0.09294631313621368,0.032606626273340655,0,0.0,0.00018684711661713592
10,4,5,0.031203034781572603,0.09294631313621368,0.03979337050177574,0,0.0,8.35042444173192e-05
10,4,6,0.031203034781572603,0.09294631313621368,0.046980114730210826,0,0.0,2.9792505927996995e-05
10,4,7,0.031203034781572603,0.09294631313621368,0.0541668589586459,0,0.0,8.625551470209719e-06
10,4,8,0.031203034781572603,0.09294631313621368,0.06135360318708098,0,0.0,2.8097570771582654e-06
10,4,9,0.031203034781572603,0.09294631313621368,0.06854034741551607,0,0.0,1.2184467283440743e-06
10,4,10,0.031203034781572603,0.09294631313621368,0.07572709164395114,0,0.0,5.464681106602632e-07
10,4,11,0.031203034781572603,0.09294631313621368,0.08291383587238624,0,0.0,1.725499447716279e-07
10,4,12,0.031203034781572603,0.09294631313621368,0.09010058010082131,0,0.0,4.87549333293603e-08
10,4,13,0.031203034781572603,0.09294631313621368,0.09728732432925638,0,0.0,9.414083224824928e-09
10,4,14,0.031203034781572603,0.09294631313621368,0.10447406855769147,0,0.0,1.1491897219459666e-09
10,4,15,0.031203034781572603,0.09294631313621368,0.11166081278612655,0,0.0,2.7695217692482605e-10
10,4,16,0.031203034781572603,0.09294631313621368,0.11884755701456162,0,0.0,5.689374857085878e-11
10,4,17,0.031203034781572603,0.09294631313621368,0.12603430124299672,0,0.0,4.670123273147386e-12
10,4,18,0.031203034781572603,0.09294631313621368,0.1332210454714318,0,0.0,1.4102550310872469e-13
10,4,19,0.031203034781572603,0.09294631313621368,0.14040778969986686,0,0.0,0.0
10,5,0,0.031203034781572603,0.10887156013626324,0.0038596493596003397,18,0.0018,0.0010256492253872022
10,5,1,0.031203034781572603,0.10887156013626324,0.01104639358803542,16,0.0016,0.0011383187147397267
10,5,2,0.031203034781572603,0.10887156013626324,0.0182331378164705,6,0.0006,0.0007788782837124117
10,5,3,0.031203034781572603,0.10887156013626324,0.02541988204490558,1,0.0001,0.0004292801221444425
10,5,4,0.031203034781572603,0.10887156013626324,0.032606626273340655,0,0.0,0.00023880736205776463
10,5,5,0.031203034781572603,0.10887156013626324,0.03979337050177574,0,0.0,0.00012860172188578815
10,5,6,0.031203034781572603,0.10887156013626324,0.046980114730210826,0,0.0,5.5949991500070403e-05
10,5,7,0.031203034781572603,0.10887156013626324,0.0541668589586459,0,0.0,2.044473762505469e-05
10,5,8,0.031203034781572603,0.10887156013626324,0.06135360318708098,0,0.0,8.509032844458562e-06
10,5,9,0.031203034781572603,0.10887156013626324,0.06854034741551607,0,0.0,4.967256579628008e-06
10,5,10,0.031203034781572603,0.10887156013626324,0.07572709164395114,0,0.0,2.8906747632877648e-06
10,5,11,0.031203034781572603,0.10887156013626324,0.08291383587238624,0,0.0,1.4170420900410984e-06
10,5,12,0.031203034781572603,0.10887156013626324,0.09010058010082131,0,0.0,5.810977382782017e-07
10,5,13,0.031203034781572603,0.10887156013626324,0.09728732432925638,0,0.0,1.216140735576154e-07
10,5,14,0.031203034781572603,0.10887156013626324,0.10447406855769147,0,0.0,1.1766968126801605e-08
10,5,15,0.031203034781572603,0.10887156013626324,0.11166081278612655,0,0.0,1.4531594220437229e-09
10,5,16,0.031203034781572603,0.10887156013626324,0.11884755701456162,0,0.0,2.5561212359650096e-10
10,5,17,0.031203034781572603,0.10887156013626324,0.12603430124299672,0,0.0,2.0930040430396066e-11
10,5,18,0.031203034781572603,0.10887156013626324,0.1332210454714318,0,0.0,6.320324559212982e-13
10,5,19,0.031203034781572603,0.10887156013626324,0.14040778969986686,0,0.0,0.0
10,6,0,0.031203034781572603,0.1247968071363128,0.0038596493596003397,3,0.0003,0.0006907795263779192
10,6,1,0.031203034781572603,0.1247968071363128,0.01104639358803542,7,0.0007,0.0008181793796630701
10,6,2,0.031203034781572603,0.1247968071363128,0.0182331378164705,3,0.0003,0.000628150748496524
10,6,3,0.031203034781572603,0.1247968071363128,0.02541988204490558,5,0.0005,0.000419979545488357
10,6,4,0.031203034781572603,0.1247968071363128,0.032606626273340655,2,0.0002,0.00028768127576218015
10,6,5,0.031203034781572603,0.1247968071363128,0.03979337050177574,2,0.0002,0.00018528525719825216
10,6,6,0.031203034781572603,0.1247968071363128,0.046980114730210826,0,0.0,0.00010018864300799824
10,6,7,0.031203034781572603,0.1247968071363128,0.0541668589586459,1,0.0001,4.5674877231427015e-05
10,6,8,0.031203034781572603,0.1247968071363128,0.06135360318708098,0,0.0,2.0560875831677453e-05
10,6,9,0.031203034781572603,0.1247968071363128,0.06854034741551607,0,0.0,1.2331763439203983e-05
10,6,10,0.031203034781572603,0.1247968071363128,0.07572709164395114,0,0.0,9.095015749986388e-06
10,6,11,0.031203034781572603,0.1247968071363128,0.08291383587238624,0,0.0,6.6429371296283696e-06
10,6,12,0.031203034781572603,0.1247968071363128,0.09010058010082131,0,0.0,3.193097618190867e-06
10,6,13,0.031203034781572603,0.1247968071363128,0.09728732432925638,0,0.0,6.937527001243746e-07
10,6,14,0.031203034781572603,0.1247968071363128,0.10447406855769147,0,0.0,6.57458014384211e-08
10,6,15,0.031203034781572603,0.1247968071363128,0.11166081278612655,0,0.0,7.203510118790236e-09
10,6,16,0.031203034781572603,0.1247968071363128,0.11884755701456162,0,0.0,3.46916687081951e-09
10,6,17,0.031203034781572603,0.1247968071363128,0.12603430124299672,0,0.0,1.4322293816133267e-09
10,6,18,0.031203034781572603,0.1247968071363128,0.1332210454714318,0,0.0,2.76952176924826e-10
10,6,19,0.031203034781572603,0.1247968071363128,0.14040778969986686,0,0.0,2.1562072886317365e-11
10,7,0,0.031203034781572603,0.14072205413636235,0.0038596493596003397,0,0.0,0.0003034601885314683
10,7,1,0.031203034781572603,0.14072205413636235,0.01104639358803542,0,0.0,0.0004027985668518117
10,7,2,0.031203034781572603,0.14072205413636235,0.0182331378164705,4,0.0004,0.0003778991630745306
10,7,3,0.031203034781572603,0.14072205413636235,0.02541988204490558,3,0.0003,0.00032096189227269245
10,7,4,0.031203034781572603,0.14072205413636235,0.032606626273340655,4,0.0004,0.00026013035759467893
10,7,5,0.031203034781572603,0.14072205413636235,0.03979337050177574,3,0.0003,0.00018692832335434414
10,7,6,0.031203034781572603,0.14072205413636235,0.046980114730210826,2,0.0002,0.00012011257190344031
10,7,7,0.031203034781572603,0.14072205413636235,0.0541668589586459,0,0.0,6.82033208821513e-05
10,7,8,0.031203034781572603,0.14072205413636235,0.06135360318708098,0,0.0,3.8603633096069394e-05
10,7,9,0.031203034781572603,0.14072205413636235,0.06854034741551607,0,0.0,2.7318261322327145e-05
10,7,10,0.031203034781572603,0.14072205413636235,0.07572709164395114,0,0.0,2.3724404338815744e-05
10,7,11,0.031203034781572603,0.14072205413636235,0.08291383587238624,0,0.0,1.884339252821436e-05
10,7,12,0.031203034781572603,0.14072205413636235,0.09010058010082131,0,0.0,9.124968583215179e-06
10,7,13,0.031203034781572603,0.14072205413636235,0.09728732432925638,0,0.0,2.1842648437001782e-06
10,7,14,0.031203034781572603,0.14072205413636235,0.10447406855769147,0,0.0,2.9555362191487227e-07
10,7,15,0.031203034781572603,0.14072205413636235,0.11166081278612655,0,0.0,1.1532504069745686e-07
10,7,16,0.031203034781572603,0.14072205413636235,0.11884755701456162,0,0.0,1.0197870727831249e-07
10,7,17,0.031203034781572603,0.14072205413636235,0.12603430124299672,0,0.0,4.819584415427692e-08
10,7,18,0.031203034781572603,0.14072205413636235,0.1332210454714318,0,0.0,1.0280403252532692e-08
10,7,19,0.031203034781572603,0.14072205413636235,0.14040778969986686,0,0.0,9.690178799372446e-10
10,8,0,0.031203034781572603,0.1566473011364119,0.0038596493596003397,0,0.0,8.476208736625537e-05
10,8,1,0.031203034781572603,0.1566473011364119,0.01104639358803542,0,0.0,0.00013346878438511933
10,8,2,0.031203034781572603,0.1566473011364119,0.0182331378164705,0,0.0,0.0001587748722446421
10,8,3,0.031203034781572603,0.1566473011364119,0.02541988204490558,0,0.0,0.00016548207174946067
10,8,4,0.031203034781572603,0.1566473011364119,0.032606626273340655,1,0.0001,0.00015096546522926115
10,8,5,0.031203034781572603,0.1566473011364119,0.03979337050177574,0,0.0,0.00011415770022941349
10,8,6,0.031203034781572603,0.1566473011364119,0.046980114730210826,1,0.0001,8.442795864174237e-05
10,8,7,0.031203034781572603,0.1566473011364119,0.0541668589586459,1,0.0001,6.424980983060462e-05
10,8,8,0.031203034781572603,0.1566473011364119,0.06135360318708098,1,0.0001,5.301198900994655e-05
10,8,9,0.031203034781572603,0.1566473011364119,0.06854034741551607,0,0.0,4.846564420453293e-05
10,8,10,0.031203034781572603,0.1566473011364119,0.07572709164395114,1,0.0001,4.4997708117234706e-05
10,8,11,0.031203034781572603,0.1566473011364119,0.08291383587238624,1,0.0001,3.3818222782631326e-05
10,8,12,0.031203034781572603,0.1566473011364119,0.09010058010082131,0,0.0,1.7023364833920496e-05
10,8,13,0.031203034781572603,0.1566473011364119,0.09728732432925638,0,0.0,5.262143035996277e-06
10,8,14,0.031203034781572603,0.1566473011364119,0.10447406855769147,0,0.0,1.3918446426579141e-06
10,8,15,0.031203034781572603,0.1566473011364119,0.11166081278612655,0,0.0,1.296861652880729e-06
10,8,16,0.031203034781572603,0.1566473011364119,0.11884755701456162,0,0.0,1.2643517764008443e-06
10,8,17,0.031203034781572603,0.1566473011364119,0.12603430124299672,0,0.0,6.275747893535891e-07
10,8,18,0.031203034781572603,0.1566473011364119,0.1332210454714318,0,0.0,1.49412283916021e-07
10,8,19,0.031203034781572603,0.1566473011364119,0.14040778969986686,0,0.0,1.7163472048748683e-08
10,9,0,0.031203034781572603,0.17257254813646145,0.0038596493596003397,0,0.0,1.5142911282161217e-05
10,9,1,0.031203034781572603,0.17257254813646145,0.01104639358803542,0,0.0,2.9775630164603854e-05
10,9,2,0.031203034781572603,0.17257254813646145,0.0182331378164705,0,0.0,4.393641416634235e-05
10,9,3,0.031203034781572603,0.17257254813646145,0.02541988204490558,0,0.0,5.475269100650849e-05
10,9,4,0.031203034781572603,0.17257254813646145,0.032606626273340655,0,0.0,5.6258425873100595e-05
10,9,5,0.031203034781572603,0.17257254813646145,0.03979337050177574,0,0.0,4.370592668038561e-05
10,9,6,0.031203034781572603,0.17257254813646145,0.046980114730210826,0,0.0,3.6564234003929614e-05
10,9,7,0.031203034781572603,0.17257254813646145,0.0541668589586459,0,0.0,3.765638006504089e-05
10,9,8,0.031203034781572603,0.17257254813646145,0.06135360318708098,0,0.0,4.2458150413530724e-05
10,9,9,0.031203034781572603,0.17257254813646145,0.06854034741551607,0,0.0,4.889217213807128e-05
10,9,10,0.031203034781572603,0.17257254813646145,0.07572709164395114,2,0.0002,5.1241400312703016e-05
10,9,11,0.031203034781572603,0.17257254813646145,0.08291383587238624,0,0.0,4.23522827238665e-05
10,9,12,0.031203034781572603,0.17257254813646145,0.09010058010082131,0,0.0,2.5865702553263894e-05
10,9,13,0.031203034781572603,0.17257254813646145,0.09728732432925638,0,0.0,1.0421010648354994e-05
10,9,14,0.031203034781572603,0.17257254813646145,0.10447406855769147,0,0.0,4.530719628799329e-06
10,9,15,0.031203034781572603,0.17257254813646145,0.11166081278612655,0,0.0,5.855168878419655e-06
10,9,16,0.031203034781572603,0.17257254813646145,0.11884755701456162,0,0.0,6.022994085563382e-06
10,9,17,0.031203034781572603,0.17257254813646145,0.12603430124299672,0,0.0,3.326952461868367e-06
10,9,18,0.031203034781572603,0.17257254813646145,0.1332210454714318,0,0.0,9.683727382914013e-07
10,9,19,0.031203034781572603,0.17257254813646145,0.14040778969986686,0,0.0,1.4254456060393285e-07
10,10,0,0.031203034781572603,0.188497795136511,0.0038596493596003397,0,0.0,1.7184147672324532e-06
10,10,1,0.031203034781572603,0.188497795136511,0.01104639358803542,0,0.0,4.142268763664219e-06
10,10,2,0.031203034781572603,0.188497795136511,0.0182331378164705,0,0.0,7.275060570536638e-06
10,10,3,0.031203034781572603,0.188497795136511,0.02541988204490558,0,0.0,1.1379317359767047e-05
10,10,4,0.031203034781572603,0.188497795136511,0.032606626273340655,0,0.0,1.4083082900237516e-05
10,10,5,0.031203034781572603,0.188497795136511,0.03979337050177574,0,0.0,1.177257085700567e-05
10,10,6,0.031203034781572603,0.188497795136511,0.046980114730210826,0,0.0,1.0568630717033772e-05
10,10,7,0.031203034781572603,0.188497795136511,0.0541668589586459,0,0.0,1.3135479556073582e-05
10,10,8,0.031203034781572603,0.188497795136511,0.06135360318708098,0,0.0,1.867324386349571e-05
10,10,9,0.031203034781572603,0.188497795136511,0.06854034741551607,0,0.0,2.6597307079561296e-05
10,10,10,0.031203034781572603,0.188497795136511,0.07572709164395114,0,0.0,3.436854916187641e-05
10,10,11,0.031203034781572603,0.188497795136511,0.08291383587238624,0,0.0,3.767140266166804e-05
10,10,12,0.031203034781572603,0.188497795136511,0.09010058010082131,1,0.0001,2.9224264592273527e-05
10,10,13,0.031203034781572603,0.188497795136511,0.09728732432925638,0,0.0,1.3676112151914848e-05
10,10,14,0.031203034781572603,0.188497795136511,0.10447406855769147,0,0.0,7.459770046212108e-06
10,10,15,0.031203034781572603,0.188497795136511,0.11166081278612655,0,0.0,1.059279229523679e-05
10,10,16,0.031203034781572603,0.188497795136511,0.11884755701456162,0,0.0,1.1957465178685284e-05
10,10,17,0.031203034781572603,0.188497795136511,0.12603430124299672,0,0.0,8.042482636287774e-06
10,10,18,0.031203034781572603,0.188497795136511,0.1332210454714318,0,0.0,2.991723173386476e-06
10,10,19,0.031203034781572603,0.188497795136511,0.14040778969986686,0,0.0,5.337342455463515e-07
10,11,0,0.031203034781572603,0.20442304213656057,0.0038596493596003397,0,0.0,1.1655050044953498e-07
10,11,1,0.031203034781572603,0.20442304213656057,0.01104639358803542,0,0.0,3.1570500836584333e-07
10,11,2,0.031203034781572603,0.20442304213656057,0.0182331378164705,0,0.0,6.664424373184917e-07
10,11,3,0.031203034781572603,0.20442304213656057,0.02541988204490558,0,0.0,1.455059880271855e-06
10,11,4,0.031203034781572603,0.20442304213656057,0.032606626273340655,0,0.0,2.3452691864489224e-06
10,11,5,0.031203034781572603,0.20442304213656057,0.03979337050177574,0,0.0,2.295791160473842e-06
10,11,6,0.031203034781572603,0.20442304213656057,0.046980114730210826,0,0.0,2.011398380258671e-06
10,11,7,0.031203034781572603,0.20442304213656057,0.0541668589586459,0,0.0,2.755740749887731e-06
10,11,8,0.031203034781572603,0.20442304213656057,0.06135360318708098,0,0.0,5.3263792803525145e-06
10,11,9,0.031203034781572603,0.20442304213656057,0.06854034741551607,0,0.0,9.090300288296215e-06
10,11,10,0.031203034781572603,0.20442304213656057,0.07572709164395114,0,0.0,1.3911749684960006e-05
10,11,11,0.031203034781572603,0.20442304213656057,0.08291383587238624,0,0.0,2.0057938153947832e-05
10,11,12,0.031203034781572603,0.20442304213656057,0.09010058010082131,0,0.0,1.9013848816422954e-05
10,11,13,0.031203034781572603,0.20442304213656057,0.09728732432925638,0,0.0,1.0112782053048955e-05
10,11,14,0.031203034781572603,0.20442304213656057,0.10447406855769147,0,0.0,6.092870615677047e-06
10,11,15,0.031203034781572603,0.20442304213656057,0.11166081278612655,0,0.0,9.206285264733196e-06
10,11,16,0.031203034781572603,0.20442304213656057,0.11884755701456162,0,0.0,1.2460204252126229e-05
10,11,17,0.031203034781572603,0.20442304213656057,0.12603430124299672,0,0.0,1.0223564274776219e-05
10,11,18,0.031203034781572603,0.20442304213656057,0.1332210454714318,0,0.0,4.366762871036506e-06
10,11,19,0.031203034781572603,0.20442304213656057,0.14040778969986686,0,0.0,8.369139077710463e-07
10,12,0,0.031203034781572603,0.22034828913661011,0.0038596493596003397,0,0.0,4.479285432479855e-09
10,12,1,0.031203034781572603,0.22034828913661011,0.01104639358803542,0,0.0,1.2692535268299195e-08
10,12,2,0.031203034781572603,0.22034828913661011,0.0182331378164705,0,0.0,3.4595330899912174e-08
10,12,3,0.031203034781572603,0.22034828913661011,0.02541988204490558,0,0.0,1.1238685542081209e-07
10,12,4,0.031203034781572603,0.22034828913661011,0.032606626273340655,0,0.0,2.425422800328002e-07
10,12,5,0.031203034781572603,0.22034828913661011,0.03979337050177574,0,0.0,2.8815465453778666e-07
10,12,6,0.031203034781572603,0.22034828913661011,0.046980114730210826,0,0.0,2.4728325445440933e-07
10,12,7,0.031203034781572603,0.22034828913661011,0.0541668589586459,0,0.0,4.6301604998312503e-07
10,12,8,0.031203034781572603,0.22034828913661011,0.06135360318708098,0,0.0,1.3701430832069798e-06
10,12,9,0.031203034781572603,0.22034828913661011,0.06854034741551607,0,0.0,2.4357227911939155e-06
10,12,10,0.031203034781572603,0.22034828913661011,0.07572709164395114,0,0.0,3.4129959002450324e-06
10,12,11,0.031203034781572603,0.22034828913661011,0.08291383587238624,0,0.0,5.6695609831957505e-06
10,12,12,0.031203034781572603,0.22034828913661011,0.09010058010082131,0,0.0,6.507806826565662e-06
10,12,13,0.031203034781572603,0.22034828913661011,0.09728732432925638,0,0.0,4.020041821242924e-06
10,12,14,0.031203034781572603,0.22034828913661011,0.10447406855769147,0,0.0,2.876349311318153e-06
10,12,15,0.031203034781572603,0.22034828913661011,0.11166081278612655,0,0.0,5.62186045089103e-06
10,12,16,0.031203034781572603,0.22034828913661011,0.11884755701456162,0,0.0,9.010279791214067e-06
10,12,17,0.031203034781572603,0.22034828913661011,0.12603430124299672,0,0.0,7.385603236257557e-06
10,12,18,0.031203034781572603,0.22034828913661011,0.1332210454714318,0,0.0,2.9378545870451286e-06
10,12,19,0.031203034781572603,0.22034828913661011,0.14040778969986686,0,0.0,5.32144329789993e-07
10,13,0,0.031203034781572603,0.2362735361366597,0.0038596493596003397,0,0.0,8.9650186048854e-11
10,13,1,0.031203034781572603,0.2362735361366597,0.01104639358803542,0,0.0,2.671603297838689e-10
10,13,2,0.031203034781572603,0.2362735361366597,0.0182331378164705,0,0.0,1.2056484921006595e-09
10,13,3,0.031203034781572603,0.2362735361366597,0.02541988204490558,0,0.0,5.79384442831481e-09
10,13,4,0.031203034781572603,0.2362735361366597,0.032606626273340655,0,0.0,1.5304495542275484e-08
10,13,5,0.031203034781572603,0.2362735361366597,0.03979337050177574,0,0.0,2.0814501719643776e-08
10,13,6,0.031203034781572603,0.2362735361366597,0.046980114730210826,0,0.0,2.115309258285976e-08
10,13,7,0.031203034781572603,0.2362735361366597,0.0541668589586459,0,0.0,6.67363633186203e-08
10,13,8,0.031203034781572603,0.2362735361366597,0.06135360318708098,0,0.0,2.42217823627127e-07
10,13,9,0.031203034781572603,0.2362735361366597,0.06854034741551607,0,0.0,4.1974899888607323e-07
10,13,10,0.031203034781572603,0.2362735361366597,0.07572709164395114,0,0.0,5.184878388697675e-07
10,13,11,0.031203034781572603,0.2362735361366597,0.08291383587238624,0,0.0,9.375917525262572e-07
10,13,12,0.031203034781572603,0.2362735361366597,0.09010058010082131,0,0.0,1.2496849627988808e-06
10,13,13,0.031203034781572603,0.2362735361366597,0.09728732432925638,0,0.0,8.74292316866802e-07
10,13,14,0.031203034781572603,0.2362735361366597,0.10447406855769147,0,0.0,8.706130037198456e-07
10,13,15,0.031203034781572603,0.2362735361366597,0.11166081278612655,0,0.0,2.3962321605057145e-06
10,13,16,0.031203034781572603,0.2362735361366597,0.11884755701456162,0,0.0,3.994268501662156e-06
10,13,17,0.031203034781572603,0.2362735361366597,0.12603430124299672,0,0.0,2.8756562647055543e-06
10,13,18,0.031203034781572603,0.2362735361366597,0.1332210454714318,0,0.0,9.317350559636984e-07
10,13,19,0.031203034781572603,0.2362735361366597,0.14040778969986686,0,0.0,1.4186407029704362e-07
10,14,0,0.031203034781572603,0.25219878313670924,0.0038596493596003397,0,0.0,1.0786106889774972e-12
10,14,1,0.031203034781572603,0.25219878313670924,0.01104639358803542,0,0.0,7.664783763964687e-12
10,14,2,0.031203034781572603,0.25219878313670924,0.0182331378164705,0,0.0,7.02598240181381e-11
10,14,3,0.031203034781572603,0.25219878313670924,0.02541988204490558,0,0.0,3.456648719337178e-10
10,14,4,0.031203034781572603,0.25219878313670924,0.032606626273340655,0,0.0,7.962023546008691e-10
10,14,5,0.031203034781572603,0.25219878313670924,0.03979337050177574,0,0.0,1.046398585319038e-09
10,14,6,0.031203034781572603,0.25219878313670924,0.046980114730210826,0,0.0,1.3453543724316289e-09
10,14,7,0.031203034781572603,0.25219878313670924,0.0541668589586459,0,0.0,5.122723605845039e-09
10,14,8,0.031203034781572603,0.25219878313670924,0.06135360318708098,0,0.0,2.0027997384575006e-08
10,14,9,0.031203034781572603,0.25219878313670924,0.06854034741551607,0,0.0,4.572641348799352e-08
10,14,10,0.031203034781572603,0.25219878313670924,0.07572709164395114,0,0.0,1.0274003995427956e-07
10,14,11,0.031203034781572603,0.25219878313670924,0.08291383587238624,0,0.0,2.0049202233572733e-07
10,14,12,0.031203034781572603,0.25219878313670924,0.09010058010082131,0,0.0,2.1886705031405697e-07
10,14,13,0.031203034781572603,0.25219878313670924,0.09728732432925638,0,0.0,1.3324672175945995e-07
10,14,14,0.031203034781572603,0.25219878313670924,0.10447406855769147,0,0.0,1.5044475331157355e-07
10,14,15,0.031203034781572603,0.25219878313670924,0.11166081278612655,0,0.0,4.877074436753985e-07
10,14,16,0.031203034781572603,0.25219878313670924,0.11884755701456162,0,0.0,8.064795287322325e-07
10,14,17,0.031203034781572603,0.25219878313670924,0.12603430124299672,0,0.0,5.271280782114539e-07
10,14,18,0.031203034781572603,0.25219878313670924,0.1332210454714318,0,0.0,1.4255319726823828e-07
10,14,19,0.031203034781572603,0.25219878313670924,0.14040778969986686,0,0.0,1.8827693990466426e-08
10,15,0,0.031203034781572603,0.2681240301367588,0.0038596493596003397,0,0.0,1.15760782286143e-14
10,15,1,0.031203034781572603,0.2681240301367588,0.01104639358803542,0,0.0,3.836966297225372e-13
10,15,2,0.031203034781572603,0.2681240301367588,0.0182331378164705,0,0.0,4.693624996877411e-12
10,15,3,0.031203034781572603,0.2681240301367588,0.02541988204490558,0,0.0,2.146703777600154e-11
10,15,4,0.031203034781572603,0.2681240301367588,0.032606626273340655,0,0.0,3.9997987533845125e-11
10,15,5,0.031203034781572603,0.2681240301367588,0.03979337050177574,0,0.0,4.465736148324293e-11
10,15,6,0.031203034781572603,0.2681240301367588,0.046980114730210826,0,0.0,5.742386919299987e-11
10,15,7,0.031203034781572603,0.2681240301367588,0.0541668589586459,0,0.0,1.8679434770092635e-10
10,15,8,0.031203034781572603,0.2681240301367588,0.06135360318708098,0,0.0,1.273005765731728e-09
10,15,9,0.031203034781572603,0.2681240301367588,0.06854034741551607,0,0.0,9.530744757355629e-09
10,15,10,0.031203034781572603,0.2681240301367588,0.07572709164395114,0,0.0,4.0684973755203794e-08
10,15,11,0.031203034781572603,0.2681240301367588,0.08291383587238624,0,0.0,7.295444338950655e-08
10,15,12,0.031203034781572603,0.2681240301367588,0.09010058010082131,0,0.0,5.56335091016502e-08
10,15,13,0.031203034781572603,0.2681240301367588,0.09728732432925638,0,0.0,2.111200631182964e-08
10,15,14,0.031203034781572603,0.2681240301367588,0.10447406855769147,0,0.0,1.3274892121065496e-08
10,15,15,0.031203034781572603,0.2681240301367588,0.11166081278612655,0,0.0,4.013591595913788e-08
10,15,16,0.031203034781572603,0.2681240301367588,0.11884755701456162,0,0.0,6.558972051255284e-08
10,15,17,0.031203034781572603,0.2681240301367588,0.12603430124299672,0,0.0,4.1299702560142786e-08
10,15,18,0.031203034781572603,0.2681240301367588,0.1332210454714318,0,0.0,1.1725858361980612e-08
10,15,19,0.031203034781572603,0.2681240301367588,0.14040778969986686,0,0.0,4.075311300356978e-09
10,16,0,0.031203034781572603,0.2840492771368084,0.0038596493596003397,0,0.0,3.495672727962196e-16
10,16,1,0.031203034781572603,0.2840492771368084,0.01104639358803542,0,0.0,1.1576078228614303e-14
10,16,2,0.031203034781572603,0.2840492771368084,0.0182331378164705,0,0.0,1.4137507038152094e-13
10,16,3,0.031203034781572603,0.2840492771368084,0.02541988204490558,0,0.0,6.436085341499125e-13
10,16,4,0.031203034781572603,0.2840492771368084,0.032606626273340655,0,0.0,1.1830708569590103e-12
10,16,5,0.031203034781572603,0.2840492771368084,0.03979337050177574,0,0.0,1.2644144791153928e-12
10,16,6,0.031203034781572603,0.2840492771368084,0.046980114730210826,0,0.0,1.1946469351876247e-12
10,16,7,0.031203034781572603,0.2840492771368084,0.0541668589586459,0,0.0,5.454757310406024e-12
10,16,8,0.031203034781572603,0.2840492771368084,0.06135360318708098,0,0.0,1.5582157356006433e-10
10,16,9,0.031203034781572603,0.2840492771368084,0.06854034741551607,0,0.0,1.898205453351011e-09
10,16,10,0.031203034781572603,0.2840492771368084,0.07572709164395114,0,0.0,8.60413197948623e-09
10,16,11,0.031203034781572603,0.2840492771368084,0.08291383587238624,0,0.0,1.4640685132271759e-08
10,16,12,0.031203034781572603,0.2840492771368084,0.09010058010082131,0,0.0,9.64755607230551e-09
10,16,13,0.031203034781572603,0.2840492771368084,0.09728732432925638,0,0.0,2.6797703753561995e-09
10,16,14,0.031203034781572603,0.2840492771368084,0.10447406855769147,0,0.0,6.823303374092061e-10
10,16,15,0.031203034781572603,0.2840492771368084,0.11166081278612655,0,0.0,1.4423339889401621e-09
10,16,16,0.031203034781572603,0.2840492771368084,0.11884755701456162,0,0.0,2.3309727568265044e-09
10,16,17,0.031203034781572603,0.2840492771368084,0.12603430124299672,0,0.0,1.6531081691186058e-09
10,16,18,0.031203034781572603,0.2840492771368084,0.1332210454714318,0,0.0,1.4546272529754792e-09
10,16,19,0.031203034781572603,0.2840492771368084,0.14040778969986686,0,0.0,1.9096623612517364e-09
10,17,0,0.031203034781572603,0.2999745241368579,0.0038596493596003397,0,0.0,0.0
10,17,1,0.031203034781572603,0.2999745241368579,0.01104639358803542,0,0.0,0.0
10,17,2,0.031203034781572603,0.2999745241368579,0.0182331378164705,0,0.0,0.0
10,17,3,0.031203034781572603,0.2999745241368579,0.02541988204490558,0,0.0,0.0
10,17,4,0.031203034781572603,0.2999745241368579,0.032606626273340655,0,0.0,0.0
10,17,5,0.031203034781572603,0.2999745241368579,0.03979337050177574,0,0.0,0.0
10,17,6,0.031203034781572603,0.2999745241368579,0.046980114730210826,0,0.0,0.0
10,17,7,0.031203034781572603,0.2999745241368579,0.0541668589586459,0,0.0,3.833470624497409e-13
10,17,8,0.031203034781572603,0.2999745241368579,0.06135360318708098,0,0.0,1.2706287308288832e-11
10,17,9,0.031203034781572603,0.2999745241368579,0.06854034741551607,0,0.0,1.5503658995553294e-10
10,17,10,0.031203034781572603,0.2999745241368579,0.07572709164395114,0,0.0,6.97778221206689e-10
10,17,11,0.031203034781572603,0.2999745241368579,0.08291383587238624,0,0.0,1.163683104127164e-09
10,17,12,0.031203034781572603,0.2999745241368579,0.09010058010082131,0,0.0,7.277681528018138e-10
10,17,13,0.031203034781572603,0.2999745241368579,0.09728732432925638,0,0.0,1.765986628418503e-10
10,17,14,0.031203034781572603,0.2999745241368579,0.10447406855769147,0,0.0,2.3077003130205277e-11
10,17,15,0.031203034781572603,0.2999745241368579,0.11166081278612655,0,0.0,2.2469792514325577e-11
10,17,16,0.031203034781572603,0.2999745241368579,0.11884755701456162,0,0.0,3.933052770869239e-11
10,17,17,0.031203034781572603,0.2999745241368579,0.12603430124299672,0,0.0,7.783536507948345e-11
10,17,18,0.031203034781572603,0.2999745241368579,0.1332210454714318,0,0.0,2.596505639809999e-10
10,17,19,0.031203034781572603,0.2999745241368579,0.14040778969986686,0,0.0,4.2077444693098075e-10
10,18,0,0.031203034781572603,0.3158997711369075,0.0038596493596003397,0,0.0,0.0
10,18,1,0.031203034781572603,0.3158997711369075,0.01104639358803542,0,0.0,0.0
10,18,2,0.031203034781572603,0.3158997711369075,0.0182331378164705,0,0.0,0.0
10,18,3,0.031203034781572603,0.3158997711369075,0.02541988204490558,0,0.0,0.0
10,18,4,0.031203034781572603,0.3158997711369075,0.032606626273340655,0,0.0,0.0
10,18,5,0.031203034781572603,0.3158997711369075,0.03979337050177574,0,0.0,0.0
10,18,6,0.031203034781572603,0.3158997711369075,0.046980114730210826,0,0.0,0.0
10,18,7,0.031203034781572603,0.3158997711369075,0.0541668589586459,0,0.0,1.15760782286143e-14
10,18,8,0.031203034781572603,0.3158997711369075,0.06135360318708098,0,0.0,3.8334706244974095e-13
10,18,9,0.031203034781572603,0.3158997711369075,0.06854034741551607,0,0.0,4.670123273147386e-12
10,18,10,0.031203034781572603,0.3158997711369075,0.07572709164395114,0,0.0,2.093004043039607e-11
10,18,11,0.031203034781572603,0.3158997711369075,0.08291383587238624,0,0.0,3.450780285420766e-11
10,18,12,0.031203034781572603,0.3158997711369075,0.09010058010082131,0,0.0,2.0930389997668864e-11
10,18,13,0.031203034781572603,0.3158997711369075,0.09728732432925638,0,0.0,4.681699351376001e-12
10,18,14,0.031203034781572603,0.3158997711369075,0.10447406855769147,0,0.0,5.243725655584657e-13
10,18,15,0.031203034781572603,0.3158997711369075,0.11166081278612655,0,0.0,6.551846123785268e-13
10,18,16,0.031203034781572603,0.3158997711369075,0.11884755701456162,0,0.0,1.4253924163000264e-12
10,18,17,0.031203034781572603,0.3158997711369075,0.12603430124299672,0,0.0,5.302155729068685e-12
10,18,18,0.031203034781572603,0.3158997711369075,0.1332210454714318,0,0.0,2.1071065933504795e-11
10,18,19,0.031203034781572603,0.3158997711369075,0.14040778969986686,0,0.0,3.451937893243628e-11
10,19,0,0.031203034781572603,0.331825018136957,0.0038596493596003397,0,0.0,0.0
10,19,1,0.031203034781572603,0.331825018136957,0.01104639358803542,0,0.0,0.0
10,19,2,0.031203034781572603,0.331825018136957,0.0182331378164705,0,0.0,0.0
10,19,3,0.031203034781572603,0.331825018136957,0.02541988204490558,0,0.0,0.0
10,19,4,0.031203034781572603,0.331825018136957,0.032606626273340655,0,0.0,0.0
10,19,5,0.031203034781572603,0.331825018136957,0.03979337050177574,0,0.0,0.0
10,19,6,0.031203034781572603,0.331825018136957,0.046980114730210826,0,0.0,0.0
10,19,7,0.031203034781572603,0.331825018136957,0.0541668589586459,0,0.0,0.0
10,19,8,0.031203034781572603,0.331825018136957,0.06135360318708098,0,0.0,0.0
10,19,9,0.031203034781572603,0.331825018136957,0.06854034741551607,0,0.0,0.0
10,19,10,0.031203034781572603,0.331825018136957,0.07572709164395114,0,0.0,0.0
10,19,11,0.031203034781572603,0.331825018136957,0.08291383587238624,0,0.0,0.0
10,19,12,0.031203034781572603,0.331825018136957,0.09010058010082131,0,0.0,0.0
10,19,13,0.031203034781572603,0.331825018136957,0.09728732432925638,0,0.0,0.0
10,19,14,0.031203034781572603,0.331825018136957,0.10447406855769147,0,0.0,0.0
10,19,15,0.031203034781572603,0.331825018136957,0.11166081278612655,0,0.0,3.495672727962196e-16
10,19,16,0.031203034781572603,0.331825018136957,0.11884755701456162,0,0.0,1.1576078228614303e-14
10,19,17,0.031203034781572603,0.331825018136957,0.12603430124299672,0,0.0,1.410255031087247e-13
10,19,18,0.031203034781572603,0.331825018136957,0.1332210454714318,0,0.0,6.320324559212983e-13
10,19,19,0.031203034781572603,0.331825018136957,0.14040778969986686,0,0.0,1.0420453538502856e-12
11,0,0,0.09829882693656078,0.029245325136015476,0.0038596493596003397,0,0.0,1.3671932749482668e-05
11,0,1,0.09829882693656078,0.029245325136015476,0.01104639358803542,0,0.0,1.6538566118315803e-05
11,0,2,0.09829882693656078,0.029245325136015476,0.0182331378164705,0,0.0,1.4179552727473038e-05
11,0,3,0.09829882693656078,0.029245325136015476,0.02541988204490558,0,0.0,9.42613942000625e-06
11,0,4,0.09829882693656078,0.029245325136015476,0.032606626273340655,0,0.0,4.5813326770440766e-06
11,0,5,0.09829882693656078,0.029245325136015476,0.03979337050177574,0,0.0,1.5718509878680975e-06
11,0,6,0.09829882693656078,0.029245325136015476,0.046980114730210826,0,0.0,4.105753808178699e-07
11,0,7,0.09829882693656078,0.029245325136015476,0.0541668589586459,0,0.0,1.0541264424599032e-07
11,0,8,0.09829882693656078,0.029245325136015476,0.06135360318708098,0,0.0,2.8768117252950284e-08
11,0,9,0.09829882693656078,0.029245325136015476,0.06854034741551607,0,0.0,5.358488541276723e-09
11,0,10,0.09829882693656078,0.029245325136015476,0.07572709164395114,0,0.0,5.060332473420452e-10
11,0,11,0.09829882693656078,0.029245325136015476,0.08291383587238624,0,0.0,2.3050686861998828e-11
11,0,12,0.09829882693656078,0.029245325136015476,0.09010058010082131,0,0.0,3.949231406783552e-13
11,0,13,0.09829882693656078,0.029245325136015476,0.09728732432925638,0,0.0,0.0
11,0,14,0.09829882693656078,0.029245325136015476,0.10447406855769147,0,0.0,0.0
11,0,15,0.09829882693656078,0.029245325136015476,0.11166081278612655,0,0.0,0.0
11,0,16,0.09829882693656078,0.029245325136015476,0.11884755701456162,0,0.0,0.0
11,0,17,0.09829882693656078,0.029245325136015476,0.12603430124299672,0,0.0,0.0
11,0,18,0.09829882693656078,0.029245325136015476,0.1332210454714318,0,0.0,0.0
11,0,19,0.09829882693656078,0.029245325136015476,0.14040778969986686,0,0.0,0.0
11,1,0,0.09829882693656078,0.045170572136065026,0.0038596493596003397,0,0.0,9.746519328348086e-05
11,1,1,0.09829882693656078,0.045170572136065026,0.01104639358803542,0,0.0,0.00011794217646110596
11,1,2,0.09829882693656078,0.045170572136065026,0.0182331378164705,0,0.0,0.00010025140289950557
11,1,3,0.09829882693656078,0.045170572136065026,0.02541988204490558,0,0.0,6.699324043129106e-05
11,1,4,0.09829882693656078,0.045170572136065026,0.032606626273340655,0,0.0,3.470572361057478e-05
11,1,5,0.09829882693656078,0.045170572136065026,0.03979337050177574,0,0.0,1.3675515273558339e-05
11,1,6,0.09829882693656078,0.045170572136065026,0.046980114730210826,0,0.0,4.241604548600009e-06
11,1,7,0.09829882693656078,0.045170572136065026,0.0541668589586459,0,0.0,1.2491370323708955e-06
11,1,8,0.09829882693656078,0.045170572136065026,0.06135360318708098,0,0.0,3.675789230146246e-07
11,1,9,0.09829882693656078,0.045170572136065026,0.06854034741551607,0,0.0,7.073810313278776e-08
11,1,10,0.09829882693656078,0.045170572136065026,0.07572709164395114,0,0.0,6.740347436986251e-09
11,1,11,0.09829882693656078,0.045170572136065026,0.08291383587238624,0,0.0,3.0740237565901156e-10
11,1,12,0.09829882693656078,0.045170572136065026,0.09010058010082131,0,0.0,6.236890759828934e-12
11,1,13,0.09829882693656078,0.045170572136065026,0.09728732432925638,0,0.0,6.320324559212983e-13
11,1,14,0.09829882693656078,0.045170572136065026,0.10447406855769147,0,0.0,1.410255031087247e-13
11,1,15,0.09829882693656078,0.045170572136065026,0.11166081278612655,0,0.0,1.1576078228614303e-14
11,1,16,0.09829882693656078,0.045170572136065026,0.11884755701456162,0,0.0,3.495672727962196e-16
11,1,17,0.09829882693656078,0.045170572136065026,0.12603430124299672,0,0.0,0.0
11,1,18,0.09829882693656078,0.045170572136065026,0.1332210454714318,0,0.0,0.0
11,1,19,0.09829882693656078,0.045170572136065026,0.14040778969986686,0,0.0,0.0
11,2,0,0.09829882693656078,0.06109581913611459,0.0038596493596003397,0,0.0,0.000374434225385915
11,2,1,0.09829882693656078,0.06109581913611459,0.01104639358803542,0,0.0,0.0004461558672342328
11,2,2,0.09829882693656078,0.06109581913611459,0.0182331378164705,1,0.0001,0.00036807326582065315
11,2,3,0.09829882693656078,0.06109581913611459,0.02541988204490558,0,0.0,0.00024326732385505348
11,2,4,0.09829882693656078,0.06109581913611459,0.032606626273340655,0,0.0,0.00013253758701078922
11,2,5,0.09829882693656078,0.06109581913611459,0.03979337050177574,0,0.0,5.8313556707036124e-05
11,2,6,0.09829882693656078,0.06109581913611459,0.046980114730210826,0,0.0,2.0562413139692484e-05
11,2,7,0.09829882693656078,0.06109581913611459,0.0541668589586459,0,0.0,6.697472026789347e-06
11,2,8,0.09829882693656078,0.06109581913611459,0.06135360318708098,0,0.0,2.0623266228600835e-06
11,2,9,0.09829882693656078,0.06109581913611459,0.06854034741551607,0,0.0,4.051211353911776e-07
11,2,10,0.09829882693656078,0.06109581913611459,0.07572709164395114,0,0.0,4.04785444717499e-08
11,2,11,0.09829882693656078,0.06109581913611459,0.08291383587238624,0,0.0,2.211230779475402e-09
11,2,12,0.09829882693656078,0.06109581913611459,0.09010058010082131,0,0.0,1.0410861753959089e-10
11,2,13,0.09829882693656078,0.06109581913611459,0.09728732432925638,0,0.0,4.291370229287104e-11
11,2,14,0.09829882693656078,0.06109581913611459,0.10447406855769147,0,0.0,3.917827569462785e-11
11,2,15,0.09829882693656078,0.06109581913611459,0.11166081278612655,0,0.0,2.131338749284581e-11
11,2,16,0.09829882693656078,0.06109581913611459,0.11884755701456162,0,0.0,4.681699351376001e-12
11,2,17,0.09829882693656078,0.06109581913611459,0.12603430124299672,0,0.0,3.8334706244974095e-13
11,2,18,0.09829882693656078,0.06109581913611459,0.1332210454714318,0,0.0,1.15760782286143e-14
11,2,19,0.09829882693656078,0.06109581913611459,0.14040778969986686,0,0.0,0.0
11,3,0,0.09829882693656078,0.07702106613616413,0.0038596493596003397,10,0.001,0.0008040101140575314
11,3,1,0.09829882693656078,0.07702106613616413,0.01104639358803542,8,0.0008,0.0009280576519642745
11,3,2,0.09829882693656078,0.07702106613616413,0.0182331378164705,6,0.0006,0.0007296734985917276
11,3,3,0.09829882693656078,0.07702106613616413,0.02541988204490558,3,0.0003,0.00047070460510806344
11,3,4,0.09829882693656078,0.07702106613616413,0.032606626273340655,0,0.0,0.0002659353793728761
11,3,5,0.09829882693656078,0.07702106613616413,0.03979337050177574,0,0.0,0.0001276985202722006
11,3,6,0.09829882693656078,0.07702106613616413,0.046980114730210826,0,0.0,4.9894116010083444e-05
11,3,7,0.09829882693656078,0.07702106613616413,0.0541668589586459,0,0.0,1.7514701384991592e-05
11,3,8,0.09829882693656078,0.07702106613616413,0.06135360318708098,0,0.0,5.6124977834380526e-06
11,3,9,0.09829882693656078,0.07702106613616413,0.06854034741551607,0,0.0,1.2229390636305221e-06
11,3,10,0.09829882693656078,0.07702106613616413,0.07572709164395114,0,0.0,1.7911709807978713e-07
11,3,11,0.09829882693656078,0.07702106613616413,0.08291383587238624,0,0.0,2.3051719020453996e-08
11,3,12,0.09829882693656078,0.07702106613616413,0.09010058010082131,0,0.0,3.718990768560065e-09
11,3,13,0.09829882693656078,0.07702106613616413,0.09728732432925638,0,0.0,1.4033700892920367e-09
11,3,14,0.09829882693656078,0.07702106613616413,0.10447406855769147,0,0.0,1.2341546151218345e-09
11,3,15,0.09829882693656078,0.07702106613616413,0.11166081278612655,0,0.0,6.988199169932664e-10
11,3,16,0.09829882693656078,0.07702106613616413,0.11884755701456162,0,0.0,1.547942683961919e-10
11,3,17,0.09829882693656078,0.07702106613616413,0.12603430124299672,0,0.0,1.2694711230060218e-11
11,3,18,0.09829882693656078,0.07702106613616413,0.1332210454714318,0,0.0,3.833470624497409e-13
11,3,19,0.09829882693656078,0.07702106613616413,0.14040778969986686,0,0.0,0.0
11,4,0,0.09829882693656078,0.09294631313621368,0.0038596493596003397,28,0.0028,0.0009996832470724084
11,4,1,0.09829882693656078,0.09294631313621368,0.01104639358803542,13,0.0013,0.0011321357491240883
11,4,2,0.09829882693656078,0.09294631313621368,0.0182331378164705,11,0.0011,0.0008579298990851335
11,4,3,0.09829882693656078,0.09294631313621368,0.02541988204490558,6,0.0006,0.0005512185932054767
11,4,4,0.09829882693656078,0.09294631313621368,0.032606626273340655,3,0.0003,0.0003345644971372362
11,4,5,0.09829882693656078,0.09294631313621368,0.03979337050177574,2,0.0002,0.00017808262871892686
11,4,6,0.09829882693656078,0.09294631313621368,0.046980114730210826,0,0.0,7.440238127857402e-05
11,4,7,0.09829882693656078,0.09294631313621368,0.0541668589586459,0,0.0,2.615498614214454e-05
11,4,8,0.09829882693656078,0.09294631313621368,0.06135360318708098,0,0.0,8.993772384364636e-06
11,4,9,0.09829882693656078,0.09294631313621368,0.06854034741551607,0,0.0,3.083802395135654e-06
11,4,10,0.09829882693656078,0.09294631313621368,0.07572709164395114,0,0.0,1.0461357958072647e-06
11,4,11,0.09829882693656078,0.09294631313621368,0.08291383587238624,0,0.0,2.9016280243126275e-07
11,4,12,0.09829882693656078,0.09294631313621368,0.09010058010082131,0,0.0,8.185743982803197e-08
11,4,13,0.09829882693656078,0.09294631313621368,0.09728732432925638,0,0.0,2.4209471021121997e-08
11,4,14,0.09829882693656078,0.09294631313621368,0.10447406855769147,0,0.0,1.5340877524784936e-08
11,4,15,0.09829882693656078,0.09294631313621368,0.11166081278612655,0,0.0,8.499850834329379e-09
11,4,16,0.09829882693656078,0.09294631313621368,0.11884755701456162,0,0.0,1.884694230004115e-09
11,4,17,0.09829882693656078,0.09294631313621368,0.12603430124299672,0,0.0,1.5465324289308318e-10
11,4,18,0.09829882693656078,0.09294631313621368,0.1332210454714318,0,0.0,4.670123273147386e-12
11,4,19,0.09829882693656078,0.09294631313621368,0.14040778969986686,0,0.0,0.0
11,5,0,0.09829882693656078,0.10887156013626324,0.0038596493596003397,3,0.0003,0.0007497315828930999
11,5,1,0.09829882693656078,0.10887156013626324,0.01104639358803542,9,0.0009,0.0008826429173482748
11,5,2,0.09829882693656078,0.10887156013626324,0.0182331378164705,1,0.0001,0.0006997210543125261
11,5,3,0.09829882693656078,0.10887156013626324,0.02541988204490558,3,0.0003,0.0004936550426433179
11,5,4,0.09829882693656078,0.10887156013626324,0.032606626273340655,2,0.0002,0.0003480010729371877
11,5,5,0.09829882693656078,0.10887156013626324,0.03979337050177574,0,0.0,0.0002124029410018651
11,5,6,0.09829882693656078,0.10887156013626324,0.046980114730210826,0,0.0,9.566036424089437e-05
11,5,7,0.09829882693656078,0.10887156013626324,0.0541668589586459,0,0.0,3.3522886202296004e-05
11,5,8,0.09829882693656078,0.10887156013626324,0.06135360318708098,0,0.0,1.3313379287389973e-05
11,5,9,0.09829882693656078,0.10887156013626324,0.06854034741551607,0,0.0,8.089430565698893e-06
11,5,10,0.09829882693656078,0.10887156013626324,0.07572709164395114,0,0.0,4.577580528183617e-06
11,5,11,0.09829882693656078,0.10887156013626324,0.08291383587238624,0,0.0,2.142934464009662e-06
11,5,12,0.09829882693656078,0.10887156013626324,0.09010058010082131,0,0.0,8.849978398134134e-07
11,5,13,0.09829882693656078,0.10887156013626324,0.09728732432925638,0,0.0,2.2231056562608514e-07
11,5,14,0.09829882693656078,0.10887156013626324,0.10447406855769147,0,0.0,7.787012347069579e-08
11,5,15,0.09829882693656078,0.10887156013626324,0.11166081278612655,0,0.0,3.835273758044367e-08
11,5,16,0.09829882693656078,0.10887156013626324,0.11884755701456162,0,0.0,8.445865049296553e-09
11,5,17,0.09829882693656078,0.10887156013626324,0.12603430124299672,0,0.0,6.931077483662688e-10
11,5,18,0.09829882693656078,0.10887156013626324,0.1332210454714318,0,0.0,2.093004043039607e-11
11,5,19,0.09829882693656078,0.10887156013626324,0.14040778969986686,0,0.0,0.0
11,6,0,0.09829882693656078,0.1247968071363128,0.0038596493596003397,0,0.0,0.0003599625250292291
11,6,1,0.09829882693656078,0.1247968071363128,0.01104639358803542,0,0.0,0.0004748658114385148
11,6,2,0.09829882693656078,0.1247968071363128,0.0182331378164705,6,0.0006,0.000445788048073999
11,6,3,0.09829882693656078,0.1247968071363128,0.02541988204490558,4,0.0004,0.0003826322931531093
11,6,4,0.09829882693656078,0.1247968071363128,0.032606626273340655,3,0.0003,0.0003163467763953009
11,6,5,0.09829882693656078,0.1247968071363128,0.03979337050177574,3,0.0003,0.00022245016884124604
11,6,6,0.09829882693656078,0.1247968071363128,0.046980114730210826,0,0.0,0.00011995324718190673
11,6,7,0.09829882693656078,0.1247968071363128,0.0541668589586459,0,0.0,5.043803182844066e-05
11,6,8,0.09829882693656078,0.1247968071363128,0.06135360318708098,0,0.0,2.1361427802058817e-05
11,6,9,0.09829882693656078,0.1247968071363128,0.06854034741551607,1,0.0001,1.418340636884458e-05
11,6,10,0.09829882693656078,0.1247968071363128,0.07572709164395114,0,0.0,1.0941123691460705e-05
11,6,11,0.09829882693656078,0.1247968071363128,0.08291383587238624,0,0.0,8.29844200758296e-06
11,6,12,0.09829882693656078,0.1247968071363128,0.09010058010082131,0,0.0,4.216910043750354e-06
11,6,13,0.09829882693656078,0.1247968071363128,0.09728732432925638,0,0.0,1.0038548999337632e-06
11,6,14,0.09829882693656078,0.1247968071363128,0.10447406855769147,0,0.0,1.9075446349096232e-07
11,6,15,0.09829882693656078,0.1247968071363128,0.11166081278612655,0,0.0,7.070599374174082e-08
11,6,16,0.09829882693656078,0.1247968071363128,0.11884755701456162,0,0.0,1.8947568757292136e-08
11,6,17,0.09829882693656078,0.1247968071363128,0.12603430124299672,0,0.0,3.4471947850352636e-09
11,6,18,0.09829882693656078,0.1247968071363128,0.1332210454714318,0,0.0,4.894067055769462e-10
11,6,19,0.09829882693656078,0.1247968071363128,0.14040778969986686,0,0.0,3.5549848208057947e-11
11,7,0,0.09829882693656078,0.14072205413636235,0.0038596493596003397,0,0.0,0.00011439470172546429
11,7,1,0.09829882693656078,0.14072205413636235,0.01104639358803542,0,0.0,0.00017808362117564176
11,7,2,0.09829882693656078,0.14072205413636235,0.0182331378164705,0,0.0,0.0002105992958362586
11,7,3,0.09829882693656078,0.14072205413636235,0.02541988204490558,0,0.0,0.0002219559481544453
11,7,4,0.09829882693656078,0.14072205413636235,0.032606626273340655,3,0.0003,0.0002100680799441306
11,7,5,0.09829882693656078,0.14072205413636235,0.03979337050177574,0,0.0,0.00016650120779226215
11,7,6,0.09829882693656078,0.14072205413636235,0.046980114730210826,3,0.0003,0.00011108064441617641
11,7,7,0.09829882693656078,0.14072205413636235,0.0541668589586459,1,0.0001,5.954140090368662e-05
11,7,8,0.09829882693656078,0.14072205413636235,0.06135360318708098,0,0.0,2.7435766598245303e-05
11,7,9,0.09829882693656078,0.14072205413636235,0.06854034741551607,0,0.0,1.7530727614405843e-05
11,7,10,0.09829882693656078,0.14072205413636235,0.07572709164395114,0,0.0,1.7921604872878527e-05
11,7,11,0.09829882693656078,0.14072205413636235,0.08291383587238624,1,0.0001,1.7526047475495836e-05
11,7,12,0.09829882693656078,0.14072205413636235,0.09010058010082131,0,0.0,9.78835493762997e-06
11,7,13,0.09829882693656078,0.14072205413636235,0.09728732432925638,0,0.0,2.6290776581814993e-06
11,7,14,0.09829882693656078,0.14072205413636235,0.10447406855769147,0,0.0,4.597508092113388e-07
11,7,15,0.09829882693656078,0.14072205413636235,0.11166081278612655,0,0.0,2.220650408913732e-07
11,7,16,0.09829882693656078,0.14072205413636235,0.11884755701456162,0,0.0,1.7440291608791486e-07
11,7,17,0.09829882693656078,0.14072205413636235,0.12603430124299672,0,0.0,7.742689465695087e-08
11,7,18,0.09829882693656078,0.14072205413636235,0.1332210454714318,0,0.0,1.5340104466825904e-08
11,7,19,0.09829882693656078,0.14072205413636235,0.14040778969986686,0,0.0,1.2341430390436059e-09
11,8,0,0.09829882693656078,0.1566473011364119,0.0038596493596003397,0,0.0,2.3344800234768694e-05
11,8,1,0.09829882693656078,0.1566473011364119,0.01104639358803542,0,0.0,4.420478359490573e-05
11,8,2,0.09829882693656078,0.1566473011364119,0.0182331378164705,0,0.0,6.541813632454593e-05
11,8,3,0.09829882693656078,0.1566473011364119,0.02541988204490558,0,0.0,8.257260501716165e-05
11,8,4,0.09829882693656078,0.1566473011364119,0.032606626273340655,0,0.0,8.826241988815492e-05
11,8,5,0.09829882693656078,0.1566473011364119,0.03979337050177574,0,0.0,7.60322604579073e-05
11,8,6,0.09829882693656078,0.1566473011364119,0.046980114730210826,0,0.0,6.062354543283004e-05
11,8,7,0.09829882693656078,0.1566473011364119,0.0541668589586459,0,0.0,4.17817729407477e-05
11,8,8,0.09829882693656078,0.1566473011364119,0.06135360318708098,0,0.0,2.564541630130157e-05
11,8,9,0.09829882693656078,0.1566473011364119,0.06854034741551607,0,0.0,2.0996634585931007e-05
11,8,10,0.09829882693656078,0.1566473011364119,0.07572709164395114,0,0.0,2.4490252261687922e-05
11,8,11,0.09829882693656078,0.1566473011364119,0.08291383587238624,0,0.0,2.392975582611348e-05
11,8,12,0.09829882693656078,0.1566473011364119,0.09010058010082131,0,0.0,1.5282528869133814e-05
11,8,13,0.09829882693656078,0.1566473011364119,0.09728732432925638,0,0.0,5.798967230516273e-06
11,8,14,0.09829882693656078,0.1566473011364119,0.10447406855769147,0,0.0,1.9444597513366642e-06
11,8,15,0.09829882693656078,0.1566473011364119,0.11166081278612655,0,0.0,2.0994584240331668e-06
11,8,16,0.09829882693656078,0.1566473011364119,0.11884755701456162,0,0.0,2.0262997694690774e-06
11,8,17,0.09829882693656078,0.1566473011364119,0.12603430124299672,0,0.0,9.440265831035733e-07
11,8,18,0.09829882693656078,0.1566473011364119,0.1332210454714318,0,0.0,1.9202504366409884e-07
11,8,19,0.09829882693656078,0.1566473011364119,0.14040778969986686,0,0.0,1.6230564692248034e-08
11,9,0,0.09829882693656078,0.17257254813646145,0.0038596493596003397,0,0.0,2.996327844065711e-06
11,9,1,0.09829882693656078,0.17257254813646145,0.01104639358803542,0,0.0,7.092452896109888e-06
11,9,2,0.09829882693656078,0.17257254813646145,0.0182331378164705,0,0.0,1.2745170847595298e-05
11,9,3,0.09829882693656078,0.17257254813646145,0.02541988204490558,0,0.0,1.8933450120246536e-05
11,9,4,0.09829882693656078,0.17257254813646145,0.032606626273340655,0,0.0,2.242559266205561e-05
11,9,5,0.09829882693656078,0.17257254813646145,0.03979337050177574,0,0.0,2.004796626693587e-05
11,9,6,0.09829882693656078,0.17257254813646145,0.046980114730210826,0,0.0,1.8500980773226213e-05
11,9,7,0.09829882693656078,0.17257254813646145,0.0541668589586459,0,0.0,1.700570399656683e-05
11,9,8,0.09829882693656078,0.17257254813646145,0.06135360318708098,0,0.0,1.547312271328747e-05
11,9,9,0.09829882693656078,0.17257254813646145,0.06854034741551607,0,0.0,1.8355805922213733e-05
11,9,10,0.09829882693656078,0.17257254813646145,0.07572709164395114,0,0.0,2.385575343702625e-05
11,9,11,0.09829882693656078,0.17257254813646145,0.08291383587238624,0,0.0,2.426782342905292e-05
11,9,12,0.09829882693656078,0.17257254813646145,0.09010058010082131,1,0.0001,1.9157319703987394e-05
11,9,13,0.09829882693656078,0.17257254813646145,0.09728732432925638,0,0.0,9.722072672251266e-06
11,9,14,0.09829882693656078,0.17257254813646145,0.10447406855769147,0,0.0,6.0046045963170065e-06
11,9,15,0.09829882693656078,0.17257254813646145,0.11166081278612655,0,0.0,9.20823378956277e-06
11,9,16,0.09829882693656078,0.17257254813646145,0.11884755701456162,0,0.0,9.145907412029505e-06
11,9,17,0.09829882693656078,0.17257254813646145,0.12603430124299672,0,0.0,4.344758318566406e-06
11,9,18,0.09829882693656078,0.17257254813646145,0.1332210454714318,0,0.0,9.272319366136298e-07
11,9,19,0.09829882693656078,0.17257254813646145,0.14040778969986686,0,0.0,8.73828629737573e-08
11,10,0,0.09829882693656078,0.188497795136511,0.0038596493596003397,0,0.0,2.4317116271459125e-07
11,10,1,0.09829882693656078,0.188497795136511,0.01104639358803542,0,0.0,7.173498130797582e-07
11,10,2,0.09829882693656078,0.188497795136511,0.0182331378164705,0,0.0,1.5321112170475307e-06
11,10,3,0.09829882693656078,0.188497795136511,0.02541988204490558,0,0.0,2.7658163479769517e-06
11,10,4,0.09829882693656078,0.188497795136511,0.032606626273340655,0,0.0,3.662206917175083e-06
11,10,5,0.09829882693656078,0.188497795136511,0.03979337050177574,0,0.0,3.2814261007534005e-06
11,10,6,0.09829882693656078,0.188497795136511,0.046980114730210826,0,0.0,3.36411595948947e-06
11,10,7,0.09829882693656078,0.188497795136511,0.0541668589586459,0,0.0,4.104435751298303e-06
11,10,8,0.09829882693656078,0.188497795136511,0.06135360318708098,0,0.0,5.3605078390311385e-06
11,10,9,0.09829882693656078,0.188497795136511,0.06854034741551607,0,0.0,8.762802668627975e-06
11,10,10,0.09829882693656078,0.188497795136511,0.07572709164395114,0,0.0,1.3558129735880225e-05
11,10,11,0.09829882693656078,0.188497795136511,0.08291383587238624,0,0.0,1.6831583639853998e-05
11,10,12,0.09829882693656078,0.188497795136511,0.09010058010082131,0,0.0,1.5969587324856388e-05
11,10,13,0.09829882693656078,0.188497795136511,0.09728732432925638,0,0.0,9.381904475361897e-06
11,10,14,0.09829882693656078,0.188497795136511,0.10447406855769147,0,0.0,8.640570553351174e-06
11,10,15,0.09829882693656078,0.188497795136511,0.11166081278612655,1,0.0001,1.5254475921602795e-05
11,10,16,0.09829882693656078,0.188497795136511,0.11884755701456162,1,0.0001,1.5519129509692092e-05
11,10,17,0.09829882693656078,0.188497795136511,0.12603430124299672,0,0.0,7.733123344575614e-06
11,10,18,0.09829882693656078,0.188497795136511,0.1332210454714318,0,0.0,1.8400228549516359e-06
11,10,19,0.09829882693656078,0.188497795136511,0.14040778969986686,0,0.0,2.1072297668499133e-07
11,11,0,0.09829882693656078,0.20442304213656057,0.0038596493596003397,0,0.0,1.1639254989823205e-08
11,11,1,0.09829882693656078,0.20442304213656057,0.01104639358803542,0,0.0,4.1244905200277945e-08
11,11,2,0.09829882693656078,0.20442304213656057,0.0182331378164705,0,0.0,1.1006369104248393e-07
11,11,3,0.09829882693656078,0.20442304213656057,0.02541988204490558,0,0.0,2.653369277431454e-07
11,11,4,0.09829882693656078,0.20442304213656057,0.032606626273340655,0,0.0,4.120194486893746e-07
11,11,5,0.09829882693656078,0.20442304213656057,0.03979337050177574,0,0.0,3.80150010177052e-07
11,11,6,0.09829882693656078,0.20442304213656057,0.046980114730210826,0,0.0,3.917301645670715e-07
11,11,7,0.09829882693656078,0.20442304213656057,0.0541668589586459,0,0.0,5.852647007404259e-07
11,11,8,0.09829882693656078,0.20442304213656057,0.06135360318708098,0,0.0,1.0545125496308612e-06
11,11,9,0.09829882693656078,0.20442304213656057,0.06854034741551607,0,0.0,2.182273867009818e-06
11,11,10,0.09829882693656078,0.20442304213656057,0.07572709164395114,0,0.0,4.245425724668385e-06
11,11,11,0.09829882693656078,0.20442304213656057,0.08291383587238624,0,0.0,6.994905966553095e-06
11,11,12,0.09829882693656078,0.20442304213656057,0.09010058010082131,0,0.0,7.640864551684181e-06
11,11,13,0.09829882693656078,0.20442304213656057,0.09728732432925638,0,0.0,4.8187382423931314e-06
11,11,14,0.09829882693656078,0.20442304213656057,0.10447406855769147,0,0.0,5.214463835049711e-06
11,11,15,0.09829882693656078,0.20442304213656057,0.11166081278612655,0,0.0,9.78253167310197e-06
11,11,16,0.09829882693656078,0.20442304213656057,0.11884755701456162,0,0.0,1.055887116700669e-05
11,11,17,0.09829882693656078,0.20442304213656057,0.12603430124299672,0,0.0,5.881875703841039e-06
11,11,18,0.09829882693656078,0.20442304213656057,0.1332210454714318,0,0.0,1.6854622679707387e-06
11,11,19,0.09829882693656078,0.20442304213656057,0.14040778969986686,0,0.0,2.423172885612779e-07
11,12,0,0.09829882693656078,0.22034828913661011,0.0038596493596003397,0,0.0,2.7711881415082374e-10
11,12,1,0.09829882693656078,0.22034828913661011,0.01104639358803542,0,0.0,1.1561140719211458e-09
11,12,2,0.09829882693656078,0.22034828913661011,0.0182331378164705,0,0.0,4.4611301381630234e-09
11,12,3,0.09829882693656078,0.22034828913661011,0.02541988204490558,0,0.0,1.548132361712687e-08
11,12,4,0.09829882693656078,0.22034828913661011,0.032606626273340655,0,0.0,2.997214420864152e-08
11,12,5,0.09829882693656078,0.22034828913661011,0.03979337050177574,0,0.0,3.155614515019579e-08
11,12,6,0.09829882693656078,0.22034828913661011,0.046980114730210826,0,0.0,2.99416352493406e-08
11,12,7,0.09829882693656078,0.22034828913661011,0.0541668589586459,0,0.0,5.6579613279990486e-08
11,12,8,0.09829882693656078,0.22034828913661011,0.06135360318708098,0,0.0,1.5483764743191826e-07
11,12,9,0.09829882693656078,0.22034828913661011,0.06854034741551607,0,0.0,3.466325512746886e-07
11,12,10,0.09829882693656078,0.22034828913661011,0.07572709164395114,0,0.0,7.629529906580636e-07
11,12,11,0.09829882693656078,0.22034828913661011,0.08291383587238624,0,0.0,1.6005933527827169e-06
11,12,12,0.09829882693656078,0.22034828913661011,0.09010058010082131,0,0.0,1.98228941044864e-06
11,12,13,0.09829882693656078,0.22034828913661011,0.09728732432925638,0,0.0,1.2967386780916548e-06
11,12,14,0.09829882693656078,0.22034828913661011,0.10447406855769147,0,0.0,1.3980502093208583e-06
11,12,15,0.09829882693656078,0.22034828913661011,0.11166081278612655,0,0.0,2.932724383298201e-06
11,12,16,0.09829882693656078,0.22034828913661011,0.11884755701456162,0,0.0,3.7364606033392757e-06
11,12,17,0.09829882693656078,0.22034828913661011,0.12603430124299672,0,0.0,2.4505468416751823e-06
11,12,18,0.09829882693656078,0.22034828913661011,0.1332210454714318,0,0.0,8.1415293936612e-07
11,12,19,0.09829882693656078,0.22034828913661011,0.14040778969986686,0,0.0,1.3112958417649656e-07
11,13,0,0.09829882693656078,0.2362735361366597,0.0038596493596003397,0,0.0,1.5945176346112803e-12
11,13,1,0.09829882693656078,0.2362735361366597,0.01104639358803542,0,0.0,9.131165360867018e-12
11,13,2,0.09829882693656078,0.2362735361366597,0.0182331378164705,0,0.0,8.744135531904353e-11
11,13,3,0.09829882693656078,0.2362735361366597,0.02541988204490558,0,0.0,4.795141510919308e-10
11,13,4,0.09829882693656078,0.2362735361366597,0.032606626273340655,0,0.0,1.2404118588107726e-09
11,13,5,0.09829882693656078,0.2362735361366597,0.03979337050177574,0,0.0,1.5867100077527763e-09
11,13,6,0.09829882693656078,0.2362735361366597,0.046980114730210826,0,0.0,1.54326183702124e-09
11,13,7,0.09829882693656078,0.2362735361366597,0.0541668589586459,0,0.0,5.2528608143992915e-09
11,13,8,0.09829882693656078,0.2362735361366597,0.06135360318708098,0,0.0,2.0344278531471795e-08
11,13,9,0.09829882693656078,0.2362735361366597,0.06854034741551607,0,0.0,4.133118799453778e-08
11,13,10,0.09829882693656078,0.2362735361366597,0.07572709164395114,0,0.0,8.102914745139359e-08
11,13,11,0.09829882693656078,0.2362735361366597,0.08291383587238624,0,0.0,1.960696172929572e-07
11,13,12,0.09829882693656078,0.2362735361366597,0.09010058010082131,0,0.0,2.718658605969574e-07
11,13,13,0.09829882693656078,0.2362735361366597,0.09728732432925638,0,0.0,1.8547170520553805e-07
11,13,14,0.09829882693656078,0.2362735361366597,0.10447406855769147,0,0.0,2.2910585295467708e-07
11,13,15,0.09829882693656078,0.2362735361366597,0.11166081278612655,0,0.0,6.606057967349266e-07
11,13,16,0.09829882693656078,0.2362735361366597,0.11884755701456162,0,0.0,1.030194663629401e-06
11,13,17,0.09829882693656078,0.2362735361366597,0.12603430124299672,0,0.0,7.070809915760888e-07
11,13,18,0.09829882693656078,0.2362735361366597,0.1332210454714318,0,0.0,2.2080147394947326e-07
11,13,19,0.09829882693656078,0.2362735361366597,0.14040778969986686,0,0.0,3.257360659228218e-08
11,14,0,0.09829882693656078,0.25219878313670924,0.0038596493596003397,0,0.0,3.495672727962196e-16
11,14,1,0.09829882693656078,0.25219878313670924,0.01104639358803542,0,0.0,2.31521564572286e-14
11,14,2,0.09829882693656078,0.25219878313670924,0.0182331378164705,0,0.0,5.243725655584657e-13
11,14,3,0.09829882693656078,0.25219878313670924,0.02541988204490558,0,0.0,5.302155729068685e-12
11,14,4,0.09829882693656078,0.25219878313670924,0.032606626273340655,0,0.0,2.1984011429747764e-11
11,14,5,0.09829882693656078,0.25219878313670924,0.03979337050177574,0,0.0,3.631302865393541e-11
11,14,6,0.09829882693656078,0.25219878313670924,0.046980114730210826,0,0.0,5.1654984232331083e-11
11,14,7,0.09829882693656078,0.25219878313670924,0.0541668589586459,0,0.0,3.416855031601835e-10
11,14,8,0.09829882693656078,0.25219878313670924,0.06135360318708098,0,0.0,1.4976724683624627e-09
11,14,9,0.09829882693656078,0.25219878313670924,0.06854034741551607,0,0.0,3.133961245167071e-09
11,14,10,0.09829882693656078,0.25219878313670924,0.07572709164395114,0,0.0,6.5169287556449305e-09
11,14,11,0.09829882693656078,0.25219878313670924,0.08291383587238624,0,0.0,1.57367127823466e-08
11,14,12,0.09829882693656078,0.25219878313670924,0.09010058010082131,0,0.0,2.1286820863473664e-08
11,14,13,0.09829882693656078,0.25219878313670924,0.09728732432925638,0,0.0,1.503322471252963e-08
11,14,14,0.09829882693656078,0.25219878313670924,0.10447406855769147,0,0.0,2.9308838763363373e-08
11,14,15,0.09829882693656078,0.25219878313670924,0.11166081278612655,0,0.0,1.1069337841485517e-07
11,14,16,0.09829882693656078,0.25219878313670924,0.11884755701456162,0,0.0,1.831974093714565e-07
11,14,17,0.09829882693656078,0.25219878313670924,0.12603430124299672,0,0.0,1.1910504083921976e-07
11,14,18,0.09829882693656078,0.25219878313670924,0.1332210454714318,0,0.0,3.1851639551594625e-08
11,14,19,0.09829882693656078,0.25219878313670924,0.14040778969986686,0,0.0,3.8036742433044445e-09
11,15,0,0.09829882693656078,0.2681240301367588,0.0038596493596003397,0,0.0,0.0
11,15,1,0.09829882693656078,0.2681240301367588,0.01104639358803542,0,0.0,0.0
11,15,2,0.09829882693656078,0.2681240301367588,0.0182331378164705,0,0.0,0.0
11,15,3,0.09829882693656078,0.2681240301367588,0.02541988204490558,0,0.0,0.0
11,15,4,0.09829882693656078,0.2681240301367588,0.032606626273340655,0,0.0,3.495672727962196e-16
11,15,5,0.09829882693656078,0.2681240301367588,0.03979337050177574,0,0.0,3.47282346858429e-14
11,15,6,0.09829882693656078,0.2681240301367588,0.046980114730210826,0,0.0,9.077196280082066e-13
11,15,7,0.09829882693656078,0.2681240301367588,0.0541668589586459,0,0.0,1.0604311458137368e-11
11,15,8,0.09829882693656078,0.2681240301367588,0.06135360318708098,0,0.0,6.412579372948456e-11
11,15,9,0.09829882693656078,0.2681240301367588,0.06854034741551607,0,0.0,3.343628989918894e-10
11,15,10,0.09829882693656078,0.2681240301367588,0.07572709164395114,0,0.0,1.3035951375379837e-09
11,15,11,0.09829882693656078,0.2681240301367588,0.08291383587238624,0,0.0,2.429357713219869e-09
11,15,12,0.09829882693656078,0.2681240301367588,0.09010058010082131,0,0.0,2.049068820878672e-09
11,15,13,0.09829882693656078,0.2681240301367588,0.09728732432925638,0,0.0,9.96125577689388e-10
11,15,14,0.09829882693656078,0.2681240301367588,0.10447406855769147,0,0.0,2.0835578249512054e-09
11,15,15,0.09829882693656078,0.2681240301367588,0.11166081278612655,0,0.0,8.536630496927921e-09
11,15,16,0.09829882693656078,0.2681240301367588,0.11884755701456162,0,0.0,1.4181768460118784e-08
11,15,17,0.09829882693656078,0.2681240301367588,0.12603430124299672,0,0.0,8.864566981598063e-09
11,15,18,0.09829882693656078,0.2681240301367588,0.1332210454714318,0,0.0,2.1390538647670015e-09
11,15,19,0.09829882693656078,0.2681240301367588,0.14040778969986686,0,0.0,2.1154699146394196e-10
11,16,0,0.09829882693656078,0.2840492771368084,0.0038596493596003397,0,0.0,0.0
11,16,1,0.09829882693656078,0.2840492771368084,0.01104639358803542,0,0.0,0.0
11,16,2,0.09829882693656078,0.2840492771368084,0.0182331378164705,0,0.0,0.0
11,16,3,0.09829882693656078,0.2840492771368084,0.02541988204490558,0,0.0,0.0
11,16,4,0.09829882693656078,0.2840492771368084,0.032606626273340655,0,0.0,0.0
11,16,5,0.09829882693656078,0.2840492771368084,0.03979337050177574,0,0.0,0.0
11,16,6,0.09829882693656078,0.2840492771368084,0.046980114730210826,0,0.0,0.0
11,16,7,0.09829882693656078,0.2840492771368084,0.0541668589586459,0,0.0,1.4102550310872469e-13
11,16,8,0.09829882693656078,0.2840492771368084,0.06135360318708098,0,0.0,4.682048918648797e-12
11,16,9,0.09829882693656078,0.2840492771368084,0.06854034741551607,0,0.0,5.7289021278809924e-11
11,16,10,0.09829882693656078,0.2840492771368084,0.07572709164395114,0,0.0,2.598028159950644e-10
11,16,11,0.09829882693656078,0.2840492771368084,0.08291383587238624,0,0.0,4.42094198257957e-10
11,16,12,0.09829882693656078,0.2840492771368084,0.09010058010082131,0,0.0,2.913029973076676e-10
11,16,13,0.09829882693656078,0.2840492771368084,0.09728732432925638,0,0.0,8.416799008417382e-11
11,16,14,0.09829882693656078,0.2840492771368084,0.10447406855769147,0,0.0,6.700705307618357e-11
11,16,15,0.09829882693656078,0.2840492771368084,0.11166081278612655,0,0.0,2.556570652874755e-10
11,16,16,0.09829882693656078,0.2840492771368084,0.11884755701456162,0,0.0,4.20414601592261e-10
11,16,17,0.09829882693656078,0.2840492771368084,0.12603430124299672,0,0.0,2.549804407078525e-10
11,16,18,0.09829882693656078,0.2840492771368084,0.1332210454714318,0,0.0,5.689374857085878e-11
11,16,19,0.09829882693656078,0.2840492771368084,0.14040778969986686,0,0.0,4.670123273147386e-12
11,17,0,0.09829882693656078,0.2999745241368579,0.0038596493596003397,0,0.0,0.0
11,17,1,0.09829882693656078,0.2999745241368579,0.01104639358803542,0,0.0,0.0
11,17,2,0.09829882693656078,0.2999745241368579,0.0182331378164705,0,0.0,0.0
11,17,3,0.09829882693656078,0.2999745241368579,0.02541988204490558,0,0.0,0.0
11,17,4,0.09829882693656078,0.2999745241368579,0.032606626273340655,0,0.0,0.0
11,17,5,0.09829882693656078,0.2999745241368579,0.03979337050177574,0,0.0,0.0
11,17,6,0.09829882693656078,0.2999745241368579,0.046980114730210826,0,0.0,0.0
11,17,7,0.09829882693656078,0.2999745241368579,0.0541668589586459,0,0.0,1.15760782286143e-14
11,17,8,0.09829882693656078,0.2999745241368579,0.06135360318708098,0,0.0,3.836966297225372e-13
11,17,9,0.09829882693656078,0.2999745241368579,0.06854034741551607,0,0.0,4.681699351376001e-12
11,17,10,0.09829882693656078,0.2999745241368579,0.07572709164395114,0,0.0,2.1071065933504795e-11
11,17,11,0.09829882693656078,0.2999745241368579,0.08291383587238624,0,0.0,3.513983531012896e-11
11,17,12,0.09829882693656078,0.2999745241368579,0.09010058010082131,0,0.0,2.1972085784246356e-11
11,17,13,0.09829882693656078,0.2999745241368579,0.09728732432925638,0,0.0,5.302155729068685e-12
11,17,14,0.09829882693656078,0.2999745241368579,0.10447406855769147,0,0.0,5.243725655584657e-13
11,17,15,0.09829882693656078,0.2999745241368579,0.11166081278612655,0,0.0,2.31521564572286e-14
11,17,16,0.09829882693656078,0.2999745241368579,0.11884755701456162,0,0.0,3.495672727962196e-16
11,17,17,0.09829882693656078,0.2999745241368579,0.12603430124299672,0,0.0,0.0
11,17,18,0.09829882693656078,0.2999745241368579,0.1332210454714318,0,0.0,0.0
11,17,19,0.09829882693656078,0.2999745241368579,0.14040778969986686,0,0.0,0.0
11,18,0,0.09829882693656078,0.3158997711369075,0.0038596493596003397,0,0.0,0.0
11,18,1,0.09829882693656078,0.3158997711369075,0.01104639358803542,0,0.0,0.0
11,18,2,0.09829882693656078,0.3158997711369075,0.0182331378164705,0,0.0,0.0
11,18,3,0.09829882693656078,0.3158997711369075,0.02541988204490558,0,0.0,0.0
11,18,4,0.09829882693656078,0.3158997711369075,0.032606626273340655,0,0.0,0.0
11,18,5,0.09829882693656078,0.3158997711369075,0.03979337050177574,0,0.0,0.0
11,18,6,0.09829882693656078,0.3158997711369075,0.046980114730210826,0,0.0,0.0
11,18,7,0.09829882693656078,0.3158997711369075,0.0541668589586459,0,0.0,3.495672727962196e-16
11,18,8,0.09829882693656078,0.3158997711369075,0.06135360318708098,0,0.0,1.1576078228614303e-14
11,18,9,0.09829882693656078,0.3158997711369075,0.06854034741551607,0,0.0,1.410255031087247e-13
11,18,10,0.09829882693656078,0.3158997711369075,0.07572709164395114,0,0.0,6.320324559212983e-13
11,18,11,0.09829882693656078,0.3158997711369075,0.08291383587238624,0,0.0,1.0420453538502856e-12
11,18,12,0.09829882693656078,0.3158997711369075,0.09010058010082131,0,0.0,6.320324559212983e-13
11,18,13,0.09829882693656078,0.3158997711369075,0.09728732432925638,0,0.0,1.410255031087247e-13
11,18,14,0.09829882693656078,0.3158997711369075,0.10447406855769147,0,0.0,1.1576078228614303e-14
11,18,15,0.09829882693656078,0.3158997711369075,0.11166081278612655,0,0.0,3.495672727962196e-16
11,18,16,0.09829882693656078,0.3158997711369075,0.11884755701456162,0,0.0,0.0
11,18,17,0.09829882693656078,0.3158997711369075,0.12603430124299672,0,0.0,0.0
11,18,18,0.09829882693656078,0.3158997711369075,0.1332210454714318,0,0.0,0.0
11,18,19,0.09829882693656078,0.3158997711369075,0.14040778969986686,0,0.0,0.0
11,19,0,0.09829882693656078,0.331825018136957,0.0038596493596003397,0,0.0,0.0
11,19,1,0.09829882693656078,0.331825018136957,0.01104639358803542,0,0.0,0.0
11,19,2,0.09829882693656078,0.331825018136957,0.0182331378164705,0,0.0,0.0
11,19,3,0.09829882693656078,0.331825018136957,0.02541988204490558,0,0.0,0.0
11,19,4,0.09829882693656078,0.331825018136957,0.032606626273340655,0,0.0,0.0
11,19,5,0.09829882693656078,0.331825018136957,0.03979337050177574,0,0.0,0.0
11,19,6,0.09829882693656078,0.331825018136957,0.046980114730210826,0,0.0,0.0
11,19,7,0.09829882693656078,0.331825018136957,0.0541668589586459,0,0.0,0.0
11,19,8,0.09829882693656078,0.331825018136957,0.06135360318708098,0,0.0,0.0
11,19,9,0.09829882693656078,0.331825018136957,0.06854034741551607,0,0.0,0.0
11,19,10,0.09829882693656078,0.331825018136957,0.07572709164395114,0,0.0,0.0
11,19,11,0.09829882693656078,0.331825018136957,0.08291383587238624,0,0.0,0.0
11,19,12,0.09829882693656078,0.331825018136957,0.09010058010082131,0,0.0,0.0
11,19,13,0.09829882693656078,0.331825018136957,0.09728732432925638,0,0.0,0.0
11,19,14,0.09829882693656078,0.331825018136957,0.10447406855769147,0,0.0,0.0
11,19,15,0.09829882693656078,0.331825018136957,0.11166081278612655,0,0.0,0.0
11,19,16,0.09829882693656078,0.331825018136957,0.11884755701456162,0,0.0,0.0
11,19,17,0.09829882693656078,0.331825018136957,0.12603430124299672,0,0.0,0.0
11,19,18,0.09829882693656078,0.331825018136957,0.1332210454714318,0,0.0,0.0
11,19,19,0.09829882693656078,0.331825018136957,0.14040778969986686,0,0.0,0.0
12,0,0,0.16539461909154896,0.029245325136015476,0.0038596493596003397,0,0.0,4.575543360190525e-05
12,0,1,0.16539461909154896,0.029245325136015476,0.01104639358803542,0,0.0,5.439897715091897e-05
12,0,2,0.16539461909154896,0.029245325136015476,0.0182331378164705,0,0.0,4.482598115489635e-05
12,0,3,0.16539461909154896,0.029245325136015476,0.02541988204490558,0,0.0,3.056643287753364e-05
12,0,4,0.16539461909154896,0.029245325136015476,0.032606626273340655,0,0.0,1.6801924945989684e-05
12,0,5,0.16539461909154896,0.029245325136015476,0.03979337050177574,0,0.0,6.642953997171812e-06
12,0,6,0.16539461909154896,0.029245325136015476,0.046980114730210826,0,0.0,1.953394112325722e-06
12,0,7,0.16539461909154896,0.029245325136015476,0.0541668589586459,0,0.0,5.594349952046409e-07
12,0,8,0.16539461909154896,0.029245325136015476,0.06135360318708098,0,0.0,1.5548886881134638e-07
12,0,9,0.16539461909154896,0.029245325136015476,0.06854034741551607,0,0.0,3.0618457461900116e-08
12,0,10,0.16539461909154896,0.029245325136015476,0.07572709164395114,0,0.0,3.520455346867652e-09
12,0,11,0.16539461909154896,0.029245325136015476,0.08291383587238624,0,0.0,2.0769738758087853e-10
12,0,12,0.16539461909154896,0.029245325136015476,0.09010058010082131,0,0.0,5.217647995163082e-12
12,0,13,0.16539461909154896,0.029245325136015476,0.09728732432925638,0,0.0,1.15760782286143e-14
12,0,14,0.16539461909154896,0.029245325136015476,0.10447406855769147,0,0.0,0.0
12,0,15,0.16539461909154896,0.029245325136015476,0.11166081278612655,0,0.0,0.0
12,0,16,0.16539461909154896,0.029245325136015476,0.11884755701456162,0,0.0,0.0
12,0,17,0.16539461909154896,0.029245325136015476,0.12603430124299672,0,0.0,0.0
12,0,18,0.16539461909154896,0.029245325136015476,0.1332210454714318,0,0.0,0.0
12,0,19,0.16539461909154896,0.029245325136015476,0.14040778969986686,0,0.0,0.0
12,1,0,0.16539461909154896,0.045170572136065026,0.0038596493596003397,0,0.0,0.00022517735214079175
12,1,1,0.16539461909154896,0.045170572136065026,0.01104639358803542,0,0.0,0.0002718908202821717
12,1,2,0.16539461909154896,0.045170572136065026,0.0182331378164705,0,0.0,0.00023438613437271405
12,1,3,0.16539461909154896,0.045170572136065026,0.02541988204490558,0,0.0,0.00016991730735850695
12,1,4,0.16539461909154896,0.045170572136065026,0.032606626273340655,0,0.0,0.00010155248656416822
12,1,5,0.16539461909154896,0.045170572136065026,0.03979337050177574,0,0.0,4.5581403423494266e-05
12,1,6,0.16539461909154896,0.045170572136065026,0.046980114730210826,0,0.0,1.5881395673583232e-05
12,1,7,0.16539461909154896,0.045170572136065026,0.0541668589586459,0,0.0,5.404207884151608e-06
12,1,8,0.16539461909154896,0.045170572136065026,0.06135360318708098,0,0.0,1.7289474638021584e-06
12,1,9,0.16539461909154896,0.045170572136065026,0.06854034741551607,0,0.0,3.7279940276515467e-07
12,1,10,0.16539461909154896,0.045170572136065026,0.07572709164395114,0,0.0,4.462611847599659e-08
12,1,11,0.16539461909154896,0.045170572136065026,0.08291383587238624,0,0.0,2.6924904243452723e-09
12,1,12,0.16539461909154896,0.045170572136065026,0.09010058010082131,0,0.0,1.0180848301483731e-10
12,1,13,0.16539461909154896,0.045170572136065026,0.09728732432925638,0,0.0,2.1703098389426094e-11
12,1,14,0.16539461909154896,0.045170572136065026,0.10447406855769147,0,0.0,5.712168626997672e-12
12,1,15,0.16539461909154896,0.045170572136065026,0.11166081278612655,0,0.0,1.0153795183710392e-12
12,1,16,0.16539461909154896,0.045170572136065026,0.11884755701456162,0,0.0,1.5260158133733902e-13
12,1,17,0.16539461909154896,0.045170572136065026,0.12603430124299672,0,0.0,1.1576078228614303e-14
12,1,18,0.16539461909154896,0.045170572136065026,0.1332210454714318,0,0.0,3.495672727962196e-16
12,1,19,0.16539461909154896,0.045170572136065026,0.14040778969986686,0,0.0,0.0
12,2,0,0.16539461909154896,0.06109581913611459,0.0038596493596003397,3,0.0003,0.000581700729986928
12,2,1,0.16539461909154896,0.06109581913611459,0.01104639358803542,2,0.0002,0.0007146076543373079
12,2,2,0.16539461909154896,0.06109581913611459,0.0182331378164705,2,0.0002,0.0006344451677795571
12,2,3,0.16539461909154896,0.06109581913611459,0.02541988204490558,2,0.0002,0.0004776748200344302
12,2,4,0.16539461909154896,0.06109581913611459,0.032606626273340655,0,0.0,0.00030744899438851683
12,2,5,0.16539461909154896,0.06109581913611459,0.03979337050177574,0,0.0,0.00015612380113972017
12,2,6,0.16539461909154896,0.06109581913611459,0.046980114730210826,0,0.0,6.326633382915067e-05
12,2,7,0.16539461909154896,0.06109581913611459,0.0541668589586459,0,0.0,2.432406742070398e-05
12,2,8,0.16539461909154896,0.06109581913611459,0.06135360318708098,0,0.0,8.342210221208687e-06
12,2,9,0.16539461909154896,0.06109581913611459,0.06854034741551607,0,0.0,1.8774267303330913e-06
12,2,10,0.16539461909154896,0.06109581913611459,0.07572709164395114,0,0.0,2.321841632386931e-07
12,2,11,0.16539461909154896,0.06109581913611459,0.08291383587238624,0,0.0,1.5021317575577553e-08
12,2,12,0.16539461909154896,0.06109581913611459,0.09010058010082131,0,0.0,1.585286855712612e-09
12,2,13,0.16539461909154896,0.06109581913611459,0.09728732432925638,0,0.0,9.70665291911537e-10
12,2,14,0.16539461909154896,0.06109581913611459,0.10447406855769147,0,0.0,6.095637216940504e-10
12,2,15,0.16539461909154896,0.06109581913611459,0.11166081278612655,0,0.0,2.8860484280103597e-10
12,2,16,0.16539461909154896,0.06109581913611459,0.11884755701456162,0,0.0,6.19472189064559e-11
12,2,17,0.16539461909154896,0.06109581913611459,0.12603430124299672,0,0.0,5.053470335597128e-12
12,2,18,0.16539461909154896,0.06109581913611459,0.1332210454714318,0,0.0,1.52601581337339e-13
12,2,19,0.16539461909154896,0.06109581913611459,0.14040778969986686,0,0.0,0.0
12,3,0,0.16539461909154896,0.07702106613616413,0.0038596493596003397,20,0.002,0.0008541564113562568
12,3,1,0.16539461909154896,0.07702106613616413,0.01104639358803542,16,0.0016,0.001052399049052547
12,3,2,0.16539461909154896,0.07702106613616413,0.0182331378164705,16,0.0016,0.0009350867148701236
12,3,3,0.16539461909154896,0.07702106613616413,0.02541988204490558,9,0.0009,0.000716562552544837
12,3,4,0.16539461909154896,0.07702106613616413,0.032606626273340655,7,0.0007,0.0004916530606964334
12,3,5,0.16539461909154896,0.07702106613616413,0.03979337050177574,2,0.0002,0.0002778867924834784
12,3,6,0.16539461909154896,0.07702106613616413,0.046980114730210826,0,0.0,0.00012707015136422152
12,3,7,0.16539461909154896,0.07702106613616413,0.0541668589586459,0,0.0,5.259761848297062e-05
12,3,8,0.16539461909154896,0.07702106613616413,0.06135360318708098,0,0.0,1.8645952242899775e-05
12,3,9,0.16539461909154896,0.07702106613616413,0.06854034741551607,0,0.0,4.467295655269773e-06
12,3,10,0.16539461909154896,0.07702106613616413,0.07572709164395114,0,0.0,6.229341850544267e-07
12,3,11,0.16539461909154896,0.07702106613616413,0.08291383587238624,0,0.0,5.6815147027002835e-08
12,3,12,0.16539461909154896,0.07702106613616413,0.09010058010082131,0,0.0,1.882451299553985e-08
12,3,13,0.16539461909154896,0.07702106613616413,0.09728732432925638,0,0.0,1.7432188896473172e-08
12,3,14,0.16539461909154896,0.07702106613616413,0.10447406855769147,0,0.0,1.624720795646773e-08
12,3,15,0.16539461909154896,0.07702106613616413,0.11166081278612655,0,0.0,8.854046325078438e-09
12,3,16,0.16539461909154896,0.07702106613616413,0.11884755701456162,0,0.0,1.9456260693921994e-09
12,3,17,0.16539461909154896,0.07702106613616413,0.12603430124299672,0,0.0,1.5932336616623057e-10
12,3,18,0.16539461909154896,0.07702106613616413,0.1332210454714318,0,0.0,4.811148776256111e-12
12,3,19,0.16539461909154896,0.07702106613616413,0.14040778969986686,0,0.0,0.0
12,4,0,0.16539461909154896,0.09294631313621368,0.0038596493596003397,5,0.0005,0.0007557989626199605
12,4,1,0.16539461909154896,0.09294631313621368,0.01104639358803542,6,0.0006,0.0009327005215133573
12,4,2,0.16539461909154896,0.09294631313621368,0.0182331378164705,3,0.0003,0.0008250833838032415
12,4,3,0.16539461909154896,0.09294631313621368,0.02541988204490558,2,0.0002,0.0006537984990873446
12,4,4,0.16539461909154896,0.09294631313621368,0.032606626273340655,1,0.0001,0.0004934576621091029
12,4,5,0.16539461909154896,0.09294631313621368,0.03979337050177574,1,0.0001,0.0003132723953533309
12,4,6,0.16539461909154896,0.09294631313621368,0.046980114730210826,1,0.0001,0.0001546670547317257
12,4,7,0.16539461909154896,0.09294631313621368,0.0541668589586459,1,0.0001,6.368526572257316e-05
12,4,8,0.16539461909154896,0.09294631313621368,0.06135360318708098,0,0.0,2.3309630698602803e-05
12,4,9,0.16539461909154896,0.09294631313621368,0.06854034741551607,0,0.0,6.929896632329149e-06
12,4,10,0.16539461909154896,0.09294631313621368,0.07572709164395114,0,0.0,1.4702996356869018e-06
12,4,11,0.16539461909154896,0.09294631313621368,0.08291383587238624,0,0.0,2.810944131436229e-07
12,4,12,0.16539461909154896,0.09294631313621368,0.09010058010082131,0,0.0,1.3594318240544507e-07
12,4,13,0.16539461909154896,0.09294631313621368,0.09728732432925638,0,0.0,1.5076708655421271e-07
12,4,14,0.16539461909154896,0.09294631313621368,0.10447406855769147,0,0.0,1.8062830674116536e-07
12,4,15,0.16539461909154896,0.09294631313621368,0.11166081278612655,0,0.0,1.0472323083543002e-07
12,4,16,0.16539461909154896,0.09294631313621368,0.11884755701456162,0,0.0,2.322848647479156e-08
12,4,17,0.16539461909154896,0.09294631313621368,0.12603430124299672,0,0.0,1.9049922379785895e-09
12,4,18,0.16539461909154896,0.09294631313621368,0.1332210454714318,0,0.0,5.752578102678008e-11
12,4,19,0.16539461909154896,0.09294631313621368,0.14040778969986686,0,0.0,0.0
12,5,0,0.16539461909154896,0.10887156013626324,0.0038596493596003397,0,0.0,0.00041705835056460875
12,5,1,0.16539461909154896,0.10887156013626324,0.01104639358803542,2,0.0002,0.000549853702436793
12,5,2,0.16539461909154896,0.10887156013626324,0.0182331378164705,4,0.0004,0.0005311586048274545
12,5,3,0.16539461909154896,0.10887156013626324,0.02541988204490558,4,0.0004,0.0004778508604349052
12,5,4,0.16539461909154896,0.10887156013626324,0.032606626273340655,9,0.0009,0.0004190626679045643
12,5,5,0.16539461909154896,0.10887156013626324,0.03979337050177574,3,0.0003,0.00029914604489346506
12,5,6,0.16539461909154896,0.10887156013626324,0.046980114730210826,0,0.0,0.00015100381507645737
12,5,7,0.16539461909154896,0.10887156013626324,0.0541668589586459,0,0.0,5.657646370728386e-05
12,5,8,0.16539461909154896,0.10887156013626324,0.06135360318708098,0,0.0,2.1296146336282807e-05
12,5,9,0.16539461909154896,0.10887156013626324,0.06854034741551607,0,0.0,9.408212638369695e-06
12,5,10,0.16539461909154896,0.10887156013626324,0.07572709164395114,0,0.0,3.6536725309039743e-06
12,5,11,0.16539461909154896,0.10887156013626324,0.08291383587238624,0,0.0,1.43148002556991e-06
12,5,12,0.16539461909154896,0.10887156013626324,0.09010058010082131,0,0.0,7.280392183199262e-07
12,5,13,0.16539461909154896,0.10887156013626324,0.09728732432925638,0,0.0,6.331843643292952e-07
12,5,14,0.16539461909154896,0.10887156013626324,0.10447406855769147,0,0.0,7.859919823470944e-07
12,5,15,0.16539461909154896,0.10887156013626324,0.11166081278612655,0,0.0,4.643222035640517e-07
12,5,16,0.16539461909154896,0.10887156013626324,0.11884755701456162,0,0.0,1.0332184146869036e-07
12,5,17,0.16539461909154896,0.10887156013626324,0.12603430124299672,0,0.0,8.478288761443061e-09
12,5,18,0.16539461909154896,0.10887156013626324,0.1332210454714318,0,0.0,2.5602213649443e-10
12,5,19,0.16539461909154896,0.10887156013626324,0.14040778969986686,0,0.0,0.0
12,6,0,0.16539461909154896,0.1247968071363128,0.0038596493596003397,0,0.0,0.00014879381262929793
12,6,1,0.16539461909154896,0.1247968071363128,0.01104639358803542,1,0.0001,0.00023169956552385816
12,6,2,0.16539461909154896,0.1247968071363128,0.0182331378164705,0,0.0,0.0002757239244601197
12,6,3,0.16539461909154896,0.1247968071363128,0.02541988204490558,4,0.0004,0.0002970636810179058
12,6,4,0.16539461909154896,0.1247968071363128,0.032606626273340655,2,0.0002,0.0002915048578036307
12,6,5,0.16539461909154896,0.1247968071363128,0.03979337050177574,4,0.0004,0.0002281884279915115
12,6,6,0.16539461909154896,0.1247968071363128,0.046980114730210826,1,0.0001,0.0001248571539335977
12,6,7,0.16539461909154896,0.1247968071363128,0.0541668589586459,0,0.0,4.7598657704757844e-05
12,6,8,0.16539461909154896,0.1247968071363128,0.06135360318708098,0,0.0,1.7601448966310784e-05
12,6,9,0.16539461909154896,0.1247968071363128,0.06854034741551607,0,0.0,1.0009760167496985e-05
12,6,10,0.16539461909154896,0.1247968071363128,0.07572709164395114,0,0.0,6.514362689157152e-06
12,6,11,0.16539461909154896,0.1247968071363128,0.08291383587238624,0,0.0,4.6559381134348034e-06
12,6,12,0.16539461909154896,0.1247968071363128,0.09010058010082131,0,0.0,2.568704772911745e-06
12,6,13,0.16539461909154896,0.1247968071363128,0.09728732432925638,0,0.0,1.3266556061218839e-06
12,6,14,0.16539461909154896,0.1247968071363128,0.10447406855769147,0,0.0,1.3132229537491347e-06
12,6,15,0.16539461909154896,0.1247968071363128,0.11166081278612655,0,0.0,7.668450399793537e-07
12,6,16,0.16539461909154896,0.1247968071363128,0.11884755701456162,0,0.0,1.729216590977166e-07
12,6,17,0.16539461909154896,0.1247968071363128,0.12603430124299672,0,0.0,1.5340092890747676e-08
12,6,18,0.16539461909154896,0.1247968071363128,0.1332210454714318,0,0.0,6.96933263895428e-10
12,6,19,0.16539461909154896,0.1247968071363128,0.14040778969986686,0,0.0,2.1562072886317365e-11
12,7,0,0.16539461909154896,0.14072205413636235,0.0038596493596003397,0,0.0,3.5343024016872255e-05
12,7,1,0.16539461909154896,0.14072205413636235,0.01104639358803542,0,0.0,6.803947010237355e-05
12,7,2,0.16539461909154896,0.14072205413636235,0.0182331378164705,0,0.0,0.00010141861594431209
12,7,3,0.16539461909154896,0.14072205413636235,0.02541988204490558,0,0.0,0.0001279518150805372
12,7,4,0.16539461909154896,0.14072205413636235,0.032606626273340655,0,0.0,0.0001361157391189211
12,7,5,0.16539461909154896,0.14072205413636235,0.03979337050177574,0,0.0,0.00011592031150444783
12,7,6,0.16539461909154896,0.14072205413636235,0.046980114730210826,0,0.0,7.51655815062789e-05
12,7,7,0.16539461909154896,0.14072205413636235,0.0541668589586459,0,0.0,3.509223073160148e-05
12,7,8,0.16539461909154896,0.14072205413636235,0.06135360318708098,0,0.0,1.3277058010197252e-05
12,7,9,0.16539461909154896,0.14072205413636235,0.06854034741551607,0,0.0,7.463508547782058e-06
12,7,10,0.16539461909154896,0.14072205413636235,0.07572709164395114,0,0.0,7.583842657704156e-06
12,7,11,0.16539461909154896,0.14072205413636235,0.08291383587238624,0,0.0,8.066981563110906e-06
12,7,12,0.16539461909154896,0.14072205413636235,0.09010058010082131,0,0.0,4.958122143857504e-06
12,7,13,0.16539461909154896,0.14072205413636235,0.09728732432925638,0,0.0,1.8258502638197389e-06
12,7,14,0.16539461909154896,0.14072205413636235,0.10447406855769147,0,0.0,9.846959495283763e-07
12,7,15,0.16539461909154896,0.14072205413636235,0.11166081278612655,0,0.0,5.724027370167558e-07
12,7,16,0.16539461909154896,0.14072205413636235,0.11884755701456162,0,0.0,2.0344257928631295e-07
12,7,17,0.16539461909154896,0.14072205413636235,0.12603430124299672,0,0.0,5.4769152253819624e-08
12,7,18,0.16539461909154896,0.14072205413636235,0.1332210454714318,0,0.0,9.412940213596477e-09
12,7,19,0.16539461909154896,0.14072205413636235,0.14040778969986686,0,0.0,7.187079120698123e-10
12,8,0,0.16539461909154896,0.1566473011364119,0.0038596493596003397,0,0.0,5.3713981654157525e-06
12,8,1,0.16539461909154896,0.1566473011364119,0.01104639358803542,0,0.0,1.2642483718266836e-05
12,8,2,0.16539461909154896,0.1566473011364119,0.0182331378164705,0,0.0,2.271247087593707e-05
12,8,3,0.16539461909154896,0.1566473011364119,0.02541988204490558,0,0.0,3.341257707682986e-05
12,8,4,0.16539461909154896,0.1566473011364119,0.032606626273340655,0,0.0,3.934305339810938e-05
12,8,5,0.16539461909154896,0.1566473011364119,0.03979337050177574,0,0.0,3.61997452844919e-05
12,8,6,0.16539461909154896,0.1566473011364119,0.046980114730210826,0,0.0,2.8474115374207816e-05
12,8,7,0.16539461909154896,0.1566473011364119,0.0541668589586459,0,0.0,1.709484978826564e-05
12,8,8,0.16539461909154896,0.1566473011364119,0.06135360318708098,0,0.0,7.797824326777604e-06
12,8,9,0.16539461909154896,0.1566473011364119,0.06854034741551607,0,0.0,5.162153600720105e-06
12,8,10,0.16539461909154896,0.1566473011364119,0.07572709164395114,0,0.0,7.004733815066751e-06
12,8,11,0.16539461909154896,0.1566473011364119,0.08291383587238624,0,0.0,8.721173575746599e-06
12,8,12,0.16539461909154896,0.1566473011364119,0.09010058010082131,0,0.0,6.851005103950384e-06
12,8,13,0.16539461909154896,0.1566473011364119,0.09728732432925638,0,0.0,3.052213794140749e-06
12,8,14,0.16539461909154896,0.1566473011364119,0.10447406855769147,0,0.0,1.2710065845837632e-06
12,8,15,0.16539461909154896,0.1566473011364119,0.11166081278612655,0,0.0,1.3655125081556268e-06
12,8,16,0.16539461909154896,0.1566473011364119,0.11884755701456162,0,0.0,1.2459896929174814e-06
12,8,17,0.16539461909154896,0.1566473011364119,0.12603430124299672,0,0.0,5.669296305772745e-07
12,8,18,0.16539461909154896,0.1566473011364119,0.1332210454714318,0,0.0,1.1206478626446729e-07
12,8,19,0.16539461909154896,0.1566473011364119,0.14040778969986686,0,0.0,8.853797639684967e-09
12,9,0,0.16539461909154896,0.17257254813646145,0.0038596493596003397,0,0.0,4.882571157631962e-07
12,9,1,0.16539461909154896,0.17257254813646145,0.01104639358803542,0,0.0,1.3995091425712153e-06
12,9,2,0.16539461909154896,0.17257254813646145,0.0182331378164705,0,0.0,2.967406049944582e-06
12,9,3,0.16539461909154896,0.17257254813646145,0.02541988204490558,0,0.0,5.161025180643477e-06
12,9,4,0.16539461909154896,0.17257254813646145,0.032606626273340655,0,0.0,6.78420647718771e-06
12,9,5,0.16539461909154896,0.17257254813646145,0.03979337050177574,0,0.0,6.603915249374167e-06
12,9,6,0.16539461909154896,0.17257254813646145,0.046980114730210826,0,0.0,6.13735332250627e-06
12,9,7,0.16539461909154896,0.17257254813646145,0.0541668589586459,0,0.0,4.740003013304211e-06
12,9,8,0.16539461909154896,0.17257254813646145,0.06135360318708098,0,0.0,3.1584538154133e-06
12,9,9,0.16539461909154896,0.17257254813646145,0.06854034741551607,0,0.0,3.4877811251999895e-06
12,9,10,0.16539461909154896,0.17257254813646145,0.07572709164395114,0,0.0,5.531445869477256e-06
12,9,11,0.16539461909154896,0.17257254813646145,0.08291383587238624,0,0.0,7.6268130869136985e-06
12,9,12,0.16539461909154896,0.17257254813646145,0.09010058010082131,0,0.0,7.913816090136483e-06
12,9,13,0.16539461909154896,0.17257254813646145,0.09728732432925638,0,0.0,4.651050097485507e-06
12,9,14,0.16539461909154896,0.17257254813646145,0.10447406855769147,0,0.0,3.4266967658540436e-06
12,9,15,0.16539461909154896,0.17257254813646145,0.11166081278612655,0,0.0,5.555429145083681e-06
12,9,16,0.16539461909154896,0.17257254813646145,0.11884755701456162,0,0.0,5.486260786419238e-06
12,9,17,0.16539461909154896,0.17257254813646145,0.12603430124299672,0,0.0,2.541913781959147e-06
12,9,18,0.16539461909154896,0.17257254813646145,0.1332210454714318,0,0.0,5.074604661583025e-07
12,9,19,0.16539461909154896,0.17257254813646145,0.14040778969986686,0,0.0,4.088189923083313e-08
12,10,0,0.16539461909154896,0.188497795136511,0.0038596493596003397,0,0.0,2.652461851855614e-08
12,10,1,0.16539461909154896,0.188497795136511,0.01104639358803542,0,0.0,9.34208147761501e-08
12,10,2,0.16539461909154896,0.188497795136511,0.0182331378164705,0,0.0,2.338541591090764e-07
12,10,3,0.16539461909154896,0.188497795136511,0.02541988204490558,0,0.0,4.866965676636863e-07
12,10,4,0.16539461909154896,0.188497795136511,0.032606626273340655,0,0.0,7.005343415000921e-07
12,10,5,0.16539461909154896,0.188497795136511,0.03979337050177574,0,0.0,6.953657562326081e-07
12,10,6,0.16539461909154896,0.188497795136511,0.046980114730210826,0,0.0,7.389121820494144e-07
12,10,7,0.16539461909154896,0.188497795136511,0.0541668589586459,0,0.0,7.544588115447388e-07
12,10,8,0.16539461909154896,0.188497795136511,0.06135360318708098,0,0.0,8.222713026600824e-07
12,10,9,0.16539461909154896,0.188497795136511,0.06854034741551607,0,0.0,1.5037529595102836e-06
12,10,10,0.16539461909154896,0.188497795136511,0.07572709164395114,0,0.0,2.7884624226640123e-06
12,10,11,0.16539461909154896,0.188497795136511,0.08291383587238624,0,0.0,4.456119259811586e-06
12,10,12,0.16539461909154896,0.188497795136511,0.09010058010082131,0,0.0,5.3452524171899945e-06
12,10,13,0.16539461909154896,0.188497795136511,0.09728732432925638,0,0.0,3.7801107638506203e-06
12,10,14,0.16539461909154896,0.188497795136511,0.10447406855769147,0,0.0,4.817060434877236e-06
12,10,15,0.16539461909154896,0.188497795136511,0.11166081278612655,0,0.0,9.09369820105297e-06
12,10,16,0.16539461909154896,0.188497795136511,0.11884755701456162,0,0.0,9.076434399078731e-06
12,10,17,0.16539461909154896,0.188497795136511,0.12603430124299672,0,0.0,4.237410256174958e-06
12,10,18,0.16539461909154896,0.188497795136511,0.1332210454714318,0,0.0,8.622037465021778e-07
12,10,19,0.16539461909154896,0.188497795136511,0.14040778969986686,0,0.0,7.287406758912558e-08
12,11,0,0.16539461909154896,0.20442304213656057,0.0038596493596003397,0,0.0,8.292374869668463e-10
12,11,1,0.16539461909154896,0.20442304213656057,0.01104639358803542,0,0.0,3.6430515210572012e-09
12,11,2,0.16539461909154896,0.20442304213656057,0.0182331378164705,0,0.0,1.14361460700474e-08
12,11,3,0.16539461909154896,0.20442304213656057,0.02541988204490558,0,0.0,3.0049790323326856e-08
12,11,4,0.16539461909154896,0.20442304213656057,0.032606626273340655,0,0.0,4.7156656237331015e-08
12,11,5,0.16539461909154896,0.20442304213656057,0.03979337050177574,0,0.0,4.562053691864293e-08
12,11,6,0.16539461909154896,0.20442304213656057,0.046980114730210826,0,0.0,5.241471220894965e-08
12,11,7,0.16539461909154896,0.20442304213656057,0.0541668589586459,0,0.0,7.155839715097175e-08
12,11,8,0.16539461909154896,0.20442304213656057,0.06135360318708098,0,0.0,1.2466115534973243e-07
12,11,9,0.16539461909154896,0.20442304213656057,0.06854034741551607,0,0.0,3.200373347751184e-07
12,11,10,0.16539461909154896,0.20442304213656057,0.07572709164395114,0,0.0,7.235235562705465e-07
12,11,11,0.16539461909154896,0.20442304213656057,0.08291383587238624,0,0.0,1.4084557609131851e-06
12,11,12,0.16539461909154896,0.20442304213656057,0.09010058010082131,0,0.0,1.8338542633996546e-06
12,11,13,0.16539461909154896,0.20442304213656057,0.09728732432925638,0,0.0,1.5173009172365567e-06
12,11,14,0.16539461909154896,0.20442304213656057,0.10447406855769147,0,0.0,2.761860292952605e-06
12,11,15,0.16539461909154896,0.20442304213656057,0.11166081278612655,0,0.0,5.544335742998728e-06
12,11,16,0.16539461909154896,0.20442304213656057,0.11884755701456162,0,0.0,5.598337444478563e-06
12,11,17,0.16539461909154896,0.20442304213656057,0.12603430124299672,0,0.0,2.6678831171677802e-06
12,11,18,0.16539461909154896,0.20442304213656057,0.1332210454714318,0,0.0,5.696936146525152e-07
12,11,19,0.16539461909154896,0.20442304213656057,0.14040778969986686,0,0.0,5.35996913419793e-08
12,12,0,0.16539461909154896,0.22034828913661011,0.0038596493596003397,0,0.0,1.2977576619943645e-11
12,12,1,0.16539461909154896,0.22034828913661011,0.01104639358803542,0,0.0,7.312032861427289e-11
12,12,2,0.16539461909154896,0.22034828913661011,0.0182331378164705,0,0.0,3.4102230243953015e-10
12,12,3,0.16539461909154896,0.22034828913661011,0.02541988204490558,0,0.0,1.2042168447536494e-09
12,12,4,0.16539461909154896,0.22034828913661011,0.032606626273340655,0,0.0,2.118028676494133e-09
12,12,5,0.16539461909154896,0.22034828913661011,0.03979337050177574,0,0.0,2.0320532025460326e-09
12,12,6,0.16539461909154896,0.22034828913661011,0.046980114730210826,0,0.0,2.2664911919004808e-09
12,12,7,0.16539461909154896,0.22034828913661011,0.0541668589586459,0,0.0,4.161380082102585e-09
12,12,8,0.16539461909154896,0.22034828913661011,0.06135360318708098,0,0.0,1.102278880235699e-08
12,12,9,0.16539461909154896,0.22034828913661011,0.06854034741551607,0,0.0,3.3894974689327494e-08
12,12,10,0.16539461909154896,0.22034828913661011,0.07572709164395114,0,0.0,9.79335152536324e-08
12,12,11,0.16539461909154896,0.22034828913661011,0.08291383587238624,0,0.0,2.3908013891958425e-07
12,12,12,0.16539461909154896,0.22034828913661011,0.09010058010082131,0,0.0,3.3285866321983046e-07
12,12,13,0.16539461909154896,0.22034828913661011,0.09728732432925638,0,0.0,2.981932638698314e-07
12,12,14,0.16539461909154896,0.22034828913661011,0.10447406855769147,0,0.0,6.206980026850706e-07
12,12,15,0.16539461909154896,0.22034828913661011,0.11166081278612655,0,0.0,1.2963622815720857e-06
12,12,16,0.16539461909154896,0.22034828913661011,0.11884755701456162,0,0.0,1.3621622041346998e-06
12,12,17,0.16539461909154896,0.22034828913661011,0.12603430124299672,0,0.0,6.886852025781739e-07
12,12,18,0.16539461909154896,0.22034828913661011,0.1332210454714318,0,0.0,1.63074565630551e-07
12,12,19,0.16539461909154896,0.22034828913661011,0.14040778969986686,0,0.0,1.8285283495936827e-08
12,13,0,0.16539461909154896,0.2362735361366597,0.0038596493596003397,0,0.0,1.2275212774206741e-14
12,13,1,0.16539461909154896,0.2362735361366597,0.01104639358803542,0,0.0,4.180752971355838e-13
12,13,2,0.16539461909154896,0.2362735361366597,0.0182331378164705,0,0.0,5.33622047636017e-12
12,13,3,0.16539461909154896,0.2362735361366597,0.02541988204490558,0,0.0,2.6898956850071896e-11
12,13,4,0.16539461909154896,0.2362735361366597,0.032606626273340655,0,0.0,5.81989081392001e-11
12,13,5,0.16539461909154896,0.2362735361366597,0.03979337050177574,0,0.0,6.333657225206213e-11
12,13,6,0.16539461909154896,0.2362735361366597,0.046980114730210826,0,0.0,6.43507335063678e-11
12,13,7,0.16539461909154896,0.2362735361366597,0.0541668589586459,0,0.0,2.0021928696464174e-10
12,13,8,0.16539461909154896,0.2362735361366597,0.06135360318708098,0,0.0,7.91482787931537e-10
12,13,9,0.16539461909154896,0.2362735361366597,0.06854034741551607,0,0.0,2.2757710152246573e-09
12,13,10,0.16539461909154896,0.2362735361366597,0.07572709164395114,0,0.0,7.522829507428205e-09
12,13,11,0.16539461909154896,0.2362735361366597,0.08291383587238624,0,0.0,2.2123054061697436e-08
12,13,12,0.16539461909154896,0.2362735361366597,0.09010058010082131,0,0.0,3.272257152609617e-08
12,13,13,0.16539461909154896,0.2362735361366597,0.09728732432925638,0,0.0,2.8593578754643317e-08
12,13,14,0.16539461909154896,0.2362735361366597,0.10447406855769147,0,0.0,5.936647811487629e-08
12,13,15,0.16539461909154896,0.2362735361366597,0.11166081278612655,0,0.0,1.4054680171506078e-07
12,13,16,0.16539461909154896,0.2362735361366597,0.11884755701456162,0,0.0,1.7113619020078917e-07
12,13,17,0.16539461909154896,0.2362735361366597,0.12603430124299672,0,0.0,9.805469402229282e-08
12,13,18,0.16539461909154896,0.2362735361366597,0.1332210454714318,0,0.0,2.6024591649635937e-08
12,13,19,0.16539461909154896,0.2362735361366597,0.14040778969986686,0,0.0,3.291207734711127e-09
12,14,0,0.16539461909154896,0.25219878313670924,0.0038596493596003397,0,0.0,0.0
12,14,1,0.16539461909154896,0.25219878313670924,0.01104639358803542,0,0.0,3.495672727962196e-16
12,14,2,0.16539461909154896,0.25219878313670924,0.0182331378164705,0,0.0,1.1576078228614303e-14
12,14,3,0.16539461909154896,0.25219878313670924,0.02541988204490558,0,0.0,1.410255031087247e-13
12,14,4,0.16539461909154896,0.25219878313670924,0.032606626273340655,0,0.0,6.320324559212983e-13
12,14,5,0.16539461909154896,0.25219878313670924,0.03979337050177574,0,0.0,1.0655470775803105e-12
12,14,6,0.16539461909154896,0.25219878313670924,0.046980114730210826,0,0.0,1.4103026590493945e-12
12,14,7,0.16539461909154896,0.25219878313670924,0.0541668589586459,0,0.0,9.657025787198069e-12
12,14,8,0.16539461909154896,0.25219878313670924,0.06135360318708098,0,0.0,4.417810314784974e-11
12,14,9,0.16539461909154896,0.25219878313670924,0.06854034741551607,0,0.0,1.014332049521882e-10
12,14,10,0.16539461909154896,0.25219878313670924,0.07572709164395114,0,0.0,3.168408021500722e-10
12,14,11,0.16539461909154896,0.25219878313670924,0.08291383587238624,0,0.0,1.0621078996372459e-09
12,14,12,0.16539461909154896,0.25219878313670924,0.09010058010082131,0,0.0,1.6576032984139988e-09
12,14,13,0.16539461909154896,0.25219878313670924,0.09728732432925638,0,0.0,1.4139984730069253e-09
12,14,14,0.16539461909154896,0.25219878313670924,0.10447406855769147,0,0.0,3.541683323042872e-09
12,14,15,0.16539461909154896,0.25219878313670924,0.11166081278612655,0,0.0,1.166356748981696e-08
12,14,16,0.16539461909154896,0.25219878313670924,0.11884755701456162,0,0.0,1.764654720092987e-08
12,14,17,0.16539461909154896,0.25219878313670924,0.12603430124299672,0,0.0,1.0984627372028964e-08
12,14,18,0.16539461909154896,0.25219878313670924,0.1332210454714318,0,0.0,2.8530916535636668e-09
12,14,19,0.16539461909154896,0.25219878313670924,0.14040778969986686,0,0.0,3.3086855867248375e-10
12,15,0,0.16539461909154896,0.2681240301367588,0.0038596493596003397,0,0.0,0.0
12,15,1,0.16539461909154896,0.2681240301367588,0.01104639358803542,0,0.0,0.0
12,15,2,0.16539461909154896,0.2681240301367588,0.0182331378164705,0,0.0,0.0
12,15,3,0.16539461909154896,0.2681240301367588,0.02541988204490558,0,0.0,0.0
12,15,4,0.16539461909154896,0.2681240301367588,0.032606626273340655,0,0.0,0.0
12,15,5,0.16539461909154896,0.2681240301367588,0.03979337050177574,0,0.0,6.991345455924392e-16
12,15,6,0.16539461909154896,0.2681240301367588,0.046980114730210826,0,0.0,2.3152156457228606e-14
12,15,7,0.16539461909154896,0.2681240301367588,0.0541668589586459,0,0.0,2.820510062174494e-13
12,15,8,0.16539461909154896,0.2681240301367588,0.06135360318708098,0,0.0,1.2756409900712107e-12
12,15,9,0.16539461909154896,0.2681240301367588,0.06854034741551607,0,0.0,2.4674377701503117e-12
12,15,10,0.16539461909154896,0.2681240301367588,0.07572709164395114,0,0.0,5.93453775226278e-12
12,15,11,0.16539461909154896,0.2681240301367588,0.08291383587238624,0,0.0,2.1223667514842134e-11
12,15,12,0.16539461909154896,0.2681240301367588,0.09010058010082131,0,0.0,3.5055327576223356e-11
12,15,13,0.16539461909154896,0.2681240301367588,0.09728732432925638,0,0.0,3.4269059329151795e-11
12,15,14,0.16539461909154896,0.2681240301367588,0.10447406855769147,0,0.0,1.6074875858253058e-10
12,15,15,0.16539461909154896,0.2681240301367588,0.11166081278612655,0,0.0,6.987932511577873e-10
12,15,16,0.16539461909154896,0.2681240301367588,0.11884755701456162,0,0.0,1.1638241296302728e-09
12,15,17,0.16539461909154896,0.2681240301367588,0.12603430124299672,0,0.0,7.276271272987051e-10
12,15,18,0.16539461909154896,0.2681240301367588,0.1332210454714318,0,0.0,1.7558363289075206e-10
12,15,19,0.16539461909154896,0.2681240301367588,0.14040778969986686,0,0.0,1.7364834503207604e-11
12,16,0,0.16539461909154896,0.2840492771368084,0.0038596493596003397,0,0.0,0.0
12,16,1,0.16539461909154896,0.2840492771368084,0.01104639358803542,0,0.0,0.0
12,16,2,0.16539461909154896,0.2840492771368084,0.0182331378164705,0,0.0,0.0
12,16,3,0.16539461909154896,0.2840492771368084,0.02541988204490558,0,0.0,0.0
12,16,4,0.16539461909154896,0.2840492771368084,0.032606626273340655,0,0.0,0.0
12,16,5,0.16539461909154896,0.2840492771368084,0.03979337050177574,0,0.0,0.0
12,16,6,0.16539461909154896,0.2840492771368084,0.046980114730210826,0,0.0,0.0
12,16,7,0.16539461909154896,0.2840492771368084,0.0541668589586459,0,0.0,0.0
12,16,8,0.16539461909154896,0.2840492771368084,0.06135360318708098,0,0.0,0.0
12,16,9,0.16539461909154896,0.2840492771368084,0.06854034741551607,0,0.0,0.0
12,16,10,0.16539461909154896,0.2840492771368084,0.07572709164395114,0,0.0,0.0
12,16,11,0.16539461909154896,0.2840492771368084,0.08291383587238624,0,0.0,0.0
12,16,12,0.16539461909154896,0.2840492771368084,0.09010058010082131,0,0.0,1.15760782286143e-14
12,16,13,0.16539461909154896,0.2840492771368084,0.09728732432925638,0,0.0,3.8334706244974095e-13
12,16,14,0.16539461909154896,0.2840492771368084,0.10447406855769147,0,0.0,4.670123273147386e-12
12,16,15,0.16539461909154896,0.2840492771368084,0.11166081278612655,0,0.0,2.093004043039607e-11
12,16,16,0.16539461909154896,0.2840492771368084,0.11884755701456162,0,0.0,3.450780285420766e-11
12,16,17,0.16539461909154896,0.2840492771368084,0.12603430124299672,0,0.0,2.093004043039607e-11
12,16,18,0.16539461909154896,0.2840492771368084,0.1332210454714318,0,0.0,4.670123273147386e-12
12,16,19,0.16539461909154896,0.2840492771368084,0.14040778969986686,0,0.0,3.8334706244974095e-13
12,17,0,0.16539461909154896,0.2999745241368579,0.0038596493596003397,0,0.0,0.0
12,17,1,0.16539461909154896,0.2999745241368579,0.01104639358803542,0,0.0,0.0
12,17,2,0.16539461909154896,0.2999745241368579,0.0182331378164705,0,0.0,0.0
12,17,3,0.16539461909154896,0.2999745241368579,0.02541988204490558,0,0.0,0.0
12,17,4,0.16539461909154896,0.2999745241368579,0.032606626273340655,0,0.0,0.0
12,17,5,0.16539461909154896,0.2999745241368579,0.03979337050177574,0,0.0,0.0
12,17,6,0.16539461909154896,0.2999745241368579,0.046980114730210826,0,0.0,0.0
12,17,7,0.16539461909154896,0.2999745241368579,0.0541668589586459,0,0.0,0.0
12,17,8,0.16539461909154896,0.2999745241368579,0.06135360318708098,0,0.0,0.0
12,17,9,0.16539461909154896,0.2999745241368579,0.06854034741551607,0,0.0,0.0
12,17,10,0.16539461909154896,0.2999745241368579,0.07572709164395114,0,0.0,0.0
12,17,11,0.16539461909154896,0.2999745241368579,0.08291383587238624,0,0.0,0.0
12,17,12,0.16539461909154896,0.2999745241368579,0.09010058010082131,0,0.0,0.0
12,17,13,0.16539461909154896,0.2999745241368579,0.09728732432925638,0,0.0,0.0
12,17,14,0.16539461909154896,0.2999745241368579,0.10447406855769147,0,0.0,0.0
12,17,15,0.16539461909154896,0.2999745241368579,0.11166081278612655,0,0.0,0.0
12,17,16,0.16539461909154896,0.2999745241368579,0.11884755701456162,0,0.0,0.0
12,17,17,0.16539461909154896,0.2999745241368579,0.12603430124299672,0,0.0,0.0
12,17,18,0.16539461909154896,0.2999745241368579,0.1332210454714318,0,0.0,0.0
12,17,19,0.16539461909154896,0.2999745241368579,0.14040778969986686,0,0.0,0.0
12,18,0,0.16539461909154896,0.3158997711369075,0.0038596493596003397,0,0.0,0.0
12,18,1,0.16539461909154896,0.3158997711369075,0.01104639358803542,0,0.0,0.0
12,18,2,0.16539461909154896,0.3158997711369075,0.0182331378164705,0,0.0,0.0
12,18,3,0.16539461909154896,0.3158997711369075,0.02541988204490558,0,0.0,0.0
12,18,4,0.16539461909154896,0.3158997711369075,0.032606626273340655,0,0.0,0.0
12,18,5,0.16539461909154896,0.3158997711369075,0.03979337050177574,0,0.0,0.0
12,18,6,0.16539461909154896,0.3158997711369075,0.046980114730210826,0,0.0,0.0
12,18,7,0.16539461909154896,0.3158997711369075,0.0541668589586459,0,0.0,0.0
12,18,8,0.16539461909154896,0.3158997711369075,0.06135360318708098,0,0.0,0.0
12,18,9,0.16539461909154896,0.3158997711369075,0.06854034741551607,0,0.0,0.0
12,18,10,0.16539461909154896,0.3158997711369075,0.07572709164395114,0,0.0,0.0
12,18,11,0.16539461909154896,0.3158997711369075,0.08291383587238624,0,0.0,0.0
12,18,12,0.16539461909154896,0.3158997711369075,0.09010058010082131,0,0.0,0.0
12,18,13,0.16539461909154896,0.3158997711369075,0.09728732432925638,0,0.0,0.0
12,18,14,0.16539461909154896,0.3158997711369075,0.10447406855769147,0,0.0,0.0
12,18,15,0.16539461909154896,0.3158997711369075,0.11166081278612655,0,0.0,0.0
12,18,16,0.16539461909154896,0.3158997711369075,0.11884755701456162,0,0.0,0.0
12,18,17,0.16539461909154896,0.3158997711369075,0.12603430124299672,0,0.0,0.0
12,18,18,0.16539461909154896,0.3158997711369075,0.1332210454714318,0,0.0,0.0
12,18,19,0.16539461909154896,0.3158997711369075,0.14040778969986686,0,0.0,0.0
12,19,0,0.16539461909154896,0.331825018136957,0.0038596493596003397,0,0.0,0.0
12,19,1,0.16539461909154896,0.331825018136957,0.01104639358803542,0,0.0,0.0
12,19,2,0.16539461909154896,0.331825018136957,0.0182331378164705,0,0.0,0.0
12,19,3,0.16539461909154896,0.331825018136957,0.02541988204490558,0,0.0,0.0
12,19,4,0.16539461909154896,0.331825018136957,0.032606626273340655,0,0.0,0.0
12,19,5,0.16539461909154896,0.331825018136957,0.03979337050177574,0,0.0,0.0
12,19,6,0.16539461909154896,0.331825018136957,0.046980114730210826,0,0.0,0.0
12,19,7,0.16539461909154896,0.331825018136957,0.0541668589586459,0,0.0,0.0
12,19,8,0.16539461909154896,0.331825018136957,0.06135360318708098,0,0.0,0.0
12,19,9,0.16539461909154896,0.331825018136957,0.06854034741551607,0,0.0,0.0
12,19,10,0.16539461909154896,0.331825018136957,0.07572709164395114,0,0.0,0.0
12,19,11,0.16539461909154896,0.331825018136957,0.08291383587238624,0,0.0,0.0
12,19,12,0.16539461909154896,0.331825018136957,0.09010058010082131,0,0.0,0.0
12,19,13,0.16539461909154896,0.331825018136957,0.09728732432925638,0,0.0,0.0
12,19,14,0.16539461909154896,0.331825018136957,0.10447406855769147,0,0.0,0.0
12,19,15,0.16539461909154896,0.331825018136957,0.11166081278612655,0,0.0,0.0
12,19,16,0.16539461909154896,0.331825018136957,0.11884755701456162,0,0.0,0.0
12,19,17,0.16539461909154896,0.331825018136957,0.12603430124299672,0,0.0,0.0
12,19,18,0.16539461909154896,0.331825018136957,0.1332210454714318,0,0.0,0.0
12,19,19,0.16539461909154896,0.331825018136957,0.14040778969986686,0,0.0,0.0
13,0,0,0.23249041124653713,0.029245325136015476,0.0038596493596003397,0,0.0,0.0001195349433668935
13,0,1,0.23249041124653713,0.029245325136015476,0.01104639358803542,0,0.0,0.000149921563895347
13,0,2,0.23249041124653713,0.029245325136015476,0.0182331378164705,0,0.0,0.00012811131428459044
13,0,3,0.23249041124653713,0.029245325136015476,0.02541988204490558,0,0.0,8.862948960367532e-05
13,0,4,0.23249041124653713,0.029245325136015476,0.032606626273340655,0,0.0,5.1032263753210673e-05
13,0,5,0.23249041124653713,0.029245325136015476,0.03979337050177574,0,0.0,2.200296347308128e-05
13,0,6,0.23249041124653713,0.029245325136015476,0.046980114730210826,0,0.0,7.028331130009277e-06
13,0,7,0.23249041124653713,0.029245325136015476,0.0541668589586459,0,0.0,1.945940297363033e-06
13,0,8,0.23249041124653713,0.029245325136015476,0.06135360318708098,0,0.0,4.600334276152428e-07
13,0,9,0.23249041124653713,0.029245325136015476,0.06854034741551607,0,0.0,8.927789294074128e-08
13,0,10,0.23249041124653713,0.029245325136015476,0.07572709164395114,0,0.0,1.2597860432330261e-08
13,0,11,0.23249041124653713,0.029245325136015476,0.08291383587238624,0,0.0,9.654657372377193e-10
13,0,12,0.23249041124653713,0.029245325136015476,0.09010058010082131,0,0.0,3.503505431950568e-11
13,0,13,0.23249041124653713,0.029245325136015476,0.09728732432925638,0,0.0,3.833470624497409e-13
13,0,14,0.23249041124653713,0.029245325136015476,0.10447406855769147,0,0.0,0.0
13,0,15,0.23249041124653713,0.029245325136015476,0.11166081278612655,0,0.0,0.0
13,0,16,0.23249041124653713,0.029245325136015476,0.11884755701456162,0,0.0,0.0
13,0,17,0.23249041124653713,0.029245325136015476,0.12603430124299672,0,0.0,0.0
13,0,18,0.23249041124653713,0.029245325136015476,0.1332210454714318,0,0.0,0.0
13,0,19,0.23249041124653713,0.029245325136015476,0.14040778969986686,0,0.0,0.0
13,1,0,0.23249041124653713,0.045170572136065026,0.0038596493596003397,0,0.0,0.00041902324877790873
13,1,1,0.23249041124653713,0.045170572136065026,0.01104639358803542,0,0.0,0.0005321247583244929
13,1,2,0.23249041124653713,0.045170572136065026,0.0182331378164705,0,0.0,0.0004832661997198636
13,1,3,0.23249041124653713,0.045170572136065026,0.02541988204490558,0,0.0,0.00037428976588853015
13,1,4,0.23249041124653713,0.045170572136065026,0.032606626273340655,0,0.0,0.0002440330793809042
13,1,5,0.23249041124653713,0.045170572136065026,0.03979337050177574,0,0.0,0.00011881448843432504
13,1,6,0.23249041124653713,0.045170572136065026,0.046980114730210826,0,0.0,4.400926275555599e-05
13,1,7,0.23249041124653713,0.045170572136065026,0.0541668589586459,0,0.0,1.4575292730817083e-05
13,1,8,0.23249041124653713,0.045170572136065026,0.06135360318708098,0,0.0,4.296801121215242e-06
13,1,9,0.23249041124653713,0.045170572136065026,0.06854034741551607,0,0.0,1.020996293619012e-06
13,1,10,0.23249041124653713,0.045170572136065026,0.07572709164395114,0,0.0,1.570244013678337e-07
13,1,11,0.23249041124653713,0.045170572136065026,0.08291383587238624,0,0.0,1.2508255566347388e-08
13,1,12,0.23249041124653713,0.045170572136065026,0.09010058010082131,0,0.0,8.662889405120997e-10
13,1,13,0.23249041124653713,0.045170572136065026,0.09728732432925638,0,0.0,2.8058025484412316e-10
13,1,14,0.23249041124653713,0.045170572136065026,0.10447406855769147,0,0.0,9.140155142506644e-11
13,1,15,0.23249041124653713,0.045170572136065026,0.11166081278612655,0,0.0,2.560016370354346e-11
13,1,16,0.23249041124653713,0.045170572136065026,0.11884755701456162,0,0.0,4.8111487762561116e-12
13,1,17,0.23249041124653713,0.045170572136065026,0.12603430124299672,0,0.0,3.8334706244974095e-13
13,1,18,0.23249041124653713,0.045170572136065026,0.1332210454714318,0,0.0,1.15760782286143e-14
13,1,19,0.23249041124653713,0.045170572136065026,0.14040778969986686,0,0.0,0.0
13,2,0,0.23249041124653713,0.06109581913611459,0.0038596493596003397,18,0.0018,0.0007582612761203177
13,2,1,0.23249041124653713,0.06109581913611459,0.01104639358803542,14,0.0014,0.0009877561995308838
13,2,2,0.23249041124653713,0.06109581913611459,0.0182331378164705,7,0.0007,0.0009467119338926627
13,2,3,0.23249041124653713,0.06109581913611459,0.02541988204490558,5,0.0005,0.0007923794616643033
13,2,4,0.23249041124653713,0.06109581913611459,0.032606626273340655,2,0.0002,0.0005684258353317045
13,2,5,0.23249041124653713,0.06109581913611459,0.03979337050177574,0,0.0,0.0003149224969811238
13,2,6,0.23249041124653713,0.06109581913611459,0.046980114730210826,0,0.0,0.0001385415800771532
13,2,7,0.23249041124653713,0.06109581913611459,0.0541668589586459,0,0.0,5.417129357263519e-05
13,2,8,0.23249041124653713,0.06109581913611459,0.06135360318708098,0,0.0,1.8493966969485464e-05
13,2,9,0.23249041124653713,0.06109581913611459,0.06854034741551607,0,0.0,4.893840952857841e-06
13,2,10,0.23249041124653713,0.06109581913611459,0.07572709164395114,0,0.0,7.88375848235459e-07
13,2,11,0.23249041124653713,0.06109581913611459,0.08291383587238624,0,0.0,7.037578385117624e-08
13,2,12,0.23249041124653713,0.06109581913611459,0.09010058010082131,0,0.0,1.6566179889359136e-08
13,2,13,0.23249041124653713,0.06109581913611459,0.09728732432925638,0,0.0,1.0306003765803509e-08
13,2,14,0.23249041124653713,0.06109581913611459,0.10447406855769147,0,0.0,4.911159509799373e-09
13,2,15,0.23249041124653713,0.06109581913611459,0.11166081278612655,0,0.0,1.9906550804592286e-09
13,2,16,0.23249041124653713,0.06109581913611459,0.11884755701456162,0,0.0,4.1493583933000427e-10
13,2,17,0.23249041124653713,0.06109581913611459,0.12603430124299672,0,0.0,3.4666797014306574e-11
13,2,18,0.23249041124653713,0.06109581913611459,0.1332210454714318,0,0.0,1.6474119742923372e-12
13,2,19,0.23249041124653713,0.06109581913611459,0.14040778969986686,0,0.0,1.410255031087247e-13
13,3,0,0.23249041124653713,0.07702106613616413,0.0038596493596003397,6,0.0006,0.0007574541666544504
13,3,1,0.23249041124653713,0.07702106613616413,0.01104639358803542,8,0.0008,0.0010205758611379612
13,3,2,0.23249041124653713,0.07702106613616413,0.0182331378164705,14,0.0014,0.0010182744019418175
13,3,3,0.23249041124653713,0.07702106613616413,0.02541988204490558,9,0.0009,0.0009050501750730045
13,3,4,0.23249041124653713,0.07702106613616413,0.032606626273340655,14,0.0014,0.000718002847798444
13,3,5,0.23249041124653713,0.07702106613616413,0.03979337050177574,5,0.0005,0.00045974223399772914
13,3,6,0.23249041124653713,0.07702106613616413,0.046980114730210826,2,0.0002,0.00023646611906429495
13,3,7,0.23249041124653713,0.07702106613616413,0.0541668589586459,2,0.0002,0.00010231527587482687
13,3,8,0.23249041124653713,0.07702106613616413,0.06135360318708098,0,0.0,3.753392611311669e-05
13,3,9,0.23249041124653713,0.07702106613616413,0.06854034741551607,0,0.0,1.0721760644852163e-05
13,3,10,0.23249041124653713,0.07702106613616413,0.07572709164395114,0,0.0,1.8397488584651985e-06
13,3,11,0.23249041124653713,0.07702106613616413,0.08291383587238624,0,0.0,2.547234720691157e-07
13,3,12,0.23249041124653713,0.07702106613616413,0.09010058010082131,0,0.0,1.8697080837790542e-07
13,3,13,0.23249041124653713,0.07702106613616413,0.09728732432925638,0,0.0,1.4942415886063684e-07
13,3,14,0.23249041124653713,0.07702106613616413,0.10447406855769147,0,0.0,9.92799825217561e-08
13,3,15,0.23249041124653713,0.07702106613616413,0.11166081278612655,0,0.0,4.8175438486412085e-08
13,3,16,0.23249041124653713,0.07702106613616413,0.11884755701456162,0,0.0,1.040567852121653e-08
13,3,17,0.23249041124653713,0.07702106613616413,0.12603430124299672,0,0.0,8.822687941135597e-10
13,3,18,0.23249041124653713,0.07702106613616413,0.1332210454714318,0,0.0,4.653020413393952e-11
13,3,19,0.23249041124653713,0.07702106613616413,0.14040778969986686,0,0.0,4.670123273147386e-12
13,4,0,0.23249041124653713,0.09294631313621368,0.0038596493596003397,1,0.0001,0.00047014194048508243
13,4,1,0.23249041124653713,0.09294631313621368,0.01104639358803542,8,0.0008,0.0006582504510226347
13,4,2,0.23249041124653713,0.09294631313621368,0.0182331378164705,0,0.0,0.0006799110163682642
13,4,3,0.23249041124653713,0.09294631313621368,0.02541988204490558,5,0.0005,0.0006479816057940673
13,4,4,0.23249041124653713,0.09294631313621368,0.032606626273340655,3,0.0003,0.0005863822391450569
13,4,5,0.23249041124653713,0.09294631313621368,0.03979337050177574,1,0.0001,0.0004359245054343631
13,4,6,0.23249041124653713,0.09294631313621368,0.046980114730210826,2,0.0002,0.00024823938027009333
13,4,7,0.23249041124653713,0.09294631313621368,0.0541668589586459,0,0.0,0.00011049156934885979
13,4,8,0.23249041124653713,0.09294631313621368,0.06135360318708098,0,0.0,4.2637939196278175e-05
13,4,9,0.23249041124653713,0.09294631313621368,0.06854034741551607,0,0.0,1.372843201717969e-05
13,4,10,0.23249041124653713,0.09294631313621368,0.07572709164395114,0,0.0,2.7940870947919805e-06
13,4,11,0.23249041124653713,0.09294631313621368,0.08291383587238624,0,0.0,7.984263886481917e-07
13,4,12,0.23249041124653713,0.09294631313621368,0.09010058010082131,0,0.0,9.110229111639986e-07
13,4,13,0.23249041124653713,0.09294631313621368,0.09728732432925638,0,0.0,9.639781632031622e-07
13,4,14,0.23249041124653713,0.09294631313621368,0.10447406855769147,0,0.0,9.256163267321946e-07
13,4,15,0.23249041124653713,0.09294631313621368,0.11166081278612655,0,0.0,5.073672469882614e-07
13,4,16,0.23249041124653713,0.09294631313621368,0.11884755701456162,0,0.0,1.1182019269988483e-07
13,4,17,0.23249041124653713,0.09294631313621368,0.12603430124299672,0,0.0,9.557279806823653e-09
13,4,18,0.23249041124653713,0.09294631313621368,0.1332210454714318,0,0.0,5.308902227115555e-10
13,4,19,0.23249041124653713,0.09294631313621368,0.14040778969986686,0,0.0,5.689374857085878e-11
13,5,0,0.23249041124653713,0.10887156013626324,0.0038596493596003397,1,0.0001,0.00019755899285010348
13,5,1,0.23249041124653713,0.10887156013626324,0.01104639358803542,0,0.0,0.00030462481705035617
13,5,2,0.23249041124653713,0.10887156013626324,0.0182331378164705,7,0.0007,0.0003515123667606653
13,5,3,0.23249041124653713,0.10887156013626324,0.02541988204490558,1,0.0001,0.00037401072199696556
13,5,4,0.23249041124653713,0.10887156013626324,0.032606626273340655,4,0.0004,0.0003883618509176153
13,5,5,0.23249041124653713,0.10887156013626324,0.03979337050177574,6,0.0006,0.00032466835440198987
13,5,6,0.23249041124653713,0.10887156013626324,0.046980114730210826,1,0.0001,0.00019128868281629685
13,5,7,0.23249041124653713,0.10887156013626324,0.0541668589586459,0,0.0,8.248199154689675e-05
13,5,8,0.23249041124653713,0.10887156013626324,0.06135360318708098,1,0.0001,3.321666089069745e-05
13,5,9,0.23249041124653713,0.10887156013626324,0.06854034741551607,0,0.0,1.2653398836951332e-05
13,5,10,0.23249041124653713,0.10887156013626324,0.07572709164395114,0,0.0,3.6573786645173004e-06
13,5,11,0.23249041124653713,0.10887156013626324,0.08291383587238624,0,0.0,1.705346765907657e-06
13,5,12,0.23249041124653713,0.10887156013626324,0.09010058010082131,0,0.0,1.9505317782527827e-06
13,5,13,0.23249041124653713,0.10887156013626324,0.09728732432925638,0,0.0,2.9218240768360704e-06
13,5,14,0.23249041124653713,0.10887156013626324,0.10447406855769147,0,0.0,3.681413496768269e-06
13,5,15,0.23249041124653713,0.10887156013626324,0.11166081278612655,0,0.0,2.1427759481850687e-06
13,5,16,0.23249041124653713,0.10887156013626324,0.11884755701456162,0,0.0,4.765001665410449e-07
13,5,17,0.23249041124653713,0.10887156013626324,0.12603430124299672,0,0.0,4.086920451960306e-08
13,5,18,0.23249041124653713,0.10887156013626324,0.1332210454714318,0,0.0,2.3199907780912862e-09
13,5,19,0.23249041124653713,0.10887156013626324,0.14040778969986686,0,0.0,2.5498009114057967e-10
13,6,0,0.23249041124653713,0.1247968071363128,0.0038596493596003397,0,0.0,5.7264409256364176e-05
13,6,1,0.23249041124653713,0.1247968071363128,0.01104639358803542,0,0.0,0.0001061355930470944
13,6,2,0.23249041124653713,0.1247968071363128,0.0182331378164705,0,0.0,0.0001488552626201535
13,6,3,0.23249041124653713,0.1247968071363128,0.02541988204490558,0,0.0,0.00017945920841181735
13,6,4,0.23249041124653713,0.1247968071363128,0.032606626273340655,0,0.0,0.0002016312745532268
13,6,5,0.23249041124653713,0.1247968071363128,0.03979337050177574,1,0.0001,0.00018107689690376606
13,6,6,0.23249041124653713,0.1247968071363128,0.046980114730210826,1,0.0001,0.00011009061119992205
13,6,7,0.23249041124653713,0.1247968071363128,0.0541668589586459,0,0.0,4.559721857361276e-05
13,6,8,0.23249041124653713,0.1247968071363128,0.06135360318708098,0,0.0,1.7423954793055555e-05
13,6,9,0.23249041124653713,0.1247968071363128,0.06854034741551607,0,0.0,7.68440982186139e-06
13,6,10,0.23249041124653713,0.1247968071363128,0.07572709164395114,0,0.0,3.6561168048399937e-06
13,6,11,0.23249041124653713,0.1247968071363128,0.08291383587238624,0,0.0,2.330177398000577e-06
13,6,12,0.23249041124653713,0.1247968071363128,0.09010058010082131,0,0.0,2.2032927198658588e-06
13,6,13,0.23249041124653713,0.1247968071363128,0.09728732432925638,0,0.0,4.035006182581746e-06
13,6,14,0.23249041124653713,0.1247968071363128,0.10447406855769147,0,0.0,5.7932479394985215e-06
13,6,15,0.23249041124653713,0.1247968071363128,0.11166081278612655,0,0.0,3.45429550438026e-06
13,6,16,0.23249041124653713,0.1247968071363128,0.11884755701456162,0,0.0,7.713488574051308e-07
13,6,17,0.23249041124653713,0.1247968071363128,0.12603430124299672,0,0.0,6.65028461985929e-08
13,6,18,0.23249041124653713,0.1247968071363128,0.1332210454714318,0,0.0,3.850618307370789e-09
13,6,19,0.23249041124653713,0.1247968071363128,0.14040778969986686,0,0.0,4.252022486447871e-10
13,7,0,0.23249041124653713,0.14072205413636235,0.0038596493596003397,0,0.0,1.110011690831089e-05
13,7,1,0.23249041124653713,0.14072205413636235,0.01104639358803542,0,0.0,2.4771144488641396e-05
13,7,2,0.23249041124653713,0.14072205413636235,0.0182331378164705,0,0.0,4.15497726359883e-05
13,7,3,0.23249041124653713,0.14072205413636235,0.02541988204490558,0,0.0,5.6745266608963476e-05
13,7,4,0.23249041124653713,0.14072205413636235,0.032606626273340655,0,0.0,6.704177814320445e-05
13,7,5,0.23249041124653713,0.14072205413636235,0.03979337050177574,0,0.0,6.388866457427468e-05
13,7,6,0.23249041124653713,0.14072205413636235,0.046980114730210826,0,0.0,4.2150268697527195e-05
13,7,7,0.23249041124653713,0.14072205413636235,0.0541668589586459,0,0.0,1.8009287564581207e-05
13,7,8,0.23249041124653713,0.14072205413636235,0.06135360318708098,0,0.0,6.084284130277459e-06
13,7,9,0.23249041124653713,0.14072205413636235,0.06854034741551607,0,0.0,2.896232813580473e-06
13,7,10,0.23249041124653713,0.14072205413636235,0.07572709164395114,0,0.0,2.398897949491788e-06
13,7,11,0.23249041124653713,0.14072205413636235,0.08291383587238624,0,0.0,2.198224091047056e-06
13,7,12,0.23249041124653713,0.14072205413636235,0.09010058010082131,0,0.0,1.7273457855599527e-06
13,7,13,0.23249041124653713,0.14072205413636235,0.09728732432925638,0,0.0,2.4719350759763307e-06
13,7,14,0.23249041124653713,0.14072205413636235,0.10447406855769147,0,0.0,3.491950467169842e-06
13,7,15,0.23249041124653713,0.14072205413636235,0.11166081278612655,0,0.0,2.1014323192696855e-06
13,7,16,0.23249041124653713,0.14072205413636235,0.11884755701456162,0,0.0,4.865222807980378e-07
13,7,17,0.23249041124653713,0.14072205413636235,0.12603430124299672,0,0.0,5.02100014763685e-08
13,7,18,0.23249041124653713,0.14072205413636235,0.1332210454714318,0,0.0,4.3295005714074245e-09
13,7,19,0.23249041124653713,0.14072205413636235,0.14040778969986686,0,0.0,4.144444828099189e-10
13,8,0,0.23249041124653713,0.1566473011364119,0.0038596493596003397,0,0.0,1.3279132703108243e-06
13,8,1,0.23249041124653713,0.1566473011364119,0.01104639358803542,0,0.0,3.4044106514344823e-06
13,8,2,0.23249041124653713,0.1566473011364119,0.0182331378164705,0,0.0,6.607348744396338e-06
13,8,3,0.23249041124653713,0.1566473011364119,0.02541988204490558,0,0.0,1.0385092741859873e-05
13,8,4,0.23249041124653713,0.1566473011364119,0.032606626273340655,0,0.0,1.309756108595176e-05
13,8,5,0.23249041124653713,0.1566473011364119,0.03979337050177574,0,0.0,1.3105742479993927e-05
13,8,6,0.23249041124653713,0.1566473011364119,0.046980114730210826,0,0.0,9.799791820100363e-06
13,8,7,0.23249041124653713,0.1566473011364119,0.0541668589586459,0,0.0,4.869824869991522e-06
13,8,8,0.23249041124653713,0.1566473011364119,0.06135360318708098,0,0.0,1.6855310277502535e-06
13,8,9,0.23249041124653713,0.1566473011364119,0.06854034741551607,0,0.0,8.650577533179683e-07
13,8,10,0.23249041124653713,0.1566473011364119,0.07572709164395114,0,0.0,1.178564528804961e-06
13,8,11,0.23249041124653713,0.1566473011364119,0.08291383587238624,0,0.0,1.6185972121427436e-06
13,8,12,0.23249041124653713,0.1566473011364119,0.09010058010082131,0,0.0,1.4733150153254477e-06
13,8,13,0.23249041124653713,0.1566473011364119,0.09728732432925638,0,0.0,1.086153673855143e-06
13,8,14,0.23249041124653713,0.1566473011364119,0.10447406855769147,0,0.0,1.0034815553310932e-06
13,8,15,0.23249041124653713,0.1566473011364119,0.11166081278612655,0,0.0,7.432823599104788e-07
13,8,16,0.23249041124653713,0.1566473011364119,0.11884755701456162,0,0.0,3.7602657364115494e-07
13,8,17,0.23249041124653713,0.1566473011364119,0.12603430124299672,0,0.0,1.3473089348172987e-07
13,8,18,0.23249041124653713,0.1566473011364119,0.1332210454714318,0,0.0,2.5368053136045892e-08
13,8,19,0.23249041124653713,0.1566473011364119,0.14040778969986686,0,0.0,2.002531394041287e-09
13,9,0,0.23249041124653713,0.17257254813646145,0.0038596493596003397,0,0.0,8.702376264011205e-08
13,9,1,0.23249041124653713,0.17257254813646145,0.01104639358803542,0,0.0,2.5332236554805175e-07
13,9,2,0.23249041124653713,0.17257254813646145,0.0182331378164705,0,0.0,5.698251024292451e-07
13,9,3,0.23249041124653713,0.17257254813646145,0.02541988204490558,0,0.0,1.0673101035755657e-06
13,9,4,0.23249041124653713,0.17257254813646145,0.032606626273340655,0,0.0,1.4765518178381918e-06
13,9,5,0.23249041124653713,0.17257254813646145,0.03979337050177574,0,0.0,1.5277392376471422e-06
13,9,6,0.23249041124653713,0.17257254813646145,0.046980114730210826,0,0.0,1.3277358904092359e-06
13,9,7,0.23249041124653713,0.17257254813646145,0.0541668589586459,0,0.0,8.299540409693738e-07
13,9,8,0.23249041124653713,0.17257254813646145,0.06135360318708098,0,0.0,3.8195107265790365e-07
13,9,9,0.23249041124653713,0.17257254813646145,0.06854034741551607,0,0.0,3.2499872156518366e-07
13,9,10,0.23249041124653713,0.17257254813646145,0.07572709164395114,0,0.0,6.304744587451478e-07
13,9,11,0.23249041124653713,0.17257254813646145,0.08291383587238624,0,0.0,1.2119860168973654e-06
13,9,12,0.23249041124653713,0.17257254813646145,0.09010058010082131,0,0.0,1.5161589713753528e-06
13,9,13,0.23249041124653713,0.17257254813646145,0.09728732432925638,0,0.0,9.82934116383062e-07
13,9,14,0.23249041124653713,0.17257254813646145,0.10447406855769147,0,0.0,8.072116213747776e-07
13,9,15,0.23249041124653713,0.17257254813646145,0.11166081278612655,0,0.0,1.2737495761332229e-06
13,9,16,0.23249041124653713,0.17257254813646145,0.11884755701456162,0,0.0,1.2303002426298504e-06
13,9,17,0.23249041124653713,0.17257254813646145,0.12603430124299672,0,0.0,5.650504501961343e-07
13,9,18,0.23249041124653713,0.17257254813646145,0.1332210454714318,0,0.0,1.1161161336345331e-07
13,9,19,0.23249041124653713,0.17257254813646145,0.14040778969986686,0,0.0,8.76070826863589e-09
13,10,0,0.23249041124653713,0.188497795136511,0.0038596493596003397,0,0.0,2.8238353146191366e-09
13,10,1,0.23249041124653713,0.188497795136511,0.01104639358803542,0,0.0,9.862593218039363e-09
13,10,2,0.23249041124653713,0.188497795136511,0.0182331378164705,0,0.0,2.7085394554935615e-08
13,10,3,0.23249041124653713,0.188497795136511,0.02541988204490558,0,0.0,6.297961540130803e-08
13,10,4,0.23249041124653713,0.188497795136511,0.032606626273340655,0,0.0,9.605648384016903e-08
13,10,5,0.23249041124653713,0.188497795136511,0.03979337050177574,0,0.0,1.0158617788078144e-07
13,10,6,0.23249041124653713,0.188497795136511,0.046980114730210826,0,0.0,1.0260796877249845e-07
13,10,7,0.23249041124653713,0.188497795136511,0.0541668589586459,0,0.0,8.335870948160656e-08
13,10,8,0.23249041124653713,0.188497795136511,0.06135360318708098,0,0.0,6.580139628853291e-08
13,10,9,0.23249041124653713,0.188497795136511,0.06854034741551607,0,0.0,1.1846316038718103e-07
13,10,10,0.23249041124653713,0.188497795136511,0.07572709164395114,0,0.0,2.8410839489884576e-07
13,10,11,0.23249041124653713,0.188497795136511,0.08291383587238624,0,0.0,6.473550660618603e-07
13,10,12,0.23249041124653713,0.188497795136511,0.09010058010082131,0,0.0,9.208583583938846e-07
13,10,13,0.23249041124653713,0.188497795136511,0.09728732432925638,0,0.0,7.15793506487248e-07
13,10,14,0.23249041124653713,0.188497795136511,0.10447406855769147,0,0.0,1.0491470850455111e-06
13,10,15,0.23249041124653713,0.188497795136511,0.11166081278612655,0,0.0,2.0245259191972197e-06
13,10,16,0.23249041124653713,0.188497795136511,0.11884755701456162,0,0.0,2.015362011043595e-06
13,10,17,0.23249041124653713,0.188497795136511,0.12603430124299672,0,0.0,9.318438278116572e-07
13,10,18,0.23249041124653713,0.188497795136511,0.1332210454714318,0,0.0,1.847202147877048e-07
13,10,19,0.23249041124653713,0.188497795136511,0.14040778969986686,0,0.0,1.460162361134353e-08
13,11,0,0.23249041124653713,0.20442304213656057,0.0038596493596003397,0,0.0,3.489150247303739e-11
13,11,1,0.23249041124653713,0.20442304213656057,0.01104639358803542,0,0.0,1.845843912126221e-10
13,11,2,0.23249041124653713,0.20442304213656057,0.0182331378164705,0,0.0,7.146205919831685e-10
13,11,3,0.23249041124653713,0.20442304213656057,0.02541988204490558,0,0.0,2.1723438490958138e-09
13,11,4,0.23249041124653713,0.20442304213656057,0.032606626273340655,0,0.0,3.6069795821592608e-09
13,11,5,0.23249041124653713,0.20442304213656057,0.03979337050177574,0,0.0,3.794640831934224e-09
13,11,6,0.23249041124653713,0.20442304213656057,0.046980114730210826,0,0.0,4.432014724521158e-09
13,11,7,0.23249041124653713,0.20442304213656057,0.0541668589586459,0,0.0,4.9860903783653564e-09
13,11,8,0.23249041124653713,0.20442304213656057,0.06135360318708098,0,0.0,7.789581107076988e-09
13,11,9,0.23249041124653713,0.20442304213656057,0.06854034741551607,0,0.0,2.333041511830908e-08
13,11,10,0.23249041124653713,0.20442304213656057,0.07572709164395114,0,0.0,6.595333865464719e-08
13,11,11,0.23249041124653713,0.20442304213656057,0.08291383587238624,0,0.0,1.677809970494241e-07
13,11,12,0.23249041124653713,0.20442304213656057,0.09010058010082131,0,0.0,2.521044929664287e-07
13,11,13,0.23249041124653713,0.20442304213656057,0.09728732432925638,0,0.0,2.552236192323674e-07
13,11,14,0.23249041124653713,0.20442304213656057,0.10447406855769147,0,0.0,5.960772450026283e-07
13,11,15,0.23249041124653713,0.20442304213656057,0.11166081278612655,0,0.0,1.2252769896523687e-06
13,11,16,0.23249041124653713,0.20442304213656057,0.11884755701456162,0,0.0,1.2249467490756311e-06
13,11,17,0.23249041124653713,0.20442304213656057,0.12603430124299672,0,0.0,5.681301650655908e-07
13,11,18,0.23249041124653713,0.20442304213656057,0.1332210454714318,0,0.0,1.1344913378078934e-07
13,11,19,0.23249041124653713,0.20442304213656057,0.14040778969986686,0,0.0,9.140082190028362e-09
13,12,0,0.23249041124653713,0.22034828913661011,0.0038596493596003397,0,0.0,3.1782794272168106e-13
13,12,1,0.23249041124653713,0.22034828913661011,0.01104639358803542,0,0.0,2.206512774536646e-12
13,12,2,0.23249041124653713,0.22034828913661011,0.0182331378164705,0,0.0,1.2491371864744228e-11
13,12,3,0.23249041124653713,0.22034828913661011,0.02541988204490558,0,0.0,4.648036379138451e-11
13,12,4,0.23249041124653713,0.22034828913661011,0.032606626273340655,0,0.0,7.865751942426336e-11
13,12,5,0.23249041124653713,0.22034828913661011,0.03979337050177574,0,0.0,7.563602332582087e-11
13,12,6,0.23249041124653713,0.22034828913661011,0.046980114730210826,0,0.0,9.836436529601365e-11
13,12,7,0.23249041124653713,0.22034828913661011,0.0541668589586459,0,0.0,1.70192290453754e-10
13,12,8,0.23249041124653713,0.22034828913661011,0.06135360318708098,0,0.0,4.986298451715749e-10
13,12,9,0.23249041124653713,0.22034828913661011,0.06854034741551607,0,0.0,2.0356503988870936e-09
13,12,10,0.23249041124653713,0.22034828913661011,0.07572709164395114,0,0.0,7.181858608820014e-09
13,12,11,0.23249041124653713,0.22034828913661011,0.08291383587238624,0,0.0,2.080031806347706e-08
13,12,12,0.23249041124653713,0.22034828913661011,0.09010058010082131,0,0.0,3.2769591776543e-08
13,12,13,0.23249041124653713,0.22034828913661011,0.09728732432925638,0,0.0,4.310322942110717e-08
13,12,14,0.23249041124653713,0.22034828913661011,0.10447406855769147,0,0.0,1.302984844903532e-07
13,12,15,0.23249041124653713,0.22034828913661011,0.11166081278612655,0,0.0,2.7493389821605e-07
13,12,16,0.23249041124653713,0.22034828913661011,0.11884755701456162,0,0.0,2.767231919355976e-07
13,12,17,0.23249041124653713,0.22034828913661011,0.12603430124299672,0,0.0,1.2958701127182867e-07
13,12,18,0.23249041124653713,0.22034828913661011,0.1332210454714318,0,0.0,2.6399771128255847e-08
13,12,19,0.23249041124653713,0.22034828913661011,0.14040778969986686,0,0.0,2.2304438401138392e-09
13,13,0,0.23249041124653713,0.2362735361366597,0.0038596493596003397,0,0.0,3.495672727962196e-16
13,13,1,0.23249041124653713,0.2362735361366597,0.01104639358803542,0,0.0,1.1576078228614303e-14
13,13,2,0.23249041124653713,0.2362735361366597,0.0182331378164705,0,0.0,1.410255031087247e-13
13,13,3,0.23249041124653713,0.2362735361366597,0.02541988204490558,0,0.0,6.323820231940944e-13
13,13,4,0.23249041124653713,0.2362735361366597,0.032606626273340655,0,0.0,1.053970999351696e-12
13,13,5,0.23249041124653713,0.2362735361366597,0.03979337050177574,0,0.0,7.853331718042297e-13
13,13,6,0.23249041124653713,0.2362735361366597,0.046980114730210826,0,0.0,9.60387775053205e-13
13,13,7,0.23249041124653713,0.2362735361366597,0.0541668589586459,0,0.0,2.7691272538029725e-12
13,13,8,0.23249041124653713,0.2362735361366597,0.06135360318708098,0,0.0,1.4094178091198161e-11
13,13,9,0.23249041124653713,0.2362735361366597,0.06854034741551607,0,0.0,8.076255712331988e-11
13,13,10,0.23249041124653713,0.2362735361366597,0.07572709164395114,0,0.0,4.0166313352758423e-10
13,13,11,0.23249041124653713,0.2362735361366597,0.08291383587238624,0,0.0,1.3534155199957096e-09
13,13,12,0.23249041124653713,0.2362735361366597,0.09010058010082131,0,0.0,2.2156329555389662e-09
13,13,13,0.23249041124653713,0.2362735361366597,0.09728732432925638,0,0.0,3.2776322001010962e-09
13,13,14,0.23249041124653713,0.2362735361366597,0.10447406855769147,0,0.0,1.0857107303929381e-08
13,13,15,0.23249041124653713,0.2362735361366597,0.11166081278612655,0,0.0,2.3586927152347456e-08
13,13,16,0.23249041124653713,0.2362735361366597,0.11884755701456162,0,0.0,2.4504929916904454e-08
13,13,17,0.23249041124653713,0.2362735361366597,0.12603430124299672,0,0.0,1.1890975743624118e-08
13,13,18,0.23249041124653713,0.2362735361366597,0.1332210454714318,0,0.0,2.5486756227224365e-09
13,13,19,0.23249041124653713,0.2362735361366597,0.14040778969986686,0,0.0,2.3714715516748546e-10
13,14,0,0.23249041124653713,0.25219878313670924,0.0038596493596003397,0,0.0,0.0
13,14,1,0.23249041124653713,0.25219878313670924,0.01104639358803542,0,0.0,0.0
13,14,2,0.23249041124653713,0.25219878313670924,0.0182331378164705,0,0.0,0.0
13,14,3,0.23249041124653713,0.25219878313670924,0.02541988204490558,0,0.0,0.0
13,14,4,0.23249041124653713,0.25219878313670924,0.032606626273340655,0,0.0,0.0
13,14,5,0.23249041124653713,0.25219878313670924,0.03979337050177574,0,0.0,0.0
13,14,6,0.23249041124653713,0.25219878313670924,0.046980114730210826,0,0.0,0.0
13,14,7,0.23249041124653713,0.25219878313670924,0.0541668589586459,0,0.0,1.0487018183886588e-15
13,14,8,0.23249041124653713,0.25219878313670924,0.06135360318708098,0,0.0,5.78803911430715e-14
13,14,9,0.23249041124653713,0.25219878313670924,0.06854034741551607,0,0.0,1.1897706342256559e-12
13,14,10,0.23249041124653713,0.25219878313670924,0.07572709164395114,0,0.0,1.1236343914058667e-11
13,14,11,0.23249041124653713,0.25219878313670924,0.08291383587238624,0,0.0,4.512724242545172e-11
13,14,12,0.23249041124653713,0.25219878313670924,0.09010058010082131,0,0.0,7.586387735554406e-11
13,14,13,0.23249041124653713,0.25219878313670924,0.09728732432925638,0,0.0,1.0852872856550049e-10
13,14,14,0.23249041124653713,0.25219878313670924,0.10447406855769147,0,0.0,3.785259101257276e-10
13,14,15,0.23249041124653713,0.25219878313670924,0.11166081278612655,0,0.0,9.357891482495558e-10
13,14,16,0.23249041124653713,0.25219878313670924,0.11884755701456162,0,0.0,1.116715483464495e-09
13,14,17,0.23249041124653713,0.25219878313670924,0.12603430124299672,0,0.0,6.013617337062258e-10
13,14,18,0.23249041124653713,0.25219878313670924,0.1332210454714318,0,0.0,1.39387660845261e-10
13,14,19,0.23249041124653713,0.25219878313670924,0.14040778969986686,0,0.0,1.4151395322550882e-11
13,15,0,0.23249041124653713,0.2681240301367588,0.0038596493596003397,0,0.0,0.0
13,15,1,0.23249041124653713,0.2681240301367588,0.01104639358803542,0,0.0,0.0
13,15,2,0.23249041124653713,0.2681240301367588,0.0182331378164705,0,0.0,0.0
13,15,3,0.23249041124653713,0.2681240301367588,0.02541988204490558,0,0.0,0.0
13,15,4,0.23249041124653713,0.2681240301367588,0.032606626273340655,0,0.0,0.0
13,15,5,0.23249041124653713,0.2681240301367588,0.03979337050177574,0,0.0,0.0
13,15,6,0.23249041124653713,0.2681240301367588,0.046980114730210826,0,0.0,0.0
13,15,7,0.23249041124653713,0.2681240301367588,0.0541668589586459,0,0.0,0.0
13,15,8,0.23249041124653713,0.2681240301367588,0.06135360318708098,0,0.0,3.495672727962196e-16
13,15,9,0.23249041124653713,0.2681240301367588,0.06854034741551607,0,0.0,1.1576078228614303e-14
13,15,10,0.23249041124653713,0.2681240301367588,0.07572709164395114,0,0.0,1.410255031087247e-13
13,15,11,0.23249041124653713,0.2681240301367588,0.08291383587238624,0,0.0,6.320324559212983e-13
13,15,12,0.23249041124653713,0.2681240301367588,0.09010058010082131,0,0.0,1.0536214320789e-12
13,15,13,0.23249041124653713,0.2681240301367588,0.09728732432925638,0,0.0,1.0157290856438354e-12
13,15,14,0.23249041124653713,0.2681240301367588,0.10447406855769147,0,0.0,4.822724854484726e-12
13,15,15,0.23249041124653713,0.2681240301367588,0.11166081278612655,0,0.0,2.1082642011733408e-11
13,15,16,0.23249041124653713,0.2681240301367588,0.11884755701456162,0,0.0,3.5140184877401756e-11
13,15,17,0.23249041124653713,0.2681240301367588,0.12603430124299672,0,0.0,2.1972085784246356e-11
13,15,18,0.23249041124653713,0.2681240301367588,0.1332210454714318,0,0.0,5.302155729068685e-12
13,15,19,0.23249041124653713,0.2681240301367588,0.14040778969986686,0,0.0,5.243725655584657e-13
13,16,0,0.23249041124653713,0.2840492771368084,0.0038596493596003397,0,0.0,0.0
13,16,1,0.23249041124653713,0.2840492771368084,0.01104639358803542,0,0.0,0.0
13,16,2,0.23249041124653713,0.2840492771368084,0.0182331378164705,0,0.0,0.0
13,16,3,0.23249041124653713,0.2840492771368084,0.02541988204490558,0,0.0,0.0
13,16,4,0.23249041124653713,0.2840492771368084,0.032606626273340655,0,0.0,0.0
13,16,5,0.23249041124653713,0.2840492771368084,0.03979337050177574,0,0.0,0.0
13,16,6,0.23249041124653713,0.2840492771368084,0.046980114730210826,0,0.0,0.0
13,16,7,0.23249041124653713,0.2840492771368084,0.0541668589586459,0,0.0,0.0
13,16,8,0.23249041124653713,0.2840492771368084,0.06135360318708098,0,0.0,0.0
13,16,9,0.23249041124653713,0.2840492771368084,0.06854034741551607,0,0.0,0.0
13,16,10,0.23249041124653713,0.2840492771368084,0.07572709164395114,0,0.0,0.0
13,16,11,0.23249041124653713,0.2840492771368084,0.08291383587238624,0,0.0,0.0
13,16,12,0.23249041124653713,0.2840492771368084,0.09010058010082131,0,0.0,3.495672727962196e-16
13,16,13,0.23249041124653713,0.2840492771368084,0.09728732432925638,0,0.0,1.1576078228614303e-14
13,16,14,0.23249041124653713,0.2840492771368084,0.10447406855769147,0,0.0,1.410255031087247e-13
13,16,15,0.23249041124653713,0.2840492771368084,0.11166081278612655,0,0.0,6.320324559212983e-13
13,16,16,0.23249041124653713,0.2840492771368084,0.11884755701456162,0,0.0,1.0420453538502856e-12
13,16,17,0.23249041124653713,0.2840492771368084,0.12603430124299672,0,0.0,6.320324559212983e-13
13,16,18,0.23249041124653713,0.2840492771368084,0.1332210454714318,0,0.0,1.410255031087247e-13
13,16,19,0.23249041124653713,0.2840492771368084,0.14040778969986686,0,0.0,1.1576078228614303e-14
13,17,0,0.23249041124653713,0.2999745241368579,0.0038596493596003397,0,0.0,0.0
13,17,1,0.23249041124653713,0.2999745241368579,0.01104639358803542,0,0.0,0.0
13,17,2,0.23249041124653713,0.2999745241368579,0.0182331378164705,0,0.0,0.0
13,17,3,0.23249041124653713,0.2999745241368579,0.02541988204490558,0,0.0,0.0
13,17,4,0.23249041124653713,0.2999745241368579,0.032606626273340655,0,0.0,0.0
13,17,5,0.23249041124653713,0.2999745241368579,0.03979337050177574,0,0.0,0.0
13,17,6,0.23249041124653713,0.2999745241368579,0.046980114730210826,0,0.0,0.0
13,17,7,0.23249041124653713,0.2999745241368579,0.0541668589586459,0,0.0,0.0
13,17,8,0.23249041124653713,0.2999745241368579,0.06135360318708098,0,0.0,0.0
13,17,9,0.23249041124653713,0.2999745241368579,0.06854034741551607,0,0.0,0.0
13,17,10,0.23249041124653713,0.2999745241368579,0.07572709164395114,0,0.0,0.0
13,17,11,0.23249041124653713,0.2999745241368579,0.08291383587238624,0,0.0,0.0
13,17,12,0.23249041124653713,0.2999745241368579,0.09010058010082131,0,0.0,0.0
13,17,13,0.23249041124653713,0.2999745241368579,0.09728732432925638,0,0.0,0.0
13,17,14,0.23249041124653713,0.2999745241368579,0.10447406855769147,0,0.0,0.0
13,17,15,0.23249041124653713,0.2999745241368579,0.11166081278612655,0,0.0,0.0
13,17,16,0.23249041124653713,0.2999745241368579,0.11884755701456162,0,0.0,0.0
13,17,17,0.23249041124653713,0.2999745241368579,0.12603430124299672,0,0.0,0.0
13,17,18,0.23249041124653713,0.2999745241368579,0.1332210454714318,0,0.0,0.0
13,17,19,0.23249041124653713,0.2999745241368579,0.14040778969986686,0,0.0,0.0
13,18,0,0.23249041124653713,0.3158997711369075,0.0038596493596003397,0,0.0,0.0
13,18,1,0.23249041124653713,0.3158997711369075,0.01104639358803542,0,0.0,0.0
13,18,2,0.23249041124653713,0.3158997711369075,0.0182331378164705,0,0.0,0.0
13,18,3,0.23249041124653713,0.3158997711369075,0.02541988204490558,0,0.0,0.0
13,18,4,0.23249041124653713,0.3158997711369075,0.032606626273340655,0,0.0,0.0
13,18,5,0.23249041124653713,0.3158997711369075,0.03979337050177574,0,0.0,0.0
13,18,6,0.23249041124653713,0.3158997711369075,0.046980114730210826,0,0.0,0.0
13,18,7,0.23249041124653713,0.3158997711369075,0.0541668589586459,0,0.0,0.0
13,18,8,0.23249041124653713,0.3158997711369075,0.06135360318708098,0,0.0,0.0
13,18,9,0.23249041124653713,0.3158997711369075,0.06854034741551607,0,0.0,0.0
13,18,10,0.23249041124653713,0.3158997711369075,0.07572709164395114,0,0.0,0.0
13,18,11,0.23249041124653713,0.3158997711369075,0.08291383587238624,0,0.0,0.0
13,18,12,0.23249041124653713,0.3158997711369075,0.09010058010082131,0,0.0,0.0
13,18,13,0.23249041124653713,0.3158997711369075,0.09728732432925638,0,0.0,0.0
13,18,14,0.23249041124653713,0.3158997711369075,0.10447406855769147,0,0.0,0.0
13,18,15,0.23249041124653713,0.3158997711369075,0.11166081278612655,0,0.0,0.0
13,18,16,0.23249041124653713,0.3158997711369075,0.11884755701456162,0,0.0,0.0
13,18,17,0.23249041124653713,0.3158997711369075,0.12603430124299672,0,0.0,0.0
13,18,18,0.23249041124653713,0.3158997711369075,0.1332210454714318,0,0.0,0.0
13,18,19,0.23249041124653713,0.3158997711369075,0.14040778969986686,0,0.0,0.0
13,19,0,0.23249041124653713,0.331825018136957,0.0038596493596003397,0,0.0,0.0
13,19,1,0.23249041124653713,0.331825018136957,0.01104639358803542,0,0.0,0.0
13,19,2,0.23249041124653713,0.331825018136957,0.0182331378164705,0,0.0,0.0
13,19,3,0.23249041124653713,0.331825018136957,0.02541988204490558,0,0.0,0.0
13,19,4,0.23249041124653713,0.331825018136957,0.032606626273340655,0,0.0,0.0
13,19,5,0.23249041124653713,0.331825018136957,0.03979337050177574,0,0.0,0.0
13,19,6,0.23249041124653713,0.331825018136957,0.046980114730210826,0,0.0,0.0
13,19,7,0.23249041124653713,0.331825018136957,0.0541668589586459,0,0.0,0.0
13,19,8,0.23249041124653713,0.331825018136957,0.06135360318708098,0,0.0,0.0
13,19,9,0.23249041124653713,0.331825018136957,0.06854034741551607,0,0.0,0.0
13,19,10,0.23249041124653713,0.331825018136957,0.07572709164395114,0,0.0,0.0
13,19,11,0.23249041124653713,0.331825018136957,0.08291383587238624,0,0.0,0.0
13,19,12,0.23249041124653713,0.331825018136957,0.09010058010082131,0,0.0,0.0
13,19,13,0.23249041124653713,0.331825018136957,0.09728732432925638,0,0.0,0.0
13,19,14,0.23249041124653713,0.331825018136957,0.10447406855769147,0,0.0,0.0
13,19,15,0.23249041124653713,0.331825018136957,0.11166081278612655,0,0.0,0.0
13,19,16,0.23249041124653713,0.331825018136957,0.11884755701456162,0,0.0,0.0
13,19,17,0.23249041124653713,0.331825018136957,0.12603430124299672,0,0.0,0.0
13,19,18,0.23249041124653713,0.331825018136957,0.1332210454714318,0,0.0,0.0
13,19,19,0.23249041124653713,0.331825018136957,0.14040778969986686,0,0.0,0.0
14,0,0,0.2995862034015253,0.029245325136015476,0.0038596493596003397,0,0.0,0.0002441700417463803
14,0,1,0.2995862034015253,0.029245325136015476,0.01104639358803542,0,0.0,0.00032934307472507325
14,0,2,0.2995862034015253,0.029245325136015476,0.0182331378164705,0,0.0,0.00030738629381929435
14,0,3,0.2995862034015253,0.029245325136015476,0.02541988204490558,0,0.0,0.0002211714255151765
14,0,4,0.2995862034015253,0.029245325136015476,0.032606626273340655,0,0.0,0.0001288095766828575
14,0,5,0.2995862034015253,0.029245325136015476,0.03979337050177574,0,0.0,5.80442971380743e-05
14,0,6,0.2995862034015253,0.029245325136015476,0.046980114730210826,0,0.0,1.9279679118943653e-05
14,0,7,0.2995862034015253,0.029245325136015476,0.0541668589586459,0,0.0,4.909198462924178e-06
14,0,8,0.2995862034015253,0.029245325136015476,0.06135360318708098,0,0.0,9.506856598128021e-07
14,0,9,0.2995862034015253,0.029245325136015476,0.06854034741551607,0,0.0,1.71170145913588e-07
14,0,10,0.2995862034015253,0.029245325136015476,0.07572709164395114,0,0.0,3.03802616924697e-08
14,0,11,0.2995862034015253,0.029245325136015476,0.08291383587238624,0,0.0,3.4653082301164047e-09
14,0,12,0.2995862034015253,0.029245325136015476,0.09010058010082131,0,0.0,2.0123569131270273e-10
14,0,13,0.2995862034015253,0.029245325136015476,0.09728732432925638,0,0.0,4.8230744217575216e-12
14,0,14,0.2995862034015253,0.029245325136015476,0.10447406855769147,0,0.0,1.1576078228614303e-14
14,0,15,0.2995862034015253,0.029245325136015476,0.11166081278612655,0,0.0,3.495672727962196e-16
14,0,16,0.2995862034015253,0.029245325136015476,0.11884755701456162,0,0.0,0.0
14,0,17,0.2995862034015253,0.029245325136015476,0.12603430124299672,0,0.0,0.0
14,0,18,0.2995862034015253,0.029245325136015476,0.1332210454714318,0,0.0,0.0
14,0,19,0.2995862034015253,0.029245325136015476,0.14040778969986686,0,0.0,0.0
14,1,0,0.2995862034015253,0.045170572136065026,0.0038596493596003397,5,0.0005,0.0006155236447866022
14,1,1,0.2995862034015253,0.045170572136065026,0.01104639358803542,6,0.0006,0.0008492351637801295
14,1,2,0.2995862034015253,0.045170572136065026,0.0182331378164705,1,0.0001,0.0008458810918874849
14,1,3,0.2995862034015253,0.045170572136065026,0.02541988204490558,1,0.0001,0.0006986050668790762
14,1,4,0.2995862034015253,0.045170572136065026,0.032606626273340655,0,0.0,0.0004833952404234868
14,1,5,0.2995862034015253,0.045170572136065026,0.03979337050177574,0,0.0,0.00025423572562466106
14,1,6,0.2995862034015253,0.045170572136065026,0.046980114730210826,0,0.0,9.854130519437036e-05
14,1,7,0.2995862034015253,0.045170572136065026,0.0541668589586459,0,0.0,2.9611754186300486e-05
14,1,8,0.2995862034015253,0.045170572136065026,0.06135360318708098,0,0.0,7.285110226968189e-06
14,1,9,0.2995862034015253,0.045170572136065026,0.06854034741551607,0,0.0,1.800987312557758e-06
14,1,10,0.2995862034015253,0.045170572136065026,0.07572709164395114,0,0.0,3.680524715538035e-07
14,1,11,0.2995862034015253,0.045170572136065026,0.08291383587238624,0,0.0,4.3991551464524436e-08
14,1,12,0.2995862034015253,0.045170572136065026,0.09010058010082131,0,0.0,4.427027332897636e-09
14,1,13,0.2995862034015253,0.045170572136065026,0.09728732432925638,0,0.0,1.4594496282626911e-09
14,1,14,0.2995862034015253,0.045170572136065026,0.10447406855769147,0,0.0,6.757548876388332e-10
14,1,15,0.2995862034015253,0.045170572136065026,0.11166081278612655,0,0.0,2.7592170764920433e-10
14,1,16,0.2995862034015253,0.045170572136065026,0.11884755701456162,0,0.0,5.752578102678008e-11
14,1,17,0.2995862034015253,0.045170572136065026,0.12603430124299672,0,0.0,4.670123273147386e-12
14,1,18,0.2995862034015253,0.045170572136065026,0.1332210454714318,0,0.0,1.4102550310872469e-13
14,1,19,0.2995862034015253,0.045170572136065026,0.14040778969986686,0,0.0,0.0
14,2,0,0.2995862034015253,0.06109581913611459,0.0038596493596003397,16,0.0016,0.0008120587447514843
14,2,1,0.2995862034015253,0.06109581913611459,0.01104639358803542,19,0.0019,0.0011524707904003917
14,2,2,0.2995862034015253,0.06109581913611459,0.0182331378164705,21,0.0021,0.0012237656691507098
14,2,3,0.2995862034015253,0.06109581913611459,0.02541988204490558,20,0.002,0.0011338651691940559
14,2,4,0.2995862034015253,0.06109581913611459,0.032606626273340655,14,0.0014,0.0008902789242905134
14,2,5,0.2995862034015253,0.06109581913611459,0.03979337050177574,1,0.0001,0.0005364652552287808
14,2,6,0.2995862034015253,0.06109581913611459,0.046980114730210826,1,0.0001,0.0002471478549848305
14,2,7,0.2995862034015253,0.06109581913611459,0.0541668589586459,0,0.0,8.947398363949631e-05
14,2,8,0.2995862034015253,0.06109581913611459,0.06135360318708098,0,0.0,2.752242350830812e-05
14,2,9,0.2995862034015253,0.06109581913611459,0.06854034741551607,0,0.0,8.22842655930357e-06
14,2,10,0.2995862034015253,0.06109581913611459,0.07572709164395114,0,0.0,1.7708564643990992e-06
14,2,11,0.2995862034015253,0.06109581913611459,0.08291383587238624,0,0.0,2.4149838986136534e-07
14,2,12,0.2995862034015253,0.06109581913611459,0.09010058010082131,0,0.0,7.659421475697233e-08
14,2,13,0.2995862034015253,0.06109581913611459,0.09728732432925638,0,0.0,4.852515746832355e-08
14,2,14,0.2995862034015253,0.06109581913611459,0.10447406855769147,0,0.0,2.548188285270964e-08
14,2,15,0.2995862034015253,0.06109581913611459,0.11166081278612655,0,0.0,1.1026145400342022e-08
14,2,16,0.2995862034015253,0.06109581913611459,0.11884755701456162,0,0.0,2.346324954355745e-09
14,2,17,0.2995862034015253,0.06109581913611459,0.12603430124299672,0,0.0,2.236688486014985e-10
14,2,18,0.2995862034015253,0.06109581913611459,0.1332210454714318,0,0.0,2.6642209057393743e-11
14,2,19,0.2995862034015253,0.06109581913611459,0.14040778969986686,0,0.0,4.670123273147386e-12
14,3,0,0.2995862034015253,0.07702106613616413,0.0038596493596003397,1,0.0001,0.0005924866312967191
14,3,1,0.2995862034015253,0.07702106613616413,0.01104639358803542,7,0.0007,0.0008779221694843999
14,3,2,0.2995862034015253,0.07702106613616413,0.0182331378164705,2,0.0002,0.0009863331118713755
14,3,3,0.2995862034015253,0.07702106613616413,0.02541988204490558,9,0.0009,0.0010040785069989357
14,3,4,0.2995862034015253,0.07702106613616413,0.032606626273340655,2,0.0002,0.0008937345088940552
14,3,5,0.2995862034015253,0.07702106613616413,0.03979337050177574,5,0.0005,0.000636016840138015
14,3,6,0.2995862034015253,0.07702106613616413,0.046980114730210826,3,0.0003,0.0003517502945315202
14,3,7,0.2995862034015253,0.07702106613616413,0.0541668589586459,0,0.0,0.00014769109906371115
14,3,8,0.2995862034015253,0.07702106613616413,0.06135360318708098,1,0.0001,5.233344967506814e-05
14,3,9,0.2995862034015253,0.07702106613616413,0.06854034741551607,0,0.0,1.7090521685875533e-05
14,3,10,0.2995862034015253,0.07702106613616413,0.07572709164395114,0,0.0,3.7719054398318005e-06
14,3,11,0.2995862034015253,0.07702106613616413,0.08291383587238624,0,0.0,8.931536549635829e-07
14,3,12,0.2995862034015253,0.07702106613616413,0.09010058010082131,0,0.0,8.281324882535698e-07
14,3,13,0.2995862034015253,0.07702106613616413,0.09728732432925638,0,0.0,6.283460690538705e-07
14,3,14,0.2995862034015253,0.07702106613616413,0.10447406855769147,0,0.0,3.755402276896183e-07
14,3,15,0.2995862034015253,0.07702106613616413,0.11166081278612655,0,0.0,1.738696542448533e-07
14,3,16,0.2995862034015253,0.07702106613616413,0.11884755701456162,0,0.0,3.7822488801348036e-08
14,3,17,0.2995862034015253,0.07702106613616413,0.12603430124299672,0,0.0,4.169545172785272e-09
14,3,18,0.2995862034015253,0.07702106613616413,0.1332210454714318,0,0.0,7.845092997913351e-10
14,3,19,0.2995862034015253,0.07702106613616413,0.14040778969986686,0,0.0,1.5465324289308318e-10
14,4,0,0.2995862034015253,0.09294631313621368,0.0038596493596003397,1,0.0001,0.00026574460577920804
14,4,1,0.2995862034015253,0.09294631313621368,0.01104639358803542,0,0.0,0.0004145212323452229
14,4,2,0.2995862034015253,0.09294631313621368,0.0182331378164705,1,0.0001,0.0004935958317374518
14,4,3,0.2995862034015253,0.09294631313621368,0.02541988204490558,1,0.0001,0.0005659073946119943
14,4,4,0.2995862034015253,0.09294631313621368,0.032606626273340655,7,0.0007,0.0006027035027976967
14,4,5,0.2995862034015253,0.09294631313621368,0.03979337050177574,6,0.0006,0.0005121409810404375
14,4,6,0.2995862034015253,0.09294631313621368,0.046980114730210826,3,0.0003,0.0003196695651760149
14,4,7,0.2995862034015253,0.09294631313621368,0.0541668589586459,0,0.0,0.00014515988149797898
14,4,8,0.2995862034015253,0.09294631313621368,0.06135360318708098,1,0.0001,5.6588397032508495e-05
14,4,9,0.2995862034015253,0.09294631313621368,0.06854034741551607,0,0.0,1.9848414926298727e-05
14,4,10,0.2995862034015253,0.09294631313621368,0.07572709164395114,0,0.0,5.138812898385096e-06
14,4,11,0.2995862034015253,0.09294631313621368,0.08291383587238624,0,0.0,2.9347764472458463e-06
14,4,12,0.2995862034015253,0.09294631313621368,0.09010058010082131,0,0.0,3.815010107550329e-06
14,4,13,0.2995862034015253,0.09294631313621368,0.09728732432925638,0,0.0,3.3049745205365645e-06
14,4,14,0.2995862034015253,0.09294631313621368,0.10447406855769147,0,0.0,2.476609507684302e-06
14,4,15,0.2995862034015253,0.09294631313621368,0.11166081278612655,0,0.0,1.2609823008630408e-06
14,4,16,0.2995862034015253,0.09294631313621368,0.11884755701456162,0,0.0,2.820553773180376e-07
14,4,17,0.2995862034015253,0.09294631313621368,0.12603430124299672,0,0.0,3.628666350170518e-08
14,4,18,0.2995862034015253,0.09294631313621368,0.1332210454714318,0,0.0,9.119152149597964e-09
14,4,19,0.2995862034015253,0.09294631313621368,0.14040778969986686,0,0.0,1.8840621975481933e-09
14,5,0,0.2995862034015253,0.10887156013626324,0.0038596493596003397,0,0.0,8.448793910958108e-05
14,5,1,0.2995862034015253,0.10887156013626324,0.01104639358803542,0,0.0,0.0001435681988167062
14,5,2,0.2995862034015253,0.10887156013626324,0.0182331378164705,0,0.0,0.0001893293160698988
14,5,3,0.2995862034015253,0.10887156013626324,0.02541988204490558,0,0.0,0.00024474960956995506
14,5,4,0.2995862034015253,0.10887156013626324,0.032606626273340655,2,0.0002,0.000305807258000078
14,5,5,0.2995862034015253,0.10887156013626324,0.03979337050177574,1,0.0001,0.0002923834784544836
14,5,6,0.2995862034015253,0.10887156013626324,0.046980114730210826,2,0.0002,0.0001934875848199461
14,5,7,0.2995862034015253,0.10887156013626324,0.0541668589586459,1,0.0001,9.302003224005908e-05
14,5,8,0.2995862034015253,0.10887156013626324,0.06135360318708098,0,0.0,4.0452816665560635e-05
14,5,9,0.2995862034015253,0.10887156013626324,0.06854034741551607,0,0.0,1.661227819466711e-05
14,5,10,0.2995862034015253,0.10887156013626324,0.07572709164395114,0,0.0,7.033871610328435e-06
14,5,11,0.2995862034015253,0.10887156013626324,0.08291383587238624,0,0.0,5.8466558294783365e-06
14,5,12,0.2995862034015253,0.10887156013626324,0.09010058010082131,0,0.0,7.088260603830418e-06
14,5,13,0.2995862034015253,0.10887156013626324,0.09728732432925638,0,0.0,7.65099755381373e-06
14,5,14,0.2995862034015253,0.10887156013626324,0.10447406855769147,0,0.0,7.64002472318997e-06
14,5,15,0.2995862034015253,0.10887156013626324,0.11166081278612655,0,0.0,4.2380834608384905e-06
14,5,16,0.2995862034015253,0.10887156013626324,0.11884755701456162,0,0.0,9.694302180856775e-07
14,5,17,0.2995862034015253,0.10887156013626324,0.12603430124299672,0,0.0,1.3870458365174907e-07
14,5,18,0.2995862034015253,0.10887156013626324,0.1332210454714318,0,0.0,4.014685413185306e-08
14,5,19,0.2995862034015253,0.10887156013626324,0.14040778969986686,0,0.0,8.443780958588853e-09
14,6,0,0.2995862034015253,0.1247968071363128,0.0038596493596003397,0,0.0,2.0056979467998518e-05
14,6,1,0.2995862034015253,0.1247968071363128,0.01104639358803542,0,0.0,3.995055577996348e-05
14,6,2,0.2995862034015253,0.1247968071363128,0.0182331378164705,0,0.0,6.091337344956739e-05
14,6,3,0.2995862034015253,0.1247968071363128,0.02541988204490558,0,0.0,8.254507381620637e-05
14,6,4,0.2995862034015253,0.1247968071363128,0.032606626273340655,0,0.0,0.00010918253574624546
14,6,5,0.2995862034015253,0.1247968071363128,0.03979337050177574,0,0.0,0.00011159862440552414
14,6,6,0.2995862034015253,0.1247968071363128,0.046980114730210826,0,0.0,7.743169023618429e-05
14,6,7,0.2995862034015253,0.1247968071363128,0.0541668589586459,0,0.0,3.864237424373019e-05
14,6,8,0.2995862034015253,0.1247968071363128,0.06135360318708098,0,0.0,1.7995033572864533e-05
14,6,9,0.2995862034015253,0.1247968071363128,0.06854034741551607,0,0.0,9.841449055509472e-06
14,6,10,0.2995862034015253,0.1247968071363128,0.07572709164395114,0,0.0,7.4034989271392e-06
14,6,11,0.2995862034015253,0.1247968071363128,0.08291383587238624,0,0.0,5.8209309114910975e-06
14,6,12,0.2995862034015253,0.1247968071363128,0.09010058010082131,0,0.0,5.669320580720091e-06
14,6,13,0.2995862034015253,0.1247968071363128,0.09728732432925638,0,0.0,8.277589863137127e-06
14,6,14,0.2995862034015253,0.1247968071363128,0.10447406855769147,1,0.0001,1.0498661824135409e-05
14,6,15,0.2995862034015253,0.1247968071363128,0.11166081278612655,0,0.0,6.13032101530436e-06
14,6,16,0.2995862034015253,0.1247968071363128,0.11884755701456162,0,0.0,1.4196591593883488e-06
14,6,17,0.2995862034015253,0.1247968071363128,0.12603430124299672,0,0.0,2.1420200218931576e-07
14,6,18,0.2995862034015253,0.1247968071363128,0.1332210454714318,0,0.0,6.575789817199138e-08
14,6,19,0.2995862034015253,0.1247968071363128,0.14040778969986686,0,0.0,1.3921836194698837e-08
14,7,0,0.2995862034015253,0.14072205413636235,0.0038596493596003397,0,0.0,3.2209523347134493e-06
14,7,1,0.2995862034015253,0.14072205413636235,0.01104639358803542,0,0.0,7.4428863155341465e-06
14,7,2,0.2995862034015253,0.14072205413636235,0.0182331378164705,0,0.0,1.2804175967997504e-05
14,7,3,0.2995862034015253,0.14072205413636235,0.02541988204490558,0,0.0,1.815015011048755e-05
14,7,4,0.2995862034015253,0.14072205413636235,0.032606626273340655,0,0.0,2.4611228289556155e-05
14,7,5,0.2995862034015253,0.14072205413636235,0.03979337050177574,0,0.0,2.6851834903625735e-05
14,7,6,0.2995862034015253,0.14072205413636235,0.046980114730210826,0,0.0,1.9694603529249222e-05
14,7,7,0.2995862034015253,0.14072205413636235,0.0541668589586459,0,0.0,9.649212599654898e-06
14,7,8,0.2995862034015253,0.14072205413636235,0.06135360318708098,0,0.0,4.313885895169767e-06
14,7,9,0.2995862034015253,0.14072205413636235,0.06854034741551607,0,0.0,3.43760393877296e-06
14,7,10,0.2995862034015253,0.14072205413636235,0.07572709164395114,0,0.0,3.86586616730176e-06
14,7,11,0.2995862034015253,0.14072205413636235,0.08291383587238624,0,0.0,2.771504925427468e-06
14,7,12,0.2995862034015253,0.14072205413636235,0.09010058010082131,0,0.0,2.1457233852741465e-06
14,7,13,0.2995862034015253,0.14072205413636235,0.09728732432925638,0,0.0,4.06892040034823e-06
14,7,14,0.2995862034015253,0.14072205413636235,0.10447406855769147,0,0.0,5.902955674103966e-06
14,7,15,0.2995862034015253,0.14072205413636235,0.11166081278612655,0,0.0,3.528937382076816e-06
14,7,16,0.2995862034015253,0.14072205413636235,0.11884755701456162,0,0.0,8.229963574667029e-07
14,7,17,0.2995862034015253,0.14072205413636235,0.12603430124299672,0,0.0,1.2751496556899845e-07
14,7,18,0.2995862034015253,0.14072205413636235,0.1332210454714318,0,0.0,3.995070473467853e-08
14,7,19,0.2995862034015253,0.14072205413636235,0.14040778969986686,0,0.0,8.456859016881362e-09
14,8,0,0.2995862034015253,0.1566473011364119,0.0038596493596003397,0,0.0,3.049952433170103e-07
14,8,1,0.2995862034015253,0.1566473011364119,0.01104639358803542,0,0.0,7.668675198291513e-07
14,8,2,0.2995862034015253,0.1566473011364119,0.0182331378164705,0,0.0,1.4604995710315239e-06
14,8,3,0.2995862034015253,0.1566473011364119,0.02541988204490558,0,0.0,2.2937797126278137e-06
14,8,4,0.2995862034015253,0.1566473011364119,0.032606626273340655,0,0.0,3.2542317628032036e-06
14,8,5,0.2995862034015253,0.1566473011364119,0.03979337050177574,0,0.0,3.781994786241991e-06
14,8,6,0.2995862034015253,0.1566473011364119,0.046980114730210826,0,0.0,2.946742341185005e-06
14,8,7,0.2995862034015253,0.1566473011364119,0.0541668589586459,0,0.0,1.4077505708084815e-06
14,8,8,0.2995862034015253,0.1566473011364119,0.06135360318708098,0,0.0,5.621537700178981e-07
14,8,9,0.2995862034015253,0.1566473011364119,0.06854034741551607,0,0.0,6.085681369654739e-07
14,8,10,0.2995862034015253,0.1566473011364119,0.07572709164395114,0,0.0,8.54526343088907e-07
14,8,11,0.2995862034015253,0.1566473011364119,0.08291383587238624,0,0.0,6.325655100981935e-07
14,8,12,0.2995862034015253,0.1566473011364119,0.09010058010082131,0,0.0,4.5449327052429226e-07
14,8,13,0.2995862034015253,0.1566473011364119,0.09728732432925638,0,0.0,8.723451842092114e-07
14,8,14,0.2995862034015253,0.1566473011364119,0.10447406855769147,0,0.0,1.2973855872730228e-06
14,8,15,0.2995862034015253,0.1566473011364119,0.11166081278612655,0,0.0,7.943455159066733e-07
14,8,16,0.2995862034015253,0.1566473011364119,0.11884755701456162,0,0.0,2.0233761083096652e-07
14,8,17,0.2995862034015253,0.1566473011364119,0.12603430124299672,0,0.0,3.832537894214645e-08
14,8,18,0.2995862034015253,0.1566473011364119,0.1332210454714318,0,0.0,1.0907557622171809e-08
14,8,19,0.2995862034015253,0.1566473011364119,0.14040778969986686,0,0.0,2.043385563714424e-09
14,9,0,0.2995862034015253,0.17257254813646145,0.0038596493596003397,0,0.0,1.5353772486921052e-08
14,9,1,0.2995862034015253,0.17257254813646145,0.01104639358803542,0,0.0,4.083523471752231e-08
14,9,2,0.2995862034015253,0.17257254813646145,0.0182331378164705,0,0.0,8.71199731665973e-08
14,9,3,0.2995862034015253,0.17257254813646145,0.02541988204490558,0,0.0,1.5910586946809547e-07
14,9,4,0.2995862034015253,0.17257254813646145,0.032606626273340655,0,0.0,2.389391800625076e-07
14,9,5,0.2995862034015253,0.17257254813646145,0.03979337050177574,0,0.0,2.856068654396788e-07
14,9,6,0.2995862034015253,0.17257254813646145,0.046980114730210826,0,0.0,2.3869297014294867e-07
14,9,7,0.2995862034015253,0.17257254813646145,0.0541668589586459,0,0.0,1.2131279280532196e-07
14,9,8,0.2995862034015253,0.17257254813646145,0.06135360318708098,0,0.0,4.660309630548285e-08
14,9,9,0.2995862034015253,0.17257254813646145,0.06854034741551607,0,0.0,5.470370755333888e-08
14,9,10,0.2995862034015253,0.17257254813646145,0.07572709164395114,0,0.0,9.640825144031099e-08
14,9,11,0.2995862034015253,0.17257254813646145,0.08291383587238624,0,0.0,1.2532170492507983e-07
14,9,12,0.2995862034015253,0.17257254813646145,0.09010058010082131,0,0.0,1.4161034675492713e-07
14,9,13,0.2995862034015253,0.17257254813646145,0.09728732432925638,0,0.0,1.4007647585528696e-07
14,9,14,0.2995862034015253,0.17257254813646145,0.10447406855769147,0,0.0,1.6437086263085265e-07
14,9,15,0.2995862034015253,0.17257254813646145,0.11166081278612655,0,0.0,1.6423777498409936e-07
14,9,16,0.2995862034015253,0.17257254813646145,0.11884755701456162,0,0.0,1.1494157000785556e-07
14,9,17,0.2995862034015253,0.17257254813646145,0.12603430124299672,0,0.0,4.8576334891535415e-08
14,9,18,0.2995862034015253,0.17257254813646145,0.1332210454714318,0,0.0,9.864645283678708e-09
14,9,19,0.2995862034015253,0.17257254813646145,0.14040778969986686,0,0.0,8.68691031689748e-10
14,10,0,0.2995862034015253,0.188497795136511,0.0038596493596003397,0,0.0,3.327314159340817e-10
14,10,1,0.2995862034015253,0.188497795136511,0.01104639358803542,0,0.0,9.578163762714837e-10
14,10,2,0.2995862034015253,0.188497795136511,0.0182331378164705,0,0.0,2.489257302469842e-09
14,10,3,0.2995862034015253,0.188497795136511,0.02541988204490558,0,0.0,5.76998298266074e-09
14,10,4,0.2995862034015253,0.188497795136511,0.032606626273340655,0,0.0,9.303594956033893e-09
14,10,5,0.2995862034015253,0.188497795136511,0.03979337050177574,0,0.0,1.102203273952236e-08
14,10,6,0.2995862034015253,0.188497795136511,0.046980114730210826,0,0.0,1.0208777216706379e-08
14,10,7,0.2995862034015253,0.188497795136511,0.0541668589586459,0,0.0,6.232000303812584e-09
14,10,8,0.2995862034015253,0.188497795136511,0.06135360318708098,0,0.0,3.1368797115607816e-09
14,10,9,0.2995862034015253,0.188497795136511,0.06854034741551607,0,0.0,5.1943137595689486e-09
14,10,10,0.2995862034015253,0.188497795136511,0.07572709164395114,0,0.0,1.598783723549298e-08
14,10,11,0.2995862034015253,0.188497795136511,0.08291383587238624,0,0.0,4.507261078828573e-08
14,10,12,0.2995862034015253,0.188497795136511,0.09010058010082131,0,0.0,6.890045903777568e-08
14,10,13,0.2995862034015253,0.188497795136511,0.09728732432925638,0,0.0,5.6974668417324556e-08
14,10,14,0.2995862034015253,0.188497795136511,0.10447406855769147,0,0.0,8.830793336824041e-08
14,10,15,0.2995862034015253,0.188497795136511,0.11166081278612655,0,0.0,1.6787513731527697e-07
14,10,16,0.2995862034015253,0.188497795136511,0.11884755701456162,0,0.0,1.6572118652576856e-07
14,10,17,0.2995862034015253,0.188497795136511,0.12603430124299672,0,0.0,7.638202806736204e-08
14,10,18,0.2995862034015253,0.188497795136511,0.1332210454714318,0,0.0,1.5086154844960946e-08
14,10,19,0.2995862034015253,0.188497795136511,0.14040778969986686,0,0.0,1.1819194137458947e-09
14,11,0,0.2995862034015253,0.20442304213656057,0.0038596493596003397,0,0.0,6.465328291263839e-13
14,11,1,0.2995862034015253,0.20442304213656057,0.01104639358803542,0,0.0,4.531947597543177e-12
14,11,2,0.2995862034015253,0.20442304213656057,0.0182331378164705,0,0.0,2.5390605570335374e-11
14,11,3,0.2995862034015253,0.20442304213656057,0.02541988204490558,0,0.0,9.390532650254511e-11
14,11,4,0.2995862034015253,0.20442304213656057,0.032606626273340655,0,0.0,1.662965038821296e-10
14,11,5,0.2995862034015253,0.20442304213656057,0.03979337050177574,0,0.0,1.8455162867123236e-10
14,11,6,0.2995862034015253,0.20442304213656057,0.046980114730210826,0,0.0,2.0811595231948222e-10
14,11,7,0.2995862034015253,0.20442304213656057,0.0541668589586459,0,0.0,1.86680436311298e-10
14,11,8,0.2995862034015253,0.20442304213656057,0.06135360318708098,0,0.0,2.1993932889933138e-10
14,11,9,0.2995862034015253,0.20442304213656057,0.06854034741551607,0,0.0,7.476416286660949e-10
14,11,10,0.2995862034015253,0.20442304213656057,0.07572709164395114,0,0.0,3.061676192986342e-09
14,11,11,0.2995862034015253,0.20442304213656057,0.08291383587238624,0,0.0,1.0207764814276666e-08
14,11,12,0.2995862034015253,0.20442304213656057,0.09010058010082131,0,0.0,1.6679870535256907e-08
14,11,13,0.2995862034015253,0.20442304213656057,0.09728732432925638,0,0.0,1.8742474993317554e-08
14,11,14,0.2995862034015253,0.20442304213656057,0.10447406855769147,0,0.0,4.842628440292331e-08
14,11,15,0.2995862034015253,0.20442304213656057,0.11166081278612655,0,0.0,1.0040957846001174e-07
14,11,16,0.2995862034015253,0.20442304213656057,0.11884755701456162,0,0.0,1.0023927418026086e-07
14,11,17,0.2995862034015253,0.20442304213656057,0.12603430124299672,0,0.0,4.6286181793025183e-08
14,11,18,0.2995862034015253,0.20442304213656057,0.1332210454714318,0,0.0,9.136888706955122e-09
14,11,19,0.2995862034015253,0.20442304213656057,0.14040778969986686,0,0.0,7.140377887966648e-10
14,12,0,0.2995862034015253,0.22034828913661011,0.0038596493596003397,0,0.0,3.495672727962196e-16
14,12,1,0.2995862034015253,0.22034828913661011,0.01104639358803542,0,0.0,1.1576078228614303e-14
14,12,2,0.2995862034015253,0.22034828913661011,0.0182331378164705,0,0.0,1.4137507038152094e-13
14,12,3,0.2995862034015253,0.22034828913661011,0.02541988204490558,0,0.0,6.439581014227088e-13
14,12,4,0.2995862034015253,0.22034828913661011,0.032606626273340655,0,0.0,1.1949965024604207e-12
14,12,5,0.2995862034015253,0.22034828913661011,0.03979337050177574,0,0.0,1.4166664931799357e-12
14,12,6,0.2995862034015253,0.22034828913661011,0.046980114730210826,0,0.0,1.9796305397190582e-12
14,12,7,0.2995862034015253,0.22034828913661011,0.0541668589586459,0,0.0,3.0963061143223883e-12
14,12,8,0.2995862034015253,0.22034828913661011,0.06135360318708098,0,0.0,1.1832673573343683e-11
14,12,9,0.2995862034015253,0.22034828913661011,0.06854034741551607,0,0.0,6.078260736028841e-11
14,12,10,0.2995862034015253,0.22034828913661011,0.07572709164395114,0,0.0,2.82389626130739e-10
14,12,11,0.2995862034015253,0.22034828913661011,0.08291383587238624,0,0.0,9.963040470960609e-10
14,12,12,0.2995862034015253,0.22034828913661011,0.09010058010082131,0,0.0,1.7325696077258982e-09
14,12,13,0.2995862034015253,0.22034828913661011,0.09728732432925638,0,0.0,2.9877225756543616e-09
14,12,14,0.2995862034015253,0.22034828913661011,0.10447406855769147,0,0.0,1.0539425225402949e-08
14,12,15,0.2995862034015253,0.22034828913661011,0.11166081278612655,0,0.0,2.2382587414217494e-08
14,12,16,0.2995862034015253,0.22034828913661011,0.11884755701456162,0,0.0,2.2365746602712572e-08
14,12,17,0.2995862034015253,0.22034828913661011,0.12603430124299672,0,0.0,1.0327843156137047e-08
14,12,18,0.2995862034015253,0.22034828913661011,0.1332210454714318,0,0.0,2.0387154404412766e-09
14,12,19,0.2995862034015253,0.22034828913661011,0.14040778969986686,0,0.0,1.5932336616623057e-10
14,13,0,0.2995862034015253,0.2362735361366597,0.0038596493596003397,0,0.0,0.0
14,13,1,0.2995862034015253,0.2362735361366597,0.01104639358803542,0,0.0,0.0
14,13,2,0.2995862034015253,0.2362735361366597,0.0182331378164705,0,0.0,0.0
14,13,3,0.2995862034015253,0.2362735361366597,0.02541988204490558,0,0.0,0.0
14,13,4,0.2995862034015253,0.2362735361366597,0.032606626273340655,0,0.0,0.0
14,13,5,0.2995862034015253,0.2362735361366597,0.03979337050177574,0,0.0,0.0
14,13,6,0.2995862034015253,0.2362735361366597,0.046980114730210826,0,0.0,6.991345455924392e-16
14,13,7,0.2995862034015253,0.2362735361366597,0.0541668589586459,0,0.0,2.3152156457228606e-14
14,13,8,0.2995862034015253,0.2362735361366597,0.06135360318708098,0,0.0,3.0520316267467805e-13
14,13,9,0.2995862034015253,0.2362735361366597,0.06854034741551607,0,0.0,2.0307590367420784e-12
14,13,10,0.2995862034015253,0.2362735361366597,0.07572709164395114,0,0.0,1.1424337253995344e-11
14,13,11,0.2995862034015253,0.2362735361366597,0.08291383587238624,0,0.0,4.350749283508448e-11
14,13,12,0.2995862034015253,0.2362735361366597,0.09010058010082131,0,0.0,8.237571500714274e-11
14,13,13,0.2995862034015253,0.2362735361366597,0.09728732432925638,0,0.0,2.0923118714039277e-10
14,13,14,0.2995862034015253,0.2362735361366597,0.10447406855769147,0,0.0,8.571019369401924e-10
14,13,15,0.2995862034015253,0.2362735361366597,0.11166081278612655,0,0.0,1.8366159301097078e-09
14,13,16,0.2995862034015253,0.2362735361366597,0.11884755701456162,0,0.0,1.8358723881412653e-09
14,13,17,0.2995862034015253,0.2362735361366597,0.12603430124299672,0,0.0,8.47760991259352e-10
14,13,18,0.2995862034015253,0.2362735361366597,0.1332210454714318,0,0.0,1.673479541231434e-10
14,13,19,0.2995862034015253,0.2362735361366597,0.14040778969986686,0,0.0,1.3078058292509957e-11
14,14,0,0.2995862034015253,0.25219878313670924,0.0038596493596003397,0,0.0,0.0
14,14,1,0.2995862034015253,0.25219878313670924,0.01104639358803542,0,0.0,0.0
14,14,2,0.2995862034015253,0.25219878313670924,0.0182331378164705,0,0.0,0.0
14,14,3,0.2995862034015253,0.25219878313670924,0.02541988204490558,0,0.0,0.0
14,14,4,0.2995862034015253,0.25219878313670924,0.032606626273340655,0,0.0,0.0
14,14,5,0.2995862034015253,0.25219878313670924,0.03979337050177574,0,0.0,0.0
14,14,6,0.2995862034015253,0.25219878313670924,0.046980114730210826,0,0.0,0.0
14,14,7,0.2995862034015253,0.25219878313670924,0.0541668589586459,0,0.0,0.0
14,14,8,0.2995862034015253,0.25219878313670924,0.06135360318708098,0,0.0,3.495672727962196e-16
14,14,9,0.2995862034015253,0.25219878313670924,0.06854034741551607,0,0.0,1.1576078228614303e-14
14,14,10,0.2995862034015253,0.25219878313670924,0.07572709164395114,0,0.0,1.410255031087247e-13
14,14,11,0.2995862034015253,0.25219878313670924,0.08291383587238624,0,0.0,6.436085341499125e-13
14,14,12,0.2995862034015253,0.25219878313670924,0.09010058010082131,0,0.0,1.436968494528641e-12
14,14,13,0.2995862034015253,0.25219878313670924,0.09728732432925638,0,0.0,5.6855027915184256e-12
14,14,14,0.2995862034015253,0.25219878313670924,0.10447406855769147,0,0.0,2.574118920665218e-11
14,14,15,0.2995862034015253,0.25219878313670924,0.11166081278612655,0,0.0,5.5449419362832346e-11
14,14,16,0.2995862034015253,0.25219878313670924,0.11884755701456162,0,0.0,5.543819285187653e-11
14,14,17,0.2995862034015253,0.25219878313670924,0.12603430124299672,0,0.0,2.560016370354346e-11
14,14,18,0.2995862034015253,0.25219878313670924,0.1332210454714318,0,0.0,5.053470335597128e-12
14,14,19,0.2995862034015253,0.25219878313670924,0.14040778969986686,0,0.0,3.949231406783552e-13
14,15,0,0.2995862034015253,0.2681240301367588,0.0038596493596003397,0,0.0,0.0
14,15,1,0.2995862034015253,0.2681240301367588,0.01104639358803542,0,0.0,0.0
14,15,2,0.2995862034015253,0.2681240301367588,0.0182331378164705,0,0.0,0.0
14,15,3,0.2995862034015253,0.2681240301367588,0.02541988204490558,0,0.0,0.0
14,15,4,0.2995862034015253,0.2681240301367588,0.032606626273340655,0,0.0,0.0
14,15,5,0.2995862034015253,0.2681240301367588,0.03979337050177574,0,0.0,0.0
14,15,6,0.2995862034015253,0.2681240301367588,0.046980114730210826,0,0.0,0.0
14,15,7,0.2995862034015253,0.2681240301367588,0.0541668589586459,0,0.0,0.0
14,15,8,0.2995862034015253,0.2681240301367588,0.06135360318708098,0,0.0,0.0
14,15,9,0.2995862034015253,0.2681240301367588,0.06854034741551607,0,0.0,0.0
14,15,10,0.2995862034015253,0.2681240301367588,0.07572709164395114,0,0.0,0.0
14,15,11,0.2995862034015253,0.2681240301367588,0.08291383587238624,0,0.0,0.0
14,15,12,0.2995862034015253,0.2681240301367588,0.09010058010082131,0,0.0,0.0
14,15,13,0.2995862034015253,0.2681240301367588,0.09728732432925638,0,0.0,0.0
14,15,14,0.2995862034015253,0.2681240301367588,0.10447406855769147,0,0.0,0.0
14,15,15,0.2995862034015253,0.2681240301367588,0.11166081278612655,0,0.0,0.0
14,15,16,0.2995862034015253,0.2681240301367588,0.11884755701456162,0,0.0,0.0
14,15,17,0.2995862034015253,0.2681240301367588,0.12603430124299672,0,0.0,0.0
14,15,18,0.2995862034015253,0.2681240301367588,0.1332210454714318,0,0.0,0.0
14,15,19,0.2995862034015253,0.2681240301367588,0.14040778969986686,0,0.0,0.0
14,16,0,0.2995862034015253,0.2840492771368084,0.0038596493596003397,0,0.0,0.0
14,16,1,0.2995862034015253,0.2840492771368084,0.01104639358803542,0,0.0,0.0
14,16,2,0.2995862034015253,0.2840492771368084,0.0182331378164705,0,0.0,0.0
14,16,3,0.2995862034015253,0.2840492771368084,0.02541988204490558,0,0.0,0.0
14,16,4,0.2995862034015253,0.2840492771368084,0.032606626273340655,0,0.0,0.0
14,16,5,0.2995862034015253,0.2840492771368084,0.03979337050177574,0,0.0,0.0
14,16,6,0.2995862034015253,0.2840492771368084,0.046980114730210826,0,0.0,0.0
14,16,7,0.2995862034015253,0.2840492771368084,0.0541668589586459,0,0.0,0.0
14,16,8,0.2995862034015253,0.2840492771368084,0.06135360318708098,0,0.0,0.0
14,16,9,0.2995862034015253,0.2840492771368084,0.06854034741551607,0,0.0,0.0
14,16,10,0.2995862034015253,0.2840492771368084,0.07572709164395114,0,0.0,0.0
14,16,11,0.2995862034015253,0.2840492771368084,0.08291383587238624,0,0.0,0.0
14,16,12,0.2995862034015253,0.2840492771368084,0.09010058010082131,0,0.0,0.0
14,16,13,0.2995862034015253,0.2840492771368084,0.09728732432925638,0,0.0,0.0
14,16,14,0.2995862034015253,0.2840492771368084,0.10447406855769147,0,0.0,0.0
14,16,15,0.2995862034015253,0.2840492771368084,0.11166081278612655,0,0.0,0.0
14,16,16,0.2995862034015253,0.2840492771368084,0.11884755701456162,0,0.0,0.0
14,16,17,0.2995862034015253,0.2840492771368084,0.12603430124299672,0,0.0,0.0
14,16,18,0.2995862034015253,0.2840492771368084,0.1332210454714318,0,0.0,0.0
14,16,19,0.2995862034015253,0.2840492771368084,0.14040778969986686,0,0.0,0.0
14,17,0,0.2995862034015253,0.2999745241368579,0.0038596493596003397,0,0.0,0.0
14,17,1,0.2995862034015253,0.2999745241368579,0.01104639358803542,0,0.0,0.0
14,17,2,0.2995862034015253,0.2999745241368579,0.0182331378164705,0,0.0,0.0
14,17,3,0.2995862034015253,0.2999745241368579,0.02541988204490558,0,0.0,0.0
14,17,4,0.2995862034015253,0.2999745241368579,0.032606626273340655,0,0.0,0.0
14,17,5,0.2995862034015253,0.2999745241368579,0.03979337050177574,0,0.0,0.0
14,17,6,0.2995862034015253,0.2999745241368579,0.046980114730210826,0,0.0,0.0
14,17,7,0.2995862034015253,0.2999745241368579,0.0541668589586459,0,0.0,0.0
14,17,8,0.2995862034015253,0.2999745241368579,0.06135360318708098,0,0.0,0.0
14,17,9,0.2995862034015253,0.2999745241368579,0.06854034741551607,0,0.0,0.0
14,17,10,0.2995862034015253,0.2999745241368579,0.07572709164395114,0,0.0,0.0
14,17,11,0.2995862034015253,0.2999745241368579,0.08291383587238624,0,0.0,0.0
14,17,12,0.2995862034015253,0.2999745241368579,0.09010058010082131,0,0.0,0.0
14,17,13,0.2995862034015253,0.2999745241368579,0.09728732432925638,0,0.0,0.0
14,17,14,0.2995862034015253,0.2999745241368579,0.10447406855769147,0,0.0,0.0
14,17,15,0.2995862034015253,0.2999745241368579,0.11166081278612655,0,0.0,0.0
14,17,16,0.2995862034015253,0.2999745241368579,0.11884755701456162,0,0.0,0.0
14,17,17,0.2995862034015253,0.2999745241368579,0.12603430124299672,0,0.0,0.0
14,17,18,0.2995862034015253,0.2999745241368579,0.1332210454714318,0,0.0,0.0
14,17,19,0.2995862034015253,0.2999745241368579,0.14040778969986686,0,0.0,0.0
14,18,0,0.2995862034015253,0.3158997711369075,0.0038596493596003397,0,0.0,0.0
14,18,1,0.2995862034015253,0.3158997711369075,0.01104639358803542,0,0.0,0.0
14,18,2,0.2995862034015253,0.3158997711369075,0.0182331378164705,0,0.0,0.0
14,18,3,0.2995862034015253,0.3158997711369075,0.02541988204490558,0,0.0,0.0
14,18,4,0.2995862034015253,0.3158997711369075,0.032606626273340655,0,0.0,0.0
14,18,5,0.2995862034015253,0.3158997711369075,0.03979337050177574,0,0.0,0.0
14,18,6,0.2995862034015253,0.3158997711369075,0.046980114730210826,0,0.0,0.0
14,18,7,0.2995862034015253,0.3158997711369075,0.0541668589586459,0,0.0,0.0
14,18,8,0.2995862034015253,0.3158997711369075,0.06135360318708098,0,0.0,0.0
14,18,9,0.2995862034015253,0.3158997711369075,0.06854034741551607,0,0.0,0.0
14,18,10,0.2995862034015253,0.3158997711369075,0.07572709164395114,0,0.0,0.0
14,18,11,0.2995862034015253,0.3158997711369075,0.08291383587238624,0,0.0,0.0
14,18,12,0.2995862034015253,0.3158997711369075,0.09010058010082131,0,0.0,0.0
14,18,13,0.2995862034015253,0.3158997711369075,0.09728732432925638,0,0.0,0.0
14,18,14,0.2995862034015253,0.3158997711369075,0.10447406855769147,0,0.0,0.0
14,18,15,0.2995862034015253,0.3158997711369075,0.11166081278612655,0,0.0,0.0
14,18,16,0.2995862034015253,0.3158997711369075,0.11884755701456162,0,0.0,0.0
14,18,17,0.2995862034015253,0.3158997711369075,0.12603430124299672,0,0.0,0.0
14,18,18,0.2995862034015253,0.3158997711369075,0.1332210454714318,0,0.0,0.0
14,18,19,0.2995862034015253,0.3158997711369075,0.14040778969986686,0,0.0,0.0
14,19,0,0.2995862034015253,0.331825018136957,0.0038596493596003397,0,0.0,0.0
14,19,1,0.2995862034015253,0.331825018136957,0.01104639358803542,0,0.0,0.0
14,19,2,0.2995862034015253,0.331825018136957,0.0182331378164705,0,0.0,0.0
14,19,3,0.2995862034015253,0.331825018136957,0.02541988204490558,0,0.0,0.0
14,19,4,0.2995862034015253,0.331825018136957,0.032606626273340655,0,0.0,0.0
14,19,5,0.2995862034015253,0.331825018136957,0.03979337050177574,0,0.0,0.0
14,19,6,0.2995862034015253,0.331825018136957,0.046980114730210826,0,0.0,0.0
14,19,7,0.2995862034015253,0.331825018136957,0.0541668589586459,0,0.0,0.0
14,19,8,0.2995862034015253,0.331825018136957,0.06135360318708098,0,0.0,0.0
14,19,9,0.2995862034015253,0.331825018136957,0.06854034741551607,0,0.0,0.0
14,19,10,0.2995862034015253,0.331825018136957,0.07572709164395114,0,0.0,0.0
14,19,11,0.2995862034015253,0.331825018136957,0.08291383587238624,0,0.0,0.0
14,19,12,0.2995862034015253,0.331825018136957,0.09010058010082131,0,0.0,0.0
14,19,13,0.2995862034015253,0.331825018136957,0.09728732432925638,0,0.0,0.0
14,19,14,0.2995862034015253,0.331825018136957,0.10447406855769147,0,0.0,0.0
14,19,15,0.2995862034015253,0.331825018136957,0.11166081278612655,0,0.0,0.0
14,19,16,0.2995862034015253,0.331825018136957,0.11884755701456162,0,0.0,0.0
14,19,17,0.2995862034015253,0.331825018136957,0.12603430124299672,0,0.0,0.0
14,19,18,0.2995862034015253,0.331825018136957,0.1332210454714318,0,0.0,0.0
14,19,19,0.2995862034015253,0.331825018136957,0.14040778969986686,0,0.0,0.0
15,0,0,0.3666819955565135,0.029245325136015476,0.0038596493596003397,0,0.0,0.0004544802467952011
15,0,1,0.3666819955565135,0.029245325136015476,0.01104639358803542,0,0.0,0.0006156830258071116
15,0,2,0.3666819955565135,0.029245325136015476,0.0182331378164705,0,0.0,0.0006225437297676351
15,0,3,0.3666819955565135,0.029245325136015476,0.02541988204490558,0,0.0,0.0004981956062327999
15,0,4,0.3666819955565135,0.029245325136015476,0.032606626273340655,0,0.0,0.0003068553721730947
15,0,5,0.3666819955565135,0.029245325136015476,0.03979337050177574,0,0.0,0.00013731194540148815
15,0,6,0.3666819955565135,0.029245325136015476,0.046980114730210826,0,0.0,4.319028514082169e-05
15,0,7,0.3666819955565135,0.029245325136015476,0.0541668589586459,0,0.0,1.0219912030422323e-05
15,0,8,0.3666819955565135,0.029245325136015476,0.06135360318708098,0,0.0,1.9755493527443063e-06
15,0,9,0.3666819955565135,0.029245325136015476,0.06854034741551607,0,0.0,3.84778294459912e-07
15,0,10,0.3666819955565135,0.029245325136015476,0.07572709164395114,0,0.0,7.998921901005974e-08
15,0,11,0.3666819955565135,0.029245325136015476,0.08291383587238624,0,0.0,1.1440220738294855e-08
15,0,12,0.3666819955565135,0.029245325136015476,0.09010058010082131,0,0.0,8.045599467339553e-10
15,0,13,0.3666819955565135,0.029245325136015476,0.09728732432925638,0,0.0,2.5995086844221814e-11
15,0,14,0.3666819955565135,0.029245325136015476,0.10447406855769147,0,0.0,3.8334706244974095e-13
15,0,15,0.3666819955565135,0.029245325136015476,0.11166081278612655,0,0.0,1.15760782286143e-14
15,0,16,0.3666819955565135,0.029245325136015476,0.11884755701456162,0,0.0,0.0
15,0,17,0.3666819955565135,0.029245325136015476,0.12603430124299672,0,0.0,0.0
15,0,18,0.3666819955565135,0.029245325136015476,0.1332210454714318,0,0.0,0.0
15,0,19,0.3666819955565135,0.029245325136015476,0.14040778969986686,0,0.0,0.0
15,1,0,0.3666819955565135,0.045170572136065026,0.0038596493596003397,13,0.0013,0.0007987838870769686
15,1,1,0.3666819955565135,0.045170572136065026,0.01104639358803542,18,0.0018,0.0011701640172792555
15,1,2,0.3666819955565135,0.045170572136065026,0.0182331378164705,20,0.002,0.0012991957468453496
15,1,3,0.3666819955565135,0.045170572136065026,0.02541988204490558,1,0.0001,0.001173752646472997
15,1,4,0.3666819955565135,0.045170572136065026,0.032606626273340655,0,0.0,0.0008503592267028577
15,1,5,0.3666819955565135,0.045170572136065026,0.03979337050177574,0,0.0,0.00046209708571852155
15,1,6,0.3666819955565135,0.045170572136065026,0.046980114730210826,0,0.0,0.00018115629030202474
15,1,7,0.3666819955565135,0.045170572136065026,0.0541668589586459,0,0.0,5.277403594805654e-05
15,1,8,0.3666819955565135,0.045170572136065026,0.06135360318708098,0,0.0,1.2850550188867275e-05
15,1,9,0.3666819955565135,0.045170572136065026,0.06854034741551607,0,0.0,3.483639205891976e-06
15,1,10,0.3666819955565135,0.045170572136065026,0.07572709164395114,0,0.0,8.932098628103763e-07
15,1,11,0.3666819955565135,0.045170572136065026,0.08291383587238624,0,0.0,1.3886247864812124e-07
15,1,12,0.3666819955565135,0.045170572136065026,0.09010058010082131,0,0.0,1.355612853555558e-08
15,1,13,0.3666819955565135,0.045170572136065026,0.09728732432925638,0,0.0,3.4418738365984422e-09
15,1,14,0.3666819955565135,0.045170572136065026,0.10447406855769147,0,0.0,2.317159584725013e-09
15,1,15,0.3666819955565135,0.045170572136065026,0.11166081278612655,0,0.0,1.1776326375351968e-09
15,1,16,0.3666819955565135,0.045170572136065026,0.11884755701456162,0,0.0,2.5602213649442995e-10
15,1,17,0.3666819955565135,0.045170572136065026,0.12603430124299672,0,0.0,2.0930040430396066e-11
15,1,18,0.3666819955565135,0.045170572136065026,0.1332210454714318,0,0.0,6.320324559212982e-13
15,1,19,0.3666819955565135,0.045170572136065026,0.14040778969986686,0,0.0,0.0
15,2,0,0.3666819955565135,0.06109581913611459,0.0038596493596003397,4,0.0004,0.0007538370575124971
15,2,1,0.3666819955565135,0.06109581913611459,0.01104639358803542,8,0.0008,0.0011686758739420976
15,2,2,0.3666819955565135,0.06109581913611459,0.0182331378164705,10,0.001,0.001406341916121916
15,2,3,0.3666819955565135,0.06109581913611459,0.02541988204490558,15,0.0015,0.001445840927812311
15,2,4,0.3666819955565135,0.06109581913611459,0.032606626273340655,24,0.0024,0.0012282865542301209
15,2,5,0.3666819955565135,0.06109581913611459,0.03979337050177574,9,0.0009,0.0007948511321705007
15,2,6,0.3666819955565135,0.06109581913611459,0.046980114730210826,2,0.0002,0.00037781792949922966
15,2,7,0.3666819955565135,0.06109581913611459,0.0541668589586459,0,0.0,0.0001337429311332425
15,2,8,0.3666819955565135,0.06109581913611459,0.06135360318708098,0,0.0,4.138330926691604e-05
15,2,9,0.3666819955565135,0.06109581913611459,0.06854034741551607,0,0.0,1.4168952978835378e-05
15,2,10,0.3666819955565135,0.06109581913611459,0.07572709164395114,0,0.0,3.978136420037026e-06
15,2,11,0.3666819955565135,0.06109581913611459,0.08291383587238624,0,0.0,6.903658077310892e-07
15,2,12,0.3666819955565135,0.06109581913611459,0.09010058010082131,0,0.0,1.6374147159566247e-07
15,2,13,0.3666819955565135,0.06109581913611459,0.09728732432925638,0,0.0,1.0473144134131582e-07
15,2,14,0.3666819955565135,0.06109581913611459,0.10447406855769147,0,0.0,7.84147171663552e-08
15,2,15,0.3666819955565135,0.06109581913611459,0.11166081278612655,0,0.0,4.0194117804790564e-08
15,2,16,0.3666819955565135,0.06109581913611459,0.11884755701456162,0,0.0,8.98838996922733e-09
15,2,17,0.3666819955565135,0.06109581913611459,0.12603430124299672,0,0.0,1.134428888665196e-09
15,2,18,0.3666819955565135,0.06109581913611459,0.1332210454714318,0,0.0,2.7654216402689706e-10
15,2,19,0.3666819955565135,0.06109581913611459,0.14040778969986686,0,0.0,5.689374857085878e-11
15,3,0,0.3666819955565135,0.07702106613616413,0.0038596493596003397,2,0.0002,0.0004176402781812523
15,3,1,0.3666819955565135,0.07702106613616413,0.01104639358803542,7,0.0007,0.0006884975734825821
15,3,2,0.3666819955565135,0.07702106613616413,0.0182331378164705,5,0.0005,0.000895045728062501
15,3,3,0.3666819955565135,0.07702106613616413,0.02541988204490558,8,0.0008,0.0010364749611605376
15,3,4,0.3666819955565135,0.07702106613616413,0.032606626273340655,5,0.0005,0.0010147997999840593
15,3,5,0.3666819955565135,0.07702106613616413,0.03979337050177574,6,0.0006,0.0007777573451446735
15,3,6,0.3666819955565135,0.07702106613616413,0.046980114730210826,6,0.0006,0.00044325577152835947
15,3,7,0.3666819955565135,0.07702106613616413,0.0541668589586459,0,0.0,0.00018588650657317885
15,3,8,0.3666819955565135,0.07702106613616413,0.06135360318708098,0,0.0,6.81282685010533e-05
15,3,9,0.3666819955565135,0.07702106613616413,0.06854034741551607,0,0.0,2.5467487443240792e-05
15,3,10,0.3666819955565135,0.07702106613616413,0.07572709164395114,0,0.0,7.31685793997851e-06
15,3,11,0.3666819955565135,0.07702106613616413,0.08291383587238624,0,0.0,1.958929174704122e-06
15,3,12,0.3666819955565135,0.07702106613616413,0.09010058010082131,0,0.0,1.50401158586194e-06
15,3,13,0.3666819955565135,0.07702106613616413,0.09728732432925638,0,0.0,1.2790714390939925e-06
15,3,14,0.3666819955565135,0.07702106613616413,0.10447406855769147,0,0.0,9.948453973182928e-07
15,3,15,0.3666819955565135,0.07702106613616413,0.11166081278612655,0,0.0,5.148383075604743e-07
15,3,16,0.3666819955565135,0.07702106613616413,0.11884755701456162,0,0.0,1.201789336738311e-07
15,3,17,0.3666819955565135,0.07702106613616413,0.12603430124299672,0,0.0,2.3058329978513282e-08
15,3,18,0.3666819955565135,0.07702106613616413,0.1332210454714318,0,0.0,8.71969109015983e-09
15,3,19,0.3666819955565135,0.07702106613616413,0.14040778969986686,0,0.0,1.8840621975481933e-09
15,4,0,0.3666819955565135,0.09294631313621368,0.0038596493596003397,0,0.0,0.0001444147448939498
15,4,1,0.3666819955565135,0.09294631313621368,0.01104639358803542,0,0.0,0.00025274518210175763
15,4,2,0.3666819955565135,0.09294631313621368,0.0182331378164705,0,0.0,0.00035740395550091115
15,4,3,0.3666819955565135,0.09294631313621368,0.02541988204490558,2,0.0002,0.0004808776984118013
15,4,4,0.3666819955565135,0.09294631313621368,0.032606626273340655,7,0.0007,0.000567195503878253
15,4,5,0.3666819955565135,0.09294631313621368,0.03979337050177574,9,0.0009,0.0005165591715345166
15,4,6,0.3666819955565135,0.09294631313621368,0.046980114730210826,3,0.0003,0.00033279507028956284
15,4,7,0.3666819955565135,0.09294631313621368,0.0541668589586459,1,0.0001,0.00015409435321842355
15,4,8,0.3666819955565135,0.09294631313621368,0.06135360318708098,0,0.0,6.233741794535177e-05
15,4,9,0.3666819955565135,0.09294631313621368,0.06854034741551607,0,0.0,2.3794492385094543e-05
15,4,10,0.3666819955565135,0.09294631313621368,0.07572709164395114,0,0.0,7.808577702938918e-06
15,4,11,0.3666819955565135,0.09294631313621368,0.08291383587238624,0,0.0,5.205263336468728e-06
15,4,12,0.3666819955565135,0.09294631313621368,0.09010058010082131,0,0.0,6.637642618154366e-06
15,4,13,0.3666819955565135,0.09294631313621368,0.09728732432925638,0,0.0,6.066266447690655e-06
15,4,14,0.3666819955565135,0.09294631313621368,0.10447406855769147,0,0.0,4.953055327600459e-06
15,4,15,0.3666819955565135,0.09294631313621368,0.11166081278612655,0,0.0,2.614402627106775e-06
15,4,16,0.3666819955565135,0.09294631313621368,0.11884755701456162,0,0.0,6.686883966371833e-07
15,4,17,0.3666819955565135,0.09294631313621368,0.12603430124299672,0,0.0,2.158840560080706e-07
15,4,18,0.3666819955565135,0.09294631313621368,0.1332210454714318,0,0.0,1.0426403211227083e-07
15,4,19,0.3666819955565135,0.09294631313621368,0.14040778969986686,0,0.0,2.2952576343220583e-08
15,5,0,0.3666819955565135,0.10887156013626324,0.0038596493596003397,0,0.0,3.244126302677988e-05
15,5,1,0.3666819955565135,0.10887156013626324,0.01104639358803542,0,0.0,5.955160986293371e-05
15,5,2,0.3666819955565135,0.10887156013626324,0.0182331378164705,0,0.0,9.46121226925119e-05
15,5,3,0.3666819955565135,0.10887156013626324,0.02541988204490558,0,0.0,0.0001552557147679127
15,5,4,0.3666819955565135,0.10887156013626324,0.032606626273340655,0,0.0,0.00022352756889743922
15,5,5,0.3666819955565135,0.10887156013626324,0.03979337050177574,0,0.0,0.0002291095414277605
15,5,6,0.3666819955565135,0.10887156013626324,0.046980114730210826,0,0.0,0.00015693823852542255
15,5,7,0.3666819955565135,0.10887156013626324,0.0541668589586459,0,0.0,7.920690048002185e-05
15,5,8,0.3666819955565135,0.10887156013626324,0.06135360318708098,1,0.0001,3.730029819533544e-05
15,5,9,0.3666819955565135,0.10887156013626324,0.06854034741551607,0,0.0,1.740268223805448e-05
15,5,10,0.3666819955565135,0.10887156013626324,0.07572709164395114,0,0.0,1.0054807619826203e-05
15,5,11,0.3666819955565135,0.10887156013626324,0.08291383587238624,0,0.0,1.0010455617429854e-05
15,5,12,0.3666819955565135,0.10887156013626324,0.09010058010082131,1,0.0001,1.2067824322968127e-05
15,5,13,0.3666819955565135,0.10887156013626324,0.09728732432925638,0,0.0,1.1622486330297858e-05
15,5,14,0.3666819955565135,0.10887156013626324,0.10447406855769147,0,0.0,1.038986940772911e-05
15,5,15,0.3666819955565135,0.10887156013626324,0.11166081278612655,0,0.0,5.686786927680993e-06
15,5,16,0.3666819955565135,0.10887156013626324,0.11884755701456162,0,0.0,1.685475852331348e-06
15,5,17,0.3666819955565135,0.10887156013626324,0.12603430124299672,0,0.0,8.603189112466706e-07
15,5,18,0.3666819955565135,0.10887156013626324,0.1332210454714318,0,0.0,4.640416233092075e-07
15,5,19,0.3666819955565135,0.10887156013626324,0.14040778969986686,0,0.0,1.0286631053351171e-07
15,6,0,0.3666819955565135,0.1247968071363128,0.0038596493596003397,0,0.0,5.204585859649282e-06
15,6,1,0.3666819955565135,0.1247968071363128,0.01104639358803542,0,0.0,1.0455695997719092e-05
15,6,2,0.3666819955565135,0.1247968071363128,0.0182331378164705,0,0.0,1.8704070114570134e-05
15,6,3,0.3666819955565135,0.1247968071363128,0.02541988204490558,0,0.0,3.398075710864748e-05
15,6,4,0.3666819955565135,0.1247968071363128,0.032606626273340655,0,0.0,5.414837885000534e-05
15,6,5,0.3666819955565135,0.1247968071363128,0.03979337050177574,0,0.0,5.919829748604351e-05
15,6,6,0.3666819955565135,0.1247968071363128,0.046980114730210826,0,0.0,4.335372370617639e-05
15,6,7,0.3666819955565135,0.1247968071363128,0.0541668589586459,0,0.0,2.4831857320874066e-05
15,6,8,0.3666819955565135,0.1247968071363128,0.06135360318708098,0,0.0,1.4751118915273995e-05
15,6,9,0.3666819955565135,0.1247968071363128,0.06854034741551607,0,0.0,1.124121833968462e-05
15,6,10,0.3666819955565135,0.1247968071363128,0.07572709164395114,1,0.0001,1.137618040762614e-05
15,6,11,0.3666819955565135,0.1247968071363128,0.08291383587238624,0,0.0,1.003112080966535e-05
15,6,12,0.3666819955565135,0.1247968071363128,0.09010058010082131,0,0.0,9.365167732370834e-06
15,6,13,0.3666819955565135,0.1247968071363128,0.09728732432925638,0,0.0,9.745305706744505e-06
15,6,14,0.3666819955565135,0.1247968071363128,0.10447406855769147,0,0.0,9.969687125139257e-06
15,6,15,0.3666819955565135,0.1247968071363128,0.11166081278612655,0,0.0,5.71850768927067e-06
15,6,16,0.3666819955565135,0.1247968071363128,0.11884755701456162,0,0.0,1.9834908370196226e-06
15,6,17,0.3666819955565135,0.1247968071363128,0.12603430124299672,0,0.0,1.3534029519168452e-06
15,6,18,0.3666819955565135,0.1247968071363128,0.1332210454714318,0,0.0,7.631118955088868e-07
15,6,19,0.3666819955565135,0.1247968071363128,0.14040778969986686,0,0.0,1.695978861406909e-07
15,7,0,0.3666819955565135,0.14072205413636235,0.0038596493596003397,0,0.0,6.126470326105217e-07
15,7,1,0.3666819955565135,0.14072205413636235,0.01104639358803542,0,0.0,1.3996046800550732e-06
15,7,2,0.3666819955565135,0.14072205413636235,0.0182331378164705,0,0.0,2.64582962062741e-06
15,7,3,0.3666819955565135,0.14072205413636235,0.02541988204490558,0,0.0,4.671227571610161e-06
15,7,4,0.3666819955565135,0.14072205413636235,0.032606626273340655,0,0.0,7.6192507631319985e-06
15,7,5,0.3666819955565135,0.14072205413636235,0.03979337050177574,0,0.0,8.885880822467836e-06
15,7,6,0.3666819955565135,0.14072205413636235,0.046980114730210826,0,0.0,7.0879106510693205e-06
15,7,7,0.3666819955565135,0.14072205413636235,0.0541668589586459,0,0.0,4.4365979445235775e-06
15,7,8,0.3666819955565135,0.14072205413636235,0.06135360318708098,0,0.0,3.3020776400492803e-06
15,7,9,0.3666819955565135,0.14072205413636235,0.06854034741551607,0,0.0,4.511646027017323e-06
15,7,10,0.3666819955565135,0.14072205413636235,0.07572709164395114,0,0.0,6.123130827367712e-06
15,7,11,0.3666819955565135,0.14072205413636235,0.08291383587238624,0,0.0,4.704352063338643e-06
15,7,12,0.3666819955565135,0.14072205413636235,0.09010058010082131,0,0.0,3.342656424103118e-06
15,7,13,0.3666819955565135,0.14072205413636235,0.09728732432925638,0,0.0,3.8118775982595776e-06
15,7,14,0.3666819955565135,0.14072205413636235,0.10447406855769147,0,0.0,4.449475698316896e-06
15,7,15,0.3666819955565135,0.14072205413636235,0.11166081278612655,0,0.0,2.652432964119611e-06
15,7,16,0.3666819955565135,0.14072205413636235,0.11884755701456162,0,0.0,1.02562689984139e-06
15,7,17,0.3666819955565135,0.14072205413636235,0.12603430124299672,0,0.0,8.063967211788677e-07
15,7,18,0.3666819955565135,0.14072205413636235,0.1332210454714318,0,0.0,4.624175946731355e-07
15,7,19,0.3666819955565135,0.14072205413636235,0.14040778969986686,0,0.0,1.0286670545665238e-07
15,8,0,0.3666819955565135,0.1566473011364119,0.0038596493596003397,0,0.0,4.419322874042089e-08
15,8,1,0.3666819955565135,0.1566473011364119,0.01104639358803542,0,0.0,1.0951230356303792e-07
15,8,2,0.3666819955565135,0.1566473011364119,0.0182331378164705,0,0.0,2.1381499231317366e-07
15,8,3,0.3666819955565135,0.1566473011364119,0.02541988204490558,0,0.0,3.7483525748352615e-07
15,8,4,0.3666819955565135,0.1566473011364119,0.032606626273340655,0,0.0,6.346934587809745e-07
15,8,5,0.3666819955565135,0.1566473011364119,0.03979337050177574,0,0.0,8.154397738779039e-07
15,8,6,0.3666819955565135,0.1566473011364119,0.046980114730210826,0,0.0,6.962707541878948e-07
15,8,7,0.3666819955565135,0.1566473011364119,0.0541668589586459,0,0.0,4.2468810701122206e-07
15,8,8,0.3666819955565135,0.1566473011364119,0.06135360318708098,0,0.0,3.8248625629300156e-07
15,8,9,0.3666819955565135,0.1566473011364119,0.06854034741551607,0,0.0,8.499238214063801e-07
15,8,10,0.3666819955565135,0.1566473011364119,0.07572709164395114,0,0.0,1.3101062808881717e-06
15,8,11,0.3666819955565135,0.1566473011364119,0.08291383587238624,0,0.0,9.39637558885733e-07
15,8,12,0.3666819955565135,0.1566473011364119,0.09010058010082131,0,0.0,5.566242120018884e-07
15,8,13,0.3666819955565135,0.1566473011364119,0.09728732432925638,0,0.0,6.795702400889008e-07
15,8,14,0.3666819955565135,0.1566473011364119,0.10447406855769147,0,0.0,8.622435319898371e-07
15,8,15,0.3666819955565135,0.1566473011364119,0.11166081278612655,0,0.0,5.255335453268381e-07
15,8,16,0.3666819955565135,0.1566473011364119,0.11884755701456162,0,0.0,2.149438068005024e-07
15,8,17,0.3666819955565135,0.1566473011364119,0.12603430124299672,0,0.0,1.7904663676171196e-07
15,8,18,0.3666819955565135,0.1566473011364119,0.1332210454714318,0,0.0,1.032037845369267e-07
15,8,19,0.3666819955565135,0.1566473011364119,0.14040778969986686,0,0.0,2.295738749199684e-08
15,9,0,0.3666819955565135,0.17257254813646145,0.0038596493596003397,0,0.0,1.6709798780504925e-09
15,9,1,0.3666819955565135,0.17257254813646145,0.01104639358803542,0,0.0,4.2984103842072775e-09
15,9,2,0.3666819955565135,0.17257254813646145,0.0182331378164705,0,0.0,8.82098925066727e-09
15,9,3,0.3666819955565135,0.17257254813646145,0.02541988204490558,0,0.0,1.6499989991848e-08
15,9,4,0.3666819955565135,0.17257254813646145,0.032606626273340655,0,0.0,2.98855245429472e-08
15,9,5,0.3666819955565135,0.17257254813646145,0.03979337050177574,0,0.0,4.235843822239558e-08
15,9,6,0.3666819955565135,0.17257254813646145,0.046980114730210826,0,0.0,3.777169513618525e-08
15,9,7,0.3666819955565135,0.17257254813646145,0.0541668589586459,0,0.0,2.126709386186176e-08
15,9,8,0.3666819955565135,0.17257254813646145,0.06135360318708098,0,0.0,2.1918962988458055e-08
15,9,9,0.3666819955565135,0.17257254813646145,0.06854034741551607,0,0.0,6.541412744049605e-08
15,9,10,0.3666819955565135,0.17257254813646145,0.07572709164395114,0,0.0,1.0643290158751123e-07
15,9,11,0.3666819955565135,0.17257254813646145,0.08291383587238624,0,0.0,7.580408861269175e-08
15,9,12,0.3666819955565135,0.17257254813646145,0.09010058010082131,0,0.0,4.303700913890467e-08
15,9,13,0.3666819955565135,0.17257254813646145,0.09728732432925638,0,0.0,5.267765808991431e-08
15,9,14,0.3666819955565135,0.17257254813646145,0.10447406855769147,0,0.0,6.85920421087867e-08
15,9,15,0.3666819955565135,0.17257254813646145,0.11166081278612655,0,0.0,4.41198180788744e-08
15,9,16,0.3666819955565135,0.17257254813646145,0.11884755701456162,0,0.0,2.017609990746587e-08
15,9,17,0.3666819955565135,0.17257254813646145,0.12603430124299672,0,0.0,1.6033200639113946e-08
15,9,18,0.3666819955565135,0.17257254813646145,0.1332210454714318,0,0.0,8.741253163046146e-09
15,9,19,0.3666819955565135,0.17257254813646145,0.14040778969986686,0,0.0,1.9056242704345106e-09
15,10,0,0.3666819955565135,0.188497795136511,0.0038596493596003397,0,0.0,2.3414815104723302e-11
15,10,1,0.3666819955565135,0.188497795136511,0.01104639358803542,0,0.0,5.968443475953601e-11
15,10,2,0.3666819955565135,0.188497795136511,0.0182331378164705,0,0.0,1.4362986654748573e-10
15,10,3,0.3666819955565135,0.188497795136511,0.02541988204490558,0,0.0,3.394204161346007e-10
15,10,4,0.3666819955565135,0.188497795136511,0.032606626273340655,0,0.0,6.796968809147867e-10
15,10,5,0.3666819955565135,0.188497795136511,0.03979337050177574,0,0.0,1.0307911002218656e-09
15,10,6,0.3666819955565135,0.188497795136511,0.046980114730210826,0,0.0,9.463578062191776e-10
15,10,7,0.3666819955565135,0.188497795136511,0.0541668589586459,0,0.0,4.858649444536313e-10
15,10,8,0.3666819955565135,0.188497795136511,0.06135360318708098,0,0.0,5.249809882903701e-10
15,10,9,0.3666819955565135,0.188497795136511,0.06854034741551607,0,0.0,1.9264365431926695e-09
15,10,10,0.3666819955565135,0.188497795136511,0.07572709164395114,0,0.0,3.4409320423518834e-09
15,10,11,0.3666819955565135,0.188497795136511,0.08291383587238624,0,0.0,3.3384162665271036e-09
15,10,12,0.3666819955565135,0.188497795136511,0.09010058010082131,0,0.0,3.036315953142517e-09
15,10,13,0.3666819955565135,0.188497795136511,0.09728732432925638,0,0.0,3.0346812702981335e-09
15,10,14,0.3666819955565135,0.188497795136511,0.10447406855769147,0,0.0,4.506484850365803e-09
15,10,15,0.3666819955565135,0.188497795136511,0.11166081278612655,0,0.0,6.215602593939097e-09
15,10,16,0.3666819955565135,0.188497795136511,0.11884755701456162,0,0.0,5.501088858208116e-09
15,10,17,0.3666819955565135,0.188497795136511,0.12603430124299672,0,0.0,2.7457744377156515e-09
15,10,18,0.3666819955565135,0.188497795136511,0.1332210454714318,0,0.0,7.105110263192396e-10
15,10,19,0.3666819955565135,0.188497795136511,0.14040778969986686,0,0.0,9.244359677891673e-11
15,11,0,0.3666819955565135,0.20442304213656057,0.0038596493596003397,0,0.0,1.0487018183886588e-15
15,11,1,0.3666819955565135,0.20442304213656057,0.01104639358803542,0,0.0,3.47282346858429e-14
15,11,2,0.3666819955565135,0.20442304213656057,0.0182331378164705,0,0.0,4.2412521114456273e-13
15,11,3,0.3666819955565135,0.20442304213656057,0.02541988204490558,0,0.0,1.931175169722534e-12
15,11,4,0.3666819955565135,0.20442304213656057,0.032606626273340655,0,0.0,3.560788649105645e-12
15,11,5,0.3666819955565135,0.20442304213656057,0.03979337050177574,0,0.0,3.933220238636514e-12
15,11,6,0.3666819955565135,0.20442304213656057,0.046980114730210826,0,0.0,4.181245026798329e-12
15,11,7,0.3666819955565135,0.20442304213656057,0.0541668589586459,0,0.0,2.9732205235728194e-12
15,11,8,0.3666819955565135,0.20442304213656057,0.06135360318708098,0,0.0,1.2087592484032e-12
15,11,9,0.3666819955565135,0.20442304213656057,0.06854034741551607,0,0.0,4.986902514050679e-12
15,11,10,0.3666819955565135,0.20442304213656057,0.07572709164395114,0,0.0,5.753840580682708e-11
15,11,11,0.3666819955565135,0.20442304213656057,0.08291383587238624,0,0.0,2.5665451851762406e-10
15,11,12,0.3666819955565135,0.20442304213656057,0.09010058010082131,0,0.0,4.425852052107696e-10
15,11,13,0.3666819955565135,0.20442304213656057,0.09728732432925638,0,0.0,5.310312482146641e-10
15,11,14,0.3666819955565135,0.20442304213656057,0.10447406855769147,0,0.0,1.4546269034082064e-09
15,11,15,0.3666819955565135,0.20442304213656057,0.11166081278612655,0,0.0,3.0314741580071527e-09
15,11,16,0.3666819955565135,0.20442304213656057,0.11884755701456162,0,0.0,3.026944710669841e-09
15,11,17,0.3666819955565135,0.20442304213656057,0.12603430124299672,0,0.0,1.397721578759119e-09
15,11,18,0.3666819955565135,0.20442304213656057,0.1332210454714318,0,0.0,2.759101315709757e-10
15,11,19,0.3666819955565135,0.20442304213656057,0.14040778969986686,0,0.0,2.1562072886317365e-11
15,12,0,0.3666819955565135,0.22034828913661011,0.0038596493596003397,0,0.0,0.0
15,12,1,0.3666819955565135,0.22034828913661011,0.01104639358803542,0,0.0,0.0
15,12,2,0.3666819955565135,0.22034828913661011,0.0182331378164705,0,0.0,0.0
15,12,3,0.3666819955565135,0.22034828913661011,0.02541988204490558,0,0.0,0.0
15,12,4,0.3666819955565135,0.22034828913661011,0.032606626273340655,0,0.0,0.0
15,12,5,0.3666819955565135,0.22034828913661011,0.03979337050177574,0,0.0,0.0
15,12,6,0.3666819955565135,0.22034828913661011,0.046980114730210826,0,0.0,0.0
15,12,7,0.3666819955565135,0.22034828913661011,0.0541668589586459,0,0.0,0.0
15,12,8,0.3666819955565135,0.22034828913661011,0.06135360318708098,0,0.0,1.15760782286143e-14
15,12,9,0.3666819955565135,0.22034828913661011,0.06854034741551607,0,0.0,3.8334706244974095e-13
15,12,10,0.3666819955565135,0.22034828913661011,0.07572709164395114,0,0.0,4.670123273147386e-12
15,12,11,0.3666819955565135,0.22034828913661011,0.08291383587238624,0,0.0,2.1071065933504795e-11
15,12,12,0.3666819955565135,0.22034828913661011,0.09010058010082131,0,0.0,3.931895163046377e-11
15,12,13,0.3666819955565135,0.22034828913661011,0.09728732432925638,0,0.0,8.249391227440224e-11
15,12,14,0.3666819955565135,0.22034828913661011,0.10447406855769147,0,0.0,3.1654396298458587e-10
15,12,15,0.3666819955565135,0.22034828913661011,0.11166081278612655,0,0.0,6.757545380715605e-10
15,12,16,0.3666819955565135,0.22034828913661011,0.11884755701456162,0,0.0,6.753827670873393e-10
15,12,17,0.3666819955565135,0.22034828913661011,0.12603430124299672,0,0.0,3.1187383971143843e-10
15,12,18,0.3666819955565135,0.22034828913661011,0.1332210454714318,0,0.0,6.156387184400616e-11
15,12,19,0.3666819955565135,0.22034828913661011,0.14040778969986686,0,0.0,4.8111487762561116e-12
15,13,0,0.3666819955565135,0.2362735361366597,0.0038596493596003397,0,0.0,0.0
15,13,1,0.3666819955565135,0.2362735361366597,0.01104639358803542,0,0.0,0.0
15,13,2,0.3666819955565135,0.2362735361366597,0.0182331378164705,0,0.0,0.0
15,13,3,0.3666819955565135,0.2362735361366597,0.02541988204490558,0,0.0,0.0
15,13,4,0.3666819955565135,0.2362735361366597,0.032606626273340655,0,0.0,0.0
15,13,5,0.3666819955565135,0.2362735361366597,0.03979337050177574,0,0.0,0.0
15,13,6,0.3666819955565135,0.2362735361366597,0.046980114730210826,0,0.0,0.0
15,13,7,0.3666819955565135,0.2362735361366597,0.0541668589586459,0,0.0,0.0
15,13,8,0.3666819955565135,0.2362735361366597,0.06135360318708098,0,0.0,3.495672727962196e-16
15,13,9,0.3666819955565135,0.2362735361366597,0.06854034741551607,0,0.0,1.1576078228614303e-14
15,13,10,0.3666819955565135,0.2362735361366597,0.07572709164395114,0,0.0,1.410255031087247e-13
15,13,11,0.3666819955565135,0.2362735361366597,0.08291383587238624,0,0.0,6.436085341499125e-13
15,13,12,0.3666819955565135,0.2362735361366597,0.09010058010082131,0,0.0,1.436968494528641e-12
15,13,13,0.3666819955565135,0.2362735361366597,0.09728732432925638,0,0.0,5.6855027915184256e-12
15,13,14,0.3666819955565135,0.2362735361366597,0.10447406855769147,0,0.0,2.574118920665218e-11
15,13,15,0.3666819955565135,0.2362735361366597,0.11166081278612655,0,0.0,5.5449419362832346e-11
15,13,16,0.3666819955565135,0.2362735361366597,0.11884755701456162,0,0.0,5.543819285187653e-11
15,13,17,0.3666819955565135,0.2362735361366597,0.12603430124299672,0,0.0,2.560016370354346e-11
15,13,18,0.3666819955565135,0.2362735361366597,0.1332210454714318,0,0.0,5.053470335597128e-12
15,13,19,0.3666819955565135,0.2362735361366597,0.14040778969986686,0,0.0,3.949231406783552e-13
15,14,0,0.3666819955565135,0.25219878313670924,0.0038596493596003397,0,0.0,0.0
15,14,1,0.3666819955565135,0.25219878313670924,0.01104639358803542,0,0.0,0.0
15,14,2,0.3666819955565135,0.25219878313670924,0.0182331378164705,0,0.0,0.0
15,14,3,0.3666819955565135,0.25219878313670924,0.02541988204490558,0,0.0,0.0
15,14,4,0.3666819955565135,0.25219878313670924,0.032606626273340655,0,0.0,0.0
15,14,5,0.3666819955565135,0.25219878313670924,0.03979337050177574,0,0.0,0.0
15,14,6,0.3666819955565135,0.25219878313670924,0.046980114730210826,0,0.0,0.0
15,14,7,0.3666819955565135,0.25219878313670924,0.0541668589586459,0,0.0,0.0
15,14,8,0.3666819955565135,0.25219878313670924,0.06135360318708098,0,0.0,0.0
15,14,9,0.3666819955565135,0.25219878313670924,0.06854034741551607,0,0.0,0.0
15,14,10,0.3666819955565135,0.25219878313670924,0.07572709164395114,0,0.0,0.0
15,14,11,0.3666819955565135,0.25219878313670924,0.08291383587238624,0,0.0,3.495672727962196e-16
15,14,12,0.3666819955565135,0.25219878313670924,0.09010058010082131,0,0.0,1.1925645501410522e-14
15,14,13,0.3666819955565135,0.25219878313670924,0.09728732432925638,0,0.0,1.5260158133733902e-13
15,14,14,0.3666819955565135,0.25219878313670924,0.10447406855769147,0,0.0,7.730579590300229e-13
15,14,15,0.3666819955565135,0.25219878313670924,0.11166081278612655,0,0.0,1.674077809771584e-12
15,14,16,0.3666819955565135,0.25219878313670924,0.11884755701456162,0,0.0,1.674077809771584e-12
15,14,17,0.3666819955565135,0.25219878313670924,0.12603430124299672,0,0.0,7.730579590300229e-13
15,14,18,0.3666819955565135,0.25219878313670924,0.1332210454714318,0,0.0,1.5260158133733902e-13
15,14,19,0.3666819955565135,0.25219878313670924,0.14040778969986686,0,0.0,1.1925645501410522e-14
15,15,0,0.3666819955565135,0.2681240301367588,0.0038596493596003397,0,0.0,0.0
15,15,1,0.3666819955565135,0.2681240301367588,0.01104639358803542,0,0.0,0.0
15,15,2,0.3666819955565135,0.2681240301367588,0.0182331378164705,0,0.0,0.0
15,15,3,0.3666819955565135,0.2681240301367588,0.02541988204490558,0,0.0,0.0
15,15,4,0.3666819955565135,0.2681240301367588,0.032606626273340655,0,0.0,0.0
15,15,5,0.3666819955565135,0.2681240301367588,0.03979337050177574,0,0.0,0.0
15,15,6,0.3666819955565135,0.2681240301367588,0.046980114730210826,0,0.0,0.0
15,15,7,0.3666819955565135,0.2681240301367588,0.0541668589586459,0,0.0,0.0
15,15,8,0.3666819955565135,0.2681240301367588,0.06135360318708098,0,0.0,0.0
15,15,9,0.3666819955565135,0.2681240301367588,0.06854034741551607,0,0.0,0.0
15,15,10,0.3666819955565135,0.2681240301367588,0.07572709164395114,0,0.0,0.0
15,15,11,0.3666819955565135,0.2681240301367588,0.08291383587238624,0,0.0,0.0
15,15,12,0.3666819955565135,0.2681240301367588,0.09010058010082131,0,0.0,0.0
15,15,13,0.3666819955565135,0.2681240301367588,0.09728732432925638,0,0.0,0.0
15,15,14,0.3666819955565135,0.2681240301367588,0.10447406855769147,0,0.0,0.0
15,15,15,0.3666819955565135,0.2681240301367588,0.11166081278612655,0,0.0,0.0
15,15,16,0.3666819955565135,0.2681240301367588,0.11884755701456162,0,0.0,0.0
15,15,17,0.3666819955565135,0.2681240301367588,0.12603430124299672,0,0.0,0.0
15,15,18,0.3666819955565135,0.2681240301367588,0.1332210454714318,0,0.0,0.0
15,15,19,0.3666819955565135,0.2681240301367588,0.14040778969986686,0,0.0,0.0
15,16,0,0.3666819955565135,0.2840492771368084,0.0038596493596003397,0,0.0,0.0
15,16,1,0.3666819955565135,0.2840492771368084,0.01104639358803542,0,0.0,0.0
15,16,2,0.3666819955565135,0.2840492771368084,0.0182331378164705,0,0.0,0.0
15,16,3,0.3666819955565135,0.2840492771368084,0.02541988204490558,0,0.0,0.0
15,16,4,0.3666819955565135,0.2840492771368084,0.032606626273340655,0,0.0,0.0
15,16,5,0.3666819955565135,0.2840492771368084,0.03979337050177574,0,0.0,0.0
15,16,6,0.3666819955565135,0.2840492771368084,0.046980114730210826,0,0.0,0.0
15,16,7,0.3666819955565135,0.2840492771368084,0.0541668589586459,0,0.0,0.0
15,16,8,0.3666819955565135,0.2840492771368084,0.06135360318708098,0,0.0,0.0
15,16,9,0.3666819955565135,0.2840492771368084,0.06854034741551607,0,0.0,0.0
15,16,10,0.3666819955565135,0.2840492771368084,0.07572709164395114,0,0.0,0.0
15,16,11,0.3666819955565135,0.2840492771368084,0.08291383587238624,0,0.0,0.0
15,16,12,0.3666819955565135,0.2840492771368084,0.09010058010082131,0,0.0,0.0
15,16,13,0.3666819955565135,0.2840492771368084,0.09728732432925638,0,0.0,0.0
15,16,14,0.3666819955565135,0.2840492771368084,0.10447406855769147,0,0.0,0.0
15,16,15,0.3666819955565135,0.2840492771368084,0.11166081278612655,0,0.0,0.0
15,16,16,0.3666819955565135,0.2840492771368084,0.11884755701456162,0,0.0,0.0
15,16,17,0.3666819955565135,0.2840492771368084,0.12603430124299672,0,0.0,0.0
15,16,18,0.3666819955565135,0.2840492771368084,0.1332210454714318,0,0.0,0.0
15,16,19,0.3666819955565135,0.2840492771368084,0.14040778969986686,0,0.0,0.0
15,17,0,0.3666819955565135,0.2999745241368579,0.0038596493596003397,0,0.0,0.0
15,17,1,0.3666819955565135,0.2999745241368579,0.01104639358803542,0,0.0,0.0
15,17,2,0.3666819955565135,0.2999745241368579,0.0182331378164705,0,0.0,0.0
15,17,3,0.3666819955565135,0.2999745241368579,0.02541988204490558,0,0.0,0.0
15,17,4,0.3666819955565135,0.2999745241368579,0.032606626273340655,0,0.0,0.0
15,17,5,0.3666819955565135,0.2999745241368579,0.03979337050177574,0,0.0,0.0
15,17,6,0.3666819955565135,0.2999745241368579,0.046980114730210826,0,0.0,0.0
15,17,7,0.3666819955565135,0.2999745241368579,0.0541668589586459,0,0.0,0.0
15,17,8,0.3666819955565135,0.2999745241368579,0.06135360318708098,0,0.0,0.0
15,17,9,0.3666819955565135,0.2999745241368579,0.06854034741551607,0,0.0,0.0
15,17,10,0.3666819955565135,0.2999745241368579,0.07572709164395114,0,0.0,0.0
15,17,11,0.3666819955565135,0.2999745241368579,0.08291383587238624,0,0.0,0.0
15,17,12,0.3666819955565135,0.2999745241368579,0.09010058010082131,0,0.0,0.0
15,17,13,0.3666819955565135,0.2999745241368579,0.09728732432925638,0,0.0,0.0
15,17,14,0.3666819955565135,0.2999745241368579,0.10447406855769147,0,0.0,0.0
15,17,15,0.3666819955565135,0.2999745241368579,0.11166081278612655,0,0.0,0.0
15,17,16,0.3666819955565135,0.2999745241368579,0.11884755701456162,0,0.0,0.0
15,17,17,0.3666819955565135,0.2999745241368579,0.12603430124299672,0,0.0,0.0
15,17,18,0.3666819955565135,0.2999745241368579,0.1332210454714318,0,0.0,0.0
15,17,19,0.3666819955565135,0.2999745241368579,0.14040778969986686,0,0.0,0.0
15,18,0,0.3666819955565135,0.3158997711369075,0.0038596493596003397,0,0.0,0.0
15,18,1,0.3666819955565135,0.3158997711369075,0.01104639358803542,0,0.0,0.0
15,18,2,0.3666819955565135,0.3158997711369075,0.0182331378164705,0,0.0,0.0
15,18,3,0.3666819955565135,0.3158997711369075,0.02541988204490558,0,0.0,0.0
15,18,4,0.3666819955565135,0.3158997711369075,0.032606626273340655,0,0.0,0.0
15,18,5,0.3666819955565135,0.3158997711369075,0.03979337050177574,0,0.0,0.0
15,18,6,0.3666819955565135,0.3158997711369075,0.046980114730210826,0,0.0,0.0
15,18,7,0.3666819955565135,0.3158997711369075,0.0541668589586459,0,0.0,0.0
15,18,8,0.3666819955565135,0.3158997711369075,0.06135360318708098,0,0.0,0.0
15,18,9,0.3666819955565135,0.3158997711369075,0.06854034741551607,0,0.0,0.0
15,18,10,0.3666819955565135,0.3158997711369075,0.07572709164395114,0,0.0,0.0
15,18,11,0.3666819955565135,0.3158997711369075,0.08291383587238624,0,0.0,0.0
15,18,12,0.3666819955565135,0.3158997711369075,0.09010058010082131,0,0.0,0.0
15,18,13,0.3666819955565135,0.3158997711369075,0.09728732432925638,0,0.0,0.0
15,18,14,0.3666819955565135,0.3158997711369075,0.10447406855769147,0,0.0,0.0
15,18,15,0.3666819955565135,0.3158997711369075,0.11166081278612655,0,0.0,0.0
15,18,16,0.3666819955565135,0.3158997711369075,0.11884755701456162,0,0.0,0.0
15,18,17,0.3666819955565135,0.3158997711369075,0.12603430124299672,0,0.0,0.0
15,18,18,0.3666819955565135,0.3158997711369075,0.1332210454714318,0,0.0,0.0
15,18,19,0.3666819955565135,0.3158997711369075,0.14040778969986686,0,0.0,0.0
15,19,0,0.3666819955565135,0.331825018136957,0.0038596493596003397,0,0.0,0.0
15,19,1,0.3666819955565135,0.331825018136957,0.01104639358803542,0,0.0,0.0
15,19,2,0.3666819955565135,0.331825018136957,0.0182331378164705,0,0.0,0.0
15,19,3,0.3666819955565135,0.331825018136957,0.02541988204490558,0,0.0,0.0
15,19,4,0.3666819955565135,0.331825018136957,0.032606626273340655,0,0.0,0.0
15,19,5,0.3666819955565135,0.331825018136957,0.03979337050177574,0,0.0,0.0
15,19,6,0.3666819955565135,0.331825018136957,0.046980114730210826,0,0.0,0.0
15,19,7,0.3666819955565135,0.331825018136957,0.0541668589586459,0,0.0,0.0
15,19,8,0.3666819955565135,0.331825018136957,0.06135360318708098,0,0.0,0.0
15,19,9,0.3666819955565135,0.331825018136957,0.06854034741551607,0,0.0,0.0
15,19,10,0.3666819955565135,0.331825018136957,0.07572709164395114,0,0.0,0.0
15,19,11,0.3666819955565135,0.331825018136957,0.08291383587238624,0,0.0,0.0
15,19,12,0.3666819955565135,0.331825018136957,0.09010058010082131,0,0.0,0.0
15,19,13,0.3666819955565135,0.331825018136957,0.09728732432925638,0,0.0,0.0
15,19,14,0.3666819955565135,0.331825018136957,0.10447406855769147,0,0.0,0.0
15,19,15,0.3666819955565135,0.331825018136957,0.11166081278612655,0,0.0,0.0
15,19,16,0.3666819955565135,0.331825018136957,0.11884755701456162,0,0.0,0.0
15,19,17,0.3666819955565135,0.331825018136957,0.12603430124299672,0,0.0,0.0
15,19,18,0.3666819955565135,0.331825018136957,0.1332210454714318,0,0.0,0.0
15,19,19,0.3666819955565135,0.331825018136957,0.14040778969986686,0,0.0,0.0
16,0,0,0.43377778771150166,0.029245325136015476,0.0038596493596003397,3,0.0003,0.0012730252139764899
16,0,1,0.43377778771150166,0.029245325136015476,0.01104639358803542,0,0.0,0.0014466539111228965
16,0,2,0.43377778771150166,0.029245325136015476,0.0182331378164705,0,0.0,0.0012907066204048924
16,0,3,0.43377778771150166,0.029245325136015476,0.02541988204490558,0,0.0,0.001044739120455649
16,0,4,0.43377778771150166,0.029245325136015476,0.032606626273340655,0,0.0,0.0006775948042343915
16,0,5,0.43377778771150166,0.029245325136015476,0.03979337050177574,0,0.0,0.0003024098360238491
16,0,6,0.43377778771150166,0.029245325136015476,0.046980114730210826,0,0.0,8.958818352782217e-05
16,0,7,0.43377778771150166,0.029245325136015476,0.0541668589586459,0,0.0,2.1290884927919006e-05
16,0,8,0.43377778771150166,0.029245325136015476,0.06135360318708098,0,0.0,4.8761764059635185e-06
16,0,9,0.43377778771150166,0.029245325136015476,0.06854034741551607,0,0.0,1.0520754390735665e-06
16,0,10,0.43377778771150166,0.029245325136015476,0.07572709164395114,0,0.0,1.9249523230693231e-07
16,0,11,0.43377778771150166,0.029245325136015476,0.08291383587238624,0,0.0,2.418274935635131e-08
16,0,12,0.43377778771150166,0.029245325136015476,0.09010058010082131,0,0.0,1.7659725840445844e-09
16,0,13,0.43377778771150166,0.029245325136015476,0.09728732432925638,0,0.0,9.621270020132256e-11
16,0,14,0.43377778771150166,0.029245325136015476,0.10447406855769147,0,0.0,4.670123273147386e-12
16,0,15,0.43377778771150166,0.029245325136015476,0.11166081278612655,0,0.0,1.4102550310872469e-13
16,0,16,0.43377778771150166,0.029245325136015476,0.11884755701456162,0,0.0,0.0
16,0,17,0.43377778771150166,0.029245325136015476,0.12603430124299672,0,0.0,0.0
16,0,18,0.43377778771150166,0.029245325136015476,0.1332210454714318,0,0.0,0.0
16,0,19,0.43377778771150166,0.029245325136015476,0.14040778969986686,0,0.0,0.0
16,1,0,0.43377778771150166,0.045170572136065026,0.0038596493596003397,16,0.0016,0.001336542482553708
16,1,1,0.43377778771150166,0.045170572136065026,0.01104639358803542,14,0.0014,0.0018270261782993944
16,1,2,0.43377778771150166,0.045170572136065026,0.0182331378164705,28,0.0028,0.002047966332585179
16,1,3,0.43377778771150166,0.045170572136065026,0.02541988204490558,31,0.0031,0.0019579288376902104
16,1,4,0.43377778771150166,0.045170572136065026,0.032606626273340655,8,0.0008,0.0014529210136556706
16,1,5,0.43377778771150166,0.045170572136065026,0.03979337050177574,0,0.0,0.0007750711733004069
16,1,6,0.43377778771150166,0.045170572136065026,0.046980114730210826,0,0.0,0.0003002291360529131
16,1,7,0.43377778771150166,0.045170572136065026,0.0541668589586459,0,0.0,9.424462132306308e-05
16,1,8,0.43377778771150166,0.045170572136065026,0.06135360318708098,0,0.0,2.664997278770313e-05
16,1,9,0.43377778771150166,0.045170572136065026,0.06854034741551607,0,0.0,7.3497465830892834e-06
16,1,10,0.43377778771150166,0.045170572136065026,0.07572709164395114,0,0.0,1.7485099588209814e-06
16,1,11,0.43377778771150166,0.045170572136065026,0.08291383587238624,0,0.0,2.7034342877068676e-07
16,1,12,0.43377778771150166,0.045170572136065026,0.09010058010082131,0,0.0,2.8437884793385982e-08
16,1,13,0.43377778771150166,0.045170572136065026,0.09728732432925638,0,0.0,5.39749097770061e-09
16,1,14,0.43377778771150166,0.045170572136065026,0.10447406855769147,0,0.0,3.516067779956505e-09
16,1,15,0.43377778771150166,0.045170572136065026,0.11166081278612655,0,0.0,1.909662361251737e-09
16,1,16,0.43377778771150166,0.045170572136065026,0.11884755701456162,0,0.0,4.2102313232445227e-10
16,1,17,0.43377778771150166,0.045170572136065026,0.12603430124299672,0,0.0,3.450780285420766e-11
16,1,18,0.43377778771150166,0.045170572136065026,0.1332210454714318,0,0.0,1.0420453538502856e-12
16,1,19,0.43377778771150166,0.045170572136065026,0.14040778969986686,0,0.0,0.0
16,2,0,0.43377778771150166,0.06109581913611459,0.0038596493596003397,5,0.0005,0.0007805625824592275
16,2,1,0.43377778771150166,0.06109581913611459,0.01104639358803542,5,0.0005,0.001261054468936812
16,2,2,0.43377778771150166,0.06109581913611459,0.0182331378164705,8,0.0008,0.0016741626761669663
16,2,3,0.43377778771150166,0.06109581913611459,0.02541988204490558,13,0.0013,0.0018403593895103508
16,2,4,0.43377778771150166,0.06109581913611459,0.032606626273340655,18,0.0018,0.0015997136868852201
16,2,5,0.43377778771150166,0.06109581913611459,0.03979337050177574,14,0.0014,0.0010540689025576983
16,2,6,0.43377778771150166,0.06109581913611459,0.046980114730210826,1,0.0001,0.0005184863929632818
16,2,7,0.43377778771150166,0.06109581913611459,0.0541668589586459,0,0.0,0.000198962436779973
16,2,8,0.43377778771150166,0.06109581913611459,0.06135360318708098,0,0.0,6.902916046931471e-05
16,2,9,0.43377778771150166,0.06109581913611459,0.06854034741551607,0,0.0,2.4406365514581492e-05
16,2,10,0.43377778771150166,0.06109581913611459,0.07572709164395114,0,0.0,7.023766904782725e-06
16,2,11,0.43377778771150166,0.06109581913611459,0.08291383587238624,0,0.0,1.319922722356076e-06
16,2,12,0.43377778771150166,0.06109581913611459,0.09010058010082131,0,0.0,2.6208450092629235e-07
16,2,13,0.43377778771150166,0.06109581913611459,0.09728732432925638,0,0.0,1.269564212995505e-07
16,2,14,0.43377778771150166,0.06109581913611459,0.10447406855769147,0,0.0,1.1389575707681732e-07
16,2,15,0.43377778771150166,0.06109581913611459,0.11166081278612655,0,0.0,6.367246290974414e-08
16,2,16,0.43377778771150166,0.06109581913611459,0.11884755701456162,0,0.0,1.5142638580633875e-08
16,2,17,0.43377778771150166,0.06109581913611459,0.12603430124299672,0,0.0,3.0314738084398798e-09
16,2,18,0.43377778771150166,0.06109581913611459,0.1332210454714318,0,0.0,1.1773903159758558e-09
16,2,19,0.43377778771150166,0.06109581913611459,0.14040778969986686,0,0.0,2.5498009114057967e-10
16,3,0,0.43377778771150166,0.07702106613616413,0.0038596493596003397,0,0.0,0.0002871451135874031
16,3,1,0.43377778771150166,0.07702106613616413,0.01104639358803542,0,0.0,0.0005346318607326243
16,3,2,0.43377778771150166,0.07702106613616413,0.0182331378164705,6,0.0006,0.0008182246184143372
16,3,3,0.43377778771150166,0.07702106613616413,0.02541988204490558,9,0.0009,0.0010389733803924217
16,3,4,0.43377778771150166,0.07702106613616413,0.032606626273340655,6,0.0006,0.0010654301451030795
16,3,5,0.43377778771150166,0.07702106613616413,0.03979337050177574,5,0.0005,0.0008450103734312346
16,3,6,0.43377778771150166,0.07702106613616413,0.046980114730210826,3,0.0003,0.0004934066375520002
16,3,7,0.43377778771150166,0.07702106613616413,0.0541668589586459,2,0.0002,0.00022060111702611093
16,3,8,0.43377778771150166,0.07702106613616413,0.06135360318708098,2,0.0002,9.107316445667948e-05
16,3,9,0.43377778771150166,0.07702106613616413,0.06854034741551607,1,0.0001,3.741439684230727e-05
16,3,10,0.43377778771150166,0.07702106613616413,0.07572709164395114,0,0.0,1.2108567849533793e-05
16,3,11,0.43377778771150166,0.07702106613616413,0.08291383587238624,0,0.0,3.273105269654517e-06
16,3,12,0.43377778771150166,0.07702106613616413,0.09010058010082131,0,0.0,1.6211772949432824e-06
16,3,13,0.43377778771150166,0.07702106613616413,0.09728732432925638,0,0.0,1.3766320157704902e-06
16,3,14,0.43377778771150166,0.07702106613616413,0.10447406855769147,0,0.0,1.3876144520939696e-06
16,3,15,0.43377778771150166,0.07702106613616413,0.11166081278612655,0,0.0,7.863643699374122e-07
16,3,16,0.43377778771150166,0.07702106613616413,0.11884755701456162,0,0.0,2.096002473786009e-07
16,3,17,0.43377778771150166,0.07702106613616413,0.12603430124299672,0,0.0,7.64676657045467e-08
16,3,18,0.43377778771150166,0.07702106613616413,0.1332210454714318,0,0.0,3.8267462057578014e-08
16,3,19,0.43377778771150166,0.07702106613616413,0.14040778969986686,0,0.0,8.443780958588853e-09
16,4,0,0.43377778771150166,0.09294631313621368,0.0038596493596003397,0,0.0,7.249111026978719e-05
16,4,1,0.43377778771150166,0.09294631313621368,0.01104639358803542,0,0.0,0.0001519274608133654
16,4,2,0.43377778771150166,0.09294631313621368,0.0182331378164705,0,0.0,0.00026474406823245704
16,4,3,0.43377778771150166,0.09294631313621368,0.02541988204490558,0,0.0,0.0003931962316449268
16,4,4,0.43377778771150166,0.09294631313621368,0.032606626273340655,1,0.0001,0.00047813253814471145
16,4,5,0.43377778771150166,0.09294631313621368,0.03979337050177574,4,0.0004,0.000441473124344367
16,4,6,0.43377778771150166,0.09294631313621368,0.046980114730210826,0,0.0,0.0002877202140365407
16,4,7,0.43377778771150166,0.09294631313621368,0.0541668589586459,1,0.0001,0.00014251594849121508
16,4,8,0.43377778771150166,0.09294631313621368,0.06135360318708098,0,0.0,6.466443393699613e-05
16,4,9,0.43377778771150166,0.09294631313621368,0.06854034741551607,0,0.0,2.771898234711556e-05
16,4,10,0.43377778771150166,0.09294631313621368,0.07572709164395114,0,0.0,1.0725523976635983e-05
16,4,11,0.43377778771150166,0.09294631313621368,0.08291383587238624,0,0.0,6.040541632641358e-06
16,4,12,0.43377778771150166,0.09294631313621368,0.09010058010082131,0,0.0,6.007045799276679e-06
16,4,13,0.43377778771150166,0.09294631313621368,0.09728732432925638,0,0.0,6.2257704227828425e-06
16,4,14,0.43377778771150166,0.09294631313621368,0.10447406855769147,0,0.0,6.3726644426497035e-06
16,4,15,0.43377778771150166,0.09294631313621368,0.11166081278612655,0,0.0,3.6589035586003492e-06
16,4,16,0.43377778771150166,0.09294631313621368,0.11884755701456162,0,0.0,1.2454500567681592e-06
16,4,17,0.43377778771150166,0.09294631313621368,0.12603430124299672,0,0.0,8.243605726097825e-07
16,4,18,0.43377778771150166,0.09294631313621368,0.1332210454714318,0,0.0,4.6295577557015983e-07
16,4,19,0.43377778771150166,0.09294631313621368,0.14040778969986686,0,0.0,1.0286631053351171e-07
16,5,0,0.43377778771150166,0.10887156013626324,0.0038596493596003397,0,0.0,1.1725020749011937e-05
16,5,1,0.43377778771150166,0.10887156013626324,0.01104639358803542,0,0.0,2.6403056287825964e-05
16,5,2,0.43377778771150166,0.10887156013626324,0.0182331378164705,0,0.0,5.280946143130006e-05
16,5,3,0.43377778771150166,0.10887156013626324,0.02541988204490558,0,0.0,9.618529216282768e-05
16,5,4,0.43377778771150166,0.10887156013626324,0.032606626273340655,0,0.0,0.00014227547373092637
16,5,5,0.43377778771150166,0.10887156013626324,0.03979337050177574,0,0.0,0.00014863711186711534
16,5,6,0.43377778771150166,0.10887156013626324,0.046980114730210826,0,0.0,0.00010325763918478758
16,5,7,0.43377778771150166,0.10887156013626324,0.0541668589586459,0,0.0,5.536643802150073e-05
16,5,8,0.43377778771150166,0.10887156013626324,0.06135360318708098,0,0.0,2.8003928490286713e-05
16,5,9,0.43377778771150166,0.10887156013626324,0.06854034741551607,0,0.0,1.4057652575456247e-05
16,5,10,0.43377778771150166,0.10887156013626324,0.07572709164395114,0,0.0,9.226600504012573e-06
16,5,11,0.43377778771150166,0.10887156013626324,0.08291383587238624,0,0.0,9.582247579474336e-06
16,5,12,0.43377778771150166,0.10887156013626324,0.09010058010082131,0,0.0,1.1498026152264608e-05
16,5,13,0.43377778771150166,0.10887156013626324,0.09728732432925638,0,0.0,1.1706419677568792e-05
16,5,14,0.43377778771150166,0.10887156013626324,0.10447406855769147,1,0.0001,1.1288764194144205e-05
16,5,15,0.43377778771150166,0.10887156013626324,0.11166081278612655,0,0.0,6.638828847228431e-06
16,5,16,0.43377778771150166,0.10887156013626324,0.11884755701456162,0,0.0,3.4251863994259705e-06
16,5,17,0.43377778771150166,0.10887156013626324,0.12603430124299672,0,0.0,3.517774456132532e-06
16,5,18,0.43377778771150166,0.10887156013626324,0.1332210454714318,0,0.0,2.069486351884498e-06
16,5,19,0.43377778771150166,0.10887156013626324,0.14040778969986686,0,0.0,4.6101481962404076e-07
16,6,0,0.43377778771150166,0.1247968071363128,0.0038596493596003397,0,0.0,1.1259176487286253e-06
16,6,1,0.43377778771150166,0.1247968071363128,0.01104639358803542,0,0.0,2.630412006972974e-06
16,6,2,0.43377778771150166,0.1247968071363128,0.0182331378164705,0,0.0,6.214156242957274e-06
16,6,3,0.43377778771150166,0.1247968071363128,0.02541988204490558,0,0.0,1.4135647799903581e-05
16,6,4,0.43377778771150166,0.1247968071363128,0.032606626273340655,0,0.0,2.4598818268893982e-05
16,6,5,0.43377778771150166,0.1247968071363128,0.03979337050177574,0,0.0,2.7809718753991845e-05
16,6,6,0.43377778771150166,0.1247968071363128,0.046980114730210826,0,0.0,2.0461497588960388e-05
16,6,7,0.43377778771150166,0.1247968071363128,0.0541668589586459,0,0.0,1.2545621522073963e-05
16,6,8,0.43377778771150166,0.1247968071363128,0.06135360318708098,0,0.0,8.405170560667008e-06
16,6,9,0.43377778771150166,0.1247968071363128,0.06854034741551607,0,0.0,7.26964178668145e-06
16,6,10,0.43377778771150166,0.1247968071363128,0.07572709164395114,0,0.0,8.453533348286676e-06
16,6,11,0.43377778771150166,0.1247968071363128,0.08291383587238624,0,0.0,9.66964772325965e-06
16,6,12,0.43377778771150166,0.1247968071363128,0.09010058010082131,0,0.0,1.0922772297603616e-05
16,6,13,0.43377778771150166,0.1247968071363128,0.09728732432925638,0,0.0,9.734906809240093e-06
16,6,14,0.43377778771150166,0.1247968071363128,0.10447406855769147,0,0.0,8.156992897221545e-06
16,6,15,0.43377778771150166,0.1247968071363128,0.11166081278612655,0,0.0,5.0269251088578116e-06
16,6,16,0.43377778771150166,0.1247968071363128,0.11884755701456162,0,0.0,4.339173981762783e-06
16,6,17,0.43377778771150166,0.1247968071363128,0.12603430124299672,0,0.0,5.69262326832633e-06
16,6,18,0.43377778771150166,0.1247968071363128,0.1332210454714318,0,0.0,3.4087688179378486e-06
16,6,19,0.43377778771150166,0.1247968071363128,0.14040778969986686,0,0.0,7.600849392221388e-07
16,7,0,0.43377778771150166,0.14072205413636235,0.0038596493596003397,0,0.0,7.301024021100119e-08
16,7,1,0.43377778771150166,0.14072205413636235,0.01104639358803542,0,0.0,1.7832461379071391e-07
16,7,2,0.43377778771150166,0.14072205413636235,0.0182331378164705,0,0.0,4.6489011614328216e-07
16,7,3,0.43377778771150166,0.14072205413636235,0.02541988204490558,0,0.0,1.1821169038207822e-06
16,7,4,0.43377778771150166,0.14072205413636235,0.032606626273340655,0,0.0,2.226181245012931e-06
16,7,5,0.43377778771150166,0.14072205413636235,0.03979337050177574,0,0.0,2.6443920984720417e-06
16,7,6,0.43377778771150166,0.14072205413636235,0.046980114730210826,0,0.0,2.1236048886775563e-06
16,7,7,0.43377778771150166,0.14072205413636235,0.0541668589586459,0,0.0,1.5995374985092593e-06
16,7,8,0.43377778771150166,0.14072205413636235,0.06135360318708098,0,0.0,1.6633665924501224e-06
16,7,9,0.43377778771150166,0.14072205413636235,0.06854034741551607,0,0.0,2.7831547568704205e-06
16,7,10,0.43377778771150166,0.14072205413636235,0.07572709164395114,0,0.0,4.272344085841739e-06
16,7,11,0.43377778771150166,0.14072205413636235,0.08291383587238624,0,0.0,4.743768066618928e-06
16,7,12,0.43377778771150166,0.14072205413636235,0.09010058010082131,0,0.0,4.93188568576843e-06
16,7,13,0.43377778771150166,0.14072205413636235,0.09728732432925638,0,0.0,3.79099877675444e-06
16,7,14,0.43377778771150166,0.14072205413636235,0.10447406855769147,0,0.0,2.6163309655275646e-06
16,7,15,0.43377778771150166,0.14072205413636235,0.11166081278612655,0,0.0,1.7284054303865188e-06
16,7,16,0.43377778771150166,0.14072205413636235,0.11884755701456162,0,0.0,2.339986984700254e-06
16,7,17,0.43377778771150166,0.14072205413636235,0.12603430124299672,0,0.0,3.4288295868705784e-06
16,7,18,0.43377778771150166,0.14072205413636235,0.1332210454714318,0,0.0,2.0668004495639466e-06
16,7,19,0.43377778771150166,0.14072205413636235,0.14040778969986686,0,0.0,4.6101481962404076e-07
16,8,0,0.43377778771150166,0.1566473011364119,0.0038596493596003397,0,0.0,3.328620409265437e-09
16,8,1,0.43377778771150166,0.1566473011364119,0.01104639358803542,0,0.0,8.538345338247752e-09
16,8,2,0.43377778771150166,0.1566473011364119,0.0182331378164705,0,0.0,2.162670672359913e-08
16,8,3,0.43377778771150166,0.1566473011364119,0.02541988204490558,0,0.0,5.4577071392965735e-08
16,8,4,0.43377778771150166,0.1566473011364119,0.032606626273340655,0,0.0,1.0734029664573836e-07
16,8,5,0.43377778771150166,0.1566473011364119,0.03979337050177574,0,0.0,1.3684055438848348e-07
16,8,6,0.43377778771150166,0.1566473011364119,0.046980114730210826,0,0.0,1.2272927221602074e-07
16,8,7,0.43377778771150166,0.1566473011364119,0.0541668589586459,0,0.0,1.1017147070096804e-07
16,8,8,0.43377778771150166,0.1566473011364119,0.06135360318708098,0,0.0,1.899512625009224e-07
16,8,9,0.43377778771150166,0.1566473011364119,0.06854034741551607,0,0.0,5.213374981420168e-07
16,8,10,0.43377778771150166,0.1566473011364119,0.07572709164395114,0,0.0,8.948263739459578e-07
16,8,11,0.43377778771150166,0.1566473011364119,0.08291383587238624,0,0.0,9.725374997661915e-07
16,8,12,0.43377778771150166,0.1566473011364119,0.09010058010082131,0,0.0,9.643820053854827e-07
16,8,13,0.43377778771150166,0.1566473011364119,0.09728732432925638,0,0.0,6.730255512487808e-07
16,8,14,0.43377778771150166,0.1566473011364119,0.10447406855769147,0,0.0,3.9248237753693336e-07
16,8,15,0.43377778771150166,0.1566473011364119,0.11166081278612655,0,0.0,2.772612219895771e-07
16,8,16,0.43377778771150166,0.1566473011364119,0.11884755701456162,0,0.0,4.981647473703904e-07
16,8,17,0.43377778771150166,0.1566473011364119,0.12603430124299672,0,0.0,7.631117429073056e-07
16,8,18,0.43377778771150166,0.1566473011364119,0.1332210454714318,0,0.0,4.611062211754658e-07
16,8,19,0.43377778771150166,0.1566473011364119,0.14040778969986686,0,0.0,1.0286631053351171e-07
16,9,0,0.43377778771150166,0.17257254813646145,0.0038596493596003397,0,0.0,9.227456632712041e-11
16,9,1,0.43377778771150166,0.17257254813646145,0.01104639358803542,0,0.0,2.428607608816475e-10
16,9,2,0.43377778771150166,0.17257254813646145,0.0182331378164705,0,0.0,5.44764411882002e-10
16,9,3,0.43377778771150166,0.17257254813646145,0.02541988204490558,0,0.0,1.2539238249406443e-09
16,9,4,0.43377778771150166,0.17257254813646145,0.032606626273340655,0,0.0,2.6404378568111948e-09
16,9,5,0.43377778771150166,0.17257254813646145,0.03979337050177574,0,0.0,3.9023573439704586e-09
16,9,6,0.43377778771150166,0.17257254813646145,0.046980114730210826,0,0.0,3.892647942480836e-09
16,9,7,0.43377778771150166,0.17257254813646145,0.0541668589586459,0,0.0,3.79724360405513e-09
16,9,8,0.43377778771150166,0.17257254813646145,0.06135360318708098,0,0.0,1.0995155545113539e-08
16,9,9,0.43377778771150166,0.17257254813646145,0.06854034741551607,0,0.0,4.005542682494429e-08
16,9,10,0.43377778771150166,0.17257254813646145,0.07572709164395114,0,0.0,7.178144439623241e-08
16,9,11,0.43377778771150166,0.17257254813646145,0.08291383587238624,0,0.0,7.729313870637503e-08
16,9,12,0.43377778771150166,0.17257254813646145,0.09010058010082131,0,0.0,7.508140500075423e-08
16,9,13,0.43377778771150166,0.17257254813646145,0.09728732432925638,0,0.0,5.0031693390261734e-08
16,9,14,0.43377778771150166,0.17257254813646145,0.10447406855769147,0,0.0,2.64406745560071e-08
16,9,15,0.43377778771150166,0.17257254813646145,0.11166081278612655,0,0.0,1.9485661903522565e-08
16,9,16,0.43377778771150166,0.17257254813646145,0.11884755701456162,0,0.0,4.016841620473938e-08
16,9,17,0.43377778771150166,0.17257254813646145,0.12603430124299672,0,0.0,6.258073223584275e-08
16,9,18,0.43377778771150166,0.17257254813646145,0.1332210454714318,0,0.0,3.7848113003063336e-08
16,9,19,0.43377778771150166,0.17257254813646145,0.14040778969986686,0,0.0,8.443780958588853e-09
16,10,0,0.43377778771150166,0.188497795136511,0.0038596493596003397,0,0.0,6.79035903381348e-13
16,10,1,0.43377778771150166,0.188497795136511,0.01104639358803542,0,0.0,1.6422738700622122e-12
16,10,2,0.43377778771150166,0.188497795136511,0.0182331378164705,0,0.0,3.8837903066895495e-12
16,10,3,0.43377778771150166,0.188497795136511,0.02541988204490558,0,0.0,1.1202420256613104e-11
16,10,4,0.43377778771150166,0.188497795136511,0.032606626273340655,0,0.0,3.289311563995175e-11
16,10,5,0.43377778771150166,0.188497795136511,0.03979337050177574,0,0.0,6.206657364747647e-11
16,10,6,0.43377778771150166,0.188497795136511,0.046980114730210826,0,0.0,5.996840623719242e-11
16,10,7,0.43377778771150166,0.188497795136511,0.0541668589586459,0,0.0,4.7750889027844127e-11
16,10,8,0.43377778771150166,0.188497795136511,0.06135360318708098,0,0.0,2.608536228826668e-10
16,10,9,0.43377778771150166,0.188497795136511,0.06854034741551607,0,0.0,1.1640794255369337e-09
16,10,10,0.43377778771150166,0.188497795136511,0.07572709164395114,0,0.0,2.1391952398373826e-09
16,10,11,0.43377778771150166,0.188497795136511,0.08291383587238624,0,0.0,2.290153098510226e-09
16,10,12,0.43377778771150166,0.188497795136511,0.09010058010082131,0,0.0,2.195936037259631e-09
16,10,13,0.43377778771150166,0.188497795136511,0.09728732432925638,0,0.0,1.4192836516454364e-09
16,10,14,0.43377778771150166,0.188497795136511,0.10447406855769147,0,0.0,6.96933263895428e-10
16,10,15,0.43377778771150166,0.188497795136511,0.11166081278612655,0,0.0,5.308902227115554e-10
16,10,16,0.43377778771150166,0.188497795136511,0.11884755701456162,0,0.0,1.2002672686453196e-09
16,10,17,0.43377778771150166,0.188497795136511,0.12603430124299672,0,0.0,1.8887323208213402e-09
16,10,18,0.43377778771150166,0.188497795136511,0.1332210454714318,0,0.0,1.1428825131216482e-09
16,10,19,0.43377778771150166,0.188497795136511,0.14040778969986686,0,0.0,2.5498009114057967e-10
16,11,0,0.43377778771150166,0.20442304213656057,0.0038596493596003397,0,0.0,0.0
16,11,1,0.43377778771150166,0.20442304213656057,0.01104639358803542,0,0.0,0.0
16,11,2,0.43377778771150166,0.20442304213656057,0.0182331378164705,0,0.0,0.0
16,11,3,0.43377778771150166,0.20442304213656057,0.02541988204490558,0,0.0,0.0
16,11,4,0.43377778771150166,0.20442304213656057,0.032606626273340655,0,0.0,0.0
16,11,5,0.43377778771150166,0.20442304213656057,0.03979337050177574,0,0.0,0.0
16,11,6,0.43377778771150166,0.20442304213656057,0.046980114730210826,0,0.0,0.0
16,11,7,0.43377778771150166,0.20442304213656057,0.0541668589586459,0,0.0,0.0
16,11,8,0.43377778771150166,0.20442304213656057,0.06135360318708098,0,0.0,0.0
16,11,9,0.43377778771150166,0.20442304213656057,0.06854034741551607,0,0.0,0.0
16,11,10,0.43377778771150166,0.20442304213656057,0.07572709164395114,0,0.0,0.0
16,11,11,0.43377778771150166,0.20442304213656057,0.08291383587238624,0,0.0,0.0
16,11,12,0.43377778771150166,0.20442304213656057,0.09010058010082131,0,0.0,0.0
16,11,13,0.43377778771150166,0.20442304213656057,0.09728732432925638,0,0.0,0.0
16,11,14,0.43377778771150166,0.20442304213656057,0.10447406855769147,0,0.0,0.0
16,11,15,0.43377778771150166,0.20442304213656057,0.11166081278612655,0,0.0,0.0
16,11,16,0.43377778771150166,0.20442304213656057,0.11884755701456162,0,0.0,0.0
16,11,17,0.43377778771150166,0.20442304213656057,0.12603430124299672,0,0.0,0.0
16,11,18,0.43377778771150166,0.20442304213656057,0.1332210454714318,0,0.0,0.0
16,11,19,0.43377778771150166,0.20442304213656057,0.14040778969986686,0,0.0,0.0
16,12,0,0.43377778771150166,0.22034828913661011,0.0038596493596003397,0,0.0,0.0
16,12,1,0.43377778771150166,0.22034828913661011,0.01104639358803542,0,0.0,0.0
16,12,2,0.43377778771150166,0.22034828913661011,0.0182331378164705,0,0.0,0.0
16,12,3,0.43377778771150166,0.22034828913661011,0.02541988204490558,0,0.0,0.0
16,12,4,0.43377778771150166,0.22034828913661011,0.032606626273340655,0,0.0,0.0
16,12,5,0.43377778771150166,0.22034828913661011,0.03979337050177574,0,0.0,0.0
16,12,6,0.43377778771150166,0.22034828913661011,0.046980114730210826,0,0.0,0.0
16,12,7,0.43377778771150166,0.22034828913661011,0.0541668589586459,0,0.0,0.0
16,12,8,0.43377778771150166,0.22034828913661011,0.06135360318708098,0,0.0,0.0
16,12,9,0.43377778771150166,0.22034828913661011,0.06854034741551607,0,0.0,0.0
16,12,10,0.43377778771150166,0.22034828913661011,0.07572709164395114,0,0.0,0.0
16,12,11,0.43377778771150166,0.22034828913661011,0.08291383587238624,0,0.0,0.0
16,12,12,0.43377778771150166,0.22034828913661011,0.09010058010082131,0,0.0,0.0
16,12,13,0.43377778771150166,0.22034828913661011,0.09728732432925638,0,0.0,0.0
16,12,14,0.43377778771150166,0.22034828913661011,0.10447406855769147,0,0.0,0.0
16,12,15,0.43377778771150166,0.22034828913661011,0.11166081278612655,0,0.0,0.0
16,12,16,0.43377778771150166,0.22034828913661011,0.11884755701456162,0,0.0,0.0
16,12,17,0.43377778771150166,0.22034828913661011,0.12603430124299672,0,0.0,0.0
16,12,18,0.43377778771150166,0.22034828913661011,0.1332210454714318,0,0.0,0.0
16,12,19,0.43377778771150166,0.22034828913661011,0.14040778969986686,0,0.0,0.0
16,13,0,0.43377778771150166,0.2362735361366597,0.0038596493596003397,0,0.0,0.0
16,13,1,0.43377778771150166,0.2362735361366597,0.01104639358803542,0,0.0,0.0
16,13,2,0.43377778771150166,0.2362735361366597,0.0182331378164705,0,0.0,0.0
16,13,3,0.43377778771150166,0.2362735361366597,0.02541988204490558,0,0.0,0.0
16,13,4,0.43377778771150166,0.2362735361366597,0.032606626273340655,0,0.0,0.0
16,13,5,0.43377778771150166,0.2362735361366597,0.03979337050177574,0,0.0,0.0
16,13,6,0.43377778771150166,0.2362735361366597,0.046980114730210826,0,0.0,0.0
16,13,7,0.43377778771150166,0.2362735361366597,0.0541668589586459,0,0.0,0.0
16,13,8,0.43377778771150166,0.2362735361366597,0.06135360318708098,0,0.0,0.0
16,13,9,0.43377778771150166,0.2362735361366597,0.06854034741551607,0,0.0,0.0
16,13,10,0.43377778771150166,0.2362735361366597,0.07572709164395114,0,0.0,0.0
16,13,11,0.43377778771150166,0.2362735361366597,0.08291383587238624,0,0.0,0.0
16,13,12,0.43377778771150166,0.2362735361366597,0.09010058010082131,0,0.0,0.0
16,13,13,0.43377778771150166,0.2362735361366597,0.09728732432925638,0,0.0,0.0
16,13,14,0.43377778771150166,0.2362735361366597,0.10447406855769147,0,0.0,0.0
16,13,15,0.43377778771150166,0.2362735361366597,0.11166081278612655,0,0.0,0.0
16,13,16,0.43377778771150166,0.2362735361366597,0.11884755701456162,0,0.0,0.0
16,13,17,0.43377778771150166,0.2362735361366597,0.12603430124299672,0,0.0,0.0
16,13,18,0.43377778771150166,0.2362735361366597,0.1332210454714318,0,0.0,0.0
16,13,19,0.43377778771150166,0.2362735361366597,0.14040778969986686,0,0.0,0.0
16,14,0,0.43377778771150166,0.25219878313670924,0.0038596493596003397,0,0.0,0.0
16,14,1,0.43377778771150166,0.25219878313670924,0.01104639358803542,0,0.0,0.0
16,14,2,0.43377778771150166,0.25219878313670924,0.0182331378164705,0,0.0,0.0
16,14,3,0.43377778771150166,0.25219878313670924,0.02541988204490558,0,0.0,0.0
16,14,4,0.43377778771150166,0.25219878313670924,0.032606626273340655,0,0.0,0.0
16,14,5,0.43377778771150166,0.25219878313670924,0.03979337050177574,0,0.0,0.0
16,14,6,0.43377778771150166,0.25219878313670924,0.046980114730210826,0,0.0,0.0
16,14,7,0.43377778771150166,0.25219878313670924,0.0541668589586459,0,0.0,0.0
16,14,8,0.43377778771150166,0.25219878313670924,0.06135360318708098,0,0.0,0.0
16,14,9,0.43377778771150166,0.25219878313670924,0.06854034741551607,0,0.0,0.0
16,14,10,0.43377778771150166,0.25219878313670924,0.07572709164395114,0,0.0,0.0
16,14,11,0.43377778771150166,0.25219878313670924,0.08291383587238624,0,0.0,0.0
16,14,12,0.43377778771150166,0.25219878313670924,0.09010058010082131,0,0.0,0.0
16,14,13,0.43377778771150166,0.25219878313670924,0.09728732432925638,0,0.0,0.0
16,14,14,0.43377778771150166,0.25219878313670924,0.10447406855769147,0,0.0,0.0
16,14,15,0.43377778771150166,0.25219878313670924,0.11166081278612655,0,0.0,0.0
16,14,16,0.43377778771150166,0.25219878313670924,0.11884755701456162,0,0.0,0.0
16,14,17,0.43377778771150166,0.25219878313670924,0.12603430124299672,0,0.0,0.0
16,14,18,0.43377778771150166,0.25219878313670924,0.1332210454714318,0,0.0,0.0
16,14,19,0.43377778771150166,0.25219878313670924,0.14040778969986686,0,0.0,0.0
16,15,0,0.43377778771150166,0.2681240301367588,0.0038596493596003397,0,0.0,0.0
16,15,1,0.43377778771150166,0.2681240301367588,0.01104639358803542,0,0.0,0.0
16,15,2,0.43377778771150166,0.2681240301367588,0.0182331378164705,0,0.0,0.0
16,15,3,0.43377778771150166,0.2681240301367588,0.02541988204490558,0,0.0,0.0
16,15,4,0.43377778771150166,0.2681240301367588,0.032606626273340655,0,0.0,0.0
16,15,5,0.43377778771150166,0.2681240301367588,0.03979337050177574,0,0.0,0.0
16,15,6,0.43377778771150166,0.2681240301367588,0.046980114730210826,0,0.0,0.0
16,15,7,0.43377778771150166,0.2681240301367588,0.0541668589586459,0,0.0,0.0
16,15,8,0.43377778771150166,0.2681240301367588,0.06135360318708098,0,0.0,0.0
16,15,9,0.43377778771150166,0.2681240301367588,0.06854034741551607,0,0.0,0.0
16,15,10,0.43377778771150166,0.2681240301367588,0.07572709164395114,0,0.0,0.0
16,15,11,0.43377778771150166,0.2681240301367588,0.08291383587238624,0,0.0,0.0
16,15,12,0.43377778771150166,0.2681240301367588,0.09010058010082131,0,0.0,0.0
16,15,13,0.43377778771150166,0.2681240301367588,0.09728732432925638,0,0.0,0.0
16,15,14,0.43377778771150166,0.2681240301367588,0.10447406855769147,0,0.0,0.0
16,15,15,0.43377778771150166,0.2681240301367588,0.11166081278612655,0,0.0,0.0
16,15,16,0.43377778771150166,0.2681240301367588,0.11884755701456162,0,0.0,0.0
16,15,17,0.43377778771150166,0.2681240301367588,0.12603430124299672,0,0.0,0.0
16,15,18,0.43377778771150166,0.2681240301367588,0.1332210454714318,0,0.0,0.0
16,15,19,0.43377778771150166,0.2681240301367588,0.14040778969986686,0,0.0,0.0
16,16,0,0.43377778771150166,0.2840492771368084,0.0038596493596003397,0,0.0,0.0
16,16,1,0.43377778771150166,0.2840492771368084,0.01104639358803542,0,0.0,0.0
16,16,2,0.43377778771150166,0.2840492771368084,0.0182331378164705,0,0.0,0.0
16,16,3,0.43377778771150166,0.2840492771368084,0.02541988204490558,0,0.0,0.0
16,16,4,0.43377778771150166,0.2840492771368084,0.032606626273340655,0,0.0,0.0
16,16,5,0.43377778771150166,0.2840492771368084,0.03979337050177574,0,0.0,0.0
16,16,6,0.43377778771150166,0.2840492771368084,0.046980114730210826,0,0.0,0.0
16,16,7,0.43377778771150166,0.2840492771368084,0.0541668589586459,0,0.0,0.0
16,16,8,0.43377778771150166,0.2840492771368084,0.06135360318708098,0,0.0,0.0
16,16,9,0.43377778771150166,0.2840492771368084,0.06854034741551607,0,0.0,0.0
16,16,10,0.43377778771150166,0.2840492771368084,0.07572709164395114,0,0.0,0.0
16,16,11,0.43377778771150166,0.2840492771368084,0.08291383587238624,0,0.0,0.0
16,16,12,0.43377778771150166,0.2840492771368084,0.09010058010082131,0,0.0,0.0
16,16,13,0.43377778771150166,0.2840492771368084,0.09728732432925638,0,0.0,0.0
16,16,14,0.43377778771150166,0.2840492771368084,0.10447406855769147,0,0.0,0.0
16,16,15,0.43377778771150166,0.2840492771368084,0.11166081278612655,0,0.0,0.0
16,16,16,0.43377778771150166,0.2840492771368084,0.11884755701456162,0,0.0,0.0
16,16,17,0.43377778771150166,0.2840492771368084,0.12603430124299672,0,0.0,0.0
16,16,18,0.43377778771150166,0.2840492771368084,0.1332210454714318,0,0.0,0.0
16,16,19,0.43377778771150166,0.2840492771368084,0.14040778969986686,0,0.0,0.0
16,17,0,0.43377778771150166,0.2999745241368579,0.0038596493596003397,0,0.0,0.0
16,17,1,0.43377778771150166,0.2999745241368579,0.01104639358803542,0,0.0,0.0
16,17,2,0.43377778771150166,0.2999745241368579,0.0182331378164705,0,0.0,0.0
16,17,3,0.43377778771150166,0.2999745241368579,0.02541988204490558,0,0.0,0.0
16,17,4,0.43377778771150166,0.2999745241368579,0.032606626273340655,0,0.0,0.0
16,17,5,0.43377778771150166,0.2999745241368579,0.03979337050177574,0,0.0,0.0
16,17,6,0.43377778771150166,0.2999745241368579,0.046980114730210826,0,0.0,0.0
16,17,7,0.43377778771150166,0.2999745241368579,0.0541668589586459,0,0.0,0.0
16,17,8,0.43377778771150166,0.2999745241368579,0.06135360318708098,0,0.0,0.0
16,17,9,0.43377778771150166,0.2999745241368579,0.06854034741551607,0,0.0,0.0
16,17,10,0.43377778771150166,0.2999745241368579,0.07572709164395114,0,0.0,0.0
16,17,11,0.43377778771150166,0.2999745241368579,0.08291383587238624,0,0.0,0.0
16,17,12,0.43377778771150166,0.2999745241368579,0.09010058010082131,0,0.0,0.0
16,17,13,0.43377778771150166,0.2999745241368579,0.09728732432925638,0,0.0,0.0
16,17,14,0.43377778771150166,0.2999745241368579,0.10447406855769147,0,0.0,0.0
16,17,15,0.43377778771150166,0.2999745241368579,0.11166081278612655,0,0.0,0.0
16,17,16,0.43377778771150166,0.2999745241368579,0.11884755701456162,0,0.0,0.0
16,17,17,0.43377778771150166,0.2999745241368579,0.12603430124299672,0,0.0,0.0
16,17,18,0.43377778771150166,0.2999745241368579,0.1332210454714318,0,0.0,0.0
16,17,19,0.43377778771150166,0.2999745241368579,0.14040778969986686,0,0.0,0.0
16,18,0,0.43377778771150166,0.3158997711369075,0.0038596493596003397,0,0.0,0.0
16,18,1,0.43377778771150166,0.3158997711369075,0.01104639358803542,0,0.0,0.0
16,18,2,0.43377778771150166,0.3158997711369075,0.0182331378164705,0,0.0,0.0
16,18,3,0.43377778771150166,0.3158997711369075,0.02541988204490558,0,0.0,0.0
16,18,4,0.43377778771150166,0.3158997711369075,0.032606626273340655,0,0.0,0.0
16,18,5,0.43377778771150166,0.3158997711369075,0.03979337050177574,0,0.0,0.0
16,18,6,0.43377778771150166,0.3158997711369075,0.046980114730210826,0,0.0,0.0
16,18,7,0.43377778771150166,0.3158997711369075,0.0541668589586459,0,0.0,0.0
16,18,8,0.43377778771150166,0.3158997711369075,0.06135360318708098,0,0.0,0.0
16,18,9,0.43377778771150166,0.3158997711369075,0.06854034741551607,0,0.0,0.0
16,18,10,0.43377778771150166,0.3158997711369075,0.07572709164395114,0,0.0,0.0
16,18,11,0.43377778771150166,0.3158997711369075,0.08291383587238624,0,0.0,0.0
16,18,12,0.43377778771150166,0.3158997711369075,0.09010058010082131,0,0.0,0.0
16,18,13,0.43377778771150166,0.3158997711369075,0.09728732432925638,0,0.0,0.0
16,18,14,0.43377778771150166,0.3158997711369075,0.10447406855769147,0,0.0,0.0
16,18,15,0.43377778771150166,0.3158997711369075,0.11166081278612655,0,0.0,0.0
16,18,16,0.43377778771150166,0.3158997711369075,0.11884755701456162,0,0.0,0.0
16,18,17,0.43377778771150166,0.3158997711369075,0.12603430124299672,0,0.0,0.0
16,18,18,0.43377778771150166,0.3158997711369075,0.1332210454714318,0,0.0,0.0
16,18,19,0.43377778771150166,0.3158997711369075,0.14040778969986686,0,0.0,0.0
16,19,0,0.43377778771150166,0.331825018136957,0.0038596493596003397,0,0.0,0.0
16,19,1,0.43377778771150166,0.331825018136957,0.01104639358803542,0,0.0,0.0
16,19,2,0.43377778771150166,0.331825018136957,0.0182331378164705,0,0.0,0.0
16,19,3,0.43377778771150166,0.331825018136957,0.02541988204490558,0,0.0,0.0
16,19,4,0.43377778771150166,0.331825018136957,0.032606626273340655,0,0.0,0.0
16,19,5,0.43377778771150166,0.331825018136957,0.03979337050177574,0,0.0,0.0
16,19,6,0.43377778771150166,0.331825018136957,0.046980114730210826,0,0.0,0.0
16,19,7,0.43377778771150166,0.331825018136957,0.0541668589586459,0,0.0,0.0
16,19,8,0.43377778771150166,0.331825018136957,0.06135360318708098,0,0.0,0.0
16,19,9,0.43377778771150166,0.331825018136957,0.06854034741551607,0,0.0,0.0
16,19,10,0.43377778771150166,0.331825018136957,0.07572709164395114,0,0.0,0.0
16,19,11,0.43377778771150166,0.331825018136957,0.08291383587238624,0,0.0,0.0
16,19,12,0.43377778771150166,0.331825018136957,0.09010058010082131,0,0.0,0.0
16,19,13,0.43377778771150166,0.331825018136957,0.09728732432925638,0,0.0,0.0
16,19,14,0.43377778771150166,0.331825018136957,0.10447406855769147,0,0.0,0.0
16,19,15,0.43377778771150166,0.331825018136957,0.11166081278612655,0,0.0,0.0
16,19,16,0.43377778771150166,0.331825018136957,0.11884755701456162,0,0.0,0.0
16,19,17,0.43377778771150166,0.331825018136957,0.12603430124299672,0,0.0,0.0
16,19,18,0.43377778771150166,0.331825018136957,0.1332210454714318,0,0.0,0.0
16,19,19,0.43377778771150166,0.331825018136957,0.14040778969986686,0,0.0,0.0
17,0,0,0.5008735798664898,0.029245325136015476,0.0038596493596003397,27,0.0027,0.0053738166218423675
17,0,1,0.5008735798664898,0.029245325136015476,0.01104639358803542,15,0.0015,0.004893324282261231
17,0,2,0.5008735798664898,0.029245325136015476,0.0182331378164705,3,0.0003,0.003123128725351338
17,0,3,0.5008735798664898,0.029245325136015476,0.02541988204490558,0,0.0,0.0020088827080432066
17,0,4,0.5008735798664898,0.029245325136015476,0.032606626273340655,0,0.0,0.001217860805082091
17,0,5,0.5008735798664898,0.029245325136015476,0.03979337050177574,0,0.0,0.0005402769291927702
17,0,6,0.5008735798664898,0.029245325136015476,0.046980114730210826,0,0.0,0.0001596749146162723
17,0,7,0.5008735798664898,0.029245325136015476,0.0541668589586459,0,0.0,3.889063819914477e-05
17,0,8,0.5008735798664898,0.029245325136015476,0.06135360318708098,0,0.0,9.725659325539443e-06
17,0,9,0.5008735798664898,0.029245325136015476,0.06854034741551607,0,0.0,2.281677795735655e-06
17,0,10,0.5008735798664898,0.029245325136015476,0.07572709164395114,0,0.0,3.896020319474104e-07
17,0,11,0.5008735798664898,0.029245325136015476,0.08291383587238624,0,0.0,4.057461355924958e-08
17,0,12,0.5008735798664898,0.029245325136015476,0.09010058010082131,0,0.0,3.141280137191458e-09
17,0,13,0.5008735798664898,0.029245325136015476,0.09728732432925638,0,0.0,2.974722044572931e-10
17,0,14,0.5008735798664898,0.029245325136015476,0.10447406855769147,0,0.0,2.0930040430396066e-11
17,0,15,0.5008735798664898,0.029245325136015476,0.11166081278612655,0,0.0,6.320324559212982e-13
17,0,16,0.5008735798664898,0.029245325136015476,0.11884755701456162,0,0.0,0.0
17,0,17,0.5008735798664898,0.029245325136015476,0.12603430124299672,0,0.0,0.0
17,0,18,0.5008735798664898,0.029245325136015476,0.1332210454714318,0,0.0,0.0
17,0,19,0.5008735798664898,0.029245325136015476,0.14040778969986686,0,0.0,0.0
17,1,0,0.5008735798664898,0.045170572136065026,0.0038596493596003397,15,0.0015,0.003967973440346591
17,1,1,0.5008735798664898,0.045170572136065026,0.01104639358803542,18,0.0018,0.00426032006093318
17,1,2,0.5008735798664898,0.045170572136065026,0.0182331378164705,40,0.004,0.003690120730846495
17,1,3,0.5008735798664898,0.045170572136065026,0.02541988204490558,48,0.0048,0.0031336857042265132
17,1,4,0.5008735798664898,0.045170572136065026,0.032606626273340655,43,0.0043,0.0022404025708400075
17,1,5,0.5008735798664898,0.045170572136065026,0.03979337050177574,1,0.0001,0.0011610170130639751
17,1,6,0.5008735798664898,0.045170572136065026,0.046980114730210826,0,0.0,0.00044774716140582216
17,1,7,0.5008735798664898,0.045170572136065026,0.0541668589586459,0,0.0,0.00015095456300799002
17,1,8,0.5008735798664898,0.045170572136065026,0.06135360318708098,0,0.0,4.6459725890503003e-05
17,1,9,0.5008735798664898,0.045170572136065026,0.06854034741551607,0,0.0,1.2681539343868143e-05
17,1,10,0.5008735798664898,0.045170572136065026,0.07572709164395114,0,0.0,2.673271059058789e-06
17,1,11,0.5008735798664898,0.045170572136065026,0.08291383587238624,0,0.0,3.9599583420991353e-07
17,1,12,0.5008735798664898,0.045170572136065026,0.09010058010082131,0,0.0,5.963134463349362e-08
17,1,13,0.5008735798664898,0.045170572136065026,0.09728732432925638,0,0.0,1.0393322800489924e-08
17,1,14,0.5008735798664898,0.045170572136065026,0.10447406855769147,0,0.0,2.634695726941242e-09
17,1,15,0.5008735798664898,0.045170572136065026,0.11166081278612655,0,0.0,1.1683416513220828e-09
17,1,16,0.5008735798664898,0.045170572136065026,0.11884755701456162,0,0.0,2.5512111664368837e-10
17,1,17,0.5008735798664898,0.045170572136065026,0.12603430124299672,0,0.0,2.0930040430396066e-11
17,1,18,0.5008735798664898,0.045170572136065026,0.1332210454714318,0,0.0,6.320324559212982e-13
17,1,19,0.5008735798664898,0.045170572136065026,0.14040778969986686,0,0.0,0.0
17,2,0,0.5008735798664898,0.06109581913611459,0.0038596493596003397,0,0.0,0.0013823114164521863
17,2,1,0.5008735798664898,0.06109581913611459,0.01104639358803542,1,0.0001,0.001923595242981948
17,2,2,0.5008735798664898,0.06109581913611459,0.0182331378164705,15,0.0015,0.0022909224036022718
17,2,3,0.5008735798664898,0.06109581913611459,0.02541988204490558,10,0.001,0.0023860611218891594
17,2,4,0.5008735798664898,0.06109581913611459,0.032606626273340655,11,0.0011,0.001986365105187972
17,2,5,0.5008735798664898,0.06109581913611459,0.03979337050177574,15,0.0015,0.0012741481624007846
17,2,6,0.5008735798664898,0.06109581913611459,0.046980114730210826,9,0.0009,0.0006494275961865432
17,2,7,0.5008735798664898,0.06109581913611459,0.0541668589586459,3,0.0003,0.00027196565114628385
17,2,8,0.5008735798664898,0.06109581913611459,0.06135360318708098,0,0.0,9.77973634073971e-05
17,2,9,0.5008735798664898,0.06109581913611459,0.06854034741551607,0,0.0,3.2811682491892104e-05
17,2,10,0.5008735798664898,0.06109581913611459,0.07572709164395114,0,0.0,9.140852916372965e-06
17,2,11,0.5008735798664898,0.06109581913611459,0.08291383587238624,0,0.0,2.1254919224314103e-06
17,2,12,0.5008735798664898,0.06109581913611459,0.09010058010082131,0,0.0,5.87343194254579e-07
17,2,13,0.5008735798664898,0.06109581913611459,0.09728732432925638,0,0.0,1.5429676754788642e-07
17,2,14,0.5008735798664898,0.06109581913611459,0.10447406855769147,0,0.0,7.322989211774295e-08
17,2,15,0.5008735798664898,0.06109581913611459,0.11166081278612655,0,0.0,3.872786311162312e-08
17,2,16,0.5008735798664898,0.06109581913611459,0.11884755701456162,0,0.0,1.0338225448037191e-08
17,2,17,0.5008735798664898,0.06109581913611459,0.12603430124299672,0,0.0,3.799784515848451e-09
17,2,18,0.5008735798664898,0.06109581913611459,0.1332210454714318,0,0.0,1.905003814056818e-09
17,2,19,0.5008735798664898,0.06109581913611459,0.14040778969986686,0,0.0,4.20391099868531e-10
17,3,0,0.5008735798664898,0.07702106613616413,0.0038596493596003397,0,0.0,0.0002730054038766147
17,3,1,0.5008735798664898,0.07702106613616413,0.01104639358803542,0,0.0,0.0005170801606373851
17,3,2,0.5008735798664898,0.07702106613616413,0.0182331378164705,0,0.0,0.0008179429596482684
17,3,3,0.5008735798664898,0.07702106613616413,0.02541988204490558,5,0.0005,0.0010334574813147205
17,3,4,0.5008735798664898,0.07702106613616413,0.032606626273340655,12,0.0012,0.0010429325097768955
17,3,5,0.5008735798664898,0.07702106613616413,0.03979337050177574,11,0.0011,0.0008331755948788345
17,3,6,0.5008735798664898,0.07702106613616413,0.046980114730210826,3,0.0003,0.0005102798127831673
17,3,7,0.5008735798664898,0.07702106613616413,0.0541668589586459,1,0.0001,0.00024277961102380958
17,3,8,0.5008735798664898,0.07702106613616413,0.06135360318708098,1,0.0001,0.00010232685934642678
17,3,9,0.5008735798664898,0.07702106613616413,0.06854034741551607,0,0.0,4.319970086318773e-05
17,3,10,0.5008735798664898,0.07702106613616413,0.07572709164395114,0,0.0,1.6381529779706647e-05
17,3,11,0.5008735798664898,0.07702106613616413,0.08291383587238624,0,0.0,6.371555625139331e-06
17,3,12,0.5008735798664898,0.07702106613616413,0.09010058010082131,0,0.0,2.7186789073515667e-06
17,3,13,0.5008735798664898,0.07702106613616413,0.09728732432925638,0,0.0,1.1015244366071059e-06
17,3,14,0.5008735798664898,0.07702106613616413,0.10447406855769147,0,0.0,8.373464908610046e-07
17,3,15,0.5008735798664898,0.07702106613616413,0.11166081278612655,0,0.0,4.797989138167505e-07
17,3,16,0.5008735798664898,0.07702106613616413,0.11884755701456162,0,0.0,1.6550393651792531e-07
17,3,17,0.5008735798664898,0.07702106613616413,0.12603430124299672,0,0.0,1.113227862033306e-07
17,3,18,0.5008735798664898,0.07702106613616413,0.1332210454714318,0,0.0,6.264693462829848e-08
17,3,19,0.5008735798664898,0.07702106613616413,0.14040778969986686,0,0.0,1.392144127155816e-08
17,4,0,0.5008735798664898,0.09294631313621368,0.0038596493596003397,0,0.0,3.709232552706462e-05
17,4,1,0.5008735798664898,0.09294631313621368,0.01104639358803542,0,0.0,9.375722075679001e-05
17,4,2,0.5008735798664898,0.09294631313621368,0.0182331378164705,0,0.0,0.00019030017686851288
17,4,3,0.5008735798664898,0.09294631313621368,0.02541988204490558,0,0.0,0.0002979838374407768
17,4,4,0.5008735798664898,0.09294631313621368,0.032606626273340655,0,0.0,0.0003671426656813767
17,4,5,0.5008735798664898,0.09294631313621368,0.03979337050177574,0,0.0,0.00034224057898405845
17,4,6,0.5008735798664898,0.09294631313621368,0.046980114730210826,1,0.0001,0.00023197344297077452
17,4,7,0.5008735798664898,0.09294631313621368,0.0541668589586459,1,0.0001,0.00012358985929818104
17,4,8,0.5008735798664898,0.09294631313621368,0.06135360318708098,0,0.0,6.0477055771597434e-05
17,4,9,0.5008735798664898,0.09294631313621368,0.06854034741551607,0,0.0,3.118949011995616e-05
17,4,10,0.5008735798664898,0.09294631313621368,0.07572709164395114,0,0.0,1.7380229434315194e-05
17,4,11,0.5008735798664898,0.09294631313621368,0.08291383587238624,0,0.0,1.0913592781307134e-05
17,4,12,0.5008735798664898,0.09294631313621368,0.09010058010082131,0,0.0,6.509905696757831e-06
17,4,13,0.5008735798664898,0.09294631313621368,0.09728732432925638,0,0.0,4.100069956704482e-06
17,4,14,0.5008735798664898,0.09294631313621368,0.10447406855769147,0,0.0,3.7703626383583895e-06
17,4,15,0.5008735798664898,0.09294631313621368,0.11166081278612655,0,0.0,2.2684160179742668e-06
17,4,16,0.5008735798664898,0.09294631313621368,0.11884755701456162,0,0.0,1.2236591922347368e-06
17,4,17,0.5008735798664898,0.09294631313621368,0.12603430124299672,0,0.0,1.2911652609116836e-06
17,4,18,0.5008735798664898,0.09294631313621368,0.1332210454714318,0,0.0,7.612323508330304e-07
17,4,19,0.5008735798664898,0.09294631313621368,0.14040778969986686,0,0.0,1.695978742150454e-07
17,5,0,0.5008735798664898,0.10887156013626324,0.0038596493596003397,0,0.0,3.7082518972220154e-06
17,5,1,0.5008735798664898,0.10887156013626324,0.01104639358803542,0,0.0,1.139168213011442e-05
17,5,2,0.5008735798664898,0.10887156013626324,0.0182331378164705,0,0.0,2.814325230788874e-05
17,5,3,0.5008735798664898,0.10887156013626324,0.02541988204490558,0,0.0,5.412992382931075e-05
17,5,4,0.5008735798664898,0.10887156013626324,0.032606626273340655,0,0.0,7.983405596026842e-05
17,5,5,0.5008735798664898,0.10887156013626324,0.03979337050177574,0,0.0,8.421839663992797e-05
17,5,6,0.5008735798664898,0.10887156013626324,0.046980114730210826,0,0.0,6.287350657201711e-05
17,5,7,0.5008735798664898,0.10887156013626324,0.0541668589586459,0,0.0,3.83549319693286e-05
17,5,8,0.5008735798664898,0.10887156013626324,0.06135360318708098,0,0.0,2.1481394579821108e-05
17,5,9,0.5008735798664898,0.10887156013626324,0.06854034741551607,0,0.0,1.4469817427994615e-05
17,5,10,0.5008735798664898,0.10887156013626324,0.07572709164395114,0,0.0,1.3147951644056365e-05
17,5,11,0.5008735798664898,0.10887156013626324,0.08291383587238624,0,0.0,1.2224752353481593e-05
17,5,12,0.5008735798664898,0.10887156013626324,0.09010058010082131,0,0.0,1.062328961218047e-05
17,5,13,0.5008735798664898,0.10887156013626324,0.09728732432925638,0,0.0,8.14624300497761e-06
17,5,14,0.5008735798664898,0.10887156013626324,0.10447406855769147,0,0.0,6.710757654805177e-06
17,5,15,0.5008735798664898,0.10887156013626324,0.11166081278612655,0,0.0,4.281847458646279e-06
17,5,16,0.5008735798664898,0.10887156013626324,0.11884755701456162,0,0.0,4.177297538118576e-06
17,5,17,0.5008735798664898,0.10887156013626324,0.12603430124299672,0,0.0,5.679394934803139e-06
17,5,18,0.5008735798664898,0.10887156013626324,0.1332210454714318,0,0.0,3.4083693568784105e-06
17,5,19,0.5008735798664898,0.10887156013626324,0.14040778969986686,0,0.0,7.600849392221388e-07
17,6,0,0.5008735798664898,0.1247968071363128,0.0038596493596003397,0,0.0,2.309377751887898e-07
17,6,1,0.5008735798664898,0.1247968071363128,0.01104639358803542,0,0.0,7.820064397659279e-07
17,6,2,0.5008735798664898,0.1247968071363128,0.0182331378164705,0,0.0,2.303448621658817e-06
17,6,3,0.5008735798664898,0.1247968071363128,0.02541988204490558,0,0.0,5.476296422021947e-06
17,6,4,0.5008735798664898,0.1247968071363128,0.032606626273340655,0,0.0,9.648644816899304e-06
17,6,5,0.5008735798664898,0.1247968071363128,0.03979337050177574,0,0.0,1.1448644883534568e-05
17,6,6,0.5008735798664898,0.1247968071363128,0.046980114730210826,0,0.0,9.442899447113415e-06
17,6,7,0.5008735798664898,0.1247968071363128,0.0541668589586459,0,0.0,6.6485131492974866e-06
17,6,8,0.5008735798664898,0.1247968071363128,0.06135360318708098,0,0.0,4.618893072553951e-06
17,6,9,0.5008735798664898,0.1247968071363128,0.06854034741551607,0,0.0,5.017664027355608e-06
17,6,10,0.5008735798664898,0.1247968071363128,0.07572709164395114,0,0.0,7.1899188533592056e-06
17,6,11,0.5008735798664898,0.1247968071363128,0.08291383587238624,0,0.0,9.834805814698926e-06
17,6,12,0.5008735798664898,0.1247968071363128,0.09010058010082131,1,0.0001,1.1596551859397393e-05
17,6,13,0.5008735798664898,0.1247968071363128,0.09728732432925638,0,0.0,8.363875011283678e-06
17,6,14,0.5008735798664898,0.1247968071363128,0.10447406855769147,0,0.0,4.978238416621397e-06
17,6,15,0.5008735798664898,0.1247968071363128,0.11166081278612655,0,0.0,3.4932499279806285e-06
17,6,16,0.5008735798664898,0.1247968071363128,0.11884755701456162,0,0.0,6.094607790271836e-06
17,6,17,0.5008735798664898,0.1247968071363128,0.12603430124299672,1,0.0001,9.298715324017428e-06
17,6,18,0.5008735798664898,0.1247968071363128,0.1332210454714318,0,0.0,5.617487505155151e-06
17,6,19,0.5008735798664898,0.1247968071363128,0.14040778969986686,0,0.0,1.2531682068343546e-06
17,7,0,0.5008735798664898,0.14072205413636235,0.0038596493596003397,0,0.0,7.777487744059735e-09
17,7,1,0.5008735798664898,0.14072205413636235,0.01104639358803542,0,0.0,2.751220722642334e-08
17,7,2,0.5008735798664898,0.14072205413636235,0.0182331378164705,0,0.0,9.94613299197173e-08
17,7,3,0.5008735798664898,0.14072205413636235,0.02541988204490558,0,0.0,2.9496444940600627e-07
17,7,4,0.5008735798664898,0.14072205413636235,0.032606626273340655,0,0.0,6.016914308022731e-07
17,7,5,0.5008735798664898,0.14072205413636235,0.03979337050177574,0,0.0,7.757795702711612e-07
17,7,6,0.5008735798664898,0.14072205413636235,0.046980114730210826,0,0.0,6.95690919166742e-07
17,7,7,0.5008735798664898,0.14072205413636235,0.0541668589586459,0,0.0,5.828058286834075e-07
17,7,8,0.5008735798664898,0.14072205413636235,0.06135360318708098,0,0.0,6.185048798596378e-07
17,7,9,0.5008735798664898,0.14072205413636235,0.06854034741551607,0,0.0,1.2070668968552687e-06
17,7,10,0.5008735798664898,0.14072205413636235,0.07572709164395114,0,0.0,2.408591886361713e-06
17,7,11,0.5008735798664898,0.14072205413636235,0.08291383587238624,0,0.0,4.513913378785709e-06
17,7,12,0.5008735798664898,0.14072205413636235,0.09010058010082131,0,0.0,6.1415880881354945e-06
17,7,13,0.5008735798664898,0.14072205413636235,0.09728732432925638,0,0.0,4.035425494811077e-06
17,7,14,0.5008735798664898,0.14072205413636235,0.10447406855769147,0,0.0,1.6691086650983367e-06
17,7,15,0.5008735798664898,0.14072205413636235,0.11166081278612655,0,0.0,1.32323872310869e-06
17,7,16,0.5008735798664898,0.14072205413636235,0.11884755701456162,0,0.0,3.519715412078651e-06
17,7,17,0.5008735798664898,0.14072205413636235,0.12603430124299672,0,0.0,5.625447144571632e-06
17,7,18,0.5008735798664898,0.14072205413636235,0.1332210454714318,0,0.0,3.4067402747720025e-06
17,7,19,0.5008735798664898,0.14072205413636235,0.14040778969986686,0,0.0,7.600849392221388e-07
17,8,0,0.5008735798664898,0.1566473011364119,0.0038596493596003397,0,0.0,1.2515400862206744e-10
17,8,1,0.5008735798664898,0.1566473011364119,0.01104639358803542,0,0.0,4.298245369416598e-10
17,8,2,0.5008735798664898,0.1566473011364119,0.0182331378164705,0,0.0,2.0100653208380867e-09
17,8,3,0.5008735798664898,0.1566473011364119,0.02541988204490558,0,0.0,7.512957333912444e-09
17,8,4,0.5008735798664898,0.1566473011364119,0.032606626273340655,0,0.0,1.722778060683077e-08
17,8,5,0.5008735798664898,0.1566473011364119,0.03979337050177574,0,0.0,2.3644016093343572e-08
17,8,6,0.5008735798664898,0.1566473011364119,0.046980114730210826,0,0.0,2.3413507190065497e-08
17,8,7,0.5008735798664898,0.1566473011364119,0.0541668589586459,0,0.0,2.601441821810836e-08
17,8,8,0.5008735798664898,0.1566473011364119,0.06135360318708098,0,0.0,5.321965720377135e-08
17,8,9,0.5008735798664898,0.1566473011364119,0.06854034741551607,0,0.0,1.6663598273738773e-07
17,8,10,0.5008735798664898,0.1566473011364119,0.07572709164395114,0,0.0,4.0777201996392643e-07
17,8,11,0.5008735798664898,0.1566473011364119,0.08291383587238624,0,0.0,9.123824852484731e-07
17,8,12,0.5008735798664898,0.1566473011364119,0.09010058010082131,0,0.0,1.3099822133673376e-06
17,8,13,0.5008735798664898,0.1566473011364119,0.09728732432925638,0,0.0,8.180680751431324e-07
17,8,14,0.5008735798664898,0.1566473011364119,0.10447406855769147,0,0.0,2.61815143975237e-07
17,8,15,0.5008735798664898,0.1566473011364119,0.11166081278612655,0,0.0,2.2996078255497771e-07
17,8,16,0.5008735798664898,0.1566473011364119,0.11884755701456162,0,0.0,7.708378436014175e-07
17,8,17,0.5008735798664898,0.1566473011364119,0.12603430124299672,0,0.0,1.2540159678256136e-06
17,8,18,0.5008735798664898,0.1566473011364119,0.1332210454714318,0,0.0,7.601105393858423e-07
17,8,19,0.5008735798664898,0.1566473011364119,0.14040778969986686,0,0.0,1.695978742150454e-07
17,9,0,0.5008735798664898,0.17257254813646145,0.0038596493596003397,0,0.0,2.0653503793883863e-12
17,9,1,0.5008735798664898,0.17257254813646145,0.01104639358803542,0,0.0,6.035533148387054e-12
17,9,2,0.5008735798664898,0.17257254813646145,0.0182331378164705,0,0.0,1.88429523909415e-11
17,9,3,0.5008735798664898,0.17257254813646145,0.02541988204490558,0,0.0,6.12256522167589e-11
17,9,4,0.5008735798664898,0.17257254813646145,0.032606626273340655,0,0.0,1.3513174072047372e-10
17,9,5,0.5008735798664898,0.17257254813646145,0.03979337050177574,0,0.0,1.926521229383363e-10
17,9,6,0.5008735798664898,0.17257254813646145,0.046980114730210826,0,0.0,2.4340307135409335e-10
17,9,7,0.5008735798664898,0.17257254813646145,0.0541668589586459,0,0.0,5.401251110913312e-10
17,9,8,0.5008735798664898,0.17257254813646145,0.06135360318708098,0,0.0,2.631066399041238e-09
17,9,9,0.5008735798664898,0.17257254813646145,0.06854034741551607,0,0.0,1.0995403170794401e-08
17,9,10,0.5008735798664898,0.17257254813646145,0.07572709164395114,0,0.0,2.984230706769212e-08
17,9,11,0.5008735798664898,0.17257254813646145,0.08291383587238624,0,0.0,7.22713917545335e-08
17,9,12,0.5008735798664898,0.17257254813646145,0.09010058010082131,0,0.0,1.0583551863117304e-07
17,9,13,0.5008735798664898,0.17257254813646145,0.09728732432925638,0,0.0,6.469249160339853e-08
17,9,14,0.5008735798664898,0.17257254813646145,0.10447406855769147,0,0.0,1.815318234864336e-08
17,9,15,0.5008735798664898,0.17257254813646145,0.11166081278612655,0,0.0,1.6904702118434657e-08
17,9,16,0.5008735798664898,0.17257254813646145,0.11884755701456162,0,0.0,6.283585335248644e-08
17,9,17,0.5008735798664898,0.17257254813646145,0.12603430124299672,0,0.0,1.0289993528517216e-07
17,9,18,0.5008735798664898,0.17257254813646145,0.1332210454714318,0,0.0,6.239258656961383e-08
17,9,19,0.5008735798664898,0.17257254813646145,0.14040778969986686,0,0.0,1.392144127155816e-08
17,10,0,0.5008735798664898,0.188497795136511,0.0038596493596003397,0,0.0,0.0
17,10,1,0.5008735798664898,0.188497795136511,0.01104639358803542,0,0.0,3.495672727962196e-16
17,10,2,0.5008735798664898,0.188497795136511,0.0182331378164705,0,0.0,1.1925645501410522e-14
17,10,3,0.5008735798664898,0.188497795136511,0.02541988204490558,0,0.0,1.5260158133733902e-13
17,10,4,0.5008735798664898,0.188497795136511,0.032606626273340655,0,0.0,7.730579590300229e-13
17,10,5,0.5008735798664898,0.188497795136511,0.03979337050177574,0,0.0,1.674077809771584e-12
17,10,6,0.5008735798664898,0.188497795136511,0.046980114730210826,0,0.0,1.8151033128803087e-12
17,10,7,0.5008735798664898,0.188497795136511,0.0541668589586459,0,0.0,5.4431812321774096e-12
17,10,8,0.5008735798664898,0.188497795136511,0.06135360318708098,0,0.0,5.8088395506046404e-11
17,10,9,0.5008735798664898,0.188497795136511,0.06854034741551607,0,0.0,2.894998196402888e-10
17,10,10,0.5008735798664898,0.188497795136511,0.07572709164395114,0,0.0,8.407941253825634e-10
17,10,11,0.5008735798664898,0.188497795136511,0.08291383587238624,0,0.0,2.1394256357512223e-09
17,10,12,0.5008735798664898,0.188497795136511,0.09010058010082131,0,0.0,3.167857292263739e-09
17,10,13,0.5008735798664898,0.188497795136511,0.09728732432925638,0,0.0,1.910704406605587e-09
17,10,14,0.5008735798664898,0.188497795136511,0.10447406855769147,0,0.0,4.89547731080055e-10
17,10,15,0.5008735798664898,0.188497795136511,0.11166081278612655,0,0.0,4.758289431531347e-10
17,10,16,0.5008735798664898,0.188497795136511,0.11884755701456162,0,0.0,1.889774366175191e-09
17,10,17,0.5008735798664898,0.188497795136511,0.12603430124299672,0,0.0,3.1066767674821827e-09
17,10,18,0.5008735798664898,0.188497795136511,0.1332210454714318,0,0.0,1.884073773626422e-09
17,10,19,0.5008735798664898,0.188497795136511,0.14040778969986686,0,0.0,4.20391099868531e-10
17,11,0,0.5008735798664898,0.20442304213656057,0.0038596493596003397,0,0.0,0.0
17,11,1,0.5008735798664898,0.20442304213656057,0.01104639358803542,0,0.0,0.0
17,11,2,0.5008735798664898,0.20442304213656057,0.0182331378164705,0,0.0,0.0
17,11,3,0.5008735798664898,0.20442304213656057,0.02541988204490558,0,0.0,0.0
17,11,4,0.5008735798664898,0.20442304213656057,0.032606626273340655,0,0.0,0.0
17,11,5,0.5008735798664898,0.20442304213656057,0.03979337050177574,0,0.0,0.0
17,11,6,0.5008735798664898,0.20442304213656057,0.046980114730210826,0,0.0,0.0
17,11,7,0.5008735798664898,0.20442304213656057,0.0541668589586459,0,0.0,0.0
17,11,8,0.5008735798664898,0.20442304213656057,0.06135360318708098,0,0.0,0.0
17,11,9,0.5008735798664898,0.20442304213656057,0.06854034741551607,0,0.0,0.0
17,11,10,0.5008735798664898,0.20442304213656057,0.07572709164395114,0,0.0,0.0
17,11,11,0.5008735798664898,0.20442304213656057,0.08291383587238624,0,0.0,0.0
17,11,12,0.5008735798664898,0.20442304213656057,0.09010058010082131,0,0.0,0.0
17,11,13,0.5008735798664898,0.20442304213656057,0.09728732432925638,0,0.0,0.0
17,11,14,0.5008735798664898,0.20442304213656057,0.10447406855769147,0,0.0,0.0
17,11,15,0.5008735798664898,0.20442304213656057,0.11166081278612655,0,0.0,0.0
17,11,16,0.5008735798664898,0.20442304213656057,0.11884755701456162,0,0.0,0.0
17,11,17,0.5008735798664898,0.20442304213656057,0.12603430124299672,0,0.0,0.0
17,11,18,0.5008735798664898,0.20442304213656057,0.1332210454714318,0,0.0,0.0
17,11,19,0.5008735798664898,0.20442304213656057,0.14040778969986686,0,0.0,0.0
17,12,0,0.5008735798664898,0.22034828913661011,0.0038596493596003397,0,0.0,0.0
17,12,1,0.5008735798664898,0.22034828913661011,0.01104639358803542,0,0.0,0.0
17,12,2,0.5008735798664898,0.22034828913661011,0.0182331378164705,0,0.0,0.0
17,12,3,0.5008735798664898,0.22034828913661011,0.02541988204490558,0,0.0,0.0
17,12,4,0.5008735798664898,0.22034828913661011,0.032606626273340655,0,0.0,0.0
17,12,5,0.5008735798664898,0.22034828913661011,0.03979337050177574,0,0.0,0.0
17,12,6,0.5008735798664898,0.22034828913661011,0.046980114730210826,0,0.0,0.0
17,12,7,0.5008735798664898,0.22034828913661011,0.0541668589586459,0,0.0,0.0
17,12,8,0.5008735798664898,0.22034828913661011,0.06135360318708098,0,0.0,0.0
17,12,9,0.5008735798664898,0.22034828913661011,0.06854034741551607,0,0.0,0.0
17,12,10,0.5008735798664898,0.22034828913661011,0.07572709164395114,0,0.0,0.0
17,12,11,0.5008735798664898,0.22034828913661011,0.08291383587238624,0,0.0,0.0
17,12,12,0.5008735798664898,0.22034828913661011,0.09010058010082131,0,0.0,0.0
17,12,13,0.5008735798664898,0.22034828913661011,0.09728732432925638,0,0.0,0.0
17,12,14,0.5008735798664898,0.22034828913661011,0.10447406855769147,0,0.0,0.0
17,12,15,0.5008735798664898,0.22034828913661011,0.11166081278612655,0,0.0,0.0
17,12,16,0.5008735798664898,0.22034828913661011,0.11884755701456162,0,0.0,0.0
17,12,17,0.5008735798664898,0.22034828913661011,0.12603430124299672,0,0.0,0.0
17,12,18,0.5008735798664898,0.22034828913661011,0.1332210454714318,0,0.0,0.0
17,12,19,0.5008735798664898,0.22034828913661011,0.14040778969986686,0,0.0,0.0
17,13,0,0.5008735798664898,0.2362735361366597,0.0038596493596003397,0,0.0,0.0
17,13,1,0.5008735798664898,0.2362735361366597,0.01104639358803542,0,0.0,0.0
17,13,2,0.5008735798664898,0.2362735361366597,0.0182331378164705,0,0.0,0.0
17,13,3,0.5008735798664898,0.2362735361366597,0.02541988204490558,0,0.0,0.0
17,13,4,0.5008735798664898,0.2362735361366597,0.032606626273340655,0,0.0,0.0
17,13,5,0.5008735798664898,0.2362735361366597,0.03979337050177574,0,0.0,0.0
17,13,6,0.5008735798664898,0.2362735361366597,0.046980114730210826,0,0.0,0.0
17,13,7,0.5008735798664898,0.2362735361366597,0.0541668589586459,0,0.0,0.0
17,13,8,0.5008735798664898,0.2362735361366597,0.06135360318708098,0,0.0,0.0
17,13,9,0.5008735798664898,0.2362735361366597,0.06854034741551607,0,0.0,0.0
17,13,10,0.5008735798664898,0.2362735361366597,0.07572709164395114,0,0.0,0.0
17,13,11,0.5008735798664898,0.2362735361366597,0.08291383587238624,0,0.0,0.0
17,13,12,0.5008735798664898,0.2362735361366597,0.09010058010082131,0,0.0,0.0
17,13,13,0.5008735798664898,0.2362735361366597,0.09728732432925638,0,0.0,0.0
17,13,14,0.5008735798664898,0.2362735361366597,0.10447406855769147,0,0.0,0.0
17,13,15,0.5008735798664898,0.2362735361366597,0.11166081278612655,0,0.0,0.0
17,13,16,0.5008735798664898,0.2362735361366597,0.11884755701456162,0,0.0,0.0
17,13,17,0.5008735798664898,0.2362735361366597,0.12603430124299672,0,0.0,0.0
17,13,18,0.5008735798664898,0.2362735361366597,0.1332210454714318,0,0.0,0.0
17,13,19,0.5008735798664898,0.2362735361366597,0.14040778969986686,0,0.0,0.0
17,14,0,0.5008735798664898,0.25219878313670924,0.0038596493596003397,0,0.0,0.0
17,14,1,0.5008735798664898,0.25219878313670924,0.01104639358803542,0,0.0,0.0
17,14,2,0.5008735798664898,0.25219878313670924,0.0182331378164705,0,0.0,0.0
17,14,3,0.5008735798664898,0.25219878313670924,0.02541988204490558,0,0.0,0.0
17,14,4,0.5008735798664898,0.25219878313670924,0.032606626273340655,0,0.0,0.0
17,14,5,0.5008735798664898,0.25219878313670924,0.03979337050177574,0,0.0,0.0
17,14,6,0.5008735798664898,0.25219878313670924,0.046980114730210826,0,0.0,0.0
17,14,7,0.5008735798664898,0.25219878313670924,0.0541668589586459,0,0.0,0.0
17,14,8,0.5008735798664898,0.25219878313670924,0.06135360318708098,0,0.0,0.0
17,14,9,0.5008735798664898,0.25219878313670924,0.06854034741551607,0,0.0,0.0
17,14,10,0.5008735798664898,0.25219878313670924,0.07572709164395114,0,0.0,0.0
17,14,11,0.5008735798664898,0.25219878313670924,0.08291383587238624,0,0.0,0.0
17,14,12,0.5008735798664898,0.25219878313670924,0.09010058010082131,0,0.0,0.0
17,14,13,0.5008735798664898,0.25219878313670924,0.09728732432925638,0,0.0,0.0
17,14,14,0.5008735798664898,0.25219878313670924,0.10447406855769147,0,0.0,0.0
17,14,15,0.5008735798664898,0.25219878313670924,0.11166081278612655,0,0.0,0.0
17,14,16,0.5008735798664898,0.25219878313670924,0.11884755701456162,0,0.0,0.0
17,14,17,0.5008735798664898,0.25219878313670924,0.12603430124299672,0,0.0,0.0
17,14,18,0.5008735798664898,0.25219878313670924,0.1332210454714318,0,0.0,0.0
17,14,19,0.5008735798664898,0.25219878313670924,0.14040778969986686,0,0.0,0.0
17,15,0,0.5008735798664898,0.2681240301367588,0.0038596493596003397,0,0.0,0.0
17,15,1,0.5008735798664898,0.2681240301367588,0.01104639358803542,0,0.0,0.0
17,15,2,0.5008735798664898,0.2681240301367588,0.0182331378164705,0,0.0,0.0
17,15,3,0.5008735798664898,0.2681240301367588,0.02541988204490558,0,0.0,0.0
17,15,4,0.5008735798664898,0.2681240301367588,0.032606626273340655,0,0.0,0.0
17,15,5,0.5008735798664898,0.2681240301367588,0.03979337050177574,0,0.0,0.0
17,15,6,0.5008735798664898,0.2681240301367588,0.046980114730210826,0,0.0,0.0
17,15,7,0.5008735798664898,0.2681240301367588,0.0541668589586459,0,0.0,0.0
17,15,8,0.5008735798664898,0.2681240301367588,0.06135360318708098,0,0.0,0.0
17,15,9,0.5008735798664898,0.2681240301367588,0.06854034741551607,0,0.0,0.0
17,15,10,0.5008735798664898,0.2681240301367588,0.07572709164395114,0,0.0,0.0
17,15,11,0.5008735798664898,0.2681240301367588,0.08291383587238624,0,0.0,0.0
17,15,12,0.5008735798664898,0.2681240301367588,0.09010058010082131,0,0.0,0.0
17,15,13,0.5008735798664898,0.2681240301367588,0.09728732432925638,0,0.0,0.0
17,15,14,0.5008735798664898,0.2681240301367588,0.10447406855769147,0,0.0,0.0
17,15,15,0.5008735798664898,0.2681240301367588,0.11166081278612655,0,0.0,0.0
17,15,16,0.5008735798664898,0.2681240301367588,0.11884755701456162,0,0.0,0.0
17,15,17,0.5008735798664898,0.2681240301367588,0.12603430124299672,0,0.0,0.0
17,15,18,0.5008735798664898,0.2681240301367588,0.1332210454714318,0,0.0,0.0
17,15,19,0.5008735798664898,0.2681240301367588,0.14040778969986686,0,0.0,0.0
17,16,0,0.5008735798664898,0.2840492771368084,0.0038596493596003397,0,0.0,0.0
17,16,1,0.5008735798664898,0.2840492771368084,0.01104639358803542,0,0.0,0.0
17,16,2,0.5008735798664898,0.2840492771368084,0.0182331378164705,0,0.0,0.0
17,16,3,0.5008735798664898,0.2840492771368084,0.02541988204490558,0,0.0,0.0
17,16,4,0.5008735798664898,0.2840492771368084,0.032606626273340655,0,0.0,0.0
17,16,5,0.5008735798664898,0.2840492771368084,0.03979337050177574,0,0.0,0.0
17,16,6,0.5008735798664898,0.2840492771368084,0.046980114730210826,0,0.0,0.0
17,16,7,0.5008735798664898,0.2840492771368084,0.0541668589586459,0,0.0,0.0
17,16,8,0.5008735798664898,0.2840492771368084,0.06135360318708098,0,0.0,0.0
17,16,9,0.5008735798664898,0.2840492771368084,0.06854034741551607,0,0.0,0.0
17,16,10,0.5008735798664898,0.2840492771368084,0.07572709164395114,0,0.0,0.0
17,16,11,0.5008735798664898,0.2840492771368084,0.08291383587238624,0,0.0,0.0
17,16,12,0.5008735798664898,0.2840492771368084,0.09010058010082131,0,0.0,0.0
17,16,13,0.5008735798664898,0.2840492771368084,0.09728732432925638,0,0.0,0.0
17,16,14,0.5008735798664898,0.2840492771368084,0.10447406855769147,0,0.0,0.0
17,16,15,0.5008735798664898,0.2840492771368084,0.11166081278612655,0,0.0,0.0
17,16,16,0.5008735798664898,0.2840492771368084,0.11884755701456162,0,0.0,0.0
17,16,17,0.5008735798664898,0.2840492771368084,0.12603430124299672,0,0.0,0.0
17,16,18,0.5008735798664898,0.2840492771368084,0.1332210454714318,0,0.0,0.0
17,16,19,0.5008735798664898,0.2840492771368084,0.14040778969986686,0,0.0,0.0
17,17,0,0.5008735798664898,0.2999745241368579,0.0038596493596003397,0,0.0,0.0
17,17,1,0.5008735798664898,0.2999745241368579,0.01104639358803542,0,0.0,0.0
17,17,2,0.5008735798664898,0.2999745241368579,0.0182331378164705,0,0.0,0.0
17,17,3,0.5008735798664898,0.2999745241368579,0.02541988204490558,0,0.0,0.0
17,17,4,0.5008735798664898,0.2999745241368579,0.032606626273340655,0,0.0,0.0
17,17,5,0.5008735798664898,0.2999745241368579,0.03979337050177574,0,0.0,0.0
17,17,6,0.5008735798664898,0.2999745241368579,0.046980114730210826,0,0.0,0.0
17,17,7,0.5008735798664898,0.2999745241368579,0.0541668589586459,0,0.0,0.0
17,17,8,0.5008735798664898,0.2999745241368579,0.06135360318708098,0,0.0,0.0
17,17,9,0.5008735798664898,0.2999745241368579,0.06854034741551607,0,0.0,0.0
17,17,10,0.5008735798664898,0.2999745241368579,0.07572709164395114,0,0.0,0.0
17,17,11,0.5008735798664898,0.2999745241368579,0.08291383587238624,0,0.0,0.0
17,17,12,0.5008735798664898,0.2999745241368579,0.09010058010082131,0,0.0,0.0
17,17,13,0.5008735798664898,0.2999745241368579,0.09728732432925638,0,0.0,0.0
17,17,14,0.5008735798664898,0.2999745241368579,0.10447406855769147,0,0.0,0.0
17,17,15,0.5008735798664898,0.2999745241368579,0.11166081278612655,0,0.0,0.0
17,17,16,0.5008735798664898,0.2999745241368579,0.11884755701456162,0,0.0,0.0
17,17,17,0.5008735798664898,0.2999745241368579,0.12603430124299672,0,0.0,0.0
17,17,18,0.5008735798664898,0.2999745241368579,0.1332210454714318,0,0.0,0.0
17,17,19,0.5008735798664898,0.2999745241368579,0.14040778969986686,0,0.0,0.0
17,18,0,0.5008735798664898,0.3158997711369075,0.0038596493596003397,0,0.0,0.0
17,18,1,0.5008735798664898,0.3158997711369075,0.01104639358803542,0,0.0,0.0
17,18,2,0.5008735798664898,0.3158997711369075,0.0182331378164705,0,0.0,0.0
17,18,3,0.5008735798664898,0.3158997711369075,0.02541988204490558,0,0.0,0.0
17,18,4,0.5008735798664898,0.3158997711369075,0.032606626273340655,0,0.0,0.0
17,18,5,0.5008735798664898,0.3158997711369075,0.03979337050177574,0,0.0,0.0
17,18,6,0.5008735798664898,0.3158997711369075,0.046980114730210826,0,0.0,0.0
17,18,7,0.5008735798664898,0.3158997711369075,0.0541668589586459,0,0.0,0.0
17,18,8,0.5008735798664898,0.3158997711369075,0.06135360318708098,0,0.0,0.0
17,18,9,0.5008735798664898,0.3158997711369075,0.06854034741551607,0,0.0,0.0
17,18,10,0.5008735798664898,0.3158997711369075,0.07572709164395114,0,0.0,0.0
17,18,11,0.5008735798664898,0.3158997711369075,0.08291383587238624,0,0.0,0.0
17,18,12,0.5008735798664898,0.3158997711369075,0.09010058010082131,0,0.0,0.0
17,18,13,0.5008735798664898,0.3158997711369075,0.09728732432925638,0,0.0,0.0
17,18,14,0.5008735798664898,0.3158997711369075,0.10447406855769147,0,0.0,0.0
17,18,15,0.5008735798664898,0.3158997711369075,0.11166081278612655,0,0.0,0.0
17,18,16,0.5008735798664898,0.3158997711369075,0.11884755701456162,0,0.0,0.0
17,18,17,0.5008735798664898,0.3158997711369075,0.12603430124299672,0,0.0,0.0
17,18,18,0.5008735798664898,0.3158997711369075,0.1332210454714318,0,0.0,0.0
17,18,19,0.5008735798664898,0.3158997711369075,0.14040778969986686,0,0.0,0.0
17,19,0,0.5008735798664898,0.331825018136957,0.0038596493596003397,0,0.0,0.0
17,19,1,0.5008735798664898,0.331825018136957,0.01104639358803542,0,0.0,0.0
17,19,2,0.5008735798664898,0.331825018136957,0.0182331378164705,0,0.0,0.0
17,19,3,0.5008735798664898,0.331825018136957,0.02541988204490558,0,0.0,0.0
17,19,4,0.5008735798664898,0.331825018136957,0.032606626273340655,0,0.0,0.0
17,19,5,0.5008735798664898,0.331825018136957,0.03979337050177574,0,0.0,0.0
17,19,6,0.5008735798664898,0.331825018136957,0.046980114730210826,0,0.0,0.0
17,19,7,0.5008735798664898,0.331825018136957,0.0541668589586459,0,0.0,0.0
17,19,8,0.5008735798664898,0.331825018136957,0.06135360318708098,0,0.0,0.0
17,19,9,0.5008735798664898,0.331825018136957,0.06854034741551607,0,0.0,0.0
17,19,10,0.5008735798664898,0.331825018136957,0.07572709164395114,0,0.0,0.0
17,19,11,0.5008735798664898,0.331825018136957,0.08291383587238624,0,0.0,0.0
17,19,12,0.5008735798664898,0.331825018136957,0.09010058010082131,0,0.0,0.0
17,19,13,0.5008735798664898,0.331825018136957,0.09728732432925638,0,0.0,0.0
17,19,14,0.5008735798664898,0.331825018136957,0.10447406855769147,0,0.0,0.0
17,19,15,0.5008735798664898,0.331825018136957,0.11166081278612655,0,0.0,0.0
17,19,16,0.5008735798664898,0.331825018136957,0.11884755701456162,0,0.0,0.0
17,19,17,0.5008735798664898,0.331825018136957,0.12603430124299672,0,0.0,0.0
17,19,18,0.5008735798664898,0.331825018136957,0.1332210454714318,0,0.0,0.0
17,19,19,0.5008735798664898,0.331825018136957,0.14040778969986686,0,0.0,0.0
18,0,0,0.567969372021478,0.029245325136015476,0.0038596493596003397,209,0.0209,0.016243025911834637
18,0,1,0.567969372021478,0.029245325136015476,0.01104639358803542,104,0.0104,0.013049580006552593
18,0,2,0.567969372021478,0.029245325136015476,0.0182331378164705,46,0.0046,0.006443639601538072
18,0,3,0.567969372021478,0.029245325136015476,0.02541988204490558,3,0.0003,0.0031367886654160406
18,0,4,0.567969372021478,0.029245325136015476,0.032606626273340655,0,0.0,0.0016301899516723332
18,0,5,0.567969372021478,0.029245325136015476,0.03979337050177574,0,0.0,0.0006966282560038669
18,0,6,0.567969372021478,0.029245325136015476,0.046980114730210826,0,0.0,0.00020874696781271966
18,0,7,0.567969372021478,0.029245325136015476,0.0541668589586459,0,0.0,4.9554111966562405e-05
18,0,8,0.567969372021478,0.029245325136015476,0.06135360318708098,0,0.0,1.1987965510453982e-05
18,0,9,0.567969372021478,0.029245325136015476,0.06854034741551607,0,0.0,2.9495538029560097e-06
18,0,10,0.567969372021478,0.029245325136015476,0.07572709164395114,0,0.0,5.148689224333094e-07
18,0,11,0.567969372021478,0.029245325136015476,0.08291383587238624,0,0.0,5.101876705997808e-08
18,0,12,0.567969372021478,0.029245325136015476,0.09010058010082131,0,0.0,4.107959183703674e-09
18,0,13,0.567969372021478,0.029245325136015476,0.09728732432925638,0,0.0,4.6061107134973634e-10
18,0,14,0.567969372021478,0.029245325136015476,0.10447406855769147,0,0.0,3.450780285420766e-11
18,0,15,0.567969372021478,0.029245325136015476,0.11166081278612655,0,0.0,1.0420453538502856e-12
18,0,16,0.567969372021478,0.029245325136015476,0.11884755701456162,0,0.0,0.0
18,0,17,0.567969372021478,0.029245325136015476,0.12603430124299672,0,0.0,0.0
18,0,18,0.567969372021478,0.029245325136015476,0.1332210454714318,0,0.0,0.0
18,0,19,0.567969372021478,0.029245325136015476,0.14040778969986686,0,0.0,0.0
18,1,0,0.567969372021478,0.045170572136065026,0.0038596493596003397,30,0.003,0.010738001089625578
18,1,1,0.567969372021478,0.045170572136065026,0.01104639358803542,65,0.0065,0.009585073744131326
18,1,2,0.567969372021478,0.045170572136065026,0.0182331378164705,71,0.0071,0.006146407252225614
18,1,3,0.567969372021478,0.045170572136065026,0.02541988204490558,73,0.0073,0.00419355835658516
18,1,4,0.567969372021478,0.045170572136065026,0.032606626273340655,57,0.0057,0.002717079971598328
18,1,5,0.567969372021478,0.045170572136065026,0.03979337050177574,7,0.0007,0.0013458365468348372
18,1,6,0.567969372021478,0.045170572136065026,0.046980114730210826,0,0.0,0.0005084685084613664
18,1,7,0.567969372021478,0.045170572136065026,0.0541668589586459,0,0.0,0.00016985997292247705
18,1,8,0.567969372021478,0.045170572136065026,0.06135360318708098,0,0.0,5.304355980604757e-05
18,1,9,0.567969372021478,0.045170572136065026,0.06854034741551607,0,0.0,1.5007199450856813e-05
18,1,10,0.567969372021478,0.045170572136065026,0.07572709164395114,0,0.0,3.133965659313259e-06
18,1,11,0.567969372021478,0.045170572136065026,0.08291383587238624,0,0.0,4.666032213191095e-07
18,1,12,0.567969372021478,0.045170572136065026,0.09010058010082131,0,0.0,8.424364505029279e-08
18,1,13,0.567969372021478,0.045170572136065026,0.09728732432925638,0,0.0,1.4743651857276941e-08
18,1,14,0.567969372021478,0.045170572136065026,0.10447406855769147,0,0.0,1.5688447561140683e-09
18,1,15,0.567969372021478,0.045170572136065026,0.11166081278612655,0,0.0,2.8987124105723706e-10
18,1,16,0.567969372021478,0.045170572136065026,0.11884755701456162,0,0.0,5.690532464908739e-11
18,1,17,0.567969372021478,0.045170572136065026,0.12603430124299672,0,0.0,4.670123273147386e-12
18,1,18,0.567969372021478,0.045170572136065026,0.1332210454714318,0,0.0,1.4102550310872469e-13
18,1,19,0.567969372021478,0.045170572136065026,0.14040778969986686,0,0.0,0.0
18,2,0,0.567969372021478,0.06109581913611459,0.0038596493596003397,0,0.0,0.002965486231474769
18,2,1,0.567969372021478,0.06109581913611459,0.01104639358803542,0,0.0,0.0032854697417308387
18,2,2,0.567969372021478,0.06109581913611459,0.0182331378164705,17,0.0017,0.003030507161823722
18,2,3,0.567969372021478,0.06109581913611459,0.02541988204490558,20,0.002,0.0027338926751052906
18,2,4,0.567969372021478,0.06109581913611459,0.032606626273340655,11,0.0011,0.0020767235930691554
18,2,5,0.567969372021478,0.06109581913611459,0.03979337050177574,11,0.0011,0.0012424819613032012
18,2,6,0.567969372021478,0.06109581913611459,0.046980114730210826,13,0.0013,0.0006273587935683645
18,2,7,0.567969372021478,0.06109581913611459,0.0541668589586459,2,0.0002,0.0002716330651179736
18,2,8,0.567969372021478,0.06109581913611459,0.06135360318708098,2,0.0002,9.977218877919187e-05
18,2,9,0.567969372021478,0.06109581913611459,0.06854034741551607,0,0.0,3.411174080227502e-05
18,2,10,0.567969372021478,0.06109581913611459,0.07572709164395114,0,0.0,9.799845545045736e-06
18,2,11,0.567969372021478,0.06109581913611459,0.08291383587238624,0,0.0,2.6664861717559508e-06
18,2,12,0.567969372021478,0.06109581913611459,0.09010058010082131,0,0.0,8.726880373488098e-07
18,2,13,0.567969372021478,0.06109581913611459,0.09728732432925638,0,0.0,1.8358132669776917e-07
18,2,14,0.567969372021478,0.06109581913611459,0.10447406855769147,0,0.0,2.8309007341866664e-08
18,2,15,0.567969372021478,0.06109581913611459,0.11166081278612655,0,0.0,9.153408933714342e-09
18,2,16,0.567969372021478,0.06109581913611459,0.11884755701456162,0,0.0,3.0279600901882127e-09
18,2,17,0.567969372021478,0.06109581913611459,0.12603430124299672,0,0.0,2.038727016519505e-09
18,2,18,0.567969372021478,0.06109581913611459,0.1332210454714318,0,0.0,1.1474119604589596e-09
18,2,19,0.567969372021478,0.06109581913611459,0.14040778969986686,0,0.0,2.5498009114057967e-10
18,3,0,0.567969372021478,0.07702106613616413,0.0038596493596003397,0,0.0,0.00039110713846632
18,3,1,0.567969372021478,0.07702106613616413,0.01104639358803542,0,0.0,0.0006132207147566543
18,3,2,0.567969372021478,0.07702106613616413,0.0182331378164705,0,0.0,0.0008278098010579258
18,3,3,0.567969372021478,0.07702106613616413,0.02541988204490558,0,0.0,0.0009415872672697714
18,3,4,0.567969372021478,0.07702106613616413,0.032606626273340655,3,0.0003,0.0008662501686087225
18,3,5,0.567969372021478,0.07702106613616413,0.03979337050177574,3,0.0003,0.0006584044392418909
18,3,6,0.567969372021478,0.07702106613616413,0.046980114730210826,3,0.0003,0.00041653259198030056
18,3,7,0.567969372021478,0.07702106613616413,0.0541668589586459,0,0.0,0.00020809658798184318
18,3,8,0.567969372021478,0.07702106613616413,0.06135360318708098,0,0.0,8.958184953253791e-05
18,3,9,0.567969372021478,0.07702106613616413,0.06854034741551607,1,0.0001,4.108613421496732e-05
18,3,10,0.567969372021478,0.07702106613616413,0.07572709164395114,0,0.0,1.8408158475481206e-05
18,3,11,0.567969372021478,0.07702106613616413,0.08291383587238624,0,0.0,8.901238739906747e-06
18,3,12,0.567969372021478,0.07702106613616413,0.09010058010082131,0,0.0,3.863049849212696e-06
18,3,13,0.567969372021478,0.07702106613616413,0.09728732432925638,0,0.0,9.286241743301611e-07
18,3,14,0.567969372021478,0.07702106613616413,0.10447406855769147,0,0.0,2.434656785594294e-07
18,3,15,0.567969372021478,0.07702106613616413,0.11166081278612655,0,0.0,1.1406284472133852e-07
18,3,16,0.567969372021478,0.07702106613616413,0.11884755701456162,0,0.0,6.082524746463361e-08
18,3,17,0.567969372021478,0.07702106613616413,0.12603430124299672,0,0.0,6.42760167347061e-08
18,3,18,0.567969372021478,0.07702106613616413,0.1332210454714318,0,0.0,3.789930615908542e-08
18,3,19,0.567969372021478,0.07702106613616413,0.14040778969986686,0,0.0,8.443780958588853e-09
18,4,0,0.567969372021478,0.09294631313621368,0.0038596493596003397,0,0.0,2.9240049319943957e-05
18,4,1,0.567969372021478,0.09294631313621368,0.01104639358803542,0,0.0,7.025630100506026e-05
18,4,2,0.567969372021478,0.09294631313621368,0.0182331378164705,0,0.0,0.00013511870543947248
18,4,3,0.567969372021478,0.09294631313621368,0.02541988204490558,0,0.0,0.0002002818466877339
18,4,4,0.567969372021478,0.09294631313621368,0.032606626273340655,0,0.0,0.00023643762194127288
18,4,5,0.567969372021478,0.09294631313621368,0.03979337050177574,0,0.0,0.00021881084945257894
18,4,6,0.567969372021478,0.09294631313621368,0.046980114730210826,0,0.0,0.00015650435441501
18,4,7,0.567969372021478,0.09294631313621368,0.0541668589586459,1,0.0001,8.888496260409252e-05
18,4,8,0.567969372021478,0.09294631313621368,0.06135360318708098,0,0.0,4.75410049001431e-05
18,4,9,0.567969372021478,0.09294631313621368,0.06854034741551607,1,0.0001,3.137647704147706e-05
18,4,10,0.567969372021478,0.09294631313621368,0.07572709164395114,0,0.0,2.2644174495315324e-05
18,4,11,0.567969372021478,0.09294631313621368,0.08291383587238624,1,0.0001,1.5428441518024044e-05
18,4,12,0.567969372021478,0.09294631313621368,0.09010058010082131,0,0.0,7.481039464136373e-06
18,4,13,0.567969372021478,0.09294631313621368,0.09728732432925638,0,0.0,2.2813417672412507e-06
18,4,14,0.567969372021478,0.09294631313621368,0.10447406855769147,0,0.0,9.8501424562703e-07
18,4,15,0.567969372021478,0.09294631313621368,0.11166081278612655,0,0.0,5.763792923760679e-07
18,4,16,0.567969372021478,0.09294631313621368,0.11884755701456162,0,0.0,5.642139340376942e-07
18,4,17,0.567969372021478,0.09294631313621368,0.12603430124299672,0,0.0,7.685333903040009e-07
18,4,18,0.567969372021478,0.09294631313621368,0.1332210454714318,0,0.0,4.6126994074068446e-07
18,4,19,0.567969372021478,0.09294631313621368,0.14040778969986686,0,0.0,1.0286631053351171e-07
18,5,0,0.567969372021478,0.10887156013626324,0.0038596493596003397,0,0.0,1.3893963034282417e-06
18,5,1,0.567969372021478,0.10887156013626324,0.01104639358803542,0,0.0,5.1377340414272105e-06
18,5,2,0.567969372021478,0.10887156013626324,0.0182331378164705,0,0.0,1.3659758932157027e-05
18,5,3,0.567969372021478,0.10887156013626324,0.02541988204490558,0,0.0,2.6876879034005885e-05
18,5,4,0.567969372021478,0.10887156013626324,0.032606626273340655,0,0.0,3.9503492585050654e-05
18,5,5,0.567969372021478,0.10887156013626324,0.03979337050177574,0,0.0,4.200635298540138e-05
18,5,6,0.567969372021478,0.10887156013626324,0.046980114730210826,0,0.0,3.4538107650621124e-05
18,5,7,0.567969372021478,0.10887156013626324,0.0541668589586459,0,0.0,2.430080448243862e-05
18,5,8,0.567969372021478,0.10887156013626324,0.06135360318708098,0,0.0,1.663266259462926e-05
18,5,9,0.567969372021478,0.10887156013626324,0.06854034741551607,0,0.0,1.650542875210588e-05
18,5,10,0.567969372021478,0.10887156013626324,0.07572709164395114,1,0.0001,1.789862310379133e-05
18,5,11,0.567969372021478,0.10887156013626324,0.08291383587238624,0,0.0,1.4393513023416286e-05
18,5,12,0.567969372021478,0.10887156013626324,0.09010058010082131,0,0.0,8.426185000718651e-06
18,5,13,0.567969372021478,0.10887156013626324,0.09728732432925638,0,0.0,3.756892776310413e-06
18,5,14,0.567969372021478,0.10887156013626324,0.10447406855769147,0,0.0,1.8333497254128834e-06
18,5,15,0.567969372021478,0.10887156013626324,0.11166081278612655,0,0.0,1.263111704853401e-06
18,5,16,0.567969372021478,0.10887156013626324,0.11884755701456162,0,0.0,2.2371551819695964e-06
18,5,17,0.567969372021478,0.10887156013626324,0.12603430124299672,0,0.0,3.42040673595242e-06
18,5,18,0.567969372021478,0.10887156013626324,0.1332210454714318,0,0.0,2.0665461015052622e-06
18,5,19,0.567969372021478,0.10887156013626324,0.14040778969986686,0,0.0,4.6101481962404076e-07
18,6,0,0.567969372021478,0.1247968071363128,0.0038596493596003397,0,0.0,4.467284849638405e-08
18,6,1,0.567969372021478,0.1247968071363128,0.01104639358803542,0,0.0,2.2470854443464566e-07
18,6,2,0.567969372021478,0.1247968071363128,0.0182331378164705,0,0.0,7.842155524929823e-07
18,6,3,0.567969372021478,0.1247968071363128,0.02541988204490558,0,0.0,1.9574945911880408e-06
18,6,4,0.567969372021478,0.1247968071363128,0.032606626273340655,0,0.0,3.4265590405312083e-06
18,6,5,0.567969372021478,0.1247968071363128,0.03979337050177574,0,0.0,4.24669052277426e-06
18,6,6,0.567969372021478,0.1247968071363128,0.046980114730210826,0,0.0,4.309091167330469e-06
18,6,7,0.567969372021478,0.1247968071363128,0.0541668589586459,0,0.0,3.8392718933721035e-06
18,6,8,0.567969372021478,0.1247968071363128,0.06135360318708098,0,0.0,3.4550914058102347e-06
18,6,9,0.567969372021478,0.1247968071363128,0.06854034741551607,0,0.0,5.534271275911538e-06
18,6,10,0.567969372021478,0.1247968071363128,0.07572709164395114,0,0.0,8.135045196287721e-06
18,6,11,0.567969372021478,0.1247968071363128,0.08291383587238624,0,0.0,8.363448355027546e-06
18,6,12,0.567969372021478,0.1247968071363128,0.09010058010082131,0,0.0,7.331373051466185e-06
18,6,13,0.567969372021478,0.1247968071363128,0.09728732432925638,0,0.0,4.14268146541276e-06
18,6,14,0.567969372021478,0.1247968071363128,0.10447406855769147,0,0.0,1.6099515352853424e-06
18,6,15,0.567969372021478,0.1247968071363128,0.11166081278612655,0,0.0,1.286488891082058e-06
18,6,16,0.567969372021478,0.1247968071363128,0.11884755701456162,0,0.0,3.5116560585117907e-06
18,6,17,0.567969372021478,0.1247968071363128,0.12603430124299672,0,0.0,5.62478854462612e-06
18,6,18,0.567969372021478,0.1247968071363128,0.1332210454714318,0,0.0,3.406720386776926e-06
18,6,19,0.567969372021478,0.1247968071363128,0.14040778969986686,0,0.0,7.600849392221388e-07
18,7,0,0.567969372021478,0.14072205413636235,0.0038596493596003397,0,0.0,8.213862477803851e-10
18,7,1,0.567969372021478,0.14072205413636235,0.01104639358803542,0,0.0,4.824419418318019e-09
18,7,2,0.567969372021478,0.14072205413636235,0.0182331378164705,0,0.0,2.1942509542980706e-08
18,7,3,0.567969372021478,0.14072205413636235,0.02541988204490558,0,0.0,6.937225367476222e-08
18,7,4,0.567969372021478,0.14072205413636235,0.032606626273340655,0,0.0,1.4582447863097113e-07
18,7,5,0.567969372021478,0.14072205413636235,0.03979337050177574,0,0.0,2.157869023604007e-07
18,7,6,0.567969372021478,0.14072205413636235,0.046980114730210826,0,0.0,2.6826884199145644e-07
18,7,7,0.567969372021478,0.14072205413636235,0.0541668589586459,0,0.0,2.8857769054735305e-07
18,7,8,0.567969372021478,0.14072205413636235,0.06135360318708098,0,0.0,3.8710846315757556e-07
18,7,9,0.567969372021478,0.14072205413636235,0.06854034741551607,0,0.0,9.932873844917514e-07
18,7,10,0.567969372021478,0.14072205413636235,0.07572709164395114,0,0.0,1.9100170415980186e-06
18,7,11,0.567969372021478,0.14072205413636235,0.08291383587238624,0,0.0,2.991934023195616e-06
18,7,12,0.567969372021478,0.14072205413636235,0.09010058010082131,0,0.0,3.6852147362886633e-06
18,7,13,0.567969372021478,0.14072205413636235,0.09728732432925638,0,0.0,2.208292334005469e-06
18,7,14,0.567969372021478,0.14072205413636235,0.10447406855769147,0,0.0,6.738072816965364e-07
18,7,15,0.567969372021478,0.14072205413636235,0.11166081278612655,0,0.0,6.030554335253546e-07
18,7,16,0.567969372021478,0.14072205413636235,0.11884755701456162,0,0.0,2.0904800464181903e-06
18,7,17,0.567969372021478,0.14072205413636235,0.12603430124299672,0,0.0,3.4083693568784105e-06
18,7,18,0.567969372021478,0.14072205413636235,0.1332210454714318,0,0.0,2.0661826041539646e-06
18,7,19,0.567969372021478,0.14072205413636235,0.14040778969986686,0,0.0,4.6101481962404076e-07
18,8,0,0.567969372021478,0.1566473011364119,0.0038596493596003397,0,0.0,2.2089982381629333e-12
18,8,1,0.567969372021478,0.1566473011364119,0.01104639358803542,0,0.0,1.9628576542399265e-11
18,8,2,0.567969372021478,0.1566473011364119,0.0182331378164705,0,0.0,1.6686160245996015e-10
18,8,3,0.567969372021478,0.1566473011364119,0.02541988204490558,0,0.0,8.183180812822382e-10
18,8,4,0.567969372021478,0.1566473011364119,0.032606626273340655,0,0.0,2.35391423635027e-09
18,8,5,0.567969372021478,0.1566473011364119,0.03979337050177574,0,0.0,4.4948035363992144e-09
18,8,6,0.567969372021478,0.1566473011364119,0.046980114730210826,0,0.0,6.945554822349797e-09
18,8,7,0.567969372021478,0.1566473011364119,0.0541668589586459,0,0.0,9.424964928379436e-09
18,8,8,0.567969372021478,0.1566473011364119,0.06135360318708098,0,0.0,2.2748449159232457e-08
18,8,9,0.567969372021478,0.1566473011364119,0.06854034741551607,0,0.0,8.427742076991562e-08
18,8,10,0.567969372021478,0.1566473011364119,0.07572709164395114,0,0.0,2.23798011015975e-07
18,8,11,0.567969372021478,0.1566473011364119,0.08291383587238624,0,0.0,5.362438319503234e-07
18,8,12,0.567969372021478,0.1566473011364119,0.09010058010082131,0,0.0,7.808930938220149e-07
18,8,13,0.567969372021478,0.1566473011364119,0.09728732432925638,0,0.0,4.7238049638901105e-07
18,8,14,0.567969372021478,0.1566473011364119,0.10447406855769147,0,0.0,1.258802628354019e-07
18,8,15,0.567969372021478,0.1566473011364119,0.11166081278612655,0,0.0,1.200225892984139e-07
18,8,16,0.567969372021478,0.1566473011364119,0.11884755701456162,0,0.0,4.6321113900836284e-07
18,8,17,0.567969372021478,0.1566473011364119,0.12603430124299672,0,0.0,7.602442625883051e-07
18,8,18,0.567969372021478,0.1566473011364119,0.1332210454714318,0,0.0,4.61019630772817e-07
18,8,19,0.567969372021478,0.1566473011364119,0.14040778969986686,0,0.0,1.0286631053351171e-07
18,9,0,0.567969372021478,0.17257254813646145,0.0038596493596003397,0,0.0,6.991345455924392e-16
18,9,1,0.567969372021478,0.17257254813646145,0.01104639358803542,0,0.0,2.3501723730024822e-14
18,9,2,0.567969372021478,0.17257254813646145,0.0182331378164705,0,0.0,2.943262189916562e-13
18,9,3,0.567969372021478,0.17257254813646145,0.02541988204490558,0,0.0,1.4285921386813459e-12
18,9,4,0.567969372021478,0.17257254813646145,0.032606626273340655,0,0.0,3.0213263262965478e-12
18,9,5,0.567969372021478,0.17257254813646145,0.03979337050177574,0,0.0,4.094547743093945e-12
18,9,6,0.567969372021478,0.17257254813646145,0.046980114730210826,0,0.0,9.72572231520803e-12
18,9,7,0.567969372021478,0.17257254813646145,0.0541668589586459,0,0.0,7.060284243992279e-11
18,9,8,0.567969372021478,0.17257254813646145,0.06135360318708098,0,0.0,6.314201207993594e-10
18,9,9,0.567969372021478,0.17257254813646145,0.06854034741551607,0,0.0,3.2917556090004154e-09
18,9,10,0.567969372021478,0.17257254813646145,0.07572709164395114,0,0.0,1.2702320989967532e-08
18,9,11,0.567969372021478,0.17257254813646145,0.08291383587238624,0,0.0,4.044593798774651e-08
18,9,12,0.567969372021478,0.17257254813646145,0.09010058010082131,0,0.0,6.306269878363351e-08
18,9,13,0.567969372021478,0.17257254813646145,0.09728732432925638,0,0.0,3.820737356095236e-08
18,9,14,0.567969372021478,0.17257254813646145,0.10447406855769147,0,0.0,9.597883125367308e-09
18,9,15,0.567969372021478,0.17257254813646145,0.11166081278612655,0,0.0,9.413182185588547e-09
18,9,16,0.567969372021478,0.17257254813646145,0.11884755701456162,0,0.0,3.792490632278897e-08
18,9,17,0.567969372021478,0.17257254813646145,0.12603430124299672,0,0.0,6.239662466043106e-08
18,9,18,0.567969372021478,0.17257254813646145,0.1332210454714318,0,0.0,3.7842553436017664e-08
18,9,19,0.567969372021478,0.17257254813646145,0.14040778969986686,0,0.0,8.443780958588853e-09
18,10,0,0.567969372021478,0.188497795136511,0.0038596493596003397,0,0.0,0.0
18,10,1,0.567969372021478,0.188497795136511,0.01104639358803542,0,0.0,0.0
18,10,2,0.567969372021478,0.188497795136511,0.0182331378164705,0,0.0,0.0
18,10,3,0.567969372021478,0.188497795136511,0.02541988204490558,0,0.0,0.0
18,10,4,0.567969372021478,0.188497795136511,0.032606626273340655,0,0.0,0.0
18,10,5,0.567969372021478,0.188497795136511,0.03979337050177574,0,0.0,0.0
18,10,6,0.567969372021478,0.188497795136511,0.046980114730210826,0,0.0,1.15760782286143e-14
18,10,7,0.567969372021478,0.188497795136511,0.0541668589586459,0,0.0,3.8334706244974095e-13
18,10,8,0.567969372021478,0.188497795136511,0.06135360318708098,0,0.0,5.302155729068685e-12
18,10,9,0.567969372021478,0.188497795136511,0.06854034741551607,0,0.0,4.186008086079213e-11
18,10,10,0.567969372021478,0.188497795136511,0.07572709164395114,0,0.0,2.8948824356206013e-10
18,10,11,0.567969372021478,0.188497795136511,0.08291383587238624,0,0.0,1.163683104127164e-09
18,10,12,0.567969372021478,0.188497795136511,0.09010058010082131,0,0.0,1.888873346324449e-09
18,10,13,0.567969372021478,0.188497795136511,0.09728732432925638,0,0.0,1.1443888995928318e-09
18,10,14,0.567969372021478,0.188497795136511,0.10447406855769147,0,0.0,2.769637530030546e-10
18,10,15,0.567969372021478,0.188497795136511,0.11166081278612655,0,0.0,2.76542164026897e-10
18,10,16,0.567969372021478,0.188497795136511,0.11884755701456162,0,0.0,1.1435145455775693e-09
18,10,17,0.567969372021478,0.188497795136511,0.12603430124299672,0,0.0,1.8840737736264216e-09
18,10,18,0.567969372021478,0.188497795136511,0.1332210454714318,0,0.0,1.142741837185812e-09
18,10,19,0.567969372021478,0.188497795136511,0.14040778969986686,0,0.0,2.5498009114057967e-10
18,11,0,0.567969372021478,0.20442304213656057,0.0038596493596003397,0,0.0,0.0
18,11,1,0.567969372021478,0.20442304213656057,0.01104639358803542,0,0.0,0.0
18,11,2,0.567969372021478,0.20442304213656057,0.0182331378164705,0,0.0,0.0
18,11,3,0.567969372021478,0.20442304213656057,0.02541988204490558,0,0.0,0.0
18,11,4,0.567969372021478,0.20442304213656057,0.032606626273340655,0,0.0,0.0
18,11,5,0.567969372021478,0.20442304213656057,0.03979337050177574,0,0.0,0.0
18,11,6,0.567969372021478,0.20442304213656057,0.046980114730210826,0,0.0,0.0
18,11,7,0.567969372021478,0.20442304213656057,0.0541668589586459,0,0.0,0.0
18,11,8,0.567969372021478,0.20442304213656057,0.06135360318708098,0,0.0,0.0
18,11,9,0.567969372021478,0.20442304213656057,0.06854034741551607,0,0.0,0.0
18,11,10,0.567969372021478,0.20442304213656057,0.07572709164395114,0,0.0,0.0
18,11,11,0.567969372021478,0.20442304213656057,0.08291383587238624,0,0.0,0.0
18,11,12,0.567969372021478,0.20442304213656057,0.09010058010082131,0,0.0,0.0
18,11,13,0.567969372021478,0.20442304213656057,0.09728732432925638,0,0.0,0.0
18,11,14,0.567969372021478,0.20442304213656057,0.10447406855769147,0,0.0,0.0
18,11,15,0.567969372021478,0.20442304213656057,0.11166081278612655,0,0.0,0.0
18,11,16,0.567969372021478,0.20442304213656057,0.11884755701456162,0,0.0,0.0
18,11,17,0.567969372021478,0.20442304213656057,0.12603430124299672,0,0.0,0.0
18,11,18,0.567969372021478,0.20442304213656057,0.1332210454714318,0,0.0,0.0
18,11,19,0.567969372021478,0.20442304213656057,0.14040778969986686,0,0.0,0.0
18,12,0,0.567969372021478,0.22034828913661011,0.0038596493596003397,0,0.0,0.0
18,12,1,0.567969372021478,0.22034828913661011,0.01104639358803542,0,0.0,0.0
18,12,2,0.567969372021478,0.22034828913661011,0.0182331378164705,0,0.0,0.0
18,12,3,0.567969372021478,0.22034828913661011,0.02541988204490558,0,0.0,0.0
18,12,4,0.567969372021478,0.22034828913661011,0.032606626273340655,0,0.0,0.0
18,12,5,0.567969372021478,0.22034828913661011,0.03979337050177574,0,0.0,0.0
18,12,6,0.567969372021478,0.22034828913661011,0.046980114730210826,0,0.0,0.0
18,12,7,0.567969372021478,0.22034828913661011,0.0541668589586459,0,0.0,0.0
18,12,8,0.567969372021478,0.22034828913661011,0.06135360318708098,0,0.0,0.0
18,12,9,0.567969372021478,0.22034828913661011,0.06854034741551607,0,0.0,0.0
18,12,10,0.567969372021478,0.22034828913661011,0.07572709164395114,0,0.0,0.0
18,12,11,0.567969372021478,0.22034828913661011,0.08291383587238624,0,0.0,0.0
18,12,12,0.567969372021478,0.22034828913661011,0.09010058010082131,0,0.0,0.0
18,12,13,0.567969372021478,0.22034828913661011,0.09728732432925638,0,0.0,0.0
18,12,14,0.567969372021478,0.22034828913661011,0.10447406855769147,0,0.0,0.0
18,12,15,0.567969372021478,0.22034828913661011,0.11166081278612655,0,0.0,0.0
18,12,16,0.567969372021478,0.22034828913661011,0.11884755701456162,0,0.0,0.0
18,12,17,0.567969372021478,0.22034828913661011,0.12603430124299672,0,0.0,0.0
18,12,18,0.567969372021478,0.22034828913661011,0.1332210454714318,0,0.0,0.0
18,12,19,0.567969372021478,0.22034828913661011,0.14040778969986686,0,0.0,0.0
18,13,0,0.567969372021478,0.2362735361366597,0.0038596493596003397,0,0.0,0.0
18,13,1,0.567969372021478,0.2362735361366597,0.01104639358803542,0,0.0,0.0
18,13,2,0.567969372021478,0.2362735361366597,0.0182331378164705,0,0.0,0.0
18,13,3,0.567969372021478,0.2362735361366597,0.02541988204490558,0,0.0,0.0
18,13,4,0.567969372021478,0.2362735361366597,0.032606626273340655,0,0.0,0.0
18,13,5,0.567969372021478,0.2362735361366597,0.03979337050177574,0,0.0,0.0
18,13,6,0.567969372021478,0.2362735361366597,0.046980114730210826,0,0.0,0.0
18,13,7,0.567969372021478,0.2362735361366597,0.0541668589586459,0,0.0,0.0
18,13,8,0.567969372021478,0.2362735361366597,0.06135360318708098,0,0.0,0.0
18,13,9,0.567969372021478,0.2362735361366597,0.06854034741551607,0,0.0,0.0
18,13,10,0.567969372021478,0.2362735361366597,0.07572709164395114,0,0.0,0.0
18,13,11,0.567969372021478,0.2362735361366597,0.08291383587238624,0,0.0,0.0
18,13,12,0.567969372021478,0.2362735361366597,0.09010058010082131,0,0.0,0.0
18,13,13,0.567969372021478,0.2362735361366597,0.09728732432925638,0,0.0,0.0
18,13,14,0.567969372021478,0.2362735361366597,0.10447406855769147,0,0.0,0.0
18,13,15,0.567969372021478,0.2362735361366597,0.11166081278612655,0,0.0,0.0
18,13,16,0.567969372021478,0.2362735361366597,0.11884755701456162,0,0.0,0.0
18,13,17,0.567969372021478,0.2362735361366597,0.12603430124299672,0,0.0,0.0
18,13,18,0.567969372021478,0.2362735361366597,0.1332210454714318,0,0.0,0.0
18,13,19,0.567969372021478,0.2362735361366597,0.14040778969986686,0,0.0,0.0
18,14,0,0.567969372021478,0.25219878313670924,0.0038596493596003397,0,0.0,0.0
18,14,1,0.567969372021478,0.25219878313670924,0.01104639358803542,0,0.0,0.0
18,14,2,0.567969372021478,0.25219878313670924,0.0182331378164705,0,0.0,0.0
18,14,3,0.567969372021478,0.25219878313670924,0.02541988204490558,0,0.0,0.0
18,14,4,0.567969372021478,0.25219878313670924,0.032606626273340655,0,0.0,0.0
18,14,5,0.567969372021478,0.25219878313670924,0.03979337050177574,0,0.0,0.0
18,14,6,0.567969372021478,0.25219878313670924,0.046980114730210826,0,0.0,0.0
18,14,7,0.567969372021478,0.25219878313670924,0.0541668589586459,0,0.0,0.0
18,14,8,0.567969372021478,0.25219878313670924,0.06135360318708098,0,0.0,0.0
18,14,9,0.567969372021478,0.25219878313670924,0.06854034741551607,0,0.0,0.0
18,14,10,0.567969372021478,0.25219878313670924,0.07572709164395114,0,0.0,0.0
18,14,11,0.567969372021478,0.25219878313670924,0.08291383587238624,0,0.0,0.0
18,14,12,0.567969372021478,0.25219878313670924,0.09010058010082131,0,0.0,0.0
18,14,13,0.567969372021478,0.25219878313670924,0.09728732432925638,0,0.0,0.0
18,14,14,0.567969372021478,0.25219878313670924,0.10447406855769147,0,0.0,0.0
18,14,15,0.567969372021478,0.25219878313670924,0.11166081278612655,0,0.0,0.0
18,14,16,0.567969372021478,0.25219878313670924,0.11884755701456162,0,0.0,0.0
18,14,17,0.567969372021478,0.25219878313670924,0.12603430124299672,0,0.0,0.0
18,14,18,0.567969372021478,0.25219878313670924,0.1332210454714318,0,0.0,0.0
18,14,19,0.567969372021478,0.25219878313670924,0.14040778969986686,0,0.0,0.0
18,15,0,0.567969372021478,0.2681240301367588,0.0038596493596003397,0,0.0,0.0
18,15,1,0.567969372021478,0.2681240301367588,0.01104639358803542,0,0.0,0.0
18,15,2,0.567969372021478,0.2681240301367588,0.0182331378164705,0,0.0,0.0
18,15,3,0.567969372021478,0.2681240301367588,0.02541988204490558,0,0.0,0.0
18,15,4,0.567969372021478,0.2681240301367588,0.032606626273340655,0,0.0,0.0
18,15,5,0.567969372021478,0.2681240301367588,0.03979337050177574,0,0.0,0.0
18,15,6,0.567969372021478,0.2681240301367588,0.046980114730210826,0,0.0,0.0
18,15,7,0.567969372021478,0.2681240301367588,0.0541668589586459,0,0.0,0.0
18,15,8,0.567969372021478,0.2681240301367588,0.06135360318708098,0,0.0,0.0
18,15,9,0.567969372021478,0.2681240301367588,0.06854034741551607,0,0.0,0.0
18,15,10,0.567969372021478,0.2681240301367588,0.07572709164395114,0,0.0,0.0
18,15,11,0.567969372021478,0.2681240301367588,0.08291383587238624,0,0.0,0.0
18,15,12,0.567969372021478,0.2681240301367588,0.09010058010082131,0,0.0,0.0
18,15,13,0.567969372021478,0.2681240301367588,0.09728732432925638,0,0.0,0.0
18,15,14,0.567969372021478,0.2681240301367588,0.10447406855769147,0,0.0,0.0
18,15,15,0.567969372021478,0.2681240301367588,0.11166081278612655,0,0.0,0.0
18,15,16,0.567969372021478,0.2681240301367588,0.11884755701456162,0,0.0,0.0
18,15,17,0.567969372021478,0.2681240301367588,0.12603430124299672,0,0.0,0.0
18,15,18,0.567969372021478,0.2681240301367588,0.1332210454714318,0,0.0,0.0
18,15,19,0.567969372021478,0.2681240301367588,0.14040778969986686,0,0.0,0.0
18,16,0,0.567969372021478,0.2840492771368084,0.0038596493596003397,0,0.0,0.0
18,16,1,0.567969372021478,0.2840492771368084,0.01104639358803542,0,0.0,0.0
18,16,2,0.567969372021478,0.2840492771368084,0.0182331378164705,0,0.0,0.0
18,16,3,0.567969372021478,0.2840492771368084,0.02541988204490558,0,0.0,0.0
18,16,4,0.567969372021478,0.2840492771368084,0.032606626273340655,0,0.0,0.0
18,16,5,0.567969372021478,0.2840492771368084,0.03979337050177574,0,0.0,0.0
18,16,6,0.567969372021478,0.2840492771368084,0.046980114730210826,0,0.0,0.0
18,16,7,0.567969372021478,0.2840492771368084,0.0541668589586459,0,0.0,0.0
18,16,8,0.567969372021478,0.2840492771368084,0.06135360318708098,0,0.0,0.0
18,16,9,0.567969372021478,0.2840492771368084,0.06854034741551607,0,0.0,0.0
18,16,10,0.567969372021478,0.2840492771368084,0.07572709164395114,0,0.0,0.0
18,16,11,0.567969372021478,0.2840492771368084,0.08291383587238624,0,0.0,0.0
18,16,12,0.567969372021478,0.2840492771368084,0.09010058010082131,0,0.0,0.0
18,16,13,0.567969372021478,0.2840492771368084,0.09728732432925638,0,0.0,0.0
18,16,14,0.567969372021478,0.2840492771368084,0.10447406855769147,0,0.0,0.0
18,16,15,0.567969372021478,0.2840492771368084,0.11166081278612655,0,0.0,0.0
18,16,16,0.567969372021478,0.2840492771368084,0.11884755701456162,0,0.0,0.0
18,16,17,0.567969372021478,0.2840492771368084,0.12603430124299672,0,0.0,0.0
18,16,18,0.567969372021478,0.2840492771368084,0.1332210454714318,0,0.0,0.0
18,16,19,0.567969372021478,0.2840492771368084,0.14040778969986686,0,0.0,0.0
18,17,0,0.567969372021478,0.2999745241368579,0.0038596493596003397,0,0.0,0.0
18,17,1,0.567969372021478,0.2999745241368579,0.01104639358803542,0,0.0,0.0
18,17,2,0.567969372021478,0.2999745241368579,0.0182331378164705,0,0.0,0.0
18,17,3,0.567969372021478,0.2999745241368579,0.02541988204490558,0,0.0,0.0
18,17,4,0.567969372021478,0.2999745241368579,0.032606626273340655,0,0.0,0.0
18,17,5,0.567969372021478,0.2999745241368579,0.03979337050177574,0,0.0,0.0
18,17,6,0.567969372021478,0.2999745241368579,0.046980114730210826,0,0.0,0.0
18,17,7,0.567969372021478,0.2999745241368579,0.0541668589586459,0,0.0,0.0
18,17,8,0.567969372021478,0.2999745241368579,0.06135360318708098,0,0.0,0.0
18,17,9,0.567969372021478,0.2999745241368579,0.06854034741551607,0,0.0,0.0
18,17,10,0.567969372021478,0.2999745241368579,0.07572709164395114,0,0.0,0.0
18,17,11,0.567969372021478,0.2999745241368579,0.08291383587238624,0,0.0,0.0
18,17,12,0.567969372021478,0.2999745241368579,0.09010058010082131,0,0.0,0.0
18,17,13,0.567969372021478,0.2999745241368579,0.09728732432925638,0,0.0,0.0
18,17,14,0.567969372021478,0.2999745241368579,0.10447406855769147,0,0.0,0.0
18,17,15,0.567969372021478,0.2999745241368579,0.11166081278612655,0,0.0,0.0
18,17,16,0.567969372021478,0.2999745241368579,0.11884755701456162,0,0.0,0.0
18,17,17,0.567969372021478,0.2999745241368579,0.12603430124299672,0,0.0,0.0
18,17,18,0.567969372021478,0.2999745241368579,0.1332210454714318,0,0.0,0.0
18,17,19,0.567969372021478,0.2999745241368579,0.14040778969986686,0,0.0,0.0
18,18,0,0.567969372021478,0.3158997711369075,0.0038596493596003397,0,0.0,0.0
18,18,1,0.567969372021478,0.3158997711369075,0.01104639358803542,0,0.0,0.0
18,18,2,0.567969372021478,0.3158997711369075,0.0182331378164705,0,0.0,0.0
18,18,3,0.567969372021478,0.3158997711369075,0.02541988204490558,0,0.0,0.0
18,18,4,0.567969372021478,0.3158997711369075,0.032606626273340655,0,0.0,0.0
18,18,5,0.567969372021478,0.3158997711369075,0.03979337050177574,0,0.0,0.0
18,18,6,0.567969372021478,0.3158997711369075,0.046980114730210826,0,0.0,0.0
18,18,7,0.567969372021478,0.3158997711369075,0.0541668589586459,0,0.0,0.0
18,18,8,0.567969372021478,0.3158997711369075,0.06135360318708098,0,0.0,0.0
18,18,9,0.567969372021478,0.3158997711369075,0.06854034741551607,0,0.0,0.0
18,18,10,0.567969372021478,0.3158997711369075,0.07572709164395114,0,0.0,0.0
18,18,11,0.567969372021478,0.3158997711369075,0.08291383587238624,0,0.0,0.0
18,18,12,0.567969372021478,0.3158997711369075,0.09010058010082131,0,0.0,0.0
18,18,13,0.567969372021478,0.3158997711369075,0.09728732432925638,0,0.0,0.0
18,18,14,0.567969372021478,0.3158997711369075,0.10447406855769147,0,0.0,0.0
18,18,15,0.567969372021478,0.3158997711369075,0.11166081278612655,0,0.0,0.0
18,18,16,0.567969372021478,0.3158997711369075,0.11884755701456162,0,0.0,0.0
18,18,17,0.567969372021478,0.3158997711369075,0.12603430124299672,0,0.0,0.0
18,18,18,0.567969372021478,0.3158997711369075,0.1332210454714318,0,0.0,0.0
18,18,19,0.567969372021478,0.3158997711369075,0.14040778969986686,0,0.0,0.0
18,19,0,0.567969372021478,0.331825018136957,0.0038596493596003397,0,0.0,0.0
18,19,1,0.567969372021478,0.331825018136957,0.01104639358803542,0,0.0,0.0
18,19,2,0.567969372021478,0.331825018136957,0.0182331378164705,0,0.0,0.0
18,19,3,0.567969372021478,0.331825018136957,0.02541988204490558,0,0.0,0.0
18,19,4,0.567969372021478,0.331825018136957,0.032606626273340655,0,0.0,0.0
18,19,5,0.567969372021478,0.331825018136957,0.03979337050177574,0,0.0,0.0
18,19,6,0.567969372021478,0.331825018136957,0.046980114730210826,0,0.0,0.0
18,19,7,0.567969372021478,0.331825018136957,0.0541668589586459,0,0.0,0.0
18,19,8,0.567969372021478,0.331825018136957,0.06135360318708098,0,0.0,0.0
18,19,9,0.567969372021478,0.331825018136957,0.06854034741551607,0,0.0,0.0
18,19,10,0.567969372021478,0.331825018136957,0.07572709164395114,0,0.0,0.0
18,19,11,0.567969372021478,0.331825018136957,0.08291383587238624,0,0.0,0.0
18,19,12,0.567969372021478,0.331825018136957,0.09010058010082131,0,0.0,0.0
18,19,13,0.567969372021478,0.331825018136957,0.09728732432925638,0,0.0,0.0
18,19,14,0.567969372021478,0.331825018136957,0.10447406855769147,0,0.0,0.0
18,19,15,0.567969372021478,0.331825018136957,0.11166081278612655,0,0.0,0.0
18,19,16,0.567969372021478,0.331825018136957,0.11884755701456162,0,0.0,0.0
18,19,17,0.567969372021478,0.331825018136957,0.12603430124299672,0,0.0,0.0
18,19,18,0.567969372021478,0.331825018136957,0.1332210454714318,0,0.0,0.0
18,19,19,0.567969372021478,0.331825018136957,0.14040778969986686,0,0.0,0.0
19,0,0,0.6350651641764662,0.029245325136015476,0.0038596493596003397,2067,0.2067,0.023127873328895588
19,0,1,0.6350651641764662,0.029245325136015476,0.01104639358803542,276,0.0276,0.017570009005383948
19,0,2,0.6350651641764662,0.029245325136015476,0.0182331378164705,103,0.0103,0.007606116448182792
19,0,3,0.6350651641764662,0.029245325136015476,0.02541988204490558,6,0.0006,0.0030915059025781516
19,0,4,0.6350651641764662,0.029245325136015476,0.032606626273340655,0,0.0,0.0014085434045003427
19,0,5,0.6350651641764662,0.029245325136015476,0.03979337050177574,0,0.0,0.0005769323621633865
19,0,6,0.6350651641764662,0.029245325136015476,0.046980114730210826,0,0.0,0.00017472541190972316
19,0,7,0.6350651641764662,0.029245325136015476,0.0541668589586459,0,0.0,3.938160905008796e-05
19,0,8,0.6350651641764662,0.029245325136015476,0.06135360318708098,0,0.0,8.444348860326451e-06
19,0,9,0.6350651641764662,0.029245325136015476,0.06854034741551607,0,0.0,1.91800109806059e-06
19,0,10,0.6350651641764662,0.029245325136015476,0.07572709164395114,0,0.0,3.192689460436513e-07
19,0,11,0.6350651641764662,0.029245325136015476,0.08291383587238624,0,0.0,3.047546798905354e-08
19,0,12,0.6350651641764662,0.029245325136015476,0.09010058010082131,0,0.0,2.4193787901786786e-09
19,0,13,0.6350651641764662,0.029245325136015476,0.09728732432925638,0,0.0,2.7692551108934677e-10
19,0,14,0.6350651641764662,0.029245325136015476,0.10447406855769147,0,0.0,2.0930040430396066e-11
19,0,15,0.6350651641764662,0.029245325136015476,0.11166081278612655,0,0.0,6.320324559212982e-13
19,0,16,0.6350651641764662,0.029245325136015476,0.11884755701456162,0,0.0,0.0
19,0,17,0.6350651641764662,0.029245325136015476,0.12603430124299672,0,0.0,0.0
19,0,18,0.6350651641764662,0.029245325136015476,0.1332210454714318,0,0.0,0.0
19,0,19,0.6350651641764662,0.029245325136015476,0.14040778969986686,0,0.0,0.0
19,1,0,0.6350651641764662,0.045170572136065026,0.0038596493596003397,12,0.0012,0.014766508277894922
19,1,1,0.6350651641764662,0.045170572136065026,0.01104639358803542,80,0.008,0.01208625532093574
19,1,2,0.6350651641764662,0.045170572136065026,0.0182331378164705,68,0.0068,0.006478505310569884
19,1,3,0.6350651641764662,0.045170572136065026,0.02541988204490558,88,0.0088,0.003719914736560773
19,1,4,0.6350651641764662,0.045170572136065026,0.032606626273340655,44,0.0044,0.0021928683998615117
19,1,5,0.6350651641764662,0.045170572136065026,0.03979337050177574,16,0.0016,0.0010381286306729777
19,1,6,0.6350651641764662,0.045170572136065026,0.046980114730210826,0,0.0,0.00037930521188659424
19,1,7,0.6350651641764662,0.045170572136065026,0.0541668589586459,0,0.0,0.0001192733390931482
19,1,8,0.6350651641764662,0.045170572136065026,0.06135360318708098,0,0.0,3.5439202403518015e-05
19,1,9,0.6350651641764662,0.045170572136065026,0.06854034741551607,0,0.0,9.642073926132157e-06
19,1,10,0.6350651641764662,0.045170572136065026,0.07572709164395114,0,0.0,1.921777615081165e-06
19,1,11,0.6350651641764662,0.045170572136065026,0.08291383587238624,0,0.0,2.754398816724411e-07
19,1,12,0.6350651641764662,0.045170572136065026,0.09010058010082131,0,0.0,5.016674346384215e-08
19,1,13,0.6350651641764662,0.045170572136065026,0.09728732432925638,0,0.0,8.766853326749689e-09
19,1,14,0.6350651641764662,0.045170572136065026,0.10447406855769147,0,0.0,7.283886091795064e-10
19,1,15,0.6350651641764662,0.045170572136065026,0.11166081278612655,0,0.0,4.187165693902075e-11
19,1,16,0.6350651641764662,0.045170572136065026,0.11884755701456162,0,0.0,4.670472840420183e-12
19,1,17,0.6350651641764662,0.045170572136065026,0.12603430124299672,0,0.0,3.8334706244974095e-13
19,1,18,0.6350651641764662,0.045170572136065026,0.1332210454714318,0,0.0,1.15760782286143e-14
19,1,19,0.6350651641764662,0.045170572136065026,0.14040778969986686,0,0.0,0.0
19,2,0,0.6350651641764662,0.06109581913611459,0.0038596493596003397,0,0.0,0.003757712395892595
19,2,1,0.6350651641764662,0.06109581913611459,0.01104639358803542,0,0.0,0.003637355665258646
19,2,2,0.6350651641764662,0.06109581913611459,0.0182331378164705,6,0.0006,0.0027486345024699548
19,2,3,0.6350651641764662,0.06109581913611459,0.02541988204490558,7,0.0007,0.00217464500495731
19,2,4,0.6350651641764662,0.06109581913611459,0.032606626273340655,3,0.0003,0.0015161987047491077
19,2,5,0.6350651641764662,0.06109581913611459,0.03979337050177574,1,0.0001,0.0008377315333491916
19,2,6,0.6350651641764662,0.06109581913611459,0.046980114730210826,5,0.0005,0.000401107232740258
19,2,7,0.6350651641764662,0.06109581913611459,0.0541668589586459,2,0.0002,0.0001720377057894672
19,2,8,0.6350651641764662,0.06109581913611459,0.06135360318708098,0,0.0,6.394433641585684e-05
19,2,9,0.6350651641764662,0.06109581913611459,0.06854034741551607,0,0.0,2.15807447325073e-05
19,2,10,0.6350651641764662,0.06109581913611459,0.07572709164395114,0,0.0,5.929223740729691e-06
19,2,11,0.6350651641764662,0.06109581913611459,0.08291383587238624,0,0.0,1.5794019911166743e-06
19,2,12,0.6350651641764662,0.06109581913611459,0.09010058010082131,0,0.0,5.229966216358642e-07
19,2,13,0.6350651641764662,0.06109581913611459,0.09728732432925638,0,0.0,1.0594724038258607e-07
19,2,14,0.6350651641764662,0.06109581913611459,0.10447406855769147,0,0.0,9.673686831322218e-09
19,2,15,0.6350651641764662,0.06109581913611459,0.11166081278612655,0,0.0,1.0100350584133043e-09
19,2,16,0.6350651641764662,0.06109581913611459,0.11884755701456162,0,0.0,4.0978593561500023e-10
19,2,17,0.6350651641764662,0.06109581913611459,0.12603430124299672,0,0.0,4.3308581109859124e-10
19,2,18,0.6350651641764662,0.06109581913611459,0.1332210454714318,0,0.0,2.5536343820302943e-10
19,2,19,0.6350651641764662,0.06109581913611459,0.14040778969986686,0,0.0,5.689374857085878e-11
19,3,0,0.6350651641764662,0.07702106613616413,0.0038596493596003397,0,0.0,0.0004208042248977137
19,3,1,0.6350651641764662,0.07702106613616413,0.01104639358803542,0,0.0,0.0005540443541444794
19,3,2,0.6350651641764662,0.07702106613616413,0.0182331378164705,0,0.0,0.000627031100773971
19,3,3,0.6350651641764662,0.07702106613616413,0.02541988204490558,0,0.0,0.0006384783846882095
19,3,4,0.6350651641764662,0.07702106613616413,0.032606626273340655,2,0.0002,0.000527372877876256
19,3,5,0.6350651641764662,0.07702106613616413,0.03979337050177574,1,0.0001,0.0003638767445230949
19,3,6,0.6350651641764662,0.07702106613616413,0.046980114730210826,0,0.0,0.00022627767416026693
19,3,7,0.6350651641764662,0.07702106613616413,0.0541668589586459,0,0.0,0.00011814940821127402
19,3,8,0.6350651641764662,0.07702106613616413,0.06135360318708098,1,0.0001,5.4077309626057124e-05
19,3,9,0.6350651641764662,0.07702106613616413,0.06854034741551607,0,0.0,2.536486896087804e-05
19,3,10,0.6350651641764662,0.07702106613616413,0.07572709164395114,0,0.0,1.1058746070027238e-05
19,3,11,0.6350651641764662,0.07702106613616413,0.08291383587238624,0,0.0,5.314864673288695e-06
19,3,12,0.6350651641764662,0.07702106613616413,0.09010058010082131,0,0.0,2.2924799912375843e-06
19,3,13,0.6350651641764662,0.07702106613616413,0.09728732432925638,0,0.0,4.896675075493044e-07
19,3,14,0.6350651641764662,0.07702106613616413,0.10447406855769147,0,0.0,5.411444296222544e-08
19,3,15,0.6350651641764662,0.07702106613616413,0.11166081278612655,0,0.0,1.1629908009921817e-08
19,3,16,0.6350651641764662,0.07702106613616413,0.11884755701456162,0,0.0,1.0332654304913302e-08
19,3,17,0.6350651641764662,0.07702106613616413,0.12603430124299672,0,0.0,1.4076094514451244e-08
19,3,18,0.6350651641764662,0.07702106613616413,0.1332210454714318,0,0.0,8.448451081862001e-09
19,3,19,0.6350651641764662,0.07702106613616413,0.14040778969986686,0,0.0,1.8840621975481933e-09
19,4,0,0.6350651641764662,0.09294631313621368,0.0038596493596003397,0,0.0,2.4018272139744973e-05
19,4,1,0.6350651641764662,0.09294631313621368,0.01104639358803542,0,0.0,4.849888706451029e-05
19,4,2,0.6350651641764662,0.09294631313621368,0.0182331378164705,0,0.0,8.049719989626986e-05
19,4,3,0.6350651641764662,0.09294631313621368,0.02541988204490558,0,0.0,0.00010679704988401429
19,4,4,0.6350651641764662,0.09294631313621368,0.032606626273340655,0,0.0,0.00011439986413477528
19,4,5,0.6350651641764662,0.09294631313621368,0.03979337050177574,0,0.0,9.957813249645078e-05
19,4,6,0.6350651641764662,0.09294631313621368,0.046980114730210826,0,0.0,7.207768493796706e-05
19,4,7,0.6350651641764662,0.09294631313621368,0.0541668589586459,0,0.0,4.367609625200054e-05
19,4,8,0.6350651641764662,0.09294631313621368,0.06135360318708098,0,0.0,2.631464960086351e-05
19,4,9,0.6350651641764662,0.09294631313621368,0.06854034741551607,0,0.0,1.882224394492594e-05
19,4,10,0.6350651641764662,0.09294631313621368,0.07572709164395114,0,0.0,1.358115570967853e-05
19,4,11,0.6350651641764662,0.09294631313621368,0.08291383587238624,0,0.0,9.1102243404514e-06
19,4,12,0.6350651641764662,0.09294631313621368,0.09010058010082131,0,0.0,4.15108036974141e-06
19,4,13,0.6350651641764662,0.09294631313621368,0.09728732432925638,0,0.0,9.428880905095828e-07
19,4,14,0.6350651641764662,0.09294631313621368,0.10447406855769147,0,0.0,1.510176435252219e-07
19,4,15,0.6350651641764662,0.09294631313621368,0.11166081278612655,0,0.0,6.45840316131837e-08
19,4,16,0.6350651641764662,0.09294631313621368,0.11884755701456162,0,0.0,1.1136761727312734e-07
19,4,17,0.6350651641764662,0.09294631313621368,0.12603430124299672,0,0.0,1.7029098196341168e-07
19,4,18,0.6350651641764662,0.09294631313621368,0.1332210454714318,0,0.0,1.028872405739421e-07
19,4,19,0.6350651641764662,0.09294631313621368,0.14040778969986686,0,0.0,2.2952576343220583e-08
19,5,0,0.6350651641764662,0.10887156013626324,0.0038596493596003397,0,0.0,7.105199936458405e-07
19,5,1,0.6350651641764662,0.10887156013626324,0.01104639358803542,0,0.0,2.4632577134544044e-06
19,5,2,0.6350651641764662,0.10887156013626324,0.0182331378164705,0,0.0,5.963219261769956e-06
19,5,3,0.6350651641764662,0.10887156013626324,0.02541988204490558,0,0.0,1.1096611521530537e-05
19,5,4,0.6350651641764662,0.10887156013626324,0.032606626273340655,0,0.0,1.5751856977630076e-05
19,5,5,0.6350651641764662,0.10887156013626324,0.03979337050177574,0,0.0,1.615592549045034e-05
19,5,6,0.6350651641764662,0.10887156013626324,0.046980114730210826,0,0.0,1.35371784353761e-05
19,5,7,0.6350651641764662,0.10887156013626324,0.0541668589586459,0,0.0,1.0467871800946455e-05
19,5,8,0.6350651641764662,0.10887156013626324,0.06135360318708098,0,0.0,8.586310619686956e-06
19,5,9,0.6350651641764662,0.10887156013626324,0.06854034741551607,0,0.0,9.723059654909703e-06
19,5,10,0.6350651641764662,0.10887156013626324,0.07572709164395114,0,0.0,1.0591874480642202e-05
19,5,11,0.6350651641764662,0.10887156013626324,0.08291383587238624,0,0.0,7.86302422339042e-06
19,5,12,0.6350651641764662,0.10887156013626324,0.09010058010082131,0,0.0,3.6505480338574524e-06
19,5,13,0.6350651641764662,0.10887156013626324,0.09728732432925638,0,0.0,1.050375145659424e-06
19,5,14,0.6350651641764662,0.10887156013626324,0.10447406855769147,0,0.0,2.5432388818992124e-07
19,5,15,0.6350651641764662,0.10887156013626324,0.11166081278612655,0,0.0,1.7487891197266877e-07
19,5,16,0.6350651641764662,0.10887156013626324,0.11884755701456162,0,0.0,4.751922830320933e-07
19,5,17,0.6350651641764662,0.10887156013626324,0.12603430124299672,0,0.0,7.612276807097574e-07
19,5,18,0.6350651641764662,0.10887156013626324,0.1332210454714318,0,0.0,4.6104932742689493e-07
19,5,19,0.6350651641764662,0.10887156013626324,0.14040778969986686,0,0.0,1.0286631053351171e-07
19,6,0,0.6350651641764662,0.1247968071363128,0.0038596493596003397,0,0.0,1.1277023785809622e-08
19,6,1,0.6350651641764662,0.1247968071363128,0.01104639358803542,0,0.0,6.668129705837662e-08
19,6,2,0.6350651641764662,0.1247968071363128,0.0182331378164705,0,0.0,2.4277728598890806e-07
19,6,3,0.6350651641764662,0.1247968071363128,0.02541988204490558,0,0.0,6.380253608998776e-07
19,6,4,0.6350651641764662,0.1247968071363128,0.032606626273340655,0,0.0,1.1142960787383423e-06
19,6,5,0.6350651641764662,0.1247968071363128,0.03979337050177574,0,0.0,1.3395190073031887e-06
19,6,6,0.6350651641764662,0.1247968071363128,0.046980114730210826,0,0.0,1.476147651186056e-06
19,6,7,0.6350651641764662,0.1247968071363128,0.0541668589586459,0,0.0,1.54790687605641e-06
19,6,8,0.6350651641764662,0.1247968071363128,0.06135360318708098,0,0.0,1.7505342980900584e-06
19,6,9,0.6350651641764662,0.1247968071363128,0.06854034741551607,0,0.0,3.22071118865445e-06
19,6,10,0.6350651641764662,0.1247968071363128,0.07572709164395114,0,0.0,4.567831480677995e-06
19,6,11,0.6350651641764662,0.1247968071363128,0.08291383587238624,0,0.0,3.7031910802980194e-06
19,6,12,0.6350651641764662,0.1247968071363128,0.09010058010082131,0,0.0,2.195137504474246e-06
19,6,13,0.6350651641764662,0.1247968071363128,0.09728732432925638,0,0.0,9.405099852934978e-07
19,6,14,0.6350651641764662,0.1247968071363128,0.10447406855769147,0,0.0,2.557534312594008e-07
19,6,15,0.6350651641764662,0.1247968071363128,0.11166081278612655,0,0.0,2.2163762645261085e-07
19,6,16,0.6350651641764662,0.1247968071363128,0.11884755701456162,0,0.0,7.68949743313052e-07
19,6,17,0.6350651641764662,0.1247968071363128,0.12603430124299672,0,0.0,1.2538613145827204e-06
19,6,18,0.6350651641764662,0.1247968071363128,0.1332210454714318,0,0.0,7.601058692625692e-07
19,6,19,0.6350651641764662,0.1247968071363128,0.14040778969986686,0,0.0,1.695978742150454e-07
19,7,0,0.6350651641764662,0.14072205413636235,0.0038596493596003397,0,0.0,6.910230576064547e-11
19,7,1,0.6350651641764662,0.14072205413636235,0.01104639358803542,0,0.0,6.860373738494311e-10
19,7,2,0.6350651641764662,0.14072205413636235,0.0182331378164705,0,0.0,4.443613202582611e-09
19,7,3,0.6350651641764662,0.14072205413636235,0.02541988204490558,0,0.0,1.6600082812326265e-08
19,7,4,0.6350651641764662,0.14072205413636235,0.032606626273340655,0,0.0,3.494749968430292e-08
19,7,5,0.6350651641764662,0.14072205413636235,0.03979337050177574,0,0.0,5.3392813716769336e-08
19,7,6,0.6350651641764662,0.14072205413636235,0.046980114730210826,0,0.0,8.357727220302129e-08
19,7,7,0.6350651641764662,0.14072205413636235,0.0541668589586459,0,0.0,1.1307336329163923e-07
19,7,8,0.6350651641764662,0.14072205413636235,0.06135360318708098,0,0.0,1.9744838595961848e-07
19,7,9,0.6350651641764662,0.14072205413636235,0.06854034741551607,0,0.0,5.565892275675708e-07
19,7,10,0.6350651641764662,0.14072205413636235,0.07572709164395114,0,0.0,9.431622045834941e-07
19,7,11,0.6350651641764662,0.14072205413636235,0.08291383587238624,0,0.0,9.947477904408609e-07
19,7,12,0.6350651641764662,0.14072205413636235,0.09010058010082131,0,0.0,9.040688523630198e-07
19,7,13,0.6350651641764662,0.14072205413636235,0.09728732432925638,0,0.0,4.868986263714835e-07
19,7,14,0.6350651641764662,0.14072205413636235,0.10447406855769147,0,0.0,1.2623714638419235e-07
19,7,15,0.6350651641764662,0.14072205413636235,0.11166081278612655,0,0.0,1.1977947261439296e-07
19,7,16,0.6350651641764662,0.14072205413636235,0.11884755701456162,0,0.0,4.631540029382326e-07
19,7,17,0.6350651641764662,0.14072205413636235,0.12603430124299672,0,0.0,7.60239592465032e-07
19,7,18,0.6350651641764662,0.14072205413636235,0.1332210454714318,0,0.0,4.6101948974731386e-07
19,7,19,0.6350651641764662,0.14072205413636235,0.14040778969986686,0,0.0,1.0286631053351171e-07
19,8,0,0.6350651641764662,0.1566473011364119,0.0038596493596003397,0,0.0,3.7175205595416444e-14
19,8,1,0.6350651641764662,0.1566473011364119,0.01104639358803542,0,0.0,7.958810346371136e-13
19,8,2,0.6350651641764662,0.1566473011364119,0.0182331378164705,0,0.0,8.701013865534662e-12
19,8,3,0.6350651641764662,0.1566473011364119,0.02541988204490558,0,0.0,5.287791606247846e-11
19,8,4,0.6350651641764662,0.1566473011364119,0.032606626273340655,0,0.0,2.1579812707051359e-10
19,8,5,0.6350651641764662,0.1566473011364119,0.03979337050177574,0,0.0,7.476224947439549e-10
19,8,6,0.6350651641764662,0.1566473011364119,0.046980114730210826,0,0.0,1.984561024988808e-09
19,8,7,0.6350651641764662,0.1566473011364119,0.0541668589586459,0,0.0,3.5916141711646024e-09
19,8,8,0.6350651641764662,0.1566473011364119,0.06135360318708098,0,0.0,1.1234011435440557e-08
19,8,9,0.6350651641764662,0.1566473011364119,0.06854034741551607,0,0.0,4.246323808972061e-08
19,8,10,0.6350651641764662,0.1566473011364119,0.07572709164395114,0,0.0,8.808588236307954e-08
19,8,11,0.6350651641764662,0.1566473011364119,0.08291383587238624,0,0.0,1.4313752683010483e-07
19,8,12,0.6350651641764662,0.1566473011364119,0.09010058010082131,0,0.0,1.7945139307207957e-07
19,8,13,0.6350651641764662,0.1566473011364119,0.09728732432925638,0,0.0,1.0459063206611516e-07
19,8,14,0.6350651641764662,0.1566473011364119,0.10447406855769147,0,0.0,2.6026051258024365e-08
19,8,15,0.6350651641764662,0.1566473011364119,0.11166081278612655,0,0.0,2.5530761668653416e-08
19,8,16,0.6350651641764662,0.1566473011364119,0.11884755701456162,0,0.0,1.0307786910105387e-07
19,8,17,0.6350651641764662,0.1566473011364119,0.12603430124299672,0,0.0,1.6961056892627544e-07
19,8,18,0.6350651641764662,0.1566473011364119,0.1332210454714318,0,0.0,1.0286669388057416e-07
19,8,19,0.6350651641764662,0.1566473011364119,0.14040778969986686,0,0.0,2.2952576343220583e-08
19,9,0,0.6350651641764662,0.17257254813646145,0.0038596493596003397,0,0.0,0.0
19,9,1,0.6350651641764662,0.17257254813646145,0.01104639358803542,0,0.0,0.0
19,9,2,0.6350651641764662,0.17257254813646145,0.0182331378164705,0,0.0,0.0
19,9,3,0.6350651641764662,0.17257254813646145,0.02541988204490558,0,0.0,0.0
19,9,4,0.6350651641764662,0.17257254813646145,0.032606626273340655,0,0.0,3.495672727962196e-16
19,9,5,0.6350651641764662,0.17257254813646145,0.03979337050177574,0,0.0,1.1576078228614303e-14
19,9,6,0.6350651641764662,0.17257254813646145,0.046980114730210826,0,0.0,7.846340372586371e-13
19,9,7,0.6350651641764662,0.17257254813646145,0.0541668589586459,0,0.0,2.1945419948767107e-11
19,9,8,0.6350651641764662,0.17257254813646145,0.06135360318708098,0,0.0,2.653627326079975e-10
19,9,9,0.6350651641764662,0.17257254813646145,0.06854034741551607,0,0.0,1.3189683794761687e-09
19,9,10,0.6350651641764662,0.17257254813646145,0.07572709164395114,0,0.0,3.8029258250350395e-09
19,9,11,0.6350651641764662,0.17257254813646145,0.08291383587238624,0,0.0,9.608479442234388e-09
19,9,12,0.6350651641764662,0.17257254813646145,0.09010058010082131,0,0.0,1.4186804004166157e-08
19,9,13,0.6350651641764662,0.17257254813646145,0.09728732432925638,0,0.0,8.491326542241164e-09
19,9,14,0.6350651641764662,0.17257254813646145,0.10447406855769147,0,0.0,2.074007877332743e-09
19,9,15,0.6350651641764662,0.17257254813646145,0.11166081278612655,0,0.0,2.0596570569499014e-09
19,9,16,0.6350651641764662,0.17257254813646145,0.11884755701456162,0,0.0,8.45312155470242e-09
19,9,17,0.6350651641764662,0.17257254813646145,0.12603430124299672,0,0.0,1.392182461862061e-08
19,9,18,0.6350651641764662,0.17257254813646145,0.1332210454714318,0,0.0,8.443792534667083e-09
19,9,19,0.6350651641764662,0.17257254813646145,0.14040778969986686,0,0.0,1.8840621975481933e-09
19,10,0,0.6350651641764662,0.188497795136511,0.0038596493596003397,0,0.0,0.0
19,10,1,0.6350651641764662,0.188497795136511,0.01104639358803542,0,0.0,0.0
19,10,2,0.6350651641764662,0.188497795136511,0.0182331378164705,0,0.0,0.0
19,10,3,0.6350651641764662,0.188497795136511,0.02541988204490558,0,0.0,0.0
19,10,4,0.6350651641764662,0.188497795136511,0.032606626273340655,0,0.0,0.0
19,10,5,0.6350651641764662,0.188497795136511,0.03979337050177574,0,0.0,0.0
19,10,6,0.6350651641764662,0.188497795136511,0.046980114730210826,0,0.0,3.495672727962196e-16
19,10,7,0.6350651641764662,0.188497795136511,0.0541668589586459,0,0.0,1.1576078228614303e-14
19,10,8,0.6350651641764662,0.188497795136511,0.06135360318708098,0,0.0,2.820510062174494e-13
19,10,9,0.6350651641764662,0.188497795136511,0.06854034741551607,0,0.0,5.302155729068685e-12
19,10,10,0.6350651641764662,0.188497795136511,0.07572709164395114,0,0.0,5.793579392470906e-11
19,10,11,0.6350651641764662,0.188497795136511,0.08291383587238624,0,0.0,2.5561212359650096e-10
19,10,12,0.6350651641764662,0.188497795136511,0.09010058010082131,0,0.0,4.205321253716397e-10
19,10,13,0.6350651641764662,0.188497795136511,0.09728732432925638,0,0.0,2.55132692721917e-10
19,10,14,0.6350651641764662,0.188497795136511,0.10447406855769147,0,0.0,6.156422141127896e-11
19,10,15,0.6350651641764662,0.188497795136511,0.11166081278612655,0,0.0,6.156387184400616e-11
19,10,16,0.6350651641764662,0.188497795136511,0.11884755701456162,0,0.0,2.551211166436884e-10
19,10,17,0.6350651641764662,0.188497795136511,0.12603430124299672,0,0.0,4.20391099868531e-10
19,10,18,0.6350651641764662,0.188497795136511,0.1332210454714318,0,0.0,2.5498009114057967e-10
19,10,19,0.6350651641764662,0.188497795136511,0.14040778969986686,0,0.0,5.689374857085878e-11
19,11,0,0.6350651641764662,0.20442304213656057,0.0038596493596003397,0,0.0,0.0
19,11,1,0.6350651641764662,0.20442304213656057,0.01104639358803542,0,0.0,0.0
19,11,2,0.6350651641764662,0.20442304213656057,0.0182331378164705,0,0.0,0.0
19,11,3,0.6350651641764662,0.20442304213656057,0.02541988204490558,0,0.0,0.0
19,11,4,0.6350651641764662,0.20442304213656057,0.032606626273340655,0,0.0,0.0
19,11,5,0.6350651641764662,0.20442304213656057,0.03979337050177574,0,0.0,0.0
19,11,6,0.6350651641764662,0.20442304213656057,0.046980114730210826,0,0.0,0.0
19,11,7,0.6350651641764662,0.20442304213656057,0.0541668589586459,0,0.0,0.0
19,11,8,0.6350651641764662,0.20442304213656057,0.06135360318708098,0,0.0,0.0
19,11,9,0.6350651641764662,0.20442304213656057,0.06854034741551607,0,0.0,0.0
19,11,10,0.6350651641764662,0.20442304213656057,0.07572709164395114,0,0.0,0.0
19,11,11,0.6350651641764662,0.20442304213656057,0.08291383587238624,0,0.0,0.0
19,11,12,0.6350651641764662,0.20442304213656057,0.09010058010082131,0,0.0,0.0
19,11,13,0.6350651641764662,0.20442304213656057,0.09728732432925638,0,0.0,0.0
19,11,14,0.6350651641764662,0.20442304213656057,0.10447406855769147,0,0.0,0.0
19,11,15,0.6350651641764662,0.20442304213656057,0.11166081278612655,0,0.0,0.0
19,11,16,0.6350651641764662,0.20442304213656057,0.11884755701456162,0,0.0,0.0
19,11,17,0.6350651641764662,0.20442304213656057,0.12603430124299672,0,0.0,0.0
19,11,18,0.6350651641764662,0.20442304213656057,0.1332210454714318,0,0.0,0.0
19,11,19,0.6350651641764662,0.20442304213656057,0.14040778969986686,0,0.0,0.0
19,12,0,0.6350651641764662,0.22034828913661011,0.0038596493596003397,0,0.0,0.0
19,12,1,0.6350651641764662,0.22034828913661011,0.01104639358803542,0,0.0,0.0
19,12,2,0.6350651641764662,0.22034828913661011,0.0182331378164705,0,0.0,0.0
19,12,3,0.6350651641764662,0.22034828913661011,0.02541988204490558,0,0.0,0.0
19,12,4,0.6350651641764662,0.22034828913661011,0.032606626273340655,0,0.0,0.0
19,12,5,0.6350651641764662,0.22034828913661011,0.03979337050177574,0,0.0,0.0
19,12,6,0.6350651641764662,0.22034828913661011,0.046980114730210826,0,0.0,0.0
19,12,7,0.6350651641764662,0.22034828913661011,0.0541668589586459,0,0.0,0.0
19,12,8,0.6350651641764662,0.22034828913661011,0.06135360318708098,0,0.0,0.0
19,12,9,0.6350651641764662,0.22034828913661011,0.06854034741551607,0,0.0,0.0
19,12,10,0.6350651641764662,0.22034828913661011,0.07572709164395114,0,0.0,0.0
19,12,11,0.6350651641764662,0.22034828913661011,0.08291383587238624,0,0.0,0.0
19,12,12,0.6350651641764662,0.22034828913661011,0.09010058010082131,0,0.0,0.0
19,12,13,0.6350651641764662,0.22034828913661011,0.09728732432925638,0,0.0,0.0
19,12,14,0.6350651641764662,0.22034828913661011,0.10447406855769147,0,0.0,0.0
19,12,15,0.6350651641764662,0.22034828913661011,0.11166081278612655,0,0.0,0.0
19,12,16,0.6350651641764662,0.22034828913661011,0.11884755701456162,0,0.0,0.0
19,12,17,0.6350651641764662,0.22034828913661011,0.12603430124299672,0,0.0,0.0
19,12,18,0.6350651641764662,0.22034828913661011,0.1332210454714318,0,0.0,0.0
19,12,19,0.6350651641764662,0.22034828913661011,0.14040778969986686,0,0.0,0.0
19,13,0,0.6350651641764662,0.2362735361366597,0.0038596493596003397,0,0.0,0.0
19,13,1,0.6350651641764662,0.2362735361366597,0.01104639358803542,0,0.0,0.0
19,13,2,0.6350651641764662,0.2362735361366597,0.0182331378164705,0,0.0,0.0
19,13,3,0.6350651641764662,0.2362735361366597,0.02541988204490558,0,0.0,0.0
19,13,4,0.6350651641764662,0.2362735361366597,0.032606626273340655,0,0.0,0.0
19,13,5,0.6350651641764662,0.2362735361366597,0.03979337050177574,0,0.0,0.0
19,13,6,0.6350651641764662,0.2362735361366597,0.046980114730210826,0,0.0,0.0
19,13,7,0.6350651641764662,0.2362735361366597,0.0541668589586459,0,0.0,0.0
19,13,8,0.6350651641764662,0.2362735361366597,0.06135360318708098,0,0.0,0.0
19,13,9,0.6350651641764662,0.2362735361366597,0.06854034741551607,0,0.0,0.0
19,13,10,0.6350651641764662,0.2362735361366597,0.07572709164395114,0,0.0,0.0
19,13,11,0.6350651641764662,0.2362735361366597,0.08291383587238624,0,0.0,0.0
19,13,12,0.6350651641764662,0.2362735361366597,0.09010058010082131,0,0.0,0.0
19,13,13,0.6350651641764662,0.2362735361366597,0.09728732432925638,0,0.0,0.0
19,13,14,0.6350651641764662,0.2362735361366597,0.10447406855769147,0,0.0,0.0
19,13,15,0.6350651641764662,0.2362735361366597,0.11166081278612655,0,0.0,0.0
19,13,16,0.6350651641764662,0.2362735361366597,0.11884755701456162,0,0.0,0.0
19,13,17,0.6350651641764662,0.2362735361366597,0.12603430124299672,0,0.0,0.0
19,13,18,0.6350651641764662,0.2362735361366597,0.1332210454714318,0,0.0,0.0
19,13,19,0.6350651641764662,0.2362735361366597,0.14040778969986686,0,0.0,0.0
19,14,0,0.6350651641764662,0.25219878313670924,0.0038596493596003397,0,0.0,0.0
19,14,1,0.6350651641764662,0.25219878313670924,0.01104639358803542,0,0.0,0.0
19,14,2,0.6350651641764662,0.25219878313670924,0.0182331378164705,0,0.0,0.0
19,14,3,0.6350651641764662,0.25219878313670924,0.02541988204490558,0,0.0,0.0
19,14,4,0.6350651641764662,0.25219878313670924,0.032606626273340655,0,0.0,0.0
19,14,5,0.6350651641764662,0.25219878313670924,0.03979337050177574,0,0.0,0.0
19,14,6,0.6350651641764662,0.25219878313670924,0.046980114730210826,0,0.0,0.0
19,14,7,0.6350651641764662,0.25219878313670924,0.0541668589586459,0,0.0,0.0
19,14,8,0.6350651641764662,0.25219878313670924,0.06135360318708098,0,0.0,0.0
19,14,9,0.6350651641764662,0.25219878313670924,0.06854034741551607,0,0.0,0.0
19,14,10,0.6350651641764662,0.25219878313670924,0.07572709164395114,0,0.0,0.0
19,14,11,0.6350651641764662,0.25219878313670924,0.08291383587238624,0,0.0,0.0
19,14,12,0.6350651641764662,0.25219878313670924,0.09010058010082131,0,0.0,0.0
19,14,13,0.6350651641764662,0.25219878313670924,0.09728732432925638,0,0.0,0.0
19,14,14,0.6350651641764662,0.25219878313670924,0.10447406855769147,0,0.0,0.0
19,14,15,0.6350651641764662,0.25219878313670924,0.11166081278612655,0,0.0,0.0
19,14,16,0.6350651641764662,0.25219878313670924,0.11884755701456162,0,0.0,0.0
19,14,17,0.6350651641764662,0.25219878313670924,0.12603430124299672,0,0.0,0.0
19,14,18,0.6350651641764662,0.25219878313670924,0.1332210454714318,0,0.0,0.0
19,14,19,0.6350651641764662,0.25219878313670924,0.14040778969986686,0,0.0,0.0
19,15,0,0.6350651641764662,0.2681240301367588,0.0038596493596003397,0,0.0,0.0
19,15,1,0.6350651641764662,0.2681240301367588,0.01104639358803542,0,0.0,0.0
19,15,2,0.6350651641764662,0.2681240301367588,0.0182331378164705,0,0.0,0.0
19,15,3,0.6350651641764662,0.2681240301367588,0.02541988204490558,0,0.0,0.0
19,15,4,0.6350651641764662,0.2681240301367588,0.032606626273340655,0,0.0,0.0
19,15,5,0.6350651641764662,0.2681240301367588,0.03979337050177574,0,0.0,0.0
19,15,6,0.6350651641764662,0.2681240301367588,0.046980114730210826,0,0.0,0.0
19,15,7,0.6350651641764662,0.2681240301367588,0.0541668589586459,0,0.0,0.0
19,15,8,0.6350651641764662,0.2681240301367588,0.06135360318708098,0,0.0,0.0
19,15,9,0.6350651641764662,0.2681240301367588,0.06854034741551607,0,0.0,0.0
19,15,10,0.6350651641764662,0.2681240301367588,0.07572709164395114,0,0.0,0.0
19,15,11,0.6350651641764662,0.2681240301367588,0.08291383587238624,0,0.0,0.0
19,15,12,0.6350651641764662,0.2681240301367588,0.09010058010082131,0,0.0,0.0
19,15,13,0.6350651641764662,0.2681240301367588,0.09728732432925638,0,0.0,0.0
19,15,14,0.6350651641764662,0.2681240301367588,0.10447406855769147,0,0.0,0.0
19,15,15,0.6350651641764662,0.2681240301367588,0.11166081278612655,0,0.0,0.0
19,15,16,0.6350651641764662,0.2681240301367588,0.11884755701456162,0,0.0,0.0
19,15,17,0.6350651641764662,0.2681240301367588,0.12603430124299672,0,0.0,0.0
19,15,18,0.6350651641764662,0.2681240301367588,0.1332210454714318,0,0.0,0.0
19,15,19,0.6350651641764662,0.2681240301367588,0.14040778969986686,0,0.0,0.0
19,16,0,0.6350651641764662,0.2840492771368084,0.0038596493596003397,0,0.0,0.0
19,16,1,0.6350651641764662,0.2840492771368084,0.01104639358803542,0,0.0,0.0
19,16,2,0.6350651641764662,0.2840492771368084,0.0182331378164705,0,0.0,0.0
19,16,3,0.6350651641764662,0.2840492771368084,0.02541988204490558,0,0.0,0.0
19,16,4,0.6350651641764662,0.2840492771368084,0.032606626273340655,0,0.0,0.0
19,16,5,0.6350651641764662,0.2840492771368084,0.03979337050177574,0,0.0,0.0
19,16,6,0.6350651641764662,0.2840492771368084,0.046980114730210826,0,0.0,0.0
19,16,7,0.6350651641764662,0.2840492771368084,0.0541668589586459,0,0.0,0.0
19,16,8,0.6350651641764662,0.2840492771368084,0.06135360318708098,0,0.0,0.0
19,16,9,0.6350651641764662,0.2840492771368084,0.06854034741551607,0,0.0,0.0
19,16,10,0.6350651641764662,0.2840492771368084,0.07572709164395114,0,0.0,0.0
19,16,11,0.6350651641764662,0.2840492771368084,0.08291383587238624,0,0.0,0.0
19,16,12,0.6350651641764662,0.2840492771368084,0.09010058010082131,0,0.0,0.0
19,16,13,0.6350651641764662,0.2840492771368084,0.09728732432925638,0,0.0,0.0
19,16,14,0.6350651641764662,0.2840492771368084,0.10447406855769147,0,0.0,0.0
19,16,15,0.6350651641764662,0.2840492771368084,0.11166081278612655,0,0.0,0.0
19,16,16,0.6350651641764662,0.2840492771368084,0.11884755701456162,0,0.0,0.0
19,16,17,0.6350651641764662,0.2840492771368084,0.12603430124299672,0,0.0,0.0
19,16,18,0.6350651641764662,0.2840492771368084,0.1332210454714318,0,0.0,0.0
19,16,19,0.6350651641764662,0.2840492771368084,0.14040778969986686,0,0.0,0.0
19,17,0,0.6350651641764662,0.2999745241368579,0.0038596493596003397,0,0.0,0.0
19,17,1,0.6350651641764662,0.2999745241368579,0.01104639358803542,0,0.0,0.0
19,17,2,0.6350651641764662,0.2999745241368579,0.0182331378164705,0,0.0,0.0
19,17,3,0.6350651641764662,0.2999745241368579,0.02541988204490558,0,0.0,0.0
19,17,4,0.6350651641764662,0.2999745241368579,0.032606626273340655,0,0.0,0.0
19,17,5,0.6350651641764662,0.2999745241368579,0.03979337050177574,0,0.0,0.0
19,17,6,0.6350651641764662,0.2999745241368579,0.046980114730210826,0,0.0,0.0
19,17,7,0.6350651641764662,0.2999745241368579,0.0541668589586459,0,0.0,0.0
19,17,8,0.6350651641764662,0.2999745241368579,0.06135360318708098,0,0.0,0.0
19,17,9,0.6350651641764662,0.2999745241368579,0.06854034741551607,0,0.0,0.0
19,17,10,0.6350651641764662,0.2999745241368579,0.07572709164395114,0,0.0,0.0
19,17,11,0.6350651641764662,0.2999745241368579,0.08291383587238624,0,0.0,0.0
19,17,12,0.6350651641764662,0.2999745241368579,0.09010058010082131,0,0.0,0.0
19,17,13,0.6350651641764662,0.2999745241368579,0.09728732432925638,0,0.0,0.0
19,17,14,0.6350651641764662,0.2999745241368579,0.10447406855769147,0,0.0,0.0
19,17,15,0.6350651641764662,0.2999745241368579,0.11166081278612655,0,0.0,0.0
19,17,16,0.6350651641764662,0.2999745241368579,0.11884755701456162,0,0.0,0.0
19,17,17,0.6350651641764662,0.2999745241368579,0.12603430124299672,0,0.0,0.0
19,17,18,0.6350651641764662,0.2999745241368579,0.1332210454714318,0,0.0,0.0
19,17,19,0.6350651641764662,0.2999745241368579,0.14040778969986686,0,0.0,0.0
19,18,0,0.6350651641764662,0.3158997711369075,0.0038596493596003397,0,0.0,0.0
19,18,1,0.6350651641764662,0.3158997711369075,0.01104639358803542,0,0.0,0.0
19,18,2,0.6350651641764662,0.3158997711369075,0.0182331378164705,0,0.0,0.0
19,18,3,0.6350651641764662,0.3158997711369075,0.02541988204490558,0,0.0,0.0
19,18,4,0.6350651641764662,0.3158997711369075,0.032606626273340655,0,0.0,0.0
19,18,5,0.6350651641764662,0.3158997711369075,0.03979337050177574,0,0.0,0.0
19,18,6,0.6350651641764662,0.3158997711369075,0.046980114730210826,0,0.0,0.0
19,18,7,0.6350651641764662,0.3158997711369075,0.0541668589586459,0,0.0,0.0
19,18,8,0.6350651641764662,0.3158997711369075,0.06135360318708098,0,0.0,0.0
19,18,9,0.6350651641764662,0.3158997711369075,0.06854034741551607,0,0.0,0.0
19,18,10,0.6350651641764662,0.3158997711369075,0.07572709164395114,0,0.0,0.0
19,18,11,0.6350651641764662,0.3158997711369075,0.08291383587238624,0,0.0,0.0
19,18,12,0.6350651641764662,0.3158997711369075,0.09010058010082131,0,0.0,0.0
19,18,13,0.6350651641764662,0.3158997711369075,0.09728732432925638,0,0.0,0.0
19,18,14,0.6350651641764662,0.3158997711369075,0.10447406855769147,0,0.0,0.0
19,18,15,0.6350651641764662,0.3158997711369075,0.11166081278612655,0,0.0,0.0
19,18,16,0.6350651641764662,0.3158997711369075,0.11884755701456162,0,0.0,0.0
19,18,17,0.6350651641764662,0.3158997711369075,0.12603430124299672,0,0.0,0.0
19,18,18,0.6350651641764662,0.3158997711369075,0.1332210454714318,0,0.0,0.0
19,18,19,0.6350651641764662,0.3158997711369075,0.14040778969986686,0,0.0,0.0
19,19,0,0.6350651641764662,0.331825018136957,0.0038596493596003397,0,0.0,0.0
19,19,1,0.6350651641764662,0.331825018136957,0.01104639358803542,0,0.0,0.0
19,19,2,0.6350651641764662,0.331825018136957,0.0182331378164705,0,0.0,0.0
19,19,3,0.6350651641764662,0.331825018136957,0.02541988204490558,0,0.0,0.0
19,19,4,0.6350651641764662,0.331825018136957,0.032606626273340655,0,0.0,0.0
19,19,5,0.6350651641764662,0.331825018136957,0.03979337050177574,0,0.0,0.0
19,19,6,0.6350651641764662,0.331825018136957,0.046980114730210826,0,0.0,0.0
19,19,7,0.6350651641764662,0.331825018136957,0.0541668589586459,0,0.0,0.0
19,19,8,0.6350651641764662,0.331825018136957,0.06135360318708098,0,0.0,0.0
19,19,9,0.6350651641764662,0.331825018136957,0.06854034741551607,0,0.0,0.0
19,19,10,0.6350651641764662,0.331825018136957,0.07572709164395114,0,0.0,0.0
19,19,11,0.6350651641764662,0.331825018136957,0.08291383587238624,0,0.0,0.0
19,19,12,0.6350651641764662,0.331825018136957,0.09010058010082131,0,0.0,0.0
19,19,13,0.6350651641764662,0.331825018136957,0.09728732432925638,0,0.0,0.0
19,19,14,0.6350651641764662,0.331825018136957,0.10447406855769147,0,0.0,0.0
19,19,15,0.6350651641764662,0.331825018136957,0.11166081278612655,0,0.0,0.0
19,19,16,0.6350651641764662,0.331825018136957,0.11884755701456162,0,0.0,0.0
19,19,17,0.6350651641764662,0.331825018136957,0.12603430124299672,0,0.0,0.0
19,19,18,0.6350651641764662,0.331825018136957,0.1332210454714318,0,0.0,0.0
19,19,19,0.6350651641764662,0.331825018136957,0.14040778969986686,0,0.0,0.0
