trial,tau,mse,crps,n_compositions,tau_bin,mse_bin,crps_bin,raw_bin_count,kde_probability
0,-0.1635641598411516,0.072209782456163,0.0026639761058054,238,6,5,0,87,0.0037737578394178533
1,-0.1302343722299046,0.0695483614977064,0.0024418713053301,238,7,4,0,53,0.0027892752163863077
2,0.3733999929085557,0.0503530266108163,0.0533394334418889,238,17,2,3,3,0.00034065997191750426
3,0.1958302308265077,0.0473581237717135,0.0037801407501293,238,13,2,0,51,0.002201728852969309
4,-0.276318122185583,0.1179375414724104,0.0225434781895891,238,4,9,1,33,0.00306687553510888
5,-0.1805127114136793,0.0694112569657836,0.0176788617993072,238,6,4,1,3,0.0015305189518170178
6,-0.3312059000815515,0.1222310528787321,0.0179287842592048,238,3,10,1,18,0.0022729880349347505
7,-0.2037726482998262,0.1184233723817664,0.1242475494409168,238,6,9,8,2,0.0003156565913807848
8,0.3012090912314292,0.0369592405073137,0.0047427058362459,238,16,1,0,44,0.0011029673443555539
9,-0.0530085451902279,0.0724609104205353,0.0093002225700641,238,9,5,0,128,0.00475484797010613
10,-0.4012693685068964,0.1229132922258575,0.0179461678254624,238,2,10,1,26,0.002507580560992337
11,-0.345317873985037,0.1212892548642119,0.0085571917328517,238,3,10,0,24,0.002332232535430932
12,-0.3977945608623195,0.0995534736420151,0.0142522994975445,238,2,7,0,52,0.002597604187038845
13,0.0426550366982235,0.0882365181776415,0.0614659119284759,238,10,6,4,15,0.0012094322560504275
14,-0.163989646491508,0.1427242636859781,0.1943016448399187,238,6,12,12,1,8.73130620698493e-05
15,0.2295855050881111,0.0436779038863239,0.0165786912093553,238,14,2,1,18,0.0017176569679600764
16,0.3492890827216962,0.04208649147692,0.0180608820082116,238,17,2,1,8,0.0006741744902410895
17,0.0685388079282345,0.0986577807695169,0.0603197627196344,238,11,7,3,7,0.0009922257724966847
18,0.0471226465269652,0.0681500642304399,0.0243531321162686,238,10,4,1,35,0.00376178763264307
19,0.2773818388114739,0.0607867511593275,0.0444734144367679,238,15,3,2,24,0.0010910017256819872
20,-0.0552068928837357,0.0526473250633721,0.0098472965787689,238,8,3,0,13,0.0017505038814693567
21,-0.2698649079885118,0.1061560480264108,0.033389294912541,238,4,8,2,18,0.0022378626382709432
22,0.2346204304506612,0.0604931432509958,0.033621525884539,238,14,3,2,20,0.001345194623171677
23,0.1861858667517639,0.0654756764572105,0.0452268001173487,238,13,4,2,27,0.0017949624306630315
24,-0.1013721944473991,0.1112184584641656,0.0928954003952892,238,8,9,6,16,0.0008557918870896612
25,-0.154203453533312,0.1030397680681068,0.0069005017002634,238,6,8,0,57,0.003300602884874217
26,0.0849200439669538,0.1172391203402825,0.119668405663467,238,11,9,7,12,0.0006903861115693627
27,0.0937134347409849,0.0649240026601279,0.054328058070707,238,11,4,3,9,0.0011639758538687635
28,0.0635038825656844,0.0724450140423666,0.0052292019488301,238,11,5,0,31,0.0026768986373174324
29,0.2692266780129773,0.0628537732080186,0.0591282711956327,238,15,4,3,9,0.000828693471620224
30,-0.4163741445945466,0.1128100415589476,0.0016234609099128,238,1,9,0,77,0.0026736108853416024
31,0.3497854838137786,0.0613206427298931,0.0479410092062331,238,17,4,3,4,0.0004293446755280158
32,-0.2629862071410842,0.097010635744551,0.0044885328467764,238,4,7,0,120,0.004630464276693427
33,0.2068928837357727,0.0907537052254445,0.1099580116872398,238,14,7,7,7,0.0003898449111663476
34,-0.1736340105662518,0.0945893352719304,0.0054177684721442,238,6,7,0,96,0.004713885748433999
35,-0.2413573024146367,0.09934861481061,0.0038413519376327,238,5,7,0,118,0.004976576343704583
36,-0.1944828564337127,0.1251493388981616,0.1189109632305677,238,6,10,7,10,0.0006562367513300406
37,-0.0132255433819097,0.0762270156204571,0.0288362684654618,238,9,5,1,43,0.0042530637397620065
38,0.1291706556040137,0.0710600342184308,0.0357480992610643,238,12,5,2,36,0.001907366235161121
39,-0.0501010530794596,0.0804753871613693,0.0024389097473961,238,9,5,0,128,0.00475484797010613
40,0.358862532354714,0.0431715472295915,0.0216467410359435,238,17,2,1,8,0.0006741744902410895
41,0.0649930858419317,0.0621796536007897,0.0450561058395928,238,11,4,2,22,0.0021938763198335637
42,-0.2034180760911959,0.0783465396476004,0.0038788584826543,238,6,5,0,87,0.0037737578394178533
43,-0.0203879019962415,0.078873645018421,0.0233461613463927,238,9,5,1,43,0.0042530637397620065
44,0.3025564656242243,0.0617632598888328,0.0698131810246969,238,16,4,4,11,0.0005407258308459368
45,0.2063964826436903,0.0830332038071768,0.0812866781703555,238,14,6,5,8,0.000589510168062825
46,-0.1215828103393255,0.0734133433168437,0.0344366147036271,238,7,5,2,14,0.0019215935290123082
47,-0.3755983406020635,0.1105914832667255,0.0421913959814485,238,2,9,2,15,0.001644406735155633
48,-0.1348438109420983,0.0799826394751345,0.007683023648585,238,7,5,0,86,0.004462857898018962
49,-0.1634223309576995,0.0810915991445976,0.0050988922661661,238,6,6,0,123,0.0049806266057812725
50,-0.2787292132042689,0.082911277536802,0.0051333935803558,238,4,6,0,60,0.003468743098616289
51,-0.0842818139914193,0.0857466103753902,0.0011988781322964,238,8,6,0,87,0.004426521123504939
52,0.0046448959330567,0.0652049761048914,0.0013935405607236,238,10,4,0,104,0.004355003298635465
53,-0.3122008296989681,0.0893982363759155,0.0116011451326139,238,3,6,0,36,0.0023601621856203458
54,0.1249867035421763,0.0511250169399791,0.0019882187797339,238,12,2,0,34,0.0021758371823757663
55,-0.3438286707087897,0.1081035808164821,0.0095922924800329,238,3,8,0,100,0.004333383064151017
56,-0.1667553097188242,0.084977958321333,0.002988640008407,238,6,6,0,123,0.0049806266057812725
57,-0.034570790341453,0.1115782369205982,0.1207414260625121,238,9,9,7,10,0.0007146520219973656
58,-0.1389568485622097,0.0986858091647287,0.0216900993424949,238,7,7,1,42,0.0036960149974717034
59,-0.1205900081551607,0.1022678885482902,0.0096347990974776,238,7,8,0,22,0.0023093496379671427
60,-0.2821331064071197,0.1148589776839673,0.0524364965624745,238,4,9,3,9,0.0012847209871673672
61,-0.1696628018295925,0.0944761966034385,0.0558541417577829,238,6,7,3,27,0.001618208133972155
62,0.0671205190937134,0.0638601310356978,0.0121312227661103,238,11,4,0,96,0.0038563263286608743
63,0.2792256142963514,0.0868224044089553,0.0971194111047954,238,15,6,6,7,0.0003812641593851471
64,-0.1978867496365634,0.0995558784399084,0.0034359018384444,238,6,7,0,96,0.004713885748433999
65,-0.1241357302414636,0.1141542286969761,0.0409202317879076,238,7,9,2,7,0.0009848642234243496
66,0.1161223983264191,0.0590019619900381,0.0215604104412308,238,12,3,1,38,0.0029775459777509877
67,-0.0335779881572882,0.0835644463923457,0.0027823856668316,238,9,6,0,67,0.003528788865454604
68,-0.1238520724745594,0.0676986488609233,0.0109582685596053,238,7,4,0,53,0.0027892752163863077
69,0.2806439031308725,0.0553642531098147,0.0367402922199997,238,15,3,2,24,0.0010910017256819872
70,-0.0902386270964081,0.0885746645105443,0.0507226715998656,238,8,6,3,16,0.001552115822956393
71,-0.0464135021097046,0.0811495858209837,0.0181319611984225,238,9,6,1,35,0.003457223377569426
72,0.3042584122256497,0.0426911269068052,0.0050689025688724,238,16,2,0,12,0.0010230552340021607
73,0.2392298691628549,0.0606988579637029,0.0308806991751141,238,14,3,2,20,0.001345194623171677
74,-0.1056979753926887,0.0722928094481074,0.0098766538617989,238,7,5,0,86,0.004462857898018962
75,-0.349076339396518,0.0976537980951764,0.0216660826593314,238,3,7,1,24,0.003043892917955284
76,-0.0449952132751834,0.0965337144864621,0.0567698905047644,238,9,7,3,16,0.0014739189266975681
77,-0.0857710172676665,0.0774076907254884,0.0030878241961754,238,8,5,0,118,0.004884276702473828
78,-0.2980888557954827,0.097395933807079,0.0035631931856574,238,4,7,0,120,0.004630464276693427
79,0.1193135482040917,0.0890988952108264,0.0787347514072877,238,12,6,5,19,0.0008781639312160993
80,0.2550437896677658,0.0511776451604957,0.0121445253737576,238,15,2,0,32,0.001490183960655832
81,0.188809701095628,0.0589811745727039,0.0081092858396718,238,13,3,0,68,0.0026935169555837167
82,-0.2419955323901712,0.1702964132127864,0.2242087478350651,238,5,15,14,2,7.819441736526568e-05
83,-0.0338616459241924,0.0687410699539805,0.0060291665824125,238,9,4,0,110,0.004292388740450521
84,-0.3581533879374534,0.1184456904203506,0.0072626739248556,238,2,9,0,92,0.0036402965216667748
85,0.136900329752154,0.1135153022886598,0.1505018136237392,238,12,9,9,3,0.000281489527579193
86,-0.3960216998191681,0.1102749641967271,0.0261568175289911,238,2,9,1,29,0.003099733513643377
87,0.313264546324859,0.037788559039437,0.0117583133757421,238,16,1,0,44,0.0011029673443555539
88,-0.1175406871609403,0.0931760790763272,0.0225808907555108,238,7,7,1,42,0.0036960149974717034
89,-0.0220898485976669,0.077912245194958,0.0101671743507395,238,9,5,0,128,0.00475484797010613
90,-0.2804311598056944,0.1288646294353204,0.0374803469855404,238,4,10,2,20,0.0013956950402149748
91,0.0897422260043257,0.0579539341649766,0.0045517562947246,238,11,3,0,87,0.0035031944625956886
92,-0.2058291671098819,0.0975246481530683,0.0505343984945593,238,5,7,3,14,0.0013318451260624542
93,0.2088075736623763,0.040350292393108,0.0112766017365063,238,14,1,0,22,0.0012417306714709786
94,-0.2690848491295252,0.0909668577956939,0.0032150067219967,238,4,7,0,120,0.004630464276693427
95,-0.0069850725100166,0.0740479310077686,0.0045204475801731,238,9,5,0,128,0.00475484797010613
96,-0.1732085239158954,0.0852086449800974,0.0027676370266191,238,6,6,0,123,0.0049806266057812725
97,0.1773215615360067,0.157570957161621,0.204163976402553,238,13,13,13,1,8.543006198360988e-05
98,0.101230365563947,0.0745448977030062,0.0388832914173778,238,12,5,2,36,0.001907366235161121
99,0.1865404389603942,0.0619739607015605,0.0635507563607032,238,13,4,4,5,0.0006604029964026735
100,-0.2324929971988795,0.0892863538808121,0.0340176410823186,238,5,6,2,14,0.0018513353508829
101,-0.3669467787114845,0.1433728209106316,0.0580530975438377,238,2,12,3,5,0.00040215832047508387
102,-0.0597454171542034,0.0745954793198905,0.0017821487480445,238,8,5,0,118,0.004884276702473828
103,-0.4077225827039676,0.1054896696706295,0.0358778530750417,238,1,8,2,5,0.0007883316021379651
104,-0.0384710846363861,0.0765264341157624,0.0070106785900572,238,9,5,0,128,0.00475484797010613
105,-0.3524093181576427,0.11595768673588,0.019380567503346,238,3,9,1,37,0.003326167945494541
106,0.2296564195298372,0.0491210688738436,0.0239962024582904,238,14,2,1,18,0.0017176569679600764
107,-0.0372655391270432,0.0734143619236792,0.0016149588440972,238,9,5,0,128,0.00475484797010613
108,-0.4660142538027869,0.1252418181412483,0.0274768764110769,238,0,10,1,8,0.0010919391645934223
109,-0.2046236216005389,0.0980630441573326,0.0016155213391529,238,5,7,0,118,0.004976576343704583
110,-0.2869552884444916,0.1114117879712341,0.0624573358976084,238,4,9,4,13,0.000926153521380232
111,-0.1518632769563521,0.1117242047724321,0.0724473841396754,238,7,9,4,17,0.0009932687448377788
112,-0.0562706095096266,0.0976988417757496,0.0356142914417768,238,8,7,2,16,0.002126815195695619
113,-0.3846044747012728,0.1211958051549535,0.0203256738125498,238,2,10,1,26,0.002507580560992337
114,0.2032053327660177,0.1217732577596887,0.1392777039800509,238,14,10,9,3,0.00020296659593416232
115,-0.1383186185866751,0.0790365670753105,0.0040004339713088,238,7,5,0,86,0.004462857898018962
116,0.0350671914335354,0.0719745109098003,0.0162493381697332,238,10,5,1,35,0.003681177079075407
117,-0.0688933801368648,0.0814681272541813,0.0167404442832672,238,8,6,1,32,0.004098846777087474
118,-0.4076516682622415,0.1291141368026098,0.0048114989295867,238,1,10,0,58,0.0024176974686684533
119,0.0778995142360741,0.0760116040951034,0.0489760531513447,238,11,5,3,16,0.0015976535184731248
120,-0.2592986561713292,0.115686148663159,0.0352739207090126,238,4,9,2,13,0.001982695041022654
121,-0.0788214019785129,0.0843132034748621,0.0014017760694123,238,8,6,0,87,0.004426521123504939
122,0.2122823813069531,0.0410484396597054,0.0145514823549473,238,14,1,0,22,0.0012417306714709786
123,-0.222068574265149,0.1081875081866396,0.0103428593221708,238,5,8,0,70,0.004087396103385501
124,-0.229514590646385,0.1045881874805019,0.0040811846865297,238,5,8,0,70,0.004087396103385501
125,0.239300783604581,0.0430251656425642,0.003861215029034,238,14,2,0,63,0.001936958343928828
126,0.0137928589157181,0.0709691382517637,0.0368425728372557,238,10,5,2,36,0.0025029702124330115
127,0.1232847569407509,0.0808160356804215,0.0439586293459817,238,12,6,2,6,0.00114301651556474
128,-0.0945644080416976,0.0669748646932981,0.0130211121129073,238,8,4,0,68,0.003645851648012564
129,-0.180158139205049,0.123722917878521,0.0477342477001326,238,6,10,3,7,0.0006941012892413952
130,-0.1155550827926106,0.1122369076305966,0.060120117719077,238,7,9,3,6,0.0009745173799832708
131,-0.0591781016203949,0.1260019342470202,0.1096059002138338,238,8,10,7,10,0.0007142533272646659
132,-0.0082615324610857,0.0684568918768548,0.0581905450295775,238,9,4,3,4,0.0007430513465688901
133,-0.0835726695741587,0.0666842548538954,0.0053145424349571,238,8,4,0,68,0.003645851648012564
134,-0.2510016664893805,0.1026719562968918,0.0078939012494183,238,5,8,0,70,0.004087396103385501
135,-0.3224834237492465,0.102657765837512,0.0007683305202991,238,3,8,0,100,0.004333383064151017
136,-0.1149877672588022,0.0807340607590014,0.0140700230304032,238,7,6,0,105,0.004915439800339099
137,-0.3577279012870971,0.0936143851053932,0.0221155445856789,238,2,7,1,15,0.002041776405580754
138,-0.4411232847569407,0.1004499936348454,0.0191081548012138,238,1,8,1,9,0.0017457061791263356
139,0.1742722405417863,0.1070473119132647,0.1270234431753286,238,13,8,8,6,0.00034439506152093716
140,-0.2462503988937346,0.1504068807568462,0.1485054961240041,238,5,13,9,2,0.00017243703507667223
141,-0.0898840548877778,0.0917235452462195,0.0233389103793487,238,8,7,1,25,0.0028794895434652297
142,0.0072687302769208,0.0738961246460964,0.0151016674551221,238,10,5,0,75,0.003855261700858351
143,-0.1917881076481225,0.106140590525366,0.0087116954106997,238,6,8,0,57,0.003300602884874217
144,-0.113498563982555,0.1348165386483799,0.1029290442984888,238,7,11,6,3,0.0004092940474180883
145,0.1347019820586462,0.0704341575067742,0.0165108291562777,238,12,4,1,39,0.0030492137784899846
146,-0.1997305251214409,0.1041027589700511,0.00201561115518,238,6,8,0,57,0.003300602884874217
147,0.4658015104776087,0.0388596067144885,0.0340267834916858,238,19,1,2,1,0.00011035955473864724
148,-0.2787292132042689,0.1127521261623993,0.0126040594942523,238,4,9,0,63,0.0032442879918447966
149,-0.3128390596745026,0.1146378655491195,0.0062570124240055,238,3,9,0,69,0.003704547569987754
150,-0.3750310250682551,0.1038007058464671,0.0052957227523253,238,2,8,0,89,0.003550440087193625
151,-0.1224337836400382,0.0824390287703989,0.0046912226751589,238,7,6,0,105,0.004915439800339099
152,0.0290394638868205,0.0786675484188152,0.0093644771684165,238,10,5,0,75,0.003855261700858351
153,-0.0681133212778782,0.1270511880107487,0.0974634352108458,238,8,10,6,7,0.0006414690533782666
154,0.0608091337800943,0.0758122694774969,0.0087042651548529,238,11,5,0,31,0.0026768986373174324
155,-0.2474559444030776,0.0924025048995748,0.002536840102992,238,5,7,0,118,0.004976576343704583
156,-0.0791050597454171,0.0801866703977688,0.0329474452787674,238,8,5,2,17,0.0022773988520767567
157,-0.0274793461688472,0.0805485597989691,0.03251423275156,238,9,5,2,19,0.0025021876125847424
158,-0.0450661277169095,0.1039296071141938,0.1025824586906761,238,9,8,6,9,0.0008307097466969611
159,-0.2593695706130553,0.0736170126163906,0.0134008310935276,238,4,5,0,26,0.0018323270165334974
160,-0.3190086161046697,0.0978433199341106,0.006531737953305,238,3,7,0,83,0.0037735571101525844
161,-0.3931851221501258,0.1093176696128052,0.0480593707647438,238,2,8,3,3,0.0006349503674971046
162,0.3273765202283444,0.0398493654025747,0.0115236713559328,238,16,1,0,44,0.0011029673443555539
163,-0.2061837393185122,0.0975635923237869,0.0121921312261459,238,5,7,0,118,0.004976576343704583
164,-0.2949686203595361,0.1003882709835539,0.027924571418264,238,4,8,1,31,0.003922345351422437
165,0.1153423394674325,0.0756586407846423,0.0443732671586427,238,12,5,2,36,0.001907366235161121
166,0.0981101301280005,0.0581223641656818,0.0026305454535304,238,12,3,0,112,0.0033545247846789965
167,-0.2004396695387015,0.0946233876076478,0.0042337073896528,238,6,7,0,96,0.004713885748433999
168,-0.3498563982555047,0.1081832387743028,0.0596746362852522,238,3,8,3,10,0.0009970606512748586
169,-0.2788710420877211,0.0803927203960327,0.0094048491131229,238,4,5,0,26,0.0018323270165334974
170,-0.1078963230861964,0.0715077554535986,0.0061550333058064,238,7,5,0,86,0.004462857898018962
171,-0.0588235294117647,0.1050436685471324,0.0747004883384175,238,8,8,4,10,0.0011267995437752609
172,-0.0682551501613303,0.0960584933348178,0.0601511588077546,238,8,7,3,12,0.001600014694282029
173,-0.1671807963691805,0.0996245856008937,0.0682605250459567,238,6,7,4,9,0.001004592582867325
174,-0.437790305995816,0.1097515310865758,0.0009975098052621,238,1,8,0,39,0.0022015621544169703
175,-0.056767010601709,0.0845356385257703,0.0539125756560753,238,8,6,3,16,0.001552115822956393
176,-0.1976740063113853,0.096339824310932,0.0478762725337589,238,6,7,3,27,0.001618208133972155
177,0.320781477147821,0.0421720068283472,0.0083166231534734,238,16,2,0,12,0.0010230552340021607
178,0.1941282842250823,0.074619376808414,0.0740695426834135,238,13,5,4,7,0.0009341215253479416
179,0.0144310888912527,0.0585251855157434,0.0038106821351935,238,10,3,0,83,0.003204714279147116
180,0.1464028649434457,0.0611921857177415,0.0330670361822316,238,12,4,2,30,0.0021432616240922957
181,-0.2111477502393362,0.1151734223842155,0.0512764796317711,238,5,9,3,11,0.0012722922549661209
182,-0.1778179626280892,0.1036751525034133,0.0547976736901977,238,6,8,3,17,0.0015567601468503074
183,-0.2458249122433783,0.0822415161907382,0.0029923020548253,238,5,6,0,104,0.004457874728275953
184,-0.188809701095628,0.1338972224123533,0.1499100007732549,238,6,11,9,4,0.0003334163636521545
185,-0.2808566464560507,0.0907458015148384,0.0077485805572395,238,4,7,0,120,0.004630464276693427
186,-0.1919299365315746,0.1197669923867968,0.0684981298756302,238,6,10,4,4,0.00067967515270272
187,-0.0115945112222104,0.0965561014639773,0.0526729687497975,238,9,7,3,16,0.0014739189266975681
188,-0.1515087047477218,0.0817049592655367,0.0219842333982487,238,7,6,1,35,0.004354591136495643
189,0.0388256568450164,0.0733303502676344,0.0026999974929491,238,10,5,0,75,0.003855261700858351
190,-0.405736978335638,0.1241315760319177,0.0178928698574332,238,1,10,1,22,0.002079606064659946
191,-0.3239726270254937,0.1223086433279492,0.0712048820557445,238,3,10,4,5,0.0006665409693917255
192,0.0614473637556288,0.0881933959763351,0.0767088271959085,238,11,6,5,8,0.0008399858394636375
193,-0.1972485196610289,0.1070240290278009,0.0553051792203218,238,6,8,3,17,0.0015567601468503074
194,-0.3972272453285111,0.1216612591297395,0.0015928841683468,238,2,10,0,64,0.0027862606231091225
195,0.1476793248945147,0.1419593643972106,0.1672734855346768,238,12,12,10,4,0.0002551316566191596
196,-0.1009467077970428,0.1019838883832998,0.0198023763467033,238,8,8,1,11,0.0015147342647100137
197,-0.2167499911356947,0.1154795489906162,0.0180887105952308,238,5,9,1,21,0.0025129596142606752
198,0.1079672375279225,0.203489729803285,0.2647905918445835,238,12,18,17,1,1.8943035895355818e-05
199,-0.3911995177817962,0.1268588007206225,0.0244432773074696,238,2,10,1,26,0.002507580560992337
200,0.023437222990462,0.0717197718166378,0.0252808081635101,238,10,5,1,35,0.003681177079075407
201,-0.2744743467007055,0.1144498283477901,0.015583755392576,238,4,9,1,33,0.00306687553510888
202,0.2052618515760734,0.0463672820237471,0.0021237250994883,238,14,2,0,63,0.001936958343928828
203,-0.0898840548877778,0.0745954483650712,0.0216510895237398,238,8,5,1,45,0.004231983686421704
204,0.0883239371698046,0.0844762493075137,0.0353446931102287,238,11,6,2,17,0.001619547454591884
205,0.0305995816047938,0.0769688436521969,0.0336163907141956,238,10,5,2,36,0.0025029702124330115
206,-0.0993156756373435,0.1246207872349328,0.0568356484370367,238,8,10,3,4,0.00033364865435409264
207,0.0620855937311633,0.1198268863283525,0.1182803912414427,238,11,10,7,7,0.000510369007906226
208,-0.197390348544481,0.0897001248120387,0.000971290386449,238,6,6,0,123,0.0049806266057812725
209,-0.1508704747721873,0.1139006803536261,0.0911304944611457,238,7,9,5,11,0.0009668215948625848
210,-0.1639187320497819,0.0908245477970851,0.0022254523774351,238,6,7,0,96,0.004713885748433999
211,-0.3037620111335673,0.1397314015441683,0.0369351216048467,238,4,12,2,5,0.00035761148321022485
212,0.1612948977059178,0.1014738567466956,0.0994448922919396,238,13,8,6,7,0.0005126940697092219
213,-0.0998829911711519,0.0781215875480789,0.0014026078589079,238,8,5,0,118,0.004884276702473828
214,-0.4165159734779987,0.1358724120570928,0.0060034028437008,238,1,11,0,44,0.0016412330933814783
215,0.0848491295252278,0.1997007484508917,0.2604325112766518,238,11,18,17,1,2.1408348767639964e-05
216,0.2881608339538346,0.0784145543056542,0.0865883496724654,238,15,5,5,6,0.00046407424126456716
217,-0.001311917171932,0.0956611376734317,0.0860740134464204,238,10,7,5,11,0.0009860863442663005
218,0.022302591922845,0.1009267858581659,0.0981942296504689,238,10,8,6,15,0.0008757743252029102
219,0.004999468141687,0.0782099447919783,0.0075376864664683,238,10,5,0,75,0.003855261700858351
220,-0.0823671240648157,0.0775301707406307,0.0027121371279572,238,8,5,0,118,0.004884276702473828
221,0.0654894869340141,0.0849330101667005,0.0650967984390439,238,11,6,4,12,0.001206200991013593
222,-0.239300783604581,0.1083116226452352,0.0013919333837338,238,5,8,0,70,0.004087396103385501
223,-0.1763287593518419,0.1387861262038858,0.1549366942312945,238,6,11,10,4,0.00020015453098836327
224,0.3609190511647696,0.0774114333316472,0.078892545475667,238,17,5,5,4,0.0002619493591894819
225,0.1244903024500939,0.0444226391794001,0.0076461309389452,238,12,2,0,34,0.0021758371823757663
226,-0.2369606070276211,0.1002130056542154,0.005015981710506,238,5,8,0,70,0.004087396103385501
227,-0.1712938339892918,0.0886389780774065,0.0390115657250296,238,6,6,2,15,0.0022845815446225454
228,-0.0991029323121653,0.0767669001957187,0.0046929672181767,238,8,5,0,118,0.004884276702473828
229,-0.1254831046342587,0.0782660853749433,0.0031477331225893,238,7,5,0,86,0.004462857898018962
230,-0.321987022657164,0.0906587926538322,0.0267405468590701,238,3,7,1,24,0.003043892917955284
231,-0.0020919760309186,0.1328189113116985,0.1179326414533338,238,10,11,7,1,0.0003297054855460963
232,-0.2262525263269864,0.1065750899464964,0.018271036599798,238,5,8,1,31,0.003710872647041985
233,-0.3352480232599368,0.0989987145125678,0.0051818717099523,238,3,7,0,83,0.0037735571101525844
234,-0.3448214728929545,0.1167404493499072,0.0016730731202107,238,3,9,0,69,0.003704547569987754
235,0.2082402581285678,0.0756237329655666,0.0615826539035407,238,14,5,4,19,0.0007926131938837975
236,-0.0152111477502393,0.0637496115396674,0.0156446550575791,238,9,4,1,19,0.003555003348932449
237,-0.3965181009112505,0.1118282513471998,0.0565709200649934,238,2,9,3,4,0.0008380235463672708
238,-0.0610927915469985,0.0778174539532633,0.0236107031370418,238,8,5,1,45,0.004231983686421704
239,-0.1112293018473211,0.086484568027336,0.0451335809466462,238,7,6,2,17,0.002531552152626628
240,-0.167748111902989,0.1033418603581647,0.0440994779564014,238,6,8,2,12,0.0021300057737232703
241,-0.3362408254441016,0.1035796398502445,0.0161865109405863,238,3,8,1,24,0.003650412738886289
242,0.2018579583732226,0.0522829259634563,0.0382435637870951,238,14,3,2,20,0.001345194623171677
243,-0.0078360458107293,0.0752361690225408,0.0359070077802076,238,9,5,2,19,0.0025021876125847424
244,-0.3726908484912952,0.1329522423045645,0.0202264148452853,238,2,11,1,10,0.0015299054669604833
245,-0.2583058539871644,0.1064498635150061,0.0204586769094833,238,4,8,1,31,0.003922345351422437
246,0.3297876112470304,0.0839043238067899,0.1061454682303222,238,16,6,6,11,0.0003094723533780408
247,0.0959117824344927,0.0975730456767117,0.089495157824966,238,11,7,5,17,0.0010146204443782594
248,0.1417225117895259,0.0669265689533891,0.0202012478947232,238,12,4,1,39,0.0030492137784899846
249,0.2130624401659397,0.0701411330863663,0.0785610655943821,238,14,4,5,2,0.00032881304514410385
250,-0.1793780803460624,0.152458028747466,0.1686270052847622,238,6,13,11,3,0.00017514447451670242
251,-0.3726908484912952,0.1016898595029962,0.0042876112498034,238,2,8,0,89,0.003550440087193625
252,-0.2436974789915965,0.0884009634015439,0.0022103534526609,238,5,6,0,104,0.004457874728275953
253,0.2016452150480444,0.0873717019453751,0.0834430262198617,238,14,6,5,8,0.000589510168062825
254,-0.4339609261426088,0.1140841425067914,0.00128495418012,238,1,9,0,77,0.0026736108853416024
255,0.1198099492961741,0.0523360144242445,0.0043800665925719,238,12,3,0,112,0.0033545247846789965
256,0.3929723788249476,0.0676098306439414,0.0766680138194575,238,17,4,5,2,0.000259767027098125
257,-0.1395950785377442,0.0817124251022389,0.0196238170658494,238,7,6,1,35,0.004354591136495643
258,-0.0386838279615643,0.0839193912400845,0.0308054041368894,238,9,6,2,24,0.002447719255977075
259,-0.1817182569230223,0.1101248393069288,0.0873718219346891,238,6,9,5,14,0.0009713154263924001
260,-0.4018366840407048,0.1356594693664874,0.0165660213058294,238,2,11,1,10,0.0015299054669604833
261,0.38843385455448,0.02727266229509,0.0029437089344324,238,17,0,0,15,0.0005505446427089447
262,-0.0046448959330567,0.1284143595735625,0.1266760996957026,238,9,10,8,11,0.000620914219708723
263,-0.2680211325036343,0.1452378576202023,0.0725167035216046,238,4,12,4,5,0.00024952252992316846
264,-0.2079566003616636,0.0959313529551775,0.0282078397016653,238,5,7,1,30,0.0042669011761406455
265,-0.2231322908910399,0.0940500986436575,0.0043418942947564,238,5,7,0,118,0.004976576343704583
266,-0.271354111264759,0.1342570659941211,0.0126713213173626,238,4,11,0,2,0.0006467336353427742
267,-0.2094458036379108,0.0906261214303642,0.0379106219208152,238,5,7,2,24,0.0024001793753435753
268,-0.0788214019785129,0.092701528220435,0.0156834960238564,238,8,7,1,25,0.0028794895434652297
269,-0.1488139559621316,0.1253952713967101,0.0223580702577024,238,7,10,1,1,0.0004324645472022857
270,0.2203666276637237,0.0425995829579803,0.0039409537637962,238,14,2,0,63,0.001936958343928828
271,-0.3451051306598588,0.1186096297104517,0.0262754752904775,238,3,9,1,37,0.003326167945494541
272,-0.1434953728326773,0.0967281647956429,0.0602269137122303,238,7,7,3,28,0.0017006627136119561
273,0.0095379924121547,0.0920581395974158,0.0680085997294396,238,10,7,4,19,0.0012049551147970568
274,0.049391908662199,0.0539496147627246,0.0063685498419928,238,11,3,0,87,0.0035031944625956886
275,-0.0963372690848491,0.071264428998757,0.005147433429684,238,8,5,0,118,0.004884276702473828
276,-0.3022728078573201,0.1233244419752601,0.0388926132842012,238,4,10,2,20,0.0013956950402149748
277,0.4348118994433215,0.0336096086536218,0.0084434639936935,238,18,1,0,4,0.0004083501911973316
278,-0.4058788072190901,0.1387640061991973,0.0680734477493002,238,1,11,4,4,0.0002482401363726173
279,-0.3442541573591461,0.1084583857412964,0.0481323914873664,238,3,8,3,10,0.0009970606512748586
280,0.1854058078927773,0.1083314253358725,0.1226101088401521,238,13,8,8,6,0.00034439506152093716
281,-0.1519341913980782,0.099715038467266,0.0015573918098841,238,7,7,0,75,0.003922112144946418
282,0.1918590220898486,0.144856052994786,0.182640334397436,238,13,12,11,2,0.00017580872362848649
283,-0.2803602453639683,0.1036026583737451,0.0273278664332306,238,4,8,1,31,0.003922345351422437
284,-0.2446193667340353,0.1109360634919769,0.0232585924143306,238,5,9,1,21,0.0025129596142606752
285,-0.2192319965961067,0.1041304820940002,0.0182424087769604,238,5,8,1,31,0.003710872647041985
286,0.3743927950927205,0.0657925049944515,0.0654914905564009,238,17,4,4,12,0.0004113184296377977
287,-0.1287451689536574,0.1367889527695358,0.1479293041438782,238,7,11,9,3,0.00040889610074816595
288,0.1007339644718646,0.0613213707882798,0.0019904044427944,238,12,4,0,46,0.003005418736203267
289,-0.2502216076303938,0.110006543021498,0.0011566518593549,238,5,9,0,34,0.002548715097143437
290,0.0915150870474772,0.0779686383106847,0.0424080622595501,238,11,5,2,24,0.0022595098618287553
291,0.0149984044250611,0.0514073721162915,0.0102634359521684,238,10,3,0,83,0.003204714279147116
292,0.0954862957841364,0.0456801977723187,0.0113785987191239,238,11,2,0,18,0.0018657310811233557
293,-0.0698861823210296,0.0887160959106405,0.0174364262017989,238,8,6,1,32,0.004098846777087474
294,0.1337800943162074,0.0617788487683656,0.0283079538043997,238,12,4,1,39,0.0030492137784899846
295,-0.1735630961245257,0.0963673129353163,0.0010343125995192,238,6,7,0,96,0.004713885748433999
296,-0.2974506258199482,0.1415052009211496,0.1421436075943624,238,4,12,9,3,0.00018154774397486067
297,-0.3825479558912171,0.1197119455658754,0.0010332535328011,238,2,10,0,64,0.0027862606231091225
298,-0.355174981384959,0.1258154092018074,0.1004565745756755,238,2,10,6,3,0.00017059864238273608
299,-0.0849909584086799,0.1415177053784215,0.1680683509510663,238,8,12,11,6,0.00025994191172549135
300,0.1459064638513633,0.0603766382871901,0.0316081871442299,238,12,3,2,6,0.0016059650372383532
301,0.0859128461511186,0.0813539684980519,0.0367934205910697,238,11,6,2,17,0.001619547454591884
302,-0.3010672623479771,0.1259981340456814,0.0033856791756351,238,4,10,0,10,0.0017092288079863843
303,-0.3062440165939793,0.1147570392573952,0.0163234774918597,238,3,9,1,37,0.003326167945494541
304,-0.3346097932844023,0.1105451262300976,0.0551386745419909,238,3,9,3,16,0.0011554300265711247
305,-0.097471900152466,0.0884651250929923,0.0276014042370114,238,8,6,1,32,0.004098846777087474
306,-0.2190901677126546,0.0900908681686229,0.0029837551721171,238,5,6,0,104,0.004457874728275953
307,-0.2951104492429883,0.0824174601568942,0.0182837147922824,238,4,6,1,14,0.002774995476257176
308,-0.0645675991915753,0.0740998116341521,0.0064938203959265,238,8,5,0,118,0.004884276702473828
309,-0.2119278090983228,0.0985819640606875,0.0009452669037353,238,5,7,0,118,0.004976576343704583
310,-0.1514377903059957,0.0950788705298268,0.0417479841520485,238,7,7,2,26,0.002471827272074585
311,-0.3670176931532106,0.127238871752068,0.0278584737581703,238,2,10,1,26,0.002507580560992337
312,0.1113711307307732,0.114998574128835,0.1160103175128352,238,12,9,7,8,0.0005334710940643014
313,-0.3023437222990461,0.093225985367432,0.004965705884265,238,4,7,0,120,0.004630464276693427
314,0.0840690706662411,0.0711751259577281,0.0309846390950682,238,11,5,2,24,0.0022595098618287553
315,0.0483281920363081,0.0778852379783666,0.0154795653020673,238,11,5,1,13,0.002822196505883785
316,0.1149877672588022,0.0850411455777409,0.028713996165335,238,12,6,1,3,0.0009062404731633645
317,0.0240045385242704,0.0784986374169354,0.0442276698564527,238,10,5,2,36,0.0025029702124330115
318,-0.0213807041804063,0.0771988322147838,0.0129832138379543,238,9,5,0,128,0.00475484797010613
319,-0.0730064177569762,0.1206423664833286,0.0975427028108738,238,8,10,6,7,0.0006414690533782666
320,0.024713682941531,0.0883370040960842,0.0728778424220598,238,10,6,4,15,0.0012094322560504275
321,-0.1916462787646703,0.107166116828812,0.0018558311444206,238,6,8,0,57,0.003300602884874217
322,0.0903095415381342,0.0989471320474546,0.0774245841484115,238,11,7,5,17,0.0010146204443782594
323,-0.0053540403503173,0.0950108639292651,0.0519683445216339,238,9,7,3,16,0.0014739189266975681
324,0.1224337836400382,0.0524506864512022,0.0349414289668301,238,12,3,2,6,0.0016059650372383532
325,0.2060419104350601,0.0509823580680153,0.0145948347002293,238,14,2,0,63,0.001936958343928828
326,0.1734212672410736,0.0770130472619366,0.0497386218002923,238,13,5,3,23,0.0012615436760510372
327,0.0544977484664751,0.0697136914564679,0.0011551111378787,238,11,4,0,96,0.0038563263286608743
328,-0.1393114207708399,0.110866001322465,0.0045225312935624,238,7,9,0,7,0.0010282395805998098
329,-0.4246002198347693,0.1157958008644964,0.0071153605135187,238,1,9,0,77,0.0026736108853416024
330,-0.2796511009467077,0.1002307774927817,0.0509144137490851,238,4,8,3,12,0.0012669446365662046
331,-0.1749813849590469,0.1063546055480695,0.0714234727186819,238,6,8,4,11,0.0012040164928400956
332,-0.1098110130128,0.1252238570959655,0.1136367472809276,238,7,10,7,6,0.0007243267117017542
333,0.2263943552104385,0.054376354673905,0.0323235758321979,238,14,3,2,20,0.001345194623171677
334,0.0226571641314753,0.062624229890484,0.0315144554459526,238,10,4,2,18,0.0020621544372435682
335,-0.0061340992093039,0.0720406276992895,0.0446013522275268,238,9,5,2,19,0.0025021876125847424
336,-0.2234159486579441,0.069889489610177,0.0056295393625112,238,5,4,0,2,0.0011939892597355249
337,-0.2708577101726766,0.1100185046922066,0.0294624253041512,238,4,9,1,33,0.00306687553510888
338,-0.0196787575789809,0.0795154356795518,0.0233656577276793,238,9,5,1,43,0.0042530637397620065
339,-0.1993050384710846,0.1021858580529564,0.0545030810347906,238,6,8,3,17,0.0015567601468503074
340,-0.3735418217920078,0.11980365349236,0.0047192335875004,238,2,10,0,64,0.0027862606231091225
341,-0.33680814097791,0.0989594728317559,0.0140273063873906,238,3,7,0,83,0.0037735571101525844
342,-0.1634223309576995,0.0976723743423625,0.0170149140208343,238,6,7,1,34,0.0042053397344584634
343,-0.1100946707797042,0.0719193363472617,0.0032645960061718,238,7,5,0,86,0.004462857898018962
344,-0.1549835123922986,0.1009670238451106,0.0571438137693,238,6,8,3,17,0.0015567601468503074
345,-0.3273056057866184,0.091686394364342,0.0308784008832465,238,3,7,2,7,0.001458730871847017
346,-0.1646278764670425,0.1033042746745055,0.011391835430449,238,6,8,0,57,0.003300602884874217
347,-0.1042087721164414,0.0927396571980866,0.0313631950699396,238,7,7,2,26,0.002471827272074585
348,-0.0350671914335354,0.0706580999232131,0.0005874661310534,238,9,4,0,110,0.004292388740450521
349,-0.0722972733397156,0.0733597640335203,0.0081779635829464,238,8,5,0,118,0.004884276702473828
350,0.007410559160373,0.0620649712013713,0.0042739109348517,238,10,4,0,104,0.004355003298635465
351,-0.2088075736623763,0.0927609435764061,0.011966057774453,238,5,7,0,118,0.004976576343704583
352,-0.2829131652661064,0.1093629874395843,0.0646294932470979,238,4,8,4,4,0.0008054323341375452
353,0.1115838740559514,0.1159366637458603,0.150218935247633,238,12,9,9,3,0.000281489527579193
354,0.039534801262277,0.0703325602905638,0.0099440221496218,238,10,4,0,104,0.004355003298635465
355,0.0008864305215757,0.0778039194583012,0.0044704658819968,238,10,5,0,75,0.003855261700858351
356,0.2301528206219196,0.129127797333042,0.1663339067051785,238,14,10,10,4,0.00017625611383147543
357,0.3504946282310391,0.0835994030492626,0.0880916607933344,238,17,6,5,2,0.0001841281962495767
358,0.271354111264759,0.0658155973030461,0.0642705614552769,238,15,4,4,9,0.0006083114687464467
359,0.2600078005885898,0.1089006383831293,0.138100214776964,238,15,8,9,3,0.00020511243538861787
360,0.3791440626883664,0.0366292598835933,0.0125476852214988,238,17,1,0,23,0.0007836667221217257
361,-0.0412367478637024,0.0714750497576824,0.004130043384892,238,9,5,0,128,0.00475484797010613
362,-0.1722866361734567,0.0753340167650371,0.0238849707274488,238,6,5,1,15,0.003066965874110903
363,0.3631883133000035,0.0442412816857859,0.0119094229335919,238,17,2,0,1,0.0005888006632276808
364,-0.037052795801865,0.0685453740249409,0.0030692060215943,238,9,4,0,110,0.004292388740450521
365,0.0572634116937914,0.0700294482807218,0.0516812721983976,238,11,4,3,9,0.0011639758538687635
366,-0.2527036130908059,0.092289348446242,0.0096044943363745,238,5,7,0,118,0.004976576343704583
367,0.0648512569584795,0.1116727534815083,0.1200168967506552,238,11,9,7,12,0.0006903861115693627
368,-0.0482572775945821,0.0802566011017081,0.0083784389743539,238,9,5,0,128,0.00475484797010613
369,-0.2764599510690352,0.0867698862737425,0.0156338935000265,238,4,6,1,14,0.002774995476257176
370,-0.099953905612878,0.083803296495092,0.0352277124262352,238,8,6,2,25,0.0025738901815202356
371,0.1064071198099492,0.0573392912522318,0.0040672201524781,238,12,3,0,112,0.0033545247846789965
372,0.1791653370208842,0.053594770768316,0.0161220195901091,238,13,3,1,35,0.0025669641651229784
373,0.1762578449101159,0.1130592054624553,0.1322981260551963,238,13,9,8,2,0.00035353170596624225
374,-0.1954756586178775,0.1383952586239364,0.1005496049397619,238,6,11,6,5,0.00043746248182066313
375,0.0532212885154061,0.0706586122905652,0.0257761128928642,238,11,4,1,35,0.00355858256828443
376,0.0449242988334574,0.0738112852654027,0.0180480534537153,238,10,5,1,35,0.003681177079075407
377,-0.1763287593518419,0.0801873638304285,0.0055377170538325,238,6,5,0,87,0.0037737578394178533
378,-0.1358366131262631,0.0701144135950465,0.0059799618701788,238,7,4,0,53,0.0027892752163863077
379,-0.271283196823033,0.086972509763699,0.0026608848403434,238,4,6,0,60,0.003468743098616289
380,0.1281778534198489,0.0719810298727658,0.0363057990868694,238,12,5,2,36,0.001907366235161121
381,0.0698152678793036,0.0691874700204617,0.049190899063966,238,11,4,3,9,0.0011639758538687635
382,0.0729355033152501,0.0692592665869809,0.0046172407636007,238,11,4,0,96,0.0038563263286608743
383,-0.1248448746587242,0.0949990289838836,0.0036986686683155,238,7,7,0,75,0.003922112144946418
384,-0.1104492429883345,0.1200684921418186,0.1169811299222494,238,7,10,7,6,0.0007243267117017542
385,-0.1583164911534233,0.1369698743457142,0.0999158144257719,238,6,11,6,5,0.00043746248182066313
386,0.082721696273446,0.1446552058477033,0.1542759553868378,238,11,12,10,7,0.00033215604869236173
387,-0.3547494947346026,0.1151116886705249,0.00538366966087,238,2,9,0,92,0.0036402965216667748
388,-0.0784668297698826,0.1390509923906135,0.1005882936010661,238,8,11,6,3,0.00033714364411967473
389,0.1866113534021203,0.0956411541021071,0.1011469171790051,238,13,7,6,10,0.0006279537371180559
390,-0.4431798035669963,0.1223176919918714,0.0074828148862098,238,1,10,0,58,0.0024176974686684533
391,-0.2212176009644363,0.1201773101397169,0.0864057307065,238,5,10,5,8,0.0006782364706724274
392,-0.057972556111052,0.0976480109519923,0.0733718676481064,238,8,7,4,17,0.0011918988240630826
393,-0.1043506009998936,0.067241203951967,0.0353069144859722,238,7,4,2,3,0.0010193222908668341
394,0.1833492890827216,0.0528797087643456,0.0022396212319493,238,13,3,0,68,0.0026935169555837167
395,0.3811296670566961,0.1404638311035932,0.19865734703553,238,17,12,13,1,3.791280965567004e-05
396,-0.0292522072119987,0.1904692963065986,0.2508991281262264,238,9,17,16,2,5.2540385176719826e-05
397,0.1895188455128886,0.056705625362075,0.0095637803828838,238,13,3,0,68,0.0026935169555837167
398,-0.392192319965961,0.125657028847402,0.0113941906085722,238,2,10,0,64,0.0027862606231091225
399,-0.1839875190582561,0.0919336631473769,0.0118447199563568,238,6,7,0,96,0.004713885748433999
400,-0.2013615572811402,0.095976675754969,0.0104746108550452,238,6,7,0,96,0.004713885748433999
401,-0.3729035918164733,0.1382687905837258,0.0601995906761092,238,2,11,3,9,0.0006486389337313848
402,0.0615182781973548,0.0596500921829219,0.0026837290043257,238,11,3,0,87,0.0035031944625956886
403,-0.0700989256462078,0.1255377503699349,0.1213276272442473,238,8,10,7,10,0.0007142533272646659
404,0.1311562599723433,0.0571916455368404,0.0054472600365,238,12,3,0,112,0.0033545247846789965
405,-0.3014218345566073,0.0991848117585586,0.0116272241303437,238,4,7,0,120,0.004630464276693427
406,-0.4592064673970853,0.1235613264341477,0.0179830444212343,238,0,10,1,8,0.0010919391645934223
407,0.2289472751125766,0.0420851655726771,0.0051599322503968,238,14,2,0,63,0.001936958343928828
408,-0.2649718115094138,0.0925833555921215,0.0127979092438264,238,4,7,0,120,0.004630464276693427
409,-0.092507889231642,0.0743208193038355,0.0333335777526222,238,8,5,2,17,0.0022773988520767567
410,-0.2276708151615076,0.1047149893898158,0.0203080433780621,238,5,8,1,31,0.003710872647041985
411,0.2182391944119419,0.1092314275226228,0.1286758175719722,238,14,8,8,11,0.00034641907018767093
412,-0.1483175548700492,0.0855857573083511,0.0027104012203399,238,7,6,0,105,0.004915439800339099
413,0.0498173953125554,0.0693470720726547,0.0467339730255428,238,11,4,3,9,0.0011639758538687635
414,-0.1415097684643477,0.1029088021302532,0.0033854590232703,238,7,8,0,22,0.0023093496379671427
415,-0.044427897741375,0.0695335791370534,0.008150608193492,238,9,4,0,110,0.004292388740450521
416,0.312059000815516,0.0315401368519497,0.0150629267176151,238,16,0,0,4,0.000624603100434902
417,-0.2885154061624649,0.104355232032337,0.0013157346094818,238,4,8,0,91,0.004483419991872029
418,0.1784561926036237,0.0575365072154687,0.0208839732891471,238,13,3,1,35,0.0025669641651229784
419,-0.1560472290181895,0.1318556559351501,0.1374330747854662,238,6,11,9,4,0.0003334163636521545
420,0.0403857745629897,0.0688850045353053,0.0012471637205798,238,10,4,0,104,0.004355003298635465
421,-0.030883239371698,0.0807293927195838,0.0197429589653122,238,9,6,1,35,0.003457223377569426
422,0.0021628904726447,0.0972791555869053,0.073615391510299,238,10,7,4,19,0.0012049551147970568
423,0.2413573024146367,0.0619731470072521,0.0502436208112593,238,14,4,3,13,0.001024868986996489
424,0.1215118958975995,0.071292081596549,0.0172183087070953,238,12,5,1,16,0.0020170201009321654
425,0.3424103818742686,0.0299918282052813,0.0046135500825316,238,16,0,0,4,0.000624603100434902
426,-0.1921426798567528,0.1288462359667406,0.1119145953192876,238,6,10,7,10,0.0006562367513300406
427,-0.2818494486402155,0.1085486368805296,0.0224941790568937,238,4,8,1,31,0.003922345351422437
428,-0.3388646597879657,0.1000833218003989,0.012307174792243,238,3,8,0,100,0.004333383064151017
429,0.1722157217317306,0.0614203761860025,0.0336050664965635,238,13,4,2,27,0.0017949624306630315
430,0.4072970960536112,0.0700292278287664,0.0830427698318625,238,18,4,5,3,0.00015717184078899922
431,-0.1217955536645037,0.072623956984416,0.0192794043097073,238,7,5,1,35,0.003768331523905521
432,0.0186859553948161,0.070700142971163,0.0215674534445666,238,10,4,1,35,0.00376178763264307
433,-0.0667659468850831,0.0966123009524645,0.0263864862051632,238,8,7,1,25,0.0028794895434652297
434,-0.0515193419139807,0.0910443475414749,0.0600165138432624,238,9,7,3,16,0.0014739189266975681
435,-0.2950395348012622,0.1238390654449084,0.0087351831805794,238,4,10,0,10,0.0017092288079863843
436,-0.090096798212956,0.1264802824509823,0.1232820488890016,238,8,10,8,7,0.0006149480491235002
437,-0.1600184377548487,0.0765356856276132,0.0116128562467036,238,6,5,0,87,0.0037737578394178533
438,-0.2051200226926213,0.1273883506621307,0.115512424369629,238,5,10,7,7,0.0005319253452796087
439,-0.0260610573343261,0.0671002464404096,0.0022168152168224,238,9,4,0,110,0.004292388740450521
440,-0.0288976350033684,0.0832626582815086,0.03578844376445,238,9,6,2,24,0.002447719255977075
441,0.0028011204481792,0.0666938093630745,0.0079555725007594,238,10,4,0,104,0.004355003298635465
442,-0.3164556962025315,0.1139440166616831,0.0033010015463663,238,3,9,0,69,0.003704547569987754
443,-0.0584689572031344,0.075259198654614,0.0176344581555276,238,8,5,1,45,0.004231983686421704
444,-0.3004999468141686,0.1338088324382592,0.1104888474863167,238,4,11,7,9,0.0003667086798703979
445,0.431691664007375,0.0605127053235815,0.067200371172165,238,18,3,4,3,0.0002027314164934588
446,-0.4445271779597914,0.1492169811433617,0.0410960092653945,238,1,13,2,2,0.0002095884111109514
447,-0.0435769244406623,0.0568747294797219,0.0049236414961797,238,9,3,0,38,0.002541755274822797
448,-0.1670389674857284,0.1118432662375666,0.0541959605521292,238,6,9,3,9,0.0011717121642149597
449,-0.0786795730950608,0.0811212509210732,0.0329392516286744,238,8,6,2,25,0.0025738901815202356
450,-0.0447115555082792,0.0694566553255655,0.0100839024580641,238,9,4,0,110,0.004292388740450521
451,-0.3217033648902598,0.1200587287904412,0.0620790838438007,238,3,10,4,5,0.0006665409693917255
452,-0.28248767861575,0.0978147549672021,0.0058323280016721,238,4,7,0,120,0.004630464276693427
453,-0.3136900329752153,0.1175390547244097,0.0335797443766256,238,3,9,2,13,0.0019644862268845802
454,-0.4405559692231322,0.0951795389658421,0.0097333394813409,238,1,7,0,16,0.001358025859596965
455,-0.2335567138247704,0.111308660171433,0.0726376196363641,238,5,9,4,13,0.001032141634315045
456,-0.0163457788178562,0.0555426231215779,0.0038681897384878,238,9,3,0,38,0.002541755274822797
457,-0.1829947168740913,0.0989879655914255,0.0444447943837374,238,6,7,2,22,0.002576945851115547
458,-0.0192532709286246,0.0844277823667317,0.0050475098875033,238,9,6,0,67,0.003528788865454604
459,-0.1308726022054391,0.0802241144294336,0.0400853231287711,238,7,5,2,14,0.0019215935290123082
460,-0.1241357302414636,0.1019779910289031,0.0611403272795515,238,7,8,4,14,0.0012485724446440057
461,-0.1442045172499379,0.096760200017867,0.0629379072952742,238,7,7,4,14,0.001160727511064103
462,0.3429067829663511,0.0694812312286027,0.0742460898212532,238,16,4,4,11,0.0005407258308459368
463,-0.2464631422189128,0.1376784966873935,0.1187356117183675,238,5,11,7,6,0.0004486655610610588
464,-0.0532212885154061,0.1111233528986566,0.1036949593547946,238,8,9,6,16,0.0008557918870896612
465,-0.0381165124277559,0.0907674340806738,0.0239631807398607,238,9,7,1,14,0.0019806186229034644
466,-0.3278729213204269,0.1091649834616845,0.0273038391737712,238,3,8,1,24,0.003650412738886289
467,0.4398468248058717,0.1011983421841572,0.1358170903841666,238,18,8,8,1,7.106239190339234e-05
468,-0.2355423181930999,0.0955490259396339,0.0014643416766949,238,5,7,0,118,0.004976576343704583
469,-0.2215721731730666,0.105967669489402,0.0332031037079894,238,5,8,2,23,0.0023032056205181664
470,-0.2472432010778995,0.0803832339102235,0.0175185270671977,238,5,5,1,12,0.0022323785997296892
471,-0.249228805446229,0.1028722454787018,0.0313314959061166,238,5,8,2,23,0.0023032056205181664
472,-0.130730773321987,0.0951759824203518,0.0306393769856983,238,7,7,1,42,0.0036960149974717034
473,0.1646278764670425,0.0641690566034607,0.0281129818560783,238,13,4,1,27,0.002211503016508247
474,0.0297486083040811,0.0766154854997252,0.0415450833422213,238,10,5,2,36,0.0025029702124330115
475,0.1632095876325213,0.0902496986344917,0.0875841276219088,238,13,6,5,13,0.0007739761892615038
476,-0.3041165833421976,0.1166875531629838,0.0560299565592184,238,4,9,3,9,0.0012847209871673672
477,-0.2727724000992801,0.0843056993318181,0.0025198530641705,238,4,6,0,60,0.003468743098616289
478,-0.2108640924724319,0.0710839930728818,0.0092481116308718,238,5,5,0,48,0.002829270609622204
479,-0.1398787363046484,0.1229245503646724,0.1044537626856803,238,7,10,6,11,0.0007346749988251823
480,0.325603659185193,0.056230571723899,0.0474483344683332,238,16,3,3,9,0.0006651445460751286
481,-0.1945537708754387,0.093437280050408,0.049203555880845,238,6,7,3,27,0.001618208133972155
482,-0.283622309683367,0.1433577488046734,0.1074468410650444,238,4,12,7,2,0.0002237307540130981
483,-0.1370421586356061,0.0835810889828858,0.0103659906962873,238,7,6,0,105,0.004915439800339099
484,-0.2106513491472538,0.0823058086168903,0.0166537329851167,238,5,6,1,26,0.0036553501392859243
485,-0.0615182781973548,0.0876911818837349,0.0483903062788413,238,8,6,3,16,0.001552115822956393
486,0.2290891039960287,0.0701626825894398,0.0578974155491265,238,14,4,3,13,0.001024868986996489
487,-0.4538169698259049,0.1390485333594528,0.0105425147587368,238,1,11,0,44,0.0016412330933814783
488,0.125837676842889,0.0605262585960697,0.005208170424316,238,12,3,0,112,0.0033545247846789965
489,-0.3698542708222529,0.1149491120784758,0.004033688060902,238,2,9,0,92,0.0036402965216667748
490,-0.2796511009467077,0.1184639195332698,0.0659892531780144,238,4,9,4,13,0.000926153521380232
491,0.019820586462433,0.1430093082411917,0.1801504517332948,238,10,12,11,4,0.000313596035736237
492,0.0912314292805729,0.05521611432129,0.0183208390108806,238,11,3,1,20,0.0029229560613640614
493,0.034570790341453,0.0495504373968729,0.0056037322732208,238,10,2,0,8,0.001419379660470872
494,-0.4050987483601034,0.1281181045700878,0.0275635181559798,238,1,10,1,22,0.002079606064659946
495,0.061660107080807,0.0603963576671971,0.0241478968598071,238,11,3,1,20,0.0029229560613640614
496,-0.3114207708399815,0.1474136914655165,0.1679438488246641,238,3,12,11,1,5.117013051967061e-05
497,-0.241782789064993,0.1077037901312261,0.0487690596823487,238,5,8,3,9,0.0014604412928409406
498,0.1156969116760628,0.1593402726485454,0.1793516641380452,238,12,14,11,1,7.993048764875207e-05
499,0.0076942169272772,0.0950205824060484,0.0048793208267381,238,10,7,0,2,0.000928350317279385
500,0.0988192745452611,0.1470776909667284,0.1757310732349603,238,12,12,11,8,0.00027290090825336647
501,-0.2251178952593695,0.101021339310819,0.0015548217563809,238,5,8,0,70,0.004087396103385501
502,0.3052512144098145,0.0841642966402523,0.1095170064316528,238,16,6,7,3,0.00022865210612747278
503,-0.0535758607240364,0.077937545529692,0.0572752642365651,238,8,5,3,8,0.0010831394703888387
504,-0.3444669006843243,0.1274610620036297,0.0164174550073083,238,3,10,1,18,0.0022729880349347505
505,-0.210935006914158,0.1206153821202984,0.0149752670654629,238,5,10,0,7,0.0011796346268269876
506,-0.1259085912846151,0.1034570006840391,0.0551821283792667,238,7,8,3,10,0.0014664422006572305
507,-0.3276601779952486,0.0752141587472967,0.0108488078310041,238,3,5,0,7,0.001029943856425407
508,-0.3504946282310391,0.1211356951678819,0.0025260345761159,238,3,10,0,24,0.002332232535430932
509,-0.2717086834733893,0.124899553362913,0.0328707466738853,238,4,10,2,20,0.0013956950402149748
510,0.1038541999078112,0.0707727051162499,0.0238285147681228,238,12,4,1,39,0.0030492137784899846
511,-0.2904300960890685,0.1008187827529178,0.0010270983284656,238,4,8,0,91,0.004483419991872029
512,-0.1409424529305392,0.1031670491171079,0.078358248985323,238,7,8,5,11,0.000992393730641657
513,-0.2036308194163741,0.0792354568584255,0.0081403165892935,238,6,5,0,87,0.0037737578394178533
514,-0.1848384923589688,0.0948621032723026,0.0316409782030231,238,6,7,2,22,0.002576945851115547
515,-0.0822252951813636,0.0750673349342961,0.0016602839047235,238,8,5,0,118,0.004884276702473828
516,-0.2632698649079885,0.1117182383242485,0.1122300634316404,238,4,9,7,2,0.00025947728566564504
517,0.1614367265893699,0.0608029976822353,0.014863367958393,238,13,3,0,68,0.0026935169555837167
518,0.0437896677658405,0.1419609204759344,0.1576709937553379,238,10,12,10,11,0.0003687449162194606
519,0.0835726695741587,0.0858781308228716,0.0427889850421495,238,11,6,2,17,0.001619547454591884
520,0.1378222174945927,0.0590040758600214,0.0181282101903712,238,12,3,1,38,0.0029775459777509877
521,-0.336737226536184,0.0872822707685089,0.0069097696008866,238,3,6,0,36,0.0023601621856203458
522,-0.0588944438534907,0.1001484347630833,0.022262781134212,238,8,8,1,11,0.0015147342647100137
523,0.167748111902989,0.0817494229478774,0.0590967696503344,238,13,6,3,5,0.0008534856354373841
524,-0.3950288976350033,0.1205827808903617,0.0193952675176797,238,2,10,1,26,0.002507580560992337
525,-0.1167606283019536,0.0838281443314958,0.0109454426208851,238,7,6,0,105,0.004915439800339099
526,-0.4688508314718291,0.1227777621915477,0.0015247400020906,238,0,10,0,21,0.001299022135957822
527,-0.1694500585044144,0.0914558516937519,0.0060135176369274,238,6,7,0,96,0.004713885748433999
528,-0.0933588625323547,0.0784210888345754,0.0455300316480026,238,8,5,2,17,0.0022773988520767567
529,0.1629259298656171,0.0646503355532547,0.029073899817107,238,13,4,1,27,0.002211503016508247
530,-0.157891004503067,0.1046150442167412,0.0069425021607906,238,6,8,0,57,0.003300602884874217
531,0.3661667198524979,0.028596200053302,0.0036751426571794,238,17,0,0,15,0.0005505446427089447
532,-0.3423394674325425,0.1170055326929506,0.0028737396373879,238,3,9,0,69,0.003704547569987754
533,-0.0943516647165195,0.1166270943813313,0.0475731173424574,238,8,9,3,10,0.0007271692680472435
534,-0.0088288479948941,0.0666958931139079,0.0012112021671933,238,9,4,0,110,0.004292388740450521
535,-0.1494521859376661,0.0822514256758888,0.0019482489750761,238,7,6,0,105,0.004915439800339099
536,0.2349750026592915,0.0549198154059028,0.0109452853727413,238,14,3,0,25,0.0018030019399556335
537,-0.3024146367407722,0.1075649186500456,0.0858888510996804,238,4,8,5,7,0.0005043244782029964
538,-0.2436974789915965,0.1405888821409238,0.0940810205377491,238,5,12,6,3,0.0002001802687003569
539,0.3487217671878878,0.0764422431351184,0.0733192766712513,238,16,5,4,4,0.0004378321582649308
540,0.0883239371698046,0.0938541290443151,0.0777102944133971,238,11,7,5,17,0.0010146204443782594
541,-0.2498670354217635,0.1121487739733776,0.0183151164402746,238,5,9,1,21,0.0025129596142606752
542,-0.3427649540828989,0.10982357686801,0.0024336727215102,238,3,8,0,100,0.004333383064151017
543,0.2165372478105165,0.0475663759558195,0.0080905566748758,238,14,2,0,63,0.001936958343928828
544,0.1594511222210403,0.0670781949406717,0.0048090938584852,238,13,4,0,10,0.0019536726542821745
545,0.0050703825834131,0.101598106844937,0.0840779238899769,238,10,8,5,11,0.0009142347313185025
546,-0.1356238698010849,0.0896689092733062,0.013899580282704,238,7,6,0,105,0.004915439800339099
547,-0.1466865227103499,0.1074916561227676,0.0023524623743646,238,7,8,0,22,0.0023093496379671427
548,0.078963230861965,0.1170366029570646,0.1102195650466592,238,11,9,7,12,0.0006903861115693627
549,0.0231535652235577,0.1178978552660597,0.1303498514737954,238,10,9,8,5,0.000530062973072162
550,-0.4330390384001701,0.1009722991874716,0.0104236277475691,238,1,8,0,39,0.0022015621544169703
551,0.0279757472609296,0.0737093569392259,0.0497298485171792,238,10,5,3,16,0.0015634415710051469
552,-0.2324929971988795,0.0989162607812782,0.0076828028151375,238,5,7,0,118,0.004976576343704583
553,0.0311668971386022,0.0526831809570821,0.0183672344497781,238,10,3,1,16,0.0025561943286749496
554,-0.2682338758288125,0.0878758865976726,0.0258871958295704,238,4,6,1,14,0.002774995476257176
555,-0.0206715597631457,0.1298411389371721,0.112047608397452,238,9,11,7,2,0.00041456477219353266
556,0.1866822678438463,0.0584650861516068,0.0138107378735155,238,13,3,0,68,0.0026935169555837167
557,-0.2758926355352267,0.1208260489174381,0.0668612213044251,238,4,10,4,10,0.0007531324760669358
558,0.2308619650391801,0.0520198703275261,0.0023826547983115,238,14,3,0,25,0.0018030019399556335
559,-0.0163457788178562,0.1436265447890434,0.1675522865883862,238,9,12,10,6,0.0003667185480643444
560,0.0435769244406623,0.065270712610007,0.0304498085148036,238,10,4,1,35,0.00376178763264307
561,0.183774775733078,0.0545633026368821,0.0023970549528633,238,13,3,0,68,0.0026935169555837167
562,0.2102258624968974,0.0444130486815329,0.0090283272079482,238,14,2,0,63,0.001936958343928828
563,-0.1007339644718646,0.0713644824093942,0.0105359859986905,238,8,5,0,118,0.004884276702473828
564,0.2358968904017302,0.0757143786423259,0.0577364208516417,238,14,5,3,12,0.0009060017775838139
565,0.0184022976279119,0.0935997568376661,0.034379866552964,238,10,7,2,4,0.001254849611559537
566,0.1030032266070985,0.056037130434245,0.0123813333463715,238,12,3,0,112,0.0033545247846789965
567,0.2497252065383114,0.0883454708508253,0.0871325529895866,238,15,6,5,7,0.0004263089838112961
568,-0.1978867496365634,0.1210352258612745,0.0452604600575008,238,6,10,2,6,0.0007592792066818362
569,-0.1844130057086125,0.0874923946435645,0.0173807986934861,238,6,6,1,30,0.004217975956735463
570,-0.196113888593412,0.0983327740160394,0.0475605007327185,238,6,7,3,27,0.001618208133972155
571,-0.3861645924192461,0.1087119508954481,0.0005601990940234,238,2,8,0,89,0.003550440087193625
572,-0.2401517569052937,0.1165045888652876,0.0348053704781497,238,5,9,2,12,0.00176205040904918
573,-0.2139843279083784,0.1441695433261873,0.0584556448897712,238,5,12,3,1,0.00021719809212177152
574,-0.241711874623267,0.1742483688888203,0.2173719878832294,238,5,15,14,2,7.819441736526568e-05
575,-0.0873311349856398,0.0830641175696541,0.0113150316792583,238,8,6,0,87,0.004426521123504939
576,-0.2707867957309505,0.0863321048512239,0.0301984656504043,238,4,6,1,14,0.002774995476257176
577,-0.3504237137893131,0.1097302434119202,0.0228329879443241,238,3,8,1,24,0.003650412738886289
578,-0.2862461440272311,0.1176993399535039,0.0894575991577213,238,4,9,5,6,0.000665205753037138
579,0.0342871325745488,0.0891395291154626,0.0713197156793771,238,10,6,4,15,0.0012094322560504275
580,0.3660248909690458,0.0501331637367066,0.0391018758745703,238,17,2,2,7,0.0005407629660983607
581,0.2227068042406835,0.0939431200208167,0.1018182728198963,238,14,7,6,3,0.0004573101990206537
582,-0.4034677162004041,0.1130253479791038,0.0049058860704628,238,2,9,0,92,0.0036402965216667748
583,-0.0015955749388362,0.0692693519431012,0.0041227416778721,238,10,4,0,104,0.004355003298635465
584,-0.0304577527213416,0.0631012369539091,0.0221505053740652,238,9,4,1,19,0.003555003348932449
585,-0.254121901925327,0.1116521771472481,0.0038333970730705,238,4,9,0,63,0.0032442879918447966
586,-0.1112293018473211,0.0809311669292595,0.0169748788229209,238,7,6,1,35,0.004354591136495643
587,-0.3109952841896251,0.129123017919104,0.0392802993394593,238,3,10,2,12,0.0015393917560890028
588,0.2271744140694252,0.0541573051027525,0.0264668513688611,238,14,3,1,20,0.0018794301899020256
589,-0.0920114881395596,0.0701108734169582,0.0096317619093442,238,8,4,0,68,0.003645851648012564
590,-0.0875438783108179,0.1117536279583884,0.0498410013195422,238,8,9,3,10,0.0007271692680472435
591,-0.1340637520831117,0.1067114058080093,0.0201622015257251,238,7,8,1,13,0.0023238306258716386
592,-0.0825089529482679,0.0758030642384466,0.0044124205933025,238,8,5,0,118,0.004884276702473828
593,-0.0842108995496932,0.0643801795359035,0.0032156635959012,238,8,4,0,68,0.003645851648012564
594,-0.0998829911711519,0.0782205054944426,0.0046404331878208,238,8,5,0,118,0.004884276702473828
595,0.0359890791759741,0.0707478838249528,0.0374864505413046,238,10,4,2,18,0.0020621544372435682
596,0.002588377123001,0.0691258602641103,0.0020555680232414,238,10,4,0,104,0.004355003298635465
597,-0.4037513739673083,0.1338203917482967,0.0120895282252117,238,2,11,0,22,0.0015995178499110165
598,-0.2457539978016522,0.0949521229903694,0.0156067149828523,238,5,7,1,30,0.0042669011761406455
599,-0.3981491330709498,0.1154550715086012,0.0105428211442536,238,2,9,0,92,0.0036402965216667748
600,-0.2662482714604828,0.1267829912209589,0.0458449054919374,238,4,10,2,20,0.0013956950402149748
601,-0.0760557387511966,0.0782851485476129,0.0231348329552481,238,8,5,1,45,0.004231983686421704
602,0.0206715597631457,0.1249483465123258,0.1279659760979985,238,10,10,8,9,0.0005935909151224599
603,-0.1785271070453497,0.0959941879302689,0.038251439583383,238,6,7,2,22,0.002576945851115547
604,0.2285927029039463,0.0786822947528728,0.0495801867127329,238,14,5,3,12,0.0009060017775838139
605,-0.2688011913626209,0.0912377707660075,0.0295752302211026,238,4,7,1,28,0.0038455970181802803
606,-0.1183916604616529,0.0749166696838989,0.0066815417582672,238,7,5,0,86,0.004462857898018962
607,-0.1450554905506506,0.0938937779219848,0.0015349868946421,238,7,7,0,75,0.003922112144946418
608,-0.3056767010601708,0.1208726914332869,0.0337811834514084,238,3,10,2,12,0.0015393917560890028
609,-0.0649221714002056,0.0591122126795747,0.0053563999750705,238,8,3,0,13,0.0017505038814693567
610,-0.1052724887423323,0.0780464327353681,0.0371712264125214,238,7,5,2,14,0.0019215935290123082
611,-0.0287558061199163,0.0588164589321161,0.0035084425942326,238,9,3,0,38,0.002541755274822797
612,-0.1306598588802609,0.1721964230402886,0.198719086847392,238,7,15,13,3,0.00011829151115213029
613,-0.2890827216962734,0.0942949211244084,0.0537189015098462,238,4,7,3,4,0.0009756250289295255
614,-0.123426585824203,0.0967055563362141,0.0460101568806448,238,7,7,3,28,0.0017006627136119561
615,-0.2654682126014963,0.1118127052841626,0.0040251212066884,238,4,9,0,63,0.0032442879918447966
616,0.0425841222564975,0.1294713674981349,0.1220514887416243,238,10,11,8,6,0.00044266141007082274
617,0.0906641137467645,0.0619818508990605,0.007331010741162,238,11,4,0,96,0.0038563263286608743
618,-0.4492075311137112,0.1399465750653657,0.0231810492620863,238,1,12,1,7,0.0007803333456211111
619,-0.1010176222387689,0.1115477011190969,0.0920393937384197,238,8,9,6,16,0.0008557918870896612
620,-0.3921214055242349,0.1396389964247955,0.0718857188190481,238,2,12,4,4,0.00024257797291860766
621,-0.2224940609155054,0.103003640930794,0.0378831192640947,238,5,8,2,23,0.0023032056205181664
622,-0.1564727156685459,0.0969252346252713,0.0053914909513712,238,6,7,0,96,0.004713885748433999
623,-0.4460872956777647,0.1375034254689508,0.0160211434473323,238,1,11,1,21,0.0014808047137841256
624,0.2239123497500265,0.0888084638887261,0.103842180906142,238,14,6,6,6,0.00044836706910762064
625,0.0597454171542034,0.0949711269578193,0.0866919628053383,238,11,7,5,17,0.0010146204443782594
626,-0.1183207460199269,0.0902691766139917,0.0020079476713706,238,7,6,0,105,0.004915439800339099
627,0.0466262454348828,0.0766722059824744,0.0362030658903539,238,10,5,2,36,0.0025029702124330115
628,0.09506080913378,0.1460867335251902,0.1573647672267614,238,11,12,10,7,0.00033215604869236173
629,0.1218664681062298,0.0890445089710294,0.061500555828308,238,12,6,4,12,0.0010868341343686872
630,0.2985852568875651,0.0524379729844824,0.030977751222773,238,16,3,2,22,0.0008277185805572241
631,-0.3093642520299258,0.0810821857618449,0.0045568926104163,238,3,6,0,36,0.0023601621856203458
632,-0.3655284898769633,0.0929068377414733,0.028401410850741,238,2,7,1,15,0.002041776405580754
633,0.1175406871609403,0.0745124892386286,0.0270076926977553,238,12,5,1,16,0.0020170201009321654
634,-0.3863064213026982,0.1060244954691043,0.0363165070461981,238,2,8,2,7,0.0013970382356367826
635,0.0792468886288692,0.0666108687605559,0.0102699708126535,238,11,4,0,96,0.0038563263286608743
636,-0.0427259511399496,0.0632265815213354,0.0043668008804699,238,9,4,0,110,0.004292388740450521
637,0.0800269474878559,0.1003597057296425,0.0884689295452773,238,11,8,5,12,0.0008198512207264593
638,0.0995993334042477,0.0596810194977845,0.0261552360085675,238,12,3,1,38,0.0029775459777509877
639,0.2748289189093358,0.1720350211432908,0.229496468276002,238,15,15,15,1,2.711235787131295e-05
640,0.073999219941141,0.04793610565142,0.0051607291498738,238,11,2,0,18,0.0018657310811233557
641,-0.2074601992695812,0.0863264882034116,0.0028464678356898,238,5,6,0,104,0.004457874728275953
642,0.1195972059709959,0.1097015562927435,0.1058446676910602,238,12,8,6,17,0.0007219739687309315
643,0.1627131865404389,0.0500573458758432,0.0018718715323124,238,13,2,0,51,0.002201728852969309
644,-0.064213026982945,0.080132245155851,0.0242395774053023,238,8,5,1,45,0.004231983686421704
645,-0.3512746870900258,0.1248391647899952,0.0016815592697201,238,3,10,0,24,0.002332232535430932
646,0.046909903201787,0.0861978495953523,0.0635332694401239,238,10,6,4,15,0.0012094322560504275
647,-0.2568166507109172,0.1277734536167336,0.0304059102264553,238,4,10,1,11,0.0018171377599596609
648,-0.119668120412722,0.1164943438692694,0.1087812600854761,238,7,9,7,11,0.0006895840231845074
649,-0.4178633478707938,0.1255724064309824,0.0025446531481333,238,1,10,0,58,0.0024176974686684533
650,0.349005424954792,0.0384486236154078,0.0064127292962086,238,17,1,0,23,0.0007836667221217257
651,0.0137928589157181,0.0609139491693328,0.0021622795008236,238,10,3,0,83,0.003204714279147116
652,-0.088891252703613,0.0837110384290407,0.025928895962922,238,8,6,1,32,0.004098846777087474
653,-0.3895684856220968,0.1073768573657442,0.0285497575857533,238,2,8,1,13,0.002881514397028944
654,0.1192426337623656,0.0745897704493592,0.0142804178291065,238,12,5,0,8,0.0016635528145294478
655,0.2597241428216856,0.0568194716147686,0.0414514608071015,238,15,3,2,24,0.0010910017256819872
656,0.0435769244406623,0.0595685151331395,0.0068220949530834,238,10,3,0,83,0.003204714279147116
657,-0.0819416374144594,0.1023971591489172,0.0034573158716437,238,8,8,0,11,0.0013733754699129929
658,-0.2164663333687905,0.0958786959024064,0.054767945635173,238,5,7,3,14,0.0013318451260624542
659,0.0479027053859518,0.0549397098527204,0.0042970004120629,238,11,3,0,87,0.0035031944625956886
660,-0.0213807041804063,0.0815899538015258,0.049448133968644,238,9,6,3,22,0.0016882375614213183
661,-0.1188171471120093,0.0953633431677707,0.011462627919307,238,7,7,0,75,0.003922112144946418
662,-0.261497003864837,0.0922312922821905,0.0214417854631123,238,4,7,1,28,0.0038455970181802803
663,-0.0245009396163528,0.0717535220704278,0.0456220068136924,238,9,5,2,19,0.0025021876125847424
664,0.0537886040492146,0.0893640262492869,0.0187025214095024,238,11,6,1,6,0.0015417227136870053
665,0.1493812714959401,0.089071215107699,0.0613545037203379,238,13,6,4,14,0.0008774977138896638
666,0.1727830372655391,0.0633554865815914,0.0456477595771661,238,13,4,2,27,0.0017949624306630315
667,-0.2608587738893025,0.0958288858638611,0.0033597767092026,238,4,7,0,120,0.004630464276693427
668,-0.2891536361379994,0.1143666064582939,0.0021633146650889,238,4,9,0,63,0.0032442879918447966
669,-0.051802999680885,0.0771104146882828,0.0045590745276714,238,9,5,0,128,0.00475484797010613
670,0.0621565081728893,0.1442751405078697,0.1781387999912578,238,11,12,11,8,0.00032097752887019136
671,-0.4638868205510051,0.1438144037732026,0.0027066140698384,238,0,12,0,6,0.0005410486288017147
672,-0.1250576179839023,0.0941479156200696,0.0119061636820848,238,7,7,0,75,0.003922112144946418
673,0.1971066907775768,0.0593409407795529,0.023613057678394,238,13,3,1,35,0.0025669641651229784
674,-0.1963266319185902,0.1059342138912387,0.0189909189018283,238,6,8,1,25,0.003122502696240139
675,0.3924050632911391,0.0867470344685154,0.1052711949797828,238,17,6,6,3,0.00020568797986666746
676,0.0337907314824664,0.0756429495376255,0.0189291413218694,238,10,5,1,35,0.003681177079075407
677,-0.0737155621742367,0.0795372876312926,0.0256282548691784,238,8,5,1,45,0.004231983686421704
678,-0.2019997872566747,0.1041676567378438,0.0203570968738305,238,6,8,1,25,0.003122502696240139
679,-0.218381023295394,0.0829674782808883,0.0390450700689313,238,5,6,2,14,0.0018513353508829
680,0.38843385455448,0.035136455653635,0.0023055694499509,238,17,1,0,23,0.0007836667221217257
681,0.425522107577208,0.1386205390154028,0.1965003141685044,238,18,11,12,2,3.66035465552333e-05
682,-0.149310357054214,0.0950385045417184,0.0034691951136425,238,7,7,0,75,0.003922112144946418
683,-0.1883842144452717,0.1538057019882202,0.1870784709141985,238,6,13,12,2,0.00013804038064104936
684,-0.427933198595894,0.1183035158738847,0.0014406027698445,238,1,9,0,77,0.0026736108853416024
685,0.1720029784065524,0.1022758113994369,0.1022400788056578,238,13,8,6,7,0.0005126940697092219
686,0.1315817466226997,0.0471957466524031,0.0025903292553604,238,12,2,0,34,0.0021758371823757663
687,-0.0176931532106513,0.1022415248128907,0.089441207229448,238,9,8,5,17,0.0009574163963989238
688,0.3336169911002375,0.1225637957110083,0.1672214887371446,238,16,10,10,1,0.00011773713665029719
689,-0.1945537708754387,0.0954164401243108,0.0145723943608984,238,6,7,0,96,0.004713885748433999
690,-0.0772612842605396,0.0973307926637235,0.0198008416559609,238,8,7,1,25,0.0028794895434652297
691,0.1408006240470871,0.1096937890063751,0.139625490749859,238,12,8,9,1,0.0001652721884819799
692,0.127114136793958,0.0585517878458787,0.0172295831016904,238,12,3,1,38,0.0029775459777509877
693,-0.2734815445165408,0.124812459762102,0.0604611214512893,238,4,10,3,9,0.0010100687867596464
694,0.0175513243271992,0.06491526317923,0.0199121634938641,238,10,4,1,35,0.00376178763264307
695,-0.3166684395277097,0.1114638758898504,0.0064266924094128,238,3,9,0,69,0.003704547569987754
696,0.0103180512711413,0.1013638368883721,0.096174737051211,238,10,8,6,15,0.0008757743252029102
697,0.3438995851505158,0.0807665056472077,0.1034861444979004,238,16,6,6,11,0.0003094723533780408
698,-0.1946246853171648,0.0706397168304123,0.0230593260076351,238,6,4,1,3,0.0015305189518170178
699,0.0282594050278339,0.1262071941363952,0.1371290444465166,238,10,10,8,9,0.0005935909151224599
700,0.28248767861575,0.0490059418773889,0.0068517021672859,238,15,2,0,32,0.001490183960655832
701,0.0202460731127894,0.0709734267196805,0.0278348958325754,238,10,5,1,35,0.003681177079075407
702,0.0325142715313973,0.0652048432964186,0.0122673564094662,238,10,4,0,104,0.004355003298635465
703,-0.2514271531397368,0.1139614372834339,0.0815678691218479,238,5,9,5,9,0.0008369087035700342
704,0.009892564620785,0.0773366740303141,0.0131948359144142,238,10,5,0,75,0.003855261700858351
705,-0.2476686877282558,0.1106766667184696,0.0434005893345813,238,5,9,2,12,0.00176205040904918
706,-0.2870262028862177,0.0925873195056169,0.0091094091217468,238,4,7,0,120,0.004630464276693427
707,0.0342871325745488,0.1140819278288067,0.1143260545177924,238,10,9,7,11,0.0007372693959234579
708,0.2703613090805942,0.0378635383391872,0.0050744333619075,238,15,1,0,37,0.0012568719412054995
709,0.0054958692337694,0.0747950997587182,0.039205725476186,238,10,5,2,36,0.0025029702124330115
710,-0.2315711094564407,0.0883493572481213,0.0010771950529613,238,5,6,0,104,0.004457874728275953
711,-0.0958408679927667,0.0972657508809488,0.034458726759577,238,8,7,2,16,0.002126815195695619
712,-0.1612239832641917,0.1042871602423019,0.0145212515349782,238,6,8,0,57,0.003300602884874217
713,-0.1716484061979221,0.0660344050529253,0.0076894110153482,238,6,4,0,25,0.0019497198210807415
714,-0.0072687302769208,0.0715030463121147,0.0301408606433976,238,9,5,1,43,0.0042530637397620065
715,-0.341630323015282,0.1262186887865812,0.0335932818105474,238,3,10,2,12,0.0015393917560890028
716,-0.0315214693472325,0.0723439221019575,0.0233679153308794,238,9,5,1,43,0.0042530637397620065
717,-0.1656206786512072,0.1279403576243123,0.0687949349444791,238,6,10,4,4,0.00067967515270272
718,-0.0988192745452611,0.0889226450267979,0.0208189869262639,238,8,6,1,32,0.004098846777087474
719,0.0886075949367088,0.0606069683310432,0.0005351787800038,238,11,3,0,87,0.0035031944625956886
720,-0.1303052866716306,0.0843799802094408,0.0120977616815318,238,7,6,0,105,0.004915439800339099
721,0.1890933588625323,0.0637561493575713,0.0106204102215965,238,13,4,0,10,0.0019536726542821745
722,-0.21341701237457,0.1275412746263722,0.0353427281108787,238,5,10,2,11,0.0011077952279815915
723,0.3767329716696805,0.0557724965135739,0.0427540765102542,238,17,3,2,5,0.0005099194301865744
724,-0.2675956458532779,0.1103576237596414,0.0707446224565137,238,4,9,4,13,0.000926153521380232
725,-0.3880083679041236,0.1016014145903086,0.0040498439332682,238,2,8,0,89,0.003550440087193625
726,0.0529376307485019,0.0849198612007821,0.0654123333949675,238,11,6,4,12,0.001206200991013593
727,-0.1506577314470091,0.0763535700036145,0.0041244524231802,238,7,5,0,86,0.004462857898018962
728,-0.1731376094741693,0.0842191600229009,0.0026500263425304,238,6,6,0,123,0.0049806266057812725
729,0.1115838740559514,0.0645170001963569,0.0104319775007133,238,12,4,0,46,0.003005418736203267
730,0.0218061908307626,0.0576693744773403,0.0058208299725819,238,10,3,0,83,0.003204714279147116
731,0.0123036556394709,0.0844884423652997,0.0531187972767304,238,10,6,3,31,0.0017261073251220965
732,0.0942098358330674,0.0570732089967014,0.0178827134958009,238,11,3,1,20,0.0029229560613640614
733,0.0759848243094706,0.0580666513550056,0.0138723609876239,238,11,3,0,87,0.0035031944625956886
734,0.1181080026947487,0.1594644534398869,0.2173608685159587,238,12,14,14,3,9.768675654613066e-05
735,-0.094989894692054,0.0742128970245013,0.0558069690557796,238,8,5,3,8,0.0010831394703888387
736,0.3052512144098145,0.0829514358944963,0.1008514395649883,238,16,6,6,11,0.0003094723533780408
737,-0.270148565755416,0.1060824122352584,0.0114503834712914,238,4,8,0,91,0.004483419991872029
738,-0.298443428004113,0.1296249674233284,0.0230560216594133,238,4,11,1,6,0.0008162521028004484
739,0.1093855263624437,0.0672259660530296,0.0324635113144897,238,12,4,2,30,0.0021432616240922957
740,-0.0206006453214197,0.0608788030734229,0.0021722146556218,238,9,3,0,38,0.002541755274822797
741,0.0393220579370988,0.0939308542882752,0.0480038931813347,238,10,7,3,21,0.0013092804382386475
742,0.0956281246675885,0.0896102633732079,0.0488004521246591,238,11,6,3,17,0.0015177436956017969
743,-0.1329291210154947,0.0843264779059274,0.0204891745804637,238,7,6,1,35,0.004354591136495643
744,-0.1312980888557954,0.0687581014995619,0.0146334943342264,238,7,4,0,53,0.0027892752163863077
745,0.2029216749991135,0.0595991637793828,0.0112900065176388,238,14,3,0,25,0.0018030019399556335
746,-0.1913626209977662,0.0868534853436892,0.0008805964486369,238,6,6,0,123,0.0049806266057812725
747,0.0269829450767648,0.0595552645940302,0.0125296320707217,238,10,3,0,83,0.003204714279147116
748,-0.0869056483352834,0.0891197485869539,0.0472627750044797,238,8,6,3,16,0.001552115822956393
749,-0.4348828138850476,0.120659168402394,0.0089121440898503,238,1,10,0,58,0.0024176974686684533
750,-0.1391695918873878,0.0935278498020742,0.0306642921924989,238,7,7,1,42,0.0036960149974717034
751,-0.2884444917207389,0.1031334292182724,0.0339671557793795,238,4,8,2,18,0.0022378626382709432
752,-0.1996596106797148,0.0779803345656572,0.0036037741509061,238,6,5,0,87,0.0037737578394178533
753,-0.3178739850370527,0.0911604514003517,0.0078697514866135,238,3,7,0,83,0.0037735571101525844
754,-0.3879374534623976,0.1252603095787954,0.0201535948436834,238,2,10,1,26,0.002507580560992337
755,-0.3905612878062616,0.1326031325888832,0.0066896490506631,238,2,11,0,22,0.0015995178499110165
756,-0.3466652483778321,0.1237496504850032,0.0249210160099261,238,3,10,1,18,0.0022729880349347505
757,-0.1742013261000602,0.063420521477851,0.0085852574054264,238,6,4,0,25,0.0019497198210807415
758,0.1617203843562741,0.0720941576738962,0.0288240223968227,238,13,5,1,2,0.0012406708340331237
759,0.0513775130305286,0.1183973088833323,0.1258783760578628,238,11,9,8,8,0.0005261201831962991
760,-0.0246427684998049,0.0688143013157158,0.0007020826998537,238,9,4,0,110,0.004292388740450521
761,0.1185334893451051,0.0620563830409544,0.0218399351022228,238,12,4,1,39,0.0030492137784899846
762,0.2859624862603269,0.0343082831123304,0.0049807705266326,238,15,1,0,37,0.0012568719412054995
763,0.1885969577704499,0.057340073754372,0.0192694869096114,238,13,3,1,35,0.0025669641651229784
764,-0.260220543913768,0.1190383103097223,0.0232003575072336,238,4,9,1,33,0.00306687553510888
765,-0.2675956458532779,0.0979648295793949,0.0039910713430201,238,4,7,0,120,0.004630464276693427
766,0.2132751834911179,0.0426715512210288,0.0042601568764377,238,14,2,0,63,0.001936958343928828
767,-0.1828528879906392,0.0901314166629109,0.0047060418848029,238,6,6,0,123,0.0049806266057812725
768,-0.1378931319363188,0.0991538645779146,0.0023438049769895,238,7,7,0,75,0.003922112144946418
769,-0.2197993121299152,0.1232852355346077,0.1114513149366474,238,5,10,7,7,0.0005319253452796087
770,-0.3739673084423642,0.1355828714593563,0.0059691109781863,238,2,11,0,22,0.0015995178499110165
771,0.2078856859199375,0.0552495174840156,0.0078272169793964,238,14,3,0,25,0.0018030019399556335
772,-0.0759139098677445,0.1147661791848464,0.1152258888563022,238,8,9,7,7,0.0007091427151292486
773,-0.1537779668829557,0.0849384607264246,0.0119472483670952,238,6,6,0,123,0.0049806266057812725
774,-0.4009857107399921,0.0871602253401855,0.0053247682991784,238,2,6,0,18,0.0013709358574978201
775,0.300925433464525,0.0420607505937792,0.0043513844951075,238,16,2,0,12,0.0010230552340021607
776,-0.2320675105485231,0.1012061626716532,0.039498608757,238,5,8,2,23,0.0023032056205181664
777,-0.4253093642520298,0.13082495126664,0.0338746810200225,238,1,11,2,11,0.0008562449645723883
778,0.1052724887423323,0.062788119482203,0.0015548612653232,238,12,4,0,46,0.003005418736203267
779,-0.1946955997588908,0.076723388449719,0.0072409426324423,238,6,5,0,87,0.0037737578394178533
780,0.067829663510974,0.0866849458169889,0.0308334255819665,238,11,6,2,17,0.001619547454591884
781,-0.0859837605928447,0.0804232956957839,0.0164906434235334,238,8,5,1,45,0.004231983686421704
782,-0.1285324256284792,0.0820710139130957,0.0366764091000765,238,7,6,2,17,0.002531552152626628
783,-0.2098712902882671,0.1472838937127798,0.142759260455779,238,5,12,9,6,0.0002610441849557224
784,-0.1336382654327553,0.0686531306384735,0.0061046790381703,238,7,4,0,53,0.0027892752163863077
785,0.1109456440804169,0.1014865090745104,0.1336781228752329,238,12,8,8,2,0.00034843457648906043
786,0.1461901216182675,0.131250923045583,0.1548390553141675,238,12,11,10,5,0.0002877203771255406
787,-0.0466971598766088,0.1621053125527039,0.1941645421036781,238,9,14,12,6,0.00019283186778847947
788,-0.3577988157288231,0.0907960215803617,0.0119776070679163,238,2,7,0,52,0.002597604187038845
789,-0.4278622841541679,0.1263676817805948,0.011470386771719,238,1,10,0,58,0.0024176974686684533
790,0.3197886749636563,0.0474209718182383,0.0136742280801289,238,16,2,0,12,0.0010230552340021607
791,-0.2544055596922313,0.0889955397139696,0.0066394717947815,238,4,6,0,60,0.003468743098616289
792,-0.1626422720987128,0.1556764953334149,0.1705824215088175,238,6,13,11,3,0.00017514447451670242
793,-0.3499982271389568,0.116538401617264,0.003391709402375,238,3,9,0,69,0.003704547569987754
794,-0.2398680991383895,0.0977321065924502,0.0044719074667639,238,5,7,0,118,0.004976576343704583
795,-0.0179768109775555,0.1265219125056781,0.122894436841454,238,9,10,8,11,0.000620914219708723
796,-0.0635038825656844,0.1137800378465077,0.0363411840755153,238,8,9,2,1,0.0006427762247041826
797,-0.2323511683154274,0.1044039815268277,0.0214438511878061,238,5,8,1,31,0.003710872647041985
798,0.2164663333687905,0.048426529579664,0.0028100362035883,238,14,2,0,63,0.001936958343928828
799,-0.4312661773570186,0.1271411170394559,0.0195924678497464,238,1,10,1,22,0.002079606064659946
800,0.3097897386802822,0.0309374548458038,0.0106426638029604,238,16,0,0,4,0.000624603100434902
801,-0.130730773321987,0.0702104658496333,0.0036414633285301,238,7,4,0,53,0.0027892752163863077
802,-0.1483175548700492,0.0681908807443026,0.0081274990942808,238,7,4,0,53,0.0027892752163863077
803,-0.2168918200191468,0.08836344368728,0.0096493121501629,238,5,6,0,104,0.004457874728275953
804,0.017267666560295,0.0502833871554938,0.0078674842817165,238,10,2,0,8,0.001419379660470872
805,-0.0867638194518313,0.0905286758015395,0.0146897045552445,238,8,7,0,32,0.002863781975607201
806,-0.2440520512002268,0.1233378113443761,0.0446720212585077,238,5,10,2,11,0.0011077952279815915
807,0.0223735063645711,0.0908721641525067,0.0610367662311637,238,10,7,3,21,0.0013092804382386475
808,0.2339822004751267,0.0416428440073053,0.0284309979416497,238,14,2,1,18,0.0017176569679600764
809,-0.259085912846151,0.1101568404123772,0.0621478839514828,238,4,9,4,13,0.000926153521380232
810,0.0817998085310073,0.0651425909890876,0.0294098055915268,238,11,4,1,35,0.00355858256828443
811,-0.2939758181753714,0.0972540726061911,0.0336933604269797,238,4,7,2,14,0.001988598870210548
812,-0.0893167393539694,0.075141412926309,0.0070366571551598,238,8,5,0,118,0.004884276702473828
813,-0.4577881785625642,0.1445341056365424,0.0053228423477254,238,0,12,0,6,0.0005410486288017147
814,-0.2264652696521646,0.0682191746162465,0.0043927286497028,238,5,4,0,2,0.0011939892597355249
815,-0.1804417969719533,0.0978557878830738,0.0370548494741121,238,6,7,2,22,0.002576945851115547
816,-0.3052512144098145,0.0917039548232421,0.0035784864856787,238,3,7,0,83,0.0037735571101525844
817,-0.300925433464525,0.1052298874344359,0.0196883950061842,238,4,8,1,31,0.003922345351422437
818,0.1058398042761408,0.055423714678211,0.004423619910011,238,12,3,0,112,0.0033545247846789965
819,-0.4067297805198028,0.1115646122878368,0.0041781998795245,238,1,9,0,77,0.0026736108853416024
820,-0.1242775591249157,0.0660987002303495,0.0029752246276607,238,7,4,0,53,0.0027892752163863077
821,-0.3550331525015069,0.0959728218066267,0.0116574484635671,238,2,7,0,52,0.002597604187038845
822,0.0803106052547601,0.0613027405730912,0.0418398431007615,238,11,4,2,22,0.0021938763198335637
823,-0.1241357302414636,0.0933011542805068,0.0334901734842977,238,7,7,2,26,0.002471827272074585
824,-0.1791653370208842,0.0895254276024024,0.0269594284671446,238,6,6,1,30,0.004217975956735463
825,-0.4363011027195688,0.1262734078887243,0.0147409238246439,238,1,10,0,58,0.0024176974686684533
826,-0.1025777399567421,0.0902230767763165,0.0072561044035682,238,8,6,0,87,0.004426521123504939
827,0.1018685955394816,0.0497610686584673,0.0163830708001677,238,12,2,1,6,0.001757520113939135
828,0.0155657199588696,0.0716667935503326,0.0277768209286615,238,10,5,1,35,0.003681177079075407
829,0.1975321774279331,0.0476371344387889,0.0144304092667165,238,13,2,0,51,0.002201728852969309
830,-0.4004183952061836,0.1528609442140741,0.0252610575463052,238,2,13,1,3,0.0002600375168572824
831,-0.3283693224125092,0.112797346585596,0.0466605335637432,238,3,9,3,16,0.0011554300265711247
832,-0.2450448533843916,0.075875719540616,0.0036846787113617,238,5,5,0,48,0.002829270609622204
833,-0.1075417508775661,0.0975223579945796,0.0051072607851935,238,7,7,0,75,0.003922112144946418
834,0.1140658795163634,0.0919649223002279,0.1022474080242989,238,12,7,6,11,0.0007591427528610176
835,-0.3525511470410948,0.113447035728438,0.0163127476883848,238,3,9,1,37,0.003326167945494541
836,-0.0637166258908626,0.0891290805986504,0.0390903471055432,238,8,6,2,25,0.0025738901815202356
837,0.1487430415204056,0.0662180458695071,0.0273564156512238,238,13,4,1,27,0.002211503016508247
838,-0.1017267666560294,0.1012724477745897,0.0478413467946657,238,8,8,3,12,0.0012201196394973663
839,0.1586710633620536,0.0454994088182351,0.0109192429005907,238,13,2,0,51,0.002201728852969309
840,-0.3124135730241463,0.129082044624904,0.0970997213479882,238,3,10,6,7,0.0003334749144724646
841,-0.4508385632734105,0.1246582498766789,0.0070411770108084,238,1,10,0,58,0.0024176974686684533
842,0.1507286458887352,0.0798546634597355,0.0628055596304037,238,13,5,4,7,0.0009341215253479416
843,-0.199801439563167,0.1172485189844078,0.1028737429922944,238,6,9,6,15,0.0008086379587624537
844,-0.1966102896854944,0.1291047132354279,0.0577935935147331,238,6,10,3,7,0.0006941012892413952
845,-0.1202354359465305,0.0931081077304922,0.0178268373320156,238,7,7,1,42,0.0036960149974717034
846,0.065418572492288,0.0760934758242773,0.0592223718664722,238,11,5,3,16,0.0015976535184731248
847,-0.0283303194695599,0.0966042345146466,0.098261380005834,238,9,7,6,5,0.000588261317527889
848,0.0477608765024997,0.1247607513790154,0.1138889106132993,238,11,10,7,7,0.000510369007906226
849,-0.039463886820551,0.0725054303686986,0.0020010733750953,238,9,5,0,128,0.00475484797010613
850,-0.177605219302911,0.0877184846038375,0.015981376065852,238,6,6,1,30,0.004217975956735463
851,0.0230117363401056,0.0632224307345565,0.0282347447872789,238,10,4,1,35,0.00376178763264307
852,-0.4026876573414175,0.0955237297544783,0.0022593171051378,238,2,7,0,52,0.002597604187038845
853,0.1063362053682232,0.0823259023817588,0.0630378614453892,238,12,6,4,12,0.0010868341343686872
854,-0.3480126227706271,0.1108365110055227,0.0016643376576038,238,3,9,0,69,0.003704547569987754
855,-0.0360599936177002,0.070099872910277,0.0018819099908046,238,9,4,0,110,0.004292388740450521
856,-0.288586320604191,0.1194931508752873,0.038157778161302,238,4,9,2,13,0.001982695041022654
857,-0.0665532035599049,0.1325406777999422,0.1248028775695878,238,8,11,8,16,0.0005696293568104668
858,-0.0549941495585575,0.0914491267568814,0.1045361023285796,238,8,7,6,6,0.0005008773063975063
859,-0.0559160373009963,0.0780854917792675,0.0075063062842582,238,8,5,0,118,0.004884276702473828
860,-0.2180264510867638,0.0979592810345018,0.0050812754023257,238,5,7,0,118,0.004976576343704583
861,-0.2753253200014182,0.1088396354605458,0.0017616820140738,238,4,8,0,91,0.004483419991872029
862,-0.192426337623657,0.1209173800326919,0.0519792947456355,238,6,10,3,7,0.0006941012892413952
863,-0.4256639364606601,0.1184036009853278,0.0010452031757019,238,1,9,0,77,0.0026736108853416024
864,-0.003723008190618,0.0776994968705935,0.005096857630472,238,9,5,0,128,0.00475484797010613
865,0.2881608339538346,0.1077264293347884,0.1275608567818872,238,15,8,8,6,0.00030640106925529603
866,0.138176789703223,0.0551484043390008,0.0104361312833833,238,12,3,0,112,0.0033545247846789965
867,-0.0761266531929227,0.1048294837156623,0.1089106067018872,238,8,8,7,3,0.000496614612967478
868,-0.0426550366982235,0.0553077483990515,0.0091044173016579,238,9,3,0,38,0.002541755274822797
869,0.1288869978371095,0.0539491139238714,0.0190999853955457,238,12,3,1,38,0.0029775459777509877
870,-0.0884657660532567,0.0783600037202412,0.0280724666823135,238,8,5,1,45,0.004231983686421704
871,0.0047158103747828,0.0947950496189461,0.0845871126353779,238,10,7,5,11,0.0009860863442663005
872,-0.3509201148813956,0.0812813076134921,0.0088986543955205,238,3,6,0,36,0.0023601621856203458
873,0.0364145658263305,0.1110101044190028,0.1071945232430805,238,10,9,7,11,0.0007372693959234579
874,-0.1376803886111406,0.0800919274852319,0.0036604600162311,238,7,5,0,86,0.004462857898018962
875,0.4280750274793461,0.1166895847715877,0.1692072924982005,238,18,9,11,1,2.489024390614579e-05
876,-0.424245647626139,0.0881693892812083,0.0161241287103725,238,1,6,1,2,0.0004655991447182744
877,0.1700882884799489,0.0508031082579203,0.0049751813239881,238,13,2,0,51,0.002201728852969309
878,-0.0276920894940254,0.0899553035226091,0.0297038763110742,238,9,6,1,35,0.003457223377569426
879,-0.1447718327837463,0.0800195044623765,0.0231835794207378,238,7,5,1,35,0.003768331523905521
880,-0.2490160621210509,0.1522212444820286,0.1705535215204412,238,5,13,11,3,0.0001475334450583053
881,-0.2241960075169307,0.1156696907597199,0.0030709661947274,238,5,9,0,34,0.002548715097143437
882,-0.0165585221430344,0.0766104943306262,0.0197270265371872,238,9,5,1,43,0.0042530637397620065
883,0.2560365918519306,0.0504340508578711,0.0066618316680606,238,15,2,0,32,0.001490183960655832
884,0.1290997411622876,0.1006944127839713,0.0853215208960145,238,12,8,5,3,0.0006378968641423317
885,0.2224940609155054,0.0532941314340114,0.0038054392292492,238,14,3,0,25,0.0018030019399556335
886,-0.2168209055774208,0.0893960485982325,0.0189816021379436,238,5,6,1,26,0.0036553501392859243
887,-0.0239336240825444,0.0968788851202392,0.0666485400119797,238,9,7,4,11,0.0012049178080219785
888,0.0955572102258624,0.0737712302991097,0.0053591776299897,238,11,5,0,31,0.0026768986373174324
889,-0.3911286033400701,0.09701727140827,0.0026525337384109,238,2,7,0,52,0.002597604187038845
890,-0.3057476155018969,0.1073736046969519,0.0120023451291152,238,3,8,0,100,0.004333383064151017
891,0.320781477147821,0.0869913752373617,0.1007164199539818,238,16,6,6,11,0.0003094723533780408
892,0.2857497429351487,0.0397368704290255,0.0040706135624206,238,15,1,0,37,0.0012568719412054995
893,-0.1472538382441583,0.0773136893244177,0.0156485675174553,238,7,5,1,35,0.003768331523905521
894,-0.3876537956954933,0.1295883403599697,0.003817307371762,238,2,11,0,22,0.0015995178499110165
895,-0.3631883133000035,0.0956637237260687,0.0127106857354129,238,2,7,0,52,0.002597604187038845
896,-0.2973087969364961,0.1459541229801704,0.0691073935743138,238,4,12,4,5,0.00024952252992316846
897,-0.2277417296032336,0.0901663790702858,0.0335914797695381,238,5,6,2,14,0.0018513353508829
898,-0.333049675566429,0.0946970724108019,0.0028958335776491,238,3,7,0,83,0.0037735571101525844
899,0.2213594298478884,0.0612487817534405,0.0245456980737149,238,14,4,1,9,0.0013243774840951577
900,0.0449952132751834,0.0650458577339114,0.0318027517295062,238,10,4,2,18,0.0020621544372435682
901,0.2232032053327659,0.1054610524441351,0.1171019412159985,238,14,8,7,4,0.0003868876155695181
902,-0.0820125518561855,0.0784055382620519,0.0124617525330385,238,8,5,0,118,0.004884276702473828
903,-0.074070134382867,0.0751567931945351,0.033176848582593,238,8,5,2,17,0.0022773988520767567
904,-0.2945431337091798,0.1202141363874059,0.0206261378193932,238,4,10,1,11,0.0018171377599596609
905,-0.1360493564514413,0.0924012637992829,0.0020811454749974,238,7,7,0,75,0.003922112144946418
906,0.3520547459490124,0.0778267124932468,0.0925032327327131,238,17,5,6,1,0.00018042072163847723
907,-0.056837925043435,0.1879877266446981,0.2112001123553689,238,8,17,13,1,2.199099653387698e-05
908,-0.3982200475126758,0.1361641469771026,0.0027430723238612,238,2,11,0,22,0.0015995178499110165
909,0.0640711980994929,0.0555135453854652,0.0021357785926322,238,11,3,0,87,0.0035031944625956886
910,0.1247030457752721,0.0600723368944369,0.0028630225397361,238,12,3,0,112,0.0033545247846789965
911,0.2480941743786121,0.0475242876879262,0.0006847971194586,238,14,2,0,63,0.001936958343928828
912,-0.1880296422366414,0.0937863228749439,0.0055691020434471,238,6,7,0,96,0.004713885748433999
913,0.0771194553770875,0.0946169017493385,0.0856147007560819,238,11,7,5,17,0.0010146204443782594
914,-0.1103783285466084,0.0667143919459131,0.0178544224615429,238,7,4,1,13,0.002255601474021136
915,-0.2607878594475764,0.1057305969574898,0.0199482950580558,238,4,8,1,31,0.003922345351422437
916,-0.0965500124100273,0.09504928315477,0.0523790640745379,238,8,7,3,12,0.001600014694282029
917,-0.1525015069318866,0.0919727975748451,0.0248809879770951,238,7,7,1,42,0.0036960149974717034
918,-0.3237598837003155,0.1260809036925311,0.056284485620798,238,3,10,3,10,0.0010090003136682217
919,0.1055561465092366,0.0632798015889271,0.0077481526345088,238,12,4,0,46,0.003005418736203267
920,-0.1637769031663297,0.0739701875506858,0.0052252286826507,238,6,5,0,87,0.0037737578394178533
921,0.007481473602099,0.0694146495905798,0.017622121253549,238,10,4,1,35,0.00376178763264307
922,0.2114314080062404,0.0580872817665554,0.0067344196737931,238,14,3,0,25,0.0018030019399556335
923,-0.238024323653512,0.1050823834305402,0.0234988935443121,238,5,8,1,31,0.003710872647041985
924,-0.0561287806261745,0.0702740913026124,0.0105925119276169,238,8,4,0,68,0.003645851648012564
925,-0.0610218771052724,0.0696511991005508,0.0023952591713091,238,8,4,0,68,0.003645851648012564
926,-0.3948870687515511,0.110060985892023,0.0017665389159363,238,2,9,0,92,0.0036402965216667748
927,0.1900861610466971,0.0364293799278039,0.0174632762571776,238,13,1,1,2,0.0008244084127391237
928,-0.0415913200723327,0.0769035093712575,0.021180334991707,238,9,5,1,43,0.0042530637397620065
929,-0.0897422260043257,0.0844548264969805,0.0326052924056277,238,8,6,2,25,0.0025738901815202356
930,0.0727227599900719,0.1003473690960848,0.0869582406615459,238,11,8,5,12,0.0008198512207264593
931,-0.1668971386022763,0.0747971382955404,0.0070957386653093,238,6,5,0,87,0.0037737578394178533
932,0.1502322447966528,0.062162759726304,0.050118232025599,238,13,4,3,11,0.001202520299529772
933,0.3242562847923979,0.0612005816656133,0.0400576560636278,238,16,4,2,1,0.0005700897242253928
934,-0.2934085026415629,0.1108156104617097,0.0335704813132776,238,4,9,2,13,0.001982695041022654
935,-0.0754175087756621,0.1867305478596187,0.2550744346331636,238,8,16,16,1,5.453937463583305e-05
936,0.0550650640002836,0.1244330062066891,0.1300876846392028,238,11,10,8,10,0.0005244538209284242
937,-0.1598766088713966,0.0857549817975857,0.0576985562747157,238,6,6,3,9,0.0011868363604927129
938,0.2395844413714852,0.0456205725450434,0.0091712763517177,238,14,2,0,63,0.001936958343928828
939,-0.2271034996276991,0.1062567392261943,0.0237394181948961,238,5,8,1,31,0.003710872647041985
940,-0.2095167180796368,0.1224987847102228,0.0406165482190403,238,5,10,2,11,0.0011077952279815915
941,-0.0270538595184909,0.0824038603327972,0.0692603536801757,238,9,6,4,6,0.0010591820298992368
942,-0.3803496081977094,0.1003860347280075,0.0081616882612245,238,2,8,0,89,0.003550440087193625
943,-0.1503740736801049,0.0911908299575909,0.0110625177615823,238,7,7,0,75,0.003922112144946418
944,-0.0006027727546714,0.0685869319820054,0.0137860268697029,238,10,4,0,104,0.004355003298635465
945,-0.0954862957841364,0.0582054614002503,0.0244453594504438,238,8,3,1,4,0.0013563971038161701
946,0.016062121050952,0.0730960551185038,0.0014752321024229,238,10,5,0,75,0.003855261700858351
947,-0.2098003758465411,0.0831829936235339,0.0101860469796572,238,5,6,0,104,0.004457874728275953
948,0.0454206999255398,0.1067338563059805,0.094775625657822,238,10,8,6,15,0.0008757743252029102
949,-0.2592986561713292,0.094996359733177,0.0021896636675146,238,4,7,0,120,0.004630464276693427
950,0.1527851646987909,0.0709283104026566,0.0152606152529737,238,13,5,0,1,0.0008762523071694484
951,0.0265574584264085,0.0717432608618354,0.0100121821949379,238,10,5,0,75,0.003855261700858351
952,0.083927241782789,0.1089138810642498,0.1007939762074565,238,11,8,6,14,0.0008546697678377422
953,0.0276211750522994,0.1647688625840516,0.2010915252840974,238,10,14,13,4,0.0001801965224288146
954,-0.2525617842073537,0.1475196405756164,0.1571636378853276,238,5,12,10,1,0.0001973118457754751
955,-0.2783037265539126,0.0879754755849363,0.0013782356693844,238,4,6,0,60,0.003468743098616289
956,0.2476686877282558,0.0759601700900549,0.0647994458132884,238,14,5,4,19,0.0007926131938837975
957,-0.2802184164805162,0.0992680706734849,0.0186012843060192,238,4,7,1,28,0.0038455970181802803
958,-0.4251675353685777,0.1417645019669236,0.0190191840627104,238,1,12,1,7,0.0007803333456211111
959,0.009963479062511,0.0883863708597858,0.0641314155175746,238,10,6,4,15,0.0012094322560504275
960,-0.0526539729815976,0.0752595823122472,0.0032213473559561,238,9,5,0,128,0.00475484797010613
961,-0.2888699783710952,0.1314545914996627,0.117444612759062,238,4,11,7,9,0.0003667086798703979
962,-0.1573946034109846,0.0910941571820078,0.0446945449833846,238,6,7,2,22,0.002576945851115547
963,-0.249157891004503,0.0967206023661645,0.0016816562468735,238,5,7,0,118,0.004976576343704583
964,-0.361415452256852,0.11852730811355,0.0162052586492139,238,2,9,1,29,0.003099733513643377
965,0.3417721518987341,0.0655738924358906,0.0549879324271836,238,16,4,3,14,0.0006512937333475906
966,-0.1386022763535793,0.1372956095969836,0.1282928209762958,238,7,11,8,6,0.0005239275630867714
967,-0.3849590469099031,0.1395183192816252,0.0476810633089973,238,2,12,3,5,0.00040215832047508387
968,-0.1387441052370314,0.086544778895531,0.0180093785077051,238,7,6,1,35,0.004354591136495643
969,-0.1601602666383008,0.118516115285422,0.0535472612238518,238,6,9,3,9,0.0011717121642149597
970,0.0235790518739141,0.0943238347635991,0.0268642074337536,238,10,7,1,4,0.0011703041431329801
971,-0.0171967521185689,0.063556428789714,0.0124380118072029,238,9,4,0,110,0.004292388740450521
972,-0.1411551962557174,0.0955511905875502,0.027723925649824,238,7,7,1,42,0.0036960149974717034
973,-0.0219480197142147,0.0830710594183527,0.004671670913651,238,9,6,0,67,0.003528788865454604
974,-0.0991029323121653,0.1601576651094926,0.2061606229165869,238,8,14,13,3,0.00016288064194311521
975,-0.445236322377052,0.1128680783128643,0.011218037544568,238,1,9,0,77,0.0026736108853416024
976,-0.3129808885579548,0.115596651289167,0.0372365770046262,238,3,9,2,13,0.0019644862268845802
977,-0.0939970925078892,0.1024698020130221,0.0520034998292871,238,8,8,3,12,0.0012201196394973663
978,0.0693188667872212,0.0640689289454044,0.0176489068462343,238,11,4,1,35,0.00355858256828443
979,0.2594404850547813,0.0537777843788434,0.0096950517009183,238,15,3,0,1,0.0010395301116238982
980,-0.3414884941318299,0.1304220293353659,0.1134946012784891,238,3,11,7,5,0.0002334922392009761
981,-0.2627734638159061,0.1656105916242164,0.1845505164401625,238,4,14,12,2,9.488872011343331e-05
982,-0.0636457114491366,0.0827148848133638,0.0056334454670961,238,8,6,0,87,0.004426521123504939
983,-0.2775945821366521,0.0854271403229613,0.0027265217499911,238,4,6,0,60,0.003468743098616289
984,0.3007836045810729,0.1366398490424137,0.1841862698117785,238,16,11,12,2,7.200823205999936e-05
985,-0.3097188242385561,0.1182467711128822,0.0269820005701871,238,3,9,1,37,0.003326167945494541
986,-0.1164769705350494,0.0990036965673885,0.0084688797633578,238,7,7,0,75,0.003922112144946418
987,-0.1815764280395702,0.1160102742373131,0.1036952413137497,238,6,9,6,15,0.0008086379587624537
988,-0.0139346877991702,0.0569505396007666,0.0082890892035787,238,9,3,0,38,0.002541755274822797
989,-0.0279757472609296,0.1281908653986704,0.1490249553213568,238,9,10,9,4,0.0004243167202811045
990,0.0413785767471545,0.0658907192246284,0.003370814109737,238,10,4,0,104,0.004355003298635465
991,-0.3411339219231996,0.0966357761265679,0.0013578930304289,238,3,7,0,83,0.0037735571101525844
992,-0.0781122575612523,0.0910741490042127,0.0026114392938358,238,8,7,0,32,0.002863781975607201
993,-0.1551253412757507,0.0942870534234775,0.0015408905293615,238,6,7,0,96,0.004713885748433999
994,-0.09506080913378,0.0947150582122245,0.0667628079821524,238,8,7,4,17,0.0011918988240630826
995,-0.0020919760309186,0.1006398352734769,0.0348829642992686,238,10,8,2,2,0.0005374032737133675
996,-0.2066092259688685,0.14532948437342,0.1681481755453726,238,5,12,11,3,0.00012799531581020006
997,-0.267666560295004,0.0947880277471641,0.0210606961689662,238,4,7,1,28,0.0038455970181802803
998,-0.1959720597099599,0.0820308648744438,0.0087908653340335,238,6,6,0,123,0.0049806266057812725
999,-0.1552671701592029,0.0827336827488524,0.0054772788188818,238,6,6,0,123,0.0049806266057812725
1000,-0.0910896003971208,0.1650038369822871,0.1835100503303207,238,8,14,12,3,0.0001810802809497227
1001,-0.3831152714250256,0.1241409915645941,0.0071545501508853,238,2,10,0,64,0.0027862606231091225
1002,-0.4543133709179873,0.1156755113750209,0.0015544124783517,238,1,9,0,77,0.0026736108853416024
1003,0.1354820409176328,0.0781772356810866,0.0377560456663028,238,12,5,2,36,0.001907366235161121
1004,-0.3843208169343686,0.1266683571703719,0.0234118557266604,238,2,10,1,26,0.002507580560992337
1005,0.1934900542495478,0.0534138605531553,0.0032600973312451,238,13,3,0,68,0.0026935169555837167
1006,0.4352373860936779,0.0927515488401166,0.1228986593645179,238,18,7,8,3,8.597711088650172e-05
1007,-0.1916462787646703,0.1026489495274241,0.0765860818569277,238,6,8,5,7,0.0008740556127774582
1008,-0.2122823813069531,0.1020520178842337,0.0328456056123982,238,5,8,2,23,0.0023032056205181664
1009,-0.4116228769989007,0.1195794721794935,0.0301926670052634,238,1,10,1,22,0.002079606064659946
1010,-0.2947558770343579,0.1094685611158515,0.0042718890608416,238,4,8,0,91,0.004483419991872029
1011,0.2675956458532779,0.0607366659446822,0.0334848493544802,238,15,3,2,24,0.0010910017256819872
1012,0.0129418856150054,0.0714842565486584,0.0090573477056488,238,10,5,0,75,0.003855261700858351
1013,-0.2537673297166967,0.1135648836820478,0.059034368586204,238,5,9,3,11,0.0012722922549661209
1014,-0.1705846895720313,0.105193178567445,0.0077827390002005,238,6,8,0,57,0.003300602884874217
1015,0.367514094245293,0.030807900770231,0.0058744318435941,238,17,0,0,15,0.0005505446427089447
1016,-0.2949686203595361,0.112679273039758,0.0030112830644731,238,4,9,0,63,0.0032442879918447966
1017,-0.2218558309399708,0.0873565767430211,0.0028050105109132,238,5,6,0,104,0.004457874728275953
1018,-0.2917065560401375,0.1007326149082026,0.0149624221777964,238,4,8,0,91,0.004483419991872029
1019,-0.0716590433641811,0.0691331560796243,0.0165153592578533,238,8,4,1,19,0.0029757617683365627
1020,-0.2324220827571534,0.1243747751825045,0.0275428671834117,238,5,10,1,9,0.0013273729928213807
1021,-0.1130021628904726,0.0812365065888247,0.0280380683074605,238,7,6,1,35,0.004354591136495643
1022,0.1835620324078998,0.0596978118587694,0.0203599297257531,238,13,3,1,35,0.0025669641651229784
1023,-0.0113817678970322,0.071465625351409,0.0047954829907239,238,9,5,0,128,0.00475484797010613
1024,-0.1759741871432116,0.0992244063133196,0.0027181261396629,238,6,7,0,96,0.004713885748433999
1025,0.2488033187958727,0.0490206240093204,0.0058263961555442,238,15,2,0,32,0.001490183960655832
1026,0.1156259972343367,0.0909277954015245,0.080441422334295,238,12,7,5,15,0.0009148081068238731
1027,-0.4072970960536112,0.1154212466889668,0.0018711746204186,238,1,9,0,77,0.0026736108853416024
1028,-0.1555508279261071,0.0853748325963453,0.0282918186770396,238,6,6,1,30,0.004217975956735463
1029,-0.2584476828706165,0.087217547010948,0.0100177533104494,238,4,6,0,60,0.003468743098616289
1030,-0.2087366592206502,0.1101453292670987,0.0713909886126946,238,5,9,4,13,0.001032141634315045
1031,0.2243378364003829,0.0557699678447432,0.0346533684514206,238,14,3,2,20,0.001345194623171677
1032,-0.1335673509910293,0.0752881784075204,0.002214940916919,238,7,5,0,86,0.004462857898018962
1033,-0.0365563947097826,0.1421327423040035,0.1539491063738658,238,9,12,10,6,0.0003667185480643444
1034,-0.0127291422898273,0.0729080432553894,0.0074569466581787,238,9,5,0,128,0.00475484797010613
1035,0.3669467787114845,0.0866446460400752,0.1024607483158906,238,17,6,6,3,0.00020568797986666746
1036,-0.0340034748076445,0.069319865814508,0.0016474338809996,238,9,4,0,110,0.004292388740450521
1037,-0.1490976137290359,0.0672868779007627,0.0175523434257263,238,7,4,1,13,0.002255601474021136
1038,-0.1445590894585682,0.0764469951246634,0.0133068739832527,238,7,5,0,86,0.004462857898018962
1039,0.0051412970251391,0.0510583432671472,0.0079342600901522,238,10,2,0,8,0.001419379660470872
1040,0.0460589299010743,0.0825615834096532,0.0491674242325082,238,10,6,3,31,0.0017261073251220965
1041,-0.1561181434599156,0.1058240939603697,0.0052128317239714,238,6,8,0,57,0.003300602884874217
1042,-0.1944119419919866,0.1078849967177135,0.0330723194452397,238,6,8,2,12,0.0021300057737232703
1043,-0.1486721270786795,0.106382105789906,0.0603073458181571,238,7,8,3,10,0.0014664422006572305
1044,0.1520051058398042,0.0658512590519931,0.0274906024392301,238,13,4,1,27,0.002211503016508247
1045,-0.4102755026061057,0.1066962566839255,0.0016663305785211,238,1,8,0,39,0.0022015621544169703
1046,-0.1458355494096372,0.0827600461576737,0.001168683874201,238,7,6,0,105,0.004915439800339099
1047,-0.0405985178881679,0.0745221741256427,0.0247354581114852,238,9,5,1,43,0.0042530637397620065
1048,-0.1483175548700492,0.0792314426168875,0.005735718063406,238,7,5,0,86,0.004462857898018962
1049,0.1824274013402829,0.0426151760939298,0.0033765847454259,238,13,2,0,51,0.002201728852969309
1050,-0.3431195262915292,0.0895333699502495,0.011229004222632,238,3,6,0,36,0.0023601621856203458
1051,-0.3554586391518632,0.1163948910932555,0.0137112821925599,238,2,9,0,92,0.0036402965216667748
1052,-0.0850618728504059,0.0774686774148097,0.0037732422406094,238,8,5,0,118,0.004884276702473828
1053,0.2305783072722759,0.081484960623308,0.0646337085895921,238,14,6,4,4,0.0006094132153712426
1054,-0.2519944686735453,0.1026211099210985,0.0368280041463835,238,5,8,2,23,0.0023032056205181664
1055,-0.2324220827571534,0.1002726998377694,0.0738253905101698,238,5,8,4,7,0.001012779466561909
1056,-0.1004503067049604,0.107278134918671,0.1023681494326685,238,8,8,6,7,0.0007913828854727762
1057,-0.2114314080062404,0.1311828934181543,0.1048722238688939,238,5,11,6,2,0.0004231188166944295
1058,0.0618019359642591,0.1738679308202692,0.234933727420308,238,11,15,15,3,9.559513485170048e-05
1059,0.1654788497677551,0.059260260878179,0.0330556417253017,238,13,3,2,12,0.0015635494242541884
1060,-0.1094564408041697,0.0735069193851431,0.0055981187147673,238,7,5,0,86,0.004462857898018962
1061,0.199872354004893,0.1386493206776614,0.1806084600994246,238,14,11,11,3,0.00012357132897288593
1062,0.2622061482820976,0.0761282060340969,0.0743652606200244,238,15,5,4,7,0.0006023742252298374
1063,-0.2299400772967414,0.0914203075760716,0.0138494046217515,238,5,7,0,118,0.004976576343704583
1064,-0.0755593376591142,0.0597369700803422,0.0306145771643431,238,8,3,1,4,0.0013563971038161701
1065,0.3860936779775201,0.0409154398567777,0.0180018239070041,238,17,1,1,15,0.0007078839229582325
1066,0.0520866574477892,0.0718898344463798,0.0084790036482925,238,11,5,0,31,0.0026768986373174324
1067,0.2000850973300712,0.1305694874531488,0.1574888263789491,238,14,11,10,1,0.00014719969318131252
1068,-0.3217033648902598,0.1101987150872876,0.0154080131859303,238,3,9,0,69,0.003704547569987754
1069,-0.1605148388469311,0.0732870235660801,0.0036326096399813,238,6,5,0,87,0.0037737578394178533
1070,-0.0679005779527,0.0790319404945421,0.0454275654240801,238,8,5,2,17,0.0022773988520767567
1071,-0.4355210438605821,0.1128824087768272,0.0062461062280902,238,1,9,0,77,0.0026736108853416024
1072,-0.2905010105307945,0.1424102017251633,0.0586527562520495,238,4,12,3,5,0.0003360397120802429
1073,0.2468886288692692,0.0362403216990859,0.0150659914056694,238,14,1,0,22,0.0012417306714709786
1074,-0.1923554231819309,0.0901582020533155,0.0015711896691981,238,6,6,0,123,0.0049806266057812725
1075,0.2851115129596142,0.0533230142563992,0.0360663873301108,238,15,3,2,24,0.0010910017256819872
1076,-0.022231677481119,0.0731734632897208,0.0141954384000837,238,9,5,0,128,0.00475484797010613
1077,-0.1030032266070985,0.1280983179503098,0.1349140947041273,238,8,10,8,7,0.0006149480491235002
1078,0.1506577314470091,0.0718290619125217,0.03434429693833,238,13,5,2,14,0.0013821423406262744
1079,-0.4362301882778427,0.1449137699012628,0.0119821487457274,238,1,12,0,17,0.000821500086197717
1080,0.032088784881041,0.0673426491524872,0.0243804419624287,238,10,4,1,35,0.00376178763264307
1081,0.1722157217317306,0.0454383830689793,0.0050671621161857,238,13,2,0,51,0.002201728852969309
1082,0.0391802290536467,0.1115421727649888,0.1078955264004876,238,10,9,7,11,0.0007372693959234579
1083,-0.2921320426904938,0.1105685112896655,0.0178480109650138,238,4,9,1,33,0.00306687553510888
1084,0.4031131439917738,0.0312807617969837,0.0019491271166743,238,18,0,0,15,0.0003567083730917672
1085,-0.3460979328440236,0.1001490514383777,0.0123414359573523,238,3,8,0,100,0.004333383064151017
1086,-0.1803708825302272,0.0871834551625446,0.0170435317600258,238,6,6,1,30,0.004217975956735463
1087,-0.457646349679112,0.1264391708132616,0.0161372072898451,238,0,10,1,8,0.0010919391645934223
1088,-0.3127681452327766,0.1017759958987919,0.0838939336830359,238,3,8,5,2,0.00032831141764211454
1089,-0.369996099705705,0.1524186466982395,0.0265913090660144,238,2,13,1,3,0.0002600375168572824
1090,0.1212282381306952,0.0572701502125034,0.0322080019725714,238,12,3,2,6,0.0016059650372383532
1091,-0.2697230791050597,0.137749247259393,0.0563029475662742,238,4,11,3,4,0.0006218771597264158
1092,-0.1422189128816083,0.0994085523926606,0.0042949522049085,238,7,7,0,75,0.003922112144946418
1093,-0.2912101549480551,0.143310783319626,0.0637039678302922,238,4,12,4,5,0.00024952252992316846
1094,-0.1249157891004502,0.1345316492694083,0.1120971390205253,238,7,11,7,6,0.0005171593792913427
1095,0.0286139772364642,0.0800862972499367,0.055201684787637,238,10,5,3,16,0.0015634415710051469
1096,-0.3643229443676204,0.1181718302655522,0.0107177823758586,238,2,9,0,92,0.0036402965216667748
1097,0.1391695918873878,0.0560250119778645,0.004436558945009,238,12,3,0,112,0.0033545247846789965
1098,-0.2044108782753607,0.087043489473221,0.0057435338988112,238,5,6,0,104,0.004457874728275953
1099,-0.0533631173988582,0.0616685137234274,0.0130538251365443,238,8,4,0,68,0.003645851648012564
1100,0.2276708151615076,0.0829172415313337,0.1008427080256561,238,14,6,6,6,0.00044836706910762064
1101,-0.075346594333936,0.0793307181302848,0.0036371408335552,238,8,5,0,118,0.004884276702473828
1102,-0.1843420912668864,0.0857352600941719,0.0198653206635931,238,6,6,1,30,0.004217975956735463
1103,-0.3444669006843243,0.1280637578349586,0.0034198543176308,238,3,10,0,24,0.002332232535430932
1104,0.1108038151969648,0.083901915839055,0.0285171661817961,238,12,6,1,3,0.0009062404731633645
1105,-0.1451264049923766,0.1105157410335508,0.0118125068717627,238,7,9,0,7,0.0010282395805998098
1106,-0.0852746161755841,0.0580630870634692,0.0060949214026752,238,8,3,0,13,0.0017505038814693567
1107,-0.4293514874304151,0.1066582084392368,0.0043304009224641,238,1,8,0,39,0.0022015621544169703
1108,-0.0431514377903059,0.0722353624355514,0.0070716410839081,238,9,5,0,128,0.00475484797010613
1109,0.006275928092756,0.0885426133925294,0.0190843058910741,238,10,6,1,19,0.0024793188556417934
1110,-0.2265361840938907,0.1171059182799615,0.1022637314388622,238,5,9,6,5,0.0006209972663978852
1111,-0.3049675566429103,0.1366141281530835,0.0396861585146432,238,3,11,2,9,0.0009388176885971226
1112,-0.4136793958089564,0.0983700862043268,0.0024776561537052,238,1,7,0,16,0.001358025859596965
1113,-0.076481225401553,0.141713409444829,0.1375859354918228,238,8,12,9,2,0.0003601307607334723
1114,-0.189944332163245,0.0732515628913356,0.0147180653203277,238,6,5,0,87,0.0037737578394178533
1115,0.1313690032975215,0.0722948496168584,0.0403808801926146,238,12,5,2,36,0.001907366235161121
1116,0.1662589086267418,0.0583187887625264,0.0070173420017825,238,13,3,0,68,0.0026935169555837167
1117,0.2668155869942913,0.0731497964018408,0.0484696816504124,238,15,5,3,6,0.0005972175125020211
1118,-0.3707761585646916,0.1357308424046129,0.020700072842493,238,2,11,1,10,0.0015299054669604833
1119,-0.0385419990781122,0.0689596948416264,0.0030229579016767,238,9,4,0,110,0.004292388740450521
1120,-0.1237102435911073,0.0651519833610123,0.0074132355003736,238,7,4,0,53,0.0027892752163863077
1121,-0.159167464454136,0.078834247540837,0.0048307147569665,238,6,5,0,87,0.0037737578394178533
1122,0.0146438322164308,0.0656332563157542,0.0264604177831423,238,10,4,1,35,0.00376178763264307
1123,-0.2369606070276211,0.108826614065517,0.0266868715307237,238,5,8,1,31,0.003710872647041985
1124,-0.2353295748679218,0.1108917289618623,0.1068244572821648,238,5,9,7,1,0.00040295402616604277
1125,-0.4129702513916958,0.0997286149035652,0.0165579500179209,238,1,7,1,1,0.0010516219889079425
1126,-0.1481757259865971,0.0951589322778757,0.0151158695639782,238,7,7,0,75,0.003922112144946418
1127,-0.0891749104705173,0.0840613744956544,0.0026771847129284,238,8,6,0,87,0.004426521123504939
1128,-0.1067616920185795,0.0632345837347205,0.0057718398566527,238,7,4,0,53,0.0027892752163863077
1129,-0.3743218806509945,0.0900266418500652,0.0347165879263477,238,2,6,2,2,0.00044236359335728787
1130,-0.0609509626635464,0.0739584043954943,0.006031004605798,238,8,5,0,118,0.004884276702473828
1131,-0.0883239371698046,0.0826839405390042,0.0193795545901889,238,8,6,1,32,0.004098846777087474
1132,0.0193241853703506,0.0533784639479801,0.0104639720160966,238,10,3,0,83,0.003204714279147116
1133,-0.0003191149877672,0.1691373441111665,0.230309849044576,238,10,15,15,3,0.00010389000587103837
1134,-0.1859731234265857,0.1189087932794702,0.0406689142112378,238,6,9,2,9,0.0013930794518370066
1135,-0.3964471864695245,0.1466045085434932,0.1476482404717055,238,2,12,9,1,4.293459079057855e-05
1136,0.0142183455660745,0.0662767363239117,0.0010551326715964,238,10,4,0,104,0.004355003298635465
1137,-0.3063149310357054,0.1145061369264112,0.00753288717662,238,3,9,0,69,0.003704547569987754
1138,-0.0128000567315533,0.0908322564883881,0.0306375424053261,238,9,7,1,14,0.0019806186229034644
1139,-0.0581852994362301,0.0989204101912683,0.0775544385961371,238,8,7,5,6,0.0008172125207767491
1140,0.3575860724036449,0.034501922583491,0.0270667061342253,238,17,1,1,15,0.0007078839229582325
1141,-0.2032762472077438,0.0759474264509519,0.0059928860098218,238,6,5,0,87,0.0037737578394178533
1142,-0.1127894195652944,0.1128126815471618,0.0541502589567679,238,7,9,3,6,0.0009745173799832708
1143,0.0509520263801723,0.0665538151640294,0.0072527654496306,238,11,4,0,96,0.0038563263286608743
1144,-0.4136084813672303,0.1187665878286352,0.0025413553222379,238,1,9,0,77,0.0026736108853416024
1145,-0.087614792752544,0.0801326802860931,0.0025168344539694,238,8,5,0,118,0.004884276702473828
1146,-0.425522107577208,0.110636369317064,0.0021725574107158,238,1,9,0,77,0.0026736108853416024
1147,-0.1637059887246037,0.110395564503127,0.0106245859377098,238,6,9,0,20,0.0017687167254327434
1148,-0.3608481367230436,0.0880672470671234,0.0040752312204903,238,2,6,0,18,0.0013709358574978201
1149,-0.0269829450767648,0.0843785358644673,0.0257350208895173,238,9,6,1,35,0.003457223377569426
1150,-0.3012090912314292,0.1121714377917929,0.0170717723025147,238,4,9,1,33,0.00306687553510888
1151,-0.2583767684288904,0.0926309422299783,0.0014507891388126,238,4,7,0,120,0.004630464276693427
1152,0.2311456228060844,0.1151874242529237,0.1435417857599292,238,14,9,9,4,0.00023796974491760575
1153,-0.0536467751657624,0.1469231519510917,0.1682434785080893,238,8,12,11,6,0.00025994191172549135
1154,0.3209942204729993,0.0611206349680232,0.0530551672118393,238,16,4,3,14,0.0006512937333475906
1155,-0.2746161755841576,0.1105200615081739,0.041285992295201,238,4,9,2,13,0.001982695041022654
1156,-0.3631173988582774,0.1049387259238884,0.0068065399246668,238,2,8,0,89,0.003550440087193625
1157,-0.3016345778817855,0.1111375822458935,0.0143399895561689,238,4,9,0,63,0.0032442879918447966
1158,-0.3603517356309612,0.0994165317786289,0.0325471564865661,238,2,7,2,3,0.0009161680650874196
1159,-0.1281069389781229,0.0715281477807902,0.0059637058803936,238,7,5,0,86,0.004462857898018962
1160,-0.1741304116583342,0.0768964989568516,0.0320494645436187,238,6,5,2,9,0.0014731747408398195
1161,-0.3109952841896251,0.1006038526198058,0.007704227674657,238,3,8,0,100,0.004333383064151017
1162,-0.1956174875013296,0.1073382132781069,0.0022720975654221,238,6,8,0,57,0.003300602884874217
1163,-0.104917916533702,0.1087801693495313,0.0418426265946518,238,7,8,2,12,0.0017732637311286177
1164,0.2359678048434563,0.0488902273309427,0.0155424770382371,238,14,2,1,18,0.0017176569679600764
1165,-0.0492500797787469,0.0647643234646631,0.0036871392064708,238,9,4,0,110,0.004292388740450521
1166,-0.1971066907775768,0.0947202670462643,0.0324542078940861,238,6,7,2,22,0.002576945851115547
1167,-0.1250576179839023,0.0935334938725598,0.0153516705738383,238,7,7,0,75,0.003922112144946418
1168,-0.102364996631564,0.0548817977805943,0.0113876145885385,238,8,3,0,13,0.0017505038814693567
1169,-0.1216537247810516,0.1403321026311125,0.1367918824005768,238,7,12,8,3,0.0003159643043599897
1170,0.1349147253838244,0.0548131195580846,0.0192901984911048,238,12,3,1,38,0.0029775459777509877
1171,-0.4276495408289897,0.1047098319301165,0.0031536498248191,238,1,8,0,39,0.0022015621544169703
1172,0.1919299365315746,0.0843408112138839,0.082684892076874,238,13,6,5,13,0.0007739761892615038
1173,-0.3141864340672977,0.1016077334045833,0.0091068405453112,238,3,8,0,100,0.004333383064151017
1174,0.1022940821898379,0.0880082740910713,0.055821035178737,238,12,6,3,15,0.0012031467636487892
1175,0.0349962769918093,0.1430192064862256,0.1789593764624537,238,10,12,11,4,0.000313596035736237
1176,0.2346913448923873,0.1717573313801702,0.2236427806746861,238,14,15,14,2,3.955785868081963e-05
1177,0.0833599262489806,0.0613243122509226,0.0075532668857383,238,11,4,0,96,0.0038563263286608743
1178,-0.2813530475481331,0.09127733200689,0.0122296481956818,238,4,7,0,120,0.004630464276693427
1179,0.3653157465517852,0.0955233141315105,0.1007190019990828,238,17,7,6,2,0.00014859340255940032
1180,-0.0088288479948941,0.1015452769160664,0.090797985777698,238,9,8,5,17,0.0009574163963989238
1181,-0.333049675566429,0.093592673660235,0.0058109959072185,238,3,7,0,83,0.0037735571101525844
1182,0.0171258376768428,0.0600448208265705,0.0168311405495968,238,10,3,1,16,0.0025561943286749496
1183,-0.234336772683757,0.0890085957244323,0.0052000624698483,238,5,6,0,104,0.004457874728275953
1184,-0.2951104492429883,0.0931408055717429,0.0530636122558014,238,4,7,3,4,0.0009756250289295255
1185,-0.404460518384569,0.1039382582471233,0.0342041009981489,238,2,8,2,7,0.0013970382356367826
1186,-0.1543452824167641,0.0858530768000907,0.0026737800416656,238,6,6,0,123,0.0049806266057812725
1187,-0.0679005779527,0.1072876229125955,0.1037719473652913,238,8,8,6,7,0.0007913828854727762
1188,-0.2280963018118639,0.1095587658421246,0.00392410010536,238,5,8,0,70,0.004087396103385501
1189,-0.0055667836754955,0.0700830350596175,0.0104263529294172,238,9,4,0,110,0.004292388740450521
1190,0.0021628904726447,0.0602135080113395,0.004671247284959,238,10,3,0,83,0.003204714279147116
1191,-0.1876750700280111,0.0985770656645772,0.0049395571741898,238,6,7,0,96,0.004713885748433999
1192,-0.4360883593943905,0.1145330285714542,0.0128078944270021,238,1,9,0,77,0.0026736108853416024
1193,-0.1956174875013296,0.1204698755907726,0.0403319466285947,238,6,10,2,6,0.0007592792066818362
1194,-0.0671205190937134,0.1507765780088099,0.170436204094821,238,8,13,11,6,0.0002451231979308423
1195,-0.3171648406197921,0.101009563817512,0.0463607441811104,238,3,8,3,10,0.0009970606512748586
1196,0.0214516186221323,0.0678723916760266,0.018592229883493,238,10,4,1,35,0.00376178763264307
1197,-0.1636350742828776,0.0687912925033779,0.0163265885020118,238,6,4,1,3,0.0015305189518170178
1198,0.1731376094741693,0.1091303037272864,0.1330679066540072,238,13,8,8,6,0.00034439506152093716
1199,0.0204588164379675,0.0573614474778384,0.0084821677861848,238,10,3,0,83,0.003204714279147116
1200,-0.162855015423891,0.0772498439976759,0.0416471543442894,238,6,5,2,9,0.0014731747408398195
1201,-0.456369889728043,0.1364497185274944,0.0148476102124958,238,0,11,0,17,0.0009954726964181157
1202,-0.1771088182108286,0.1270904250386705,0.1103708960833043,238,6,10,7,10,0.0006562367513300406
1203,-0.097542814594192,0.0898455591395145,0.0210399866667063,238,8,6,1,32,0.004098846777087474
1204,-0.2224231464737793,0.093290100920283,0.0188994986144051,238,5,7,1,30,0.0042669011761406455
1205,-0.2451157678261177,0.0917784974418655,0.007984628236556,238,5,7,0,118,0.004976576343704583
1206,-0.4099918448392015,0.1265439261620183,0.0076453641901329,238,1,10,0,58,0.0024176974686684533
1207,-0.1286033400702052,0.0868775298640787,0.0111463342352962,238,7,6,0,105,0.004915439800339099
1208,0.1166897138602276,0.062355908733238,0.0072104763811419,238,12,4,0,46,0.003005418736203267
1209,0.0813034074389249,0.0555427881786334,0.0014263805361915,238,11,3,0,87,0.0035031944625956886
1210,0.1390277630039357,0.0851569652030565,0.0904382178628625,238,12,6,5,19,0.0008781639312160993
1211,-0.2154735311846257,0.0803070361132564,0.0296392437508263,238,5,5,1,12,0.0022323785997296892
1212,0.1312980888557954,0.0714865996497164,0.0131282177242883,238,12,5,0,8,0.0016635528145294478
1213,-0.1656915930929333,0.0678628542777945,0.005576746069348,238,6,4,0,25,0.0019497198210807415
1214,-0.419281636705315,0.1283567930951862,0.0347305247699224,238,1,10,2,6,0.001091508300587039
1215,-0.4036804595255823,0.1246602967851909,0.0033116423330335,238,2,10,0,64,0.0027862606231091225
1216,-0.3117753430486118,0.1275156088888339,0.1188825638566608,238,3,10,7,2,0.0002392837099461773
1217,0.18625678119349,0.0950455568118963,0.0849910456657539,238,13,7,5,8,0.0006818188256363926
1218,-0.2082402581285678,0.0846513945080288,0.0090081974493399,238,5,6,0,104,0.004457874728275953
1219,-0.0369109669184129,0.0694928225032922,0.0076042004413736,238,9,4,0,110,0.004292388740450521
1220,0.0716590433641811,0.0591603851861257,0.0014169137987045,238,11,3,0,87,0.0035031944625956886
1221,0.0063468425344821,0.0937555768235716,0.0627433866278832,238,10,7,4,19,0.0012049551147970568
1222,-0.013651030032266,0.1002267979713581,0.0817462119150986,238,9,8,5,17,0.0009574163963989238
1223,0.159167464454136,0.0618706303712081,0.0102793017313679,238,13,4,0,10,0.0019536726542821745
1224,-0.2076020281530333,0.0987481738432585,0.0212764539051019,238,5,7,1,30,0.0042669011761406455
1225,-0.2449739389426656,0.086543578164195,0.0409026088278448,238,5,6,2,14,0.0018513353508829
1226,0.1552671701592029,0.1018332186139863,0.0930677091291832,238,13,8,6,7,0.0005126940697092219
1227,-0.0735028188490586,0.078532277261964,0.0257747794694544,238,8,5,1,45,0.004231983686421704
1228,0.0695316101123993,0.0738490174290629,0.0384295527816441,238,11,5,2,24,0.0022595098618287553
1229,-0.2551147041094918,0.0933980544340199,0.0240966001074573,238,4,7,1,28,0.0038455970181802803
1230,0.249228805446229,0.0746996322631363,0.0801481151690662,238,15,5,5,6,0.00046407424126456716
1231,0.3669467787114845,0.0338540032874669,0.0022743948608433,238,17,1,0,23,0.0007836667221217257
1232,-0.2895791227883558,0.1068010010265448,0.0233347120283922,238,4,8,1,31,0.003922345351422437
1233,-0.4817572598659717,0.1372486115793914,0.0030408474824397,238,0,11,0,17,0.0009954726964181157
1234,0.0353508492004396,0.0769657044901775,0.0238775802853664,238,10,5,1,35,0.003681177079075407
1235,-0.2922029571322199,0.1026421187258073,0.00671626932081,238,4,8,0,91,0.004483419991872029
1236,0.2394426124880331,0.136160712480482,0.1820630265578697,238,14,11,11,3,0.00012357132897288593
1237,-0.235684147076552,0.1013975781216322,0.0007025554032817,238,5,8,0,70,0.004087396103385501
1238,-0.3814133248236003,0.1272398458106365,0.067702148292444,238,2,10,4,5,0.00048254370212750896
1239,0.1217246392227777,0.0472722106917388,0.0099685107969474,238,12,2,0,34,0.0021758371823757663
1240,-0.028472148353012,0.0534145243350824,0.0167647127489728,238,9,3,1,7,0.0019758015093679832
1241,-0.3390774031131439,0.0930241442319955,0.0214285717672472,238,3,7,1,24,0.003043892917955284
1242,-0.4626103605999361,0.1146084367327739,0.0016561625849075,238,0,9,0,7,0.0012448062716174599
1243,0.1202354359465305,0.0918505001600192,0.0812847238394661,238,12,7,5,15,0.0009148081068238731
1244,-0.1446300039002942,0.107588153721922,0.0872311528369285,238,7,8,5,11,0.000992393730641657
1245,-0.3593589334467963,0.0903887029143581,0.0080489829434374,238,2,7,0,52,0.002597604187038845
1246,-0.0082615324610857,0.0747192115450918,0.0234000171066153,238,9,5,1,43,0.0042530637397620065
1247,0.0164166932595823,0.0717452832283235,0.001012709505691,238,10,5,0,75,0.003855261700858351
1248,0.1497358437045704,0.0764349887499751,0.0864840172880215,238,13,5,5,4,0.0005779107769504253
1249,-0.3694287841718965,0.112993795734923,0.0026705065750176,238,2,9,0,92,0.0036402965216667748
1250,-0.1483884693117753,0.1477453752987565,0.1698685436175028,238,7,12,11,2,0.0002055034675903321
1251,-0.4104173314895578,0.1242222932897062,0.0027689444844407,238,1,10,0,58,0.0024176974686684533
1252,0.0940680069496152,0.0554104269936365,0.0187252768483582,238,11,3,1,20,0.0029229560613640614
1253,-0.0820834662979115,0.1047447724753308,0.0645111800119713,238,8,8,4,10,0.0011267995437752609
1254,0.1247030457752721,0.0960618095598502,0.1029390650042492,238,12,7,6,11,0.0007591427528610176
1255,0.102364996631564,0.0639670122969078,0.0254697393902586,238,12,4,1,39,0.0030492137784899846
1256,0.0839981562245151,0.0623939243007215,0.0032321637389407,238,11,4,0,96,0.0038563263286608743
1257,0.0155657199588696,0.0555286136327784,0.0123563018103265,238,10,3,0,83,0.003204714279147116
1258,0.1334255221075772,0.1081190180384699,0.100293477480209,238,12,8,6,17,0.0007219739687309315
1259,-0.2846860263092578,0.0802437544582475,0.0247347981831193,238,4,5,1,4,0.0014157672804883776
1260,-0.0276920894940254,0.0904025075751637,0.0422654845155708,238,9,7,2,11,0.0016985259845621217
1261,-0.1478920682196929,0.084200907413568,0.0156757016467156,238,7,6,1,35,0.004354591136495643
1262,-0.2192319965961067,0.1392462098867945,0.109483286964899,238,5,12,7,1,0.0002526011080446052
1263,-0.3285820657376874,0.1232251818507492,0.0568465408126361,238,3,10,3,10,0.0010090003136682217
1264,-0.2336276282664964,0.1126654501426287,0.0328339210908974,238,5,9,2,12,0.00176205040904918
1265,-0.1549125979505726,0.1382071573721733,0.1511098500317876,238,6,11,9,4,0.0003334163636521545
1266,-0.0971882423855618,0.0653146402238264,0.0053884075034711,238,8,4,0,68,0.003645851648012564
1267,-0.1624295287735347,0.1012303540022572,0.0161503532411639,238,6,8,1,25,0.003122502696240139
1268,0.3485090238627096,0.0455648646798894,0.0184039983142369,238,16,2,1,18,0.0010750831663844517
1269,0.1037832854660851,0.1464239368451199,0.1864779545362402,238,12,12,12,3,0.00019357300827569385
1270,0.1193135482040917,0.1652002951293034,0.2091587038626099,238,12,14,13,3,0.00011963542034996559
1271,-0.0302450093961635,0.0863531062953622,0.0015929471352859,238,9,6,0,67,0.003528788865454604
1272,-0.1026486543984682,0.0714422477788798,0.0044773507845451,238,8,5,0,118,0.004884276702473828
1273,-0.3319859589405382,0.127259601628572,0.056272393870467,238,3,10,3,10,0.0010090003136682217
1274,-0.270148565755416,0.1001862806665783,0.0702719099961085,238,4,8,4,4,0.0008054323341375452
1275,-0.1126475906818423,0.1174093494128426,0.1198980972549985,238,7,9,7,11,0.0006895840231845074
1276,0.0911605148388469,0.1204605677687138,0.140908525601709,238,11,10,9,4,0.0003929719492531391
1277,0.0448533843917313,0.0759435881933307,0.010987355011349,238,10,5,0,75,0.003855261700858351
1278,-0.1707265184554834,0.0861260138809762,0.0024701067984687,238,6,6,0,123,0.0049806266057812725
1279,0.091302343722299,0.0675759221320777,0.0491783405611898,238,11,4,3,9,0.0011639758538687635
1280,-0.390915860014892,0.1121854930634359,0.0009855639327864,238,2,9,0,92,0.0036402965216667748
1281,0.3880792823458496,0.0425987253584713,0.0287026513182848,238,17,2,1,8,0.0006741744902410895
1282,-0.2236996064248483,0.1075433992450076,0.0822359313675815,238,5,8,5,8,0.000684282598842483
1283,0.0767648831684572,0.0687596706430929,0.0036714930464025,238,11,4,0,96,0.0038563263286608743
1284,-0.0262738006595043,0.0565144309550615,0.006372426184558,238,9,3,0,38,0.002541755274822797
1285,-0.1399496507463744,0.0773691016703622,0.0034918249822417,238,7,5,0,86,0.004462857898018962
1286,0.261497003864837,0.0840117414333282,0.0812533594734765,238,15,6,5,7,0.0004263089838112961
1287,-0.2722759990071978,0.1016020767147981,0.0087968966814885,238,4,8,0,91,0.004483419991872029
1288,-0.1851930645675991,0.0892609851429556,0.0007592436515963,238,6,6,0,123,0.0049806266057812725
1289,-0.1108747296386909,0.0828952001551839,0.0476933319926447,238,7,6,3,9,0.0014084456908025063
1290,-0.0811615785554728,0.0900256605916725,0.0028205316479934,238,8,6,0,87,0.004426521123504939
1291,-0.2289472751125766,0.1283013748488262,0.1207087456181707,238,5,10,7,7,0.0005319253452796087
1292,0.0281175761443818,0.0782088534650992,0.0339816907960457,238,10,5,2,36,0.0025029702124330115
1293,-0.4146721979931212,0.1186966761230588,0.0321302902394441,238,1,9,2,5,0.0010601492649111527
1294,-0.2344786015672091,0.0811064361202615,0.0026989025701364,238,5,6,0,104,0.004457874728275953
1295,-0.3504946282310391,0.1068170217448772,0.0024407576425869,238,3,8,0,100,0.004333383064151017
1296,0.2499379498634896,0.0621562730163442,0.0728379555803393,238,15,4,4,9,0.0006083114687464467
1297,0.0008864305215757,0.187040713147799,0.2273208894651407,238,10,16,14,1,8.801469930508774e-05
1298,-0.261497003864837,0.0920681357367691,0.0255409204150026,238,4,7,1,28,0.0038455970181802803
1299,0.2608587738893025,0.0589680539104163,0.0507525637922032,238,15,3,3,4,0.0007382137347438163
1300,0.3255327447434669,0.059284631778076,0.0422561337610996,238,16,3,2,22,0.0008277185805572241
1301,0.045633443250718,0.0818567545533096,0.0473251883806278,238,10,6,3,31,0.0017261073251220965
1302,-0.0968336701769315,0.1339542375151724,0.1274155370308701,238,8,11,8,16,0.0005696293568104668
1303,0.3321987022657163,0.062135725243491,0.068357198601165,238,16,4,4,11,0.0005407258308459368
1304,-0.0620855937311633,0.1332326963310441,0.1311914157665276,238,8,11,8,16,0.0005696293568104668
1305,0.1193135482040917,0.0565112550070097,0.0275586431333783,238,12,3,1,38,0.0029775459777509877
1306,0.2453285111512959,0.075646975138955,0.0627704691298007,238,14,5,4,19,0.0007926131938837975
1307,-0.3326951033577987,0.0933771926720611,0.0028083809972767,238,3,7,0,83,0.0037735571101525844
1308,-0.3389355742296918,0.0975696654254724,0.0334533748693473,238,3,7,2,7,0.001458730871847017
1309,0.0708789845051944,0.0808419230723595,0.0636407689642121,238,11,6,4,12,0.001206200991013593
1310,0.3859518490940679,0.0656336004324394,0.0691489081241461,238,17,4,4,12,0.0004113184296377977
1311,-0.0649930858419317,0.1090367323943707,0.0934424563460195,238,8,8,6,7,0.0007913828854727762
1312,0.1347019820586462,0.1020130487552608,0.1054822963137516,238,12,8,6,17,0.0007219739687309315
1313,0.072793674431798,0.1390733493573298,0.1304388501466887,238,11,11,8,4,0.00034970106862748694
1314,-0.3192213594298478,0.0978443449255497,0.0068382572342446,238,3,7,0,83,0.0037735571101525844
1315,-0.0563415239513526,0.0740972456799003,0.0044335471739495,238,8,5,0,118,0.004884276702473828
1316,-0.4308406907066623,0.1017265145740776,0.0341221661764846,238,1,8,2,5,0.0007883316021379651
1317,0.2058291671098819,0.1128223659050922,0.1303500297005161,238,14,9,8,4,0.00028776607812013553
1318,-0.0320178704393149,0.1081021124124065,0.0977281625687726,238,9,8,6,9,0.0008307097466969611
1319,0.2141261567918306,0.0920279593302545,0.0986399687206956,238,14,7,6,3,0.0004573101990206537
1320,-0.3272346913448923,0.1244706505037149,0.0300798548956468,238,3,10,1,18,0.0022729880349347505
1321,-0.1546998546253944,0.1483545222157234,0.177408766328735,238,6,12,11,1,0.0001634763888134621
1322,-0.3542530936425202,0.090003530410124,0.0294322130594948,238,3,6,1,4,0.0018419565479803385
1323,-0.4243165620678651,0.1144229676219817,0.0097425244513002,238,1,9,0,77,0.0026736108853416024
1324,-0.2747580044676098,0.0878220163509136,0.0157286875407357,238,4,6,1,14,0.002774995476257176
1325,-0.127043222352232,0.076804605237694,0.0224517836416826,238,7,5,1,35,0.003768331523905521
1326,0.0393220579370988,0.1066942941265259,0.1126644286929729,238,10,8,7,7,0.0006249498792050277
1327,-0.3555295535935893,0.1043121039065948,0.0184044581602097,238,2,8,1,13,0.002881514397028944
1328,0.1363330142183455,0.0731408098465579,0.0432181043291496,238,12,5,2,36,0.001907366235161121
1329,-0.1972485196610289,0.106706051530035,0.0189363401783427,238,6,8,1,25,0.003122502696240139
1330,0.0113108534553061,0.069973928930648,0.0342432141790184,238,10,4,2,18,0.0020621544372435682
1331,-0.4377193915540899,0.1414547360393261,0.0435531275178136,238,1,12,2,5,0.000499757758089458
1332,0.1141367939580895,0.0562280545128365,0.0069139048395355,238,12,3,0,112,0.0033545247846789965
1333,-0.0546395773499273,0.0940344938574502,0.031901403141659,238,8,7,2,16,0.002126815195695619
1334,0.1922845087402049,0.077681657333978,0.0809560004743374,238,13,5,5,4,0.0005779107769504253
1335,-0.329220295713222,0.124387514920856,0.0139862587960969,238,3,10,0,24,0.002332232535430932
1336,-0.0328688437400276,0.0671210275922438,0.0072726954288402,238,9,4,0,110,0.004292388740450521
1337,-0.1488848704038577,0.106128876424589,0.0230645170697394,238,7,8,1,13,0.0023238306258716386
1338,-0.2398680991383895,0.1186004551167368,0.0682489766101235,238,5,9,4,13,0.001032141634315045
1339,0.1198808637379002,0.051351684461284,0.0019460660540719,238,12,3,0,112,0.0033545247846789965
1340,-0.3653157465517852,0.0901513662713038,0.009432302337467,238,2,6,0,18,0.0013709358574978201
1341,-0.1386022763535793,0.0895982004643598,0.0020032070186571,238,7,6,0,105,0.004915439800339099
1342,0.1065489486934014,0.0498277624727977,0.0057101561777641,238,12,2,0,34,0.0021758371823757663
1343,0.3094351664716519,0.055418144243594,0.0416557992492552,238,16,3,2,22,0.0008277185805572241
1344,0.2894372939049037,0.0707680416296611,0.0621735817088527,238,15,4,4,9,0.0006083114687464467
1345,-0.0585398716448604,0.1014849218456838,0.0165635704725956,238,8,8,1,11,0.0015147342647100137
1346,-0.0558451228592702,0.1269364117509178,0.0995104541369451,238,8,10,6,7,0.0006414690533782666
1347,-0.2692266780129773,0.0976093888204318,0.0045445746395634,238,4,7,0,120,0.004630464276693427
1348,0.1798035669964187,0.0537396405302846,0.0034411715381973,238,13,3,0,68,0.0026935169555837167
1349,-0.2019288728149487,0.0813584630096829,0.004891387064049,238,6,6,0,123,0.0049806266057812725
1350,0.0457752721341701,0.098662335627818,0.0683737080778108,238,10,7,4,19,0.0012049551147970568
1351,0.0137219444739921,0.0575360175739154,0.0041428261573922,238,10,3,0,83,0.003204714279147116
1352,0.169024571854058,0.0441884527659095,0.0070303825812352,238,13,2,0,51,0.002201728852969309
1353,-0.1533524802325993,0.1021234655932313,0.0146075138369021,238,7,8,0,22,0.0023093496379671427
1354,-0.0692479523454951,0.1143800733471724,0.0973556792657308,238,8,9,6,16,0.0008557918870896612
1355,-0.1021522533063858,0.0712317408639068,0.0179295987103269,238,8,5,1,45,0.004231983686421704
1356,0.1517214480729,0.0802926276612403,0.0718014923757269,238,13,5,4,7,0.0009341215253479416
1357,-0.1216537247810516,0.0804536676230875,0.0249705259472242,238,7,5,1,35,0.003768331523905521
1358,-0.3826188703329433,0.1033789532141298,0.001746643111842,238,2,8,0,89,0.003550440087193625
1359,-0.4178633478707938,0.1157891612817149,0.0238045505171764,238,1,9,1,18,0.0021988824875441887
1360,0.054285005141297,0.1541257521920005,0.2030952087966452,238,11,13,13,2,0.00014519681071575134
1361,-0.1839166046165301,0.1131017239557189,0.088311811026093,238,6,9,5,14,0.0009713154263924001
1362,0.1549125979505726,0.0570336629615695,0.0039347056215958,238,13,3,0,68,0.0026935169555837167
1363,-0.1451973194341027,0.082253482695646,0.0542666243642365,238,7,6,3,9,0.0014084456908025063
1364,0.3692869552884444,0.0348917276597083,0.0046692045207304,238,17,1,0,23,0.0007836667221217257
1365,0.0824380385065418,0.0559005100544192,0.0149579160493466,238,11,3,0,87,0.0035031944625956886
1366,-0.1941282842250823,0.0845102790551626,0.0125817707223992,238,6,6,0,123,0.0049806266057812725
1367,-0.1835620324078998,0.1038639079219723,0.0034831947514537,238,6,8,0,57,0.003300602884874217
1368,0.1183207460199269,0.0647576115259824,0.0023700440660599,238,12,4,0,46,0.003005418736203267
1369,-0.310853455306173,0.103441357475556,0.0056449424202622,238,3,8,0,100,0.004333383064151017
1370,-0.3838953302840123,0.0892688819115758,0.0075041390273216,238,2,6,0,18,0.0013709358574978201
1371,-0.4470091834202034,0.1165108717208351,0.0252902402406508,238,1,9,1,18,0.0021988824875441887
1372,-0.0057086125589476,0.095578488383025,0.0920799238422517,238,9,7,6,5,0.000588261317527889
1373,-0.0003191149877672,0.0825509157870774,0.0234014070938232,238,10,6,1,19,0.0024793188556417934
1374,-0.1746977271921426,0.0830285997029208,0.0099301966025725,238,6,6,0,123,0.0049806266057812725
1375,0.2876644328617522,0.0982047833051067,0.1119348764471084,238,15,7,7,8,0.0003388049578936866
1376,-0.0430805233485799,0.1622455612264245,0.1865457428992928,238,9,14,12,6,0.00019283186778847947
1377,-0.091302343722299,0.0717134027351112,0.0108986878784077,238,8,5,0,118,0.004884276702473828
1378,-0.2644044959756054,0.1127272086273799,0.0034546385597702,238,4,9,0,63,0.0032442879918447966
1379,0.2314292805729886,0.0549258940514162,0.0123957109454491,238,14,3,0,25,0.0018030019399556335
1380,0.1103783285466084,0.1038231683502574,0.1061292664804374,238,12,8,6,17,0.0007219739687309315
1381,0.0076942169272772,0.079895920740854,0.0055000314653832,238,10,5,0,75,0.003855261700858351
1382,0.0998120767294259,0.0589982894764509,0.0062243559373917,238,12,3,0,112,0.0033545247846789965
1383,-0.4244583909513171,0.163762896449889,0.1810367255989878,238,1,14,11,1,1.5869241871776632e-05
1384,-0.001311917171932,0.1286914848729649,0.1182973617458267,238,10,10,7,5,0.0005980529516655343
1385,-0.0205297308796936,0.0770924250477484,0.031450732285183,238,9,5,2,19,0.0025021876125847424
1386,-0.2499379498634896,0.1070313470590444,0.0843822952890351,238,5,8,5,8,0.000684282598842483
1387,0.0315214693472325,0.0809324236441882,0.0315687335856195,238,10,6,2,24,0.0021178534085580414
1388,0.2895791227883558,0.0442118704764062,0.0118391313897127,238,15,2,0,32,0.001490183960655832
1389,0.2580221962202602,0.0516257213078688,0.0502538430264065,238,15,3,3,4,0.0007382137347438163
1390,-0.0089706768783462,0.0733421529591159,0.0021816201990031,238,9,5,0,128,0.00475484797010613
1391,-0.0369818813601389,0.0551334165178682,0.0055125477929736,238,9,3,0,38,0.002541755274822797
1392,-0.2190192532709286,0.0747093329212129,0.0055752713014045,238,5,5,0,48,0.002829270609622204
1393,0.0472644754104173,0.0833974376363208,0.0548865179573422,238,10,6,3,31,0.0017261073251220965
1394,0.4550225153352479,0.0308608378196048,0.0215238876515736,238,19,0,1,1,0.00012739490190089944
1395,-0.208453001453746,0.0812937185656914,0.0049133821499793,238,5,6,0,104,0.004457874728275953
1396,-0.202283445023579,0.0711475845757614,0.0039588268206216,238,6,5,0,87,0.0037737578394178533
1397,-0.1719320639648264,0.1081457225465231,0.0088629753197689,238,6,8,0,57,0.003300602884874217
1398,0.0659149735843704,0.0707306937571018,0.0056811836218753,238,11,4,0,96,0.0038563263286608743
1399,-0.4270113108534553,0.1312378952588874,0.0251418821500306,238,1,11,1,21,0.0014808047137841256
1400,-0.0421586356061411,0.0889475917772834,0.0077351668983228,238,9,6,0,67,0.003528788865454604
1401,-0.1176825160443924,0.0788186143106848,0.0016578973780218,238,7,5,0,86,0.004462857898018962
1402,-0.0921533170230117,0.1301009001789621,0.128251994494534,238,8,11,8,16,0.0005696293568104668
1403,0.1256249335177108,0.0691067473938215,0.0314584362008681,238,12,4,2,30,0.0021432616240922957
1404,0.2234868630996702,0.0430612591411771,0.0102498510099953,238,14,2,0,63,0.001936958343928828
1405,0.231925681665071,0.1139962765085848,0.1320489186543131,238,14,9,8,4,0.00028776607812013553
1406,-0.3926887210580433,0.1035978243353084,0.0179827933831468,238,2,8,1,13,0.002881514397028944
1407,-0.139382335212566,0.0954750304171532,0.0149269746386652,238,7,7,0,75,0.003922112144946418
1408,-0.2118568946565968,0.0981970873895318,0.0044908864344529,238,5,7,0,118,0.004976576343704583
1409,-0.4260185086692905,0.1252672809966506,0.0497992261816662,238,1,10,3,5,0.0005293482145357204
1410,0.1117257029394035,0.0483118893838762,0.0051909825389095,238,12,2,0,34,0.0021758371823757663
1411,-0.1288160833953834,0.0888021844436677,0.0156191164736613,238,7,6,1,35,0.004354591136495643
1412,-0.2088784881041023,0.1010526419723901,0.0333364353517839,238,5,8,2,23,0.0023032056205181664
1413,-0.2049781938091692,0.1110732679108686,0.0016507072801174,238,5,9,0,34,0.002548715097143437
1414,0.0069850725100166,0.1309887170175936,0.1476609713018469,238,10,11,9,6,0.00043913256019940705
1415,0.256532992944013,0.0362139626014434,0.0253679924836694,238,15,1,1,5,0.0010291882921139705
1416,-0.3422685529908165,0.1017868816859704,0.0015915391383061,238,3,8,0,100,0.004333383064151017
1417,-0.1436372017161294,0.0750027780087831,0.0308990083969789,238,7,5,2,14,0.0019215935290123082
1418,-0.2685884480374428,0.0690633142653829,0.011614006351976,238,4,4,0,2,0.0006413839773099213
1419,-0.2052618515760734,0.0916082588857815,0.0013215096358731,238,5,7,0,118,0.004976576343704583
1420,0.3566641846612062,0.0368256719016006,0.0013742124055273,238,17,1,0,23,0.0007836667221217257
1421,-0.2083820870120199,0.0762099759854538,0.0057316751055854,238,5,5,0,48,0.002829270609622204
1422,-0.0097507357373329,0.0808837360936912,0.0122113826034227,238,9,6,0,67,0.003528788865454604
1423,0.1635641598411516,0.0541608093080649,0.0193921775682318,238,13,3,1,35,0.0025669641651229784
1424,-0.2522072119987235,0.1025291469951119,0.0085224584820345,238,5,8,0,70,0.004087396103385501
1425,-0.0652058291671098,0.0748246518483816,0.0217062880083329,238,8,5,1,45,0.004231983686421704
1426,-0.4406268836648583,0.137405050026162,0.0120406944828445,238,1,11,0,44,0.0016412330933814783
1427,-0.1885260433287238,0.1926105702120569,0.2552172313089565,238,6,17,16,1,2.5631396028698092e-05
1428,-0.3866609935113285,0.1089472799542507,0.0023003436815119,238,2,8,0,89,0.003550440087193625
1429,0.2896500372300818,0.0762356851359884,0.0629783878754107,238,15,5,4,7,0.0006023742252298374
1430,0.2071056270609509,0.0468352071222569,0.0076094788189651,238,14,2,0,63,0.001936958343928828
1431,-0.3165975250859837,0.1199895857342665,0.0245807998703604,238,3,10,1,18,0.0022729880349347505
1432,0.319505017196752,0.0613372586324895,0.046649061679137,238,16,4,3,14,0.0006512937333475906
1433,0.3417721518987341,0.0336646089679131,0.0042839882428755,238,16,1,0,44,0.0011029673443555539
1434,-0.053079459631954,0.0758026742965031,0.001225040009263,238,9,5,0,128,0.00475484797010613
1435,-0.3578697301705492,0.0997469778283833,0.0074957609329873,238,2,7,0,52,0.002597604187038845
1436,-0.1583164911534233,0.0799184740032434,0.0134924917029117,238,6,5,0,87,0.0037737578394178533
1437,-0.3362408254441016,0.1578176458236457,0.1878428507093939,238,3,13,12,1,4.8134779299805056e-05
1438,0.045633443250718,0.0786285750184482,0.002375265303534,238,10,5,0,75,0.003855261700858351
1439,-0.2555401907598482,0.1439992650845749,0.1344847977773325,238,4,12,8,3,0.00021933131485830134
1440,-0.3804205226394354,0.0922729186262792,0.0017091941935482,238,2,7,0,52,0.002597604187038845
1441,-0.0787504875367868,0.0646798934986878,0.0171982318807613,238,8,4,1,19,0.0029757617683365627
1442,-0.3251072580931106,0.1003546017375052,0.0160560215023139,238,3,8,1,24,0.003650412738886289
1443,-0.1546289401836683,0.1152183060752009,0.0113711355506429,238,6,9,0,20,0.0017687167254327434
1444,0.2335567138247704,0.0820006858041646,0.0959842776720705,238,14,6,6,6,0.00044836706910762064
1445,-0.0082615324610857,0.1118184259911188,0.0940874127899428,238,9,9,6,7,0.0007918383888093588
1446,-0.0191114420451724,0.0843710235986945,0.0246722877386196,238,9,6,1,35,0.003457223377569426
1447,-0.1377513030528667,0.0924821261038153,0.0368927776802063,238,7,7,2,26,0.002471827272074585
1448,0.1473956671276105,0.0998534604824076,0.0816067366357291,238,12,7,5,15,0.0009148081068238731
1449,0.2980888557954827,0.0749463498322991,0.0743332001479627,238,15,5,4,7,0.0006023742252298374
1450,0.1888806155373541,0.0641437967664639,0.0391313319879974,238,13,4,2,27,0.0017949624306630315
1451,-0.2512853242562847,0.1225084955070067,0.0573463078935922,238,5,10,3,8,0.0008795548019534462
1452,-0.0072687302769208,0.0632136303922298,0.0185658515395649,238,9,4,1,19,0.003555003348932449
1453,-0.1723575506151827,0.0777523950733203,0.0300976747014497,238,6,5,1,15,0.003066965874110903
1454,-0.1308726022054391,0.0922790628036562,0.0006309178771846,238,7,7,0,75,0.003922112144946418
1455,0.1537070524412296,0.0826920788670263,0.0927534385293099,238,13,6,6,5,0.00052772168952842
1456,0.0117363401056625,0.1505334847821809,0.1652863180798297,238,10,13,10,3,0.0002238979984554563
1457,-0.1334964365493032,0.0809339726696497,0.0069341314437315,238,7,6,0,105,0.004915439800339099
1458,-0.2802184164805162,0.1054778230206036,0.0183427005404214,238,4,8,1,31,0.003922345351422437
1459,-0.3163847817608055,0.1095627873626931,0.0515315539700956,238,3,8,3,10,0.0009970606512748586
1460,0.070382583413112,0.0667273779634467,0.0054241228472386,238,11,4,0,96,0.0038563263286608743
1461,-0.1412970251391695,0.1072938996401829,0.0823641147056421,238,7,8,5,11,0.000992393730641657
1462,-0.1437081161578555,0.0849304399764024,0.0210261371322905,238,7,6,1,35,0.004354591136495643
1463,-0.163989646491508,0.1209870765615191,0.0882082684467132,238,6,10,5,6,0.0007031740076459483
1464,-0.3351771088182108,0.0935265254291112,0.0027509670132542,238,3,7,0,83,0.0037735571101525844
1465,-0.4402013970145019,0.1320561451702705,0.0143022908472793,238,1,11,0,44,0.0016412330933814783
1466,-0.0805942630216643,0.1107776403020258,0.0520295354129904,238,8,9,3,10,0.0007271692680472435
1467,-0.3311349856398255,0.0990285805379006,0.0009688870741435,238,3,7,0,83,0.0037735571101525844
1468,0.1058398042761408,0.058422319821214,0.0061493774130647,238,12,3,0,112,0.0033545247846789965
1469,-0.0771903698188136,0.0748125688426617,0.0203199796027303,238,8,5,1,45,0.004231983686421704
1470,-0.1641314753749601,0.1761218548915774,0.2026686671922207,238,6,15,13,2,0.0001153346007730741
1471,-0.3980073041874977,0.1407790471831858,0.007789744217342,238,2,12,0,5,0.0006954594832814585
1472,-0.3565932702194802,0.1250790981210134,0.0028232427364375,238,2,10,0,64,0.0027862606231091225
1473,-0.1925681665071091,0.1120197134612962,0.0371608429254504,238,6,9,2,9,0.0013930794518370066
1474,-0.1894479310711626,0.1409080340816386,0.1514858972143897,238,6,12,9,6,0.0003089775727796795
1475,0.1693082296209622,0.0850020264784987,0.0490592286239362,238,13,6,3,5,0.0008534856354373841
1476,-0.431691664007375,0.1222098575078634,0.0035957478110878,238,1,10,0,58,0.0024176974686684533
1477,-0.2073183703861291,0.0899083848611585,0.0042750365195601,238,5,6,0,104,0.004457874728275953
1478,-0.1095982696876218,0.1059581948301724,0.015274190807487,238,7,8,0,22,0.0023093496379671427
1479,0.0876857071942701,0.0622641313926176,0.0026075555563188,238,11,4,0,96,0.0038563263286608743
1480,-0.4417615147324752,0.1159088838405817,0.0027511217731304,238,1,9,0,77,0.0026736108853416024
1481,-0.1687409140871538,0.0615244187526169,0.0077290842096842,238,6,4,0,25,0.0019497198210807415
1482,0.0654894869340141,0.1407247670530395,0.1748920675748073,238,11,12,11,8,0.00032097752887019136
1483,-0.1669680530440024,0.1007005845831304,0.0063651079710691,238,6,8,0,57,0.003300602884874217
1484,-0.3051802999680884,0.0958809485342477,0.0149617380264814,238,3,7,0,83,0.0037735571101525844
1485,-0.0813034074389249,0.1673476680085249,0.2193777671241351,238,8,14,14,1,0.00010279046416592364
1486,-0.1159096550012409,0.134631311367357,0.0752205414757563,238,7,11,4,1,0.00020692223951596406
1487,-0.123355671382477,0.0932915979391105,0.0574878662867956,238,7,7,3,28,0.0017006627136119561
1488,-0.2927702726660284,0.1119035462183171,0.0119360377496887,238,4,9,0,63,0.0032442879918447966
1489,0.2708577101726766,0.037164614668169,0.0019078817198434,238,15,1,0,37,0.0012568719412054995
1490,-0.3073077332198701,0.0975335128111332,0.0193623014272647,238,3,7,1,24,0.003043892917955284
1491,0.1800163103215969,0.08597422940461,0.0970813145905414,238,13,6,6,5,0.00052772168952842
1492,-0.2907137538559727,0.1125035711786001,0.0611636926468599,238,4,9,4,13,0.000926153521380232
1493,-0.4189270644966846,0.1204535589963375,0.0112250046751413,238,1,10,0,58,0.0024176974686684533
1494,0.0796723752792256,0.0898902790666902,0.0618931176746243,238,11,6,4,12,0.001206200991013593
1495,-0.362550083324469,0.109412005894895,0.026261747023279,238,2,8,1,13,0.002881514397028944
1496,-0.1227883558486685,0.0992842751513928,0.0279375211758711,238,7,7,1,42,0.0036960149974717034
1497,0.0949189802503279,0.0549808664775358,0.0067024310231956,238,11,3,0,87,0.0035031944625956886
1498,0.0647094280750274,0.1168575179788964,0.145250193971367,238,11,9,9,1,0.0002924578875017634
1499,-0.0749211076835797,0.0846703668837911,0.0339834918471742,238,8,6,2,25,0.0025738901815202356
1500,0.0969754990603836,0.0916188375885938,0.0769640101061486,238,11,7,5,17,0.0010146204443782594
1501,0.2378824947700598,0.1242209743198505,0.1602775082425827,238,14,10,10,4,0.00017625611383147543
1502,-0.4662979115696911,0.1086661068722887,0.0067540510803947,238,0,8,0,3,0.0008843777620531178
1503,-0.4011275396234443,0.1447648731051489,0.0891231072592975,238,2,12,5,1,0.00012648465697543996
1504,0.1868950111690245,0.0496531281314436,0.0231122079089881,238,13,2,1,8,0.0018549087750108126
1505,-0.1699464595964968,0.1039083935917476,0.0142959024833535,238,6,8,0,57,0.003300602884874217
1506,-0.4048860050349253,0.1263318423971367,0.0011601626440956,238,1,10,0,58,0.0024176974686684533
1507,-0.1448427472254724,0.1002810692272443,0.0092882894508059,238,7,8,0,22,0.0023093496379671427
1508,-0.2916356415984115,0.1034603054716645,0.0173204308541223,238,4,8,1,31,0.003922345351422437
1509,-0.3193631883132999,0.1105082288616808,0.0016450561335041,238,3,9,0,69,0.003704547569987754
1510,0.0046448959330567,0.145235738967144,0.1571889901149948,238,10,12,10,11,0.0003687449162194606
1511,-0.2998617168386341,0.1076353690452507,0.0008681329949563,238,4,8,0,91,0.004483419991872029
1512,0.1315108321809736,0.0567120847087391,0.0033786004184443,238,12,3,0,112,0.0033545247846789965
1513,0.1337800943162074,0.0479767957739496,0.0060725320716532,238,12,2,0,34,0.0021758371823757663
1514,-0.2453285111512959,0.0772866429881761,0.0043540182022682,238,5,5,0,48,0.002829270609622204
1515,-0.0425132078147714,0.171206723992537,0.2181229683750495,238,9,15,14,2,0.00013146006670759658
1516,-0.1873204978193808,0.159242487195097,0.1968528064718076,238,6,14,12,3,0.00015036304955714242
1517,-0.0785377442116086,0.1239350577090204,0.1505271885235041,238,8,10,9,4,0.0003905418337075422
1518,-0.0935716058575328,0.0709057674550185,0.0374557142696061,238,8,5,2,17,0.0022773988520767567
1519,-0.5027479346168846,0.1313027899080538,0.0069704231630866,238,0,11,0,17,0.0009954726964181157
1520,-0.0668368613268091,0.0804770593009924,0.0042678115848002,238,8,5,0,118,0.004884276702473828
1521,0.2393716980463071,0.0758260527381357,0.074222169772692,238,14,5,4,19,0.0007926131938837975
1522,-0.1871786689359287,0.0969760165116368,0.0602728158180277,238,6,7,3,27,0.001618208133972155
1523,-0.1403751373967308,0.0910081238725608,0.045954717607348,238,7,7,3,28,0.0017006627136119561
1524,-0.2809275608977767,0.0929315556044872,0.0095271534342626,238,4,7,0,120,0.004630464276693427
1525,-0.3143282629507499,0.192294138154565,0.2534774858334698,238,3,17,16,1,1.9550747639703698e-05
1526,-0.2358259759600042,0.1125050009696061,0.0021811594317856,238,5,9,0,34,0.002548715097143437
1527,0.129525227812644,0.0833347333123107,0.0780764098579841,238,12,6,5,19,0.0008781639312160993
1528,0.0894585682374215,0.0758396535059886,0.0470875619395823,238,11,5,3,16,0.0015976535184731248
1529,-0.145551891642733,0.0901843573734339,0.0164998060156643,238,7,6,1,35,0.004354591136495643
1530,-0.1549835123922986,0.0790183813688652,0.0051017728445366,238,6,5,0,87,0.0037737578394178533
1531,-0.3814133248236003,0.1112417167663244,0.0019417476885723,238,2,9,0,92,0.0036402965216667748
1532,-0.0839981562245151,0.0924194049047882,0.0619701848977442,238,8,7,4,17,0.0011918988240630826
1533,0.0892458249122433,0.0437242963718058,0.0065768679557438,238,11,2,0,18,0.0018657310811233557
1534,0.187533241144559,0.036784052392773,0.0099601560312451,238,13,1,0,9,0.0010668379852861295
1535,0.0393220579370988,0.0717100001825323,0.0031477184096797,238,10,5,0,75,0.003855261700858351
1536,-0.1207318370386129,0.0941824183556386,0.0165176372244263,238,7,7,1,42,0.0036960149974717034
1537,-0.1943410275502605,0.0832856820251708,0.0019001116307872,238,6,6,0,123,0.0049806266057812725
1538,0.2801475020387901,0.0532516145756967,0.0400540710945487,238,15,3,2,24,0.0010910017256819872
1539,-0.2805020742474204,0.0979123798533893,0.001306619257815,238,4,7,0,120,0.004630464276693427
1540,0.1587419778037797,0.0997851167386053,0.0941150352446699,238,13,7,6,10,0.0006279537371180559
1541,0.1403751373967308,0.0537458153506208,0.0219755585900308,238,12,3,1,38,0.0029775459777509877
1542,-0.1013721944473991,0.0916909187608119,0.0180062116989395,238,8,7,1,25,0.0028794895434652297
1543,-0.0938552636244371,0.0765427092435842,0.0164450392867367,238,8,5,1,45,0.004231983686421704
1544,-0.3827606992163953,0.1327934295050767,0.0054332356308486,238,2,11,0,22,0.0015995178499110165
1545,0.0470517320852391,0.0796798199980939,0.0551102306512653,238,10,5,3,16,0.0015634415710051469
1546,-0.3013509201148813,0.1449716106550572,0.0464237438980504,238,4,12,3,5,0.0003360397120802429
1547,0.0032975215402616,0.0683096014481181,0.003705648840553,238,10,4,0,104,0.004355003298635465
1548,0.0571924972520653,0.0546326302568619,0.0049621356267631,238,11,3,0,87,0.0035031944625956886
1549,0.0263447151012303,0.0921841947790227,0.0253832793339942,238,10,7,1,4,0.0011703041431329801
1550,0.0388965712867425,0.065274889540222,0.0068292987168423,238,10,4,0,104,0.004355003298635465
1551,-0.2453994255930219,0.0835235112405912,0.0036408630620986,238,5,6,0,104,0.004457874728275953
1552,0.2496542920965854,0.0570413650319512,0.0405387528154353,238,15,3,2,24,0.0010910017256819872
1553,-0.199801439563167,0.0922143175946201,0.0042948285955198,238,6,7,0,96,0.004713885748433999
1554,-0.4458036379108605,0.1128643580840707,0.0066231054508659,238,1,9,0,77,0.0026736108853416024
1555,0.192426337623657,0.0533875679408157,0.0034735400593556,238,13,3,0,68,0.0026935169555837167
1556,0.1271850512356841,0.0581465096340247,0.0245358231383971,238,12,3,1,38,0.0029775459777509877
1557,0.0120199978725667,0.1915769751666623,0.2384587867007194,238,10,17,15,1,5.193131650534747e-05
1558,0.1227883558486685,0.0909491150513938,0.0711698625404758,238,12,7,4,6,0.0008233196115806856
1559,-0.0385419990781122,0.0593604285985652,0.0035031821738871,238,9,3,0,38,0.002541755274822797
1560,-0.012445484522923,0.0919757146532073,0.077236698484337,238,9,7,5,11,0.0008999656682911266
1561,-0.1059816331595929,0.0964159451143674,0.032525426307654,238,7,7,2,26,0.002471827272074585
1562,-0.4918980250327978,0.1222072244466482,0.0023181169555817,238,0,10,0,21,0.001299022135957822
1563,0.034641704783179,0.0872590941117898,0.0159202983449384,238,10,6,1,19,0.0024793188556417934
1564,0.209729461404815,0.064930437968193,0.0620391904925046,238,14,4,4,6,0.0006609381651936833
1565,0.0254228273587916,0.0814266010722677,0.0267113271672252,238,10,6,1,19,0.0024793188556417934
1566,0.1028613977236464,0.1282090261148413,0.1273083425667364,238,12,10,8,3,0.00038898685317287823
1567,-0.3087969364961174,0.112686968104901,0.0768047726556259,238,3,9,5,6,0.000463573381957771
1568,-0.4002765663227315,0.1078530733634873,0.0061685781466208,238,2,8,0,89,0.003550440087193625
1569,0.0341453036910966,0.0775577118859817,0.0353763019679981,238,10,5,2,36,0.0025029702124330115
1570,-0.1095273552458958,0.0887233613500061,0.034755445423306,238,7,6,2,17,0.002531552152626628
1571,0.1244193880083679,0.0924041737209012,0.0860193165430813,238,12,7,5,15,0.0009148081068238731
1572,-0.2154735311846257,0.107817399223806,0.0073178825243385,238,5,8,0,70,0.004087396103385501
1573,0.175123213842499,0.1251737811863844,0.153351829788442,238,13,10,10,2,0.0002066001327572179
1574,-0.1634223309576995,0.1059039644838373,0.0019860195494615,238,6,8,0,57,0.003300602884874217
1575,0.0330815870652058,0.0860384150170415,0.0623949917184506,238,10,6,4,15,0.0012094322560504275
1576,-0.224479665283835,0.1136391137002189,0.0299005534558117,238,5,9,1,21,0.0025129596142606752
1577,0.1019395099812076,0.0569872336380491,0.0042486554225819,238,12,3,0,112,0.0033545247846789965
1578,0.0336489025990142,0.075638142012515,0.0205003644715292,238,10,5,1,35,0.003681177079075407
1579,0.3395738042052263,0.0578263874069996,0.0440072979277072,238,16,3,2,22,0.0008277185805572241
1580,-0.4394213381555153,0.1307773767844958,0.0340141330750217,238,1,11,2,11,0.0008562449645723883
1581,0.1823564868985568,0.0526499593787027,0.0068030020870924,238,13,3,0,68,0.0026935169555837167
1582,0.2347622593341133,0.0425069217569589,0.0048852084523884,238,14,2,0,63,0.001936958343928828
1583,-0.0125163989646491,0.0766358176764044,0.0045375236772651,238,9,5,0,128,0.00475484797010613
1584,-0.2468886288692692,0.0964884338523597,0.0192505480253366,238,5,7,1,30,0.0042669011761406455
1585,-0.45012941885615,0.0956271618743386,0.0064877527028968,238,1,7,0,16,0.001358025859596965
1586,-0.1717902350813742,0.0935776361420294,0.0061632394899076,238,6,7,0,96,0.004713885748433999
1587,-0.2410736446477324,0.115720747548623,0.0074955825071123,238,5,9,0,34,0.002548715097143437
1588,0.2224231464737793,0.0607525958623187,0.0303795201497657,238,14,3,1,20,0.0018794301899020256
1589,-0.2625607204907279,0.090561362844124,0.0053506441087349,238,4,7,0,120,0.004630464276693427
1590,0.2019997872566747,0.0722843787834282,0.0728290893408185,238,14,5,4,19,0.0007926131938837975
1591,-0.1507995603304612,0.0988603436877512,0.034383229403298,238,7,7,2,26,0.002471827272074585
1592,-0.1559054001347374,0.1107289613498563,0.0277259027945083,238,6,9,1,16,0.0018103153645663555
1593,-0.3397156330886784,0.1473853721180041,0.0396460266187007,238,3,12,2,5,0.0004779927054410548
1594,-0.4409814558734885,0.1080359551006248,0.0062117566093788,238,1,8,0,39,0.0022015621544169703
1595,-0.0340743892493706,0.093129887763633,0.0689548899824443,238,9,7,4,11,0.0012049178080219785
1596,-0.1514377903059957,0.0908414136982596,0.0071995467654726,238,7,7,0,75,0.003922112144946418
1597,0.114775023933624,0.0643822380211606,0.013359760389275,238,12,4,0,46,0.003005418736203267
1598,-0.2397262702549374,0.0787010658482588,0.0075779724455017,238,5,5,0,48,0.002829270609622204
1599,-0.3473034783533666,0.1156334269950987,0.0236190379807043,238,3,9,1,37,0.003326167945494541
1600,-0.2866716306775874,0.1243471266671382,0.0434226004892584,238,4,10,2,20,0.0013956950402149748
1601,-0.1405169662801829,0.1245224586013009,0.1167680221332076,238,7,10,7,6,0.0007243267117017542
1602,0.1589547211289578,0.0441236233225982,0.0076363175126232,238,13,2,0,51,0.002201728852969309
1603,-0.4591355529553592,0.1117526674034517,0.0178163744855456,238,0,9,1,3,0.0010114781066728213
1604,0.1744849838669644,0.0832665131496732,0.0849616062409256,238,13,6,5,13,0.0007739761892615038
1605,-0.2299400772967414,0.0776212484448792,0.0069962664854197,238,5,5,0,48,0.002829270609622204
1606,-0.0521575718895152,0.081170799885831,0.0515769118878023,238,9,6,3,22,0.0016882375614213183
1607,0.3838953302840123,0.0495517432306256,0.0423239735866247,238,17,2,2,7,0.0005407629660983607
1608,-0.0396766301457291,0.0827625515124204,0.0011585056443399,238,9,6,0,67,0.003528788865454604
1609,-0.0170549232351168,0.0790529041866211,0.0297952942878934,238,9,5,1,43,0.0042530637397620065
1610,-0.1113711307307732,0.0913132876079385,0.0010502370360089,238,7,7,0,75,0.003922112144946418
1611,0.2455412544764741,0.0615366841588832,0.0394222296649248,238,14,4,2,15,0.0012844812788815414
1612,0.107399921994114,0.0606294356896272,0.01119655188135,238,12,3,0,112,0.0033545247846789965
1613,-0.3623373399992908,0.1051868838184184,0.0600931760442208,238,2,8,3,3,0.0006349503674971046
1614,-0.1375385597276885,0.0789457756926916,0.0458137825608915,238,7,5,2,14,0.0019215935290123082
1615,-0.1177534304861184,0.1241473297260407,0.1022028666321774,238,7,10,6,11,0.0007346749988251823
1616,-0.0202460731127894,0.0656066589006602,0.0017119807052311,238,9,4,0,110,0.004292388740450521
1617,-0.0914441726057511,0.0823444735456246,0.0042056542576154,238,8,6,0,87,0.004426521123504939
1618,0.0864801616849271,0.0793871639966499,0.0347712559197108,238,11,5,2,24,0.0022595098618287553
1619,-0.2987270857710172,0.0841474024903734,0.0206888102282496,238,4,6,1,14,0.002774995476257176
1620,-0.1401623940715526,0.0889401527818188,0.0055768707375454,238,7,6,0,105,0.004915439800339099
1621,0.3543949225259723,0.0661439891059385,0.0741287588140143,238,17,4,4,12,0.0004113184296377977
1622,-0.2692266780129773,0.0999193804764835,0.0150743417230211,238,4,7,0,120,0.004630464276693427
1623,0.2225649753572314,0.0451096473158725,0.003402875599597,238,14,2,0,63,0.001936958343928828
1624,-0.1347728965003723,0.103187015806891,0.0012004268665925,238,7,8,0,22,0.0023093496379671427
1625,-0.1537070524412296,0.0824484105501275,0.0081267885566458,238,6,6,0,123,0.0049806266057812725
1626,0.0650640002836577,0.078374708376046,0.0117795107082064,238,11,5,0,31,0.0026768986373174324
1627,-0.4682126014962947,0.1472028344791798,0.0060643499784784,238,0,12,0,6,0.0005410486288017147
1628,-0.0942807502747934,0.0797411421717719,0.0379718150641219,238,8,5,2,17,0.0022773988520767567
1629,-0.2615679183065631,0.0987367956775866,0.0061345455904449,238,4,7,0,120,0.004630464276693427
1630,-0.2979470269120306,0.1059939259443257,0.0056240147273091,238,4,8,0,91,0.004483419991872029
1631,-0.2313583661312626,0.1144141245883458,0.0026996168357252,238,5,9,0,34,0.002548715097143437
1632,0.2123532957486792,0.0635448641082772,0.0227885955675675,238,14,4,1,9,0.0013243774840951577
1633,0.0154238910754175,0.078537654094873,0.0087308917385766,238,10,5,0,75,0.003855261700858351
1634,0.1336382654327553,0.0715019290625069,0.0306395458744747,238,12,5,1,16,0.0020170201009321654
1635,-0.2931248448746587,0.1170504052438406,0.001691889825215,238,4,9,0,63,0.0032442879918447966
1636,-0.0868347338935574,0.0759726078527396,0.0232661413177528,238,8,5,1,45,0.004231983686421704
1637,-0.4187852356132326,0.1046533547711391,0.0375183580203443,238,1,8,2,5,0.0007883316021379651
1638,-0.1536361379995035,0.0792595002306184,0.0146834914274337,238,6,5,0,87,0.0037737578394178533
1639,0.0610927915469985,0.0513976695637602,0.0044854123929798,238,11,3,0,87,0.0035031944625956886
1640,-0.4150267702017515,0.1126371592873922,0.0016383041801845,238,1,9,0,77,0.0026736108853416024
1641,-0.1016558522143034,0.1012093806991449,0.0276304512698441,238,8,8,1,11,0.0015147342647100137
1642,-0.0845654717583235,0.1104869778872091,0.052746131416953,238,8,9,3,10,0.0007271692680472435
1643,-0.224550579725561,0.0968059987957415,0.0410563826988883,238,5,7,2,24,0.0024001793753435753
1644,-0.1392405063291139,0.1309230751448967,0.1090763031089403,238,7,11,7,6,0.0005171593792913427
1645,-0.4134666524837783,0.1252885943568523,0.0284827627649131,238,1,10,1,22,0.002079606064659946
1646,-0.3931851221501258,0.1155735229683714,0.0128225529032007,238,2,9,0,92,0.0036402965216667748
1647,-0.3118462574903378,0.0861926774888251,0.0346203887439257,238,3,6,2,2,0.0008145637417128029
1648,-0.3875119668120412,0.1122234318928005,0.0035183132828189,238,2,9,0,92,0.0036402965216667748
1649,0.0059922703258518,0.1348882733599553,0.1649623943941398,238,10,11,10,4,0.00035652994478835683
1650,0.3987164486047583,0.0526404277763087,0.0657918685010797,238,17,3,4,5,0.00034222055867331655
1651,0.310853455306173,0.0396396163375797,0.0126707643069738,238,16,1,0,44,0.0011029673443555539
1652,0.2065383115271424,0.0503160171692779,0.0192584798302302,238,14,2,1,18,0.0017176569679600764
1653,-0.4368684182533772,0.1217130523224392,0.0763515027596222,238,1,10,5,1,0.00012796141698212594
1654,0.1166897138602276,0.0702414882918775,0.0101804037924023,238,12,4,0,46,0.003005418736203267
1655,-0.0850618728504059,0.0957845381990118,0.0985323440611613,238,8,7,6,6,0.0005008773063975063
1656,0.0762684820763748,0.1258330795053353,0.1499366266627007,238,11,10,9,4,0.0003929719492531391
1657,0.3580115590540013,0.0555200610516461,0.0552827664224559,238,17,3,3,8,0.00048395992218328883
1658,-0.2325639116406055,0.0902554954597814,0.0051178954253936,238,5,6,0,104,0.004457874728275953
1659,0.3429776974080771,0.0371534073627106,0.0190603940199098,238,16,1,1,6,0.000947826424712255
1660,0.0976137290359181,0.1064131284946593,0.0645930024829645,238,12,8,4,2,0.0004159353437487317
1661,0.3990710208133886,0.0710849071037821,0.0697080223262869,238,18,5,4,1,0.00014539347214801901
1662,0.3399283764138566,0.0810021274897175,0.0822177174528423,238,16,6,5,1,0.0002980867785791042
1663,-0.0153529766336914,0.0731301962761878,0.0161805234202246,238,9,5,1,43,0.0042530637397620065
1664,-0.1164060560933234,0.0958845512805867,0.0771786690761921,238,7,7,5,7,0.0007126402050501692
1665,-0.3371627131865404,0.1242302414777207,0.0529058153824601,238,3,10,3,10,0.0010090003136682217
1666,-0.0779704286778002,0.067917918420635,0.0085922536293964,238,8,4,0,68,0.003645851648012564
1667,-0.1512250469808176,0.1175997408960081,0.0403087966348286,238,7,9,2,7,0.0009848642234243496
1668,0.019820586462433,0.0683943077925001,0.0272490991625957,238,10,4,1,35,0.00376178763264307
1669,0.0324433570896713,0.0766752530891757,0.0508312671161304,238,10,5,3,16,0.0015634415710051469
1670,-0.173917668333156,0.0776696565527793,0.0212117538706279,238,6,5,1,15,0.003066965874110903
1671,-0.3273765202283444,0.1103772771031965,0.0282014397807467,238,3,9,1,37,0.003326167945494541
1672,-0.2834095663581888,0.136112723314927,0.0471517368169665,238,4,11,3,4,0.0006218771597264158
1673,-0.4201326100060276,0.131830049921209,0.0356243210049119,238,1,11,2,11,0.0008562449645723883
1674,-0.1417934262312519,0.1009489074215784,0.0131153174292566,238,7,8,0,22,0.0023093496379671427
1675,-0.0328688437400276,0.0772873642520439,0.0048611060996444,238,9,5,0,128,0.00475484797010613
1676,-0.2780200687870084,0.0871305723063184,0.0105473154117853,238,4,6,0,60,0.003468743098616289
1677,-0.1822855724568308,0.1252507649730256,0.1211971290719721,238,6,10,7,10,0.0006562367513300406
1678,-0.1410842818139914,0.098162994626769,0.0016238623258471,238,7,7,0,75,0.003922112144946418
1679,-0.3374463709534446,0.0904100303634618,0.0110698267497478,238,3,7,0,83,0.0037735571101525844
1680,-0.1203063503882565,0.1009117625052446,0.0863961410828232,238,7,8,5,11,0.000992393730641657
1681,0.369996099705705,0.0346298920229137,0.0055377657384271,238,17,1,0,23,0.0007836667221217257
1682,-0.0857001028259405,0.1019720914145535,0.0348737575375859,238,8,8,2,11,0.0013249138978104157
1683,-0.1269013934687799,0.085307052365818,0.0077910179543308,238,7,6,0,105,0.004915439800339099
1684,-0.0491082508952948,0.0768521602470211,0.0011100223333456,238,9,5,0,128,0.00475484797010613
1685,0.1804417969719533,0.0499636458234115,0.0144296790074744,238,13,2,0,51,0.002201728852969309
1686,0.0459171010176222,0.0989636739984767,0.0556066369107981,238,10,7,3,21,0.0013092804382386475
1687,0.2666028436691132,0.1729715496578613,0.2175958902676432,238,15,15,14,1,2.874464156988849e-05
1688,-0.1060525476013189,0.0822467115674511,0.0025153595837275,238,7,6,0,105,0.004915439800339099
1689,-0.2132042690493918,0.0804795173911963,0.0027797105904199,238,5,5,0,48,0.002829270609622204
1690,-0.1771797326525546,0.0762196811000635,0.0315744649632402,238,6,5,2,9,0.0014731747408398195
1691,0.1360493564514413,0.0934109960025499,0.0691946714356303,238,12,7,4,6,0.0008233196115806856
1692,0.1607984966138353,0.0711773873068374,0.0526552017288041,238,13,5,3,23,0.0012615436760510372
1693,0.3102861397723646,0.1036485933614938,0.1140744771737834,238,16,8,7,2,0.00019906967176696474
1694,0.1300216289047264,0.0587789205667165,0.0108208079380115,238,12,3,0,112,0.0033545247846789965
1695,0.1313690032975215,0.0672847038162903,0.04904266269995,238,12,4,3,6,0.0012563024102635314
1696,-0.1956174875013296,0.0692884309309935,0.0060933972398715,238,6,4,0,25,0.0019497198210807415
1697,-0.3091515087047476,0.1152229479925453,0.0029275001261306,238,3,9,0,69,0.003704547569987754
1698,-0.4826791476084103,0.1158771711535178,0.0191357750687147,238,0,9,1,3,0.0010114781066728213
1699,-0.3037620111335673,0.1840047611947234,0.2435810269612917,238,4,16,15,1,2.9082894636012062e-05
1700,-0.1510123036556394,0.0943523133946271,0.0022369747779544,238,7,7,0,75,0.003922112144946418
1701,0.0104598801545934,0.1382939549109884,0.1448803873100028,238,10,11,9,6,0.00043913256019940705
1702,-0.2372442647945253,0.1106221411059996,0.0853756946734147,238,5,9,5,9,0.0008369087035700342
1703,-0.0763393965181009,0.0650819592673349,0.0090234606330308,238,8,4,0,68,0.003645851648012564
1704,-0.0649221714002056,0.0807269251413369,0.0046448213301156,238,8,6,0,87,0.004426521123504939
1705,0.0285430627947381,0.0957524020687143,0.0709288860469562,238,10,7,4,19,0.0012049551147970568
1706,-0.1142786228415416,0.0922349094247211,0.0028999541196545,238,7,7,0,75,0.003922112144946418
1707,-0.017267666560295,0.0682921645427546,0.0005069653139946,238,9,4,0,110,0.004292388740450521
1708,-0.2643335815338793,0.1454073479593486,0.1352890279443852,238,4,12,8,3,0.00021933131485830134
1709,-0.2887990639293691,0.1152491115849457,0.0026103167636081,238,4,9,0,63,0.0032442879918447966
1710,0.3641811154841682,0.032066478016141,0.0042136265793665,238,17,1,0,23,0.0007836667221217257
1711,0.2927702726660284,0.0681213448267199,0.070299466127101,238,15,4,4,9,0.0006083114687464467
1712,0.0140056022408963,0.0550032414977193,0.0052216962982579,238,10,3,0,83,0.003204714279147116
1713,-0.2646172393007835,0.0788655569607757,0.0194597609431616,238,4,5,1,4,0.0014157672804883776
1714,-0.2626316349324539,0.1096269090900133,0.0015185328420633,238,4,8,0,91,0.004483419991872029
1715,-0.0051412970251391,0.0970709240801838,0.013778880597567,238,9,7,0,7,0.0018091093679902578
1716,-0.2087366592206502,0.1430753011524813,0.1783798498369108,238,5,12,11,3,0.00012799531581020006
1717,0.1139240506329113,0.0552364953182324,0.0015813092229255,238,12,3,0,112,0.0033545247846789965
1718,-0.2268198418607949,0.0988869271564811,0.0016836886707682,238,5,7,0,118,0.004976576343704583
1719,-0.1926390809488352,0.1158008504054073,0.0762530377595987,238,6,9,4,19,0.0010847483299686014
1720,-0.4339609261426088,0.1129732428555902,0.006722628148776,238,1,9,0,77,0.0026736108853416024
1721,-0.1557635712512853,0.1134580851136086,0.0677510850287234,238,6,9,4,19,0.0010847483299686014
1722,-0.2835513952416409,0.1100387396013848,0.0193828789845908,238,4,9,1,33,0.00306687553510888
1723,-0.2952522781264404,0.1255871766530207,0.0344315776427706,238,4,10,2,20,0.0013956950402149748
1724,-0.2086657447789242,0.0901909853853114,0.0411897067856245,238,5,6,2,14,0.0018513353508829
1725,-0.1572527745275325,0.0920014378768014,0.0020753849514713,238,6,7,0,96,0.004713885748433999
1726,-0.4308406907066623,0.1289369050260537,0.0328308473304512,238,1,10,2,6,0.001091508300587039
1727,0.1748395560755948,0.0559953692954561,0.0201158087414014,238,13,3,1,35,0.0025669641651229784
1728,-0.2073183703861291,0.097107242527552,0.0014772322351989,238,5,7,0,118,0.004976576343704583
1729,-0.2897209516718079,0.1140127132980954,0.0029679428139994,238,4,9,0,63,0.0032442879918447966
1730,-0.4109846470233663,0.1247077742173945,0.0010758548074671,238,1,10,0,58,0.0024176974686684533
1731,0.2287345317873984,0.0740933533874095,0.0602735567483804,238,14,5,3,12,0.0009060017775838139
1732,-0.2328475694075098,0.1031699128918627,0.0136621063940218,238,5,8,0,70,0.004087396103385501
1733,-0.0045030670496046,0.1097436942129231,0.0794102037014953,238,9,8,5,17,0.0009574163963989238
1734,0.1648406197922206,0.0799943674633726,0.0444373138502016,238,13,5,2,14,0.0013821423406262744
1735,-0.429209658546963,0.1454889129147807,0.0440044876412912,238,1,12,2,5,0.000499757758089458
1736,-0.2471722866361734,0.1228348891453082,0.0527003425676883,238,5,10,3,8,0.0008795548019534462
1737,-0.2734106300748147,0.1459035924820516,0.1443272802151605,238,4,12,9,3,0.00018154774397486067
1738,-0.0618019359642591,0.0725184547810808,0.0027084057495557,238,8,5,0,118,0.004884276702473828
1739,0.1536361379995035,0.0551857326406071,0.0085049594100359,238,13,3,0,68,0.0026935169555837167
1740,0.0414494911888806,0.0589195822329477,0.0156831540973013,238,10,3,1,16,0.0025561943286749496
1741,-0.3998510796723752,0.1080915671366382,0.001813790783252,238,2,8,0,89,0.003550440087193625
1742,-0.155479913484381,0.1063490128895745,0.0711031349777491,238,6,8,4,11,0.0012040164928400956
1743,-0.0409530900967982,0.1016279072314206,0.0760330461160316,238,9,8,4,5,0.0009648211838554239
1744,0.0009573449633017,0.0868960182601088,0.0173909969395321,238,10,6,1,19,0.0024793188556417934
1745,-0.0404566890047158,0.0707984516978391,0.0051579757589325,238,9,4,0,110,0.004292388740450521
1746,-0.2558238485267524,0.0940058117319282,0.0071478402030551,238,4,7,0,120,0.004630464276693427
1747,0.0693897812289472,0.0897597924693975,0.0339027944093111,238,11,6,2,17,0.001619547454591884
1748,-0.2666028436691132,0.1160833001100763,0.0405271553872739,238,4,9,2,13,0.001982695041022654
1749,0.2770981810445697,0.1021247491181635,0.1240140252806659,238,15,8,8,6,0.00030640106925529603
1750,0.0640711980994929,0.0520022933792768,0.0055098693771769,238,11,3,0,87,0.0035031944625956886
1751,0.0942098358330674,0.1191400372160541,0.1081959538544155,238,11,9,7,12,0.0006903861115693627
1752,-0.2853242562847923,0.1055431787917978,0.0190744542510692,238,4,8,1,31,0.003922345351422437
1753,0.0581852994362301,0.0634450780725364,0.0140249724359022,238,11,4,0,96,0.0038563263286608743
1754,-0.2617097471900152,0.1206496966206897,0.1113426507940957,238,4,10,7,8,0.0003930764567582636
1755,0.1777470481863631,0.0432726689099313,0.0041906982456173,238,13,2,0,51,0.002201728852969309
1756,0.1842711768251604,0.0939740823748582,0.0919152220486669,238,13,7,6,10,0.0006279537371180559
1757,0.1083218097365528,0.0725122973722531,0.0350876063679553,238,12,5,2,36,0.001907366235161121
1758,0.2090203169875544,0.0598976730802708,0.0405833336483071,238,14,3,2,20,0.001345194623171677
1759,-0.1588128922455057,0.1295250203574661,0.1237163523300111,238,6,11,8,4,0.0004502365003173257
1760,-0.1623586143318086,0.0916842234392572,0.0200081143180629,238,6,7,1,34,0.0042053397344584634
1761,-0.0113108534553061,0.0807198403813961,0.0264411656082969,238,9,6,1,35,0.003457223377569426
1762,-0.4253802786937559,0.1118857427854156,0.0139404581858325,238,1,9,0,77,0.0026736108853416024
1763,0.1439208594830336,0.0758325485676277,0.0353123762154877,238,12,5,2,36,0.001907366235161121
1764,-0.0415913200723327,0.0905231049690277,0.0261389170803915,238,9,7,1,14,0.0019806186229034644
1765,-0.0746374499166755,0.0781598715552874,0.0014993272307738,238,8,5,0,118,0.004884276702473828
1766,-0.3551040669432329,0.1171524323571356,0.0046930317055199,238,2,9,0,92,0.0036402965216667748
1767,0.0175513243271992,0.0737510675083272,0.0122824411086957,238,10,5,0,75,0.003855261700858351
1768,-0.1741304116583342,0.1158104433180089,0.0701759402117342,238,6,9,4,19,0.0010847483299686014
1769,-0.0081906180193596,0.0700547241056257,0.0186274158774893,238,9,4,1,19,0.003555003348932449
1770,-0.054355919583023,0.0943514388978436,0.0199791459848539,238,8,7,1,25,0.0028794895434652297
1771,0.2859624862603269,0.1445070470443272,0.1833566285001635,238,15,12,12,1,6.225249075737387e-05
1772,-0.3868028223947806,0.1247476362356428,0.0022360299422292,238,2,10,0,64,0.0027862606231091225
1773,-0.1723575506151827,0.1123072272119273,0.0323875870896843,238,6,9,2,9,0.0013930794518370066
1774,0.218310108853668,0.0482543739335283,0.0168767478536551,238,14,2,1,18,0.0017176569679600764
1775,0.4130411658334219,0.0613236094524727,0.0644613224803578,238,18,4,4,3,0.00022449874374187798
1776,0.3131227174414069,0.0774512432933055,0.0911742217131784,238,16,5,5,7,0.0003730388774386522
1777,0.0084033613445378,0.1587596412558854,0.1861134206560889,238,10,14,12,1,0.0001703899348112176
1778,-0.3351061943764847,0.101489497061977,0.0051291795080961,238,3,8,0,100,0.004333383064151017
1779,-0.4123320214161613,0.1415293972983557,0.0212313173628887,238,1,12,1,7,0.0007803333456211111
1780,-0.3689323830798141,0.1474552796371984,0.073377650007822,238,2,12,4,4,0.00024257797291860766
1781,0.1715774917561961,0.1065811659414952,0.1094772256954494,238,13,8,7,4,0.0004742283372229884
1782,0.3899230578307271,0.0970707061976466,0.1259301080589758,238,17,7,8,3,0.00014657644319547534
1783,-0.0977555579193702,0.1005567799238918,0.05219599664674,238,8,8,3,12,0.0012201196394973663
1784,-0.2946849625926319,0.1037685694492136,0.0542943000711681,238,4,8,3,12,0.0012669446365662046
1785,0.3351771088182108,0.0802817007809874,0.0765295350744482,238,16,5,5,7,0.0003730388774386522
1786,0.1608694110555614,0.066002169461373,0.0718413378691433,238,13,4,4,5,0.0006604029964026735
1787,-0.4392795092720631,0.132537399818416,0.0406600528312692,238,1,11,2,11,0.0008562449645723883
1788,0.2302237350636456,0.0450988158452334,0.0034317517147833,238,14,2,0,63,0.001936958343928828
1789,0.0915860014892032,0.0663355827811539,0.0346126684799893,238,11,4,2,22,0.0021938763198335637
1790,0.0154238910754175,0.0646787392838579,0.0241568979095775,238,10,4,1,35,0.00376178763264307
1791,-0.448852958905081,0.1394581432586814,0.0065230142722745,238,1,12,0,17,0.000821500086197717
1792,0.0486118498032124,0.083919062202741,0.0559613481400954,238,11,6,3,17,0.0015177436956017969
1793,-0.0974009857107399,0.0704392773470672,0.0088331745202852,238,8,4,0,68,0.003645851648012564
1794,0.0157784632840477,0.0812306269459855,0.0016000456258604,238,10,6,0,9,0.002287597437481778
1795,-0.2895791227883558,0.1045505415886671,0.0363311815313112,238,4,8,2,18,0.0022378626382709432
1796,-0.2755380633265964,0.1135451081273017,0.0053039356220594,238,4,9,0,63,0.0032442879918447966
1797,-0.2817785341984894,0.126923219866117,0.1294175984510221,238,4,10,8,1,0.0002278849947553863
1798,-0.0858419317093926,0.1380708212379186,0.1315640242858788,238,8,11,8,16,0.0005696293568104668
1799,0.1804417969719533,0.082376189565282,0.0618836662544029,238,13,6,4,14,0.0008774977138896638
1800,-0.064213026982945,0.089086300056501,0.031957651656095,238,8,6,2,25,0.0025738901815202356
1801,-0.3592880190050703,0.150779632901894,0.14833718154946,238,2,13,9,2,4.293713960705619e-05
1802,0.0713753855972768,0.0647607507784934,0.0239285037388266,238,11,4,1,35,0.00355858256828443
1803,-0.0423004644895933,0.0761432793118326,0.0050765804862439,238,9,5,0,128,0.00475484797010613
1804,-0.2561075062936567,0.1456689617359263,0.1534381771663444,238,4,12,10,2,0.00013213791251533302
1805,-0.2917065560401375,0.1260908916016719,0.1146431407745366,238,4,10,7,8,0.0003930764567582636
1806,-0.0669077757685352,0.1596293142411462,0.200271034928539,238,8,14,13,3,0.00016288064194311521
1807,-0.1556926568095592,0.0690787034271121,0.0057117592107638,238,6,4,0,25,0.0019497198210807415
1808,-0.1707974328972095,0.0931706247108413,0.0451978339536581,238,6,7,2,22,0.002576945851115547
1809,0.2568875651526432,0.0515643512551703,0.0184482829396562,238,15,3,1,9,0.0012431228036498937
1810,-0.3095060809133779,0.1289921092982261,0.058237796158265,238,3,10,3,10,0.0010090003136682217
1811,0.1308726022054391,0.0588103172841855,0.0084610412368148,238,12,3,0,112,0.0033545247846789965
1812,-0.241711874623267,0.1142396435137686,0.030162267209183,238,5,9,1,21,0.0025129596142606752
1813,-0.0309541538134241,0.1398037605802341,0.1261570772383359,238,9,12,8,1,0.0002693111051491404
1814,-0.2496542920965854,0.1027026038121407,0.0025882267492733,238,5,8,0,70,0.004087396103385501
1815,0.369996099705705,0.0668153633635404,0.0616534610540219,238,17,4,4,12,0.0004113184296377977
1816,-0.3876537956954933,0.1300437028534203,0.0018987831723549,238,2,11,0,22,0.0015995178499110165
1817,0.207247455944403,0.0406046147948971,0.0058071334556194,238,14,1,0,22,0.0012417306714709786
1818,0.1361202708931674,0.0948495905292945,0.0811722422100292,238,12,7,5,15,0.0009148081068238731
1819,-0.1204481792717086,0.1602743494454146,0.1761136217008782,238,7,14,11,1,0.00013498345815773604
1820,-0.1729248661489912,0.1204124730085547,0.0547766805040647,238,6,10,3,7,0.0006941012892413952
1821,-0.1588128922455057,0.0799240939776229,0.0018516786126183,238,6,5,0,87,0.0037737578394178533
1822,-0.2452575967095698,0.1369903805119825,0.1428145836466806,238,5,11,9,2,0.00025321217627473667
1823,-0.1169733716271318,0.0913315017386399,0.0497921785648069,238,7,7,3,28,0.0017006627136119561
1824,0.0067014147431124,0.0959545079051887,0.0262673358752798,238,10,7,1,4,0.0011703041431329801
1825,-0.2624898060490018,0.0789739219421457,0.0040647724061591,238,4,5,0,26,0.0018323270165334974
1826,-0.3951707265184553,0.1243371691596837,0.0057519744465717,238,2,10,0,64,0.0027862606231091225
1827,-0.1374676452859624,0.1254966608760541,0.1052862114020658,238,7,10,6,11,0.0007346749988251823
1828,0.0635038825656844,0.0721056630723243,0.0081019360579612,238,11,5,0,31,0.0026768986373174324
1829,0.0105307945963195,0.1319314088708855,0.1474832671109938,238,10,11,9,6,0.00043913256019940705
1830,-0.0509520263801723,0.0860330331118645,0.015193626696895,238,9,6,0,67,0.003528788865454604
1831,0.0108144523632237,0.0796834841876737,0.0028993611859228,238,10,5,0,75,0.003855261700858351
1832,-0.0625819948232457,0.0876586969337967,0.0103151207832581,238,8,6,0,87,0.004426521123504939
1833,0.30964790979683,0.0512019385557713,0.028008300130015,238,16,2,1,18,0.0010750831663844517
1834,0.1227174414069425,0.0590839828154777,0.01544914631662,238,12,3,0,112,0.0033545247846789965
1835,0.3091515087047476,0.1033001189863745,0.1169999287639983,238,16,8,7,2,0.00019906967176696474
1836,0.0537886040492146,0.0606971686301833,0.0045384327094674,238,11,3,0,87,0.0035031944625956886
1837,0.1471829238024323,0.0657041005825916,0.034109660401341,238,12,4,2,30,0.0021432616240922957
1838,0.299719887955182,0.0616060987887346,0.0496222888377093,238,16,4,3,14,0.0006512937333475906
1839,0.1079672375279225,0.0915424697036563,0.1026688561990625,238,12,7,6,11,0.0007591427528610176
1840,0.1752650427259511,0.0706493976574237,0.0278672150106501,238,13,4,1,27,0.002211503016508247
1841,0.0848491295252278,0.0581028802355043,0.0015872408114976,238,11,3,0,87,0.0035031944625956886
1842,-0.3301421834556606,0.1297206462116625,0.0743216562690453,238,3,11,4,3,0.00045073400042957055
1843,0.3095060809133779,0.0406338328422651,0.0030950320972541,238,16,1,0,44,0.0011029673443555539
1844,-0.2188065099457504,0.0982455442206255,0.0364237252168982,238,5,7,2,24,0.0024001793753435753
1845,-0.2326348260823316,0.0862659810463808,0.0225030830843969,238,5,6,1,26,0.0036553501392859243
1846,0.0303159238378895,0.0668466143862095,0.0190786720243538,238,10,4,1,35,0.00376178763264307
1847,0.3104279686558167,0.0476918977376492,0.0386541223252499,238,16,2,2,9,0.0007651371141647444
1848,-0.1785271070453497,0.1113044225623175,0.0261596493592629,238,6,9,1,16,0.0018103153645663555
1849,-0.2763890366273091,0.099684849014732,0.0048055884098857,238,4,7,0,120,0.004630464276693427
1850,-0.0644257703081232,0.0956615670248148,0.0056025623405045,238,8,7,0,32,0.002863781975607201
1851,-0.1042087721164414,0.1104938605075558,0.1258456726148289,238,7,9,8,1,0.0003929060669940522
1852,-0.2374570081197035,0.1001046026103835,0.0034165742152385,238,5,8,0,70,0.004087396103385501
1853,-0.1429280572988689,0.0707446335711095,0.0043657074509055,238,7,4,0,53,0.0027892752163863077
1854,0.1559763145764634,0.0590920925010596,0.0296495767667943,238,13,3,1,35,0.0025669641651229784
1855,-0.4496330177640675,0.1297935050163143,0.0334102140988379,238,1,11,2,11,0.0008562449645723883
1856,0.1494521859376661,0.08441994983236,0.0622743888879758,238,13,6,4,14,0.0008774977138896638
1857,-0.1620040421231783,0.111975236787864,0.0315550055904512,238,6,9,2,9,0.0013930794518370066
1858,-0.2749707477927879,0.1158011231970584,0.015757039629178,238,4,9,1,33,0.00306687553510888
1859,-0.0767648831684572,0.1416184093552953,0.1658994906316635,238,8,12,10,6,0.00034424055238717175
1860,-0.3558132113604935,0.1118682609665223,0.0680713617270494,238,2,9,4,4,0.00046161949546625047
1861,-0.4018366840407048,0.1132609454035654,0.0044379877375424,238,2,9,0,92,0.0036402965216667748
1862,0.0649221714002056,0.0728651643402633,0.0089149032228385,238,11,5,0,31,0.0026768986373174324
1863,-0.4202035244477537,0.1118830073636113,0.0018685165322041,238,1,9,0,77,0.0026736108853416024
1864,-0.3197886749636563,0.0939571221142814,0.0046902491076833,238,3,7,0,83,0.0037735571101525844
1865,0.1522178491649824,0.0593851602688099,0.0245906813434445,238,13,3,1,35,0.0025669641651229784
1866,-0.0793887175123213,0.0837583324628336,0.0071294914588712,238,8,6,0,87,0.004426521123504939
1867,0.0692479523454951,0.0572391067301186,0.0111977905752723,238,11,3,0,87,0.0035031944625956886
1868,0.2697939935467858,0.0664734777401837,0.0474192317653471,238,15,4,3,9,0.000828693471620224
1869,-0.1456937205261851,0.096448455309784,0.0032684779390502,238,7,7,0,75,0.003922112144946418
1870,-0.1269013934687799,0.08541880759806,0.041357919085629,238,7,6,2,17,0.002531552152626628
1871,0.059319930503847,0.0834591639539414,0.048996486986204,238,11,6,3,17,0.0015177436956017969
1872,0.37871857603801,0.1006283244252924,0.1354165668733485,238,17,8,8,1,0.00013609785116219607
1873,0.0087579335531681,0.08591285492969,0.0207023885889762,238,10,6,1,19,0.0024793188556417934
1874,0.0244300251746268,0.0624182343660234,0.0288564477188937,238,10,4,1,35,0.00376178763264307
1875,0.0442860688579229,0.1067368843963411,0.0753714466503228,238,10,8,4,1,0.0008083370331869559
1876,-0.3375881998368967,0.131327554028503,0.0131715229617799,238,3,11,0,4,0.0010824182286269099
1877,-0.3972981597702371,0.1201714763697286,0.0203084391803833,238,2,10,1,26,0.002507580560992337
1878,0.097471900152466,0.0619824266643303,0.0078914064225297,238,11,4,0,96,0.0038563263286608743
1879,-0.3695706130553486,0.128085700367892,0.0500785057925814,238,2,10,3,13,0.0008397115748875404
1880,-0.042016806722689,0.1671454287375089,0.1973066079813712,238,9,14,12,6,0.00019283186778847947
1881,0.1333546076658511,0.1381671644683693,0.154233529478136,238,12,11,10,5,0.0002877203771255406
1882,-0.1753359571676771,0.1048931153694152,0.0034926586506412,238,6,8,0,57,0.003300602884874217
1883,-0.1070453497854838,0.0859894257898991,0.0031391472357342,238,7,6,0,105,0.004915439800339099
1884,-0.2683047902705385,0.1089244899436568,0.0233225268726296,238,4,8,1,31,0.003922345351422437
1885,0.0304577527213416,0.0685410532640049,0.0593367122767094,238,10,4,3,5,0.000986229892151786
1886,-0.2649718115094138,0.1142794136635396,0.0028383887191836,238,4,9,0,63,0.0032442879918447966
1887,0.2573839662447257,0.0513465733257093,0.0317098608222009,238,15,3,2,24,0.0010910017256819872
1888,-0.1732794383576215,0.0939579736698543,0.0083250027354123,238,6,7,0,96,0.004713885748433999
1889,0.2457539978016522,0.0516318413572781,0.0155776718491575,238,14,3,1,20,0.0018794301899020256
1890,-0.3808460092897918,0.1121072965936747,0.0245338240156335,238,2,9,1,29,0.003099733513643377
1891,-0.4347409850015955,0.1339199183928342,0.0370374508481372,238,1,11,2,11,0.0008562449645723883
1892,-0.1607275821721093,0.1077254252662312,0.050775287237348,238,6,8,3,17,0.0015567601468503074
1893,-0.350281884905861,0.1053831068887037,0.0119669851236061,238,3,8,0,100,0.004333383064151017
1894,-0.3109243697478991,0.120455055983174,0.0061996942462038,238,3,10,0,24,0.002332232535430932
1895,-0.2484487465872424,0.1022181679004687,0.0550023035147649,238,5,8,3,9,0.0014604412928409406
1896,-0.3856681913271637,0.12829210255838,0.020735874551686,238,2,10,1,26,0.002507580560992337
1897,-0.1324327199234123,0.0821643605842378,0.0008787805212055,238,7,6,0,105,0.004915439800339099
1898,-0.0018083182640144,0.0971800547695964,0.0704739149335226,238,10,7,4,19,0.0012049551147970568
1899,-0.0384710846363861,0.1508818589687669,0.1533397872173432,238,9,13,10,1,0.00023322737840477536
1900,-0.0857710172676665,0.0821956269953568,0.0047140051845354,238,8,6,0,87,0.004426521123504939
1901,0.2488742332375988,0.0397430937934902,0.0091954918191159,238,15,1,0,37,0.0012568719412054995
1902,-0.0557032939758181,0.0763013825578849,0.0018006349070569,238,8,5,0,118,0.004884276702473828
1903,-0.3126263163493245,0.1299297893128065,0.0462290706786562,238,3,11,3,3,0.0006892232622775463
1904,-0.141864340672978,0.1118532106231392,0.0461865761629692,238,7,9,3,6,0.0009745173799832708
1905,-0.1054143176257844,0.1170806984276661,0.1108110786604612,238,7,9,7,11,0.0006895840231845074
1906,-0.1509413892139134,0.0787743452713186,0.0030520425558226,238,7,5,0,86,0.004462857898018962
1907,-0.146828351593802,0.0911660475467511,0.0164919653140429,238,7,7,1,42,0.0036960149974717034
1908,0.0401730312378115,0.1266072504374493,0.1327896359706895,238,10,10,8,9,0.0005935909151224599
1909,-0.1440626883664858,0.0857837948443593,0.0135719008859534,238,7,6,0,105,0.004915439800339099
1910,-0.1610821543807396,0.0792654502108088,0.0358229407723083,238,6,5,2,9,0.0014731747408398195
1911,-0.4274367975038116,0.122881340136847,0.020946927998992,238,1,10,1,22,0.002079606064659946
1912,-0.0879693649611743,0.0888452270767143,0.0505848765285417,238,8,6,3,16,0.001552115822956393
1913,-0.2043399638336347,0.1606995545803432,0.1867132715002675,238,5,14,12,4,0.00013714669234294333
1914,0.4229691876750699,0.0298758426231281,0.0064384866963421,238,18,0,0,15,0.0003567083730917672
1915,0.2311456228060844,0.0588238941345875,0.0229524302792682,238,14,3,1,20,0.0018794301899020256
1916,-0.4132539091586001,0.1085377327529254,0.0057068690641306,238,1,8,0,39,0.0022015621544169703
1917,0.4085735560046803,0.1284714320103543,0.1836782939561794,238,18,10,12,1,2.7727220019351097e-05
1918,0.2956777647767967,0.0371338027694419,0.0089252521072531,238,15,1,0,37,0.0012568719412054995
1919,0.1166897138602276,0.0590372425322467,0.0028966090576599,238,12,3,0,112,0.0033545247846789965
1920,0.326809204694536,0.0673257597681547,0.071824128608422,238,16,4,4,11,0.0005407258308459368
1921,0.2578803673368081,0.0324832496922753,0.0090010949099891,238,15,1,0,37,0.0012568719412054995
1922,-0.313264546324859,0.1010489218369548,0.0349042200322857,238,3,8,2,16,0.0019253882281921957
1923,-0.1326454632485905,0.0804638315128407,0.0081969516782955,238,7,5,0,86,0.004462857898018962
1924,-0.134418324291742,0.067772033362097,0.0069850834341707,238,7,4,0,53,0.0027892752163863077
1925,-0.1359784420097152,0.0881956536053319,0.0201272773340669,238,7,6,1,35,0.004354591136495643
1926,-0.0215225330638584,0.0930932931158914,0.0286093761450641,238,9,7,1,14,0.0019806186229034644
1927,-0.0874729638690919,0.0949848465251303,0.0071056932563985,238,8,7,0,32,0.002863781975607201
1928,-0.1790235081374321,0.1109324956107417,0.0769718520481128,238,6,9,5,14,0.0009713154263924001
1929,0.1495940148211182,0.0752629788312132,0.0423397937865846,238,13,5,2,14,0.0013821423406262744
1930,-0.1613658121476438,0.1028786647354539,0.0023167879299679,238,6,8,0,57,0.003300602884874217
1931,0.1557635712512853,0.0531040547331977,0.0175004909221734,238,13,3,1,35,0.0025669641651229784
1932,-0.1249867035421763,0.114443823106892,0.1076645235949236,238,7,9,7,11,0.0006895840231845074
1933,-0.1354820409176328,0.0607727837306417,0.0059435229472936,238,7,3,0,2,0.0011034299686411588
1934,-0.1634932453994255,0.0895496598673538,0.0006958275928134,238,6,6,0,123,0.0049806266057812725
1935,0.1855476367762294,0.0483399227887237,0.0106780478417918,238,13,2,0,51,0.002201728852969309
1936,0.0327979292983015,0.0727928640775608,0.0052970189901438,238,10,5,0,75,0.003855261700858351
1937,0.0809488352302946,0.0920305719546529,0.0555074239696106,238,11,7,3,7,0.0009922257724966847
1938,-0.1125057617983902,0.0872349868418537,0.0255291453748228,238,7,6,1,35,0.004354591136495643
1939,-0.0655604013757401,0.0874177848480148,0.0131341449587889,238,8,6,0,87,0.004426521123504939
1940,-0.1367585008687019,0.1068862491598515,0.0778141856912543,238,7,8,5,11,0.000992393730641657
1941,-0.1038541999078112,0.0955219130001723,0.0390120718464242,238,7,7,2,26,0.002471827272074585
1942,-0.2711413679395809,0.1271773371845435,0.0041388513194621,238,4,10,0,10,0.0017092288079863843
1943,-0.1349856398255504,0.1097067779995886,0.0357259077900096,238,7,8,2,12,0.0017732637311286177
1944,-0.0674750913023437,0.0987343812103119,0.049183904217295,238,8,7,3,12,0.001600014694282029
1945,0.0781831720029783,0.0656895305716727,0.001644419285347,238,11,4,0,96,0.0038563263286608743
1946,-0.1612948977059178,0.1114031862800547,0.0765664074272029,238,6,9,5,14,0.0009713154263924001
1947,-0.0965500124100273,0.0827544758635578,0.0516505253145987,238,8,6,3,16,0.001552115822956393
1948,-0.0305995816047938,0.0643485157595989,0.0037159191572932,238,9,4,0,110,0.004292388740450521
1949,-0.0388256568450164,0.0823321895969078,0.0037845947110081,238,9,6,0,67,0.003528788865454604
1950,-0.2612133460979328,0.1118584801027155,0.016147069375555,238,4,9,1,33,0.00306687553510888
1951,0.1900861610466971,0.0450503745826908,0.0068803904506146,238,13,2,0,51,0.002201728852969309
1952,-0.1946955997588908,0.1015001524953749,0.0241070800855055,238,6,8,1,25,0.003122502696240139
1953,-0.1254121901925327,0.129097695120245,0.1355572250769825,238,7,10,8,8,0.0005563586716044574
1954,0.1142786228415416,0.0745088430898799,0.0187377366273669,238,12,5,1,16,0.0020170201009321654
1955,-0.016133035492678,0.0786577432843051,0.0316703871341032,238,9,5,2,19,0.0025021876125847424
1956,-0.0080487891359075,0.068019152554866,0.0278441759349571,238,9,4,1,19,0.003555003348932449
1957,0.0664822891181789,0.0634707154776162,0.009420908349441,238,11,4,0,96,0.0038563263286608743
1958,-0.2166081622522426,0.083365908785888,0.0164374998865859,238,5,6,1,26,0.0036553501392859243
1959,-0.1556217423678332,0.0899864427295369,0.0022949925466663,238,6,6,0,123,0.0049806266057812725
1960,-0.377442116086941,0.1138529547184574,0.069413395960022,238,2,9,4,4,0.00046161949546625047
1961,0.3707052441229655,0.0263122043735046,0.0072904557606723,238,17,0,0,15,0.0005505446427089447
1962,-0.3139027763003935,0.1349646949670498,0.1262852144661381,238,3,11,8,1,0.0001517928817501702
1963,-0.2646881537425096,0.1377197068311805,0.1201447758021968,238,4,11,7,9,0.0003667086798703979
1964,0.098677445661809,0.0646313010924205,0.037607635777151,238,12,4,2,30,0.0021432616240922957
1965,-0.0649930858419317,0.0887731592866933,0.0011977327379522,238,8,6,0,87,0.004426521123504939
1966,-0.0677587490692479,0.0805611519796862,0.0123989208649666,238,8,5,0,118,0.004884276702473828
1967,0.0003191149877672,0.0749605423729002,0.0022300318955759,238,10,5,0,75,0.003855261700858351
1968,0.0437896677658405,0.173821490253625,0.2243965015336968,238,10,15,14,3,0.0001412171724880506
1969,0.050597454171542,0.0975811496572874,0.0939666491006906,238,11,7,6,5,0.0007659267281337979
1970,0.0837144984576108,0.0854507541170591,0.0426966890622137,238,11,6,2,17,0.001619547454591884
1971,0.0069850725100166,0.0813847660722254,0.0435279830331858,238,10,6,2,24,0.0021178534085580414
1972,-0.1424316562067865,0.1143802589316582,0.0093845274014862,238,7,9,0,7,0.0010282395805998098
1973,-0.238095238095238,0.0790697553573057,0.0165028288123739,238,5,5,1,12,0.0022323785997296892
1974,-0.3030528667163067,0.0984843174535373,0.0121286009344335,238,4,7,0,120,0.004630464276693427
1975,-0.3436159273836116,0.1060329505593853,0.001732950689227,238,3,8,0,100,0.004333383064151017
1976,0.3653157465517852,0.0642101319668849,0.0707557659227314,238,17,4,4,12,0.0004113184296377977
1977,0.1451264049923766,0.089526565291654,0.079155345370841,238,12,6,5,19,0.0008781639312160993
1978,0.0690352090203169,0.0672876569153846,0.0421295112549993,238,11,4,2,22,0.0021938763198335637
1979,-0.4175796901038896,0.091979665645063,0.0062048661741566,238,1,7,0,16,0.001358025859596965
1980,-0.3754565117186114,0.1115072439655136,0.032639336141694,238,2,9,2,15,0.001644406735155633
1981,0.1679608552281672,0.0804459059485544,0.0842946410022786,238,13,5,5,4,0.0005779107769504253
1982,-0.2375279225614295,0.0901469437991629,0.0060383842006078,238,5,6,0,104,0.004457874728275953
1983,-0.3581533879374534,0.1259351276574648,0.0121764764250112,238,2,10,0,64,0.0027862606231091225
1984,0.230649221714002,0.123017997080529,0.1486121673788245,238,14,10,9,3,0.00020296659593416232
1985,0.1555508279261071,0.0831198739694039,0.0405824971731733,238,13,6,2,3,0.0007031158304458939
1986,-0.152997908023969,0.0784244916082873,0.0027191678798602,238,7,5,0,86,0.004462857898018962
1987,0.0812324929971988,0.1444756215378692,0.1604675751912962,238,11,12,10,7,0.00033215604869236173
1988,-0.0391093146119207,0.0941802993037871,0.0842075805261069,238,9,7,5,11,0.0008999656682911266
1989,-0.1805127114136793,0.0702908004339222,0.0056260207136222,238,6,4,0,25,0.0019497198210807415
1990,0.1654788497677551,0.0601047488508706,0.0142649192773228,238,13,3,0,68,0.0026935169555837167
1991,-0.1261922490515193,0.1019625054100878,0.0104323735457751,238,7,8,0,22,0.0023093496379671427
1992,0.0342871325745488,0.1163251682385941,0.1354106377402831,238,10,9,8,5,0.000530062973072162
1993,-0.091302343722299,0.1781348484817858,0.2295658661024547,238,8,16,15,2,7.787942197325448e-05
1994,-0.0935716058575328,0.0913985268522852,0.0027916050863634,238,8,7,0,32,0.002863781975607201
1995,-0.2988689146544693,0.1134071954781904,0.0018171636858114,238,4,9,0,63,0.0032442879918447966
1996,-0.3147537496011062,0.0973618829878724,0.012965625843873,238,3,7,0,83,0.0037735571101525844
1997,-0.4633195050171967,0.1218997728269522,0.0207683695731983,238,0,10,1,8,0.0010919391645934223
1998,-0.3992837641385667,0.1251778125114491,0.0097856632605552,238,2,10,0,64,0.0027862606231091225
1999,-0.2816367053150374,0.1057006691015542,0.0023205930306275,238,4,8,0,91,0.004483419991872029
2000,0.1240648157997376,0.0642847936330049,0.0094672002304977,238,12,4,0,46,0.003005418736203267
2001,-0.0396766301457291,0.0811258641788392,0.0116207120551966,238,9,6,0,67,0.003528788865454604
2002,-0.0250682551501613,0.0840000253206105,0.0454798737601411,238,9,6,2,24,0.002447719255977075
2003,-0.3875828812537673,0.1324350978664968,0.0195579104371139,238,2,11,1,10,0.0015299054669604833
2004,0.1422898273233344,0.0646775812661578,0.0579211499785919,238,12,4,3,6,0.0012563024102635314
2005,-0.1050597454171541,0.1043817192569088,0.0354097071712078,238,7,8,2,12,0.0017732637311286177
2006,0.260291458355494,0.0404535642470543,0.0015135269859691,238,15,1,0,37,0.0012568719412054995
2007,-0.2136297556997482,0.1021407071645603,0.0103150478245476,238,5,8,0,70,0.004087396103385501
2008,-0.1361911853348934,0.0915176013560854,0.0057496586184773,238,7,7,0,75,0.003922112144946418
2009,-0.2880899195121086,0.1099657388783668,0.0511894738467628,238,4,9,3,9,0.0012847209871673672
2010,0.2133460979328439,0.0496184859508372,0.0023620298453686,238,14,2,0,63,0.001936958343928828
2011,-0.0557742084175442,0.1533576635094553,0.1734550940534774,238,8,13,11,6,0.0002451231979308423
2012,0.2237705208665744,0.0942875434397794,0.0980362627057395,238,14,7,6,3,0.0004573101990206537
2013,-0.2753962344431443,0.1036929919561185,0.0683110312467519,238,4,8,4,4,0.0008054323341375452
2014,0.0528667163067758,0.112854188977136,0.118988271706035,238,11,9,7,12,0.0006903861115693627
2015,-0.157891004503067,0.0798277159858903,0.0125594849689612,238,6,5,0,87,0.0037737578394178533
2016,-0.3733290784668297,0.1236076763673529,0.0081847662238532,238,2,10,0,64,0.0027862606231091225
2017,-0.3641102010424422,0.0981420669315666,0.001655886520252,238,2,7,0,52,0.002597604187038845
2018,-0.3938233521256603,0.1072057531932813,0.024668546393806,238,2,8,1,13,0.002881514397028944
2019,-0.0574761550189696,0.0785915407475266,0.0084933824296234,238,8,5,0,118,0.004884276702473828
2020,0.2799347587136119,0.0614675975334118,0.0393990739040859,238,15,4,2,9,0.0008663990284854951
2021,-0.123426585824203,0.148005881208478,0.1544004701230147,238,7,12,10,4,0.000298775384959031
2022,0.0820834662979115,0.0542639397223822,0.0102431262100249,238,11,3,0,87,0.0035031944625956886
2023,-0.3753146828351593,0.1197164371516496,0.0202643980856147,238,2,10,1,26,0.002507580560992337
2024,-0.1065489486934014,0.0924120100027834,0.0079303326513929,238,7,7,0,75,0.003922112144946418
2025,-0.1586001489203276,0.0904432594004598,0.0343859195768258,238,6,7,2,22,0.002576945851115547
2026,-0.0594617593872992,0.0848974160399514,0.0122026263058422,238,8,6,0,87,0.004426521123504939
2027,-0.0301031805127114,0.0904478529000451,0.0546558353914943,238,9,7,3,16,0.0014739189266975681
2028,-0.4536751409424528,0.1222455857031656,0.0106648783183385,238,1,10,0,58,0.0024176974686684533
2029,-0.0713753855972768,0.0775357491145736,0.0019067831557174,238,8,5,0,118,0.004884276702473828
2030,-0.3436868418253376,0.1120034722188814,0.0281219950227129,238,3,9,1,37,0.003326167945494541
2031,-0.1203063503882565,0.1088207650214193,0.0926720641029098,238,7,8,6,10,0.0007297963821060697
2032,-0.1827819735489132,0.0948868569694623,0.0197760269881572,238,6,7,1,34,0.0042053397344584634
2033,-0.3230507392830549,0.1132193653548396,0.0315440221919373,238,3,9,2,13,0.0019644862268845802
2034,-0.1470410949189802,0.1037406725361384,0.0954903558913602,238,7,8,6,10,0.0007297963821060697
2035,-0.1516505336311739,0.1249436322665385,0.1147148875268837,238,7,10,7,6,0.0007243267117017542
2036,-0.1689536574123319,0.0759061777605361,0.0151566012340713,238,6,5,0,87,0.0037737578394178533
2037,-0.4701272914228982,0.1287561999614517,0.0111957871127188,238,0,10,0,21,0.001299022135957822
2038,0.0272666028436691,0.1098619873185018,0.1076687297112921,238,10,9,7,11,0.0007372693959234579
2039,0.085203701733858,0.1039188169103453,0.1039281160199155,238,11,8,6,14,0.0008546697678377422
2040,-0.3176612417118745,0.1148189216881332,0.0297762635237838,238,3,9,1,37,0.003326167945494541
2041,0.0949189802503279,0.0982742856488961,0.0638518490363194,238,11,7,4,16,0.0010682896120130846
2042,0.3035492678083891,0.0616063068502227,0.0508982968771942,238,16,4,3,14,0.0006512937333475906
2043,-0.2050491082508952,0.0906212315524166,0.0039688320096319,238,5,7,0,118,0.004976576343704583
2044,-0.0980392156862744,0.0763022473596607,0.0247598995534967,238,8,5,1,45,0.004231983686421704
2045,-0.0246427684998049,0.0559437671058714,0.0072417573913237,238,9,3,0,38,0.002541755274822797
2046,0.2887990639293691,0.0474144773152866,0.012200163460362,238,15,2,0,32,0.001490183960655832
2047,0.017338581002021,0.154621591958928,0.2061481808293251,238,10,13,13,1,0.00014672613216182265
2048,-0.2045527071588128,0.0814005398621654,0.0119820847170923,238,5,6,0,104,0.004457874728275953
2049,0.2063964826436903,0.0776471728511843,0.0631018997831685,238,14,5,4,19,0.0007926131938837975
2050,-0.3991419352551146,0.1085227064765971,0.0028707489723997,238,2,8,0,89,0.003550440087193625
2051,0.33177321561536,0.0490879186977028,0.0410173141198679,238,16,2,2,9,0.0007651371141647444
2052,-0.1650533631173988,0.1005105151134631,0.0342767243307201,238,6,8,2,12,0.0021300057737232703
2053,0.0940680069496152,0.1106088768964224,0.1281017948443822,238,11,9,8,8,0.0005261201831962991
2054,-0.038329255752934,0.1424868518815886,0.1663719410656115,238,9,12,10,6,0.0003667185480643444
2055,0.0036520937488919,0.0815404393039654,0.0069770615506055,238,10,6,0,9,0.002287597437481778
2056,-0.1576782611778888,0.1288697596533312,0.1187951389902719,238,6,10,7,10,0.0006562367513300406
2057,-0.1522887636067084,0.100685367935226,0.0759063390665617,238,7,8,4,14,0.0012485724446440057
2058,0.0128709711732794,0.0764550271703447,0.0017337080885766,238,10,5,0,75,0.003855261700858351
2059,0.1920008509733007,0.060081369875001,0.0194458382924786,238,13,3,1,35,0.0025669641651229784
2060,-0.4140339680175867,0.1249491103595217,0.0553025093821894,238,1,10,3,5,0.0005293482145357204
2061,0.2291600184377548,0.0766109638121283,0.0757774881048276,238,14,5,4,19,0.0007926131938837975
2062,-0.4098500159557493,0.1231486749094366,0.0570265383615625,238,1,10,3,5,0.0005293482145357204
2063,-0.27511257667624,0.1095266177487802,0.0415590371153029,238,4,8,2,18,0.0022378626382709432
2064,-0.419423465588767,0.1278065677921072,0.0023147808537106,238,1,10,0,58,0.0024176974686684533
2065,-0.0486827642449384,0.0833214820779332,0.0178821149881604,238,9,6,1,35,0.003457223377569426
2066,-0.4284295996879764,0.1260529180166252,0.0098248170352468,238,1,10,0,58,0.0024176974686684533
2067,0.2378824947700598,0.0475480636236228,0.0105261476014914,238,14,2,0,63,0.001936958343928828
2068,-0.1564727156685459,0.0827001130585639,0.0163059225709069,238,6,6,1,30,0.004217975956735463
2069,-0.0833599262489806,0.0916143769374006,0.0430014874938266,238,8,7,2,16,0.002126815195695619
2070,-0.1337091798744814,0.0963951768203532,0.0399051961128508,238,7,7,2,26,0.002471827272074585
2071,-0.3758819983689678,0.1404198070749422,0.0614867491437517,238,2,12,4,4,0.00024257797291860766
2072,-0.0188277842782682,0.0790342752753296,0.0502479917746818,238,9,5,3,7,0.0013491537670559449
2073,-0.092578803673368,0.109528406002056,0.0860901563526331,238,8,8,5,12,0.0009924301394853789
2074,0.1433535439492252,0.1514665547503849,0.1737029944386078,238,12,13,11,2,0.0001879880614222402
2075,0.0683969790447824,0.1751780331725212,0.2167465904969039,238,11,15,14,1,0.00011876357087151819
2076,0.044498812183101,0.09576825687295,0.0574699280167941,238,10,7,3,21,0.0013092804382386475
2077,-0.3882211112293018,0.1363811848808785,0.0025439102297379,238,2,11,0,22,0.0015995178499110165
2078,0.1334255221075772,0.0469592807728377,0.0064487995547216,238,12,2,0,34,0.0021758371823757663
2079,-0.0134382867070878,0.1088072767115526,0.0907112652511897,238,9,8,5,17,0.0009574163963989238
2080,0.1055561465092366,0.074888567181616,0.0043370576787225,238,12,5,0,8,0.0016635528145294478
2081,-0.0188986987199943,0.0862113791698849,0.0668331688408127,238,9,6,4,6,0.0010591820298992368
2082,-0.1020104244229337,0.0925120691937264,0.0027686315477156,238,8,7,0,32,0.002863781975607201
2083,0.3269510335779881,0.0895180836447244,0.1138999125724939,238,16,6,7,3,0.00022865210612747278
2084,0.0343580470162748,0.0792181844591603,0.0364206976501018,238,10,5,2,36,0.0025029702124330115
2085,0.072793674431798,0.0884819797906066,0.0666164041015829,238,11,6,4,12,0.001206200991013593
2086,-0.2665319292273871,0.0997042803157951,0.0320225141593702,238,4,7,2,14,0.001988598870210548
2087,0.0593908449455731,0.1180266082114249,0.1226481546168517,238,11,9,8,8,0.0005261201831962991
2088,-0.1286033400702052,0.0818842615122432,0.0041236454514458,238,7,6,0,105,0.004915439800339099
2089,-0.0311668971386022,0.078673720387275,0.0022443022439136,238,9,5,0,128,0.00475484797010613
2090,0.0081906180193596,0.1054213006711094,0.0967124871278344,238,10,8,6,15,0.0008757743252029102
2091,-0.0003191149877672,0.0655530434596518,0.0332829757737021,238,10,4,2,18,0.0020621544372435682
2092,0.4443853490763393,0.0294312013576304,0.0064592157725657,238,18,0,0,15,0.0003567083730917672
2093,-0.1015140233308513,0.1132529966991092,0.1093970366357884,238,8,9,7,7,0.0007091427151292486
2094,-0.2761053788604048,0.1179577196181837,0.0110820680722217,238,4,9,0,63,0.0032442879918447966
2095,0.0318051271141367,0.1139064981161482,0.1180339423773474,238,10,9,7,11,0.0007372693959234579
2096,-0.0026592915647271,0.0591948400624571,0.0055962760472495,238,10,3,0,83,0.003204714279147116
2097,-0.2765308655107612,0.0939941635331097,0.0010356190912089,238,4,7,0,120,0.004630464276693427
2098,0.3718398751905825,0.0539750741031109,0.0630122335183658,238,17,3,4,5,0.00034222055867331655
2099,-0.1896606743963408,0.1115477826282503,0.060311966259332,238,6,9,3,9,0.0011717121642149597
2100,-0.0856291883842144,0.206948026144655,0.2795604097580924,238,8,18,18,1,1.4734385191344575e-05
2101,0.0106017090380455,0.078499563227507,0.0011630594131212,238,10,5,0,75,0.003855261700858351
2102,0.2156862745098038,0.0576343216999092,0.0256224362511479,238,14,3,1,20,0.0018794301899020256
2103,-0.1208027514803389,0.0912533047151692,0.0049247466953197,238,7,7,0,75,0.003922112144946418
2104,-0.0714463000390029,0.0739006136196671,0.003461565121029,238,8,5,0,118,0.004884276702473828
2105,0.3356735099102931,0.0951995161644367,0.1329512827740746,238,16,7,8,3,0.000209895800605622
2106,0.0689642945785909,0.0639349275937441,0.0040697644188783,238,11,4,0,96,0.0038563263286608743
2107,-0.1634932453994255,0.0741623397438653,0.0039868975539188,238,6,5,0,87,0.0037737578394178533
2108,-0.0849200439669538,0.0939356999603736,0.0059269389960435,238,8,7,0,32,0.002863781975607201
2109,-0.2607169450058504,0.128428087218086,0.0374257633201379,238,4,10,2,20,0.0013956950402149748
2110,-0.1409424529305392,0.0891482514194519,0.0081423648132044,238,7,6,0,105,0.004915439800339099
2111,-0.1501613303549267,0.1162333383636848,0.1150867530483197,238,7,9,7,11,0.0006895840231845074
2112,0.0990320178704393,0.1450455197434442,0.1877760500689056,238,12,12,12,3,0.00019357300827569385
2113,-0.1115838740559514,0.0952373374134375,0.0088397490979438,238,7,7,0,75,0.003922112144946418
2114,-0.1354820409176328,0.0909095541783429,0.0060297655333857,238,7,7,0,75,0.003922112144946418
2115,-0.1437790305995815,0.1033785456002515,0.050101936634774,238,7,8,3,10,0.0014664422006572305
2116,0.0540722618161188,0.0850146587469905,0.0419693705541911,238,11,6,2,17,0.001619547454591884
2117,0.1682445129950714,0.0653000138951538,0.0514271364685735,238,13,4,3,11,0.001202520299529772
2118,0.0283303194695599,0.1039951646602443,0.0768514194498293,238,10,8,5,11,0.0009142347313185025
2119,-0.3042584122256497,0.1222078701555253,0.0073554363300767,238,4,10,0,10,0.0017092288079863843
2120,-0.3553877247101372,0.1144884497812915,0.0036794939363232,238,2,9,0,92,0.0036402965216667748
2121,-0.2659646136935786,0.0980221223654547,0.0103983241268697,238,4,7,0,120,0.004630464276693427
2122,0.0142892600078005,0.0929700353989212,0.0295010113423489,238,10,7,1,4,0.0011703041431329801
2123,0.0587526149700386,0.0475313999445322,0.0076334624889179,238,11,2,0,18,0.0018657310811233557
2124,0.0593908449455731,0.0793641290336574,0.0097102528786394,238,11,5,0,31,0.0026768986373174324
2125,-0.2922738715739459,0.1005721770292561,0.0014269251255065,238,4,8,0,91,0.004483419991872029
2126,-0.4043186895011168,0.13185887775002,0.0678843007097328,238,2,11,4,2,0.0003822428880136432
2127,-0.0292522072119987,0.1156531698940781,0.1027088442145517,238,9,9,6,7,0.0007918383888093588
2128,0.016133035492678,0.0666684994084605,0.0031579538211524,238,10,4,0,104,0.004355003298635465
2129,0.0381874268694819,0.0698114470252987,0.0075315325464406,238,10,4,0,104,0.004355003298635465
2130,-0.1596638655462184,0.1026599068481717,0.0295614956742333,238,6,8,1,25,0.003122502696240139
2131,-0.456440804169769,0.1503892178417924,0.0282624871771187,238,0,13,1,1,0.00019040043803496983
2132,-0.0131546289401836,0.0882604966355865,0.0594289104478416,238,9,6,3,22,0.0016882375614213183
2133,-0.1744849838669644,0.1518623703520873,0.1352455326471409,238,6,13,8,1,0.00013844092498637724
2134,-0.4794879977307377,0.1359599888750014,0.019181917617985,238,0,11,1,5,0.0008677164775862558
2135,-0.0387547424032904,0.0895386221265002,0.0554886096981987,238,9,6,3,22,0.0016882375614213183
2136,-0.2101549480551714,0.0899573376963169,0.0012062473667529,238,5,6,0,104,0.004457874728275953
2137,-0.2568875651526432,0.1015993432845402,0.0080061584243292,238,4,8,0,91,0.004483419991872029
2138,0.0757720809842924,0.0772865512573229,0.0381340406170522,238,11,5,2,24,0.0022595098618287553
2139,-0.1484593837535013,0.1155539674847322,0.0751649471794233,238,7,9,4,17,0.0009932687448377788
2140,0.1805836258554054,0.0871657037165913,0.0912581808338438,238,13,6,5,13,0.0007739761892615038
2141,-0.173917668333156,0.0858409673874862,0.0023824408416757,238,6,6,0,123,0.0049806266057812725
2142,-0.2371024359110732,0.0962292705031266,0.0519452848711196,238,5,7,3,14,0.0013318451260624542
2143,0.1027904832819203,0.0662505210695616,0.0197069875502143,238,12,4,1,39,0.0030492137784899846
2144,-0.1420061695564301,0.0872843067361811,0.0009151442076995,238,7,6,0,105,0.004915439800339099
2145,0.3295748679218522,0.0660884170012441,0.0691147485747989,238,16,4,4,11,0.0005407258308459368
2146,0.0254228273587916,0.1705583135237141,0.2214201209710026,238,10,15,14,3,0.0001412171724880506
2147,0.0079778746941814,0.066566290426926,0.0033881942311726,238,10,4,0,104,0.004355003298635465
2148,-0.3604935645144133,0.1050277939049301,0.0091928823603221,238,2,8,0,89,0.003550440087193625
2149,-0.2501506931886678,0.1660348041808388,0.197156083345208,238,5,14,12,4,0.00013714669234294333
2150,-0.4024039995745133,0.121399739826854,0.0185223150159616,238,2,10,1,26,0.002507580560992337
2151,0.0830053540403503,0.1209148819271415,0.1089949538129595,238,11,10,7,7,0.000510369007906226
2152,-0.3263128036024535,0.1028902983388707,0.0071433855031287,238,3,8,0,100,0.004333383064151017
2153,0.3039747544587455,0.0782166407087681,0.0884264189676192,238,16,5,5,7,0.0003730388774386522
2154,-0.2508598376059284,0.0888364567913893,0.0086159376576318,238,5,6,0,104,0.004457874728275953
2155,0.2190901677126546,0.0521884115968767,0.0299991867452361,238,14,3,1,20,0.0018794301899020256
2156,-0.4392795092720631,0.1312217974286688,0.0117391214124559,238,1,11,0,44,0.0016412330933814783
2157,0.1914335354394922,0.0435250671736454,0.0074254273680583,238,13,2,0,51,0.002201728852969309
2158,-0.0512356841470765,0.0909699334123252,0.0043073044845372,238,9,7,0,7,0.0018091093679902578
2159,0.2697230791050597,0.0440981306785549,0.0266013501179169,238,15,2,1,18,0.00142560135977588
2160,-0.0752047654504839,0.0806969473432654,0.0025847076752006,238,8,6,0,87,0.004426521123504939
2161,0.0230826507818317,0.068889657417505,0.0021534981689088,238,10,4,0,104,0.004355003298635465
2162,-0.0858419317093926,0.0860664112715105,0.0125085265499973,238,8,6,0,87,0.004426521123504939
2163,0.1569691167606282,0.0654937955780773,0.0072197556694445,238,13,4,0,10,0.0019536726542821745
2164,-0.2939758181753714,0.1114383357070936,0.0187912099659443,238,4,9,1,33,0.00306687553510888
2165,-0.119668120412722,0.079903721139702,0.0016559739038661,238,7,5,0,86,0.004462857898018962
2166,-0.1349856398255504,0.0860639513122381,0.0151139213759638,238,7,6,0,105,0.004915439800339099
2167,-0.2518526397900932,0.1240952276385592,0.0317539971610661,238,5,10,2,11,0.0011077952279815915
2168,-0.181363684714392,0.0781143912469432,0.0038098459010029,238,6,5,0,87,0.0037737578394178533
2169,-0.3641102010424422,0.1056410711248903,0.0060614894323907,238,2,8,0,89,0.003550440087193625
2170,-0.3861645924192461,0.1175916489551197,0.0185253936997486,238,2,9,1,29,0.003099733513643377
2171,-0.0994575045207956,0.0720523207353966,0.0032223256289146,238,8,5,0,118,0.004884276702473828
2172,0.0217352763890366,0.0519227858287249,0.0102637602704677,238,10,3,0,83,0.003204714279147116
2173,0.2376697514448817,0.0372577795834183,0.0066031838128459,238,14,1,0,22,0.0012417306714709786
2174,-0.4007020529730878,0.1111815678768579,0.0030355444414307,238,2,9,0,92,0.0036402965216667748
2175,0.0954153813424103,0.0777333545497949,0.0548743287216934,238,11,5,3,16,0.0015976535184731248
2176,0.1122221040314859,0.0503436131646548,0.0092661292745682,238,12,2,0,34,0.0021758371823757663
2177,-0.3347516221678544,0.0960762563904346,0.0101354554214246,238,3,7,0,83,0.0037735571101525844
2178,-0.2139134134666524,0.0942989211412816,0.0070329153137832,238,5,7,0,118,0.004976576343704583
2179,-0.0142183455660745,0.07790382915483,0.0130025467691376,238,9,5,0,128,0.00475484797010613
2180,-0.1007339644718646,0.080065080048633,0.0016027790287116,238,8,5,0,118,0.004884276702473828
2181,-0.4239619898592348,0.1048966445376219,0.0018739751729818,238,1,8,0,39,0.0022015621544169703
2182,-0.1815055135978441,0.0915023497423914,0.0173751211419852,238,6,7,1,34,0.0042053397344584634
2183,0.3334042477750593,0.0987210304743626,0.1243995481829899,238,16,7,8,3,0.000209895800605622
2184,-0.1643442187001382,0.1064916316571256,0.0841124269005142,238,6,8,5,7,0.0008740556127774582
2185,-0.0032266070985356,0.0910834323471295,0.0372502777704187,238,9,7,2,11,0.0016985259845621217
2186,-0.3373045420699925,0.0954789776068015,0.0486011598409606,238,3,7,3,1,0.0006486347375784814
2187,-0.4041059461759386,0.1146858850822871,0.0175404155493846,238,2,9,1,29,0.003099733513643377
2188,0.3171648406197921,0.0476095420287208,0.0285315953320747,238,16,2,1,18,0.0010750831663844517
2189,-0.1027195688401943,0.0562614457529492,0.0237878733166264,238,8,3,1,4,0.0013563971038161701
2190,-0.1141367939580895,0.0955216444235727,0.0365703944402927,238,7,7,2,26,0.002471827272074585
2191,-0.1069744353437577,0.1121680060660147,0.1064185925377056,238,7,9,6,13,0.0008976724089664401
2192,-0.3777257738538452,0.122927241350812,0.0028717550896341,238,2,10,0,64,0.0027862606231091225
2193,-0.1845548345920646,0.109423553001975,0.0020275221679874,238,6,8,0,57,0.003300602884874217
2194,-0.0781122575612523,0.1334850800219364,0.1076173823610041,238,8,11,7,4,0.0004979663108826946
2195,-0.2408609013225543,0.082262180663497,0.028365915900712,238,5,6,1,26,0.0036553501392859243
2196,0.1015849377725773,0.062853192180727,0.0081900990388791,238,12,4,0,46,0.003005418736203267
2197,0.3414884941318299,0.0859768237441665,0.1035427922191905,238,16,6,6,11,0.0003094723533780408
2198,0.182569230223735,0.1155794023755579,0.1417879294938671,238,13,9,9,2,0.000260886017752816
2199,-0.1695209729461404,0.070502646748087,0.0090469048470987,238,6,4,0,25,0.0019497198210807415
2200,0.1148459383753501,0.1463840278823003,0.176206926379786,238,12,12,11,8,0.00027290090825336647
2201,-0.3826897847746693,0.1255891913273326,0.0020398644227738,238,2,10,0,64,0.0027862606231091225
2202,-0.0159202921674999,0.1282596975113123,0.1461537813797522,238,9,10,9,4,0.0004243167202811045
2203,0.0449242988334574,0.0626443055147796,0.0210631457533823,238,10,4,1,35,0.00376178763264307
2204,0.1237811580328333,0.0722252910634026,0.051364694716349,238,12,5,3,24,0.001508498782464373
2205,-0.2977342835868524,0.1297737617738529,0.1073414028040462,238,4,11,7,9,0.0003667086798703979
2206,-0.4380739637627202,0.1307939897604132,0.0187851049729978,238,1,11,1,21,0.0014808047137841256
2207,-0.1531397369074212,0.1024620179446121,0.0102391387825408,238,7,8,0,22,0.0023093496379671427
2208,-0.1428571428571428,0.072799190086439,0.0042170893468299,238,7,5,0,86,0.004462857898018962
2209,-0.2888699783710952,0.1240264914912637,0.0427629831994086,238,4,10,2,20,0.0013956950402149748
2210,-0.0550650640002836,0.070718744673446,0.0034056738418327,238,8,4,0,68,0.003645851648012564
2211,-0.1169733716271318,0.0774890024319925,0.0067686854908804,238,7,5,0,86,0.004462857898018962
2212,-0.3399992908555826,0.1098055918118506,0.0009330189877045,238,3,8,0,100,0.004333383064151017
2213,0.0622274226146154,0.0673701040755771,0.040546012651353,238,11,4,2,22,0.0021938763198335637
2214,-0.3661667198524979,0.1167077064667055,0.0265932041716656,238,2,9,1,29,0.003099733513643377
2215,-0.2250469808176434,0.1269488753582489,0.0398255634400008,238,5,10,2,11,0.0011077952279815915
2216,-0.0842818139914193,0.1084589132564019,0.116122349746207,238,8,8,7,3,0.000496614612967478
2217,0.1939864553416302,0.0675086714940729,0.0571824537720781,238,13,4,3,11,0.001202520299529772
2218,0.1832783746409956,0.0659682121409175,0.0310750497261148,238,13,4,2,27,0.0017949624306630315
2219,-0.3620536822323866,0.100303620319041,0.0078115768623815,238,2,8,0,89,0.003550440087193625
2220,-0.2827004219409282,0.0951438679530367,0.0116462649000462,238,4,7,0,120,0.004630464276693427
2221,-0.0559869517427223,0.1043355526245709,0.0966722690771339,238,8,8,6,7,0.0007913828854727762
2222,-0.3200014182888345,0.1049353246737216,0.0293853402297044,238,3,8,1,24,0.003650412738886289
2223,-0.3419848952239123,0.0804369959740515,0.0053325066083497,238,3,5,0,7,0.001029943856425407
2224,-0.2779491543452824,0.0940928699151572,0.0218959131729729,238,4,7,1,28,0.0038455970181802803
2225,-0.2690848491295252,0.12468352394744,0.112642224301131,238,4,10,7,8,0.0003930764567582636
2226,0.1642733042584122,0.095629218384136,0.0811345926942047,238,13,7,5,8,0.0006818188256363926
2227,0.271283196823033,0.0658277436331352,0.0490729706647915,238,15,4,3,9,0.000828693471620224
2228,-0.0310250682551501,0.0725759127063055,0.0023491853340106,238,9,5,0,128,0.00475484797010613
2229,0.0815870652058291,0.1382157708093617,0.1487321873748769,238,11,11,9,5,0.0003710717706472742
2230,0.2814948764315852,0.0467066315196071,0.0143426492879184,238,15,2,0,32,0.001490183960655832
2231,0.0993156756373435,0.0780983770399214,0.0484284714051475,238,12,5,3,24,0.001508498782464373
2232,-0.0535758607240364,0.1822985989195965,0.2187200666389761,238,8,16,14,1,7.788614587916769e-05
2233,0.2451866822678438,0.0423294370906539,0.0021493408041585,238,14,2,0,63,0.001936958343928828
2234,-0.275041662234514,0.1705325503633813,0.2000169947677706,238,4,15,13,2,7.982321184111091e-05
2235,0.1347728965003723,0.0739667553650975,0.0508790652850278,238,12,5,3,24,0.001508498782464373
2236,-0.3716271318654043,0.0851242533024226,0.0347221982557566,238,2,6,2,2,0.00044236359335728787
2237,-0.3605644789561393,0.1120170992125797,0.0123685397260876,238,2,9,0,92,0.0036402965216667748
2238,0.0038648370740701,0.0540567491423201,0.0081399366248084,238,10,3,0,83,0.003204714279147116
2239,-0.1318654043896039,0.0705683339069577,0.009010624598269,238,7,4,0,53,0.0027892752163863077
2240,0.1039251143495372,0.058249585947612,0.006605056958397,238,12,3,0,112,0.0033545247846789965
2241,-0.4223309576995354,0.1424286847450726,0.0030461054097037,238,1,12,0,17,0.000821500086197717
2242,0.0112399390135801,0.1410917667463218,0.1668114512422831,238,10,12,10,11,0.0003687449162194606
2243,0.1177534304861184,0.0542031142065466,0.0058857450924844,238,12,3,0,112,0.0033545247846789965
2244,0.1612239832641917,0.0502404497107718,0.0309116019557024,238,13,2,2,2,0.000892632989186168
2245,-0.2946849625926319,0.1276369909010625,0.0344019249598442,238,4,10,2,20,0.0013956950402149748
2246,-0.2188774243874764,0.1110030268728101,0.0211286688793565,238,5,9,1,21,0.0025129596142606752
2247,0.2157571889515299,0.0721190174543447,0.0390991639778986,238,14,5,2,2,0.0008217516320677136
2248,-0.104917916533702,0.1077977836918272,0.0214118725477635,238,7,8,1,13,0.0023238306258716386
2249,0.1851221501258731,0.0616002390736485,0.0157668647574591,238,13,4,1,27,0.002211503016508247
2250,-0.1637769031663297,0.0926458458759634,0.0019207208663093,238,6,7,0,96,0.004713885748433999
2251,-0.4421870013828315,0.102074675533031,0.0043297953456427,238,1,8,0,39,0.0022015621544169703
2252,-0.0447115555082792,0.1138175246763563,0.0907700386621111,238,9,9,5,7,0.0006960179984989442
2253,-0.2663191859022089,0.094543724594759,0.0028629481883379,238,4,7,0,120,0.004630464276693427
2254,0.0873311349856398,0.0962961650701041,0.081320994919522,238,11,7,5,17,0.0010146204443782594
2255,-0.1612239832641917,0.0776044431858576,0.007704320367046,238,6,5,0,87,0.0037737578394178533
2256,-0.1434244583909512,0.0826422420171877,0.0010213887278161,238,7,6,0,105,0.004915439800339099
2257,-0.1934191398078218,0.1244707437890844,0.0050660812385469,238,6,10,0,5,0.0007275640913533451
2258,0.1026486543984682,0.0586452113273931,0.0135843837500322,238,12,3,0,112,0.0033545247846789965
2259,0.0193950998120767,0.0669259703787921,0.0031797028338758,238,10,4,0,104,0.004355003298635465
2260,-0.0813743218806509,0.0864984591645472,0.0113705644389486,238,8,6,0,87,0.004426521123504939
2261,-0.1206609225968868,0.1277393283339739,0.1229998638515317,238,7,10,8,8,0.0005563586716044574
2262,-0.4029004006665956,0.1181701299988418,0.0135186921699363,238,2,9,0,92,0.0036402965216667748
2263,0.0075523880438251,0.062909252314142,0.0292995142987739,238,10,4,1,35,0.00376178763264307
2264,0.1402333085132787,0.0561664845374187,0.0321395742672574,238,12,3,2,6,0.0016059650372383532
2265,-0.2933375881998368,0.0879819546792472,0.0015727836728641,238,4,6,0,60,0.003468743098616289
2266,-0.2897209516718079,0.0778516720973982,0.0033787872957758,238,4,5,0,26,0.0018323270165334974
2267,0.320710562706095,0.0531639176661265,0.0400700558853104,238,16,3,2,22,0.0008277185805572241
2268,-0.259085912846151,0.0991556993402193,0.0219473565781632,238,4,7,1,28,0.0038455970181802803
2269,0.2817785341984894,0.1234457237230919,0.1558860357805322,238,15,10,10,1,0.00014506590666804714
2270,0.1434244583909512,0.122401730402513,0.1339295221574352,238,12,10,8,3,0.00038898685317287823
2271,-0.256603907385739,0.0902128607846166,0.0075550083339505,238,4,6,0,60,0.003468743098616289
2272,-0.2747580044676098,0.1049183283238777,0.0189063947984111,238,4,8,1,31,0.003922345351422437
2273,-0.1111583874055951,0.0989460780511784,0.052051302091938,238,7,7,3,28,0.0017006627136119561
2274,0.0166294365847604,0.1058388550744597,0.1390424071535238,238,10,8,9,2,0.00012932156613190557
2275,0.1920008509733007,0.0533536520916169,0.0254394320956811,238,13,3,1,35,0.0025669641651229784
2276,0.208523915895472,0.0482093991591265,0.0078760593411909,238,14,2,0,63,0.001936958343928828
2277,-0.3048966422011842,0.0982302756946738,0.064983317202204,238,3,7,4,4,0.00032968926352290156
2278,0.3319859589405382,0.0602284103271259,0.0597391676408812,238,16,3,3,9,0.0006651445460751286
2279,-0.0384001701946601,0.1202367618269176,0.1097124253167049,238,9,10,7,8,0.0006540394776902086
2280,-0.1781725348367194,0.0988061989734609,0.0434767249108257,238,6,7,2,22,0.002576945851115547
2281,-0.0904513704215863,0.1199466374994646,0.1060986857842892,238,8,10,6,7,0.0006414690533782666
2282,0.3118462574903378,0.040413331806066,0.0130186821208589,238,16,1,0,44,0.0011029673443555539
2283,-0.0445697266248271,0.0612988206156526,0.0148872286665885,238,9,4,0,110,0.004292388740450521
2284,0.0425132078147714,0.0648920177634808,0.0190462917183214,238,10,4,1,35,0.00376178763264307
2285,0.1625004432152607,0.1369180108865426,0.1576493808313005,238,13,11,10,4,0.00021625694221660282
2286,0.003793922632344,0.1451395023828849,0.1547226613556053,238,10,12,10,11,0.0003687449162194606
2287,0.1666843952770981,0.0715889296557324,0.0331424011287242,238,13,5,2,14,0.0013821423406262744
2288,-0.2227777186824096,0.1197544951858295,0.0195787564354092,238,5,10,1,9,0.0013273729928213807
2289,-0.1815055135978441,0.1144490060075197,0.031294784338219,238,6,9,2,9,0.0013930794518370066
2290,-0.092507889231642,0.1054594382432468,0.0896860703931336,238,8,8,5,12,0.0009924301394853789
2291,-0.2721341701237457,0.1215349355892804,0.0024030717876567,238,4,10,0,10,0.0017092288079863843
2292,-0.1205190937134347,0.1015357946070349,0.0924539427864314,238,7,8,6,10,0.0007297963821060697
2293,-0.2351168315427436,0.0850458401831815,0.0422582853241966,238,5,6,2,14,0.0018513353508829
2294,-0.0286848916781902,0.0729761325004916,0.0008188527718566,238,9,5,0,128,0.00475484797010613
2295,-0.0219480197142147,0.0901840327044546,0.0035695670093855,238,9,6,0,67,0.003528788865454604
2296,0.3004290323724425,0.0448863498796933,0.0168505637499007,238,16,2,1,18,0.0010750831663844517
2297,-0.0376910257773995,0.0695156686534818,0.0387282410778584,238,9,4,2,7,0.0017571644385362929
2298,0.0208133886465978,0.0793969082863608,0.0399549444815965,238,10,5,2,36,0.0025029702124330115
2299,0.1162642272098712,0.0525829368449811,0.0358265322388326,238,12,3,2,6,0.0016059650372383532
2300,-0.0322306137644931,0.0949916680392553,0.0259011145251752,238,9,7,1,14,0.0019806186229034644
2301,-0.3291493812714959,0.1333061275131303,0.0177606182528592,238,3,11,1,5,0.0011699845181741666
2302,0.388504768996206,0.0755306770883535,0.0848203687443554,238,17,5,5,4,0.0002619493591894819
2303,-0.4245293053930433,0.1321022369796991,0.0156651503616922,238,1,11,1,21,0.0014808047137841256
2304,0.1155550827926106,0.0789256443350501,0.0272763874631428,238,12,5,1,16,0.0020170201009321654
2305,-0.3868737368365066,0.1057605844166166,0.0022502313386026,238,2,8,0,89,0.003550440087193625
2306,0.4085735560046803,0.0701081199955104,0.0745409186311666,238,18,4,4,3,0.00022449874374187798
2307,-0.3187249583377654,0.1189057619703143,0.0622635090292049,238,3,9,4,9,0.0007424086181865663
2308,-0.2126369535155834,0.0736069460161879,0.0049725975084235,238,5,5,0,48,0.002829270609622204
2309,-0.2401517569052937,0.070903441331722,0.0074885357841298,238,5,5,0,48,0.002829270609622204
2310,-0.0887494238201609,0.0773073978986552,0.0210980953627798,238,8,5,1,45,0.004231983686421704
2311,0.1124348473566641,0.073556241395188,0.0623934640088579,238,12,5,4,7,0.0009729544999730399
2312,0.0632911392405063,0.0578247598227737,0.0022074279358255,238,11,3,0,87,0.0035031944625956886
2313,-0.1358366131262631,0.1416704005040001,0.1639796133390872,238,7,12,10,4,0.000298775384959031
2314,-0.167748111902989,0.084072871834099,0.0069713823596837,238,6,6,0,123,0.0049806266057812725
2315,-0.1564018012268198,0.1078919665299236,0.0028603990428765,238,6,8,0,57,0.003300602884874217
2316,0.2875935184200262,0.0422485691831759,0.0102834500251347,238,15,2,0,32,0.001490183960655832
2317,-0.2333439704995922,0.1077242165833279,0.0731278281787014,238,5,8,4,7,0.001012779466561909
2318,0.2027798461156614,0.0471574126827162,0.0014760722226598,238,14,2,0,63,0.001936958343928828
2319,0.0717299578059071,0.1090584550450476,0.1165881962152879,238,11,8,7,6,0.0006411871709770627
2320,0.0176931532106513,0.0743817152870677,0.0099419688238281,238,10,5,0,75,0.003855261700858351
2321,-0.3312768145232776,0.0914486434392108,0.0039244671857328,238,3,7,0,83,0.0037735571101525844
2322,-0.017267666560295,0.0950113637828989,0.0412666250215098,238,9,7,2,11,0.0016985259845621217
2323,0.0242881962911746,0.0715709907455894,0.0027904228174485,238,10,5,0,75,0.003855261700858351
2324,-0.3290784668297698,0.1099429636789453,0.012523155537985,238,3,9,0,69,0.003704547569987754
2325,-0.2436974789915965,0.1058141006910667,0.0310321692781183,238,5,8,2,23,0.0023032056205181664
2326,-0.0249264262667092,0.0767440593940043,0.013545517808345,238,9,5,0,128,0.00475484797010613
2327,0.0998829911711519,0.069284432428019,0.0412957506674057,238,12,4,2,30,0.0021432616240922957
2328,0.1239229869162854,0.0499279862390257,0.017882676816987,238,12,2,1,6,0.001757520113939135
2329,-0.0112399390135801,0.0760435429162642,0.0087575763596898,238,9,5,0,128,0.00475484797010613
2330,-0.0891039960287912,0.0798294877647477,0.0166602439080249,238,8,5,1,45,0.004231983686421704
2331,-0.2568166507109172,0.1066213969314879,0.0392196495747998,238,4,8,2,18,0.0022378626382709432
2332,-0.2683757047122646,0.1152438116031855,0.0345275237097642,238,4,9,2,13,0.001982695041022654
2333,-0.1760451015849377,0.0976280784623903,0.0382228308981196,238,6,7,2,22,0.002576945851115547
2334,0.1434953728326773,0.0592821068362784,0.0249315952775349,238,12,3,1,38,0.0029775459777509877
2335,-0.1583874055951494,0.0953822999620476,0.0137327999494392,238,6,7,0,96,0.004713885748433999
2336,-0.2443357089671311,0.0986729533546891,0.0916960880937137,238,5,7,6,1,0.00018077727462477295
2337,-0.092507889231642,0.0944566706959004,0.03230581561579,238,8,7,2,16,0.002126815195695619
2338,-0.4664397404531432,0.1299658769541164,0.0046501148458963,238,0,11,0,17,0.0009954726964181157
2339,0.1086763819451831,0.1318857502822477,0.1400177494318374,238,12,11,9,3,0.00028608796961256767
2340,-0.0806651774633904,0.1011947381363872,0.083030039267103,238,8,8,5,12,0.0009924301394853789
2341,-0.0706662411800163,0.1004268646994604,0.0672648008443903,238,8,8,4,10,0.0011267995437752609
2342,-0.0227989930149274,0.0766705177199997,0.0013553904430447,238,9,5,0,128,0.00475484797010613
2343,-0.3700670141474311,0.0988306283921296,0.0238064649816206,238,2,7,1,15,0.002041776405580754
2344,0.0681842357196042,0.1107574864366998,0.107249210631119,238,11,9,7,12,0.0006903861115693627
2345,-0.2015033861645923,0.1398541036131694,0.1408055485670499,238,6,12,9,6,0.0003089775727796795
2346,-0.4318334928908272,0.113693122722013,0.0013022691458926,238,1,9,0,77,0.0026736108853416024
2347,0.0405985178881679,0.0664713496952757,0.0005687757459093,238,10,4,0,104,0.004355003298635465
2348,-0.1041378576747154,0.1265754404165136,0.1120439320625743,238,7,10,7,6,0.0007243267117017542
2349,-0.3802077793142572,0.1028763202483695,0.0019053399427377,238,2,8,0,89,0.003550440087193625
2350,0.1280360245363968,0.0451662802051306,0.0046538466636204,238,12,2,0,34,0.0021758371823757663
2351,-0.1617203843562741,0.1017238741849845,0.006925721503534,238,6,8,0,57,0.003300602884874217
2352,0.2255433819097259,0.04859573623745,0.0281691407435265,238,14,2,1,18,0.0017176569679600764
2353,0.3763074850193241,0.0437701602395325,0.0326148038265104,238,17,2,2,7,0.0005407629660983607
2354,-0.1944119419919866,0.0925336439626257,0.00366507651205,238,6,7,0,96,0.004713885748433999
2355,0.2058291671098819,0.0364035819201461,0.0126634191398073,238,14,1,0,22,0.0012417306714709786
2356,-0.1162642272098712,0.0936190008641848,0.0742701101105428,238,7,7,4,14,0.001160727511064103
2357,-0.3947452398680991,0.1414443535020033,0.0387291953100778,238,2,12,2,5,0.0005555440900709168
2358,-0.2079566003616636,0.0781550515762496,0.0077529446053761,238,5,5,0,48,0.002829270609622204
2359,-0.0313796404637804,0.0743751482425114,0.011020457630273,238,9,5,0,128,0.00475484797010613
2360,-0.0156366344005956,0.1607301265029913,0.1878248608724706,238,9,14,12,6,0.00019283186778847947
2361,-0.102364996631564,0.0957083141578333,0.0718923119549758,238,8,7,4,17,0.0011918988240630826
2362,-0.4583554940963726,0.1404000550075201,0.0090750943277882,238,0,12,0,6,0.0005410486288017147
2363,-0.3804205226394354,0.1233395715935425,0.0462673811265359,238,2,10,3,13,0.0008397115748875404
2364,-0.214693472325639,0.0837305652003589,0.0020271541792314,238,5,6,0,104,0.004457874728275953
2365,0.0309541538134241,0.0925333247560473,0.057602354772615,238,10,7,3,21,0.0013092804382386475
2366,-0.2451866822678438,0.0963737224295941,0.0311106235691969,238,5,7,2,24,0.0024001793753435753
2367,-0.3296457823635783,0.0954541527261156,0.0094427892969449,238,3,7,0,83,0.0037735571101525844
2368,-0.0665532035599049,0.0812285270184162,0.0030948981737294,238,8,6,0,87,0.004426521123504939
2369,-0.2843314541006275,0.1007316995478108,0.0114376228092296,238,4,8,0,91,0.004483419991872029
2370,0.0522284863312413,0.077869965482428,0.0341315362476962,238,11,5,2,24,0.0022595098618287553
2371,-0.0015955749388362,0.0917886783912602,0.0584011025120117,238,10,7,3,21,0.0013092804382386475
2372,-0.0944225791582455,0.0818089544173042,0.0501742276448724,238,8,6,3,16,0.001552115822956393
2373,0.3642520299258943,0.0685593142863672,0.0720944847878152,238,17,4,4,12,0.0004113184296377977
2374,0.0459880154593482,0.05425814977466,0.0190340284042796,238,10,3,1,16,0.0025561943286749496
2375,0.0813743218806509,0.139947184849078,0.1758305887566831,238,11,12,11,8,0.00032097752887019136
2376,0.1131439917739247,0.0553472732774177,0.0075818704270917,238,12,3,0,112,0.0033545247846789965
2377,0.241782789064993,0.1028071907969862,0.1060193989235157,238,14,8,6,3,0.0003235593656642082
2378,-0.0972591568272878,0.0629191564532102,0.0225514522563393,238,8,4,1,19,0.0029757617683365627
2379,-0.1439208594830336,0.112830023271135,0.0805831467806345,238,7,9,5,11,0.0009668215948625848
2380,-0.266461014785661,0.1222563050383537,0.0174997700713641,238,4,10,1,11,0.0018171377599596609
2381,-0.0749920221253058,0.0831044435616266,0.0284720168722186,238,8,6,1,32,0.004098846777087474
2382,0.1139240506329113,0.078758774091395,0.0512964375196893,238,12,5,3,24,0.001508498782464373
2383,-0.0354926780838917,0.0927038273783461,0.0187594021629996,238,9,7,1,14,0.0019806186229034644
2384,0.0737155621742367,0.120775088101517,0.1417029871606627,238,11,10,9,4,0.0003929719492531391
2385,-0.1786689359288018,0.1057975305941553,0.006068645317602,238,6,8,0,57,0.003300602884874217
2386,0.177605219302911,0.0479359325036352,0.0036169181509061,238,13,2,0,51,0.002201728852969309
2387,0.1199517781796262,0.0455559935216311,0.0048325778111477,238,12,2,0,34,0.0021758371823757663
2388,0.1587419778037797,0.0654760613219031,0.0194490238179663,238,13,4,1,27,0.002211503016508247
2389,-0.1824983157820089,0.0776736853574542,0.0107876783043208,238,6,5,0,87,0.0037737578394178533
2390,-0.2936921604084671,0.1065196477244083,0.0027395566628328,238,4,8,0,91,0.004483419991872029
2391,-0.3282984079707832,0.1158369068997591,0.0197896159965229,238,3,9,1,37,0.003326167945494541
2392,-0.0435769244406623,0.1307052329054567,0.1349801305326334,238,9,11,8,7,0.0005266051561481871
2393,-0.0870474772187355,0.0758276132797183,0.0012541104413056,238,8,5,0,118,0.004884276702473828
2394,-0.1254121901925327,0.0908304654578685,0.0024176803944992,238,7,7,0,75,0.003922112144946418
2395,0.1166897138602276,0.0705591399111951,0.0082700204442287,238,12,4,0,46,0.003005418736203267
2396,-0.2505761798390242,0.1149278339111761,0.0178678361707773,238,5,9,1,21,0.0025129596142606752
2397,-0.2228486331241357,0.1168444668072458,0.014188733065967,238,5,9,0,34,0.002548715097143437
2398,0.1459773782930893,0.0605802579106015,0.0083583658622156,238,12,3,0,112,0.0033545247846789965
2399,-0.1742013261000602,0.1028274779923906,0.0299622023021422,238,6,8,1,25,0.003122502696240139
2400,0.1008757933553167,0.0543492369762342,0.0182074767899006,238,12,3,1,38,0.0029775459777509877
2401,0.0128000567315533,0.0758816137624452,0.0022880949551162,238,10,5,0,75,0.003855261700858351
2402,-0.3760238272524199,0.1130907090566315,0.0303791158533763,238,2,9,1,29,0.003099733513643377
2403,-0.2573130518029997,0.0882211662206665,0.0081284640926821,238,4,6,0,60,0.003468743098616289
2404,0.236818778144169,0.061207128765893,0.0497837744339111,238,14,4,3,13,0.001024868986996489
2405,-0.3979363897457716,0.1154354118254611,0.0021073344814007,238,2,9,0,92,0.0036402965216667748
2406,-0.1734921816827996,0.0847496442971838,0.005575916859949,238,6,6,0,123,0.0049806266057812725
2407,-0.1124348473566641,0.1318456843969146,0.1216812248798486,238,7,11,7,6,0.0005171593792913427
2408,-0.3437577562670637,0.1206068510431215,0.0402375705902646,238,3,10,2,12,0.0015393917560890028
2409,0.0439314966492926,0.1146451168770228,0.092188667475706,238,10,9,6,13,0.0007544960516155897
2410,-0.0823671240648157,0.0779196377348664,0.0024490253711482,238,8,5,0,118,0.004884276702473828
2411,-0.1068326064603056,0.0879322678578439,0.0103580736351706,238,7,6,0,105,0.004915439800339099
2412,0.1222919547565861,0.0650039248071866,0.0417250507901282,238,12,4,2,30,0.0021432616240922957
2413,0.0311668971386022,0.1152591995231961,0.1105552312622241,238,10,9,7,11,0.0007372693959234579
2414,-0.0078360458107293,0.0761017321422801,0.0403427825852105,238,9,5,2,19,0.0025021876125847424
2415,-0.0323724426479452,0.0734335172550122,0.0147109725179023,238,9,5,0,128,0.00475484797010613
2416,0.2466049711023649,0.043868373639562,0.0027864620289686,238,14,2,0,63,0.001936958343928828
2417,-0.3721944473992127,0.1199390637502844,0.0136945839810662,238,2,10,0,64,0.0027862606231091225
2418,-0.0881111938446264,0.0674487472662114,0.0143244841393885,238,8,4,0,68,0.003645851648012564
2419,0.0496046519873772,0.0654624378488154,0.0052568012963925,238,11,4,0,96,0.0038563263286608743
2420,0.2110768357976101,0.0357451926856224,0.0187823862916602,238,14,1,1,3,0.0009831670284962486
2421,0.0257064851256958,0.1004412689907277,0.1017276712712009,238,10,8,6,15,0.0008757743252029102
2422,0.1339928376413856,0.0794926725992205,0.0437985845308103,238,12,5,2,36,0.001907366235161121
2423,-0.4449526646101478,0.1008551373038477,0.0016604121875178,238,1,8,0,39,0.0022015621544169703
2424,0.151792362514626,0.098228972385021,0.0785404097378173,238,13,7,5,8,0.0006818188256363926
2425,-0.2761762933021309,0.1187069321416779,0.0524256801341937,238,4,9,3,9,0.0012847209871673672
2426,0.0192532709286246,0.0997946740930745,0.0366424901310175,238,10,7,2,4,0.001254849611559537
2427,-0.1896606743963408,0.1092605711754928,0.1200956752935748,238,6,8,7,2,0.0003294171465109094
2428,-0.2244087508421089,0.0822690978145262,0.0029120908216195,238,5,6,0,104,0.004457874728275953
2429,-0.1923554231819309,0.1102518512264437,0.0034270550209695,238,6,9,0,20,0.0017687167254327434
2430,-0.0698861823210296,0.0824495784527845,0.0124620569074695,238,8,6,0,87,0.004426521123504939
2431,-0.2413573024146367,0.1478127414094794,0.0739272976992116,238,5,12,4,5,0.00019108164082033287
2432,0.0154238910754175,0.1283658372542716,0.1415837176837043,238,10,10,9,5,0.00042140266179032233
2433,0.2254015530262737,0.0502572724579076,0.0118103244658871,238,14,2,0,63,0.001936958343928828
2434,-0.4043896039428428,0.1247960748480714,0.001618239149045,238,2,10,0,64,0.0027862606231091225
2435,-0.0676169201857958,0.0927271786276607,0.0167666970713597,238,8,7,1,25,0.0028794895434652297
2436,-0.4472928411871076,0.135492504504573,0.002316989465667,238,1,11,0,44,0.0016412330933814783
2437,-0.019820586462433,0.0542908423760412,0.0052156302826412,238,9,3,0,38,0.002541755274822797
2438,-0.0176222387689252,0.0763474612245739,0.0033711529085099,238,9,5,0,128,0.00475484797010613
2439,0.0117363401056625,0.0710414402080962,0.0174837271913374,238,10,5,1,35,0.003681177079075407
2440,-0.3039038400170194,0.0995634835483861,0.0014446873476221,238,4,7,0,120,0.004630464276693427
2441,0.0376201113356735,0.0552051774236594,0.0160737056237475,238,10,3,1,16,0.0025561943286749496
2442,-0.009963479062511,0.0631321975748689,0.0035579193699555,238,9,4,0,110,0.004292388740450521
2443,-0.1642023898166861,0.1112878925880587,0.0784319585496759,238,6,9,5,14,0.0009713154263924001
2444,-0.0210970464135021,0.0849851736968324,0.0618435761628357,238,9,6,4,6,0.0010591820298992368
2445,-0.0993156756373435,0.0673959937355371,0.0262790606116722,238,8,4,1,19,0.0029757617683365627
2446,-0.0924369747899159,0.114783823406957,0.1042552034049787,238,8,9,6,16,0.0008557918870896612
2447,-0.0953444669006843,0.1366394778993604,0.1422401093718928,238,8,11,9,9,0.00047895346149418435
2448,0.2507180087224763,0.0442246383506711,0.0147159579872333,238,15,2,0,32,0.001490183960655832
2449,-0.1610112399390135,0.1047714749049577,0.0036380367434055,238,6,8,0,57,0.003300602884874217
2450,-0.1268304790270538,0.0943316791770839,0.0425026592576896,238,7,7,2,26,0.002471827272074585
2451,0.1165478849767755,0.0866022424015078,0.0549705675703808,238,12,6,3,15,0.0012031467636487892
2452,0.1286742545119313,0.0817966650902852,0.0434836607038611,238,12,6,2,6,0.00114301651556474
2453,-0.2080275148033896,0.1385225643281729,0.1257937643165241,238,5,11,8,5,0.00037386751139607805
2454,0.0043612381661525,0.0584741878683596,0.0102288010867141,238,10,3,0,83,0.003204714279147116
2455,0.0700280112044817,0.0517433668723717,0.0158981149681921,238,11,3,1,20,0.0029229560613640614
2456,-0.4137503102506825,0.1404055489911896,0.046558220907185,238,1,12,3,2,0.00029481311796187415
2457,-0.1730666950324433,0.0811230549710917,0.0043476210888531,238,6,6,0,123,0.0049806266057812725
2458,-0.1303762011133567,0.0925708948450725,0.0042209617623103,238,7,7,0,75,0.003922112144946418
2459,-0.0700989256462078,0.091953034153383,0.04484592131338,238,8,7,2,16,0.002126815195695619
2460,0.0405276034464418,0.0715289784986817,0.0223606572078045,238,10,5,1,35,0.003681177079075407
2461,-0.3251781725348366,0.1541716695868708,0.0548599253693031,238,3,13,3,2,0.00018663997221530577
2462,0.2825585930574761,0.0454221231632052,0.0060398579194087,238,15,2,0,32,0.001490183960655832
2463,-0.0686097223699606,0.1016361118299127,0.0435589142680884,238,8,8,2,11,0.0013249138978104157
2464,-0.0249264262667092,0.0804864136526489,0.0069302671483507,238,9,5,0,128,0.00475484797010613
2465,-0.1843420912668864,0.0908955544648591,0.0169907524014203,238,6,7,1,34,0.0042053397344584634
2466,-0.1037832854660851,0.1018863010982629,0.0244895141970391,238,7,8,1,13,0.0023238306258716386
2467,0.0998120767294259,0.066423081994902,0.0250660753739849,238,12,4,1,39,0.0030492137784899846
2468,-0.2659646136935786,0.1056293032015644,0.0230438994301025,238,4,8,1,31,0.003922345351422437
2469,-0.2197283976881892,0.0899135412519557,0.0113912058977445,238,5,6,0,104,0.004457874728275953
2470,-0.2235577775413962,0.1410880584291688,0.1368540698264467,238,5,12,8,3,0.00027835857622888447
2471,-0.226961670744247,0.0935917849721763,0.0396653057874531,238,5,7,2,24,0.0024001793753435753
2472,-0.2682338758288125,0.1269406303466538,0.0977199398299075,238,4,10,6,6,0.0004982559750678727
2473,-0.2377406658866077,0.1008642680212666,0.0171975346964622,238,5,8,1,31,0.003710872647041985
2474,-0.3198595894053824,0.101293036090576,0.0681314455467273,238,3,8,4,6,0.0005850119732201881
2475,0.3443959862425982,0.141750223066109,0.1967350337355116,238,16,12,12,1,5.6997686990431004e-05
2476,-0.1027904832819203,0.1566792393086435,0.1743215166597119,238,8,13,11,6,0.0002451231979308423
2477,-0.4389249370634329,0.1096100263905326,0.0097602225987449,238,1,8,0,39,0.0022015621544169703
2478,-0.3189377016629436,0.0924630665996414,0.0023603676588036,238,3,7,0,83,0.0037735571101525844
2479,-0.4817572598659717,0.1200234683377371,0.0085076848684872,238,0,10,0,21,0.001299022135957822
2480,0.1986668084955501,0.0618973485823782,0.0440618842222869,238,14,4,2,15,0.0012844812788815414
2481,0.2942594759422756,0.033373669248208,0.0043861057556262,238,15,1,0,37,0.0012568719412054995
2482,0.0967627557352054,0.0924339366605864,0.0797967739539469,238,11,7,5,17,0.0010146204443782594
2483,0.1149168528170761,0.0647290543222752,0.0267473651684284,238,12,4,1,39,0.0030492137784899846
2484,-0.0088288479948941,0.0880085230112801,0.0322366929619418,238,9,6,2,24,0.002447719255977075
2485,0.025919228450874,0.1164922350879394,0.1101151803597029,238,10,9,7,11,0.0007372693959234579
2486,-0.0225153352480232,0.0758276257982346,0.0238786674029383,238,9,5,1,43,0.0042530637397620065
2487,-0.0162748643761301,0.0675753214394169,0.0031861938282885,238,9,4,0,110,0.004292388740450521
2488,-0.1789525936957061,0.114025084025378,0.0049971864427195,238,6,9,0,20,0.0017687167254327434
2489,-0.0009573449633017,0.1905475375116679,0.2522992856454286,238,10,17,16,1,4.41095313824399e-05
2490,-0.1164060560933234,0.0909784325729975,0.0507671706485506,238,7,7,3,28,0.0017006627136119561
2491,0.0277630039357515,0.0592351991665344,0.0027085568888606,238,10,3,0,83,0.003204714279147116
2492,0.0164166932595823,0.0599494755267202,0.0128009727142821,238,10,3,0,83,0.003204714279147116
2493,-0.3324823600326206,0.1154655367540489,0.0217040955322829,238,3,9,1,37,0.003326167945494541
2494,0.0943516647165195,0.1148182254234984,0.1033195203345374,238,11,9,6,7,0.0006626983811124763
2495,0.075346594333936,0.0707293134234231,0.0403229651569379,238,11,4,2,22,0.0021938763198335637
2496,-0.3201432471722866,0.1133289912186489,0.0365975863052131,238,3,9,2,13,0.0019644862268845802
2497,-0.0712335567138247,0.0755542773621387,0.0019242063663729,238,8,5,0,118,0.004884276702473828
2498,-0.4522568521079317,0.1389017081718022,0.0028448735294247,238,1,11,0,44,0.0016412330933814783
2499,0.2769563521611176,0.0447244480268926,0.0037224173345754,238,15,2,0,32,0.001490183960655832
2500,-0.0897422260043257,0.0880862032898791,0.0123627743247897,238,8,6,0,87,0.004426521123504939
2501,0.0472644754104173,0.0514395852596064,0.0056144119993519,238,10,3,0,83,0.003204714279147116
2502,-0.0581143849945041,0.1073130851745969,0.0867618788897412,238,8,8,5,12,0.0009924301394853789
2503,-0.1507995603304612,0.0874892193925599,0.0123185093895296,238,7,6,0,105,0.004915439800339099
2504,-0.2305783072722759,0.0712115637909327,0.0217757049391881,238,5,5,1,12,0.0022323785997296892
2505,0.1809381980640357,0.0537234532239626,0.0053416212202161,238,13,3,0,68,0.0026935169555837167
2506,-0.0800978619295819,0.084230095773549,0.0075905331716501,238,8,6,0,87,0.004426521123504939
2507,-0.0472644754104173,0.088937536202551,0.0270753338606444,238,9,6,1,35,0.003457223377569426
2508,-0.2866716306775874,0.1272331029447549,0.0445663655527703,238,4,10,2,20,0.0013956950402149748
2509,0.0404566890047158,0.0958824518997985,0.0840383541998477,238,10,7,5,11,0.0009860863442663005
2510,0.3000744601638123,0.0332007242916439,0.0082790828224835,238,16,1,0,44,0.0011029673443555539
2511,0.3258164025103712,0.0651233351320249,0.0674395674972059,238,16,4,4,11,0.0005407258308459368
2512,0.1607984966138353,0.0646948879890275,0.0380485461897314,238,13,4,2,27,0.0017949624306630315
2513,0.2113604935645144,0.0576762975769847,0.0396531582733375,238,14,3,2,20,0.001345194623171677
2514,0.12959614225437,0.0851750557807451,0.0912003372791947,238,12,6,5,19,0.0008781639312160993
2515,-0.0979683012445484,0.0855234095522907,0.0246353228816297,238,8,6,1,32,0.004098846777087474
2516,-0.3363117398858277,0.1147878155634063,0.0373348644062366,238,3,9,2,13,0.0019644862268845802
2517,-0.2144098145587348,0.1251373896875982,0.0969335880156321,238,5,10,6,10,0.000633513591100095
2518,0.0327979292983015,0.159197419360731,0.2013025175117637,238,10,14,13,4,0.0001801965224288146
2519,0.0982519590114526,0.0755064046155391,0.038190711936722,238,12,5,2,36,0.001907366235161121
2520,-0.165337020884303,0.0863443115396083,0.0024834505829496,238,6,6,0,123,0.0049806266057812725
2521,0.0661986313512746,0.068392639450467,0.0017126567086458,238,11,4,0,96,0.0038563263286608743
2522,-0.1590256355706839,0.1296051563033674,0.1210653890361266,238,6,11,7,5,0.0004921515586396508
2523,0.2049781938091692,0.1014720780854202,0.1331308879936715,238,14,8,8,11,0.00034641907018767093
2524,-0.3326951033577987,0.1120818369892434,0.0236659493587542,238,3,9,1,37,0.003326167945494541
2525,-0.2317838527816189,0.1004854570262677,0.007753951188258,238,5,8,0,70,0.004087396103385501
2526,-0.0709498989469205,0.1431464430141814,0.1381963315228472,238,8,12,9,2,0.0003601307607334723
2527,-0.0204588164379675,0.0973613186186648,0.0977621219157595,238,9,7,6,5,0.000588261317527889
2528,-0.169024571854058,0.0969827164649072,0.0381792675980553,238,6,7,2,22,0.002576945851115547
2529,0.1422189128816083,0.0641821530367273,0.0030910217663772,238,12,4,0,46,0.003005418736203267
2530,-0.4283586852462503,0.1071938759611317,0.0263519376249672,238,1,8,1,9,0.0017457061791263356
2531,-0.2059000815516079,0.0911413622848564,0.0125454713714081,238,5,7,0,118,0.004976576343704583
2532,-0.3284402368542353,0.1160148518673224,0.0027028004280985,238,3,9,0,69,0.003704547569987754
2533,0.0525830585398716,0.082035764158615,0.0626368532576345,238,11,6,4,12,0.001206200991013593
2534,-0.1876041555862851,0.0727894833517036,0.0184090132960904,238,6,5,1,15,0.003066965874110903
2535,-0.2510725809311065,0.0879356314531267,0.0624201558995315,238,5,6,4,2,0.00040605263896008006
2536,0.0786795730950608,0.0547298585866575,0.0034818203350139,238,11,3,0,87,0.0035031944625956886
2537,0.4638868205510051,0.0807203180954332,0.0959145915976988,238,19,6,6,1,4.039166650539468e-05
2538,-0.1534233946743254,0.1252296915616166,0.0993425663580618,238,7,10,6,11,0.0007346749988251823
2539,-0.2593695706130553,0.1133420124523955,0.067963309409841,238,4,9,4,13,0.000926153521380232
2540,-0.1510832180973655,0.1148662673898258,0.0391258330795345,238,7,9,2,7,0.0009848642234243496
2541,-0.0311668971386022,0.0901503223034575,0.0758495106987075,238,9,6,4,6,0.0010591820298992368
2542,-0.2296564195298372,0.0840692608156155,0.0167407720474005,238,5,6,1,26,0.0036553501392859243
2543,-0.3952416409601815,0.1234245733333075,0.0070658629994645,238,2,10,0,64,0.0027862606231091225
2544,-0.2658227848101265,0.0896861712987829,0.009210050096134,238,4,6,0,60,0.003468743098616289
2545,-0.223345034216218,0.0918410541409754,0.0027367505356565,238,5,7,0,118,0.004976576343704583
2546,-0.3253909158600148,0.1116420485927462,0.0576762379704278,238,3,9,3,16,0.0011554300265711247
2547,-0.3709179874481437,0.1042995087119141,0.0141455340552874,238,2,8,0,89,0.003550440087193625
2548,-0.1144204517249937,0.0683225144332348,0.0204566298591358,238,7,4,1,13,0.002255601474021136
2549,0.2644754104173314,0.0389515942524669,0.0021982794238604,238,15,1,0,37,0.0012568719412054995
2550,0.1143495372832677,0.0853062440032582,0.057549358350383,238,12,6,3,15,0.0012031467636487892
2551,-0.2298691628550153,0.1026087124434332,0.0505078399863967,238,5,8,3,9,0.0014604412928409406
2552,-0.4680707726128425,0.1330418257125172,0.083008758418406,238,0,11,5,1,5.2638368763766464e-05
2553,-0.0400312023543594,0.0872464145904619,0.0507305133808663,238,9,6,3,22,0.0016882375614213183
2554,-0.4167287168031768,0.1090099799311474,0.0023383914080046,238,1,8,0,39,0.0022015621544169703
2555,0.2883026628372868,0.0925306059633289,0.0972529964113846,238,15,7,6,1,0.00032986943979880913
2556,-0.0776867709108959,0.0699627390100457,0.0057861720093224,238,8,4,0,68,0.003645851648012564
2557,0.0927206325568201,0.0955648761076718,0.0742035767660637,238,11,7,4,16,0.0010682896120130846
2558,0.1534233946743254,0.0702988445895967,0.0629038707928831,238,13,4,4,5,0.0006604029964026735
2559,-0.3866609935113285,0.1104035612152711,0.004798188919496,238,2,9,0,92,0.0036402965216667748
2560,-0.0991738467538914,0.0754033600132741,0.0024384490177181,238,8,5,0,118,0.004884276702473828
2561,-0.3343970499592241,0.0926500900870726,0.0090451304912937,238,3,7,0,83,0.0037735571101525844
2562,-0.1077544942027443,0.0887347937392549,0.0060846773662556,238,7,6,0,105,0.004915439800339099
2563,0.3209233060312732,0.0441427655860889,0.0052816411698801,238,16,2,0,12,0.0010230552340021607
2564,-0.114704109491898,0.068881591222964,0.0153286144258847,238,7,4,0,53,0.0027892752163863077
2565,0.1070453497854838,0.1342816972092606,0.1460747976585026,238,12,11,9,3,0.00028608796961256767
2566,0.2851115129596142,0.0717259060952762,0.06891292219499,238,15,5,4,7,0.0006023742252298374
2567,0.0575470694606956,0.0830150335249669,0.0462271443745235,238,11,6,3,17,0.0015177436956017969
2568,-0.2889408928128213,0.1312118892198051,0.0518980092949473,238,4,11,3,4,0.0006218771597264158
2569,0.0820834662979115,0.0961413560061937,0.0566029613839771,238,11,7,3,7,0.0009922257724966847
2570,-0.0134382867070878,0.0814771161541437,0.0378577121685389,238,9,6,2,24,0.002447719255977075
2571,0.0463425876679785,0.1085091906418685,0.1025217497989472,238,10,8,6,15,0.0008757743252029102
2572,-0.3857391057688898,0.119661458064184,0.0169561756126578,238,2,10,1,26,0.002507580560992337
2573,-0.0486827642449384,0.0811683320822203,0.0079411939416873,238,9,6,0,67,0.003528788865454604
2574,-0.2556820196433003,0.0978896248502041,0.0036230961337746,238,4,7,0,120,0.004630464276693427
2575,-0.2698649079885118,0.1208480583315414,0.0981803496376654,238,4,10,6,6,0.0004982559750678727
2576,-0.103641456582633,0.0906655713555147,0.0575277699343747,238,7,7,3,28,0.0017006627136119561
2577,-0.3604935645144133,0.1094897360000549,0.0009961048346096,238,2,8,0,89,0.003550440087193625
2578,-0.3691451264049923,0.1157430086867704,0.0015635267441101,238,2,9,0,92,0.0036402965216667748
2579,-0.003793922632344,0.1017619500898194,0.0727409499729915,238,9,8,4,5,0.0009648211838554239
2580,-0.3574442435201928,0.1285794090739744,0.0019089012177946,238,2,10,0,64,0.0027862606231091225
2581,-0.4238201609757827,0.1216911705476058,0.0183657775699423,238,1,10,1,22,0.002079606064659946
2582,-0.444101691309435,0.1328491719394737,0.0202736653164861,238,1,11,1,21,0.0014808047137841256
2583,-0.1451264049923766,0.0698522627974694,0.0104801557956073,238,7,4,0,53,0.0027892752163863077
2584,0.3325532744743466,0.0320782382780367,0.0100624623519088,238,16,1,0,44,0.0011029673443555539
2585,-0.4148849413182994,0.1449504025441245,0.0110078599420565,238,1,12,0,17,0.000821500086197717
2586,-0.2973797113782221,0.0973296093343399,0.0020222154562148,238,4,7,0,120,0.004630464276693427
2587,-0.1027195688401943,0.0871971922938534,0.001895597716802,238,8,6,0,87,0.004426521123504939
2588,0.0238627096408183,0.059125961311011,0.0247786807377031,238,10,3,1,16,0.0025561943286749496
2589,-0.4063042938694464,0.136714072903796,0.0168148652886104,238,1,11,1,21,0.0014808047137841256
2590,-0.3477289650037229,0.1148919407012061,0.0819121711730962,238,3,9,5,6,0.000463573381957771
2591,-0.1793780803460624,0.095445091304987,0.0279080358132128,238,6,7,1,34,0.0042053397344584634
2592,-0.1564727156685459,0.0750073665918833,0.0027299418138436,238,6,5,0,87,0.0037737578394178533
2593,-0.4081480693543239,0.1314912773427522,0.0062924573567919,238,1,11,0,44,0.0016412330933814783
2594,0.0458461865758961,0.1277959562810474,0.1227517192241734,238,10,10,8,9,0.0005935909151224599
2595,0.0557742084175442,0.0661255742210031,0.0335397561914465,238,11,4,2,22,0.0021938763198335637
2596,0.3119171719320639,0.0492778463847437,0.0161350705182954,238,16,2,1,18,0.0010750831663844517
2597,-0.33177321561536,0.1088745671070687,0.0204797523661093,238,3,8,1,24,0.003650412738886289
2598,0.085132787292132,0.0694761661019616,0.0244519857831441,238,11,4,1,35,0.00355858256828443
2599,0.1464737793851717,0.0644215174438045,0.0366366277666789,238,12,4,2,30,0.0021432616240922957
2600,-0.1328582065737687,0.0914106539021309,0.0783863911170563,238,7,7,5,7,0.0007126402050501692
2601,-0.0374073680104953,0.0675258545014234,0.003705329267037,238,9,4,0,110,0.004292388740450521
2602,0.0226571641314753,0.1062922122143422,0.0896685379831476,238,10,8,5,11,0.0009142347313185025
2603,-0.2421373612736233,0.0901049542077478,0.0089433601629148,238,5,6,0,104,0.004457874728275953
2604,0.191220792114314,0.0404654582337324,0.009285269928581,238,13,1,0,9,0.0010668379852861295
2605,-0.2080275148033896,0.0824265467122764,0.0053906076154503,238,5,6,0,104,0.004457874728275953
2606,-0.1353402120341807,0.0951833616483008,0.0121570768426309,238,7,7,0,75,0.003922112144946418
2607,-0.1808672836223096,0.1037745074765457,0.0089685429733795,238,6,8,0,57,0.003300602884874217
2608,0.2003687550969754,0.0468496823647522,0.0063632977300114,238,14,2,0,63,0.001936958343928828
2609,0.2455412544764741,0.0849578929562585,0.1031433800212251,238,14,6,6,6,0.00044836706910762064
2610,-0.2278835584866858,0.1080525237839549,0.0730351721115167,238,5,8,4,7,0.001012779466561909
2611,0.070382583413112,0.0816079256879508,0.0456945797819123,238,11,6,2,17,0.001619547454591884
2612,-0.0240045385242704,0.0658192613248285,0.0138522756819485,238,9,4,0,110,0.004292388740450521
2613,-0.0354926780838917,0.0722823513742232,0.0022518288894941,238,9,5,0,128,0.00475484797010613
2614,0.1744140694252384,0.0555063586763528,0.0014510000210815,238,13,3,0,68,0.0026935169555837167
2615,0.1793071659043363,0.1015566600137179,0.1046105139348408,238,13,8,6,7,0.0005126940697092219
2616,-0.074070134382867,0.1193700976901353,0.109976176445421,238,8,9,7,7,0.0007091427151292486
2617,-0.189944332163245,0.0872459754868459,0.0083859815665954,238,6,6,0,123,0.0049806266057812725
2618,0.0693188667872212,0.0987337591766045,0.0691528451450404,238,11,7,4,16,0.0010682896120130846
2619,-0.2217849164982448,0.1005972041386311,0.0027413737455983,238,5,8,0,70,0.004087396103385501
2620,-0.0303159238378895,0.0998179118716533,0.080359921742434,238,9,7,5,11,0.0008999656682911266
2621,-0.3242562847923979,0.1076115491803226,0.0063394177058889,238,3,8,0,100,0.004333383064151017
2622,0.0893876537956954,0.0636824136140379,0.0016277885345744,238,11,4,0,96,0.0038563263286608743
2623,-0.1190298904371875,0.0845737064011918,0.0034364031688961,238,7,6,0,105,0.004915439800339099
2624,0.1541325390915859,0.0481820714786013,0.0040129511316214,238,13,2,0,51,0.002201728852969309
2625,-0.3074495621033223,0.0870472034699756,0.0066959284636915,238,3,6,0,36,0.0023601621856203458
2626,-0.4616175584157712,0.1279612509027048,0.0024233526475913,238,0,10,0,21,0.001299022135957822
2627,-0.2403645002304719,0.1037072774074566,0.056665043952572,238,5,8,3,9,0.0014604412928409406
2628,-0.4587100663050029,0.1300848238383767,0.0310223358012649,238,0,11,2,1,0.0004547742639602506
2629,-0.3458142750771194,0.1190479304141063,0.0164116175620812,238,3,9,1,37,0.003326167945494541
2630,-0.430486118498032,0.1211418302870994,0.0017643653978966,238,1,10,0,58,0.0024176974686684533
2631,-0.0774740275857178,0.0679558447058875,0.0047306585828609,238,8,4,0,68,0.003645851648012564
2632,-0.2054745949012516,0.086810764753836,0.0199235442924834,238,5,6,1,26,0.0036553501392859243
2633,-0.0691770379037691,0.0686557834293814,0.0187327835264618,238,8,4,1,19,0.0029757617683365627
2634,-0.1403751373967308,0.0840692210565311,0.00217946138226,238,7,6,0,105,0.004915439800339099
2635,-0.35155834485693,0.1181845845278829,0.0188302442824731,238,3,9,1,37,0.003326167945494541
2636,-0.2642626670921533,0.091866655692986,0.0083713973211961,238,4,7,0,120,0.004630464276693427
2637,-0.1656915930929333,0.1112783733109152,0.0248671159603483,238,6,9,1,16,0.0018103153645663555
2638,-0.2298691628550153,0.0853619275401122,0.0029385498692247,238,5,6,0,104,0.004457874728275953
2639,-0.3694996986136226,0.1218559775096931,0.0127873329656691,238,2,10,0,64,0.0027862606231091225
2640,0.0429386944651278,0.0605891296205921,0.0064909813143036,238,10,3,0,83,0.003204714279147116
2641,0.0113108534553061,0.0529591116361364,0.0079512793143134,238,10,3,0,83,0.003204714279147116
2642,-0.0103889657128674,0.1114569570454118,0.1087175121257546,238,9,9,7,10,0.0007146520219973656
2643,-0.2833386519164627,0.0955352073900896,0.0011423577473974,238,4,7,0,120,0.004630464276693427
2644,-0.4631776761337445,0.1313563826949833,0.0090581265211992,238,0,11,0,17,0.0009954726964181157
2645,0.2575967095699039,0.0557460509242183,0.0245183309805298,238,15,3,1,9,0.0012431228036498937
2646,0.0564833528348048,0.0626302791826896,0.017327847923599,238,11,4,1,35,0.00355858256828443
2647,-0.1099528418962521,0.0933922556981633,0.0218273458905594,238,7,7,1,42,0.0036960149974717034
2648,-0.3111371130730773,0.0964687096762619,0.0102494753704453,238,3,7,0,83,0.0037735571101525844
2649,-0.2535545863915186,0.0890575889777901,0.0055312346320772,238,5,6,0,104,0.004457874728275953
2650,-0.4321171506577314,0.1048556728328704,0.0085283010929995,238,1,8,0,39,0.0022015621544169703
2651,-0.462468531716484,0.1129476447937309,0.0128502528053997,238,0,9,0,7,0.0012448062716174599
2652,0.0393929723788249,0.0705869314554393,0.0032682706534894,238,10,4,0,104,0.004355003298635465
2653,0.1656206786512072,0.0601422795204458,0.0235858489363757,238,13,3,1,35,0.0025669641651229784
2654,0.0575470694606956,0.0581834430671344,0.0148651367551771,238,11,3,0,87,0.0035031944625956886
2655,-0.167748111902989,0.0985691146039696,0.0505465071563198,238,6,7,3,27,0.001618208133972155
2656,-0.3434031840584334,0.1160080651902005,0.0014625409367967,238,3,9,0,69,0.003704547569987754
2657,-0.188738786653902,0.1137042611734924,0.0155793436938022,238,6,9,1,16,0.0018103153645663555
2658,0.1564727156685459,0.052567743302658,0.0032388305614727,238,13,3,0,68,0.0026935169555837167
2659,-0.0219480197142147,0.1682016130753811,0.2058008787048427,238,9,14,13,3,0.0001835203773230882
2660,0.0837144984576108,0.0593550470228141,0.0010504527608443,238,11,3,0,87,0.0035031944625956886
2661,-0.2358968904017302,0.0822895312617186,0.0095494265846823,238,5,6,0,104,0.004457874728275953
2662,0.3727617629330212,0.1107619425793824,0.1522222000597272,238,17,9,9,1,9.574423679420205e-05
2663,-0.341630323015282,0.1132596836051688,0.0109173450132971,238,3,9,0,69,0.003704547569987754
2664,-0.3130518029996808,0.0822839337776236,0.0098162200436024,238,3,6,0,36,0.0023601621856203458
2665,-0.4265858242030989,0.1346604672541518,0.0208740865349062,238,1,11,1,21,0.0014808047137841256
2666,0.0188986987199943,0.0744712230780285,0.0156665656958978,238,10,5,1,35,0.003681177079075407
2667,-0.2063255682019643,0.0902047127681425,0.0018794967399086,238,5,6,0,104,0.004457874728275953
2668,-0.3672304364783887,0.0882044980670198,0.0051909947026143,238,2,6,0,18,0.0013709358574978201
2669,0.2186646810622983,0.057990483581301,0.0382084905320073,238,14,3,2,20,0.001345194623171677
2670,0.2108640924724319,0.054636766162831,0.0207157207876123,238,14,3,1,20,0.0018794301899020256
2671,-0.2808566464560507,0.0925425484105761,0.0070414495473975,238,4,7,0,120,0.004630464276693427
2672,-0.1795199092295145,0.1229364597422936,0.1002778880518065,238,6,10,6,6,0.00072903327134395
2673,0.0927915469985462,0.0988121064934186,0.0975196676802351,238,11,7,6,5,0.0007659267281337979
2674,-0.2998617168386341,0.0905265643788693,0.0062240066359074,238,4,7,0,120,0.004630464276693427
2675,0.2185228521788462,0.04750873527088,0.00206773553598,238,14,2,0,63,0.001936958343928828
2676,-0.2122114668652271,0.1016672936717391,0.0601626180810336,238,5,8,3,9,0.0014604412928409406
2677,-0.0677587490692479,0.0917389603122156,0.0401704670844523,238,8,7,2,16,0.002126815195695619
2678,0.1810091125057617,0.0963728795187061,0.0859342109312955,238,13,7,5,8,0.0006818188256363926
2679,-0.1428571428571428,0.1184644041554825,0.0737949834298959,238,7,9,4,17,0.0009932687448377788
2680,-0.1629968443073431,0.1061188405199724,0.0042788321535119,238,6,8,0,57,0.003300602884874217
2681,-0.3086551076126652,0.1127240020385437,0.0075757070812001,238,3,9,0,69,0.003704547569987754
2682,-0.017338581002021,0.0796371100294832,0.0276807197848224,238,9,5,1,43,0.0042530637397620065
2683,0.1106619863135127,0.0517375354880634,0.0179596164823647,238,12,3,1,38,0.0029775459777509877
2684,-0.1808672836223096,0.099079215682228,0.0039665961148616,238,6,7,0,96,0.004713885748433999
2685,0.0544977484664751,0.0641332278210074,0.0438039405612886,238,11,4,2,22,0.0021938763198335637
2686,-0.1843420912668864,0.0851668556025392,0.0264849607149482,238,6,6,1,30,0.004217975956735463
2687,-0.3402829486224869,0.1507601877466614,0.0379400144269439,238,3,13,2,1,0.00019374485556380414
2688,-0.3070949898946919,0.1105110217961689,0.0012167077249134,238,3,9,0,69,0.003704547569987754
2689,-0.4276495408289897,0.1119173936485047,0.0031392105246956,238,1,9,0,77,0.0026736108853416024
2690,0.1106619863135127,0.0856413945453161,0.1000775553670127,238,12,6,6,4,0.0005522044263716744
2691,-0.3024146367407722,0.1168396249779998,0.0315715219835513,238,4,9,2,13,0.001982695041022654
2692,-0.1920008509733007,0.069559302180452,0.0059305023725253,238,6,4,0,25,0.0019497198210807415
2693,-0.1563308867850937,0.1013102454709832,0.0773131212250671,238,6,8,5,7,0.0008740556127774582
2694,-0.4019785129241568,0.1110811837918857,0.0159462960885432,238,2,9,1,29,0.003099733513643377
2695,-0.024713682941531,0.1025983571247195,0.0814544170947911,238,9,8,5,17,0.0009574163963989238
2696,0.2203666276637237,0.0639821194253797,0.0532730098671167,238,14,4,3,13,0.001024868986996489
2697,-0.1127185051235684,0.1125777343821133,0.0996002074663297,238,7,9,6,13,0.0008976724089664401
2698,-0.2445484522923093,0.0954287417547593,0.0013995384494651,238,5,7,0,118,0.004976576343704583
2699,0.1922845087402049,0.1207107751840204,0.1382778299067056,238,13,10,9,7,0.0002713035225251719
2700,-0.1573236889692585,0.0820581259171688,0.0021020513800672,238,6,6,0,123,0.0049806266057812725
2701,-0.2180264510867638,0.0999902137971481,0.0097948209097903,238,5,7,0,118,0.004976576343704583
2702,0.0441442399744707,0.0677305167576053,0.0012926717572485,238,10,4,0,104,0.004355003298635465
2703,-0.1934900542495478,0.0969139390170747,0.0045382665802435,238,6,7,0,96,0.004713885748433999
2704,-0.1746268127504165,0.0656174519591954,0.00979132842432,238,6,4,0,25,0.0019497198210807415
2705,0.0040775803992483,0.1200722377511108,0.127760902840441,238,10,10,8,9,0.0005935909151224599
2706,0.199872354004893,0.0944655716400851,0.0857288225617201,238,14,7,5,3,0.0004280946403599068
2707,-0.0705244122965641,0.0762290388975503,0.0272280928102361,238,8,5,1,45,0.004231983686421704
2708,0.2656809559266744,0.0606004983354767,0.039737502190015,238,15,3,2,24,0.0010910017256819872
2709,-0.2383788958621422,0.1466737726119388,0.1753108665250156,238,5,12,11,3,0.00012799531581020006
2710,0.1883133000035457,0.0551337935890915,0.0193697058548838,238,13,3,1,35,0.0025669641651229784
2711,0.0520866574477892,0.0734457616078791,0.0130312328987072,238,11,5,0,31,0.0026768986373174324
2712,-0.0763393965181009,0.0881277721083216,0.008382541378054,238,8,6,0,87,0.004426521123504939
2713,-0.1538488813246817,0.0753638110967343,0.003413508615234,238,6,5,0,87,0.0037737578394178533
2714,0.2755380633265964,0.034270673801421,0.0142626916967746,238,15,1,0,37,0.0012568719412054995
2715,-0.4277204552707158,0.1323170583936738,0.0026434474388312,238,1,11,0,44,0.0016412330933814783
2716,-0.0352799347587136,0.0670476459872842,0.0025568341317263,238,9,4,0,110,0.004292388740450521
2717,0.3274474346700705,0.0504047786851902,0.0412888793568207,238,16,2,2,9,0.0007651371141647444
2718,0.0144310888912527,0.072782919884604,0.0356165030293876,238,10,5,2,36,0.0025029702124330115
2719,0.0108144523632237,0.0625715963840407,0.0015770503935519,238,10,4,0,104,0.004355003298635465
2720,-0.4467964400950252,0.1170798981767358,0.0106355947394237,238,1,9,0,77,0.0026736108853416024
2721,-0.3768038861114065,0.1597504904694402,0.0470061220094009,238,2,14,3,1,6.271362091101059e-05
2722,-0.0615182781973548,0.0957786421620644,0.0243185649221047,238,8,7,1,25,0.0028794895434652297
2723,-0.1606566677303832,0.136597952164644,0.1106633291462758,238,6,11,7,5,0.0004921515586396508
2724,-0.2041981349501825,0.1103037798782376,0.0365571331710978,238,5,9,2,12,0.00176205040904918
2725,0.0163457788178562,0.057153279473553,0.0075386370042614,238,10,3,0,83,0.003204714279147116
2726,-0.2957486792185228,0.1224560439777855,0.0424037627222187,238,4,10,2,20,0.0013956950402149748
2727,-0.0541431762578449,0.0844349901067069,0.0243871721998551,238,8,6,1,32,0.004098846777087474
2728,-0.0893167393539694,0.0673017339279486,0.0024201339011429,238,8,4,0,68,0.003645851648012564
2729,-0.2315001950147147,0.0927387062662123,0.0005232398359929,238,5,7,0,118,0.004976576343704583
2730,0.1310144310888912,0.0618613991443679,0.0165535022205007,238,12,4,1,39,0.0030492137784899846
2731,0.0004609438712193,0.0655766677147904,0.0009542261301752,238,10,4,0,104,0.004355003298635465
2732,-0.111016558522143,0.0741726745647427,0.0087347239824739,238,7,5,0,86,0.004462857898018962
2733,0.2907846682976988,0.0420957979428977,0.0143609080030083,238,15,2,0,32,0.001490183960655832
2734,-0.2706449668474984,0.1265047288473667,0.0158769263445292,238,4,10,1,11,0.0018171377599596609
2735,-0.1736340105662518,0.0885381077390896,0.0061745232611419,238,6,6,0,123,0.0049806266057812725
2736,0.1168315427436797,0.0837540877646732,0.0438732998495319,238,12,6,2,6,0.00114301651556474
2737,0.0622983370563415,0.1196496949951916,0.1318606934243976,238,11,10,8,10,0.0005244538209284242
2738,0.28986278055526,0.06367219850907,0.0518996845726906,238,15,4,3,9,0.000828693471620224
2739,-0.1432117150657731,0.0933510817027834,0.0539954384800733,238,7,7,3,28,0.0017006627136119561
2740,-0.1562599723433677,0.0889219371794195,0.0056630428647837,238,6,6,0,123,0.0049806266057812725
2741,0.2683047902705385,0.0593199122828604,0.0408076390065313,238,15,3,2,24,0.0010910017256819872
2742,0.4460872956777647,0.1400519378643136,0.2026844175880333,238,18,12,13,1,2.7597662792992802e-05
2743,-0.0779704286778002,0.0764259455616843,0.0053295807984138,238,8,5,0,118,0.004884276702473828
2744,-0.2485196610289685,0.0972284712755582,0.0330971673854416,238,5,7,2,24,0.0024001793753435753
2745,-0.2205084565471758,0.0754743184320916,0.0048447272900565,238,5,5,0,48,0.002829270609622204
2746,-0.040811261213346,0.0656175795770768,0.010320438559713,238,9,4,0,110,0.004292388740450521
2747,-0.1026486543984682,0.0998237813798275,0.0928875719858122,238,8,7,6,6,0.0005008773063975063
2748,-0.1217246392227777,0.0962497730603349,0.0298705715477074,238,7,7,1,42,0.0036960149974717034
2749,0.3383682586958833,0.0324593545487531,0.0010740250882673,238,16,1,0,44,0.0011029673443555539
2750,-0.1999432684466191,0.08393205291972,0.0058224505350028,238,6,6,0,123,0.0049806266057812725
2751,-0.2139843279083784,0.0873457900563136,0.0250478256471594,238,5,6,1,26,0.0036553501392859243
2752,-0.0599581604793816,0.0783540948936964,0.0011881450734969,238,8,5,0,118,0.004884276702473828
2753,-0.3421267241073644,0.0905260301916641,0.0281946768251641,238,3,7,1,24,0.003043892917955284
2754,0.1654788497677551,0.0508642367938878,0.0025987020128292,238,13,2,0,51,0.002201728852969309
2755,-0.3112080275148033,0.1292001931900154,0.0850625115251951,238,3,10,5,3,0.00044431757531356226
2756,0.2900046094387121,0.0903367453669769,0.1130006617630067,238,15,7,7,8,0.0003388049578936866
2757,-0.2268907563025209,0.1087125557701275,0.0833951692588206,238,5,8,5,8,0.000684282598842483
2758,0.0476899620607736,0.0776113989267791,0.0069435082945058,238,11,5,0,31,0.0026768986373174324
2759,0.3814842392653263,0.0461360223189174,0.0366570863075078,238,17,2,2,7,0.0005407629660983607
2760,0.1071871786689359,0.0838476829998349,0.0526640931120104,238,12,6,3,15,0.0012031467636487892
2761,-0.3853845335602595,0.1579425064193563,0.1734945260480078,238,2,13,11,2,4.032042227263361e-05
2762,-0.091373258164025,0.094420013042909,0.0415278966349137,238,8,7,2,16,0.002126815195695619
2763,-0.1760451015849377,0.1063672474913319,0.0097359600410136,238,6,8,0,57,0.003300602884874217
2764,-0.0954153813424103,0.0702254225721754,0.018437786943044,238,8,4,1,19,0.0029757617683365627
2765,-0.1873914122611069,0.1049191413084275,0.0053448042378071,238,6,8,0,57,0.003300602884874217
2766,-0.2286636173456724,0.0987718029496436,0.0075173877311196,238,5,7,0,118,0.004976576343704583
2767,-0.2857497429351487,0.1109753739060366,0.0535015377524304,238,4,9,3,9,0.0012847209871673672
2768,-0.1958302308265077,0.1243521363802013,0.0674655069029161,238,6,10,4,4,0.00067967515270272
2769,-0.2190192532709286,0.095746891383458,0.0039359998122451,238,5,7,0,118,0.004976576343704583
2770,-0.193702797574726,0.0742818553445466,0.0025880060606081,238,6,5,0,87,0.0037737578394178533
2771,-0.0693188667872212,0.0637897794972228,0.0037847634910068,238,8,4,0,68,0.003645851648012564
2772,0.4347409850015955,0.073802228881919,0.0869219951661172,238,18,5,5,1,0.00014383900336476036
2773,-0.1478211537779668,0.0772927995855265,0.0193774592164204,238,7,5,1,35,0.003768331523905521
2774,-0.3642520299258943,0.1012964544110632,0.0007615515063565,238,2,8,0,89,0.003550440087193625
2775,0.1869659256107506,0.0803722227792752,0.0466517527655798,238,13,5,3,23,0.0012615436760510372
2776,-0.0514484274722547,0.110648916643351,0.0707382394889866,238,9,9,4,5,0.0005717757723439476
2777,-0.2564620785022869,0.0981395485257002,0.0014189237981419,238,4,7,0,120,0.004630464276693427
2778,-0.0438605822075665,0.1593914474572398,0.1905455818283753,238,9,14,12,6,0.00019283186778847947
2779,-0.2444775378505832,0.0876268356165763,0.0051402593477293,238,5,6,0,104,0.004457874728275953
2780,-0.107329007552388,0.1178626549388291,0.1053663630286061,238,7,9,6,13,0.0008976724089664401
2781,0.0246427684998049,0.1509544814550122,0.1634694958812937,238,10,13,10,3,0.0002238979984554563
2782,-0.0430805233485799,0.0824318212887155,0.0074364192484692,238,9,6,0,67,0.003528788865454604
2783,-0.1303052866716306,0.0988051273175827,0.0295283882272464,238,7,7,1,42,0.0036960149974717034
2784,-0.0796014608374995,0.114290640860869,0.0832057959222265,238,8,9,5,3,0.0008329680822776798
2785,-0.2563911640605609,0.0936169893163884,0.0105962084790778,238,4,7,0,120,0.004630464276693427
2786,-0.1732794383576215,0.0828333704368255,0.0055559995945811,238,6,6,0,123,0.0049806266057812725
2787,-0.1027904832819203,0.1359740847385294,0.1085499725986455,238,8,11,7,4,0.0004979663108826946
2788,-0.1123639329149381,0.0620323279058281,0.0077589887648657,238,7,4,0,53,0.0027892752163863077
2789,-0.1581037478282451,0.0761792514426165,0.0126574893738881,238,6,5,0,87,0.0037737578394178533
2790,0.063007481473602,0.0690221165592942,0.0334691887021984,238,11,4,2,22,0.0021938763198335637
2791,-0.2266780129773428,0.0797327079224675,0.0088391178271027,238,5,5,0,48,0.002829270609622204
2792,-0.1939864553416302,0.0920970595298966,0.0561295917592059,238,6,7,3,27,0.001618208133972155
2793,0.0615182781973548,0.0775931593899097,0.0561807113680023,238,11,5,3,16,0.0015976535184731248
2794,-0.3097188242385561,0.0835599543593069,0.0033236427558638,238,3,6,0,36,0.0023601621856203458
2795,-0.2424210190405275,0.083508234207701,0.00920550770874,238,5,6,0,104,0.004457874728275953
2796,-0.3582243023791794,0.0995306707814467,0.0043580126868633,238,2,7,0,52,0.002597604187038845
2797,-0.2224940609155054,0.0951528941196159,0.0037520853562956,238,5,7,0,118,0.004976576343704583
2798,-0.436584760486473,0.1207656629897545,0.0030964169251553,238,1,10,0,58,0.0024176974686684533
2799,-0.336737226536184,0.1190576016399141,0.0205965645939235,238,3,9,1,37,0.003326167945494541
2800,-0.3695706130553486,0.1029487123178495,0.0023365200190295,238,2,8,0,89,0.003550440087193625
2801,-0.1442045172499379,0.1024171407578242,0.0549802596131542,238,7,8,3,10,0.0014664422006572305
2802,-0.0169840087933907,0.1001225716443494,0.0795291985071491,238,9,8,5,17,0.0009574163963989238
2803,0.106123462043045,0.053757873739616,0.0096651808528031,238,12,3,0,112,0.0033545247846789965
2804,-0.404602347268021,0.1049611947072363,0.0018854499664909,238,2,8,0,89,0.003550440087193625
2805,-0.2808566464560507,0.0948077653388429,0.0010330513117305,238,4,7,0,120,0.004630464276693427
2806,-0.2332021416161401,0.1185974464345148,0.0666629728528131,238,5,9,4,13,0.001032141634315045
2807,-0.1199517781796262,0.1053868578660785,0.0120121400226379,238,7,8,0,22,0.0023093496379671427
2808,-0.3875119668120412,0.1205873997136592,0.0066332973192365,238,2,10,0,64,0.0027862606231091225
2809,-0.4519022798993014,0.1287023836695284,0.0053835911279542,238,1,10,0,58,0.0024176974686684533
2810,-0.3993546785802928,0.0916002032655955,0.0051926101941592,238,2,7,0,52,0.002597604187038845
2811,-0.1514377903059957,0.1025898567894369,0.0104234411395927,238,7,8,0,22,0.0023093496379671427
2812,-0.1832783746409956,0.0692828236909296,0.0051281006278049,238,6,4,0,25,0.0019497198210807415
2813,0.1095982696876218,0.0595620277501956,0.0084277259729681,238,12,3,0,112,0.0033545247846789965
2814,0.0045030670496046,0.1374170993119547,0.1645664680000943,238,10,11,10,4,0.00035652994478835683
2815,-0.1199517781796262,0.101083418611111,0.0756193155478299,238,7,8,4,14,0.0012485724446440057
2816,-0.1568982023189022,0.1205704741352577,0.0889547800689024,238,6,10,5,6,0.0007031740076459483
2817,0.0865510761266531,0.100040829489299,0.063778596888914,238,11,7,4,16,0.0010682896120130846
2818,0.3486508527461617,0.0678914459256165,0.0767608615932642,238,16,4,5,1,0.0003147841014448579
2819,0.0749211076835797,0.0569082434164983,0.0027135275780899,238,11,3,0,87,0.0035031944625956886
2820,-0.4302733751728538,0.1356345097996051,0.0339452363598564,238,1,11,2,11,0.0008562449645723883
2821,-0.0363436513846044,0.1219972879416513,0.1036189145121664,238,9,10,6,2,0.0005226782216797816
2822,0.2354714037513739,0.0827515955961817,0.0817451956223683,238,14,6,5,8,0.000589510168062825
2823,-0.4555189164273303,0.1179536218151377,0.0107370765304687,238,0,9,0,7,0.0012448062716174599
2824,-0.3735418217920078,0.1000568940708102,0.0075131242060286,238,2,7,0,52,0.002597604187038845
2825,-0.0305286671630677,0.1327741359955679,0.1362576939393786,238,9,11,8,7,0.0005266051561481871
2826,-0.3230507392830549,0.0995640115010961,0.0023859124309163,238,3,7,0,83,0.0037735571101525844
2827,0.07527567989221,0.1238667248681444,0.1240418888455933,238,11,10,8,10,0.0005244538209284242
2828,-0.3925468921745913,0.1080008428231976,0.0015003561484096,238,2,8,0,89,0.003550440087193625
2829,-0.2126369535155834,0.0762332417304358,0.0176514650378692,238,5,5,1,12,0.0022323785997296892
2830,-0.0631493103570542,0.0831889612253313,0.0017939227013577,238,8,6,0,87,0.004426521123504939
2831,-0.037052795801865,0.085259224344659,0.0479059272347501,238,9,6,3,22,0.0016882375614213183
2832,0.1031450554905506,0.0675798937159414,0.0312588430152358,238,12,4,2,30,0.0021432616240922957
2833,-0.0609509626635464,0.0712241933585403,0.0143930313008175,238,8,5,0,118,0.004884276702473828
2834,0.4009857107399921,0.0508396674535066,0.0335640661119647,238,18,2,2,6,0.00029173800951271325
2835,-0.3484381094209835,0.1047994720554039,0.0028511838515871,238,3,8,0,100,0.004333383064151017
2836,0.0775449420274438,0.1179280302593392,0.1276767236539991,238,11,9,8,8,0.0005261201831962991
2837,-0.0226571641314753,0.0924786662381532,0.0466111304083006,238,9,7,3,16,0.0014739189266975681
2838,-0.0462716732262525,0.0679073075009922,0.0044362078544191,238,9,4,0,110,0.004292388740450521
2839,-0.3050384710846363,0.086618192811663,0.0109650314398191,238,3,6,0,36,0.0023601621856203458
2840,-0.1855476367762294,0.1033300640022088,0.0015042358569521,238,6,8,0,57,0.003300602884874217
2841,0.0150693188667872,0.1106175412935893,0.1191232842822208,238,10,9,7,11,0.0007372693959234579
2842,-0.2796511009467077,0.0908015887545761,0.0022936179147202,238,4,7,0,120,0.004630464276693427
2843,-0.2193738254795589,0.1060006813834808,0.0415724515203424,238,5,8,2,23,0.0023032056205181664
2844,-0.3124135730241463,0.0935434247306838,0.0027144912775853,238,3,7,0,83,0.0037735571101525844
2845,-0.0327270148565755,0.0827040648844263,0.00250787941096,238,9,6,0,67,0.003528788865454604
2846,0.016062121050952,0.0588169967369524,0.0060674431449927,238,10,3,0,83,0.003204714279147116
2847,-0.2773818388114739,0.1201097365124418,0.0230139036724385,238,4,10,1,11,0.0018171377599596609
2848,0.3326241889160727,0.1325069842023887,0.1778322826058839,238,16,11,11,4,9.273617327200639e-05
2849,0.1103074141048824,0.1299884955669463,0.1354852033976361,238,12,11,8,2,0.00023557719093156518
2850,0.1654788497677551,0.0783485225463292,0.0776016288896405,238,13,5,5,4,0.0005779107769504253
2851,-0.1456937205261851,0.1186928606612019,0.0684549609181777,238,7,9,4,17,0.0009932687448377788
2852,0.0669786902102613,0.0579875044405302,0.0035633966340408,238,11,3,0,87,0.0035031944625956886
2853,0.2877353473034783,0.0572727804602313,0.0416235299912838,238,15,3,2,24,0.0010910017256819872
2854,-0.1395241640960181,0.0830222236056978,0.0022915867758058,238,7,6,0,105,0.004915439800339099
2855,0.1149168528170761,0.0731151461451223,0.0260935482775063,238,12,5,1,16,0.0020170201009321654
2856,0.2919902138070417,0.1061363292938328,0.1214760816371836,238,15,8,7,5,0.0002972427616203078
2857,-0.0515902563557068,0.0716170017848169,0.0009364087409356,238,9,5,0,128,0.00475484797010613
2858,-0.2575257951281778,0.1002117482130147,0.0168131943097842,238,4,8,1,31,0.003922345351422437
2859,-0.1158387405595149,0.0984037214808249,0.0055403218715707,238,7,7,0,75,0.003922112144946418
2860,-0.1923554231819309,0.1062060796543011,0.0867328255112405,238,6,8,5,7,0.0008740556127774582
2861,-0.4285005141297024,0.1404350950782307,0.0337684148658727,238,1,12,2,5,0.000499757758089458
2862,-0.4521859376662057,0.1363341107616386,0.0065667789075212,238,1,11,0,44,0.0016412330933814783
2863,-0.0811615785554728,0.08975744151559,0.0112559166126982,238,8,6,0,87,0.004426521123504939
2864,-0.2236286919831223,0.1339115887545336,0.1221636252380287,238,5,11,8,5,0.00037386751139607805
2865,-0.2939758181753714,0.0794145674906691,0.004726176864217,238,4,5,0,26,0.0018323270165334974
2866,-0.3422685529908165,0.0945853302031057,0.0106884982754129,238,3,7,0,83,0.0037735571101525844
2867,-0.2841187107754493,0.0974082291859471,0.0037268959578064,238,4,7,0,120,0.004630464276693427
2868,-0.1683154274367974,0.0828174792633592,0.0088742500681215,238,6,6,0,123,0.0049806266057812725
2869,0.2228486331241357,0.041313477899433,0.007397897742799,238,14,1,0,22,0.0012417306714709786
2870,0.0424422933730454,0.0837090523065488,0.0463168378427176,238,10,6,3,31,0.0017261073251220965
2871,-0.1805836258554054,0.090320554676995,0.0221820557873216,238,6,6,1,30,0.004217975956735463
2872,-0.1123639329149381,0.0691513425757601,0.02257012211829,238,7,4,1,13,0.002255601474021136
2873,-0.2174591355529553,0.1015608494256532,0.0151389623702553,238,5,8,0,70,0.004087396103385501
2874,0.0045739814913307,0.0736776953902281,0.0030425305953608,238,10,5,0,75,0.003855261700858351
2875,0.208523915895472,0.0475113417030409,0.0017272033579536,238,14,2,0,63,0.001936958343928828
2876,-0.1966102896854944,0.0892648552585776,0.0015030954074878,238,6,6,0,123,0.0049806266057812725
2877,0.1830656313158174,0.0644090555897809,0.0175672229099739,238,13,4,1,27,0.002211503016508247
2878,-0.4679289437293905,0.1163260947290181,0.0193134058340094,238,0,9,1,3,0.0010114781066728213
2879,-0.1139240506329113,0.0630554282859704,0.0144708056868661,238,7,4,0,53,0.0027892752163863077
2880,-0.2361805481686344,0.1110891188103095,0.0097247608911459,238,5,9,0,34,0.002548715097143437
2881,0.1903698188136013,0.055890371392778,0.0130338012735473,238,13,3,0,68,0.0026935169555837167
2882,-0.2205084565471758,0.0911884225824272,0.0078452713376512,238,5,7,0,118,0.004976576343704583
2883,-0.1791653370208842,0.0969761009878207,0.0189974287599602,238,6,7,1,34,0.0042053397344584634
2884,-0.1349147253838244,0.1232867158933243,0.1274824830800048,238,7,10,8,8,0.0005563586716044574
2885,-0.2241250930752047,0.0973345181620667,0.0194425299241076,238,5,7,1,30,0.0042669011761406455
2886,-0.2404354146721979,0.100643609761119,0.0183823798133327,238,5,8,1,31,0.003710872647041985
2887,-0.197390348544481,0.0866969654252736,0.0238650889787293,238,6,6,1,30,0.004217975956735463
2888,-0.3429776974080771,0.111303971181917,0.0065663102667893,238,3,9,0,69,0.003704547569987754
2889,0.280076587597064,0.0988104892423355,0.1235195340280232,238,15,7,8,2,0.0002542795657909875
2890,-0.3033365244832109,0.1233544235609593,0.046820376770168,238,4,10,3,9,0.0010100687867596464
2891,-0.260220543913768,0.0996945362634704,0.0449057362182671,238,4,7,2,14,0.001988598870210548
2892,-0.0657022302591922,0.0810362257868233,0.0501436756838227,238,8,6,3,16,0.001552115822956393
2893,-0.4015530262738006,0.107128945201774,0.0056154573524451,238,2,8,0,89,0.003550440087193625
2894,-0.1027195688401943,0.1106331542830616,0.0287670713007682,238,8,9,1,2,0.0006011300337204756
2895,-0.2424919334822536,0.1307871182365001,0.032581565235782,238,5,11,2,6,0.0005500824340594334
2896,-0.1353402120341807,0.0969441034614357,0.0294846985043153,238,7,7,1,42,0.0036960149974717034
2897,0.0535049462823103,0.0834585568587044,0.0497760877403051,238,11,6,3,17,0.0015177436956017969
2898,-0.0731482466404283,0.0802766935467499,0.0033261745465703,238,8,5,0,118,0.004884276702473828
2899,-0.1255540190759848,0.0947852193638121,0.0519633934847182,238,7,7,3,28,0.0017006627136119561
2900,-0.2487324043541467,0.1022951923747105,0.0029385625988934,238,5,8,0,70,0.004087396103385501
2901,-0.0498173953125554,0.1007116485091456,0.0581555874544061,238,9,8,3,7,0.0009415404020712165
2902,-0.1063362053682232,0.1136639415291505,0.1151285692278219,238,7,9,7,11,0.0006895840231845074
2903,0.1713647484310179,0.0514883316161905,0.0017931002536051,238,13,3,0,68,0.0026935169555837167
2904,0.0416622345140587,0.0857751389967374,0.0482044585654681,238,10,6,3,31,0.0017261073251220965
2905,-0.1794489947877885,0.0856447409683598,0.0020254207776114,238,6,6,0,123,0.0049806266057812725
2906,-0.2677374747367301,0.0843899957507331,0.0294160022298454,238,4,6,1,14,0.002774995476257176
2907,0.0764103109598269,0.0818340922933521,0.0360400348401134,238,11,6,2,17,0.001619547454591884
2908,-0.1248448746587242,0.1525083368656765,0.1626450202345019,238,7,13,10,5,0.00022213182713577852
2909,0.0970464135021096,0.0694969301463541,0.0013395909382761,238,11,4,0,96,0.0038563263286608743
2910,-0.424245647626139,0.1053733878904106,0.0041262348837205,238,1,8,0,39,0.0022015621544169703
2911,-0.0386838279615643,0.0698177212376788,0.0504947273970169,238,9,4,3,4,0.0007430513465688901
2912,0.1559054001347374,0.0520193495843921,0.0025684376861031,238,13,3,0,68,0.0026935169555837167
2913,-0.2162535900436123,0.1083074566417749,0.014312070125838,238,5,8,0,70,0.004087396103385501
2914,0.0770485409353614,0.0643600169431919,0.0072756381677677,238,11,4,0,96,0.0038563263286608743
2915,-0.1705846895720313,0.0949528829613417,0.0016113350968286,238,6,7,0,96,0.004713885748433999
2916,-0.066695032443357,0.1372518158875489,0.1396340234331411,238,8,11,9,9,0.00047895346149418435
2917,0.1842711768251604,0.0702540040052163,0.0471587492161095,238,13,4,3,11,0.001202520299529772
2918,-0.014856575541609,0.0885679274992911,0.0027803828505125,238,9,6,0,67,0.003528788865454604
2919,-0.4541715420345353,0.1297031456963695,0.0013538504770514,238,1,11,0,44,0.0016412330933814783
2920,-0.3066695032443357,0.1124153427676101,0.0080821382308397,238,3,9,0,69,0.003704547569987754
2921,0.3012090912314292,0.0756067917049127,0.0745995395827522,238,16,5,4,4,0.0004378321582649308
2922,-0.3538985214338899,0.1182180454209215,0.0089150483595904,238,3,9,0,69,0.003704547569987754
2923,-0.4402013970145019,0.1448629933718136,0.0083911533274784,238,1,12,0,17,0.000821500086197717
2924,0.0891039960287912,0.0665191522838443,0.0219626664715189,238,11,4,1,35,0.00355858256828443
2925,-0.3311349856398255,0.1128661572091791,0.003722543535344,238,3,9,0,69,0.003704547569987754
2926,-0.1010885366804949,0.08672297143656,0.0223005068036482,238,8,6,1,32,0.004098846777087474
2927,-0.2715668545899372,0.1075522315305871,0.0006936233592285,238,4,8,0,91,0.004483419991872029
2928,-0.2673119880863737,0.1259792116388188,0.0664144482298991,238,4,10,4,10,0.0007531324760669358
2929,0.4386412792965287,0.0444381931937004,0.0429144397854503,238,18,2,2,6,0.00029173800951271325
2930,-0.0525121440981455,0.0752207079698102,0.0025193173562165,238,9,5,0,128,0.00475484797010613
2931,-0.0757720809842924,0.0738675700298605,0.0557323187710459,238,8,5,3,8,0.0010831394703888387
2932,-0.1651242775591248,0.1177390559640497,0.0827551857080171,238,6,9,5,14,0.0009713154263924001
2933,0.0132255433819097,0.0867510258010274,0.0428999657924009,238,10,6,2,24,0.0021178534085580414
2934,-0.2253306385845477,0.0721367114968544,0.0096356523134993,238,5,5,0,48,0.002829270609622204
2935,0.12456121689182,0.0570484382417666,0.0037770773252439,238,12,3,0,112,0.0033545247846789965
2936,0.1375385597276885,0.0928043490940027,0.0734195966706936,238,12,7,4,6,0.0008233196115806856
2937,-0.1746268127504165,0.0882008561531668,0.0095151903107462,238,6,6,0,123,0.0049806266057812725
2938,0.4379321348792681,0.0563236599096368,0.0556430037910541,238,18,3,3,3,0.00025575781193847366
2939,-0.2606460305641243,0.1039436228331693,0.060906053110711,238,4,8,3,12,0.0012669446365662046
2940,-0.1498776725880225,0.0884155417872762,0.0072539635171323,238,7,6,0,105,0.004915439800339099
2941,-0.3397865475304045,0.1187897923076332,0.0089807586333548,238,3,9,0,69,0.003704547569987754
2942,-0.4132539091586001,0.1401665858248274,0.024604275368533,238,1,12,1,7,0.0007803333456211111
2943,-0.0848491295252278,0.0778308536470576,0.0012421652250194,238,8,5,0,118,0.004884276702473828
2944,-0.0416622345140587,0.0543971626745848,0.0215925455673436,238,9,3,1,7,0.0019758015093679832
2945,-0.0171967521185689,0.1057191661260192,0.0868243960105189,238,9,8,5,17,0.0009574163963989238
2946,0.0898840548877778,0.0576668056048529,0.0082646487470302,238,11,3,0,87,0.0035031944625956886
2947,-0.1934191398078218,0.1202619532408667,0.1059680530281303,238,6,10,6,6,0.00072903327134395
2948,-0.0329397581817537,0.0891582394432698,0.0190772705235332,238,9,6,1,35,0.003457223377569426
2949,-0.4092117859802148,0.1203211335758487,0.0055271613890274,238,1,10,0,58,0.0024176974686684533
2950,-0.2416409601815409,0.0726783467474333,0.0060043452115373,238,5,5,0,48,0.002829270609622204
2951,-0.3492181682799701,0.1238521894648103,0.0300259822517499,238,3,10,1,18,0.0022729880349347505
2952,-0.0686097223699606,0.0709375900832958,0.005183580987467,238,8,5,0,118,0.004884276702473828
2953,0.1148459383753501,0.0800155765307827,0.0400211508611495,238,12,5,2,36,0.001907366235161121
2954,-0.127043222352232,0.0686563030357976,0.0026318130899539,238,7,4,0,53,0.0027892752163863077
2955,-0.0184732120696379,0.0597700600199486,0.0030774596395359,238,9,3,0,38,0.002541755274822797
2956,-0.2106513491472538,0.0763370825655287,0.013517053973402,238,5,5,0,48,0.002829270609622204
2957,-0.2434847356664184,0.077382993623755,0.0263243536446462,238,5,5,1,12,0.0022323785997296892
2958,-0.1115129596142254,0.0785167886713906,0.0043658331692426,238,7,5,0,86,0.004462857898018962
2959,-0.2015033861645923,0.1186802063221993,0.0689379714671286,238,6,9,4,19,0.0010847483299686014
2960,-0.1877459844697372,0.0945683616559094,0.0023564338256239,238,6,7,0,96,0.004713885748433999
2961,-0.3033365244832109,0.105181715958691,0.001538230623293,238,4,8,0,91,0.004483419991872029
2962,-0.0206715597631457,0.072409715534334,0.0297811910650545,238,9,5,1,43,0.0042530637397620065
2963,-0.0293940360954508,0.091332208031703,0.0548907756225131,238,9,7,3,16,0.0014739189266975681
2964,-0.0303159238378895,0.0814659497068233,0.004396516091356,238,9,6,0,67,0.003528788865454604
2965,0.1861858667517639,0.0999031575146473,0.0963383312426979,238,13,7,6,10,0.0006279537371180559
2966,-0.0332234159486579,0.1176671156772377,0.1019397173843087,238,9,9,6,7,0.0007918383888093588
2967,0.3698542708222529,0.0344870504379497,0.0084769465915277,238,17,1,0,23,0.0007836667221217257
2968,-0.1642733042584122,0.0845439930930405,0.0106649614003565,238,6,6,0,123,0.0049806266057812725
2969,-0.2640499237669751,0.0895912669410472,0.038202052085069,238,4,6,2,8,0.0013129152342475894
2970,-0.3532602914583554,0.0957700558244491,0.0013809297581758,238,3,7,0,83,0.0037735571101525844
2971,0.0088997624366202,0.0748068678850103,0.0621754795136457,238,10,5,4,5,0.0008279011511416063
2972,-0.2671701592029216,0.095431478540468,0.0021764280323738,238,4,7,0,120,0.004630464276693427
2973,-0.0310250682551501,0.0634143351786289,0.0046432386354726,238,9,4,0,110,0.004292388740450521
2974,-0.1198808637379002,0.0883085768831152,0.0180957830897959,238,7,6,1,35,0.004354591136495643
2975,0.0610218771052724,0.0740867913897194,0.0406384292218399,238,11,5,2,24,0.0022595098618287553
2976,0.3517001737403821,0.056006263023507,0.0512556879722275,238,17,3,3,8,0.00048395992218328883
2977,-0.2792965287380775,0.0921747174319295,0.001905415734725,238,4,7,0,120,0.004630464276693427
2978,0.2273871573946033,0.0440883094775051,0.014153236589473,238,14,2,0,63,0.001936958343928828
2979,-0.3136191185334893,0.0873484663600724,0.0260377349692217,238,3,6,1,4,0.0018419565479803385
2980,-0.337942772045527,0.0966753252784518,0.0117949295756247,238,3,7,0,83,0.0037735571101525844
2981,0.1237102435911073,0.0737577300452446,0.0501849332633281,238,12,5,3,24,0.001508498782464373
2982,-0.0785377442116086,0.0679576541279898,0.0526361524773738,238,8,4,3,1,0.0005220807917746493
2983,-0.3432613551749813,0.1077017504100287,0.0015962301585882,238,3,8,0,100,0.004333383064151017
2984,-0.0421586356061411,0.1580643637081237,0.1811580198321201,238,9,13,11,2,0.00025609018731540797
2985,-0.3134063752083111,0.1152056272483692,0.0608420083716744,238,3,9,3,16,0.0011554300265711247
2986,0.2472432010778995,0.0723007781183464,0.0687872598194601,238,14,5,4,19,0.0007926131938837975
2987,-0.0854873595007623,0.0668450090546757,0.0032626340572291,238,8,4,0,68,0.003645851648012564
2988,0.0019501471474665,0.0728458351982686,0.0063556493330261,238,10,5,0,75,0.003855261700858351
2989,-0.2539091586001489,0.1189924102219278,0.0369401178402073,238,5,9,2,12,0.00176205040904918
2990,-0.2560365918519306,0.1098835996933484,0.0082099720774878,238,4,9,0,63,0.0032442879918447966
2991,0.0290394638868205,0.1085850397837717,0.1161432315497428,238,10,8,7,7,0.0006249498792050277
2992,-0.1502322447966528,0.0984885535368523,0.0111524808325686,238,7,7,0,75,0.003922112144946418
2993,0.388504768996206,0.0342732953879822,0.0186137136283319,238,17,1,1,15,0.0007078839229582325
2994,0.2672410736446477,0.0444792451407879,0.0208642046711961,238,15,2,1,18,0.00142560135977588
2995,-0.0722972733397156,0.0758766652178577,0.0011340757986322,238,8,5,0,118,0.004884276702473828
2996,-0.2176009644364074,0.1002432857762798,0.014925330514103,238,5,8,0,70,0.004087396103385501
2997,-0.2947558770343579,0.1064153871204518,0.0081072030549657,238,4,8,0,91,0.004483419991872029
2998,-0.2759635499769527,0.1083834226895367,0.0328532474639031,238,4,8,2,18,0.0022378626382709432
2999,-0.157961918944793,0.09386976527129,0.0023932108435915,238,6,7,0,96,0.004713885748433999
3000,-0.40821898379605,0.1324156882684238,0.0243850991825311,238,1,11,1,21,0.0014808047137841256
3001,-0.1707265184554834,0.1194310115047138,0.0438908953769901,238,6,9,2,9,0.0013930794518370066
3002,-0.4578590930042902,0.1212696957812221,0.0016712750602921,238,0,10,0,21,0.001299022135957822
3003,0.1473956671276105,0.0592974548387498,0.004044373300487,238,12,3,0,112,0.0033545247846789965
3004,-0.2941176470588235,0.0955299103561966,0.0060046511251306,238,4,7,0,120,0.004630464276693427
3005,-0.2052618515760734,0.1000801541373028,0.0223802444683996,238,5,8,1,31,0.003710872647041985
3006,-0.3573733290784667,0.1151883330793397,0.0368171046806105,238,2,9,2,15,0.001644406735155633
3007,-0.0634329681239584,0.0895333310181504,0.0320696812464804,238,8,6,2,25,0.0025738901815202356
3008,0.1195262915292699,0.1002618961935998,0.0892580755059575,238,12,8,5,3,0.0006378968641423317
3009,-0.0459880154593482,0.1116149932017324,0.0429876884356558,238,9,9,2,3,0.0003751600164269074
3010,-0.0944225791582455,0.0733763726168828,0.00606345720421,238,8,5,0,118,0.004884276702473828
3011,0.1944119419919866,0.0533997781607727,0.0048554085200443,238,13,3,0,68,0.0026935169555837167
3012,-0.2681629613870864,0.0951987989261674,0.0091685196812003,238,4,7,0,120,0.004630464276693427
3013,0.1336382654327553,0.1374749500428066,0.1820143045783918,238,12,11,11,1,0.00022407532659744216
3014,0.1229301847321206,0.0514083387806834,0.0207970580646568,238,12,3,1,38,0.0029775459777509877
3015,0.3140446051838456,0.0888958231414257,0.1074958051442686,238,16,6,7,3,0.00022865210612747278
3016,0.2928411871077545,0.0429436385402732,0.0105709542499536,238,15,2,0,32,0.001490183960655832
3017,-0.1047760876502499,0.0744464178763528,0.009950045313793,238,7,5,0,86,0.004462857898018962
3018,-0.1000248200546041,0.0947493395049977,0.0113798922588624,238,8,7,0,32,0.002863781975607201
3019,-0.4018366840407048,0.1233907491290207,0.0015392035564578,238,2,10,0,64,0.0027862606231091225
3020,-0.4256639364606601,0.1206517065017309,0.0013249263237831,238,1,10,0,58,0.0024176974686684533
3021,-0.2598659717051377,0.1074143798194525,0.0593231013881526,238,4,8,3,12,0.0012669446365662046
3022,0.0203879019962415,0.1297748198814264,0.1345365344076852,238,10,11,8,6,0.00044266141007082274
3023,0.1703010318051271,0.0934442366468198,0.0815259173767682,238,13,7,5,8,0.0006818188256363926
3024,-0.2181682799702159,0.0969857871058571,0.007753357526409,238,5,7,0,118,0.004976576343704583
3025,0.1065489486934014,0.1150422816853813,0.1090598584618994,238,12,9,7,8,0.0005334710940643014
3026,-0.3174484983866964,0.0916444870458784,0.0087120521033922,238,3,7,0,83,0.0037735571101525844
3027,-0.2098003758465411,0.1039592955265293,0.0317240223140267,238,5,8,2,23,0.0023032056205181664
3028,-0.249228805446229,0.1049213228376672,0.0345787785096576,238,5,8,2,23,0.0023032056205181664
3029,-0.1547707690671204,0.0641789323773,0.0148879116901181,238,6,4,0,25,0.0019497198210807415
3030,-0.066624118001631,0.1306618208591499,0.1544611117935125,238,8,11,10,3,0.00031290910041200634
3031,-0.1445590894585682,0.109817909077807,0.0739693823415092,238,7,8,4,14,0.0012485724446440057
3032,-0.3997801652306491,0.132733364077232,0.0034367103256904,238,2,11,0,22,0.0015995178499110165
3033,0.1106619863135127,0.1063998295284183,0.1149976875463689,238,12,8,7,4,0.0005742058700238513
3034,-0.3624082544410169,0.1108812407940785,0.0017181703994476,238,2,9,0,92,0.0036402965216667748
3035,-0.1470410949189802,0.095789484925033,0.0010083077099114,238,7,7,0,75,0.003922112144946418
3036,-0.2746161755841576,0.1181699550451809,0.0148948934793002,238,4,9,0,63,0.0032442879918447966
3037,-0.298514342445839,0.0969174305047788,0.0040996850429581,238,4,7,0,120,0.004630464276693427
3038,0.1180370882530227,0.1210853174549809,0.1054734683372801,238,12,10,6,1,0.00022868582209824547
3039,-0.3309222423146473,0.1197953697696613,0.0754515291987556,238,3,10,4,5,0.0006665409693917255
3040,-0.1330709498989468,0.0857769510531838,0.00205065596615,238,7,6,0,105,0.004915439800339099
3041,-0.0029429493316313,0.0810817493653895,0.0093717192929514,238,9,6,0,67,0.003528788865454604
3042,-0.3805623515228876,0.1024899462042265,0.0020946105815578,238,2,8,0,89,0.003550440087193625
3043,-0.1031450554905506,0.0999412613730658,0.0152866927885651,238,8,7,0,32,0.002863781975607201
3044,0.0482572775945821,0.1056289558419134,0.1046455598234999,238,11,8,6,14,0.0008546697678377422
3045,-0.431762578449101,0.1204940926161637,0.0315566912700445,238,1,10,2,6,0.001091508300587039
3046,-0.3773002872034889,0.1391957723012915,0.0369518937236135,238,2,12,2,5,0.0005555440900709168
3047,-0.1811509413892139,0.0883143062368246,0.0009671013590424,238,6,6,0,123,0.0049806266057812725
3048,-0.3740382228840903,0.1159018437477724,0.0248744892641828,238,2,9,1,29,0.003099733513643377
3049,0.0122327411977449,0.1263624743126732,0.0969402997741216,238,10,10,6,2,0.00044416932222732296
3050,-0.0038648370740701,0.152303568746511,0.1924368120944505,238,9,13,12,4,0.00021610544271692483
3051,0.0230117363401056,0.0837532221261998,0.0205722414713685,238,10,6,1,19,0.0024793188556417934
3052,-0.0508811119384462,0.0829002932453734,0.0017694774224569,238,9,6,0,67,0.003528788865454604
3053,0.2287345317873984,0.0342904826953403,0.0134642364762215,238,14,1,0,22,0.0012417306714709786
3054,-0.3768038861114065,0.1325629501921469,0.0144787714179366,238,2,11,0,22,0.0015995178499110165
3055,-0.3542530936425202,0.1209361309908906,0.0029695005960871,238,3,10,0,24,0.002332232535430932
3056,-0.0880402794029003,0.0903294443455654,0.0289076150755083,238,8,7,1,25,0.0028794895434652297
3057,-0.2496542920965854,0.1100948665323902,0.0255215943154862,238,5,9,1,21,0.0025129596142606752
3058,0.2951104492429883,0.0377110816161783,0.0042467903730189,238,15,1,0,37,0.0012568719412054995
3059,-0.3935396943587561,0.1198698634077728,0.0097758978190072,238,2,10,0,64,0.0027862606231091225
3060,-0.3397865475304045,0.120365656560396,0.0304505309012384,238,3,10,1,18,0.0022729880349347505
3061,-0.1040669432329893,0.0997759500434167,0.0167623405078751,238,7,7,1,42,0.0036960149974717034
3062,-0.3199305038471084,0.1253292998212485,0.1017132264873134,238,3,10,6,7,0.0003334749144724646
3063,0.2323511683154274,0.0991740458657436,0.1149028004613236,238,14,7,7,7,0.0003898449111663476
3064,-0.4035386306421302,0.1282721371643307,0.0024302477992012,238,2,10,0,64,0.0027862606231091225
3065,-0.0811615785554728,0.0898570244170401,0.002739316571936,238,8,6,0,87,0.004426521123504939
3066,0.0324433570896713,0.0982583541997149,0.0923188361390278,238,10,7,6,6,0.0006864075408236783
3067,0.199801439563167,0.0462546797420604,0.0127208034128688,238,14,2,0,63,0.001936958343928828
3068,0.1215118958975995,0.0681535510623264,0.0417698358148927,238,12,4,2,30,0.0021432616240922957
3069,-0.2666737581108392,0.1013551631569294,0.0063987335034704,238,4,8,0,91,0.004483419991872029
3070,-0.2656100414849484,0.1001917812123659,0.0619923148753824,238,4,8,4,4,0.0008054323341375452
3071,0.3717689607488564,0.0504360979209288,0.0255207195960535,238,17,2,1,8,0.0006741744902410895
3072,-0.400772967414814,0.1179543713096629,0.0037479689244876,238,2,9,0,92,0.0036402965216667748
3073,-0.038258341311208,0.1168393592237865,0.1309191949648743,238,9,9,8,3,0.0004839682109541481
3074,0.2879480906286564,0.0661989534902953,0.045757904544252,238,15,4,2,9,0.0008663990284854951
3075,-0.1930645675991915,0.0805571947797138,0.0031009875364053,238,6,5,0,87,0.0037737578394178533
3076,-0.2974506258199482,0.1030456888143237,0.0779570424301789,238,4,8,5,7,0.0005043244782029964
3077,-0.2139134134666524,0.0793534823864336,0.0029798320234151,238,5,5,0,48,0.002829270609622204
3078,0.1323618054816863,0.0457202890404755,0.0028048692772307,238,12,2,0,34,0.0021758371823757663
3079,-0.240506329113924,0.1147030464770946,0.0081260650590558,238,5,9,0,34,0.002548715097143437
3080,0.3839662447257383,0.0380448252537074,0.0172191382413259,238,17,1,1,15,0.0007078839229582325
3081,-0.046909903201787,0.0881411779040289,0.0326122662503932,238,9,6,2,24,0.002447719255977075
3082,-0.3906322022479878,0.1121323565252863,0.0580571007477009,238,2,9,3,4,0.0008380235463672708
3083,-0.2185228521788462,0.1532327731865109,0.1255973155643682,238,5,13,8,1,0.0001437591045399458
3084,0.0354926780838917,0.085549450132663,0.0476617230099604,238,10,6,3,31,0.0017261073251220965
3085,-0.1847675779172428,0.1428416161886493,0.136512079988712,238,6,12,8,1,0.00029885953265870106
3086,-0.2458249122433783,0.0880576872591264,0.0072921139469823,238,5,6,0,104,0.004457874728275953
3087,-0.1442045172499379,0.111440233183083,0.0704351974017774,238,7,9,4,17,0.0009932687448377788
3088,0.0178349820941034,0.059411502711651,0.0155341396159087,238,10,3,1,16,0.0025561943286749496
3089,-0.2409318157642803,0.1345642438496248,0.0344358810865689,238,5,11,2,6,0.0005500824340594334
3090,-0.2635535226748927,0.1134565607495501,0.065742230220208,238,4,9,4,13,0.000926153521380232
3091,0.0324433570896713,0.066921277288152,0.0059238118785471,238,10,4,0,104,0.004355003298635465
3092,-0.1534233946743254,0.1052791758227375,0.0221247495792221,238,7,8,1,13,0.0023238306258716386
3093,-0.3592880190050703,0.1205970923462513,0.0036894610802443,238,2,10,0,64,0.0027862606231091225
3094,-0.0752047654504839,0.1005412926589106,0.0984613860106036,238,8,8,6,7,0.0007913828854727762
3095,-0.1047051732085238,0.0832451035438315,0.018666285131075,238,7,6,1,35,0.004354591136495643
3096,0.3002872034889904,0.0563899039350818,0.0526340185326553,238,16,3,3,9,0.0006651445460751286
3097,0.1508704747721873,0.0870071289904138,0.0722477605619796,238,13,6,4,14,0.0008774977138896638
3098,-0.0398893734709073,0.0788786166922204,0.0079764187112199,238,9,5,0,128,0.00475484797010613
3099,0.0842818139914193,0.0681984477933822,0.0267792633716804,238,11,4,1,35,0.00355858256828443
3100,0.1213700670141474,0.0627151430582953,0.0236288779393469,238,12,4,1,39,0.0030492137784899846
3101,-0.1436372017161294,0.1069730827396409,0.1052465012498803,238,7,8,6,10,0.0007297963821060697
3102,-0.2114314080062404,0.0968884423481431,0.0095740148053421,238,5,7,0,118,0.004976576343704583
3103,0.2475977732865297,0.0482028838355407,0.0109802461822444,238,14,2,0,63,0.001936958343928828
3104,-0.3234053114916852,0.0867395807409728,0.0310233785388707,238,3,6,2,2,0.0008145637417128029
3105,-0.2231322908910399,0.0969103072181969,0.0304033118082852,238,5,7,1,30,0.0042669011761406455
3106,-0.124632131333546,0.1103028476096815,0.1064263542188429,238,7,9,6,13,0.0008976724089664401
3107,0.2807857320143246,0.04429955287426,0.0244054333823712,238,15,2,1,18,0.00142560135977588
3108,0.0783959153281565,0.0543578605709013,0.0057430480127497,238,11,3,0,87,0.0035031944625956886
3109,-0.1415097684643477,0.098047372045512,0.0119112659794617,238,7,7,0,75,0.003922112144946418
3110,-0.3728326773747473,0.1360731257379591,0.0331988058589115,238,2,11,2,4,0.0010138083926414193
3111,-0.1345601531751941,0.0714326640681028,0.0055019014069844,238,7,5,0,86,0.004462857898018962
3112,0.2475268588448037,0.0466373820736459,0.0026293674736067,238,14,2,0,63,0.001936958343928828
3113,-0.337942772045527,0.1043834403160886,0.002001526046847,238,3,8,0,100,0.004333383064151017
3114,-0.1185334893451051,0.0914263795694706,0.0323707070223449,238,7,7,2,26,0.002471827272074585
3115,-0.3343970499592241,0.0876829115160105,0.0021930098784821,238,3,6,0,36,0.0023601621856203458
3116,-0.3350352799347587,0.0926796751207632,0.0666228456561165,238,3,7,4,4,0.00032968926352290156
3117,-0.4220472999326312,0.1130967714642071,0.0085385997960459,238,1,9,0,77,0.0026736108853416024
3118,-0.0591071871786689,0.0713363243321797,0.0017154331134366,238,8,5,0,118,0.004884276702473828
3119,-0.3363826543275537,0.197445239532056,0.2600301479602216,238,3,17,17,1,1.560540906559198e-05
3120,-0.2601496294720419,0.1165750891211134,0.0060820508389884,238,4,9,0,63,0.0032442879918447966
3121,-0.2216430876147927,0.122556207746092,0.0081774987174129,238,5,10,0,7,0.0011796346268269876
3122,-0.1228592702903946,0.0825883141466968,0.0203158558998799,238,7,6,1,35,0.004354591136495643
3123,0.2566748218274651,0.0520886389325645,0.0230446233087264,238,15,3,1,9,0.0012431228036498937
3124,-0.151792362514626,0.1165801361963421,0.1183362116669467,238,7,9,7,11,0.0006895840231845074
3125,-0.4103464170478317,0.120631828553381,0.0295085080155,238,1,10,1,22,0.002079606064659946
3126,0.0460589299010743,0.137655713721407,0.1716651258423031,238,10,11,11,1,0.00022805470474376128
3127,0.1722866361734567,0.1112093656036036,0.1127115380440101,238,13,9,7,5,0.00036288229573212187
3128,0.038329255752934,0.0816552308178432,0.0292343816616859,238,10,6,1,19,0.0024793188556417934
3129,-0.443959862425983,0.1159578536682427,0.0112307633413495,238,1,9,0,77,0.0026736108853416024
3130,0.166542566393646,0.0637595168342736,0.0119685525002836,238,13,4,0,10,0.0019536726542821745
3131,-0.3957380420522639,0.1177498064722052,0.0028349691252931,238,2,9,0,92,0.0036402965216667748
3132,-0.3217742793319859,0.1226503576632376,0.007582610190571,238,3,10,0,24,0.002332232535430932
3133,0.0250682551501613,0.0759914041958966,0.0557755095178002,238,10,5,3,16,0.0015634415710051469
3134,0.1180370882530227,0.0641185724160455,0.0068115091184034,238,12,4,0,46,0.003005418736203267
3135,-0.2435556501081444,0.0870388093653853,0.0317184841277463,238,5,6,2,14,0.0018513353508829
3136,-0.3087260220543913,0.1034517603649925,0.0050778346557774,238,3,8,0,100,0.004333383064151017
3137,0.2829131652661064,0.0901627718136479,0.0978907540423978,238,15,6,6,7,0.0003812641593851471
3138,-0.0811615785554728,0.0809842091033658,0.0680432317832267,238,8,6,4,7,0.000892123422850631
3139,0.0066305003013863,0.0694483399051128,0.0024264807225749,238,10,4,0,104,0.004355003298635465
3140,0.1632095876325213,0.0644223120292348,0.0320713725312606,238,13,4,2,27,0.0017949624306630315
3141,-0.3097188242385561,0.1416812990215586,0.0399613338094019,238,3,12,2,5,0.0004779927054410548
3142,0.0073396447186469,0.0773817999468276,0.0095226369507528,238,10,5,0,75,0.003855261700858351
3143,-0.1876750700280111,0.0821771226501968,0.0032835395290568,238,6,6,0,123,0.0049806266057812725
3144,0.034570790341453,0.0748902269958006,0.0090687070407269,238,10,5,0,75,0.003855261700858351
3145,0.097542814594192,0.0491658343027174,0.0046150807888426,238,11,2,0,18,0.0018657310811233557
3146,-0.3618409389072084,0.1441355914305663,0.0467623377108549,238,2,12,3,5,0.00040215832047508387
3147,0.1054143176257844,0.0616941027295278,0.0125476562542047,238,12,4,0,46,0.003005418736203267
3148,-0.0174094954437471,0.0603964891276851,0.0190415831297302,238,9,3,1,7,0.0019758015093679832
3149,0.1746977271921426,0.0786132952791375,0.0494349940053872,238,13,5,3,23,0.0012615436760510372
3150,0.1562599723433677,0.0883749792790769,0.08436278329516,238,13,6,5,13,0.0007739761892615038
3151,-0.0342162181328227,0.067376625595117,0.0099964066045621,238,9,4,0,110,0.004292388740450521
3152,-0.0478317909442257,0.0982041892290104,0.080820781989368,238,9,7,5,11,0.0008999656682911266
3153,-0.310782540864447,0.1158599736988324,0.0086042035219102,238,3,9,0,69,0.003704547569987754
3154,0.0822962096230897,0.0859222178730393,0.086449924939492,238,11,6,5,8,0.0008399858394636375
3155,0.0947771513668758,0.0690177680120332,0.0021400147363986,238,11,4,0,96,0.0038563263286608743
3156,0.47728965003723,0.0473652287780066,0.0446248056836231,238,19,2,2,3,0.00012602649749818984
3157,-0.2660355281353047,0.0924432528415494,0.0271505855257257,238,4,7,1,28,0.0038455970181802803
3158,-0.2082402581285678,0.146258603863185,0.0617500771008617,238,5,12,4,5,0.00019108164082033287
3159,-0.2768145232776654,0.121748017984064,0.0023865184699649,238,4,10,0,10,0.0017092288079863843
3160,0.3672304364783887,0.0668809746270442,0.0502781082601986,238,17,4,3,4,0.0004293446755280158
3161,-0.2527036130908059,0.0962297977093461,0.0024826822633873,238,5,7,0,118,0.004976576343704583
3162,0.2148353012090912,0.0554059531039388,0.0096889839475263,238,14,3,0,25,0.0018030019399556335
3163,-0.117257029394036,0.0673103919494169,0.018083851660181,238,7,4,1,13,0.002255601474021136
3164,0.1861149523100379,0.0853303010000303,0.0617619136912701,238,13,6,4,14,0.0008774977138896638
3165,0.3267382902528099,0.0859882426772961,0.0973690794279042,238,16,6,6,11,0.0003094723533780408
3166,-0.2519235542318193,0.1050403841623904,0.0182354913457353,238,5,8,1,31,0.003710872647041985
3167,-0.2249051519341913,0.1040099822143654,0.0399263693656032,238,5,8,2,23,0.0023032056205181664
3168,-0.27511257667624,0.1019493740421357,0.035052954539623,238,4,8,2,18,0.0022378626382709432
3169,-0.4126156791830655,0.0846878817543322,0.0142618827333586,238,1,6,0,1,0.0006093745836101215
3170,0.2297273339715632,0.0747160656968909,0.057834788331573,238,14,5,3,12,0.0009060017775838139
3171,-0.0372655391270432,0.1303963179853018,0.1273717920788392,238,9,11,8,7,0.0005266051561481871
3172,0.1261213346097932,0.0719083288612327,0.0313805234021643,238,12,5,2,36,0.001907366235161121
3173,0.120873665922065,0.142820110595798,0.1809436823210171,238,12,12,11,8,0.00027290090825336647
3174,-0.263979009325249,0.0843937137339991,0.0226326036838855,238,4,6,1,14,0.002774995476257176
3175,-0.0430096089068538,0.1017310589778247,0.0486716952214881,238,9,8,3,7,0.0009415404020712165
3176,0.0991029323121653,0.0685446539213128,0.0238367736042173,238,12,4,1,39,0.0030492137784899846
3177,-0.1550544268340247,0.1013409778087538,0.0530232943231056,238,6,8,3,17,0.0015567601468503074
3178,-0.2200120554550934,0.1063052291700262,0.02181522934046,238,5,8,1,31,0.003710872647041985
3179,-0.4345282416764173,0.1187320669770728,0.0011427194149575,238,1,9,0,77,0.0026736108853416024
3180,-0.1049888309754281,0.102126079332214,0.0931172848539159,238,7,8,6,10,0.0007297963821060697
3181,-0.0282594050278339,0.1183690842893484,0.0880264456298896,238,9,9,5,7,0.0006960179984989442
3182,-0.2497252065383114,0.0930621084609113,0.0018143438299254,238,5,7,0,118,0.004976576343704583
3183,-0.1121511895897599,0.0895969592017124,0.0052496882101074,238,7,6,0,105,0.004915439800339099
3184,-0.3559550402439456,0.1306309477415473,0.052751330027902,238,2,11,3,9,0.0006486389337313848
3185,-0.1033577988157288,0.0893262095394465,0.0008291121003153,238,8,6,0,87,0.004426521123504939
3186,-0.1013012800056731,0.1887654745534265,0.250592431915542,238,8,17,16,2,4.950082147101627e-05
3187,-0.2332730560578661,0.129450178839726,0.1139329926228021,238,5,11,7,6,0.0004486655610610588
3188,-0.2605751161223983,0.1353553630753697,0.1335373887655994,238,4,11,8,2,0.00027243338926643304
3189,-0.3451760451015848,0.1001174935509967,0.0665821715076761,238,3,8,4,6,0.0005850119732201881
3190,-0.1091727830372655,0.1008372873910732,0.0548791387865486,238,7,8,3,10,0.0014664422006572305
3191,-0.3382973442541573,0.1204970256306846,0.0110035879761134,238,3,10,0,24,0.002332232535430932
3192,-0.111016558522143,0.087043497691306,0.0210642449198141,238,7,6,1,35,0.004354591136495643
3193,0.3212069637981775,0.041994968082037,0.0036303372205247,238,16,2,0,12,0.0010230552340021607
3194,-0.3730454206999254,0.0974089679949741,0.0046130382568912,238,2,7,0,52,0.002597604187038845
3195,0.2895791227883558,0.0423005564892106,0.0061836233733213,238,15,2,0,32,0.001490183960655832
3196,-0.0922242314647377,0.0798527314290642,0.0012627320593831,238,8,5,0,118,0.004884276702473828
3197,0.1313690032975215,0.0569670256252198,0.0462578980111879,238,12,3,3,4,0.0006895258710323855
3198,-0.231854767223345,0.1320004883218091,0.1138242915805492,238,5,11,7,6,0.0004486655610610588
3199,-0.1382477041449491,0.0837990116291868,0.0068753304569371,238,7,6,0,105,0.004915439800339099
3200,-0.2440520512002268,0.0941699059500889,0.041204016524931,238,5,7,2,24,0.0024001793753435753
3201,-0.0576179839024217,0.0984622377720915,0.069973578356873,238,8,7,4,17,0.0011918988240630826
3202,-0.1027195688401943,0.0826192874017913,0.0195356944306705,238,8,6,1,32,0.004098846777087474
3203,-0.2887990639293691,0.1070303448887989,0.0543405196311705,238,4,8,3,12,0.0012669446365662046
3204,0.2432719923412402,0.0534000614177785,0.0155984111871979,238,14,3,1,20,0.0018794301899020256
3205,-0.0930752047654504,0.1059059673466148,0.0732687539466589,238,8,8,4,10,0.0011267995437752609
3206,-0.2757508066517746,0.0987675707331794,0.0219994744478072,238,4,7,1,28,0.0038455970181802803
3207,0.376165656135872,0.046506095658171,0.0293593395847017,238,17,2,1,8,0.0006741744902410895
3208,-0.2297982484132893,0.1052598422551057,0.025194817774673,238,5,8,1,31,0.003710872647041985
3209,0.1022940821898379,0.1480999080201787,0.1632794174672545,238,12,12,10,4,0.0002551316566191596
3210,-0.2648299826259617,0.1102215309391904,0.0077119883991729,238,4,9,0,63,0.0032442879918447966
3211,0.2707158812892245,0.0641505431590825,0.0357527877559851,238,15,4,2,9,0.0008663990284854951
3212,0.3568769279863844,0.0533650010716142,0.0415235956426683,238,17,3,2,5,0.0005099194301865744
3213,-0.4178633478707938,0.1197574108165162,0.0017360507492606,238,1,10,0,58,0.0024176974686684533
3214,0.0445697266248271,0.0715892295123227,0.0438417032860192,238,10,5,2,36,0.0025029702124330115
3215,-0.001311917171932,0.0675137961202999,0.0007254745194494,238,10,4,0,104,0.004355003298635465
3216,0.0971882423855618,0.0518533437755495,0.0032413109976075,238,11,3,0,87,0.0035031944625956886
3217,-0.2702903946388681,0.0792313441161068,0.0121505098925294,238,4,5,0,26,0.0018323270165334974
3218,-0.018544126511364,0.0864054755268396,0.0224152327204291,238,9,6,1,35,0.003457223377569426
3219,-0.4051696628018295,0.1194195753313419,0.0191797186836345,238,1,9,1,18,0.0021988824875441887
3220,-0.2600787150303159,0.1200883712022053,0.0365896459334223,238,4,10,2,20,0.0013956950402149748
3221,-0.2073892848278551,0.0772167234366671,0.0146287434723457,238,5,5,0,48,0.002829270609622204
3222,0.1422898273233344,0.0661849073746769,0.0318696808138173,238,12,4,2,30,0.0021432616240922957
3223,-0.4065170371946246,0.1212711722637525,0.0148982424834929,238,1,10,0,58,0.0024176974686684533
3224,-0.0842818139914193,0.103854399182473,0.0328421980622482,238,8,8,2,11,0.0013249138978104157
3225,-0.1521469347232563,0.0747233124124165,0.0125815171904667,238,7,5,0,86,0.004462857898018962
3226,0.1234975002659291,0.0621014306722029,0.0211044486530826,238,12,4,1,39,0.0030492137784899846
3227,-0.0279048328192036,0.0745986029632049,0.0284649956969815,238,9,5,1,43,0.0042530637397620065
3228,-0.0107435379214977,0.0838308531360202,0.0169988457615796,238,9,6,1,35,0.003457223377569426
3229,-0.4209835833067403,0.1221606038065719,0.0012410064753751,238,1,10,0,58,0.0024176974686684533
3230,0.1109456440804169,0.0536698343374774,0.0092225408417722,238,12,3,0,112,0.0033545247846789965
3231,-0.0354926780838917,0.0718163467242167,0.025111455747357,238,9,5,1,43,0.0042530637397620065
3232,-0.1205190937134347,0.0925042331773342,0.00316132963425,238,7,7,0,75,0.003922112144946418
3233,-0.1567563734354501,0.0902302161241817,0.0467849294716682,238,6,6,3,9,0.0011868363604927129
3234,-0.3565932702194802,0.1107100251157973,0.0083019605203047,238,2,9,0,92,0.0036402965216667748
3235,-0.2459667411268304,0.1248718495773545,0.0355889575968107,238,5,10,2,11,0.0011077952279815915
3236,0.0486118498032124,0.1381555965344811,0.1596413523539402,238,11,11,10,2,0.00033611861006846856
3237,-0.2493706343296812,0.0934220966961101,0.0416423927732158,238,5,7,2,24,0.0024001793753435753
3238,-0.2646172393007835,0.1000699126860905,0.0039567348648023,238,4,7,0,120,0.004630464276693427
3239,-0.1898025032797929,0.0930302847323837,0.0174589016250431,238,6,7,1,34,0.0042053397344584634
3240,-0.2341949438003049,0.1264772222786529,0.0942113623726658,238,5,10,6,10,0.000633513591100095
3241,-0.1156969116760628,0.1133675252997593,0.0626131843178437,238,7,9,4,17,0.0009932687448377788
3242,-0.2915647271566854,0.1324577346663053,0.0761007962527937,238,4,11,4,1,0.0004529913705987906
3243,0.0561996950679005,0.0910369882895507,0.0418972559885728,238,11,7,2,4,0.0008092645582035639
3244,-0.0047158103747828,0.0683848669594602,0.0027549821106482,238,9,4,0,110,0.004292388740450521
3245,0.1273977945608623,0.0598455986096991,0.0024201413162566,238,12,3,0,112,0.0033545247846789965
3246,-0.246746799985817,0.0931501826847748,0.0023519394998859,238,5,7,0,118,0.004976576343704583
3247,-0.390915860014892,0.1173441831388477,0.0170576192079472,238,2,9,1,29,0.003099733513643377
3248,0.3940360954508385,0.0339547634575391,0.0019726863654603,238,17,1,0,23,0.0007836667221217257
3249,-0.2170336489025989,0.0920583652134719,0.0136292749418818,238,5,7,0,118,0.004976576343704583
3250,-0.0169130943516647,0.0739222522492608,0.0070995362382949,238,9,5,0,128,0.00475484797010613
3251,-0.4038222884090344,0.1164754792690875,0.0299546778720852,238,2,9,1,29,0.003099733513643377
3252,0.0540013473743927,0.0778102343922278,0.0402777147928704,238,11,5,2,24,0.0022595098618287553
3253,-0.3162429528773534,0.1087168961946784,0.0487069805302846,238,3,8,3,10,0.0009970606512748586
3254,0.1590256355706839,0.0619438099723735,0.0408686037341226,238,13,4,2,27,0.0017949624306630315
3255,0.0909477715136687,0.0647089097106868,0.0072234432917299,238,11,4,0,96,0.0038563263286608743
3256,0.1014431088891252,0.0723009519606658,0.0308108736486778,238,12,5,2,36,0.001907366235161121
3257,0.0710208133886465,0.070068728336671,0.0069126103512472,238,11,4,0,96,0.0038563263286608743
3258,-0.2613551749813849,0.1022981196362688,0.0138989832134846,238,4,8,0,91,0.004483419991872029
3259,0.3617700244654823,0.0283711219653564,0.0060164741649152,238,17,0,0,15,0.0005505446427089447
3260,-0.3090805942630216,0.115252559404823,0.0075410655958553,238,3,9,0,69,0.003704547569987754
3261,0.1713647484310179,0.0893356179568533,0.0866785912551145,238,13,6,5,13,0.0007739761892615038
3262,0.032088784881041,0.061944629946327,0.0027385868063725,238,10,4,0,104,0.004355003298635465
3263,0.2328475694075098,0.0499500049864172,0.0076404677920453,238,14,2,0,63,0.001936958343928828
3264,-0.2641208382087012,0.1738459916215401,0.2055755133939314,238,4,15,13,2,7.982321184111091e-05
3265,-0.1442045172499379,0.0913163576310183,0.0725928448411875,238,7,7,4,14,0.001160727511064103
3266,-0.2278126440449597,0.0855458414237165,0.0043356948487099,238,5,6,0,104,0.004457874728275953
3267,-0.4454490657022302,0.1272279923802635,0.011546994915488,238,1,10,0,58,0.0024176974686684533
3268,-0.122150125873134,0.1647235551799072,0.1997600032349545,238,7,14,13,2,0.00014002285959369018
3269,0.0736446477325107,0.0940240996553961,0.0658021268611008,238,11,7,4,16,0.0010682896120130846
3270,0.1797326525546927,0.0517260576060484,0.0021194944536462,238,13,3,0,68,0.0026935169555837167
3271,0.1155550827926106,0.0532629676768072,0.0047903918103986,238,12,3,0,112,0.0033545247846789965
3272,-0.2595823139382334,0.0991415009156287,0.0060070702588415,238,4,7,0,120,0.004630464276693427
3273,-0.2585185973123426,0.0937511527951764,0.011360219974796,238,4,7,0,120,0.004630464276693427
3274,-0.0091125057617983,0.1110361708472167,0.1109735491810753,238,9,9,7,10,0.0007146520219973656
3275,-0.0353508492004396,0.1330794606085048,0.1459177121673592,238,9,11,9,6,0.0004840266587636239
3276,-0.1635641598411516,0.0979658715255289,0.0052142240277075,238,6,7,0,96,0.004713885748433999
3277,-0.2061128248767861,0.1000638182113477,0.0114905653159489,238,5,7,0,118,0.004976576343704583
3278,-0.2297982484132893,0.092327833846494,0.0019475651737505,238,5,7,0,118,0.004976576343704583
3279,0.0418749778392369,0.0731417094295553,0.0080320435609658,238,10,5,0,75,0.003855261700858351
3280,-0.3731872495833775,0.1079403755131637,0.0222271113072734,238,2,8,1,13,0.002881514397028944
3281,-0.3482962805375314,0.1026631740076005,0.0062746691819546,238,3,8,0,100,0.004333383064151017
3282,-0.2265361840938907,0.0978889587608383,0.0020764050652707,238,5,7,0,118,0.004976576343704583
3283,-0.2391589547211289,0.0900091119922611,0.0327457927537378,238,5,6,2,14,0.0018513353508829
3284,-0.1265468212601496,0.1129092508736308,0.0412186785813855,238,7,9,2,7,0.0009848642234243496
3285,-0.3497854838137786,0.1073872884451726,0.0155820311858067,238,3,8,1,24,0.003650412738886289
3286,-0.2024961883487571,0.1778965138372922,0.2291957558339313,238,6,15,15,1,4.7622975672005514e-05
3287,-0.3130518029996808,0.0954563481501806,0.0344963180491376,238,3,7,2,7,0.001458730871847017
3288,-0.2184519377371201,0.0987755354345247,0.001651282550326,238,5,7,0,118,0.004976576343704583
3289,0.3183703861291351,0.0427922605622173,0.0098031696390055,238,16,2,0,12,0.0010230552340021607
3290,0.3836825869588341,0.03716041328723,0.009269479765266,238,17,1,0,23,0.0007836667221217257
3291,0.1414388540226216,0.0550220026602926,0.020312764824798,238,12,3,1,38,0.0029775459777509877
3292,0.0671205190937134,0.0657102992161912,0.0018866470310871,238,11,4,0,96,0.0038563263286608743
3293,-0.39346877991703,0.1440292526909915,0.0107843656418275,238,2,12,0,5,0.0006954594832814585
3294,0.1693791440626883,0.0496005196380943,0.0021945369820589,238,13,2,0,51,0.002201728852969309
3295,-0.1336382654327553,0.1024177615287884,0.0188290616008845,238,7,8,1,13,0.0023238306258716386
3296,-0.3192213594298478,0.1015065439999456,0.0311880617862748,238,3,8,2,16,0.0019253882281921957
3297,-0.2271034996276991,0.1006433787671888,0.017776955569113,238,5,8,1,31,0.003710872647041985
3298,-0.114704109491898,0.06312320477865,0.0122297051488877,238,7,4,0,53,0.0027892752163863077
3299,0.1661879941850157,0.0706981441044982,0.028235480525909,238,13,4,1,27,0.002211503016508247
3300,0.2801475020387901,0.0450642686685279,0.0115789662774219,238,15,2,0,32,0.001490183960655832
3301,-0.054355919583023,0.1467326553752958,0.1833058119840792,238,8,12,12,1,0.0001430763700018983
3302,0.0995284189625217,0.0692006318444891,0.0323609838001723,238,12,4,2,30,0.0021432616240922957
3303,0.0141474311243484,0.0874297454968814,0.044821157801941,238,10,6,2,24,0.0021178534085580414
3304,0.0061340992093039,0.0587071943329552,0.0053841214712929,238,10,3,0,83,0.003204714279147116
3305,-0.1226465269652164,0.1179893588027905,0.0716991330071114,238,7,9,4,17,0.0009932687448377788
3306,-0.1831365457575434,0.0748655403153661,0.0252633757692632,238,6,5,1,15,0.003066965874110903
3307,-0.1898734177215189,0.0867622838149451,0.0017229686536248,238,6,6,0,123,0.0049806266057812725
3308,-0.2152607878594475,0.1475047381943482,0.1485106274358041,238,5,12,9,6,0.0002610441849557224
3309,0.2774527532531999,0.0675535049830617,0.0579234851340394,238,15,4,3,9,0.000828693471620224
3310,-0.016133035492678,0.0946805999475956,0.0345423276563807,238,9,7,2,11,0.0016985259845621217
3311,-0.0688933801368648,0.0623898829588398,0.0149958219040698,238,8,4,0,68,0.003645851648012564
3312,-0.1116547884976775,0.1067180357616546,0.0282148894704755,238,7,8,1,13,0.0023238306258716386
3313,-0.1215118958975995,0.0709337518725894,0.0109844986936867,238,7,5,0,86,0.004462857898018962
3314,0.177605219302911,0.0796351587628348,0.0590441865258589,238,13,5,3,23,0.0012615436760510372
3315,-0.2470304577527213,0.0944801674110013,0.0010918620743607,238,5,7,0,118,0.004976576343704583
3316,-0.3770166294365847,0.1173680597650051,0.0088629610529777,238,2,9,0,92,0.0036402965216667748
3317,-0.2017870439314966,0.1347714974871719,0.0654658464074679,238,6,11,4,1,0.0002947903641068591
3318,-0.3409920930397475,0.1048796820021142,0.0030051379917306,238,3,8,0,100,0.004333383064151017
3319,-0.2905010105307945,0.1030089915251834,0.0014368444457975,238,4,8,0,91,0.004483419991872029
3320,-0.0350671914335354,0.0874446945800053,0.0108885870927763,238,9,6,0,67,0.003528788865454604
3321,-0.3012090912314292,0.1367567963984367,0.0152879255989793,238,4,11,0,2,0.0006467336353427742
3322,-0.3255327447434669,0.1332792537471059,0.031287947284352,238,3,11,2,9,0.0009388176885971226
3323,0.0118072545473885,0.1417586498672561,0.1653607637351485,238,10,12,10,11,0.0003687449162194606
3324,-0.275041662234514,0.1064436460682091,0.0013888815220174,238,4,8,0,91,0.004483419991872029
3325,-0.251639896464915,0.1185990619291748,0.0737327342486841,238,5,9,4,13,0.001032141634315045
3326,0.0959117824344927,0.064997502818207,0.0145747845377349,238,11,4,0,96,0.0038563263286608743
3327,-0.3288657235045916,0.1093543358904341,0.0375948352402568,238,3,8,2,16,0.0019253882281921957
3328,0.4306279473814842,0.0449219294449092,0.0317409301203514,238,18,2,2,6,0.00029173800951271325
3329,-0.0995993334042477,0.0709632663450078,0.0099111603421966,238,8,5,0,118,0.004884276702473828
3330,0.0130128000567315,0.076450405158485,0.0424548060744457,238,10,5,2,36,0.0025029702124330115
3331,-0.2131333546076658,0.0810053782365367,0.00604667207352,238,5,6,0,104,0.004457874728275953
3332,-0.4138212246924085,0.1350487251752146,0.002886780119323,238,1,11,0,44,0.0016412330933814783
3333,0.3109952841896251,0.0397682600746975,0.0065144667401496,238,16,1,0,44,0.0011029673443555539
3334,-0.0695316101123993,0.0746727362601386,0.0176569315640593,238,8,5,1,45,0.004231983686421704
3335,-0.28248767861575,0.0791839345418194,0.0157425358080269,238,4,5,1,4,0.0014157672804883776
3336,-0.0015955749388362,0.0965806306467454,0.0921383458504557,238,10,7,6,6,0.0006864075408236783
3337,-0.3628337410913732,0.0787100657142534,0.0161584535288875,238,2,5,1,1,0.0003702997149229344
3338,-0.3477289650037229,0.0876900050510975,0.0032138699265471,238,3,6,0,36,0.0023601621856203458
3339,-0.2013615572811402,0.0914902657612183,0.0067159604769065,238,6,7,0,96,0.004713885748433999
3340,-0.203488990532922,0.0970914829643745,0.0567014799365153,238,6,7,3,27,0.001618208133972155
3341,-0.1582455767116973,0.0679389501858174,0.0055828336505962,238,6,4,0,25,0.0019497198210807415
3342,-0.0206715597631457,0.07160544988739,0.0198977976446815,238,9,5,1,43,0.0042530637397620065
3343,0.0786795730950608,0.090716551544741,0.0638934098268749,238,11,7,4,16,0.0010682896120130846
3344,0.0986065312200829,0.0571557447733063,0.0085625886578662,238,12,3,0,112,0.0033545247846789965
3345,-0.029606779420629,0.0899719647029732,0.0023507252625622,238,9,6,0,67,0.003528788865454604
3346,0.1252703613090806,0.0636564786512103,0.0287517404630032,238,12,4,1,39,0.0030492137784899846
3347,0.2782328121121866,0.0391996662323845,0.0071630671731704,238,15,1,0,37,0.0012568719412054995
3348,0.0809488352302946,0.0519501017218606,0.0111770180772973,238,11,3,0,87,0.0035031944625956886
3349,-0.1703010318051271,0.0957276100520139,0.0161044044536759,238,6,7,1,34,0.0042053397344584634
3350,0.1710810906641137,0.0485389212408404,0.0029194918623508,238,13,2,0,51,0.002201728852969309
3351,-0.1888806155373541,0.1300416388448887,0.095248129254357,238,6,11,6,5,0.00043746248182066313
3352,-0.2293727617629329,0.096296658115535,0.0022421413720105,238,5,7,0,118,0.004976576343704583
3353,-0.2161117611601602,0.0994384065006423,0.0584036124612778,238,5,7,3,14,0.0013318451260624542
3354,-0.0430805233485799,0.0695822992838105,0.0029200639791851,238,9,4,0,110,0.004292388740450521
3355,0.1467574371520759,0.0584794370036586,0.0200843069292003,238,12,3,1,38,0.0029775459777509877
3356,0.0890330815870651,0.0723440430974504,0.0151626352165745,238,11,5,0,31,0.0026768986373174324
3357,0.1749104705173208,0.0723218521066678,0.0504692137707557,238,13,5,3,23,0.0012615436760510372
3358,-0.3434031840584334,0.1090232025667785,0.0359395985076699,238,3,8,2,16,0.0019253882281921957
3359,-0.1120802751480338,0.0732881397207165,0.0027719032693372,238,7,5,0,86,0.004462857898018962
3360,0.0083324469028117,0.1416831688721843,0.1540841148910304,238,10,12,10,11,0.0003687449162194606
3361,0.039534801262277,0.0705897435976381,0.0270991366273414,238,10,4,1,35,0.00376178763264307
3362,-0.3049675566429103,0.1320961211466564,0.0715131055574101,238,3,11,4,3,0.00045073400042957055
3363,0.2141970712335567,0.0502012976087948,0.0435865998796332,238,14,2,2,4,0.0009246418613257648
3364,0.0071269013934687,0.1442662470962087,0.1875832301140648,238,10,12,12,1,0.00018323512034106482
3365,0.0159912066092259,0.1227727354587658,0.1055141049673784,238,10,10,6,2,0.00044416932222732296
3366,0.3162429528773534,0.2017953747672546,0.2874877115630498,238,16,18,18,1,7.450263012320952e-06
3367,-0.2458958266851043,0.0867029951165906,0.0030742719043559,238,5,6,0,104,0.004457874728275953
3368,0.0381165124277559,0.0785363473451472,0.03813372204093,238,10,5,2,36,0.0025029702124330115
3369,-0.2811403042229549,0.1080770779295182,0.0902134296901601,238,4,8,5,7,0.0005043244782029964
3370,-0.0334361592738361,0.0734922468600956,0.0038830190922771,238,9,5,0,128,0.00475484797010613
3371,0.0300322660709853,0.0737852242632868,0.0561423098312108,238,10,5,3,16,0.0015634415710051469
3372,-0.0993156756373435,0.0753848308468098,0.0199330162118286,238,8,5,1,45,0.004231983686421704
3373,-0.1736340105662518,0.1008354248392555,0.030195824922168,238,6,8,1,25,0.003122502696240139
3374,0.2880190050703825,0.0956804325326329,0.1152749544766605,238,15,7,7,8,0.0003388049578936866
3375,-0.2345495160089352,0.1162343819091135,0.0646394512988725,238,5,9,4,13,0.001032141634315045
3376,-0.1571109456440804,0.0769195366115821,0.0178332561972074,238,6,5,1,15,0.003066965874110903
3377,-0.1475374960110626,0.0872557465404971,0.0028526444454898,238,7,6,0,105,0.004915439800339099
3378,0.0182604687444598,0.0677820018781879,0.0087757073789247,238,10,4,0,104,0.004355003298635465
3379,-0.4573626919122078,0.123778457882373,0.0075566362756056,238,0,10,0,21,0.001299022135957822
3380,-0.416941460128355,0.1440617430182071,0.0210594534731997,238,1,12,1,7,0.0007803333456211111
3381,-0.403396801758678,0.1345871476077256,0.0077314710665529,238,2,11,0,22,0.0015995178499110165
3382,0.0483281920363081,0.1394608244968201,0.1669913307358362,238,11,12,10,7,0.00033215604869236173
3383,-0.1010885366804949,0.1178931330547475,0.0488647172437572,238,8,9,3,10,0.0007271692680472435
3384,-0.0298195227458071,0.0963773027873046,0.0658382272983758,238,9,7,4,11,0.0012049178080219785
3385,-0.0129418856150054,0.088772184568197,0.0182961021632348,238,9,6,1,35,0.003457223377569426
3386,0.0169840087933907,0.1185282352573241,0.1060769126810065,238,10,9,6,13,0.0007544960516155897
3387,-0.4060915505442682,0.1286721663225055,0.0137071514491575,238,1,10,0,58,0.0024176974686684533
3388,-0.104847002091976,0.084865224148,0.0106514365017266,238,7,6,0,105,0.004915439800339099
3389,0.1096691841293479,0.1018322916855887,0.0784838763056759,238,12,8,5,3,0.0006378968641423317
3390,0.0723681877814416,0.0983114824773944,0.1204511747036469,238,11,7,7,2,0.00041653495407219097
3391,-0.1613658121476438,0.1067962388305365,0.0029528062382244,238,6,8,0,57,0.003300602884874217
3392,-0.0981101301280005,0.0920914861909876,0.0266313407554878,238,8,7,1,25,0.0028794895434652297
3393,-0.4806935432400807,0.135737248771433,0.0141451853114514,238,0,11,0,17,0.0009954726964181157
3394,-0.3902776300393574,0.1169230356097831,0.009923982922744,238,2,9,0,92,0.0036402965216667748
3395,0.2323511683154274,0.0450552589148325,0.0044615630188514,238,14,2,0,63,0.001936958343928828
3396,0.1213700670141474,0.0621945005267141,0.0106270750703764,238,12,4,0,46,0.003005418736203267
3397,-0.1929936531574654,0.1098416758290895,0.0494279063331782,238,6,9,3,9,0.0011717121642149597
3398,-0.280076587597064,0.1180470905637797,0.0666972764550398,238,4,9,4,13,0.000926153521380232
3399,0.0988901889869871,0.0581702911444479,0.0194389251473329,238,12,3,1,38,0.0029775459777509877
3400,-0.2651136403928659,0.1218937203797985,0.0640035827976078,238,4,10,4,10,0.0007531324760669358
3401,-0.3198595894053824,0.1251047450956335,0.0311864483490928,238,3,10,2,12,0.0015393917560890028
3402,-0.1506577314470091,0.0871780229914678,0.0038240869837827,238,7,6,0,105,0.004915439800339099
3403,-0.0541431762578449,0.0847813427147296,0.0040838158391949,238,8,6,0,87,0.004426521123504939
3404,-0.1338510087579335,0.0860092139748152,0.0312197474935517,238,7,6,2,17,0.002531552152626628
3405,-0.2378824947700598,0.1011435270985303,0.0358854992923158,238,5,8,2,23,0.0023032056205181664
3406,-0.2877353473034783,0.0839524796928561,0.0037411371998546,238,4,6,0,60,0.003468743098616289
3407,-0.183845690174804,0.0709137261969719,0.0080384563747651,238,6,5,0,87,0.0037737578394178533
3408,-0.4349537283267737,0.1321518130983414,0.0049539151472054,238,1,11,0,44,0.0016412330933814783
3409,-0.2653263837180441,0.0872284814281114,0.0026618867110114,238,4,6,0,60,0.003468743098616289
3410,-0.0990320178704393,0.0741978596247525,0.0011564605584573,238,8,5,0,118,0.004884276702473828
3411,-0.1773215615360067,0.0870309230649469,0.0034850929295763,238,6,6,0,123,0.0049806266057812725
3412,-0.4406268836648583,0.1521323527917212,0.0083886524499858,238,1,13,0,2,0.0002894113167987271
3413,-0.1980285785200156,0.0866206881931956,0.0008784242328962,238,6,6,0,123,0.0049806266057812725
3414,-0.0366273091515087,0.0857049348992263,0.0028725270924075,238,9,6,0,67,0.003528788865454604
3415,0.1086763819451831,0.0539321637257326,0.0046721273809863,238,12,3,0,112,0.0033545247846789965
3416,0.0096798212956068,0.0990975455731675,0.0779720149774339,238,10,7,5,11,0.0009860863442663005
3417,0.0820834662979115,0.1617524138510482,0.2013946480221755,238,11,14,13,3,0.00015444062288045378
3418,0.4280750274793461,0.0453452177980508,0.0409370875251277,238,18,2,2,6,0.00029173800951271325
3419,0.0271247739602169,0.0713812225395413,0.0036138580731846,238,10,5,0,75,0.003855261700858351
3420,-0.08265078183172,0.0753412669980755,0.0268954500316384,238,8,5,1,45,0.004231983686421704
3421,-0.1902989043718753,0.1020426832671321,0.0150495006403767,238,6,8,0,57,0.003300602884874217
3422,-0.1547707690671204,0.084619170352832,0.0433614675112632,238,6,6,2,15,0.0022845815446225454
3423,0.2249051519341913,0.0538524328667478,0.0226393558990061,238,14,3,1,20,0.0018794301899020256
3424,-0.149310357054214,0.085656633896229,0.0223931142400582,238,7,6,1,35,0.004354591136495643
3425,-0.423040102116796,0.1312979007061689,0.0095212908442226,238,1,11,0,44,0.0016412330933814783
3426,-0.2458958266851043,0.0893232645095421,0.0125624645823827,238,5,6,0,104,0.004457874728275953
3427,-0.4531078254086443,0.1180157889928015,0.0101532533057401,238,1,9,0,77,0.0026736108853416024
3428,0.0484700209197603,0.0686351591248991,0.0173032849099182,238,11,4,1,35,0.00355858256828443
3429,-0.2973087969364961,0.1002332480668135,0.0080422096662646,238,4,8,0,91,0.004483419991872029
3430,-0.1446300039002942,0.1150696613589501,0.0903463542864935,238,7,9,5,11,0.0009668215948625848
3431,0.3690742119632663,0.0895766319017155,0.1170272615696882,238,17,6,7,2,0.0001628687499540989
3432,0.2007233273056057,0.1283498036029916,0.1363990129312872,238,14,10,8,1,0.00016684667157229567
3433,0.0162748643761301,0.0618243291969324,0.028548319464454,238,10,4,1,35,0.00376178763264307
3434,0.4211254121901924,0.0435975801134906,0.0349871831834978,238,18,2,2,6,0.00029173800951271325
3435,-0.4380739637627202,0.1182872620293816,0.0211906254720827,238,1,9,1,18,0.0021988824875441887
3436,-0.2693685068964294,0.0896343564262159,0.0465950255361957,238,4,6,3,1,0.0005539316280656413
3437,0.0493209942204729,0.0743279622049239,0.0024376383209829,238,11,5,0,31,0.0026768986373174324
3438,-0.0015246604971102,0.0786293644895685,0.021677845399734,238,10,5,1,35,0.003681177079075407
3439,-0.2786582987625429,0.1034028032353442,0.0017106258434857,238,4,8,0,91,0.004483419991872029
3440,0.2070347126192248,0.0534287908640361,0.0092686378244252,238,14,3,0,25,0.0018030019399556335
3441,-0.0774031131439917,0.082706376655531,0.0187888183805989,238,8,6,1,32,0.004098846777087474
3442,-0.2078856859199375,0.0736301237444896,0.0261128364602217,238,5,5,1,12,0.0022323785997296892
3443,-0.2880190050703825,0.0955834832045383,0.0344008264608453,238,4,7,2,14,0.001988598870210548
3444,0.0054249547920433,0.0728920462053814,0.0087756147490788,238,10,5,0,75,0.003855261700858351
3445,-0.3632592277417296,0.1404805507047726,0.0590757540592701,238,2,12,3,5,0.00040215832047508387
3446,-0.09002588377123,0.0922492645907863,0.0480161015845349,238,8,7,3,12,0.001600014694282029
3447,-0.1688118285288798,0.0909026769678647,0.0276641650387343,238,6,7,1,34,0.0042053397344584634
3448,0.0194660142538027,0.0590930832905082,0.0161952374769492,238,10,3,1,16,0.0025561943286749496
3449,0.4121901925327093,0.0337268446173338,0.0027466710996278,238,18,1,0,4,0.0004083501911973316
3450,0.0846363862000496,0.053808341445161,0.0282751871341435,238,11,3,1,20,0.0029229560613640614
3451,0.4425415735914618,0.0401166132434698,0.0322655980273623,238,18,1,2,2,0.00023444701871943557
3452,-0.1183916604616529,0.0802812139235965,0.056025462012507,238,7,5,3,4,0.0008451255099507304
3453,0.0672623479771655,0.0652926195147654,0.0039136006776755,238,11,4,0,96,0.0038563263286608743
3454,-0.1902279899301492,0.0733390823034981,0.0372030023861845,238,6,5,2,9,0.0014731747408398195
3455,-0.1605857532886572,0.085625990870186,0.0035608469097996,238,6,6,0,123,0.0049806266057812725
3456,-0.0466971598766088,0.0590597014483407,0.0060580819797735,238,9,3,0,38,0.002541755274822797
3457,-0.2392298691628549,0.0884800441193993,0.0032026539799547,238,5,6,0,104,0.004457874728275953
3458,0.0073396447186469,0.0672109125942705,0.0314067214765334,238,10,4,2,18,0.0020621544372435682
3459,-0.3235471403751373,0.1066267281810214,0.0019284624074365,238,3,8,0,100,0.004333383064151017
3460,-0.2776654965783781,0.1072511963508475,0.0070809582091357,238,4,8,0,91,0.004483419991872029
3461,-0.236818778144169,0.0914521627695477,0.0030849677041822,238,5,7,0,118,0.004976576343704583
3462,0.2773818388114739,0.0486349413189471,0.0029056271312419,238,15,2,0,32,0.001490183960655832
3463,-0.2567457362691911,0.0938949594130623,0.0069235859114235,238,4,7,0,120,0.004630464276693427
3464,0.3834698436336559,0.0400312824267834,0.0107701100413765,238,17,1,0,23,0.0007836667221217257
3465,-0.2944722192674537,0.1188089735533695,0.0224274601105158,238,4,9,1,33,0.00306687553510888
3466,0.2339822004751267,0.0479733788151362,0.0142783729931565,238,14,2,0,63,0.001936958343928828
3467,0.0044321526078785,0.0756845883529813,0.0127969822227164,238,10,5,0,75,0.003855261700858351
3468,-0.4545970286848916,0.1244563701837712,0.0011692340734716,238,1,10,0,58,0.0024176974686684533
3469,-0.0137928589157181,0.0636337897506412,0.0164764133602526,238,9,4,1,19,0.003555003348932449
3470,-0.2416409601815409,0.0965154328907662,0.0718783095614723,238,5,7,4,4,0.0007545567650281172
3471,-0.1243484735666418,0.0760496855202847,0.0123014641675943,238,7,5,0,86,0.004462857898018962
3472,-0.3387228309045136,0.1309530178040081,0.0895446420845677,238,3,11,5,1,0.0002931863509430682
3473,-0.0365563947097826,0.0799443208478537,0.0262697252258151,238,9,5,1,43,0.0042530637397620065
3474,0.0661986313512746,0.1426058500573142,0.1594015540178333,238,11,12,10,7,0.00033215604869236173
3475,-0.4152395135269296,0.115428060486777,0.0030030201746032,238,1,9,0,77,0.0026736108853416024
3476,0.1701592029216749,0.042784925511217,0.0123391805480887,238,13,2,0,51,0.002201728852969309
3477,-0.2827713363826543,0.0993315482832672,0.0121162044047681,238,4,7,0,120,0.004630464276693427
3478,-0.3014218345566073,0.1083241258044524,0.0155190040328925,238,4,8,1,31,0.003922345351422437
3479,0.1152005105839804,0.060395794668465,0.0018763441958127,238,12,3,0,112,0.0033545247846789965
3480,-0.2315711094564407,0.0974759688773299,0.0009473182564989,238,5,7,0,118,0.004976576343704583
3481,-0.2102258624968974,0.1143736195975545,0.0370128700472533,238,5,9,2,12,0.00176205040904918
3482,-0.0024465482395489,0.0773246162711545,0.0357134851150945,238,10,5,2,36,0.0025029702124330115
3483,-0.2651136403928659,0.1004698115865827,0.0032719710616161,238,4,8,0,91,0.004483419991872029
3484,-0.2604332872389461,0.0902764597831869,0.0030125554065339,238,4,6,0,60,0.003468743098616289
3485,-0.3335460766585114,0.1136210787340594,0.0234572577632078,238,3,9,1,37,0.003326167945494541
3486,-0.1510832180973655,0.0942360076434208,0.0409980704268213,238,7,7,2,26,0.002471827272074585
3487,-0.1144913661667198,0.0796809188615819,0.0074790377726906,238,7,5,0,86,0.004462857898018962
3488,-0.3335460766585114,0.1188286411327161,0.0830557270023317,238,3,9,5,6,0.000463573381957771
3489,-0.0059922703258518,0.0829912521026896,0.0185700387018841,238,9,6,1,35,0.003457223377569426
3490,0.0498173953125554,0.0617995147168163,0.0386841343815349,238,11,4,2,22,0.0021938763198335637
3491,-0.1683863418785235,0.1033276208168417,0.0571817159228758,238,6,8,3,17,0.0015567601468503074
3492,0.3048257277594582,0.1582090707519646,0.2237775982164657,238,16,13,14,1,2.697808662586659e-05
3493,-0.4663688260114171,0.1217017116816798,0.0049237407219463,238,0,10,0,21,0.001299022135957822
3494,-0.2925575293408502,0.1068105928271337,0.0014462133942875,238,4,8,0,91,0.004483419991872029
3495,-0.0842818139914193,0.1343337776405029,0.1501097170457136,238,8,11,9,9,0.00047895346149418435
3496,0.0635747970074105,0.1241925297785009,0.1214718538508996,238,11,10,7,7,0.000510369007906226
3497,0.0574761550189696,0.0620487272231875,0.0015804954643394,238,11,4,0,96,0.0038563263286608743
3498,-0.2895082083466297,0.1189963793062233,0.0065119686129218,238,4,9,0,63,0.0032442879918447966
3499,-0.0847073006417756,0.1120474691136587,0.0216742575019378,238,8,9,1,2,0.0006011300337204756
3500,0.0271247739602169,0.0865583467769375,0.0543913944448557,238,10,6,3,31,0.0017261073251220965
3501,-0.2462503988937346,0.0947079451784674,0.005350273159321,238,5,7,0,118,0.004976576343704583
3502,0.1846966634755167,0.0770399307579525,0.0569682174880497,238,13,5,3,23,0.0012615436760510372
3503,-0.1368294153104279,0.0738197951728779,0.0208466002263214,238,7,5,1,35,0.003768331523905521
3504,-0.1558344856930113,0.0882473404282451,0.0027497043196587,238,6,6,0,123,0.0049806266057812725
3505,0.0516611707974328,0.1154583689456869,0.1026296539138628,238,11,9,6,7,0.0006626983811124763
3506,-0.0659858880260965,0.1090484859108006,0.0574059631700959,238,8,8,3,12,0.0012201196394973663
3507,0.0315923837889586,0.0712012183250297,0.0227729037139601,238,10,5,1,35,0.003681177079075407
3508,-0.3799950359890791,0.1230640245852072,0.0533130495717659,238,2,10,3,13,0.0008397115748875404
3509,0.080168776371308,0.1169345450472455,0.1044201060500159,238,11,9,6,7,0.0006626983811124763
3510,0.3127681452327766,0.1195627110974302,0.148148854008969,238,16,9,9,6,0.00016151987207929988
3511,0.2899336949969861,0.1104471159441422,0.1544777811839376,238,15,9,10,2,0.000139600112583386
3512,-0.3222706804240683,0.1140564382789436,0.0172754942438495,238,3,9,1,37,0.003326167945494541
3513,-0.0128709711732794,0.0834644864649779,0.0013521486359231,238,9,6,0,67,0.003528788865454604
3514,-0.3357444243520192,0.1089813406749211,0.0010411970663868,238,3,8,0,100,0.004333383064151017
3515,-0.1304471155550827,0.0949407263498673,0.0090436285927178,238,7,7,0,75,0.003922112144946418
3516,-0.3287948090628655,0.120140891668349,0.0945470334176015,238,3,10,6,7,0.0003334749144724646
3517,-0.0727227599900719,0.0935886803007846,0.0491172189955877,238,8,7,3,12,0.001600014694282029
3518,0.0854873595007623,0.0843089327617812,0.0831958785078918,238,11,6,5,8,0.0008399858394636375
3519,0.0142892600078005,0.1319074343169147,0.1515735657739325,238,10,11,9,6,0.00043913256019940705
3520,-0.243059249016062,0.0935256264921602,0.0004394947100886,238,5,7,0,118,0.004976576343704583
3521,-0.0501719675211856,0.1095549736233427,0.0790929810882286,238,9,8,5,17,0.0009574163963989238
3522,-0.0438605822075665,0.1118441748461283,0.0750461681423262,238,9,9,4,5,0.0005717757723439476
3523,-0.1891642733042584,0.0810503594352828,0.0053529258627654,238,6,6,0,123,0.0049806266057812725
3524,-0.2643335815338793,0.1056444047359714,0.001005133656916,238,4,8,0,91,0.004483419991872029
3525,0.3356735099102931,0.0583339959965429,0.0388390305331152,238,16,3,2,22,0.0008277185805572241
3526,-0.4216218132822749,0.1047065144790154,0.0218666082889404,238,1,8,1,9,0.0017457061791263356
3527,0.0367691380349608,0.1502097667991296,0.1626219123902461,238,10,13,10,3,0.0002238979984554563
3528,-0.1054852320675105,0.1193206576328937,0.063443817259528,238,7,9,4,17,0.0009932687448377788
3529,-0.0938552636244371,0.0918194595941993,0.0107103414761048,238,8,7,0,32,0.002863781975607201
3530,-0.2074601992695812,0.0964602886005425,0.0811097119440077,238,5,7,5,3,0.0003985843368914637
3531,0.1619331276814523,0.0525414593439248,0.0276057178232974,238,13,3,1,35,0.0025669641651229784
3532,-0.0644966847498492,0.1258818532076516,0.1184190762917836,238,8,10,7,10,0.0007142533272646659
3533,-0.1952629152926993,0.1097384585071274,0.0138596396919611,238,6,8,0,57,0.003300602884874217
3534,-0.3826188703329433,0.0986234978996339,0.0070257645938912,238,2,7,0,52,0.002597604187038845
3535,-0.2408609013225543,0.0810697254858213,0.0131274864073361,238,5,6,0,104,0.004457874728275953
3536,-0.2010069850725099,0.1039424791682366,0.0285575418549618,238,6,8,1,25,0.003122502696240139
3537,0.3915540899904264,0.0371257597363658,0.0121899280597862,238,17,1,0,23,0.0007836667221217257
3538,0.0903095415381342,0.0626992179356362,0.0150874591573683,238,11,4,0,96,0.0038563263286608743
3539,-0.2957486792185228,0.1077192979487899,0.0407620678317684,238,4,8,2,18,0.0022378626382709432
3540,-0.0259901428926,0.0625033171149778,0.0040941040193629,238,9,4,0,110,0.004292388740450521
3541,0.0791759741871432,0.0597503604328,0.0123184493677022,238,11,3,0,87,0.0035031944625956886
3542,0.3431904407332553,0.1315187720972186,0.1814302928608135,238,16,11,11,4,9.273617327200639e-05
3543,-0.083927241782789,0.0985515892156456,0.0841184763662809,238,8,7,5,6,0.0008172125207767491
3544,-0.3100024820054604,0.0924312943343884,0.0223402698934992,238,3,7,1,24,0.003043892917955284
3545,-0.3178739850370527,0.1156692184737626,0.0130039576587465,238,3,9,0,69,0.003704547569987754
3546,-0.0937134347409849,0.1277040579182692,0.1161842958503493,238,8,10,7,10,0.0007142533272646659
3547,0.3437577562670637,0.0714869941358551,0.073196609693451,238,16,5,4,4,0.0004378321582649308
3548,-0.0293940360954508,0.081578948030531,0.0086865602619263,238,9,6,0,67,0.003528788865454604
3549,0.0859128461511186,0.1599661901768046,0.1880169484791233,238,11,14,12,1,0.00014010318762195076
3550,-0.2163245044853383,0.1013475299984906,0.0093641800974161,238,5,8,0,70,0.004087396103385501
3551,-0.1031450554905506,0.1357583462163259,0.1497356479860769,238,8,11,9,9,0.00047895346149418435
3552,0.018544126511364,0.1019983014411123,0.0937085211484745,238,10,8,6,15,0.0008757743252029102
3553,-0.3340424777505938,0.1381876458244978,0.0445686182034965,238,3,11,2,9,0.0009388176885971226
3554,0.0943516647165195,0.1514567801315639,0.1863883096925018,238,11,13,12,3,0.0002039540062603013
3555,-0.2949686203595361,0.1033979825810832,0.0007027245785463,238,4,8,0,91,0.004483419991872029
3556,0.097471900152466,0.0940168773831628,0.0705165371872966,238,11,7,4,16,0.0010682896120130846
3557,-0.2358968904017302,0.1252452636969396,0.1172033805450231,238,5,10,7,7,0.0005319253452796087
3558,-0.2068928837357727,0.1082255973944011,0.0013791581696748,238,5,8,0,70,0.004087396103385501
3559,0.3972272453285111,0.0618352003165116,0.0755179467327642,238,17,4,4,12,0.0004113184296377977
3560,-0.1561890579016416,0.0942816994651198,0.0096346108035145,238,6,7,0,96,0.004713885748433999
3561,-0.2434138212246923,0.0918247090444818,0.0038015016746686,238,5,7,0,118,0.004976576343704583
3562,0.2474559444030776,0.0745121898548034,0.0786393248352996,238,14,5,5,3,0.0005406989392504141
3563,0.0221607630393929,0.1319274484858456,0.1445779709451597,238,10,11,9,6,0.00043913256019940705
3564,-0.135765698684537,0.1092581669455084,0.1213214032283698,238,7,8,7,4,0.0004435380672483119
3565,-0.2219267453816969,0.1110634067025601,0.0070345303019282,238,5,9,0,34,0.002548715097143437
3566,-0.0076233024855511,0.071611013415344,0.0308387385087797,238,9,5,2,19,0.0025021876125847424
3567,0.4943800304932099,0.0503116554889105,0.0526521994908142,238,19,2,3,1,9.36998711998394e-05
3568,-0.0263447151012303,0.0710151410758351,0.0434031427209937,238,9,5,2,19,0.0025021876125847424
3569,-0.3593589334467963,0.1233801751116708,0.0098309532732537,238,2,10,0,64,0.0027862606231091225
3570,-0.2839059674502712,0.1014123098090005,0.0021096554044209,238,4,8,0,91,0.004483419991872029
3571,-0.2086657447789242,0.1080894470817434,0.0293048951387418,238,5,8,1,31,0.003710872647041985
3572,0.2717795979151153,0.0393209467248329,0.0073990730167929,238,15,1,0,37,0.0012568719412054995
3573,-0.0601709038045597,0.1124555935407957,0.066825025553982,238,8,9,4,5,0.0007842453484468897
3574,-0.1861149523100379,0.0814338260703852,0.0015482973743868,238,6,6,0,123,0.0049806266057812725
3575,-0.2818494486402155,0.1054921146467291,0.0577920073515743,238,4,8,3,12,0.0012669446365662046
3576,-0.2056164237847037,0.0896706351833603,0.001341269493227,238,5,6,0,104,0.004457874728275953
3577,-0.2407190724391022,0.1001641229316485,0.0024465034219527,238,5,8,0,70,0.004087396103385501
3578,-0.1929227387157394,0.1048569776523327,0.01057857684803,238,6,8,0,57,0.003300602884874217
3579,-0.0055667836754955,0.0561546658931586,0.0080664406623122,238,9,3,0,38,0.002541755274822797
3580,-0.0005318583129454,0.0721974854261477,0.0395426042217407,238,10,5,2,36,0.0025029702124330115
3581,-0.3575860724036449,0.1135578627164087,0.0015644116803025,238,2,9,0,92,0.0036402965216667748
3582,-0.2026380172322093,0.0867858596964046,0.0395068191653828,238,6,6,2,15,0.0022845815446225454
3583,0.1583874055951494,0.0571424903214506,0.0017584127020912,238,13,3,0,68,0.0026935169555837167
3584,0.1793780803460624,0.0840482024416207,0.0897081000247496,238,13,6,5,13,0.0007739761892615038
3585,0.1327872921320426,0.0863954891532719,0.1045222478589072,238,12,6,6,4,0.0005522044263716744
3586,-0.3407084352728433,0.104246928945559,0.0026267398393054,238,3,8,0,100,0.004333383064151017
3587,-0.0983228734531787,0.0775487433850451,0.026514359891188,238,8,5,1,45,0.004231983686421704
3588,0.12222104031486,0.0557302911181738,0.0498305687098956,238,12,3,3,4,0.0006895258710323855
3589,-0.243059249016062,0.087566003011968,0.0106807197054379,238,5,6,0,104,0.004457874728275953
3590,-0.2608587738893025,0.1640049444780168,0.2078212950548375,238,4,14,13,3,8.428639451575807e-05
3591,-0.1177534304861184,0.1402120965468617,0.1310784381376605,238,7,12,8,3,0.0003159643043599897
3592,-0.1317235755061518,0.0967986686851282,0.0244951665471362,238,7,7,1,42,0.0036960149974717034
3593,-0.1017976810977555,0.0865992937499771,0.0395303991071989,238,8,6,2,25,0.0025738901815202356
3594,0.2378824947700598,0.0434312845537985,0.019736214128972,238,14,2,1,18,0.0017176569679600764
3595,-0.2332730560578661,0.0741011801182267,0.0088747504255731,238,5,5,0,48,0.002829270609622204
3596,-0.0320178704393149,0.0788664899169757,0.0299277419775753,238,9,5,1,43,0.0042530637397620065
3597,-0.1808672836223096,0.0939219215738346,0.0757585137712798,238,6,7,4,9,0.001004592582867325
3598,-0.098748360103535,0.1183276715228438,0.0930501525991105,238,8,9,6,16,0.0008557918870896612
3599,0.0313796404637804,0.0690293842110099,0.0070410950524093,238,10,4,0,104,0.004355003298635465
3600,-0.1561890579016416,0.0915644403169386,0.0040673497886226,238,6,7,0,96,0.004713885748433999
3601,0.1641314753749601,0.1004808416242145,0.1097713052352209,238,13,8,7,4,0.0004742283372229884
3602,-0.319434102755026,0.116549709720848,0.0803578186497685,238,3,9,5,6,0.000463573381957771
3603,0.4208417544232882,0.0434727544208528,0.034981017144794,238,18,2,2,6,0.00029173800951271325
3604,-0.0743537921497712,0.135584385703446,0.1461415060156672,238,8,11,9,9,0.00047895346149418435
3605,-0.1598766088713966,0.1210902365439556,0.0946881865624389,238,6,10,6,6,0.00072903327134395
3606,-0.296032336985427,0.0910048881360447,0.0022866534399627,238,4,7,0,120,0.004630464276693427
3607,0.3443959862425982,0.1165976498682928,0.1614406588440636,238,16,9,10,3,0.0001254568451823878
3608,-0.223274119774492,0.1209176820716405,0.0096689710255124,238,5,10,0,7,0.0011796346268269876
3609,-0.3211360493564514,0.1007268900306763,0.0022838976808991,238,3,8,0,100,0.004333383064151017
3610,-0.2465340566606389,0.1001109600899139,0.00334227956538,238,5,8,0,70,0.004087396103385501
3611,-0.0970464135021096,0.082586038763941,0.0085700097517876,238,8,6,0,87,0.004426521123504939
3612,-0.1075417508775661,0.0741160776735228,0.0371305818362247,238,7,5,2,14,0.0019215935290123082
3613,-0.3619118533489344,0.0989488757468955,0.0078254167491529,238,2,7,0,52,0.002597604187038845
3614,-0.2962450803106052,0.1299286705312485,0.0222184904825819,238,4,11,1,6,0.0008162521028004484
3615,0.1179661738112966,0.0497188479946396,0.0096205251216704,238,12,2,0,34,0.0021758371823757663
3616,-0.0519448285643371,0.0732729161711501,0.0016872549440681,238,9,5,0,128,0.00475484797010613
3617,-0.2785873843208168,0.0915058375295784,0.0039959878656844,238,4,7,0,120,0.004630464276693427
3618,-0.0745665354749494,0.0864699803291668,0.0295239603596458,238,8,6,1,32,0.004098846777087474
3619,0.0562706095096266,0.0800007529813726,0.0434582097286206,238,11,5,2,24,0.0022595098618287553
3620,-0.2839059674502712,0.1007794622910306,0.0076954835240026,238,4,8,0,91,0.004483419991872029
3621,-0.0850618728504059,0.0871031269314467,0.0156924362926187,238,8,6,1,32,0.004098846777087474
3622,-0.3427649540828989,0.1152489840484397,0.0143670910358977,238,3,9,0,69,0.003704547569987754
3623,-0.1898025032797929,0.115633977400614,0.0841863867692779,238,6,9,5,14,0.0009713154263924001
3624,-0.1885969577704499,0.0920404107271595,0.030434520297574,238,6,7,1,34,0.0042053397344584634
3625,0.1114420451724993,0.0508876506354524,0.0091402670716769,238,12,2,0,34,0.0021758371823757663
3626,0.1059107187178668,0.0708128657637851,0.0047226353698086,238,12,4,0,46,0.003005418736203267
3627,-0.0689642945785909,0.0715117544708241,0.0149746986434559,238,8,5,0,118,0.004884276702473828
3628,-0.0798851186044037,0.0598763335623774,0.0141150768272396,238,8,3,0,13,0.0017505038814693567
3629,0.0330815870652058,0.0626979507630501,0.0210526762510172,238,10,4,1,35,0.00376178763264307
3630,0.1570400312023543,0.1381361482344945,0.1616126510168554,238,13,11,10,4,0.00021625694221660282
3631,0.014856575541609,0.0655627589794213,0.0031734191669428,238,10,4,0,104,0.004355003298635465
3632,0.1049888309754281,0.0581109813003758,0.004704336500116,238,12,3,0,112,0.0033545247846789965
3633,-0.226961670744247,0.1007499212213687,0.0135157229439354,238,5,8,0,70,0.004087396103385501
3634,0.1790944225791582,0.0626322171351609,0.0467910999311302,238,13,4,3,11,0.001202520299529772
3635,-0.1339219231996595,0.0931122236536169,0.0102205730777717,238,7,7,0,75,0.003922112144946418
3636,-0.2669574158777434,0.1221409739937312,0.0549963165976277,238,4,10,3,9,0.0010100687867596464
3637,0.1167606283019536,0.054199323562019,0.0189713096275548,238,12,3,1,38,0.0029775459777509877
3638,-0.2663191859022089,0.0712146484342063,0.0038130952556233,238,4,5,0,26,0.0018323270165334974
3639,-0.2563911640605609,0.1068062664891354,0.0127015905607372,238,4,8,0,91,0.004483419991872029
3640,-0.4386412792965287,0.107737272359798,0.0046611846402275,238,1,8,0,39,0.0022015621544169703
3641,0.1722866361734567,0.0526912785978301,0.0032347956458642,238,13,3,0,68,0.0026935169555837167
3642,-0.0778285997943481,0.1295515289024886,0.0948213493739813,238,8,11,6,3,0.00033714364411967473
3643,-0.3134772896500372,0.1062079313697169,0.0105025202848788,238,3,8,0,100,0.004333383064151017
3644,-0.2761762933021309,0.0907870650696846,0.0040658270031379,238,4,7,0,120,0.004630464276693427
3645,0.2909974116228769,0.0468057508499124,0.0299712388286971,238,15,2,1,18,0.00142560135977588
3646,-0.3107116264227209,0.1232129913321831,0.0360196937803866,238,3,10,2,12,0.0015393917560890028
3647,-0.1715774917561961,0.0829183548608346,0.0556832174987623,238,6,6,3,9,0.0011868363604927129
3648,-0.214693472325639,0.0878299961772696,0.048379813057751,238,5,6,3,4,0.0008749168584488272
3649,-0.1249867035421763,0.1015164245797373,0.0362465945832872,238,7,8,2,12,0.0017732637311286177
3650,0.1451973194341027,0.0816877942138006,0.0515610105690463,238,12,6,3,15,0.0012031467636487892
3651,0.1322908910399602,0.0897119199105941,0.0468818009120702,238,12,6,3,15,0.0012031467636487892
3652,-0.3466652483778321,0.1060336726465401,0.010604881126658,238,3,8,0,100,0.004333383064151017
3653,-0.3744637095344466,0.1201559263033204,0.0046045105489602,238,2,10,0,64,0.0027862606231091225
3654,-0.3716271318654043,0.1188551279265496,0.0010499460069454,238,2,9,0,92,0.0036402965216667748
3655,-0.1299507144630003,0.1161170169355789,0.0749450606198463,238,7,9,4,17,0.0009932687448377788
3656,0.2400099280218416,0.0505352631107473,0.0024844845274241,238,14,2,0,63,0.001936958343928828
3657,-0.0843527284331454,0.0719230894662818,0.0051993843303145,238,8,5,0,118,0.004884276702473828
3658,-0.2295855050881111,0.0933041982400527,0.0288632950033175,238,5,7,1,30,0.0042669011761406455
3659,-0.2878062617452043,0.1548581734852198,0.1628368270841425,238,4,13,10,3,0.00012347845194892834
3660,0.1834202035244477,0.0522325074119899,0.0066767479610806,238,13,3,0,68,0.0026935169555837167
3661,-0.4005602240896358,0.1223688204719591,0.0187225837777441,238,2,10,1,26,0.002507580560992337
3662,0.073999219941141,0.0830145311162475,0.0492547276786935,238,11,6,3,17,0.0015177436956017969
3663,-0.32439811367585,0.1104849232264683,0.0299967309825192,238,3,9,1,37,0.003326167945494541
3664,-0.2865298017941353,0.0793118579384829,0.0033153394602417,238,4,5,0,26,0.0018323270165334974
3665,0.1040669432329893,0.1129220810771801,0.1059300673369964,238,12,9,6,2,0.0004804658270096915
3666,-0.3031946955997588,0.1081265724927344,0.0077536033038151,238,4,8,0,91,0.004483419991872029
3667,0.073999219941141,0.064545827568289,0.0051917448780168,238,11,4,0,96,0.0038563263286608743
3668,-0.3196468460802042,0.1064976694759275,0.0327106287585602,238,3,8,2,16,0.0019253882281921957
3669,-0.2053327660177995,0.084329560171557,0.0119691955610385,238,5,6,0,104,0.004457874728275953
3670,-0.3182994716874091,0.1820511511128472,0.2220758875664669,238,3,16,14,1,2.688682315579333e-05
3671,-0.3165266106442576,0.1065560308361823,0.0110483567688451,238,3,8,0,100,0.004333383064151017
3672,-0.0305995816047938,0.0999209173372286,0.0797862415937471,238,9,7,5,11,0.0008999656682911266
3673,-0.374889196184803,0.1257172522262664,0.0130157519714644,238,2,10,0,64,0.0027862606231091225
3674,-0.3763783994610502,0.1193497414225777,0.0339273715038331,238,2,9,2,15,0.001644406735155633
3675,-0.0367691380349608,0.0746559177680806,0.021464830518047,238,9,5,1,43,0.0042530637397620065
3676,-0.0702407545296599,0.0810034116018524,0.038190511969314,238,8,6,2,25,0.0025738901815202356
3677,-0.3395028897635003,0.104644339072155,0.0105191326450169,238,3,8,0,100,0.004333383064151017
3678,-0.2986561713292912,0.1422763768916692,0.0418181346005741,238,4,12,2,5,0.00035761148321022485
3679,0.2900755238804382,0.127526440095097,0.1684916082168766,238,15,10,11,2,0.00010567040955792004
3680,-0.308371449845761,0.0976867752076584,0.014053282879681,238,3,7,0,83,0.0037735571101525844
3681,-0.1454100627592809,0.1053247108267338,0.0111098015133934,238,7,8,0,22,0.0023093496379671427
3682,-0.3179448994787788,0.0889725201303586,0.0057012153161318,238,3,6,0,36,0.0023601621856203458
3683,0.0403148601212636,0.1669436517572639,0.2193463123661407,238,10,14,14,3,0.00013589145101808992
3684,0.017267666560295,0.1155782681724447,0.1138277657928574,238,10,9,7,11,0.0007372693959234579
3685,0.0602418182462858,0.0934272751547089,0.0621088559759559,238,11,7,4,16,0.0010682896120130846
3686,-0.2702903946388681,0.1112861980115948,0.0058676647000292,238,4,9,0,63,0.0032442879918447966
3687,-0.2813530475481331,0.0943468267264476,0.0240475718422293,238,4,7,1,28,0.0038455970181802803
3688,0.1030741410488245,0.0805006093133227,0.0591877080041576,238,12,5,3,24,0.001508498782464373
3689,-0.0498173953125554,0.0833677549920486,0.0215666697887532,238,9,6,1,35,0.003457223377569426
3690,-0.1047051732085238,0.0701049912582297,0.0165691797087768,238,7,4,1,13,0.002255601474021136
3691,0.0696734389958514,0.0636792935444797,0.001998279649619,238,11,4,0,96,0.0038563263286608743
3692,-0.0836435840158848,0.0805196242696131,0.0015784467909797,238,8,5,0,118,0.004884276702473828
3693,-0.0647094280750274,0.0561643768394155,0.0067995743165906,238,8,3,0,13,0.0017505038814693567
3694,0.1499485870297486,0.1653634725370801,0.2263792540244828,238,13,14,14,1,6.258445286097369e-05
3695,0.1268304790270538,0.0648373051307869,0.0181412823244015,238,12,4,1,39,0.0030492137784899846
3696,0.012374570081197,0.1525631757991947,0.170276350880319,238,10,13,11,3,0.00024814371209443185
3697,0.0671205190937134,0.123739500757056,0.1314356003803898,238,11,10,8,10,0.0005244538209284242
3698,-0.0556323795340921,0.0873273084862239,0.0113890922262233,238,8,6,0,87,0.004426521123504939
3699,-0.1668971386022763,0.0623071227163115,0.0080801985705842,238,6,4,0,25,0.0019497198210807415
3700,-0.1679608552281672,0.0834989876386062,0.0222281024712058,238,6,6,1,30,0.004217975956735463
3701,0.0787504875367868,0.0545367142434092,0.0119752033610072,238,11,3,0,87,0.0035031944625956886
3702,-0.4697018047725418,0.1375486344412446,0.0169480530299237,238,0,11,1,5,0.0008677164775862558
3703,-0.2924866148991241,0.1045150102014427,0.0343501378088685,238,4,8,2,18,0.0022378626382709432
3704,0.0331525015069318,0.0703088741653241,0.033288076762358,238,10,4,2,18,0.0020621544372435682
3705,0.1442754316916639,0.08823912940322,0.0791343642305528,238,12,6,5,19,0.0008781639312160993
3706,-0.0354217636421657,0.0829446872575714,0.0045006713399975,238,9,6,0,67,0.003528788865454604
3707,0.0318051271141367,0.110368586126612,0.1008555220329979,238,10,9,6,13,0.0007544960516155897
3708,0.1571818600858064,0.0497198466957783,0.0117167837201258,238,13,2,0,51,0.002201728852969309
3709,-0.3221288515406161,0.0935653798623624,0.0029924497689279,238,3,7,0,83,0.0037735571101525844
3710,0.1612239832641917,0.110098422531768,0.1097456551363811,238,13,9,7,5,0.00036288229573212187
3711,-0.1257667624011629,0.0964010225881084,0.0605729723554126,238,7,7,3,28,0.0017006627136119561
3712,0.0454206999255398,0.1681083781714584,0.2202386006519286,238,10,14,14,3,0.00013589145101808992
3713,0.1087472963869091,0.0553226206528863,0.0172624782669843,238,12,3,1,38,0.0029775459777509877
3714,-0.0541431762578449,0.1025225404857512,0.0867902878589882,238,8,8,5,12,0.0009924301394853789
3715,0.2674538169698258,0.0619194370751749,0.0389846200945895,238,15,4,2,9,0.0008663990284854951
3716,0.1469701804772542,0.0445369723450302,0.0047995143802129,238,12,2,0,34,0.0021758371823757663
3717,-0.0088997624366202,0.1101134029783956,0.0564516768585001,238,9,9,3,3,0.0004790361006178259
3718,-0.1669680530440024,0.1002491966998596,0.0024124274525458,238,6,8,0,57,0.003300602884874217
3719,-0.3029110378328546,0.1435938065042792,0.0396441623321664,238,4,12,2,5,0.00035761148321022485
3720,-0.349076339396518,0.1320478915230217,0.0265336832321965,238,3,11,1,5,0.0011699845181741666
3721,-0.1883842144452717,0.0786881642451893,0.0034751449238428,238,6,5,0,87,0.0037737578394178533
3722,0.0392511434953728,0.073794123760897,0.0106328788831062,238,10,5,0,75,0.003855261700858351
3723,-0.1836329468496259,0.0986380449282408,0.05223117548636,238,6,7,3,27,0.001618208133972155
3724,-0.1967521185689465,0.0894617828106284,0.0013081714617924,238,6,6,0,123,0.0049806266057812725
3725,0.0213097897386802,0.083002142415431,0.038837892793052,238,10,6,2,24,0.0021178534085580414
3726,0.1756196149345814,0.086749001080089,0.0920113151167216,238,13,6,6,5,0.00052772168952842
3727,0.1498067581462965,0.0507096226820095,0.0025398122610917,238,13,2,0,51,0.002201728852969309
3728,-0.0707371556217423,0.0806958963161034,0.0098287015559556,238,8,6,0,87,0.004426521123504939
3729,-0.2472432010778995,0.0882153921371813,0.0425722093023821,238,5,6,2,14,0.0018513353508829
3730,-0.4337481828174307,0.1201583469965417,0.0166435300041366,238,1,10,1,22,0.002079606064659946
3731,-0.4237492465340565,0.1189838474594626,0.0112159388918191,238,1,9,0,77,0.0026736108853416024
3732,-0.4158777435024642,0.1355191392645972,0.0126835337324882,238,1,11,0,44,0.0016412330933814783
3733,0.143069886182321,0.0662309588997432,0.0035017855275408,238,12,4,0,46,0.003005418736203267
3734,-0.2354004893096478,0.1607912809375545,0.1626558747927043,238,5,14,10,1,9.308735266052066e-05
3735,0.080239690813034,0.0687937424135358,0.0615334945251904,238,11,4,4,3,0.0005121658075716661
3736,-0.3728326773747473,0.1102600673043633,0.0014014076522647,238,2,9,0,92,0.0036402965216667748
3737,-0.1464737793851717,0.0682614099431569,0.0060725977309036,238,7,4,0,53,0.0027892752163863077
3738,-0.4340318405843349,0.102810409669575,0.0095513026223988,238,1,8,0,39,0.0022015621544169703
3739,0.1208027514803389,0.0552090141060346,0.0054919193270467,238,12,3,0,112,0.0033545247846789965
3740,-0.0917278303726553,0.1065234415002776,0.0060051388789412,238,8,8,0,11,0.0013733754699129929
3741,-0.1191717193206396,0.1158910807040415,0.0462668270227224,238,7,9,3,6,0.0009745173799832708
3742,-0.1250576179839023,0.0782716606011548,0.0271734032797952,238,7,5,1,35,0.003768331523905521
3743,-0.0459171010176222,0.0894201918084058,0.046937661432407,238,9,6,3,22,0.0016882375614213183
3744,0.0052122114668652,0.0870373010652139,0.0235070415316959,238,10,6,1,19,0.0024793188556417934
3745,0.2414991312980888,0.0676162514492641,0.0600099002944742,238,14,4,3,13,0.001024868986996489
3746,-0.0123036556394709,0.11327233776183,0.0936306701040469,238,9,9,6,7,0.0007918383888093588
3747,-0.0785377442116086,0.101699727870156,0.0147307479512033,238,8,8,0,11,0.0013733754699129929
3748,0.0437187533241144,0.0733509058944816,0.0019509341661752,238,10,5,0,75,0.003855261700858351
3749,0.0432932666737581,0.0635395839718223,0.0308131647214825,238,10,4,2,18,0.0020621544372435682
3750,0.2879480906286564,0.0334808993702093,0.0031070792626227,238,15,1,0,37,0.0012568719412054995
3751,0.08265078183172,0.0768759692809337,0.0539755615441316,238,11,5,3,16,0.0015976535184731248
3752,-0.2785164698790908,0.096382514969736,0.010004283674796,238,4,7,0,120,0.004630464276693427
3753,-0.3590752756798921,0.0942022328160604,0.0022936580685607,238,2,7,0,52,0.002597604187038845
3754,-0.4219763854909051,0.1245242782078699,0.0027182384569384,238,1,10,0,58,0.0024176974686684533
3755,-0.0963372690848491,0.0749578769159118,0.00781560205782,238,8,5,0,118,0.004884276702473828
3756,-0.2780909832287345,0.0909882162087616,0.0083442760741097,238,4,7,0,120,0.004630464276693427
3757,0.2992234868630996,0.0440143159509908,0.0069462609577607,238,16,2,0,12,0.0010230552340021607
3758,0.0745665354749494,0.0678551284657152,0.009511735630317,238,11,4,0,96,0.0038563263286608743
3759,0.1659752508598375,0.0600538752041446,0.0033606283620611,238,13,3,0,68,0.0026935169555837167
3760,0.1281069389781229,0.0579864497926786,0.0044050445873487,238,12,3,0,112,0.0033545247846789965
3761,-0.3719107896323085,0.1266129541346096,0.0127078173950694,238,2,10,0,64,0.0027862606231091225
3762,-0.1325745488068644,0.1038466416860385,0.0798239166176678,238,7,8,5,11,0.000992393730641657
3763,-0.300996347906251,0.1307113540732724,0.0242336780656787,238,4,11,1,6,0.0008162521028004484
3764,-0.3254618303017409,0.1185181055216642,0.0056683257021746,238,3,9,0,69,0.003704547569987754
3765,0.0553487217671878,0.0629813417451055,0.0024199408565246,238,11,4,0,96,0.0038563263286608743
3766,-0.4050987483601034,0.102289720967181,0.0023677740540547,238,1,8,0,39,0.0022015621544169703
3767,0.214622557883913,0.0672069329272268,0.0539587273325568,238,14,4,3,13,0.001024868986996489
3768,-0.3004999468141686,0.1012370937548941,0.0054502417465668,238,4,8,0,91,0.004483419991872029
3769,-0.1488848704038577,0.0817542784895769,0.0024608270953101,238,7,6,0,105,0.004915439800339099
3770,0.0081197035776335,0.081105380090481,0.0289158731065237,238,10,6,1,19,0.0024793188556417934
3771,-0.0812324929971988,0.0825641796145261,0.0056716544538136,238,8,6,0,87,0.004426521123504939
3772,0.115980569442967,0.0668267610707866,0.0110801542709863,238,12,4,0,46,0.003005418736203267
3773,-0.2933375881998368,0.1127341059535798,0.0244845050223703,238,4,9,1,33,0.00306687553510888
3774,0.0032975215402616,0.0703560144159331,0.0070340791401128,238,10,4,0,104,0.004355003298635465
3775,-0.3980782186292237,0.1272476982499064,0.0012443334723024,238,2,10,0,64,0.0027862606231091225
3776,-0.1452682338758288,0.0722062243510348,0.0160369526649536,238,7,5,1,35,0.003768331523905521
3777,-0.3534021203418075,0.1015732921283862,0.0197694640373988,238,3,8,1,24,0.003650412738886289
3778,-0.2375279225614295,0.1268554085564155,0.050638994345524,238,5,10,3,8,0.0008795548019534462
3779,-0.3154628940183668,0.0977223910593654,0.0091338465162929,238,3,7,0,83,0.0037735571101525844
3780,-0.3862355068609722,0.1090020374905344,0.0333330499384781,238,2,8,2,7,0.0013970382356367826
3781,0.167748111902989,0.073091766609606,0.0390202322322585,238,13,5,2,14,0.0013821423406262744
3782,-0.2862461440272311,0.1174851781823759,0.0197616042256757,238,4,9,1,33,0.00306687553510888
3783,-0.3384391731376094,0.1246534123010357,0.0186944735394159,238,3,10,1,18,0.0022729880349347505
3784,0.0564833528348048,0.0635980237791825,0.005329169691846,238,11,4,0,96,0.0038563263286608743
3785,-0.2163245044853383,0.1022306398415432,0.0123909583114748,238,5,8,0,70,0.004087396103385501
3786,-0.2345495160089352,0.1019470960302005,0.0026472693264192,238,5,8,0,70,0.004087396103385501
3787,-0.1881005566783675,0.0845598787375974,0.001161354134121,238,6,6,0,123,0.0049806266057812725
3788,-0.1003793922632343,0.0812047787043891,0.010103749947217,238,8,6,0,87,0.004426521123504939
3789,0.039534801262277,0.071723972606022,0.0055048972603779,238,10,5,0,75,0.003855261700858351
3790,-0.0413076623054285,0.0735308040595385,0.0305755207020376,238,9,5,1,43,0.0042530637397620065
3791,-0.2369606070276211,0.0901423715412971,0.0164832877509022,238,5,6,1,26,0.0036553501392859243
3792,0.0152820621919653,0.0712350632528022,0.0010256606240346,238,10,5,0,75,0.003855261700858351
3793,0.0798142041626777,0.0789533643694944,0.0612378418218149,238,11,5,4,3,0.0009304161891401099
3794,-0.1945537708754387,0.0905174324088721,0.054877402373992,238,6,7,3,27,0.001618208133972155
3795,0.1880296422366414,0.1166534141183839,0.1133129552488286,238,13,9,7,5,0.00036288229573212187
3796,-0.1243484735666418,0.0956863288089856,0.0112899068543956,238,7,7,0,75,0.003922112144946418
3797,-0.1261922490515193,0.1299674000453687,0.1244717576662424,238,7,11,8,6,0.0005239275630867714
3798,-0.2684466191539906,0.0889805558769432,0.005301729906656,238,4,6,0,60,0.003468743098616289
3799,-0.4278622841541679,0.1209924842920124,0.008928516415755,238,1,10,0,58,0.0024176974686684533
3800,-0.0043612381661525,0.0783083675778759,0.0028486687389393,238,9,5,0,128,0.00475484797010613
3801,-0.0686097223699606,0.0922598037402532,0.067092385685244,238,8,7,4,17,0.0011918988240630826
3802,0.0019501471474665,0.1017239081242216,0.1110958541648428,238,10,8,7,7,0.0006249498792050277
3803,-0.0140765166826224,0.0729014933705465,0.0096647192870865,238,9,5,0,128,0.00475484797010613
3804,0.0933588625323547,0.0709100683104911,0.0381047701337147,238,11,5,2,24,0.0022595098618287553
3805,-0.4367975038116511,0.1147694364887313,0.0025706628783262,238,1,9,0,77,0.0026736108853416024
3806,-0.1785980214870758,0.139418343912878,0.1479076767067053,238,6,12,9,6,0.0003089775727796795
3807,0.0227280785732014,0.0678322113392293,0.0012311026592242,238,10,4,0,104,0.004355003298635465
3808,-0.3460979328440236,0.0793553628612,0.0095855276858142,238,3,5,0,7,0.001029943856425407
3809,0.349005424954792,0.0373306936195328,0.0091874350119275,238,17,1,0,23,0.0007836667221217257
3810,-0.1062652909264971,0.1251128357915858,0.0560823032782732,238,7,10,3,3,0.0005009984999093254
3811,-0.310782540864447,0.1073154265538966,0.0016801034126995,238,3,8,0,100,0.004333383064151017
3812,-0.298514342445839,0.1167795370859944,0.0191236034645545,238,4,9,1,33,0.00306687553510888
3813,0.2973087969364961,0.0532212317021964,0.0353486916735251,238,15,3,2,24,0.0010910017256819872
3814,-0.3308513278729212,0.0819946825290625,0.0036037988400768,238,3,6,0,36,0.0023601621856203458
3815,-0.0416622345140587,0.1213868617008231,0.1319685652832845,238,9,10,8,11,0.000620914219708723
3816,0.4129702513916958,0.0419902098651884,0.0303733737633585,238,18,2,1,1,0.00031715957290802925
3817,-0.2481650888203382,0.0997717629718391,0.0494506604883621,238,5,7,3,14,0.0013318451260624542
3818,-0.2216430876147927,0.097325075367635,0.0159956897967625,238,5,7,1,30,0.0042669011761406455
3819,0.106123462043045,0.0666181298534077,0.0170913608223985,238,12,4,1,39,0.0030492137784899846
3820,-0.10243591107329,0.063645606038106,0.0043738557816051,238,8,4,0,68,0.003645851648012564
3821,0.1830656313158174,0.0685627875829806,0.0653463736732086,238,13,4,4,5,0.0006604029964026735
3822,0.041945892280963,0.1014115863635665,0.0880086043487244,238,10,8,5,11,0.0009142347313185025
3823,0.0980392156862744,0.1088291682764,0.1148237420333439,238,12,8,7,4,0.0005742058700238513
3824,0.219515654363011,0.0527276632582479,0.0144998483679538,238,14,3,0,25,0.0018030019399556335
3825,-0.4127575080665177,0.1209408664019908,0.0024511320904978,238,1,10,0,58,0.0024176974686684533
3826,0.0198915009041591,0.0802469238787839,0.0313188131685259,238,10,5,2,36,0.0025029702124330115
3827,0.0741410488245931,0.1807362515822125,0.2286415383108935,238,11,16,15,3,7.812373086191362e-05
3828,0.0093252490869765,0.0588306144538174,0.0068955932594044,238,10,3,0,83,0.003204714279147116
3829,0.3684359819877317,0.0371873498565648,0.0167614911363628,238,17,1,1,15,0.0007078839229582325
3830,-0.4002056518810055,0.1315996468573411,0.0021899154488551,238,2,11,0,22,0.0015995178499110165
3831,-0.0531503740736801,0.0888634240116561,0.0144806481994244,238,8,6,0,87,0.004426521123504939
3832,-0.053079459631954,0.1084315565872683,0.0801603355816865,238,9,8,5,17,0.0009574163963989238
3833,-0.17888167925398,0.0937407912267675,0.0427856390178878,238,6,7,2,22,0.002576945851115547
3834,-0.096266354643123,0.1187048074445933,0.0490801666011447,238,8,9,3,10,0.0007271692680472435
3835,-0.1446300039002942,0.1429350856169093,0.1633172299890004,238,7,12,10,4,0.000298775384959031
3836,0.1588838066872318,0.0993437909194372,0.1024811402962612,238,13,7,6,10,0.0006279537371180559
3837,-0.2919902138070417,0.0891574864253328,0.0021175577791712,238,4,6,0,60,0.003468743098616289
3838,0.0454206999255398,0.0619078738760058,0.037302885346307,238,10,4,2,18,0.0020621544372435682
3839,-0.1551253412757507,0.074400293715288,0.0059898820494363,238,6,5,0,87,0.0037737578394178533
3840,0.1034996276991809,0.0647417919801691,0.0427448145758918,238,12,4,2,30,0.0021432616240922957
3841,-0.418005176754246,0.1012075869626311,0.0171967068782995,238,1,8,1,9,0.0017457061791263356
3842,-0.1129312484487465,0.0990401481530754,0.0394530441743334,238,7,7,2,26,0.002471827272074585
3843,0.0631493103570542,0.061741817224174,0.018623247788443,238,11,4,1,35,0.00355858256828443
3844,-0.1729957805907172,0.1652159892096441,0.2029775726660722,238,6,14,13,3,0.0001302198848325025
3845,0.1671807963691805,0.0522350952459437,0.0014755144193335,238,13,3,0,68,0.0026935169555837167
3846,0.0356345069673438,0.07660651944391,0.0064936503794218,238,10,5,0,75,0.003855261700858351
3847,0.1294543133709179,0.0571193701200787,0.0036332710758644,238,12,3,0,112,0.0033545247846789965
3848,-0.2119987235400489,0.1106379167422504,0.0721068663975764,238,5,9,4,13,0.001032141634315045
3849,0.0304577527213416,0.124030521385131,0.1393348239544048,238,10,10,9,5,0.00042140266179032233
3850,-0.2464631422189128,0.1146438010805746,0.0040448681258779,238,5,9,0,34,0.002548715097143437
3851,-0.2819203630819416,0.11199672774299,0.0158808084677545,238,4,9,1,33,0.00306687553510888
3852,-0.0094670779704286,0.0833129235620873,0.0764267503615841,238,9,6,5,1,0.0005669752736452669
3853,-0.2262525263269864,0.0808412163069671,0.0029589043578438,238,5,6,0,104,0.004457874728275953
3854,-0.0275502606105733,0.068744367116741,0.0192182620555073,238,9,4,1,19,0.003555003348932449
3855,-0.1323618054816863,0.0919607074653466,0.0040010810357231,238,7,7,0,75,0.003922112144946418
3856,-0.3882920256710278,0.1175712332471848,0.0325175260088883,238,2,9,2,15,0.001644406735155633
3857,-0.2545473885756834,0.1148547727122129,0.0095029366645337,238,4,9,0,63,0.0032442879918447966
3858,-0.0491082508952948,0.0916627764442895,0.0323223121973824,238,9,7,2,11,0.0016985259845621217
3859,0.1237811580328333,0.0652722775794054,0.0540830462772376,238,12,4,3,6,0.0012563024102635314
3860,-0.0897422260043257,0.0883651033591997,0.0012750419152458,238,8,6,0,87,0.004426521123504939
3861,0.2159699322767081,0.0520431974538306,0.0361376358964129,238,14,3,2,20,0.001345194623171677
3862,0.1093146119207176,0.0624630840058914,0.0142510018957851,238,12,4,0,46,0.003005418736203267
3863,-0.1688827429706059,0.1830626787389227,0.2185142454089583,238,6,16,14,1,6.03330591464158e-05
3864,0.2273162429528773,0.0778010514939916,0.0636353373897085,238,14,5,4,19,0.0007926131938837975
3865,-0.263979009325249,0.1047579471033351,0.0423225299643751,238,4,8,2,18,0.0022378626382709432
3866,0.1156969116760628,0.0592154815031886,0.0024081645661324,238,12,3,0,112,0.0033545247846789965
3867,0.1370421586356061,0.0643842893442361,0.0220545500625373,238,12,4,1,39,0.0030492137784899846
3868,-0.2422791901570754,0.1080790735119483,0.0033656879850833,238,5,8,0,70,0.004087396103385501
3869,0.0413785767471545,0.0614606040267979,0.0037128351963546,238,10,4,0,104,0.004355003298635465
3870,-0.3670176931532106,0.1219494665076525,0.0241605770381718,238,2,10,1,26,0.002507580560992337
3871,-0.2585185973123426,0.0982123651049348,0.0066059893186415,238,4,7,0,120,0.004630464276693427
3872,-0.1608694110555614,0.1045290213865122,0.0131798479128822,238,6,8,0,57,0.003300602884874217
3873,-0.0102471368294153,0.0953569442619605,0.0106400900769241,238,9,7,0,7,0.0018091093679902578
3874,-0.1466865227103499,0.1047215299098184,0.0088070874117585,238,7,8,0,22,0.0023093496379671427
3875,-0.0397475445874552,0.0777762592498269,0.0334915248249152,238,9,5,2,19,0.0025021876125847424
3876,-0.0998120767294259,0.1200879560365933,0.1326570446964293,238,8,10,8,7,0.0006149480491235002
3877,0.1822855724568308,0.0633366429614456,0.038632004613071,238,13,4,2,27,0.0017949624306630315
3878,-0.1031450554905506,0.1302067543178602,0.1094654188971764,238,8,11,7,4,0.0004979663108826946
3879,-0.1261922490515193,0.095567545259029,0.0026723299169078,238,7,7,0,75,0.003922112144946418
3880,0.34652341949438,0.053138358437694,0.0428381488406294,238,16,3,2,22,0.0008277185805572241
3881,-0.2973087969364961,0.102366275985404,0.0029173538009586,238,4,8,0,91,0.004483419991872029
3882,0.1762578449101159,0.0637086560672922,0.0328950077553939,238,13,4,2,27,0.0017949624306630315
3883,-0.4307697762649363,0.1299377399959127,0.0145628771696351,238,1,11,0,44,0.0016412330933814783
3884,-0.0186859553948161,0.0626532038249316,0.0057154539042354,238,9,4,0,110,0.004292388740450521
3885,0.0473353898521433,0.090041221538256,0.0568085743715229,238,10,6,3,31,0.0017261073251220965
3886,-0.0371237102435911,0.0824291652868042,0.0079123242805931,238,9,6,0,67,0.003528788865454604
3887,-0.3536148636669857,0.1013795052090282,0.0034579027815705,238,3,8,0,100,0.004333383064151017
3888,-0.2535545863915186,0.10089312882871,0.0038165135311935,238,5,8,0,70,0.004087396103385501
3889,-0.173917668333156,0.0851947691691057,0.0268626523747409,238,6,6,1,30,0.004217975956735463
3890,-0.1835620324078998,0.1900919759117489,0.2395033609878569,238,6,17,15,1,3.054462756436419e-05
3891,-0.1623586143318086,0.130318730529691,0.1198032515293886,238,6,11,7,5,0.0004921515586396508
3892,-0.2041272205084565,0.0994195990078516,0.0392593633410115,238,5,7,2,24,0.0024001793753435753
3893,-0.3387937453462397,0.1165857260328952,0.064461420049283,238,3,9,4,9,0.0007424086181865663
3894,-0.088820338261887,0.0971775156754072,0.0676073764679314,238,8,7,4,17,0.0011918988240630826
3895,-0.1760451015849377,0.0829986209141443,0.0005322943602104,238,6,6,0,123,0.0049806266057812725
3896,-0.3109952841896251,0.1067802381160615,0.0052581208279629,238,3,8,0,100,0.004333383064151017
3897,-0.2279544729284118,0.0872568568212353,0.0412212373439927,238,5,6,2,14,0.0018513353508829
3898,0.11718611495231,0.1578339233348696,0.2149580578544627,238,12,13,14,1,7.124280180956322e-05
3899,-0.3057476155018969,0.097237495491455,0.0016582256915739,238,3,7,0,83,0.0037735571101525844
3900,-0.1531397369074212,0.1006753687703843,0.0356283519177047,238,7,8,2,12,0.0017732637311286177
3901,0.183845690174804,0.0514098278978152,0.0022223320006236,238,13,3,0,68,0.0026935169555837167
3902,-0.0033684359819877,0.0770124619613952,0.0340300048918346,238,9,5,2,19,0.0025021876125847424
3903,0.3082296209623089,0.0417545526234485,0.0055970106820574,238,16,2,0,12,0.0010230552340021607
3904,-0.3686487253129099,0.1131342891055835,0.0195922542712427,238,2,9,1,29,0.003099733513643377
3905,-0.2902882672056164,0.0796273450398823,0.0090564964501339,238,4,5,0,26,0.0018323270165334974
3906,-0.46991454809772,0.1418592937155913,0.0239474096459792,238,0,12,1,2,0.0004886143066910412
3907,-0.2042690493919086,0.0745414567123735,0.012179558570678,238,5,5,0,48,0.002829270609622204
3908,0.0271247739602169,0.0867024145485775,0.046028933616845,238,10,6,3,31,0.0017261073251220965
3909,-0.4043186895011168,0.1056954664499615,0.0214114414772769,238,2,8,1,13,0.002881514397028944
3910,0.1689536574123319,0.0674000467458061,0.0454286890949614,238,13,4,2,27,0.0017949624306630315
3911,-0.0763393965181009,0.0741812008657916,0.0030465331654949,238,8,5,0,118,0.004884276702473828
3912,-0.4677162004042122,0.1284489006125305,0.010898207417973,238,0,10,0,21,0.001299022135957822
3913,-0.2127078679573094,0.1114035763228817,0.023347814980187,238,5,9,1,21,0.0025129596142606752
3914,-0.1812218558309399,0.1148986974973172,0.0972058782321566,238,6,9,6,15,0.0008086379587624537
3915,-0.0083324469028117,0.0748260575326974,0.0013875181689192,238,9,5,0,128,0.00475484797010613
3916,-0.0522994007729674,0.0943929626134151,0.0221984462800997,238,9,7,1,14,0.0019806186229034644
3917,-0.4306279473814842,0.1086414854147432,0.0027003337983106,238,1,8,0,39,0.0022015621544169703
3918,-0.1674644541360848,0.0809636167309455,0.003458202667299,238,6,6,0,123,0.0049806266057812725
3919,-0.1257667624011629,0.0789343560977971,0.0271465119870534,238,7,5,1,35,0.003768331523905521
3920,0.1730666950324433,0.0635230223233714,0.0188657257469186,238,13,4,1,27,0.002211503016508247
3921,-0.1551962557174768,0.0966969660773339,0.0012718468804722,238,6,7,0,96,0.004713885748433999
3922,-0.1571818600858064,0.1048014895507322,0.0295111344528546,238,6,8,1,25,0.003122502696240139
3923,0.1438499450413076,0.075302326466213,0.0385236591156381,238,12,5,2,36,0.001907366235161121
3924,0.226961670744247,0.0588622234630026,0.0523796948663738,238,14,3,3,6,0.0007676776020171537
3925,-0.0410240045385242,0.0873800515232545,0.0464053141412535,238,9,6,3,22,0.0016882375614213183
3926,-0.270148565755416,0.110724917431453,0.030523004009513,238,4,9,1,33,0.00306687553510888
3927,-0.1088182108286352,0.0771708077231399,0.0150455695140042,238,7,5,0,86,0.004462857898018962
3928,-0.1662589086267418,0.1267312880154833,0.130986539925645,238,6,10,8,9,0.00046411248093209724
3929,-0.0223735063645711,0.1014497072411006,0.0646639859568641,238,9,8,4,5,0.0009648211838554239
3930,0.011169024571854,0.0633849681902517,0.0049051017326541,238,10,4,0,104,0.004355003298635465
3931,-0.0386129135198383,0.0713041720530543,0.0159167200476866,238,9,5,1,43,0.0042530637397620065
3932,0.0529376307485019,0.0761566784004295,0.0357108909735359,238,11,5,2,24,0.0022595098618287553
3933,0.0170549232351168,0.0752452692451354,0.0244604804056514,238,10,5,1,35,0.003681177079075407
3934,0.1069744353437577,0.0876783809057039,0.0422474033938603,238,12,6,2,6,0.00114301651556474
3935,-0.0825798673899939,0.090775869848879,0.0058181410907569,238,8,7,0,32,0.002863781975607201
3936,-0.0118072545473885,0.1331898810976662,0.1430442151224503,238,9,11,9,6,0.0004840266587636239
3937,0.2336985427082225,0.048350775301676,0.0265173273006896,238,14,2,1,18,0.0017176569679600764
3938,-0.2817785341984894,0.1334454477841498,0.1171247506170571,238,4,11,7,9,0.0003667086798703979
3939,0.1637059887246037,0.057120471458509,0.0334987960811302,238,13,3,2,12,0.0015635494242541884
3940,-0.1771797326525546,0.1283340443517798,0.1244449738524934,238,6,10,8,9,0.00046411248093209724
3941,-0.1181080026947487,0.0800619585448731,0.0070471479569961,238,7,5,0,86,0.004462857898018962
3942,-0.1705137751303052,0.0891157722232323,0.0212110289439749,238,6,6,1,30,0.004217975956735463
3943,0.1506577314470091,0.0559475192833681,0.0114236173854854,238,13,3,0,68,0.0026935169555837167
3944,-0.0260610573343261,0.1291444469535349,0.1429912598572962,238,9,10,9,4,0.0004243167202811045
3945,0.1882423855618196,0.0744005131678624,0.0692096525974167,238,13,5,4,7,0.0009341215253479416
3946,-0.1676062830195369,0.09711287626887,0.0327463923353033,238,6,7,2,22,0.002576945851115547
3947,-0.1649824486756727,0.0756101443155677,0.0316800614566147,238,6,5,2,9,0.0014731747408398195
3948,-0.4199198666808494,0.1195440184706109,0.0147080494296141,238,1,9,0,77,0.0026736108853416024
3949,-0.446583696769847,0.1050114152057118,0.0032139884292349,238,1,8,0,39,0.0022015621544169703
3950,-0.0786086586533347,0.059790378019118,0.010299238017594,238,8,3,0,13,0.0017505038814693567
3951,-0.4002765663227315,0.1148775239615113,0.0227071386902815,238,2,9,1,29,0.003099733513643377
3952,0.2768854377193915,0.072971030756939,0.0580910669833096,238,15,5,3,6,0.0005972175125020211
3953,-0.386022763535794,0.1035022657527986,0.0062189740357314,238,2,8,0,89,0.003550440087193625
3954,-0.1482466404283232,0.0876585668504008,0.0042086156977576,238,7,6,0,105,0.004915439800339099
3955,-0.077757685352622,0.0582412142545287,0.0140775058094183,238,8,3,0,13,0.0017505038814693567
3956,-0.2348331737758394,0.0930758172591754,0.0199577995383268,238,5,7,1,30,0.0042669011761406455
3957,-0.0141474311243484,0.0826414945138857,0.0357429216267676,238,9,6,2,24,0.002447719255977075
3958,-0.2950395348012622,0.1107552430478774,0.0042339625710901,238,4,9,0,63,0.0032442879918447966
3959,-0.0610218771052724,0.0796304679555031,0.0552086412759976,238,8,5,3,8,0.0010831394703888387
3960,-0.2114314080062404,0.088673008280369,0.0035176951571484,238,5,6,0,104,0.004457874728275953
3961,-0.1520051058398042,0.0742178326828806,0.0039384189953955,238,7,5,0,86,0.004462857898018962
3962,-0.1183916604616529,0.1057808165187577,0.0810373280972146,238,7,8,5,11,0.000992393730641657
3963,-0.0053540403503173,0.0900585351573245,0.0547569009431082,238,9,6,3,22,0.0016882375614213183
3964,-0.229443676204659,0.089887345716676,0.0026663841052548,238,5,6,0,104,0.004457874728275953
3965,-0.2488742332375988,0.1247275503742169,0.0575674089399056,238,5,10,3,8,0.0008795548019534462
3966,-0.280076587597064,0.1029054261625433,0.0015362022319544,238,4,8,0,91,0.004483419991872029
3967,-0.2019288728149487,0.1095774330682797,0.0272552284426784,238,6,8,1,25,0.003122502696240139
3968,0.1415097684643477,0.1157363365520419,0.1264065223719261,238,12,9,8,7,0.00044492125945252525
3969,0.0899549693295039,0.0526305006224359,0.0187739796188346,238,11,3,1,20,0.0029229560613640614
3970,0.4163032301528206,0.0340016879307896,0.005738018899166,238,18,1,0,4,0.0004083501911973316
3971,0.3980073041874977,0.0612610445793107,0.077480887870437,238,17,4,5,2,0.000259767027098125
3972,0.0396057157040031,0.078859915052537,0.0382801423023718,238,10,5,2,36,0.0025029702124330115
3973,0.2471722866361734,0.0596963047967616,0.0464673541107763,238,14,3,3,6,0.0007676776020171537
3974,0.1100946707797042,0.0755881792636957,0.0188212768507009,238,12,5,1,16,0.0020170201009321654
3975,0.1986668084955501,0.0941666270894176,0.1226627802677979,238,14,7,8,1,0.00025651258663328137
3976,0.199872354004893,0.0415162892166087,0.0029146121739017,238,14,1,0,22,0.0012417306714709786
3977,-0.0618728504059851,0.0698982005040105,0.0054691034717256,238,8,4,0,68,0.003645851648012564
3978,0.1002375633797822,0.0598446785949557,0.0083835136140846,238,12,3,0,112,0.0033545247846789965
3979,0.4238910754175087,0.0529724614567073,0.0539209100661055,238,18,3,3,3,0.00025575781193847366
3980,-0.2617806616317412,0.0940615190058836,0.0101765755224658,238,4,7,0,120,0.004630464276693427
3981,-0.2556111052015742,0.1634639011729695,0.2098030029648897,238,4,14,13,3,8.428639451575807e-05
3982,-0.0583271283196823,0.0796900570054775,0.0419285903506501,238,8,5,2,17,0.0022773988520767567
3983,-0.1947665142006169,0.1096463514171853,0.0527746993495534,238,6,8,3,17,0.0015567601468503074
3984,-0.0800978619295819,0.1523320768884881,0.1818527073081223,238,8,13,11,6,0.0002451231979308423
3985,0.2199411410133673,0.0403189936039112,0.0029094444851349,238,14,1,0,22,0.0012417306714709786
3986,-0.0276920894940254,0.0785607513979439,0.0126689408105521,238,9,5,0,128,0.00475484797010613
3987,-0.231925681665071,0.119630177163533,0.0630406745192202,238,5,10,4,2,0.0007425724889346206
3988,-0.1376803886111406,0.128209320633415,0.1306361521831162,238,7,10,8,8,0.0005563586716044574
3989,0.1408006240470871,0.0494693096390991,0.004131411506037,238,12,2,0,34,0.0021758371823757663
3990,0.2292309328794808,0.0472931346089317,0.001282781211866,238,14,2,0,63,0.001936958343928828
3991,-0.4139630535758606,0.1055931113409451,0.0328694356663896,238,1,8,2,5,0.0007883316021379651
3992,0.3703506719143353,0.0414045260969365,0.0295607130261296,238,17,1,1,15,0.0007078839229582325
3993,0.1064780342516753,0.1291950958199459,0.1447773694694669,238,12,10,9,4,0.000336488520809081
3994,0.2129206112824876,0.0740324852859504,0.0760306470954938,238,14,5,4,19,0.0007926131938837975
3995,-0.1632805020742474,0.068749312891657,0.0085249576231347,238,6,4,0,25,0.0019497198210807415
3996,-0.2070347126192248,0.1262924358355685,0.1051238091898309,238,5,10,6,10,0.000633513591100095
3997,-0.0357054214090699,0.0829197851162821,0.0035178776457722,238,9,6,0,67,0.003528788865454604
3998,0.2277417296032336,0.1154769915364117,0.130103420331812,238,14,9,8,4,0.00028776607812013553
3999,0.0330815870652058,0.1064199103809604,0.1208221461814137,238,10,8,7,7,0.0006249498792050277
4000,0.0336489025990142,0.067822463952013,0.0531695402808785,238,10,4,3,5,0.000986229892151786
4001,-0.2844023685423536,0.0928625714532176,0.0035404312656016,238,4,7,0,120,0.004630464276693427
4002,-0.4297769740807715,0.1440396063999424,0.0146683430501033,238,1,12,0,17,0.000821500086197717
4003,0.302201893415594,0.0557568729279298,0.0462558498004302,238,16,3,3,9,0.0006651445460751286
4004,0.0398893734709073,0.0540963151219169,0.007583702409753,238,10,3,0,83,0.003204714279147116
4005,-0.3004999468141686,0.1186892758389407,0.0116461549267878,238,4,9,0,63,0.0032442879918447966
4006,0.0627238237066978,0.1001922331331207,0.0799906877677758,238,11,8,5,12,0.0008198512207264593
4007,-0.0248555118249831,0.1386937637951893,0.1568602872636735,238,9,11,10,4,0.0003500106579769918
4008,0.1407297096053611,0.0587245218815064,0.0113111761295483,238,12,3,0,112,0.0033545247846789965
4009,0.1978158351948374,0.0911748824684473,0.1088431258293686,238,13,7,7,3,0.0004224323193738096
4010,-0.0726518455483459,0.1262270049404412,0.106208314369726,238,8,10,6,7,0.0006414690533782666
4011,-0.3598553345388788,0.1024406298906597,0.0060257015392942,238,2,8,0,89,0.003550440087193625
4012,-0.2222104031486012,0.0943612949708953,0.0181355966508848,238,5,7,1,30,0.0042669011761406455
4013,0.1685281707619756,0.0705170567866558,0.0404025194130486,238,13,4,2,27,0.0017949624306630315
4014,0.3087969364961174,0.0538791038023477,0.0397806094146657,238,16,3,2,22,0.0008277185805572241
4015,-0.0643548558663971,0.107215736583735,0.0687541955364153,238,8,8,4,10,0.0011267995437752609
4016,0.2867425451193134,0.0787043342409585,0.09535938600483,238,15,5,6,2,0.00028182781557872804
4017,0.2936921604084671,0.0867705986404713,0.1058718590736178,238,15,6,6,7,0.0003812641593851471
4018,-0.2039144771832783,0.0930145413508592,0.0708693033451989,238,5,7,4,4,0.0007545567650281172
4019,0.2007233273056057,0.0642237797358907,0.0453527968965694,238,14,4,2,15,0.0012844812788815414
4020,-0.1225756125234903,0.1005034006353691,0.0970826250145364,238,7,8,6,10,0.0007297963821060697
4021,-0.2103676913803495,0.1176546017026084,0.0313086842104938,238,5,9,2,12,0.00176205040904918
4022,-0.1354111264759068,0.0780331683768999,0.0032228437131721,238,7,5,0,86,0.004462857898018962
4023,0.330567670106017,0.1149383296722203,0.1647648860711225,238,16,9,10,3,0.0001254568451823878
4024,0.0152820621919653,0.0814265954994374,0.0158281303864594,238,10,6,1,19,0.0024793188556417934
4025,-0.1766833315604722,0.0812056832256791,0.0039568227540908,238,6,6,0,123,0.0049806266057812725
4026,0.1972485196610289,0.0414303293636515,0.0121931445498597,238,13,1,0,9,0.0010668379852861295
4027,-0.1785271070453497,0.1195171683877119,0.0823726520713677,238,6,9,5,14,0.0009713154263924001
4028,0.1586001489203276,0.0545204506246606,0.0016063666924106,238,13,3,0,68,0.0026935169555837167
4029,-0.0788214019785129,0.0816246370691562,0.0209774245482921,238,8,6,1,32,0.004098846777087474
4030,-0.0976137290359181,0.076937716120025,0.0026785207480811,238,8,5,0,118,0.004884276702473828
4031,0.2903591816473424,0.1036917184374937,0.1254247305856602,238,15,8,8,6,0.00030640106925529603
4032,-0.1175406871609403,0.0826215711200476,0.0014421084823694,238,7,6,0,105,0.004915439800339099
4033,-0.1695918873878665,0.1237230204557284,0.0271550371250223,238,6,10,1,6,0.0008437369395171136
4034,-0.056837925043435,0.1091894134755022,0.0876672090961357,238,8,8,5,12,0.0009924301394853789
4035,0.0796723752792256,0.0914475693647942,0.0397634855823664,238,11,7,2,4,0.0008092645582035639
4036,-0.0874729638690919,0.0957893136660424,0.0046082724619175,238,8,7,0,32,0.002863781975607201
4037,-0.4124738502996135,0.0943548411192282,0.0052090656800546,238,1,7,0,16,0.001358025859596965
4038,-0.032088784881041,0.0802781264861435,0.0012016447732562,238,9,5,0,128,0.00475484797010613
4039,-0.2188774243874764,0.0963568162503003,0.014319982318983,238,5,7,0,118,0.004976576343704583
4040,0.0314505549055065,0.055653335216268,0.0062024713901795,238,10,3,0,83,0.003204714279147116
4041,0.0832890118072545,0.0491969769834325,0.0039100806907482,238,11,2,0,18,0.0018657310811233557
4042,0.0701698400879339,0.0894814918060871,0.0433775699306279,238,11,6,2,17,0.001619547454591884
4043,0.0179058965358295,0.2137255686240471,0.2979946353345296,238,10,19,19,1,1.8071570122609286e-05
4044,-0.3992128496968407,0.1121870037735561,0.0073619017077148,238,2,9,0,92,0.0036402965216667748
4045,-0.2490160621210509,0.0841592333411379,0.0035166886885915,238,5,6,0,104,0.004457874728275953
4046,-0.1132858206573768,0.0703174689390823,0.0101779250023744,238,7,4,0,53,0.0027892752163863077
4047,-0.4355919583023082,0.0888597622117272,0.0184927338460412,238,1,6,1,2,0.0004655991447182744
4048,0.0869056483352834,0.0724102022273593,0.0354473837784941,238,11,5,2,24,0.0022595098618287553
4049,-0.3807041804063397,0.1252072804410223,0.0614948791304251,238,2,10,4,5,0.00048254370212750896
4050,0.1854058078927773,0.0707476187969185,0.0398433037340876,238,13,4,2,27,0.0017949624306630315
4051,0.0803106052547601,0.0598137709057912,0.0026845595574,238,11,3,0,87,0.0035031944625956886
4052,0.2608587738893025,0.0459653666533145,0.0118808934968823,238,15,2,0,32,0.001490183960655832
4053,0.1673935396943587,0.0567725473805095,0.0257534006845451,238,13,3,1,35,0.0025669641651229784
4054,-0.2979470269120306,0.0971049863916791,0.0155698188212173,238,4,7,1,28,0.0038455970181802803
4055,0.3113498563982554,0.0430961847522431,0.0265014300986192,238,16,2,1,18,0.0010750831663844517
4056,0.1572527745275325,0.075104167139187,0.0535735504813506,238,13,5,3,23,0.0012615436760510372
4057,0.111016558522143,0.0656157531121935,0.011435179299809,238,12,4,0,46,0.003005418736203267
4058,-0.1659752508598375,0.0809297047315613,0.0032084200448137,238,6,6,0,123,0.0049806266057812725
4059,0.0597454171542034,0.1017222033580672,0.07980048532092,238,11,8,5,12,0.0008198512207264593
4060,0.046909903201787,0.0631296468059706,0.0031737982945445,238,10,4,0,104,0.004355003298635465
4061,-0.1324327199234123,0.0809240565099984,0.0012625155925062,238,7,6,0,105,0.004915439800339099
4062,-0.2840477963337233,0.0899775230278688,0.0313090504692144,238,4,6,2,8,0.0013129152342475894
4063,-0.0559160373009963,0.072590702104141,0.0365251456547668,238,8,5,2,17,0.0022773988520767567
4064,-0.1626422720987128,0.1398945869157936,0.1448799312513852,238,6,12,9,6,0.0003089775727796795
4065,-0.307165904336418,0.099406785198384,0.0361704542256605,238,3,7,2,7,0.001458730871847017
4066,0.1351274687090025,0.097395331703255,0.0962631732220128,238,12,7,6,11,0.0007591427528610176
4067,-0.3754565117186114,0.1184128342215819,0.0199560891780739,238,2,9,1,29,0.003099733513643377
4068,-0.1329291210154947,0.0888371225137727,0.0345583314042438,238,7,6,2,17,0.002531552152626628
4069,-0.0595326738290252,0.0806474103434387,0.074197329179712,238,8,6,4,7,0.000892123422850631
4070,0.1148459383753501,0.0597457011399809,0.0345962586255923,238,12,3,2,6,0.0016059650372383532
4071,-0.0498173953125554,0.0948163914242909,0.0795735876581916,238,9,7,5,11,0.0008999656682911266
4072,-0.1223628691983122,0.0812124055492884,0.0012807370906297,238,7,6,0,105,0.004915439800339099
4073,0.2644044959756054,0.1353335431695889,0.1849166122686573,238,15,11,12,1,7.301451163010462e-05
4074,-0.061660107080807,0.1029709218442873,0.0055889739805084,238,8,8,0,11,0.0013733754699129929
4075,-0.022231677481119,0.0701326866076043,0.0124846429350356,238,9,4,0,110,0.004292388740450521
4076,0.0145729177747048,0.0978356725337799,0.0512266596877498,238,10,7,3,21,0.0013092804382386475
4077,-0.3968017586781547,0.0982463744353547,0.0215939157739812,238,2,7,1,15,0.002041776405580754
4078,-0.0030138637733574,0.0592043847003695,0.0024606613060693,238,9,3,0,38,0.002541755274822797
4079,-0.2444775378505832,0.090699659207607,0.0405363878483884,238,5,7,2,24,0.0024001793753435753
4080,0.1334255221075772,0.0775040850996013,0.0661551826533789,238,12,5,4,7,0.0009729544999730399
4081,-0.0552068928837357,0.0957791371564143,0.0738325190223136,238,8,7,4,17,0.0011918988240630826
4082,-0.3090805942630216,0.1071660310238501,0.0368380141089571,238,3,8,2,16,0.0019253882281921957
4083,-0.2372442647945253,0.1376217812393838,0.1359317240669995,238,5,11,8,5,0.00037386751139607805
4084,0.0730773321987022,0.0643970604426072,0.0113421457870959,238,11,4,0,96,0.0038563263286608743
4085,-0.1252703613090806,0.0979714036644198,0.0068982520388006,238,7,7,0,75,0.003922112144946418
4086,-0.3414175796901038,0.1020259191859544,0.0014964269285652,238,3,8,0,100,0.004333383064151017
4087,-0.3508492004396695,0.0903599802504657,0.0031661570562839,238,3,7,0,83,0.0037735571101525844
4088,-0.1283905967450271,0.0794002592592466,0.005944438378249,238,7,5,0,86,0.004462857898018962
4089,-0.0156366344005956,0.0725569571009668,0.0020972473659314,238,9,5,0,128,0.00475484797010613
4090,-0.3347516221678544,0.1048061947178254,0.0018310602492087,238,3,8,0,100,0.004333383064151017
4091,-0.2168918200191468,0.1289869244793922,0.0930369651670874,238,5,10,6,10,0.000633513591100095
4092,-0.3794277204552707,0.149666642107401,0.1338395075801166,238,2,13,8,1,4.655557925094227e-05
4093,-0.3753855972768854,0.1171587456041187,0.0440316595763095,238,2,9,2,15,0.001644406735155633
4094,0.2895082083466297,0.0429074474491214,0.0114575653905365,238,15,2,0,32,0.001490183960655832
4095,0.1960429741516859,0.0882464163871833,0.1120219901648723,238,13,6,7,1,0.0002600717986053032
4096,0.0854873595007623,0.0612330423024347,0.000338765656778,238,11,4,0,96,0.0038563263286608743
4097,-0.2437683934333226,0.0873811021794092,0.0189816688559709,238,5,6,1,26,0.0036553501392859243
4098,-0.0109562812466758,0.0996769867887366,0.0665008691629317,238,9,7,4,11,0.0012049178080219785
4099,-0.2906428394142467,0.1268550301459167,0.1143600489964719,238,4,10,7,8,0.0003930764567582636
4100,-0.0971173279438357,0.1067148419435315,0.021211353037233,238,8,8,1,11,0.0015147342647100137
4101,-0.106123462043045,0.115366508074035,0.0639634675714505,238,7,9,4,17,0.0009932687448377788
4102,-0.390915860014892,0.1168625197880522,0.0015688904034704,238,2,9,0,92,0.0036402965216667748
4103,0.1167606283019536,0.0586883553591162,0.0041274324756517,238,12,3,0,112,0.0033545247846789965
4104,-0.3266673758110839,0.1057084706526038,0.0030711430373348,238,3,8,0,100,0.004333383064151017
4105,-0.1800163103215969,0.1130588830767693,0.0188263468589278,238,6,9,1,16,0.0018103153645663555
4106,-0.0214516186221323,0.1407408675999978,0.1493445515741397,238,9,12,9,3,0.000343832325362734
4107,0.2012906428394142,0.1073264236831158,0.1217541905172946,238,14,8,7,4,0.0003868876155695181
4108,0.3149664929262843,0.0369909230424811,0.0042354474791496,238,16,1,0,44,0.0011029673443555539
4109,-0.3321277878239903,0.0999152911869335,0.0044746334284459,238,3,7,0,83,0.0037735571101525844
4110,0.365103003226607,0.0813109737214275,0.0862324298671,238,17,6,5,2,0.0001841281962495767
4111,-0.2305783072722759,0.0852159982375169,0.0140343781390043,238,5,6,0,104,0.004457874728275953
4112,-0.3225543381909725,0.1254366526545335,0.0572443584871635,238,3,10,3,10,0.0010090003136682217
4113,0.3139736907421195,0.0463089634374072,0.0323790913218443,238,16,2,2,9,0.0007651371141647444
4114,-0.1120802751480338,0.1692885415045938,0.1671675489303273,238,7,15,10,1,3.476415351235834e-05
4115,-0.2351168315427436,0.1089983014775693,0.0314265995547453,238,5,8,2,23,0.0023032056205181664
4116,-0.0305995816047938,0.0804346365210149,0.0052592311217552,238,9,5,0,128,0.00475484797010613
4117,-0.0686097223699606,0.1042589013594596,0.0653667559273372,238,8,8,4,10,0.0011267995437752609
4118,0.1609403254972874,0.0488053677426807,0.0052836704290206,238,13,2,0,51,0.002201728852969309
4119,-0.3755983406020635,0.1156597044145703,0.0019526348117603,238,2,9,0,92,0.0036402965216667748
4120,0.2056873382264298,0.1011344317381172,0.1135373283928333,238,14,8,7,4,0.0003868876155695181
4121,-0.1791653370208842,0.1213193257685445,0.1320275051409757,238,6,10,8,9,0.00046411248093209724
4122,0.1091018685955394,0.076753177158912,0.0460699075059793,238,12,5,3,24,0.001508498782464373
4123,-0.0886785093784349,0.0913981103076412,0.0020381810039407,238,8,7,0,32,0.002863781975607201
4124,0.1200936070630783,0.1507506176288752,0.1761239143048728,238,12,13,11,2,0.0001879880614222402
4125,0.0554196362089139,0.0643623389187949,0.0039371754363883,238,11,4,0,96,0.0038563263286608743
4126,-0.2658936992518526,0.1068133654849539,0.0220028184639976,238,4,8,1,31,0.003922345351422437
4127,0.0426550366982235,0.0853988700531691,0.0544532509395837,238,10,6,3,31,0.0017261073251220965
4128,-0.0252100840336134,0.0676363181083237,0.0400106442741221,238,9,4,2,7,0.0017571644385362929
4129,0.0798851186044037,0.0507822652970499,0.0116980059966753,238,11,2,0,18,0.0018657310811233557
4130,-0.0393929723788249,0.0868766291290789,0.0125926964418967,238,9,6,0,67,0.003528788865454604
4131,-0.1878168989114633,0.0952809439800952,0.0105877853265269,238,6,7,0,96,0.004713885748433999
4132,0.0175513243271992,0.0834847540129346,0.0336994848435194,238,10,6,2,24,0.0021178534085580414
4133,-0.1324327199234123,0.0848672615616989,0.0109872855952602,238,7,6,0,105,0.004915439800339099
4134,-0.1534233946743254,0.1163524299009406,0.0911463549909211,238,7,9,5,11,0.0009668215948625848
4135,-0.293621245966741,0.1143394939158218,0.0548841796350851,238,4,9,3,9,0.0012847209871673672
4136,-0.2211466865227103,0.1057790259415072,0.0225370981695061,238,5,8,1,31,0.003710872647041985
4137,0.1037123710243591,0.1085655583439261,0.1008003725126599,238,12,8,6,17,0.0007219739687309315
4138,-0.1425734850902386,0.0953870823113984,0.0036462446370833,238,7,7,0,75,0.003922112144946418
4139,-0.2170336489025989,0.1161433938371407,0.0796246691457819,238,5,9,5,9,0.0008369087035700342
4140,-0.1137113073077332,0.0670072949073943,0.0032830145797625,238,7,4,0,53,0.0027892752163863077
4141,0.1010885366804949,0.0697954168880124,0.0352280789800739,238,12,4,2,30,0.0021432616240922957
4142,-0.3007836045810729,0.0735867056233595,0.0072115331971396,238,4,5,0,26,0.0018323270165334974
4143,0.1953338297344253,0.0647294159434959,0.0335656376412658,238,13,4,2,27,0.0017949624306630315
4144,0.1125057617983902,0.145036125701032,0.153324987919299,238,12,12,10,4,0.0002551316566191596
4145,0.1934191398078218,0.0611642795272651,0.0309062328663246,238,13,4,2,27,0.0017949624306630315
4146,-0.1743431549835123,0.1062268276456928,0.0198387359605137,238,6,8,1,25,0.003122502696240139
4147,0.2989398290961954,0.0625186449525212,0.0593811207362021,238,16,4,3,14,0.0006512937333475906
4148,0.1967521185689465,0.06291851961422,0.0276911015793835,238,13,4,1,27,0.002211503016508247
4149,-0.2634826082331666,0.1012434302066244,0.0010578211835028,238,4,8,0,91,0.004483419991872029
4150,-0.1260504201680672,0.0935026912692435,0.0014406249219616,238,7,7,0,75,0.003922112144946418
4151,-0.3743927950927205,0.120832461510621,0.0060067412077693,238,2,10,0,64,0.0027862606231091225
4152,-0.0622274226146154,0.1055279080645907,0.0847056798019637,238,8,8,5,12,0.0009924301394853789
4153,-0.3770166294365847,0.1041592778813239,0.0051959329511583,238,2,8,0,89,0.003550440087193625
4154,-0.3814133248236003,0.1178722237186602,0.0026724829012277,238,2,9,0,92,0.0036402965216667748
4155,-0.4075098393787894,0.1372188434286754,0.0024846786776491,238,1,11,0,44,0.0016412330933814783
4156,-0.2631280360245364,0.0902112359971172,0.0093983310518396,238,4,6,0,60,0.003468743098616289
4157,-0.0534340318405843,0.1321400264015833,0.0714461733879504,238,8,11,4,1,0.0001330337312087547
4158,-0.3999219941141013,0.1026610918861224,0.0452284735920238,238,2,8,2,7,0.0013970382356367826
4159,0.1158387405595149,0.0666016780806981,0.0238890956734533,238,12,4,1,39,0.0030492137784899846
4160,0.0959117824344927,0.120675681463283,0.1052997090462632,238,11,10,6,4,0.00036090419472760893
4161,-0.1674644541360848,0.0959445539178966,0.0172796817889996,238,6,7,1,34,0.0042053397344584634
4162,-0.2995071446300039,0.094799793547161,0.0041786974505936,238,4,7,0,120,0.004630464276693427
4163,0.1108747296386909,0.0908738969504444,0.0956444232406887,238,12,7,6,11,0.0007591427528610176
4164,-0.3053221288515406,0.1015417073379884,0.0575223702167712,238,3,8,3,10,0.0009970606512748586
4165,-0.1668262241605502,0.0790869054179711,0.0056304787933979,238,6,5,0,87,0.0037737578394178533
4166,0.2193029110378328,0.1345736694176587,0.1764810460835468,238,14,11,11,3,0.00012357132897288593
4167,0.3168811828528879,0.0425711520141432,0.0337418864552703,238,16,2,2,9,0.0007651371141647444
4168,-0.1205900081551607,0.0918392026583001,0.0185158248124099,238,7,7,1,42,0.0036960149974717034
4169,0.1210154948055171,0.1119066716469293,0.1101130944210192,238,12,9,7,8,0.0005334710940643014
4170,0.3086551076126652,0.0466025623245258,0.0206444795244702,238,16,2,1,18,0.0010750831663844517
4171,0.0959117824344927,0.1536886000606948,0.1862507800010976,238,11,13,12,3,0.0002039540062603013
4172,-0.1610821543807396,0.1049407988156069,0.0972693985877611,238,6,8,6,1,0.0005789457479915877
4173,-0.0761266531929227,0.0732351521343984,0.0040480697988322,238,8,5,0,118,0.004884276702473828
4174,-0.4100627592809275,0.1171713007445027,0.0171297231511936,238,1,9,1,18,0.0021988824875441887
4175,0.1148459383753501,0.0592108282102094,0.0036469174619346,238,12,3,0,112,0.0033545247846789965
4176,0.0581852994362301,0.1880525394219164,0.2384934741079598,238,11,17,15,1,4.3202562432204384e-05
4177,-0.0360599936177002,0.0724025768485251,0.0067360266490116,238,9,5,0,128,0.00475484797010613
4178,-0.0961245257596709,0.0843218853869211,0.0006241537051506,238,8,6,0,87,0.004426521123504939
4179,-0.2687302769208949,0.1168706767047284,0.1002276995123036,238,4,9,6,2,0.00043886398042838404
4180,-0.2709286246144027,0.0987653890522945,0.0125588574734963,238,4,7,0,120,0.004630464276693427
4181,-0.266461014785661,0.14132849170494,0.0675524778770799,238,4,12,4,5,0.00024952252992316846
4182,-0.445165407935326,0.1133853303229424,0.0134150986502306,238,1,9,0,77,0.0026736108853416024
4183,-0.4472928411871076,0.1299471173020126,0.0037472745663425,238,1,11,0,44,0.0016412330933814783
4184,0.2973797113782221,0.0893744219065152,0.0880849234689573,238,15,6,5,7,0.0004263089838112961
4185,-0.4480729000460943,0.10981185738322,0.0098411180858212,238,1,8,0,39,0.0022015621544169703
4186,-0.0691770379037691,0.0677608287476343,0.0023986419846513,238,8,4,0,68,0.003645851648012564
4187,0.1054143176257844,0.0519220806217578,0.0045691989885719,238,12,3,0,112,0.0033545247846789965
4188,-0.1562599723433677,0.0885334254911627,0.02438433631606,238,6,6,1,30,0.004217975956735463
4189,-0.0535049462823103,0.0916319741422646,0.0436838132367767,238,8,7,2,16,0.002126815195695619
4190,-0.1043506009998936,0.0678365785992876,0.0089266855119394,238,7,4,0,53,0.0027892752163863077
4191,-0.2686593624791688,0.1154038913981893,0.0098147911940183,238,4,9,0,63,0.0032442879918447966
4192,0.1762578449101159,0.0507476239606954,0.0090322231812431,238,13,2,0,51,0.002201728852969309
4193,0.2830549941495585,0.0842655285776311,0.0769102847532654,238,15,6,5,7,0.0004263089838112961
4194,-0.2962450803106052,0.1350826354820564,0.0575534346826303,238,4,11,3,4,0.0006218771597264158
4195,-0.4639577349927312,0.1260946811384832,0.0182827169831067,238,0,10,1,8,0.0010919391645934223
4196,-0.2160408467184341,0.0922050416198079,0.0301713806010838,238,5,7,1,30,0.0042669011761406455
4197,-0.1571818600858064,0.0667158140179574,0.0068714470081878,238,6,4,0,25,0.0019497198210807415
4198,-0.0251391695918873,0.0697950322014489,0.0078855240013379,238,9,4,0,110,0.004292388740450521
4199,0.0894585682374215,0.0718313555693655,0.025002533337918,238,11,5,1,13,0.002822196505883785
4200,-0.135694784242811,0.0971938915281446,0.0271688004273917,238,7,7,1,42,0.0036960149974717034
4201,-0.3682232386625536,0.1163153885229952,0.0011736755708168,238,2,9,0,92,0.0036402965216667748
4202,-0.3341843066340459,0.096188896854201,0.003718783063307,238,3,7,0,83,0.0037735571101525844
4203,-0.1848384923589688,0.098472839734821,0.0836390572351229,238,6,7,5,1,0.0005540778485216535
4204,0.1839166046165301,0.0561227545414338,0.0064574378426871,238,13,3,0,68,0.0026935169555837167
4205,-0.0166294365847604,0.0784535028719724,0.0088529248476955,238,9,5,0,128,0.00475484797010613
4206,-0.3321987022657163,0.1348222062544564,0.0349389727770744,238,3,11,2,9,0.0009388176885971226
4207,-0.4339609261426088,0.13088856833943,0.0188278479383345,238,1,11,1,21,0.0014808047137841256
4208,0.0642839414246711,0.0601626305004208,0.0105584662985163,238,11,3,0,87,0.0035031944625956886
4209,-0.2056164237847037,0.085604542059593,0.0049441087658199,238,5,6,0,104,0.004457874728275953
4210,-0.1938446264581781,0.1238015037117808,0.0089681316813381,238,6,10,0,5,0.0007275640913533451
4211,-0.2007942417473318,0.1165144228428916,0.0566077509764477,238,6,9,3,9,0.0011717121642149597
4212,0.1223628691983122,0.0751684394028511,0.0127023780067213,238,12,5,0,8,0.0016635528145294478
4213,-0.0872602205439137,0.0715041669634231,0.0068587204751879,238,8,5,0,118,0.004884276702473828
4214,-0.0879693649611743,0.1042384343941023,0.0088877057656992,238,8,8,0,11,0.0013733754699129929
4215,-0.4657305960358825,0.1095132787803735,0.023938213002021,238,0,8,1,2,0.000699760152480219
4216,-0.1768960748856504,0.0988097335368511,0.0135776690161586,238,6,7,0,96,0.004713885748433999
4217,-0.2424210190405275,0.122688285237368,0.0902418436051123,238,5,10,5,8,0.0006782364706724274
4218,-0.3728326773747473,0.0827795449352131,0.0047555779486946,238,2,6,0,18,0.0013709358574978201
4219,-0.2546892174591355,0.1435078428361207,0.0489720833121294,238,4,12,3,5,0.0003360397120802429
4220,0.1005212211466865,0.0578251241325309,0.0227934401919293,238,12,3,1,38,0.0029775459777509877
4221,-0.0988192745452611,0.0917185332511066,0.0046376834471349,238,8,7,0,32,0.002863781975607201
4222,-0.4298478885224975,0.1211929813818836,0.0078605697307233,238,1,10,0,58,0.0024176974686684533
4223,-0.064213026982945,0.0858369617200341,0.0469863636982209,238,8,6,3,16,0.001552115822956393
4224,-0.0665532035599049,0.0740795956121006,0.0125403513979377,238,8,5,0,118,0.004884276702473828
4225,-0.2746870900258837,0.0906394143131763,0.0040884869097248,238,4,7,0,120,0.004630464276693427
4226,-0.1620040421231783,0.0847316775648757,0.0029392524285014,238,6,6,0,123,0.0049806266057812725
4227,0.355245895826685,0.1220534574298384,0.1655468258307666,238,17,10,10,2,7.266329001328626e-05
4228,-0.3381555153707052,0.0986617832375127,0.0023025760966798,238,3,7,0,83,0.0037735571101525844
4229,-0.0686806368116867,0.1662936920406378,0.2114494743971793,238,8,14,13,3,0.00016288064194311521
4230,-0.1707974328972095,0.1157891689804154,0.1067533062040774,238,6,9,7,6,0.000576488175884314
4231,-0.2390171258376768,0.0840544705613008,0.0036389309958466,238,5,6,0,104,0.004457874728275953
4232,-0.2021416161401269,0.0803497883596736,0.0021379355884191,238,6,5,0,87,0.0037737578394178533
4233,-0.0781831720029783,0.085774551949403,0.0659761939559735,238,8,6,4,7,0.000892123422850631
4234,0.2558947629684785,0.0832877935784092,0.1058810139391824,238,15,6,6,7,0.0003812641593851471
4235,-0.0318760415558628,0.0883824014176769,0.0016486778086995,238,9,6,0,67,0.003528788865454604
4236,-0.0127291422898273,0.0687081741488789,0.0279225590697109,238,9,4,1,19,0.003555003348932449
4237,-0.2114314080062404,0.1171485879912983,0.0272986899014922,238,5,9,1,21,0.0025129596142606752
4238,-0.0878275360777222,0.068044732391513,0.0244657875459568,238,8,4,1,19,0.0029757617683365627
4239,-0.3984327908378541,0.0817880478041899,0.0064086968163567,238,2,6,0,18,0.0013709358574978201
4240,-0.0846363862000496,0.082740912836865,0.0110244274529138,238,8,6,0,87,0.004426521123504939
4241,-0.2919902138070417,0.0950842237806351,0.0016230138342576,238,4,7,0,120,0.004630464276693427
4242,0.0582562138779562,0.0656365555795367,0.0128872528835236,238,11,4,0,96,0.0038563263286608743
4243,-0.3727617629330212,0.1415025126658285,0.0224171431079537,238,2,12,1,3,0.0007209288860868417
4244,0.0008864305215757,0.118737556245532,0.1003902340284613,238,10,9,6,13,0.0007544960516155897
4245,-0.060454561571464,0.0796263943954613,0.0112876965636884,238,8,5,0,118,0.004884276702473828
4246,-0.1768960748856504,0.1018304835361677,0.0072395099398163,238,6,8,0,57,0.003300602884874217
4247,-0.2416409601815409,0.1052823902173873,0.0827134271126603,238,5,8,5,8,0.000684282598842483
4248,-0.1457646349679112,0.1071326059895336,0.0957917703636593,238,7,8,6,10,0.0007297963821060697
4249,-0.0559869517427223,0.1015471483547623,0.0462491233620954,238,8,8,3,12,0.0012201196394973663
4250,0.0040775803992483,0.0787431992752536,0.0197579426444602,238,10,5,1,35,0.003681177079075407
4251,-0.1156259972343367,0.059191035525667,0.0086089744365837,238,7,3,0,2,0.0011034299686411588
4252,-0.3732581640251036,0.1011765469275723,0.0021558316631892,238,2,8,0,89,0.003550440087193625
4253,0.3270928624614402,0.1018928409012139,0.1409779906973132,238,16,8,9,3,0.00017090433782608166
4254,0.1861858667517639,0.0571497936282085,0.0085357629849797,238,13,3,0,68,0.0026935169555837167
4255,-0.0964081835265751,0.1134628152095593,0.115471509102564,238,8,9,7,7,0.0007091427151292486
4256,-0.2632698649079885,0.085586198834626,0.0069265212957577,238,4,6,0,60,0.003468743098616289
4257,-0.4182888345211502,0.1190772816735344,0.0013862771809126,238,1,9,0,77,0.0026736108853416024
4258,-0.066695032443357,0.124068485410229,0.0472079184101813,238,8,10,3,4,0.00033364865435409264
4259,0.3526220614828209,0.0494251622237358,0.0525569254255518,238,17,2,3,3,0.00034065997191750426
4260,0.1692373151792362,0.1005732011343881,0.100353552777265,238,13,8,6,7,0.0005126940697092219
4261,0.0902386270964081,0.1458536745075821,0.1735451455446123,238,11,12,11,8,0.00032097752887019136
4262,-0.28248767861575,0.1109175175579908,0.0058362415292786,238,4,9,0,63,0.0032442879918447966
4263,-0.171435662872744,0.1059657603768818,0.0226046877882116,238,6,8,1,25,0.003122502696240139
4264,-0.3339006488671417,0.1093222775766672,0.0075804849467508,238,3,8,0,100,0.004333383064151017
4265,0.1231429280572988,0.0708486553026779,0.0317924886292529,238,12,5,2,36,0.001907366235161121
4266,-0.1342764954082898,0.0793039654082875,0.0293406797129676,238,7,5,1,35,0.003768331523905521
4267,-0.1617912987980002,0.122195910662207,0.0608192853791822,238,6,10,3,7,0.0006941012892413952
4268,0.002517462681275,0.0694134775065885,0.0013784322134277,238,10,4,0,104,0.004355003298635465
4269,-0.1588838066872318,0.0933890308880893,0.0042180888277857,238,6,7,0,96,0.004713885748433999
4270,-0.1391695918873878,0.092112667935282,0.0444532618513647,238,7,7,2,26,0.002471827272074585
4271,-0.3363826543275537,0.113483760963229,0.0203152676100659,238,3,9,1,37,0.003326167945494541
4272,-0.1817891713647484,0.1208245243915727,0.0591697133904675,238,6,10,3,7,0.0006941012892413952
4273,0.1743431549835123,0.0916677397679283,0.0937611840127431,238,13,7,6,10,0.0006279537371180559
4274,0.2976633691451263,0.0421388633223771,0.0146802803190601,238,15,2,0,32,0.001490183960655832
4275,-0.091373258164025,0.0572347261927397,0.0084729839635014,238,8,3,0,13,0.0017505038814693567
4276,-0.1299507144630003,0.086561026073849,0.004267301449259,238,7,6,0,105,0.004915439800339099
4277,-0.4136793958089564,0.1367145314834509,0.0091330032742633,238,1,11,0,44,0.0016412330933814783
4278,-0.1515087047477218,0.0907762105527515,0.0881457794993677,238,7,7,5,7,0.0007126402050501692
4279,0.044498812183101,0.0751941461675178,0.0249047339502639,238,10,5,1,35,0.003681177079075407
4280,-0.2066092259688685,0.087274953878039,0.0044934843686946,238,5,6,0,104,0.004457874728275953
4281,-0.1154841683508846,0.0679348476100635,0.016969999875484,238,7,4,1,13,0.002255601474021136
4282,0.0365563947097826,0.0658995975733063,0.0027490327710648,238,10,4,0,104,0.004355003298635465
4283,0.3114916852817075,0.0908002618221192,0.1145134308607152,238,16,7,7,3,0.00026295797395732947
4284,0.1939155408999042,0.0399158554507041,0.0045104555938345,238,13,1,0,9,0.0010668379852861295
4285,-0.2501506931886678,0.1256309383483473,0.0201244605819019,238,5,10,1,9,0.0013273729928213807
4286,-0.2514980675814629,0.108480058619794,0.0247863278954125,238,5,8,1,31,0.003710872647041985
4287,0.0158493777257738,0.0752980881043301,0.0487026271554986,238,10,5,3,16,0.0015634415710051469
4288,-0.3489345105130659,0.1106306935161037,0.0684518267644127,238,3,9,4,9,0.0007424086181865663
4289,-0.0249264262667092,0.0778156804629194,0.0320427023989853,238,9,5,2,19,0.0025021876125847424
4290,-0.2490160621210509,0.1132074368357286,0.0946338890195337,238,5,9,6,5,0.0006209972663978852
4291,-0.305960358827075,0.1202263389610409,0.0920762822550358,238,3,10,6,7,0.0003334749144724646
4292,-0.263979009325249,0.1127522034555651,0.0104860161909292,238,4,9,0,63,0.0032442879918447966
4293,-0.1050597454171541,0.1000200033054658,0.0869687800101058,238,7,7,5,7,0.0007126402050501692
4294,0.1069744353437577,0.0767554654352448,0.0554735236800829,238,12,5,3,24,0.001508498782464373
4295,-0.2019997872566747,0.1100677259338497,0.001928761848823,238,6,9,0,20,0.0017687167254327434
4296,-0.2275999007197815,0.0833263537317177,0.0266334037691435,238,5,6,1,26,0.0036553501392859243
4297,0.1471829238024323,0.0879948787088719,0.0690235369192707,238,12,6,4,12,0.0010868341343686872
4298,0.0465553309931567,0.091730634219501,0.0725470278235923,238,10,7,4,19,0.0012049551147970568
4299,0.3775839449703931,0.0586194855405828,0.0608592296319153,238,17,3,3,8,0.00048395992218328883
4300,-0.2524199553239016,0.0928768294190911,0.0102881169844754,238,5,7,0,118,0.004976576343704583
4301,0.0541431762578449,0.087876315000367,0.0495822696322823,238,11,6,3,17,0.0015177436956017969
4302,-0.0324433570896713,0.0609161166441132,0.0117057016036904,238,9,3,0,38,0.002541755274822797
4303,-0.3434740985001595,0.1198595328516127,0.0232039496139624,238,3,10,1,18,0.0022729880349347505
4304,0.2054745949012516,0.0645563293186625,0.0413845314124878,238,14,4,2,15,0.0012844812788815414
4305,0.0100343935042371,0.0698280965801752,0.039672766767251,238,10,4,2,18,0.0020621544372435682
4306,-0.0035102648654398,0.0884374571837462,0.0473599265226467,238,9,6,3,22,0.0016882375614213183
4307,0.3375172853951707,0.044740604403459,0.0257274058379154,238,16,2,1,18,0.0010750831663844517
4308,0.0837854128993369,0.062629968565887,0.0074880436763618,238,11,4,0,96,0.0038563263286608743
4309,-0.3189377016629436,0.0978538208215381,0.0067938646109552,238,3,7,0,83,0.0037735571101525844
4310,0.083927241782789,0.0497181258563772,0.0068705007733473,238,11,2,0,18,0.0018657310811233557
4311,-0.0132255433819097,0.0835265070283341,0.0069640168317282,238,9,6,0,67,0.003528788865454604
4312,0.0010991738467538,0.0666483516013367,0.001622966027418,238,10,4,0,104,0.004355003298635465
4313,0.0153529766336914,0.0802004585726208,0.0330940883843209,238,10,5,2,36,0.0025029702124330115
4314,-0.196113888593412,0.1171905236960454,0.0150539017475076,238,6,9,0,20,0.0017687167254327434
4315,0.2629152926993582,0.0622347868360532,0.0379653072332734,238,15,4,2,9,0.0008663990284854951
4316,-0.4200616955643016,0.1185067309165514,0.0014416782629023,238,1,9,0,77,0.0026736108853416024
4317,-0.1043506009998936,0.107802088909575,0.0951619173630883,238,7,8,6,10,0.0007297963821060697
4318,0.049391908662199,0.062373791651462,0.0067438277853961,238,11,4,0,96,0.0038563263286608743
4319,-0.1720738928482785,0.0945684340593603,0.0020425173576046,238,6,7,0,96,0.004713885748433999
4320,-0.1200226926213523,0.0794627884806712,0.0026922361781312,238,7,5,0,86,0.004462857898018962
4321,-0.091373258164025,0.1102344479555444,0.1145565336079907,238,8,9,7,7,0.0007091427151292486
4322,0.1008757933553167,0.0698064823367211,0.0075482707084603,238,12,4,0,46,0.003005418736203267
4323,0.3938942665673863,0.120336756706435,0.1603791770844767,238,17,10,10,2,7.266329001328626e-05
4324,-0.236818778144169,0.097519671994655,0.0070234899354233,238,5,7,0,118,0.004976576343704583
4325,-0.0180477254192816,0.0618135803066271,0.0044170478887456,238,9,4,0,110,0.004292388740450521
4326,-0.3196468460802042,0.1111000779825308,0.0017162415994975,238,3,9,0,69,0.003704547569987754
4327,-0.1000248200546041,0.1057959298426382,0.0972893357627888,238,8,8,6,7,0.0007913828854727762
4328,-0.2656100414849484,0.0911044272079878,0.002493956681978,238,4,7,0,120,0.004630464276693427
4329,-0.3312059000815515,0.1160061566459595,0.0042182337485836,238,3,9,0,69,0.003704547569987754
4330,-0.1759741871432116,0.0741351887459561,0.0183206616550259,238,6,5,1,15,0.003066965874110903
4331,-0.1782434492784455,0.0933272300017424,0.0300832101915266,238,6,7,1,34,0.0042053397344584634
4332,-0.3896394000638229,0.0934122410918201,0.0029923405897143,238,2,7,0,52,0.002597604187038845
4333,-0.0607382193383682,0.0832002662775314,0.0416456133869358,238,8,6,2,25,0.0025738901815202356
4334,-0.4211963266319185,0.1161952489876786,0.0040636248318693,238,1,9,0,77,0.0026736108853416024
4335,0.190015246604971,0.1214699244392019,0.1573776718726824,238,13,10,10,2,0.0002066001327572179
4336,0.1944119419919866,0.1154969392521193,0.1337402430679649,238,13,9,8,2,0.00035353170596624225
4337,-0.1072580931106619,0.0926672804883169,0.0836356713295827,238,7,7,5,7,0.0007126402050501692
4338,-0.1049888309754281,0.0780752131983266,0.0280082067562187,238,7,5,1,35,0.003768331523905521
4339,-0.0991738467538914,0.1371316659875502,0.1373445345995961,238,8,11,9,9,0.00047895346149418435
4340,-0.2015743006063184,0.132160746043222,0.0052687568326398,238,6,11,0,1,0.00022129720032811536
4341,0.0637875403325887,0.0597981470622373,0.0083426296287395,238,11,3,0,87,0.0035031944625956886
4342,-0.0571215828103393,0.0681835696339447,0.0225750437912206,238,8,4,1,19,0.0029757617683365627
4343,-0.2391589547211289,0.1320390391029052,0.0344154174278874,238,5,11,2,6,0.0005500824340594334
4344,-0.2031344183242917,0.108010350747246,0.0176904873024223,238,6,8,1,25,0.003122502696240139
4345,0.038329255752934,0.0583033711045242,0.0091384891192947,238,10,3,0,83,0.003204714279147116
4346,-0.1671098819274545,0.1142215139305004,0.1109553685935262,238,6,9,7,6,0.000576488175884314
4347,0.1695209729461404,0.0500220202620432,0.0203826787498079,238,13,2,1,8,0.0018549087750108126
4348,-0.1810800269474878,0.0881024332985516,0.0024020503220748,238,6,6,0,123,0.0049806266057812725
4349,0.0231535652235577,0.0667647516268153,0.0130800292441889,238,10,4,0,104,0.004355003298635465
4350,-0.1833492890827216,0.0885157179128685,0.0087947619108363,238,6,6,0,123,0.0049806266057812725
4351,-0.0718008722476332,0.1569922244195229,0.1615820223400159,238,8,13,10,2,0.00023534205536326455
4352,-0.0258483140091479,0.0611517968315521,0.004082813700404,238,9,4,0,110,0.004292388740450521
4353,-0.3932560365918519,0.1554804372865362,0.1045121195574792,238,2,13,6,2,5.329296137517705e-05
4354,-0.3429776974080771,0.118523039912442,0.0162178572109479,238,3,9,1,37,0.003326167945494541
4355,-0.3532602914583554,0.1524281099720008,0.050294668376758,238,3,13,3,2,0.00018663997221530577
4356,-0.0405276034464418,0.0750216296734416,0.0028585568364873,238,9,5,0,128,0.00475484797010613
4357,-0.3960926142608941,0.1172639828806492,0.0119223379350533,238,2,9,0,92,0.0036402965216667748
4358,-0.0437896677658405,0.0875517189496489,0.0331017327988674,238,9,6,2,24,0.002447719255977075
4359,-0.3519838315072864,0.1055562523162476,0.0102422419095699,238,3,8,0,100,0.004333383064151017
4360,-0.3361699110023756,0.1230862635530153,0.0031019131659108,238,3,10,0,24,0.002332232535430932
4361,-0.0297486083040811,0.0709518021927347,0.0172162837535742,238,9,5,1,43,0.0042530637397620065
4362,-0.2468886288692692,0.1241412826412887,0.0603547762112072,238,5,10,3,8,0.0008795548019534462
4363,0.3150374073680104,0.0384793132744053,0.010655609063225,238,16,1,0,44,0.0011029673443555539
4364,-0.1549835123922986,0.0787786646183009,0.0241135195865987,238,6,5,1,15,0.003066965874110903
4365,-0.3214197071233556,0.1139268190912844,0.0049881122032773,238,3,9,0,69,0.003704547569987754
4366,0.039534801262277,0.0784171076948768,0.0033653950766442,238,10,5,0,75,0.003855261700858351
4367,0.0917987448143814,0.1093203005157182,0.1080456247334265,238,11,8,7,6,0.0006411871709770627
4368,-0.0047867248165088,0.107880111145272,0.1156405164388001,238,9,8,7,3,0.0005512950923242114
4369,0.0522994007729674,0.0507641917219276,0.0042504195774858,238,11,2,0,18,0.0018657310811233557
4370,0.0246427684998049,0.09297467480543,0.0401768744404947,238,10,7,2,4,0.001254849611559537
4371,-0.0513065985888026,0.0853813270058885,0.0009541982621217,238,9,6,0,67,0.003528788865454604
4372,0.1366875864269758,0.0544096882814116,0.0018951260973208,238,12,3,0,112,0.0033545247846789965
4373,-0.1888806155373541,0.1000424075813894,0.0189983450850591,238,6,7,1,34,0.0042053397344584634
4374,-0.0401730312378115,0.161978420907096,0.1871456799299803,238,9,14,12,6,0.00019283186778847947
4375,-0.2897918661135339,0.0837513164823305,0.0109103987423414,238,4,6,0,60,0.003468743098616289
4376,-0.1538488813246817,0.0711368189134491,0.0099458869731659,238,6,5,0,87,0.0037737578394178533
4377,-0.1754068716094032,0.0931201810298835,0.0141622323769547,238,6,7,0,96,0.004713885748433999
4378,-0.4028294862248696,0.1120661230799559,0.000887437877963,238,2,9,0,92,0.0036402965216667748
4379,0.0688933801368648,0.0740155592397461,0.0034142566025437,238,11,5,0,31,0.0026768986373174324
4380,-0.3801368648725312,0.113239989393323,0.0232407636293315,238,2,9,1,29,0.003099733513643377
4381,-0.463744991667553,0.1373964897240608,0.0035875773791123,238,0,11,0,17,0.0009954726964181157
4382,-0.3807041804063397,0.118822492911688,0.0264619474500035,238,2,9,1,29,0.003099733513643377
4383,-0.0006736871963975,0.118593324875546,0.0705640622181102,238,10,9,4,4,0.0003920612677823287
4384,-0.1042087721164414,0.0817405313925383,0.0670228241732575,238,7,6,4,2,0.0007518161127315126
4385,-0.0447824699500053,0.0805208950027272,0.0094354114143508,238,9,5,0,128,0.00475484797010613
4386,-0.2551147041094918,0.0958626590750381,0.0059122708502468,238,4,7,0,120,0.004630464276693427
4387,0.1130730773321987,0.1014747581048973,0.0955509344631579,238,12,8,6,17,0.0007219739687309315
4388,-0.2818494486402155,0.0921113593162727,0.0028510967825441,238,4,7,0,120,0.004630464276693427
4389,0.1676771974612629,0.0687997154866781,0.04152347193865,238,13,4,2,27,0.0017949624306630315
4390,0.0184732120696379,0.060016351657102,0.0109809438845468,238,10,3,0,83,0.003204714279147116
4391,-0.2310037939226323,0.0936743097925848,0.0785108302514373,238,5,7,5,3,0.0003985843368914637
4392,-0.3400702052973087,0.1433182782377655,0.058162092825206,238,3,12,3,6,0.000405900825063986
4393,-0.2207211998723539,0.0926961555040814,0.0201198920923522,238,5,7,1,30,0.0042669011761406455
4394,0.107399921994114,0.0593704364927411,0.0098838497840812,238,12,3,0,112,0.0033545247846789965
4395,-0.1956174875013296,0.0795358136736653,0.0031871902874539,238,6,5,0,87,0.0037737578394178533
4396,-0.0559869517427223,0.0641643427903776,0.0018135780072979,238,8,4,0,68,0.003645851648012564
4397,-0.0895294826791475,0.0869893572512617,0.0163714366030506,238,8,6,1,32,0.004098846777087474
4398,-0.2202957132219976,0.108988741737947,0.0072925038266984,238,5,8,0,70,0.004087396103385501
4399,-0.2529872708577101,0.1144598446286195,0.0649298092153865,238,5,9,4,13,0.001032141634315045
4400,0.1703010318051271,0.0845880493464431,0.0822938630579172,238,13,6,5,13,0.0007739761892615038
4401,0.2113604935645144,0.1022182155875964,0.1300764347715672,238,14,8,8,11,0.00034641907018767093
4402,0.0434350955572102,0.0632446944671207,0.0373041006484718,238,10,4,2,18,0.0020621544372435682
4403,0.1175406871609403,0.1697632932261505,0.2139249498564217,238,12,15,14,1,8.148240169201672e-05
4404,-0.367514094245293,0.1378078648612455,0.0138621027694721,238,2,11,0,22,0.0015995178499110165
4405,0.0652058291671098,0.0685299462409187,0.0093536067553059,238,11,4,0,96,0.0038563263286608743
4406,-0.288657235045917,0.0996675999866381,0.0718353827757721,238,4,7,4,4,0.0005197356720123799
4407,-0.0243591107329007,0.0758341306823321,0.0035863276825482,238,9,5,0,128,0.00475484797010613
4408,0.0401730312378115,0.0561787307687479,0.013449612945728,238,10,3,0,83,0.003204714279147116
4409,-0.2611424316562067,0.113872298461734,0.0033305824281222,238,4,9,0,63,0.0032442879918447966
4410,0.2012906428394142,0.0856585255968204,0.0637919162846783,238,14,6,4,4,0.0006094132153712426
4411,-0.0530085451902279,0.0778863163761131,0.059492972521786,238,9,5,3,7,0.0013491537670559449
4412,-0.3709889018898697,0.1220534270728599,0.0012169721044183,238,2,10,0,64,0.0027862606231091225
4413,0.0713753855972768,0.0694405390764769,0.0413088518040376,238,11,4,2,22,0.0021938763198335637
4414,-0.091302343722299,0.0823916580021736,0.0121469054337792,238,8,6,0,87,0.004426521123504939
4415,0.155479913484381,0.0880608298129991,0.0718692837155758,238,13,6,4,14,0.0008774977138896638
4416,-0.4264439953196467,0.1050192324513532,0.0026747219831356,238,1,8,0,39,0.0022015621544169703
4417,0.3073077332198701,0.0860192235578206,0.1041491904124427,238,16,6,6,11,0.0003094723533780408
4418,0.1644860475835903,0.096562897435315,0.0989829909000949,238,13,7,6,10,0.0006279537371180559
4419,-0.2594404850547813,0.0911497365607623,0.0008493449039385,238,4,7,0,120,0.004630464276693427
4420,-0.0432932666737581,0.0649926203352125,0.0039401545556542,238,9,4,0,110,0.004292388740450521
4421,-0.2311456228060844,0.0867824630034809,0.0024586312821294,238,5,6,0,104,0.004457874728275953
4422,0.0736446477325107,0.054718487698076,0.0017141721885847,238,11,3,0,87,0.0035031944625956886
4423,0.1572527745275325,0.0612373137546484,0.024575181555544,238,13,4,1,27,0.002211503016508247
4424,-0.138176789703223,0.1036013990122701,0.0647924304578909,238,7,8,4,14,0.0012485724446440057
4425,-0.2375988370031556,0.10936770420483,0.0097872247659533,238,5,8,0,70,0.004087396103385501
4426,-0.0598163315959295,0.1297237393578722,0.121202725117875,238,8,11,7,4,0.0004979663108826946
4427,0.246675885544091,0.0503284084696213,0.0297634381875439,238,14,2,1,18,0.0017176569679600764
4428,0.0115235967804843,0.126015640933557,0.1306524825251015,238,10,10,8,9,0.0005935909151224599
4429,-0.1919299365315746,0.0666079825762107,0.005470418606434,238,6,4,0,25,0.0019497198210807415
4430,0.1791653370208842,0.0827194489880116,0.0698946198781687,238,13,6,4,14,0.0008774977138896638
4431,-0.3697833563805268,0.0923244452006134,0.0090052963591579,238,2,7,0,52,0.002597604187038845
4432,-0.2515689820231889,0.1130794763115345,0.0200361553408939,238,5,9,1,21,0.0025129596142606752
4433,-0.1355529553593589,0.0703400519070176,0.0253926776187201,238,7,4,1,13,0.002255601474021136
4434,-0.0905222848633124,0.0871014565939728,0.003136751471438,238,8,6,0,87,0.004426521123504939
4435,0.0636457114491366,0.1040939632024518,0.0814097081517418,238,11,8,5,12,0.0008198512207264593
4436,-0.0442151544161968,0.1086078540168163,0.0786483034542232,238,9,8,5,17,0.0009574163963989238
4437,0.1220792114314079,0.0551541372996653,0.0046656586693324,238,12,3,0,112,0.0033545247846789965
4438,-0.2863170584689571,0.0964080459438698,0.0205730154286866,238,4,7,1,28,0.0038455970181802803
4439,0.1117257029394035,0.1001283645804222,0.107587185946014,238,12,8,7,4,0.0005742058700238513
4440,0.0829344395986242,0.1171122369688059,0.1217472582824906,238,11,9,7,12,0.0006903861115693627
4441,-0.2007942417473318,0.089235838944788,0.0055368692434407,238,6,6,0,123,0.0049806266057812725
4442,-0.3158883806687231,0.1215442659472628,0.0026160197544196,238,3,10,0,24,0.002332232535430932
4443,0.1632805020742474,0.0766817184323122,0.0535365440866223,238,13,5,3,23,0.0012615436760510372
4444,-0.0465553309931567,0.0940015939115261,0.0630157887086481,238,9,7,4,11,0.0012049178080219785
4445,-0.197390348544481,0.091568305652884,0.0517238105032092,238,6,7,3,27,0.001618208133972155
4446,-0.3024146367407722,0.1482643769768764,0.1603798246645925,238,4,12,10,2,0.00013213791251533302
4447,-0.1959011452682338,0.120110874947376,0.0133486244930686,238,6,10,0,5,0.0007275640913533451
4448,-0.0534340318405843,0.0865575120605456,0.0222118652383932,238,8,6,1,32,0.004098846777087474
4449,-0.035847250292522,0.0686449988093786,0.0059203713633009,238,9,4,0,110,0.004292388740450521
4450,-0.0199624153458851,0.0854052698503979,0.0096451251757986,238,9,6,0,67,0.003528788865454604
4451,-0.1395950785377442,0.147793714360175,0.1522748028945544,238,7,12,9,5,0.00034199106126592797
4452,-0.4705527780732545,0.1200591894399812,0.0120578718020827,238,0,10,0,21,0.001299022135957822
4453,0.1105910718717866,0.0819078061868179,0.0465883156743516,238,12,6,3,15,0.0012031467636487892
4454,0.0035811793071659,0.0823490618511034,0.0227852293809773,238,10,6,1,19,0.0024793188556417934
4455,-0.0844236428748714,0.0899015085512363,0.0258604844012727,238,8,6,1,32,0.004098846777087474
4456,-0.4393504237137893,0.1251981373931899,0.0097069932234551,238,1,10,0,58,0.0024176974686684533
4457,0.2705740524057723,0.0625161957819846,0.0624862476433245,238,15,4,4,9,0.0006083114687464467
4458,0.0680424068361521,0.0894962544724103,0.0585365640968486,238,11,6,3,17,0.0015177436956017969
4459,-0.0024465482395489,0.0811544734461812,0.0025481538537674,238,10,6,0,9,0.002287597437481778
4460,-0.0319469559975889,0.0890914318077565,0.0276256880853792,238,9,6,1,35,0.003457223377569426
4461,-0.4542424564762613,0.1204306347398772,0.0055524833508389,238,1,10,0,58,0.0024176974686684533
4462,0.0276211750522994,0.0795723936498805,0.0633231156528979,238,10,5,4,5,0.0008279011511416063
4463,-0.1384604474701272,0.1531817082009613,0.1637596726586552,238,7,13,10,5,0.00022213182713577852
4464,-0.1244903024500939,0.0883770731509744,0.0274298934055842,238,7,6,1,35,0.004354591136495643
4465,-0.0894585682374215,0.0935202919023895,0.0081696799228063,238,8,7,0,32,0.002863781975607201
4466,-0.308442364287487,0.0993675330684944,0.0048912498496306,238,3,7,0,83,0.0037735571101525844
4467,-0.4288550863383327,0.1326752795549489,0.0022259417493224,238,1,11,0,44,0.0016412330933814783
4468,0.2648299826259617,0.0317529251370232,0.0058913855094356,238,15,0,0,2,0.0005745990113075236
4469,-0.0215934475055845,0.0656580626521794,0.0025850460041812,238,9,4,0,110,0.004292388740450521
4470,-0.1947665142006169,0.0925588456684198,0.0643100622799833,238,6,7,4,9,0.001004592582867325
4471,0.1674644541360848,0.0499885597396203,0.0033849696623043,238,13,2,0,51,0.002201728852969309
4472,0.145551891642733,0.0714152426028029,0.0689444081318098,238,12,5,4,7,0.0009729544999730399
4473,0.2031344183242917,0.0715504255037178,0.0489738183979359,238,14,5,3,12,0.0009060017775838139
4474,-0.0981101301280005,0.1131354599792431,0.0513153200124177,238,8,9,3,10,0.0007271692680472435
4475,0.0181186398610076,0.0835387829359623,0.0052494834125215,238,10,6,0,9,0.002287597437481778
4476,-0.3832571003084777,0.1262111872365362,0.0093440979032436,238,2,10,0,64,0.0027862606231091225
4477,-0.0690352090203169,0.0973842225742472,0.0620721536511448,238,8,7,4,17,0.0011918988240630826
4478,0.0436478388823883,0.0530952175991153,0.0065015957870673,238,10,3,0,83,0.003204714279147116
4479,-0.0667659468850831,0.0852234572304407,0.0029846569292978,238,8,6,0,87,0.004426521123504939
4480,-0.0566251817182569,0.074273340173451,0.009236516404667,238,8,5,0,118,0.004884276702473828
4481,0.2379534092117859,0.0484019876606736,0.0317331739755018,238,14,2,2,4,0.0009246418613257648
4482,0.2720632556820196,0.0842525991413914,0.0871512600817022,238,15,6,5,7,0.0004263089838112961
4483,-0.0569797539268872,0.0646187697302803,0.0032722503499465,238,8,4,0,68,0.003645851648012564
4484,-0.1004503067049604,0.0867623086702378,0.0419939755035736,238,8,6,2,25,0.0025738901815202356
4485,-0.0402439456795376,0.0732740241108517,0.0029558862086114,238,9,5,0,128,0.00475484797010613
4486,-0.362620997766195,0.1239037947917904,0.0508280174456621,238,2,10,3,13,0.0008397115748875404
4487,0.2819912775236676,0.0362443076185589,0.0061995786018029,238,15,1,0,37,0.0012568719412054995
4488,-0.2599368861468638,0.1219169755839093,0.055361780101706,238,4,10,3,9,0.0010100687867596464
4489,-0.0359890791759741,0.0878164032539916,0.0346558881293314,238,9,6,2,24,0.002447719255977075
4490,-0.3753855972768854,0.1103229536293422,0.0006037971703381,238,2,9,0,92,0.0036402965216667748
4491,0.0784668297698826,0.0734749362877516,0.0068825362486978,238,11,5,0,31,0.0026768986373174324
4492,0.1055561465092366,0.0598543285580575,0.0044128940060742,238,12,3,0,112,0.0033545247846789965
4493,-0.4462291245612168,0.0992430745836766,0.0031119626547991,238,1,7,0,16,0.001358025859596965
4494,-0.2851824274013402,0.1007003353626567,0.0037752437262051,238,4,8,0,91,0.004483419991872029
4495,0.1392405063291139,0.1447646354634204,0.1720708999003614,238,12,12,11,8,0.00027290090825336647
4496,-0.0351381058752614,0.0737995410487776,0.0017048507075541,238,9,5,0,128,0.00475484797010613
4497,0.1016558522143034,0.0648772862205979,0.0154420718385386,238,12,4,0,46,0.003005418736203267
4498,-0.3052512144098145,0.098180388757186,0.0186383148225186,238,3,7,1,24,0.003043892917955284
4499,0.3501400560224089,0.0612144534028805,0.0405974395278497,238,17,4,2,1,0.0003152946143159886
4500,-0.4470091834202034,0.1363557431148573,0.0169525490819632,238,1,11,1,21,0.0014808047137841256
4501,-0.3036201822501152,0.1111319178155182,0.0135413637225249,238,4,9,0,63,0.0032442879918447966
4502,-0.288657235045917,0.0958235324230971,0.0017921582588721,238,4,7,0,120,0.004630464276693427
4503,-0.4087153848881323,0.1101898850156486,0.0007730387510154,238,1,9,0,77,0.0026736108853416024
4504,0.0648512569584795,0.0609685140630786,0.0090264336591327,238,11,3,0,87,0.0035031944625956886
4505,-0.0815870652058291,0.1089071835484511,0.0182601648353177,238,8,8,1,11,0.0015147342647100137
4506,-0.3580115590540013,0.1129963196993496,0.001410635996714,238,2,9,0,92,0.0036402965216667748
4507,0.1044924298833457,0.0543287996688107,0.0023005499734432,238,12,3,0,112,0.0033545247846789965
4508,-0.2890118072545473,0.0865621242429992,0.0104674508638865,238,4,6,0,60,0.003468743098616289
4509,-0.088820338261887,0.0741951787860482,0.0084775371667947,238,8,5,0,118,0.004884276702473828
4510,-0.0464844165514306,0.0723456733559296,0.0067198992254507,238,9,5,0,128,0.00475484797010613
4511,-0.444101691309435,0.1210929785886349,0.003215024230733,238,1,10,0,58,0.0024176974686684533
4512,0.0746374499166755,0.1199186057629996,0.1217826320222059,238,11,10,7,7,0.000510369007906226
4513,-0.2349750026592915,0.0929155954012524,0.0177160863371817,238,5,7,1,30,0.0042669011761406455
4514,0.0559869517427223,0.0741369568000483,0.0083886920819144,238,11,5,0,31,0.0026768986373174324
4515,0.2777364110201042,0.094446786107249,0.1249316716002336,238,15,7,8,2,0.0002542795657909875
4516,-0.0774740275857178,0.0826980704147005,0.0013955055901458,238,8,6,0,87,0.004426521123504939
4517,-0.3829734425415735,0.1170697098868841,0.0018536805668242,238,2,9,0,92,0.0036402965216667748
4518,0.2136297556997482,0.0699857000437697,0.0398251209440717,238,14,4,2,15,0.0012844812788815414
4519,0.4392085948303371,0.0261594385954328,0.0005764450096299,238,18,0,0,15,0.0003567083730917672
4520,-0.2324220827571534,0.0828080703573594,0.0040896793230898,238,5,6,0,104,0.004457874728275953
4521,-0.2436265645498705,0.0982238786154688,0.0663288912955083,238,5,7,4,4,0.0007545567650281172
4522,-0.169024571854058,0.0997425399901252,0.0230790691531444,238,6,7,1,34,0.0042053397344584634
4523,-0.0022338049143708,0.1035606590721021,0.0470634662998798,238,10,8,3,3,0.0006843083565060746
4524,-0.2251178952593695,0.0991227893161373,0.0152653274668021,238,5,7,0,118,0.004976576343704583
4525,-0.1411551962557174,0.0976058100613646,0.0015438517396769,238,7,7,0,75,0.003922112144946418
4526,-0.4128284225082437,0.1044245520123519,0.0058572268465268,238,1,8,0,39,0.0022015621544169703
4527,-0.0305286671630677,0.1366400257703409,0.130915753950604,238,9,11,8,7,0.0005266051561481871
4528,0.0577598127858738,0.0786632925191348,0.0272748869234524,238,11,5,1,13,0.002822196505883785
4529,-0.2261106974435343,0.0976073362207338,0.0087632230121184,238,5,7,0,118,0.004976576343704583
4530,0.1667553097188242,0.0787958324241781,0.0414216958884374,238,13,5,2,14,0.0013821423406262744
4531,0.1297379711378221,0.0757671521000595,0.0340865575493521,238,12,5,2,36,0.001907366235161121
4532,-0.4445271779597914,0.1295430796482313,0.0066036708541108,238,1,11,0,44,0.0016412330933814783
4533,-0.0413785767471545,0.1237854297495273,0.1281629335397976,238,9,10,8,11,0.000620914219708723
4534,-0.2815657908733113,0.1205214972782212,0.0209027405951171,238,4,10,1,11,0.0018171377599596609
4535,-0.1150586817005282,0.0738952708539173,0.0083300819346433,238,7,5,0,86,0.004462857898018962
4536,0.0933588625323547,0.0723174115880491,0.0239196735396076,238,11,5,1,13,0.002822196505883785
4537,-0.001241002730206,0.1224379722038381,0.1215463523748242,238,10,10,7,5,0.0005980529516655343
4538,-0.3140446051838456,0.115270635989348,0.07967182110866,238,3,9,5,6,0.000463573381957771
4539,-0.017338581002021,0.0799163223945277,0.0059422324763879,238,9,5,0,128,0.00475484797010613
4540,-0.0537886040492146,0.0951864688760284,0.0118819821226203,238,8,7,0,32,0.002863781975607201
4541,-0.1089600397120873,0.1012866470069021,0.0289782313048489,238,7,8,1,13,0.0023238306258716386
4542,-0.3373754565117186,0.0985468764210772,0.0057435373735636,238,3,7,0,83,0.0037735571101525844
4543,-0.135765698684537,0.0895292065092495,0.0324637439543532,238,7,6,2,17,0.002531552152626628
4544,-0.2036308194163741,0.117450307630716,0.0719879640476231,238,6,9,4,19,0.0010847483299686014
4545,-0.1610821543807396,0.0741468212020819,0.0024618031493544,238,6,5,0,87,0.0037737578394178533
4546,-0.0960536113179448,0.070985405101726,0.0116633674903403,238,8,5,0,118,0.004884276702473828
4547,-0.0631493103570542,0.1763367075186127,0.2344708878516764,238,8,15,15,2,8.015181053821993e-05
4548,-0.09002588377123,0.067258604049779,0.0027933602942105,238,8,4,0,68,0.003645851648012564
4549,-0.4065879516363507,0.1199215404895606,0.002424404008756,238,1,10,0,58,0.0024176974686684533
4550,0.3074495621033223,0.0597547328349059,0.0535161089961751,238,16,3,3,9,0.0006651445460751286
4551,0.0214516186221323,0.054471446462405,0.0102262196852067,238,10,3,0,83,0.003204714279147116
4552,-0.0752047654504839,0.1470586930250486,0.172639864040519,238,8,12,11,6,0.00025994191172549135
4553,0.2105804347055277,0.0677085551179792,0.0408207052876064,238,14,4,2,15,0.0012844812788815414
4554,-0.2007233273056057,0.0779429131029769,0.0052505331202798,238,6,5,0,87,0.0037737578394178533
4555,-0.3561677835691237,0.1067884721181573,0.0221509677540982,238,2,8,1,13,0.002881514397028944
4556,0.0307414104882459,0.0548392848204752,0.0041834103043146,238,10,3,0,83,0.003204714279147116
4557,0.004999468141687,0.0980913434037711,0.0638107562672721,238,10,7,4,19,0.0012049551147970568
4558,0.0655604013757401,0.0739415552631976,0.0378156018274462,238,11,5,2,24,0.0022595098618287553
4559,-0.2902882672056164,0.0954159877468013,0.001208135944272,238,4,7,0,120,0.004630464276693427
4560,-0.2645463248590575,0.1574853742309888,0.1410398912385511,238,4,13,9,2,0.00013284512053730497
4561,-0.4517604510158493,0.1041161585326801,0.0154901637267832,238,1,8,1,9,0.0017457061791263356
4562,0.0682551501613303,0.1371639659050282,0.1328842454361418,238,11,11,8,4,0.00034970106862748694
4563,0.2271744140694252,0.0543297773545784,0.0423295185427624,238,14,3,2,20,0.001345194623171677
4564,-0.4774314789206821,0.1380705211783016,0.0031387233378451,238,0,11,0,17,0.0009954726964181157
4565,0.0609509626635464,0.0627277746371466,0.0099253407061077,238,11,4,0,96,0.0038563263286608743
4566,-0.0043612381661525,0.1656468349948076,0.2041383163304095,238,9,14,13,3,0.0001835203773230882
4567,-0.0903804559798602,0.1250040573607862,0.0523941046593971,238,8,10,3,4,0.00033364865435409264
4568,0.1816473424812963,0.0566847500622517,0.0018085551430142,238,13,3,0,68,0.0026935169555837167
4569,0.2051909371343473,0.0644387039161627,0.0316719026928612,238,14,4,2,15,0.0012844812788815414
4570,-0.3640392866007161,0.1221161993894813,0.0135013034265514,238,2,10,0,64,0.0027862606231091225
4571,-0.0396766301457291,0.0883389345565492,0.0038133538089254,238,9,6,0,67,0.003528788865454604
4572,0.2063255682019643,0.0542965335580751,0.0217210573280696,238,14,3,1,20,0.0018794301899020256
4573,-0.1266177357018756,0.1589694751933903,0.1911437158617216,238,7,14,12,3,0.00015714101572722106
4574,-0.1310853455306173,0.1032394834415653,0.0257182702198804,238,7,8,1,13,0.0023238306258716386
4575,-0.0612346204304506,0.1539576391072498,0.1980108224366008,238,8,13,13,1,0.00012245301711959352
4576,-0.2973087969364961,0.095231458986646,0.011221349536895,238,4,7,0,120,0.004630464276693427
4577,-0.4173669467787114,0.1109277062155652,0.0026651432784394,238,1,9,0,77,0.0026736108853416024
4578,0.2585185973123426,0.0372045658465785,0.0025075582695513,238,15,1,0,37,0.0012568719412054995
4579,-0.4343864127929652,0.1096659667028527,0.0018101892973451,238,1,8,0,39,0.0022015621544169703
4580,0.3443959862425982,0.0442414471899417,0.0100326770806173,238,16,2,0,12,0.0010230552340021607
4581,0.371201645215048,0.0311019306080146,0.0058674370558588,238,17,0,0,15,0.0005505446427089447
4582,0.08265078183172,0.0564444899905549,0.0041634900479624,238,11,3,0,87,0.0035031944625956886
4583,-0.1348438109420983,0.0784807307514371,0.0290484945332882,238,7,5,1,35,0.003768331523905521
4584,-0.1970357763358507,0.1268864777438968,0.1074091621817723,238,6,10,7,10,0.0006562367513300406
4585,-0.356451441336028,0.1281175384027372,0.0573623437211178,238,2,10,3,13,0.0008397115748875404
4586,-0.1340637520831117,0.072667890420204,0.0322265946803229,238,7,5,2,14,0.0019215935290123082
4587,0.28482785519271,0.0392409704581923,0.0023705858427602,238,15,1,0,37,0.0012568719412054995
4588,0.0525830585398716,0.1193825292251715,0.1149675223299845,238,11,9,7,12,0.0006903861115693627
4589,-0.280005673155338,0.0939215243422946,0.0009632064961235,238,4,7,0,120,0.004630464276693427
4590,0.0067723291848384,0.0993195142762273,0.0507812511683038,238,10,7,3,21,0.0013092804382386475
4591,-0.254050987483601,0.0862221098088499,0.0034228697146418,238,5,6,0,104,0.004457874728275953
4592,-0.0627238237066978,0.1049830057459868,0.0966018712671772,238,8,8,6,7,0.0007913828854727762
4593,0.1320781477147821,0.0649288075499266,0.0038915113956508,238,12,4,0,46,0.003005418736203267
4594,0.0731482466404283,0.0530714781331605,0.0099727974486223,238,11,3,0,87,0.0035031944625956886
4595,0.1618622132397262,0.0725924795581888,0.0485273097738073,238,13,5,3,23,0.0012615436760510372
4596,0.3151083218097364,0.0621518118769711,0.0544179562047856,238,16,4,3,14,0.0006512937333475906
4597,-0.1832074601992695,0.0935398474818489,0.0113518066875679,238,6,7,0,96,0.004713885748433999
4598,-0.0250682551501613,0.085297801310777,0.0054578731508287,238,9,6,0,67,0.003528788865454604
4599,-0.2076729425947593,0.0910128254274154,0.0022672513967401,238,5,7,0,118,0.004976576343704583
4600,-0.2808566464560507,0.0941259224208982,0.0018404141667645,238,4,7,0,120,0.004630464276693427
4601,0.1586710633620536,0.0595611613152739,0.0138942481038166,238,13,3,0,68,0.0026935169555837167
4602,0.3467361628195581,0.0370265171437935,0.0103002920978604,238,16,1,0,44,0.0011029673443555539
4603,0.0045030670496046,0.085296895028161,0.0644552789384567,238,10,6,4,15,0.0012094322560504275
4604,0.0995284189625217,0.1112931608972152,0.1119356695343792,238,12,9,7,8,0.0005334710940643014
4605,0.2468177144275431,0.0519494460657329,0.0020998146181003,238,14,3,0,25,0.0018030019399556335
4606,0.1212282381306952,0.0630649303390402,0.0127749702303968,238,12,4,0,46,0.003005418736203267
4607,-0.2544764741339573,0.0996476860701889,0.0191631356423536,238,4,7,1,28,0.0038455970181802803
4608,-0.0015955749388362,0.0690744249536394,0.0012808444042041,238,10,4,0,104,0.004355003298635465
4609,-0.0080487891359075,0.0684941460979061,0.0083697159241449,238,9,4,0,110,0.004292388740450521
4610,-0.0739283054994149,0.0869171886769542,0.0010115219098668,238,8,6,0,87,0.004426521123504939
4611,-0.1070453497854838,0.0804631299436007,0.0018858649729335,238,7,5,0,86,0.004462857898018962
4612,0.1349147253838244,0.0792374403539126,0.0483631381387112,238,12,5,3,24,0.001508498782464373
4613,0.148104811544871,0.0593819184824426,0.0361223216740025,238,13,3,2,12,0.0015635494242541884
4614,-0.104847002091976,0.0735640839126832,0.0161058711470537,238,7,5,1,35,0.003768331523905521
4615,-0.0502428819629117,0.127162656314733,0.1262927504973836,238,9,10,8,11,0.000620914219708723
4616,0.1495231003793922,0.0718549930844476,0.0215848387589014,238,13,5,1,2,0.0012406708340331237
4617,-0.3664503776194021,0.1110162611085145,0.0012583138050296,238,2,9,0,92,0.0036402965216667748
4618,-0.1757614438180335,0.1008317197436399,0.0651422430526702,238,6,8,4,11,0.0012040164928400956
4619,-0.1571818600858064,0.0960307873959607,0.0011931882730872,238,6,7,0,96,0.004713885748433999
4620,-0.307165904336418,0.1105540418938906,0.0028903244767777,238,3,9,0,69,0.003704547569987754
4621,-0.1668971386022763,0.0888953970148613,0.0560136943232772,238,6,6,3,9,0.0011868363604927129
4622,0.1128603340070205,0.1390681167427706,0.1559692810465193,238,12,11,10,5,0.0002877203771255406
4623,0.1873914122611069,0.0984948465631546,0.1170799994426563,238,13,7,7,3,0.0004224323193738096
4624,-0.1549835123922986,0.0836927968712257,0.0105738390963033,238,6,6,0,123,0.0049806266057812725
4625,-0.3809878381732439,0.1292275061560795,0.0368254204079924,238,2,10,2,11,0.001473134783876512
4626,-0.3182994716874091,0.0952802064803581,0.0324777880898636,238,3,7,2,7,0.001458730871847017
4627,0.150515902563557,0.0641089607855813,0.0193460030438669,238,13,4,1,27,0.002211503016508247
4628,-0.1217955536645037,0.0919289688897316,0.026124596970628,238,7,7,1,42,0.0036960149974717034
4629,0.2432010778995142,0.1239213839681333,0.1534154561926858,238,14,10,10,4,0.00017625611383147543
4630,-0.2766726943942133,0.1083944095849935,0.0036335593935812,238,4,8,0,91,0.004483419991872029
4631,-0.2068219692940467,0.0896134594615655,0.0276902101981596,238,5,6,1,26,0.0036553501392859243
4632,-0.2500797787469417,0.0829185287576036,0.0134834951582124,238,5,6,0,104,0.004457874728275953
4633,0.0089706768783462,0.0950733671191586,0.0613383473452951,238,10,7,4,19,0.0012049551147970568
4634,0.1512959614225436,0.1065275510284781,0.1272500250366161,238,13,8,8,6,0.00034439506152093716
4635,-0.0914441726057511,0.0975577300255672,0.0663263406597548,238,8,7,4,17,0.0011918988240630826
4636,-0.3792858915718185,0.132064972245577,0.0283674154976328,238,2,11,1,10,0.0015299054669604833
4637,-0.1777470481863631,0.1073427430172421,0.0613931816676727,238,6,8,4,11,0.0012040164928400956
4638,-0.0796014608374995,0.0840909484902099,0.0180889308024278,238,8,6,1,32,0.004098846777087474
4639,-0.025919228450874,0.0783256800986171,0.0196010948168689,238,9,5,1,43,0.0042530637397620065
4640,-0.1499485870297486,0.0797634608122198,0.02883465700722,238,7,5,1,35,0.003768331523905521
4641,-0.2940467326170974,0.0955900428303471,0.0023415372245748,238,4,7,0,120,0.004630464276693427
4642,-0.3868737368365066,0.1058593004641677,0.0114862367827683,238,2,8,0,89,0.003550440087193625
4643,0.0268411161933127,0.0597582964986261,0.0032917292150921,238,10,3,0,83,0.003204714279147116
4644,0.3595716767719745,0.05098144127313,0.0286337268139079,238,17,2,1,8,0.0006741744902410895
4645,0.0004609438712193,0.0979575017346271,0.081847434226939,238,10,7,5,11,0.0009860863442663005
4646,-0.0968336701769315,0.1039424219312275,0.0805915920007669,238,8,8,5,12,0.0009924301394853789
4647,0.1092436974789915,0.1174888971056084,0.1178854768796222,238,12,9,7,8,0.0005334710940643014
4648,0.1320781477147821,0.0984694842157866,0.0743869606685465,238,12,7,4,6,0.0008233196115806856
4649,-0.3214906215650817,0.1170670873437634,0.073493207422557,238,3,9,4,9,0.0007424086181865663
4650,-0.2080984292451157,0.0978683655354317,0.0151685150657039,238,5,7,0,118,0.004976576343704583
4651,-0.1634223309576995,0.0798823276714401,0.0023581041062075,238,6,5,0,87,0.0037737578394178533
4652,-0.2449739389426656,0.1023766724290485,0.0226072154275702,238,5,8,1,31,0.003710872647041985
4653,-0.2559656774102046,0.0703866397086205,0.0138833174038732,238,4,4,0,2,0.0006413839773099213
4654,-0.2360387192851823,0.0952214953267688,0.0237221513234048,238,5,7,1,30,0.0042669011761406455
4655,-0.2143389001170088,0.1237988977734198,0.0842772749562002,238,5,10,5,8,0.0006782364706724274
4656,0.0832890118072545,0.0928584006851482,0.0943403208998937,238,11,7,6,5,0.0007659267281337979
4657,-0.3768748005531326,0.1203170577725955,0.0117738257563046,238,2,10,0,64,0.0027862606231091225
4658,-0.1328582065737687,0.1360531134443903,0.1224584344758668,238,7,11,8,6,0.0005239275630867714
4659,0.2005814984221536,0.0722707440582931,0.0484430032727458,238,14,5,3,12,0.0009060017775838139
4660,-0.0470517320852391,0.079980659950969,0.0192678620308272,238,9,5,1,43,0.0042530637397620065
4661,-0.0130837144984576,0.1198676887749982,0.1148715816403273,238,9,10,7,8,0.0006540394776902086
4662,-0.3914831755487004,0.1324883435953476,0.0540549048439828,238,2,11,3,9,0.0006486389337313848
4663,-0.1289579122788355,0.0795708567093473,0.0019201413687621,238,7,5,0,86,0.004462857898018962
4664,-0.1711520051058397,0.1150186214337373,0.0443402582513122,238,6,9,2,9,0.0013930794518370066
4665,0.3027692089494025,0.1077344944987809,0.1335023405688408,238,16,8,8,5,0.00022595425613333912
4666,-0.1186753182285572,0.139492706315114,0.1301816447908967,238,7,12,8,3,0.0003159643043599897
4667,-0.1134276495408289,0.0857527825296646,0.0079024989728628,238,7,6,0,105,0.004915439800339099
4668,-0.1600893521965748,0.0893496080614847,0.0049258303689043,238,6,6,0,123,0.0049806266057812725
4669,-0.0981810445697266,0.0788439514724196,0.0088586959228142,238,8,5,0,118,0.004884276702473828
4670,-0.039463886820551,0.1042120935011518,0.0959730208111489,238,9,8,6,9,0.0008307097466969611
4671,0.1993759529128106,0.1088213938112601,0.1293624963912875,238,14,8,8,11,0.00034641907018767093
4672,0.0947062369251497,0.0738709072117986,0.0429916218997188,238,11,5,2,24,0.0022595098618287553
4673,0.0213807041804063,0.0687802352846606,0.0024998364451685,238,10,4,0,104,0.004355003298635465
4674,0.1135694784242811,0.0684438015865368,0.010024467042892,238,12,4,0,46,0.003005418736203267
4675,-0.3669467787114845,0.1008620540259876,0.0032574398966964,238,2,8,0,89,0.003550440087193625
4676,-0.3545367514094245,0.1155349776216998,0.0100515594490349,238,3,9,0,69,0.003704547569987754
4677,-0.315746551785271,0.1067804130097861,0.0031187674028045,238,3,8,0,100,0.004333383064151017
4678,-0.388504768996206,0.1003974992393683,0.0022131533979718,238,2,8,0,89,0.003550440087193625
4679,-0.0650640002836577,0.0958033353258588,0.0212348253554483,238,8,7,1,25,0.0028794895434652297
4680,0.034641704783179,0.0926192787676805,0.0725046856499404,238,10,7,4,19,0.0012049551147970568
4681,0.2148353012090912,0.0916727649685584,0.081163668186072,238,14,7,5,3,0.0004280946403599068
4682,0.1097400985710739,0.1062364033593971,0.0979866859057861,238,12,8,6,17,0.0007219739687309315
4683,-0.0183313831861858,0.1194359768961434,0.1214572112310005,238,9,9,7,10,0.0007146520219973656
4684,-0.3785058327128319,0.1392029482891377,0.075179441367965,238,2,12,4,4,0.00024257797291860766
4685,0.0699570967627557,0.072488638380498,0.0484856705177224,238,11,5,3,16,0.0015976535184731248
4686,-0.3158883806687231,0.0981661475374933,0.0090862148533422,238,3,7,0,83,0.0037735571101525844
4687,-0.1966812041272204,0.0969040895636707,0.0105633475430596,238,6,7,0,96,0.004713885748433999
4688,-0.0754884232173882,0.0859269570966842,0.0317027554493381,238,8,6,2,25,0.0025738901815202356
4689,-0.0032266070985356,0.0621980620308681,0.0107660123017823,238,9,4,0,110,0.004292388740450521
4690,0.1807963691805836,0.0398725414424287,0.0081911438715186,238,13,1,0,9,0.0010668379852861295
4691,-0.4204162677729319,0.1058861505532192,0.0020253375900369,238,1,8,0,39,0.0022015621544169703
4692,0.1081090664113746,0.165788315753405,0.2119223211202096,238,12,14,13,3,0.00011963542034996559
4693,-0.2139843279083784,0.0997208987452079,0.004237954125351,238,5,7,0,118,0.004976576343704583
4694,-0.1752650427259511,0.0812290014578828,0.0091938654563059,238,6,6,0,123,0.0049806266057812725
4695,-0.1285324256284792,0.1046888518298139,0.0776203076519786,238,7,8,5,11,0.000992393730641657
4696,-0.0724391022231677,0.0811340959424612,0.0541135189038372,238,8,6,3,16,0.001552115822956393
4697,-0.0375491968939474,0.0747157025586483,0.0011689534217741,238,9,5,0,128,0.00475484797010613
4698,-0.2616388327482891,0.1154930647933666,0.0017578429367024,238,4,9,0,63,0.0032442879918447966
4699,-0.2502925220721199,0.1727174600490651,0.1783526618491346,238,5,15,11,1,5.977710731264535e-05
4700,-0.2919192993653157,0.0968891530607861,0.0132536275184524,238,4,7,0,120,0.004630464276693427
4701,-0.3966599297947026,0.1340132040710203,0.0257987232220739,238,2,11,1,10,0.0015299054669604833
4702,-0.0880402794029003,0.0890897338702723,0.0370947278318803,238,8,6,2,25,0.0025738901815202356
4703,-0.3390774031131439,0.1230259987506145,0.0924356138564754,238,3,10,6,7,0.0003334749144724646
4704,-0.2571712229195475,0.1248338224421949,0.0982250662409108,238,4,10,6,6,0.0004982559750678727
4705,0.0068432436265645,0.0916506330147748,0.0803776650714055,238,10,7,5,11,0.0009860863442663005
4706,0.330567670106017,0.1362366735923133,0.1812017214048648,238,16,11,11,4,9.273617327200639e-05
4707,0.0096089068538807,0.0905395618853796,0.009870954316955,238,10,7,0,2,0.000928350317279385
4708,-0.019820586462433,0.1574442079836482,0.1840559661879212,238,9,13,12,4,0.00021610544271692483
4709,-0.1905116476970534,0.1029321677909389,0.0021543205735072,238,6,8,0,57,0.003300602884874217
4710,-0.1032159699322766,0.0997545718545692,0.0707855480948737,238,8,7,4,17,0.0011918988240630826
4711,-0.1820728291316526,0.0866441429097688,0.0496401475264092,238,6,6,3,9,0.0011868363604927129
4712,-0.3514874304152039,0.1137242128921835,0.038896159961987,238,3,9,2,13,0.0019644862268845802
4713,-0.2426337623657057,0.0902077988013066,0.0209353785639651,238,5,6,1,26,0.0036553501392859243
4714,-0.0540013473743927,0.0852394723713756,0.0632220680006413,238,8,6,4,7,0.000892123422850631
4715,-0.2949686203595361,0.0795394811849935,0.0058058838710274,238,4,5,0,26,0.0018323270165334974
4716,-0.377371201645215,0.088183061503309,0.0028857036142823,238,2,6,0,18,0.0013709358574978201
4717,0.1724284650569088,0.0767162438762808,0.0540661083370696,238,13,5,3,23,0.0012615436760510372
4718,-0.3928305499414955,0.1251568712630033,0.0617809052399373,238,2,10,4,5,0.00048254370212750896
4719,0.0216643619473105,0.0828317719099339,0.0575391262360724,238,10,6,3,31,0.0017261073251220965
4720,-0.4191398078218628,0.1200198647826319,0.001101718671963,238,1,10,0,58,0.0024176974686684533
4721,0.0379037691025777,0.0575733300905221,0.0023216440161345,238,10,3,0,83,0.003204714279147116
4722,-0.1173279438357621,0.0839660884309019,0.0018936366512307,238,7,6,0,105,0.004915439800339099
4723,-0.3469489061447363,0.1111072023168776,0.0199183915291699,238,3,9,1,37,0.003326167945494541
4724,-0.394674325426373,0.1166462359198369,0.0227704055762904,238,2,9,1,29,0.003099733513643377
4725,0.1144913661667198,0.0519534167931337,0.0022848679161268,238,12,3,0,112,0.0033545247846789965
4726,-0.1521469347232563,0.0898175235121748,0.0133684775664269,238,7,6,0,105,0.004915439800339099
4727,-0.3599262489806048,0.1043853180124103,0.0018426261147742,238,2,8,0,89,0.003550440087193625
4728,-0.0411658334219763,0.079723736190778,0.0015691364660899,238,9,5,0,128,0.00475484797010613
4729,-0.3117753430486118,0.1378573707362779,0.1173839373409832,238,3,11,7,5,0.0002334922392009761
4730,-0.2451157678261177,0.1090003512982168,0.0817252928256635,238,5,8,5,8,0.000684282598842483
4731,-0.2518526397900932,0.101081849999516,0.0010382585931724,238,5,8,0,70,0.004087396103385501
4732,-0.1759032727014856,0.0698378608925632,0.0083332993163842,238,6,4,0,25,0.0019497198210807415
4733,-0.3257454880686451,0.0955818111373239,0.0187306496879605,238,3,7,1,24,0.003043892917955284
4734,0.0829344395986242,0.1026732008027864,0.0984194955977135,238,11,8,6,14,0.0008546697678377422
4735,0.1410842818139914,0.0688530166081704,0.0161141458574244,238,12,4,1,39,0.0030492137784899846
4736,-0.1570400312023543,0.0741339019428057,0.0082027455879149,238,6,5,0,87,0.0037737578394178533
4737,-0.0440024110910186,0.1343003472203671,0.1652183391675363,238,9,11,10,4,0.0003500106579769918
4738,-0.0558451228592702,0.1582533553776585,0.1915354617139503,238,8,13,12,2,0.00019673301506406936
4739,0.0071978158351948,0.1725445936482315,0.2022183264303472,238,10,15,13,3,0.0001350806765659747
4740,-0.328085664645605,0.1002831126381752,0.0050428615631417,238,3,8,0,100,0.004333383064151017
4741,-0.3870864801616848,0.1235246084062519,0.0051256149074551,238,2,10,0,64,0.0027862606231091225
4742,-0.0733609899656064,0.0729495076243949,0.0021858130325402,238,8,5,0,118,0.004884276702473828
4743,-0.1279651100946707,0.0812527452181224,0.0087312281378367,238,7,6,0,105,0.004915439800339099
4744,-0.1456228060844591,0.0901496099577533,0.0053090115091756,238,7,6,0,105,0.004915439800339099
4745,-0.0126582278481012,0.0785684252620291,0.0025581786104463,238,9,5,0,128,0.00475484797010613
4746,-0.3855972768854376,0.0965145211188994,0.0234709167788405,238,2,7,1,15,0.002041776405580754
4747,0.0029429493316313,0.0881945464765217,0.0615366470798665,238,10,6,4,15,0.0012094322560504275
4748,0.0514484274722547,0.0932884715897027,0.0902562336864053,238,11,7,5,17,0.0010146204443782594
4749,0.2669574158777434,0.1274164038026334,0.1420475599611191,238,15,10,9,1,0.00014039574057706682
4750,-0.2721341701237457,0.1081678936642497,0.0100435775726305,238,4,8,0,91,0.004483419991872029
4751,0.188738786653902,0.070173399882241,0.0532699795230932,238,13,4,3,11,0.001202520299529772
4752,-0.4254511931354819,0.1371277062992194,0.0523776416416305,238,1,11,3,4,0.000463981698067669
4753,0.2825585930574761,0.0543150452543655,0.0398405114982499,238,15,3,2,24,0.0010910017256819872
4754,0.2749707477927879,0.0372426102157347,0.007787362110824,238,15,1,0,37,0.0012568719412054995
4755,-0.2860334007020529,0.0989769195158804,0.0104761083631082,238,4,7,0,120,0.004630464276693427
4756,0.1774633904194589,0.0609106872027446,0.0153811783329351,238,13,3,0,68,0.0026935169555837167
4757,0.1008757933553167,0.0827129195153826,0.052781452547531,238,12,6,3,15,0.0012031467636487892
4758,-0.1429280572988689,0.0644189490870768,0.009845388636801,238,7,4,0,53,0.0027892752163863077
4759,-0.4195652944722192,0.112184739584668,0.0026076166136379,238,1,9,0,77,0.0026736108853416024
4760,-0.1637769031663297,0.0793166096427691,0.0054441896423738,238,6,5,0,87,0.0037737578394178533
4761,-0.2732688011913625,0.1027730478589843,0.0014852616678201,238,4,8,0,91,0.004483419991872029
4762,-0.1483175548700492,0.1035890553457991,0.0673270270034958,238,7,8,4,14,0.0012485724446440057
4763,-0.1192426337623656,0.0730856389922239,0.0093652443670526,238,7,5,0,86,0.004462857898018962
4764,0.0057795270006736,0.0704708963065253,0.0178615527222347,238,10,4,1,35,0.00376178763264307
4765,-0.0169840087933907,0.083001392429548,0.0014674310860303,238,9,6,0,67,0.003528788865454604
4766,-0.203488990532922,0.0999075251825798,0.0610773030117478,238,6,7,3,27,0.001618208133972155
4767,0.0054958692337694,0.064561734694445,0.0036180131955144,238,10,4,0,104,0.004355003298635465
4768,0.0701698400879339,0.0889602625650752,0.0667234000797206,238,11,6,4,12,0.001206200991013593
4769,-0.2694394213381554,0.1137909501019166,0.0119194906922704,238,4,9,0,63,0.0032442879918447966
4770,0.1419352551147041,0.0621479103319185,0.009621412993689,238,12,4,0,46,0.003005418736203267
4771,-0.1215118958975995,0.0952399263816447,0.059863327553275,238,7,7,3,28,0.0017006627136119561
4772,-0.2007942417473318,0.0965920539038525,0.0539558513681661,238,6,7,3,27,0.001618208133972155
4773,-0.4307697762649363,0.1146703705914909,0.0068022575357971,238,1,9,0,77,0.0026736108853416024
4774,0.2510016664893805,0.053760293444293,0.0166051560530064,238,15,3,1,9,0.0012431228036498937
4775,0.066695032443357,0.0693648328376009,0.0088985704794623,238,11,4,0,96,0.0038563263286608743
4776,-0.2114314080062404,0.1219705892651356,0.0049863527556856,238,5,10,0,7,0.0011796346268269876
4777,-0.1390986774456618,0.0895191041395067,0.0013365418454304,238,7,6,0,105,0.004915439800339099
4778,-0.1669680530440024,0.0710635787685271,0.0099327028309944,238,6,5,0,87,0.0037737578394178533
4779,0.2945431337091798,0.0497066855026119,0.016202365138619,238,15,2,1,18,0.00142560135977588
4780,-0.0776158564691699,0.119439158444371,0.1065372850842032,238,8,9,6,16,0.0008557918870896612
4781,0.0757720809842924,0.06525736242504,0.0307717578198676,238,11,4,2,22,0.0021938763198335637
4782,0.1400914796298266,0.0543605450211685,0.0093945593235302,238,12,3,0,112,0.0033545247846789965
4783,-0.0526539729815976,0.1126138026119565,0.1264293468840474,238,9,9,8,3,0.0004839682109541481
4784,-0.4519731943410275,0.140132625085272,0.0135554781204705,238,1,12,0,17,0.000821500086197717
4785,-0.2054745949012516,0.0763073831847654,0.005873299417542,238,5,5,0,48,0.002829270609622204
4786,-0.2559656774102046,0.095839632945016,0.0217202014741021,238,4,7,1,28,0.0038455970181802803
4787,0.2485196610289685,0.0748437666648215,0.0484266827065079,238,15,5,3,6,0.0005972175125020211
4788,-0.300925433464525,0.1216167466189222,0.0359082575545388,238,4,10,2,20,0.0013956950402149748
4789,0.1037123710243591,0.0884422072529751,0.1009616634105778,238,12,6,6,4,0.0005522044263716744
4790,-0.341559408573556,0.1163536371722238,0.0165039584803724,238,3,9,1,37,0.003326167945494541
4791,-0.021026131971776,0.0952523087056732,0.0580251400664608,238,9,7,3,16,0.0014739189266975681
4792,-0.4182888345211502,0.1225149748362682,0.0194669728152438,238,1,10,1,22,0.002079606064659946
4793,-0.1955465730596035,0.1040451673936106,0.0017230718919882,238,6,8,0,57,0.003300602884874217
4794,0.284898769634436,0.0420924920610715,0.0196677735727521,238,15,2,1,18,0.00142560135977588
4795,-0.2065383115271424,0.1574874164689729,0.1875592304393165,238,5,13,12,1,0.00011880542854549253
4796,-0.1305889444385349,0.066711146820162,0.005166785152409,238,7,4,0,53,0.0027892752163863077
4797,-0.0460589299010743,0.0885073889169198,0.0534728902589601,238,9,6,3,22,0.0016882375614213183
4798,-0.3776548594121192,0.1348385776023356,0.0096207750541034,238,2,11,0,22,0.0015995178499110165
4799,0.1315817466226997,0.0790937328945973,0.0499614160897384,238,12,5,3,24,0.001508498782464373
4800,0.3581533879374534,0.0343685888084262,0.0115637218264938,238,17,1,0,23,0.0007836667221217257
4801,-0.0522284863312413,0.0800204743102888,0.0090581242142823,238,9,5,0,128,0.00475484797010613
4802,-0.0869056483352834,0.1074968322134445,0.0303628336546135,238,8,8,1,11,0.0015147342647100137
4803,-0.2009360706307839,0.0927052221845054,0.0590480360428753,238,6,7,3,27,0.001618208133972155
4804,-0.4099209303974753,0.1103408515125701,0.0039279106604042,238,1,9,0,77,0.0026736108853416024
4805,-0.0072687302769208,0.0820468408696819,0.0168016171685431,238,9,6,1,35,0.003457223377569426
4806,-0.0689642945785909,0.0781665920581324,0.0378493089195652,238,8,5,2,17,0.0022773988520767567
4807,-0.1417934262312519,0.1193665430103206,0.105151444402148,238,7,9,6,13,0.0008976724089664401
4808,-0.2579512817785341,0.0743556770725894,0.0068580109860005,238,4,5,0,26,0.0018323270165334974
4809,-0.443959862425983,0.1298374927001879,0.0213786963562034,238,1,11,1,21,0.0014808047137841256
4810,0.2154735311846257,0.0356329311880877,0.0090742035209972,238,14,1,0,22,0.0012417306714709786
4811,0.0891749104705173,0.1045850500981517,0.0924967640035378,238,11,8,6,14,0.0008546697678377422
4812,-0.2188065099457504,0.100779591997503,0.0009114678273697,238,5,8,0,70,0.004087396103385501
4813,-0.3019182356486898,0.0995447041289315,0.0827285066950185,238,4,7,5,1,0.00027182492580524246
4814,-0.2658936992518526,0.0954083884601227,0.0008672870642365,238,4,7,0,120,0.004630464276693427
4815,-0.3082296209623089,0.0926547550825002,0.0058271167520325,238,3,7,0,83,0.0037735571101525844
4816,-0.2000850973300712,0.1426329927950217,0.1541430730997794,238,6,12,10,3,0.0002502660905049462
4817,-0.1582455767116973,0.167013776920743,0.205984714026754,238,6,14,13,3,0.0001302198848325025
4818,-0.3113498563982554,0.1080474341016311,0.0013638017892793,238,3,8,0,100,0.004333383064151017
4819,0.1802290536467751,0.0690413162682488,0.038646729413056,238,13,4,2,27,0.0017949624306630315
4820,-0.2057582526681558,0.1145204336352358,0.0319417049249419,238,5,9,2,12,0.00176205040904918
4821,-0.2922738715739459,0.1084956360759824,0.0029686834718248,238,4,8,0,91,0.004483419991872029
4822,-0.1256249335177108,0.089327753509917,0.0018342196771845,238,7,6,0,105,0.004915439800339099
4823,-0.2315711094564407,0.0940227642831531,0.0027928114978798,238,5,7,0,118,0.004976576343704583
4824,-0.1116547884976775,0.1404700893471087,0.1373184651941094,238,7,12,9,5,0.00034199106126592797
4825,0.1132149062156508,0.1653021765115815,0.2255236816216121,238,12,14,14,3,9.768675654613066e-05
4826,-0.2741197744920752,0.1013797415404765,0.0019491054022813,238,4,8,0,91,0.004483419991872029
4827,-0.0905222848633124,0.135688642099209,0.1276869149723141,238,8,11,8,16,0.0005696293568104668
4828,-0.1686699996454277,0.116086107916026,0.0049239569790389,238,6,9,0,20,0.0017687167254327434
4829,-0.097471900152466,0.1427436730753575,0.1718676792864618,238,8,12,11,6,0.00025994191172549135
4830,-0.3273056057866184,0.1157494750066133,0.0020984088680256,238,3,9,0,69,0.003704547569987754
4831,-0.3290784668297698,0.0826805258567307,0.0049311119814886,238,3,6,0,36,0.0023601621856203458
4832,-0.1471120093607063,0.1333008811673683,0.1438441348403688,238,7,11,9,3,0.00040889610074816595
4833,0.3422685529908165,0.0594100949446982,0.0434725846821744,238,16,3,2,22,0.0008277185805572241
4834,0.0724391022231677,0.068498938747926,0.0062336405364622,238,11,4,0,96,0.0038563263286608743
4835,-0.1745558983086905,0.0896622424121529,0.003896369709713,238,6,6,0,123,0.0049806266057812725
4836,0.0471226465269652,0.0747028686232583,0.0409597478311428,238,10,5,2,36,0.0025029702124330115
4837,-0.2241960075169307,0.0932105219651439,0.0333869485007373,238,5,7,2,24,0.0024001793753435753
4838,-0.3890720845300144,0.1063853108191467,0.0021473157605412,238,2,8,0,89,0.003550440087193625
4839,0.1880296422366414,0.0528961105660937,0.0103911600594264,238,13,3,0,68,0.0026935169555837167
4840,-0.0291812927702726,0.0818167134103548,0.0413602361004669,238,9,6,2,24,0.002447719255977075
4841,-0.2900755238804382,0.0903402074675689,0.0057278278874235,238,4,7,0,120,0.004630464276693427
4842,-0.0041484948409743,0.1024985716470342,0.0965978550532773,238,9,8,6,9,0.0008307097466969611
4843,-0.3936815232422082,0.1149041042366654,0.0184213496094657,238,2,9,1,29,0.003099733513643377
4844,0.0978264723610963,0.0532042283627385,0.0090065690196209,238,12,3,0,112,0.0033545247846789965
4845,-0.2790128709711733,0.1150854414656939,0.0145327594234828,238,4,9,0,63,0.0032442879918447966
4846,-0.3597844200971527,0.1121952953576984,0.0514240713994184,238,2,9,3,4,0.0008380235463672708
4847,0.0630783959153281,0.0929986060097941,0.0456209613745346,238,11,7,2,4,0.0008092645582035639
4848,0.2031344183242917,0.1155111657384693,0.1426196774062512,238,14,9,9,4,0.00023796974491760575
4849,-0.3331915044498811,0.1002656513524351,0.001753727901738,238,3,8,0,100,0.004333383064151017
4850,-0.4012693685068964,0.1429087985969993,0.0457379955216389,238,2,12,2,5,0.0005555440900709168
4851,-0.2568166507109172,0.1311087289180889,0.0441623240809073,238,4,11,2,6,0.0007756277380663139
4852,0.0601709038045597,0.0882776844949811,0.104138018578978,238,11,6,6,3,0.0004754000676836113
4853,-0.1486012126369535,0.1114712107853067,0.0785753938632484,238,7,9,5,11,0.0009668215948625848
4854,0.1420770839981562,0.0592419925603099,0.018349545136854,238,12,3,1,38,0.0029775459777509877
4855,-0.2471013721944473,0.1002320803385298,0.093908753798609,238,5,8,6,1,0.000401196901579697
4856,-0.0920824025812856,0.0591470456111795,0.0172719009524229,238,8,3,1,4,0.0013563971038161701
4857,-0.35155834485693,0.0819570195943484,0.0066356368380951,238,3,6,0,36,0.0023601621856203458
4858,0.0933588625323547,0.1369743768248207,0.1561975782350954,238,11,11,10,2,0.00033611861006846856
4859,-0.1419352551147041,0.0985998911332214,0.0535758991645037,238,7,7,3,28,0.0017006627136119561
4860,0.2656809559266744,0.0686139241278847,0.059568486315958,238,15,4,3,9,0.000828693471620224
4861,-0.1413679395808956,0.0762039476114542,0.0024394327652359,238,7,5,0,86,0.004462857898018962
4862,-0.3399992908555826,0.1339577426093528,0.1083847995455111,238,3,11,7,5,0.0002334922392009761
4863,0.2247633230507392,0.0579400938714375,0.0251417146464366,238,14,3,1,20,0.0018794301899020256
4864,0.180158139205049,0.0806478525688457,0.0391519633278093,238,13,6,2,3,0.0007031158304458939
4865,-0.3085132787292131,0.089776517215926,0.0033847800707446,238,3,6,0,36,0.0023601621856203458
4866,-0.0465553309931567,0.0738411953391773,0.0021201030143163,238,9,5,0,128,0.00475484797010613
4867,0.0598163315959295,0.0639917688508755,0.0017794727422817,238,11,4,0,96,0.0038563263286608743
4868,-0.2727724000992801,0.0983758790691597,0.02764765239421,238,4,7,1,28,0.0038455970181802803
4869,-0.0170549232351168,0.0887601889918187,0.0402656940602921,238,9,6,2,24,0.002447719255977075
4870,0.1473956671276105,0.0618603627094787,0.0059721071590032,238,12,4,0,46,0.003005418736203267
4871,-0.3932560365918519,0.1113900349009106,0.0079464088651486,238,2,9,0,92,0.0036402965216667748
4872,-0.2660355281353047,0.1006563298368991,0.0034743801971098,238,4,8,0,91,0.004483419991872029
4873,-0.0227989930149274,0.0834752071048639,0.0033320573756303,238,9,6,0,67,0.003528788865454604
4874,-0.234336772683757,0.1241233904476455,0.0941132526797392,238,5,10,6,10,0.000633513591100095
4875,-0.0246427684998049,0.0753972119748466,0.0153016635816926,238,9,5,0,128,0.00475484797010613
4876,0.2394426124880331,0.0434488289148011,0.0017469921443818,238,14,2,0,63,0.001936958343928828
4877,0.3644647732510725,0.1155880897532601,0.1579965400677196,238,17,9,10,1,8.008546485187734e-05
4878,-0.3356025954685671,0.1180580651627303,0.0127017601269609,238,3,9,0,69,0.003704547569987754
4879,0.2323511683154274,0.0498050783430399,0.0056273661134992,238,14,2,0,63,0.001936958343928828
4880,-0.2643335815338793,0.0879714219939783,0.0062194233794463,238,4,6,0,60,0.003468743098616289
4881,0.3289366379463177,0.0457155733300331,0.0236804298872137,238,16,2,1,18,0.0010750831663844517
4882,-0.3929014643832216,0.1209347236481739,0.0071840899671395,238,2,10,0,64,0.0027862606231091225
4883,-0.0633620536822323,0.064006577571907,0.0215974427660796,238,8,4,1,19,0.0029757617683365627
4884,-0.4395631670389675,0.1294537022045574,0.0033546616967935,238,1,11,0,44,0.0016412330933814783
4885,-0.2835513952416409,0.1108231939399811,0.000940931603555,238,4,9,0,63,0.0032442879918447966
4886,-0.0658440591426443,0.0685761143317729,0.0127332887675452,238,8,4,0,68,0.003645851648012564
4887,-0.3212069637981775,0.1048529251657318,0.0539470077148619,238,3,8,3,10,0.0009970606512748586
4888,-0.0680424068361521,0.0898434437623086,0.0391131853863602,238,8,6,2,25,0.0025738901815202356
4889,-0.0202460731127894,0.0919389683554153,0.0830676156644521,238,9,7,5,11,0.0008999656682911266
4890,-0.1278232812112186,0.0998210335923274,0.0712353378011575,238,7,7,4,14,0.001160727511064103
4891,-0.0504556252880899,0.070876371637447,0.0132108671606645,238,9,5,0,128,0.00475484797010613
4892,0.1320781477147821,0.0547265808819564,0.013719547235317,238,12,3,0,112,0.0033545247846789965
4893,0.0309541538134241,0.0765186941302017,0.0016113773659374,238,10,5,0,75,0.003855261700858351
4894,-0.2428465056908839,0.1116629560775415,0.0530155052927936,238,5,9,3,11,0.0012722922549661209
4895,0.1883133000035457,0.0836253151094112,0.0592367639965259,238,13,6,3,5,0.0008534856354373841
4896,0.0109562812466758,0.0743947786920774,0.0239579132280945,238,10,5,1,35,0.003681177079075407
4897,-0.3111371130730773,0.1161325307072288,0.0018191450155136,238,3,9,0,69,0.003704547569987754
4898,-0.0485409353614863,0.127709613913953,0.1164324490345139,238,9,10,7,8,0.0006540394776902086
4899,0.0716590433641811,0.068219283054068,0.062620825768532,238,11,4,4,3,0.0005121658075716661
4900,-0.0218771052724887,0.0712762678049881,0.0018012830974755,238,9,5,0,128,0.00475484797010613
4901,0.2997908023969081,0.0949667196305548,0.1136654680487177,238,16,7,7,3,0.00026295797395732947
4902,-0.1856894656596815,0.0949260590602581,0.000631248593862,238,6,7,0,96,0.004713885748433999
4903,-0.3329078466829769,0.1437918442129882,0.0509876818054951,238,3,12,3,6,0.000405900825063986
4904,-0.1979576640782895,0.0776154983521896,0.0501174608637066,238,6,5,3,2,0.0006127305846040711
4905,-0.4100627592809275,0.0964453544277107,0.0018711991288248,238,1,7,0,16,0.001358025859596965
4906,-0.3375881998368967,0.1140643483963119,0.001045044270582,238,3,9,0,69,0.003704547569987754
4907,0.2013615572811402,0.0515570226194183,0.0095043355420675,238,14,3,0,25,0.0018030019399556335
4908,0.403254972875226,0.0807993939162167,0.0982844997172013,238,18,6,6,1,0.00010422917929012433
4909,-0.0430805233485799,0.0912580466650072,0.0026526392670303,238,9,7,0,7,0.0018091093679902578
4910,-0.0381165124277559,0.1006379573763495,0.0556896617428188,238,9,8,3,7,0.0009415404020712165
4911,-0.1527142502570648,0.0789849534011881,0.0240854665551217,238,7,5,1,35,0.003768331523905521
4912,0.27007765131369,0.1080423406081202,0.1296119056146806,238,15,8,8,6,0.00030640106925529603
4913,-0.2998617168386341,0.1496799113316592,0.1228765869533235,238,4,13,8,1,0.00012093743274903856
4914,-0.3162429528773534,0.0923603948939181,0.0263502019468987,238,3,7,1,24,0.003043892917955284
4915,0.1068326064603056,0.0989551839162346,0.1062028195888101,238,12,7,6,11,0.0007591427528610176
4916,-0.1794489947877885,0.0905580390484673,0.0047428707111275,238,6,7,0,96,0.004713885748433999
4917,0.2779491543452824,0.0493310285250833,0.0273867015440244,238,15,2,1,18,0.00142560135977588
4918,-0.3668049498280324,0.1063920055734339,0.0025264270815062,238,2,8,0,89,0.003550440087193625
4919,0.03336524483211,0.0812396087964933,0.0416746884614966,238,10,6,2,24,0.0021178534085580414
4920,0.1145622806084459,0.0585324557834768,0.0084602148874412,238,12,3,0,112,0.0033545247846789965
4921,-0.108534553061731,0.0957132907444952,0.0287528072914028,238,7,7,1,42,0.0036960149974717034
4922,-0.0081197035776335,0.0984173182504969,0.0502011182375937,238,9,7,3,16,0.0014739189266975681
4923,-0.3274474346700705,0.0967273047398716,0.009851031905,238,3,7,0,83,0.0037735571101525844
4924,-0.3409211785980214,0.122120983431767,0.0019908296544452,238,3,10,0,24,0.002332232535430932
4925,-0.160373009963479,0.1347643705202825,0.153920840142968,238,6,11,10,4,0.00020015453098836327
4926,-0.0282594050278339,0.0954345425268484,0.0444187856265054,238,9,7,2,11,0.0016985259845621217
4927,-0.1610821543807396,0.1529972514676284,0.1451121659870532,238,6,13,9,1,0.00018607883679058737
4928,-0.1693791440626883,0.0835387908569773,0.0272367992352015,238,6,6,1,30,0.004217975956735463
4929,0.0252100840336134,0.0478873269167319,0.0135270604667809,238,10,2,0,8,0.001419379660470872
4930,-0.0164876077013083,0.0694848284807907,0.0068057926227473,238,9,4,0,110,0.004292388740450521
4931,-0.0326561004148494,0.0838560735244073,0.0431399031483837,238,9,6,2,24,0.002447719255977075
4932,0.0048576392582349,0.0818113521008754,0.0284457041871445,238,10,6,1,19,0.0024793188556417934
4933,0.2632698649079885,0.0347295135151531,0.0235118207941939,238,15,1,1,5,0.0010291882921139705
4934,-0.1300925433464524,0.075860541814052,0.043255470649685,238,7,5,2,14,0.0019215935290123082
4935,-0.1966102896854944,0.0962257510836841,0.0021648561639703,238,6,7,0,96,0.004713885748433999
4936,-0.2656809559266744,0.0820688018969449,0.0098677544562411,238,4,6,0,60,0.003468743098616289
4937,0.0495337375456511,0.0807456209192844,0.0310161348949554,238,11,6,2,17,0.001619547454591884
4938,-0.1544161968584902,0.1074352402693802,0.0564134551497505,238,6,8,3,17,0.0015567601468503074
4939,0.2616388327482891,0.0586828508350154,0.0343604425573964,238,15,3,2,24,0.0010910017256819872
4940,0.1025068255150161,0.1387018190611913,0.1383758318392529,238,12,11,9,3,0.00028608796961256767
4941,0.1261922490515193,0.0751004099666799,0.0350946353996481,238,12,5,2,36,0.001907366235161121
4942,0.2864588873524092,0.0385458710915476,0.0075611837814402,238,15,1,0,37,0.0012568719412054995
4943,0.2475977732865297,0.0481708858718357,0.0074226397442238,238,14,2,0,63,0.001936958343928828
4944,0.0379037691025777,0.0674194685291922,0.026317710808894,238,10,4,1,35,0.00376178763264307
4945,0.002517462681275,0.0629406004486398,0.0062542511743579,238,10,4,0,104,0.004355003298635465
4946,-0.3026982945076764,0.1120325252608118,0.0039811917019065,238,4,9,0,63,0.0032442879918447966
4947,-0.0903804559798602,0.0652866088404367,0.0195459799265367,238,8,4,1,19,0.0029757617683365627
4948,-0.3029110378328546,0.1293993525875308,0.0438408634355205,238,4,11,2,6,0.0007756277380663139
4949,0.0054249547920433,0.1398615087433015,0.1724479552396588,238,10,12,11,4,0.000313596035736237
4950,-0.404531432826295,0.1146425911935194,0.0277514614348461,238,2,9,1,29,0.003099733513643377
4951,0.2021416161401269,0.09501366944217,0.1101188292376576,238,14,7,7,7,0.0003898449111663476
4952,-0.1415806829060738,0.094048433529166,0.0010313879102792,238,7,7,0,75,0.003922112144946418
4953,0.0683260646030564,0.0573254792932848,0.0024383925929985,238,11,3,0,87,0.0035031944625956886
4954,-0.1051306598588802,0.0802279945871824,0.0299419615745294,238,7,5,1,35,0.003768331523905521
4955,-0.104917916533702,0.0793626700502265,0.0078267129157533,238,7,5,0,86,0.004462857898018962
4956,-0.2950395348012622,0.1087931388974007,0.0011205270463684,238,4,8,0,91,0.004483419991872029
4957,0.1902989043718753,0.1060077456292215,0.1320228119623704,238,13,8,8,6,0.00034439506152093716
4958,-0.1718611495231003,0.1044862445703232,0.04905416585272,238,6,8,3,17,0.0015567601468503074
4959,0.2692266780129773,0.0667744316875849,0.0638221036694226,238,15,4,4,9,0.0006083114687464467
4960,-0.1571818600858064,0.1171438102731741,0.105479852339134,238,6,9,6,15,0.0008086379587624537
4961,-0.0075523880438251,0.1144462864506718,0.0907339249001868,238,9,9,5,7,0.0006960179984989442
4962,-0.4286423430131545,0.1411761874638339,0.003568164136504,238,1,12,0,17,0.000821500086197717
4963,-0.118462574903379,0.0977666477065263,0.0033751131586543,238,7,7,0,75,0.003922112144946418
4964,-0.1071162642272098,0.0845839568119535,0.0020190993368648,238,7,6,0,105,0.004915439800339099
4965,-0.1774633904194589,0.0893955813970661,0.0128772457164061,238,6,6,0,123,0.0049806266057812725
4966,-0.1100946707797042,0.0787365676918305,0.0004247203134503,238,7,5,0,86,0.004462857898018962
4967,-0.2807148175725986,0.0936337759459974,0.0134633673050171,238,4,7,0,120,0.004630464276693427
4968,-0.2293018473212069,0.0891539201275494,0.0039791473522837,238,5,6,0,104,0.004457874728275953
4969,-0.3251072580931106,0.0868459028897668,0.0036943332037566,238,3,6,0,36,0.0023601621856203458
4970,-0.3952416409601815,0.1065466623593288,0.0017717967750123,238,2,8,0,89,0.003550440087193625
4971,-0.2624898060490018,0.1127141247240309,0.0100979183850105,238,4,9,0,63,0.0032442879918447966
4972,-0.013651030032266,0.0940395744138968,0.0506240905440722,238,9,7,3,16,0.0014739189266975681
4973,-0.3005708612558947,0.1176797980185471,0.0243016256428404,238,4,9,1,33,0.00306687553510888
4974,-0.1091727830372655,0.082456326400969,0.0046919725599008,238,7,6,0,105,0.004915439800339099
4975,0.0412367478637024,0.0524136240998834,0.0049932761986693,238,10,3,0,83,0.003204714279147116
4976,0.072793674431798,0.2170922519408009,0.3044417492524905,238,11,19,19,2,2.2172401597928893e-05
4977,-0.2870971173279438,0.1155998990088948,0.0087604684771117,238,4,9,0,63,0.0032442879918447966
4978,0.0646385136333014,0.073626607245897,0.0286743968135725,238,11,5,1,13,0.002822196505883785
4979,0.3072368187781441,0.0669396047247664,0.0553709863662814,238,16,4,3,14,0.0006512937333475906
4980,-0.177676133744637,0.1575644837069765,0.1874087180136561,238,6,13,12,2,0.00013804038064104936
4981,-0.1052724887423323,0.0926458189500964,0.0473766145009125,238,7,7,3,28,0.0017006627136119561
4982,0.3070949898946919,0.0479999059471307,0.0296415500796267,238,16,2,1,18,0.0010750831663844517
4983,0.3421976385490904,0.0413364255978452,0.0136060713292594,238,16,1,0,44,0.0011029673443555539
4984,-0.3073077332198701,0.1064699213157421,0.054777426112263,238,3,8,3,10,0.0009970606512748586
4985,-0.3475871361202708,0.0958700100473621,0.0017442605536727,238,3,7,0,83,0.0037735571101525844
4986,-0.3955252987270857,0.0982660717350184,0.0039604613234579,238,2,7,0,52,0.002597604187038845
4987,0.2858206573768748,0.0498787898375921,0.0281394123477229,238,15,2,1,18,0.00142560135977588
4988,-0.2833386519164627,0.1002578901540906,0.008259686220569,238,4,8,0,91,0.004483419991872029
4989,-0.3803496081977094,0.1147258653464941,0.0201744907823518,238,2,9,1,29,0.003099733513643377
4990,0.0466262454348828,0.1239500338622313,0.1454646983000386,238,10,10,9,5,0.00042140266179032233
4991,-0.0252809984753394,0.0625085663201271,0.0183600687201822,238,9,4,1,19,0.003555003348932449
4992,0.1927809098322873,0.1321796349610628,0.1454765893618924,238,13,11,9,1,0.00019910263967207745
4993,0.22816721625359,0.0467021250814022,0.0018742033146617,238,14,2,0,63,0.001936958343928828
4994,0.225685210793178,0.0424078920575764,0.0089598569808691,238,14,2,0,63,0.001936958343928828
4995,-0.2348331737758394,0.0945541616027146,0.0052334507015655,238,5,7,0,118,0.004976576343704583
4996,-0.4470091834202034,0.1161534804230319,0.0087979121070977,238,1,9,0,77,0.0026736108853416024
4997,-0.3199305038471084,0.1126380024182532,0.0266849238884472,238,3,9,1,37,0.003326167945494541
4998,0.1979576640782895,0.0541434235762601,0.0237397812969981,238,13,3,1,35,0.0025669641651229784
4999,-0.1060525476013189,0.0934170816778064,0.0021425780068731,238,7,7,0,75,0.003922112144946418
5000,-0.1080381519696486,0.0745289216814715,0.0049237900653965,238,7,5,0,86,0.004462857898018962
5001,0.1312271744140694,0.0642040003320446,0.0193068651306443,238,12,4,1,39,0.0030492137784899846
5002,0.0231535652235577,0.0762678255214673,0.0382345086147662,238,10,5,2,36,0.0025029702124330115
5003,0.3148246640428322,0.1295789771388889,0.1553332355309117,238,16,11,10,1,7.941468803039677e-05
5004,-0.1150586817005282,0.0888764260558841,0.0434196332745978,238,7,6,2,17,0.002531552152626628
5005,-0.1815055135978441,0.1041720889221262,0.0171875706775431,238,6,8,1,25,0.003122502696240139
5006,0.1345601531751941,0.0609107529130063,0.0070819206952733,238,12,3,0,112,0.0033545247846789965
5007,-0.0305286671630677,0.0867759077117607,0.0374913193506047,238,9,6,2,24,0.002447719255977075
5008,-0.3676559231287451,0.1237332167205547,0.0073175151914711,238,2,10,0,64,0.0027862606231091225
5009,0.0583980427614083,0.0851363374560407,0.0465181875602753,238,11,6,3,17,0.0015177436956017969
5010,-0.2943303903840016,0.0765627775129492,0.0072614854325033,238,4,5,0,26,0.0018323270165334974
5011,0.0850618728504059,0.057449914420274,0.0151163691691752,238,11,3,0,87,0.0035031944625956886
5012,-0.1783852781618976,0.0814532000451761,0.007872366824754,238,6,6,0,123,0.0049806266057812725
5013,-0.0270538595184909,0.065712966751446,0.0071295024378784,238,9,4,0,110,0.004292388740450521
5014,-0.2048363649257171,0.0740176404450836,0.0101374554318068,238,5,5,0,48,0.002829270609622204
5015,-0.3892848278551926,0.0806128621684784,0.0051978081242359,238,2,6,0,18,0.0013709358574978201
5016,-0.2889408928128213,0.1244645853052484,0.1066297667586227,238,4,10,6,6,0.0004982559750678727
5017,-0.3335460766585114,0.1497209860237105,0.0952537827764525,238,3,13,6,1,6.709845487756607e-05
5018,0.143140800624047,0.0523415268033588,0.0053949527693173,238,12,3,0,112,0.0033545247846789965
5019,0.181363684714392,0.0521163974858711,0.0056565241669752,238,13,3,0,68,0.0026935169555837167
5020,0.0449242988334574,0.1145434376440633,0.0964546964457319,238,10,9,6,13,0.0007544960516155897
5021,-0.03336524483211,0.0560935820072035,0.0189293500859904,238,9,3,1,7,0.0019758015093679832
5022,0.0659858880260965,0.0568844706614613,0.0034072396467177,238,11,3,0,87,0.0035031944625956886
5023,-0.1544871113002162,0.1438957713272411,0.1377844715235831,238,6,12,9,6,0.0003089775727796795
5024,-0.0551359784420097,0.1219255813698864,0.1159069552124357,238,8,10,7,10,0.0007142533272646659
5025,0.0028011204481792,0.0978155301744785,0.0696656851435995,238,10,7,4,19,0.0012049551147970568
5026,0.1505868170052831,0.0605269540035342,0.0273912458541035,238,13,3,1,35,0.0025669641651229784
5027,0.2217140020565187,0.0437508274566479,0.0057559985126431,238,14,2,0,63,0.001936958343928828
5028,-0.4128993369499698,0.1259241045465168,0.0404644314906769,238,1,10,2,6,0.001091508300587039
5029,-0.188738786653902,0.0876165030548209,0.0413286801456297,238,6,6,2,15,0.0022845815446225454
5030,-0.0754884232173882,0.0818727089667161,0.0064986126794607,238,8,6,0,87,0.004426521123504939
5031,-0.2378115803283338,0.0717275089503095,0.0370072055953657,238,5,5,2,1,0.001010577137353658
5032,-0.2379534092117859,0.1087106138170856,0.0189719791648167,238,5,8,1,31,0.003710872647041985
5033,-0.1599475233131227,0.0774085323789523,0.0153115622470624,238,6,5,0,87,0.0037737578394178533
5034,-0.0891749104705173,0.1023866506571038,0.0320770380293898,238,8,8,2,11,0.0013249138978104157
5035,-0.3107116264227209,0.1106204183077032,0.007315092617111,238,3,9,0,69,0.003704547569987754
5036,0.0388256568450164,0.0581683209806142,0.0084508146896013,238,10,3,0,83,0.003204714279147116
5037,-0.0359890791759741,0.1009580837983323,0.0421686433063443,238,9,8,2,5,0.0008888258895714794
5038,-0.328014750203879,0.1159497466029459,0.0023517970103183,238,3,9,0,69,0.003704547569987754
5039,-0.0374782824522213,0.0911639749146142,0.037354819470698,238,9,7,2,11,0.0016985259845621217
5040,-0.247881431053434,0.1137951748538545,0.0498913327792684,238,5,9,3,11,0.0012722922549661209
5041,-0.1583874055951494,0.0846346329409733,0.0034125232648677,238,6,6,0,123,0.0049806266057812725
5042,-0.0561996950679005,0.1322264906475758,0.1247562474800142,238,8,11,8,16,0.0005696293568104668
5043,-0.4143176257844909,0.1129467840034489,0.0012815878245669,238,1,9,0,77,0.0026736108853416024
5044,-0.0050703825834131,0.0833438671513285,0.0380678323919093,238,9,6,2,24,0.002447719255977075
5045,-0.0479736198276779,0.0828023347365207,0.0145647639037686,238,9,6,0,67,0.003528788865454604
5046,0.125837676842889,0.0770078977790557,0.0200465476890186,238,12,5,1,16,0.0020170201009321654
5047,-0.1216537247810516,0.0963729648929684,0.0226815364126143,238,7,7,1,42,0.0036960149974717034
5048,-0.3407084352728433,0.1095712851705097,0.004504200146764,238,3,8,0,100,0.004333383064151017
5049,0.0372655391270432,0.0659331370155306,0.0077234770325736,238,10,4,0,104,0.004355003298635465
5050,0.060454561571464,0.0727706476551033,0.0020880822934033,238,11,5,0,31,0.0026768986373174324
5051,-0.0718008722476332,0.0821596192453888,0.0016054714459122,238,8,6,0,87,0.004426521123504939
5052,-0.305889444385349,0.1221047707361811,0.0227304990127518,238,3,10,1,18,0.0022729880349347505
5053,-0.0596035882707513,0.1908464094584611,0.2561021142119196,238,8,17,16,2,4.950082147101627e-05
5054,0.0692479523454951,0.0687324325882345,0.0359768145936727,238,11,4,2,22,0.0021938763198335637
5055,-0.4275077119455376,0.1097589883140632,0.0169766758082236,238,1,8,1,9,0.0017457061791263356
5056,-0.3647484310179767,0.0802888004143691,0.0129043408872398,238,2,5,0,1,0.0004959462437385548
5057,-0.1956884019430556,0.1176128468291861,0.1128150300400384,238,6,9,7,6,0.000576488175884314
5058,0.0177640676523774,0.0678609824236294,0.031749009314785,238,10,4,2,18,0.0020621544372435682
5059,-0.2979470269120306,0.1015539729153139,0.002107633204317,238,4,8,0,91,0.004483419991872029
5060,0.0449242988334574,0.0733900694229136,0.0117897933225857,238,10,5,0,75,0.003855261700858351
5061,-0.2902882672056164,0.0799346049044379,0.0052550608518272,238,4,5,0,26,0.0018323270165334974
5062,-0.1335673509910293,0.1003842255113253,0.0228740851906478,238,7,8,1,13,0.0023238306258716386
5063,-0.1520051058398042,0.0947316449559503,0.0138697319642353,238,7,7,0,75,0.003922112144946418
5064,-0.3012090912314292,0.0930587494587526,0.0741060353689699,238,4,7,4,4,0.0005197356720123799
5065,0.1084636386200049,0.0633771128776381,0.0030661083858247,238,12,4,0,46,0.003005418736203267
5066,-0.1254831046342587,0.1238602508671727,0.0840178980178437,238,7,10,5,3,0.0006272476007621611
5067,0.1562599723433677,0.0996211169330606,0.0951027224582623,238,13,7,6,10,0.0006279537371180559
5068,-0.0374073680104953,0.0801404123783739,0.0666356400057588,238,9,5,4,2,0.000646226027477602
5069,0.2399390135801155,0.0594296908873307,0.0477490751706258,238,14,3,3,6,0.0007676776020171537
5070,-0.460057440697798,0.1380070946054962,0.0280373157780545,238,0,11,1,5,0.0008677164775862558
5071,-0.3763783994610502,0.1040489663391037,0.0009248959759697,238,2,8,0,89,0.003550440087193625
5072,-0.3056057866184448,0.134040676000385,0.036836147930142,238,3,11,2,9,0.0009388176885971226
5073,-0.197319434102755,0.1553621808890321,0.1814652674891423,238,6,13,11,3,0.00017514447451670242
5074,-0.3309222423146473,0.1175187165355703,0.001856091046688,238,3,9,0,69,0.003704547569987754
5075,0.2001560117717973,0.1076322745443245,0.1248179116213192,238,14,8,8,11,0.00034641907018767093
5076,-0.1932063964826436,0.1596766970712198,0.1872222413491345,238,6,14,12,3,0.00015036304955714242
5077,0.1359784420097152,0.0820285390862901,0.0658481387355771,238,12,6,4,12,0.0010868341343686872
5078,-0.2434847356664184,0.135920625480883,0.1116320638138074,238,5,11,7,6,0.0004486655610610588
5079,-0.0238627096408183,0.0720000910281669,0.0006222557660232,238,9,5,0,128,0.00475484797010613
5080,-0.2653972981597702,0.0961003009946258,0.0010166088521668,238,4,7,0,120,0.004630464276693427
5081,-0.3904903733645356,0.1085988052143694,0.0054305416542583,238,2,8,0,89,0.003550440087193625
5082,0.1353402120341807,0.0586418296585518,0.0048743082563306,238,12,3,0,112,0.0033545247846789965
5083,0.1052724887423323,0.1263374658148081,0.1473347696621605,238,12,10,9,4,0.000336488520809081
5084,-0.3499982271389568,0.1159842902006108,0.0618061743785995,238,3,9,4,9,0.0007424086181865663
5085,0.0019501471474665,0.065968479395966,0.0039722730279454,238,10,4,0,104,0.004355003298635465
5086,-0.0119490834308406,0.076837155737404,0.0568931147849824,238,9,5,3,7,0.0013491537670559449
5087,-0.1839875190582561,0.1290631191538511,0.1266609841470027,238,6,10,8,9,0.00046411248093209724
5088,-0.2524908697656277,0.0980328991552526,0.0016741156023986,238,5,7,0,118,0.004976576343704583
5089,-0.2568166507109172,0.1224136587348014,0.0620038411746608,238,4,10,4,10,0.0007531324760669358
5090,0.0218061908307626,0.0639317998792069,0.0214645946712052,238,10,4,1,35,0.00376178763264307
5091,-0.2461085700102825,0.1099885902592151,0.0011097991870422,238,5,9,0,34,0.002548715097143437
5092,-0.3888593412048363,0.10117570882009,0.0062843766266148,238,2,8,0,89,0.003550440087193625
5093,0.0464135021097046,0.0700561731464935,0.0027417785057821,238,10,4,0,104,0.004355003298635465
5094,-0.2656100414849484,0.0782540428720751,0.0131476960992667,238,4,5,0,26,0.0018323270165334974
5095,-0.0652058291671098,0.0759714102083381,0.0103914018269498,238,8,5,0,118,0.004884276702473828
5096,-0.2039853916250044,0.0903746023663517,0.0026551120305868,238,5,7,0,118,0.004976576343704583
5097,0.2308619650391801,0.0595965956241763,0.0490359324932458,238,14,3,3,6,0.0007676776020171537
5098,0.1185334893451051,0.0559986050573391,0.0034949314879245,238,12,3,0,112,0.0033545247846789965
5099,-0.177605219302911,0.0800318364058612,0.0040128050526668,238,6,5,0,87,0.0037737578394178533
5100,0.2968833102861397,0.0335247628124321,0.0069793256172095,238,15,1,0,37,0.0012568719412054995
5101,0.1686699996454277,0.0548735538057483,0.0277777439491407,238,13,3,1,35,0.0025669641651229784
5102,-0.034641704783179,0.0830304144161137,0.0091857093964754,238,9,6,0,67,0.003528788865454604
5103,-0.2918483849235896,0.0866943223019037,0.0048331397693302,238,4,6,0,60,0.003468743098616289
5104,-0.0681842357196042,0.0694933013424393,0.0049136895708132,238,8,4,0,68,0.003645851648012564
5105,0.0316632982306846,0.1031720792638545,0.0786642360522723,238,10,8,5,11,0.0009142347313185025
5106,-0.1889515299790802,0.0945900615420887,0.0216589650700963,238,6,7,1,34,0.0042053397344584634
5107,-0.1833492890827216,0.0783246761243297,0.002640180486826,238,6,5,0,87,0.0037737578394178533
5108,-0.3042584122256497,0.104552040840209,0.0014680431053925,238,4,8,0,91,0.004483419991872029
5109,-0.1059816331595929,0.100832967017198,0.0614169561529192,238,7,8,4,14,0.0012485724446440057
5110,-0.2934085026415629,0.1104803967284265,0.0302414018270942,238,4,9,1,33,0.00306687553510888
5111,-0.4270113108534553,0.1107633229740272,0.0007879490738445,238,1,9,0,77,0.0026736108853416024
5112,-0.4462291245612168,0.1161008431900364,0.0056229314004582,238,1,9,0,77,0.0026736108853416024
5113,0.3332624188916072,0.0667959472135208,0.0556694895989624,238,16,4,3,14,0.0006512937333475906
5114,-0.1832074601992695,0.0767154000933852,0.0118759898649253,238,6,5,0,87,0.0037737578394178533
5115,-0.2161826756018862,0.0938837004814175,0.0013350784853442,238,5,7,0,118,0.004976576343704583
5116,-0.2092330603127326,0.0765896150875095,0.0052028876682403,238,5,5,0,48,0.002829270609622204
5117,0.0040066659575222,0.0489426105619747,0.0092647785665212,238,10,2,0,8,0.001419379660470872
5118,-0.1304471155550827,0.0899407073143881,0.0420650807773026,238,7,6,2,17,0.002531552152626628
5119,-0.2846860263092578,0.0827339830037769,0.0068764956505171,238,4,6,0,60,0.003468743098616289
5120,-0.0146438322164308,0.1033981795762222,0.0425148867640362,238,9,8,2,5,0.0008888258895714794
5121,-0.1142077083998156,0.0945885020148587,0.0016664153549994,238,7,7,0,75,0.003922112144946418
5122,-0.320710562706095,0.1114771568614698,0.0095101765502176,238,3,9,0,69,0.003704547569987754
5123,-0.1617203843562741,0.0950970358020502,0.0060898683757898,238,6,7,0,96,0.004713885748433999
5124,-0.3623373399992908,0.1140716374733824,0.0092676733150735,238,2,9,0,92,0.0036402965216667748
5125,-0.2653972981597702,0.1046752726317271,0.001281945026242,238,4,8,0,91,0.004483419991872029
5126,-0.3356735099102931,0.1026229594821006,0.0173509553919256,238,3,8,1,24,0.003650412738886289
5127,-0.1986668084955501,0.0927260417779713,0.0055938678570869,238,6,7,0,96,0.004713885748433999
5128,-0.2644754104173314,0.1281884934228994,0.0892950689076719,238,4,10,5,8,0.0005927037930509305
5129,-0.3052512144098145,0.1200452902297319,0.0182561276974903,238,3,10,1,18,0.0022729880349347505
5130,0.307165904336418,0.0572470665209926,0.0450080436327198,238,16,3,2,22,0.0008277185805572241
5131,0.1094564408041697,0.0651012115945327,0.0058164949472634,238,12,4,0,46,0.003005418736203267
5132,0.0837144984576108,0.1023478263901942,0.0837007571375389,238,11,8,5,12,0.0008198512207264593
5133,0.1527851646987909,0.070817823897821,0.0278114620814907,238,13,4,1,27,0.002211503016508247
5134,-0.1076126653192922,0.1277705557191162,0.136572006957187,238,7,10,8,8,0.0005563586716044574
5135,-0.2929830159912066,0.1096815928818423,0.0161913135849151,238,4,8,1,31,0.003922345351422437
5136,0.0445697266248271,0.088013554477627,0.062589653334067,238,10,6,4,15,0.0012094322560504275
5137,0.0476899620607736,0.0682545846235316,0.0048566639620644,238,11,4,0,96,0.0038563263286608743
5138,0.0379746835443037,0.0750375713473081,0.0119312191935075,238,10,5,0,75,0.003855261700858351
5139,-0.0140765166826224,0.1187833799194588,0.0971937788740999,238,9,9,6,7,0.0007918383888093588
5140,-0.3078750487536786,0.1042864405177097,0.0034176044388611,238,3,8,0,100,0.004333383064151017
5141,-0.2002978406552494,0.1284702016439056,0.1263687389033854,238,6,10,8,9,0.00046411248093209724
5142,-0.0832890118072545,0.0639042677930731,0.0170915273837703,238,8,4,1,19,0.0029757617683365627
5143,-0.1444172605751161,0.1139528272776552,0.1054701926798117,238,7,9,6,13,0.0008976724089664401
5144,-0.0808070063468425,0.1019519710649839,0.0369790665642724,238,8,8,2,11,0.0013249138978104157
5145,0.3001453746055383,0.0586934477419616,0.0384391444321912,238,16,3,2,22,0.0008277185805572241
5146,0.0531503740736801,0.0758063203051418,0.0235391406811109,238,11,5,1,13,0.002822196505883785
5147,-0.1818600858064744,0.1115563719832682,0.0861618298235343,238,6,9,5,14,0.0009713154263924001
5148,-0.1933482253660957,0.0871746119733766,0.0014670459829448,238,6,6,0,123,0.0049806266057812725
5149,-0.3456015317519412,0.1020748040723286,0.0543781533920037,238,3,8,3,10,0.0009970606512748586
5150,-0.0944225791582455,0.0783137932138964,0.0607179454628383,238,8,5,3,8,0.0010831394703888387
5151,0.3234762259334112,0.1106809405956321,0.1444321939290451,238,16,9,9,6,0.00016151987207929988
5152,0.0903095415381342,0.0736739211636323,0.0510245949206815,238,11,5,3,16,0.0015976535184731248
5153,-0.1014431088891252,0.0974451682941845,0.006785104797204,238,8,7,0,32,0.002863781975607201
5154,-0.3476580505619969,0.1412565143251763,0.0493623816351829,238,3,12,3,6,0.000405900825063986
5155,-0.3536148636669857,0.1089979551708752,0.0134081945587347,238,3,8,0,100,0.004333383064151017
5156,-0.0878275360777222,0.0886262282136286,0.0598507103251354,238,8,6,3,16,0.001552115822956393
5157,-0.2042690493919086,0.0837005442405223,0.0090036349766047,238,5,6,0,104,0.004457874728275953
5158,-0.1863276956352161,0.1247668792526512,0.0374374532804478,238,6,10,2,6,0.0007592792066818362
5159,-0.255256532992944,0.1096940112782431,0.0091825896176307,238,4,8,0,91,0.004483419991872029
5160,-0.3680104953373754,0.0910423190377629,0.0079436572661566,238,2,7,0,52,0.002597604187038845
5161,-0.2632698649079885,0.1152859058890138,0.0712792072147146,238,4,9,4,13,0.000926153521380232
5162,0.0971173279438357,0.1006060290051742,0.1044901063673532,238,11,8,6,14,0.0008546697678377422
5163,0.1356238698010849,0.0551369126949519,0.0124774737898636,238,12,3,0,112,0.0033545247846789965
5164,-0.2482360032620643,0.1177958756212662,0.0972495201389699,238,5,9,6,5,0.0006209972663978852
5165,0.4506967343899584,0.0479553702382414,0.044633640476885,238,19,2,2,3,0.00012602649749818984
5166,0.075346594333936,0.0704703352330636,0.0092650063498853,238,11,4,0,96,0.0038563263286608743
5167,0.1442045172499379,0.0618651285153597,0.0311775221026575,238,12,4,2,30,0.0021432616240922957
5168,-0.3819806403574087,0.1154405952531425,0.0137476670241429,238,2,9,0,92,0.0036402965216667748
5169,-0.0034393504237137,0.0695642470562818,0.0304210325543269,238,9,4,1,19,0.003555003348932449
5170,-0.0920824025812856,0.1458007993423864,0.1554912752609758,238,8,12,10,6,0.00034424055238717175
5171,0.0189696131617203,0.0735796430169018,0.0011106235625146,238,10,5,0,75,0.003855261700858351
5172,-0.037052795801865,0.0684396418294636,0.0043613380013991,238,9,4,0,110,0.004292388740450521
5173,-0.0949189802503279,0.0883299490233393,0.0639238314399467,238,8,6,4,7,0.000892123422850631
5174,-0.0270538595184909,0.0721067748066737,0.0134335751233092,238,9,5,0,128,0.00475484797010613
5175,-0.1680317696698932,0.0950573787640826,0.027584723082416,238,6,7,1,34,0.0042053397344584634
5176,-0.334326135517498,0.1100086880881591,0.0013410833446781,238,3,9,0,69,0.003704547569987754
5177,-0.1041378576747154,0.083825689303327,0.0142334441290434,238,7,6,0,105,0.004915439800339099
5178,-0.2305783072722759,0.1744396477264447,0.1981552520081193,238,5,15,13,3,0.00010939307179713742
5179,0.2284508740204942,0.0512013955744919,0.0351160884428869,238,14,2,2,4,0.0009246418613257648
5180,-0.1412970251391695,0.1613701639341294,0.1971628779498044,238,7,14,12,3,0.00015714101572722106
5181,-0.2461085700102825,0.1078036673150225,0.0172423231331393,238,5,8,1,31,0.003710872647041985
5182,0.1105910718717866,0.0593448803597372,0.0235393527205025,238,12,3,1,38,0.0029775459777509877
5183,-0.0462716732262525,0.086052330880762,0.0199080672666022,238,9,6,1,35,0.003457223377569426
5184,-0.2406481579973761,0.0949717577518347,0.0083853790102352,238,5,7,0,118,0.004976576343704583
5185,-0.2805020742474204,0.1284493433685501,0.087390735212578,238,4,10,5,8,0.0005927037930509305
5186,-0.2088784881041023,0.0954538669458065,0.0045425983978539,238,5,7,0,118,0.004976576343704583
5187,0.0035102648654398,0.0842202928000636,0.0533395348391209,238,10,6,3,31,0.0017261073251220965
5188,-0.3560259546856716,0.1292131768687615,0.0311406415281247,238,2,10,2,11,0.001473134783876512
5189,0.2236286919831223,0.0753342000203066,0.0604343191754627,238,14,5,3,12,0.0009060017775838139
5190,-0.2414991312980888,0.0916074037465054,0.0120752798327277,238,5,7,0,118,0.004976576343704583
5191,-0.2330603127326879,0.077523060027571,0.0195646029959488,238,5,5,1,12,0.0022323785997296892
5192,-0.0832180973655284,0.1062608900060327,0.0715158207751509,238,8,8,4,10,0.0011267995437752609
5193,-0.3213487926816296,0.0916146575366221,0.0032530143881077,238,3,7,0,83,0.0037735571101525844
5194,0.426798567528277,0.0255791616593492,0.0069160564224717,238,18,0,0,15,0.0003567083730917672
5195,0.0287558061199163,0.0852838875443702,0.0427636587260496,238,10,6,2,24,0.0021178534085580414
5196,-0.1664716519519199,0.0985467425642957,0.0618321392907933,238,6,7,4,9,0.001004592582867325
5197,-0.3214906215650817,0.1466097370132541,0.0641454266332874,238,3,12,4,1,0.0002671453472160299
5198,-0.055561465092366,0.1292690750350629,0.1444633449945683,238,8,10,9,4,0.0003905418337075422
5199,-0.0170549232351168,0.1227432948876801,0.1218484725677369,238,9,10,7,8,0.0006540394776902086
5200,-0.2692266780129773,0.1126072442951931,0.0784209000697089,238,4,9,5,6,0.000665205753037138
5201,0.0294649505371768,0.0675800793584848,0.0021719032337318,238,10,4,0,104,0.004355003298635465
5202,0.0332943303903839,0.0956267932461896,0.0946731393689637,238,10,7,6,6,0.0006864075408236783
5203,-0.1244903024500939,0.1172763308576467,0.0174425247532654,238,7,9,1,1,0.001115334413092855
5204,0.0379037691025777,0.0827510904413194,0.0520001137011156,238,10,6,3,31,0.0017261073251220965
5205,-0.3173066695032443,0.1166358876107281,0.0497321163204835,238,3,9,3,16,0.0011554300265711247
5206,-0.2285217884622203,0.0904465228856504,0.0014073783922218,238,5,7,0,118,0.004976576343704583
5207,0.0618019359642591,0.071703009906875,0.0462814128374893,238,11,5,3,16,0.0015976535184731248
5208,-0.3697833563805268,0.1111750731217346,0.0053942340416763,238,2,9,0,92,0.0036402965216667748
5209,-0.3941779243342906,0.127292310716649,0.0968866004888726,238,2,10,6,3,0.00017059864238273608
5210,-0.0349962769918093,0.0706320034799106,0.0015203995926072,238,9,4,0,110,0.004292388740450521
5211,0.0935006914158068,0.0558978911363276,0.0116948635871552,238,11,3,0,87,0.0035031944625956886
5212,-0.1565436301102719,0.0832265228805168,0.0207318344359211,238,6,6,1,30,0.004217975956735463
5213,-0.2384498103038683,0.0999563691016339,0.057850051179324,238,5,7,3,14,0.0013318451260624542
5214,-0.1635641598411516,0.1267658646410898,0.0530606149932138,238,6,10,3,7,0.0006941012892413952
5215,-0.134418324291742,0.0829033256891998,0.0099467256675841,238,7,6,0,105,0.004915439800339099
5216,0.0350671914335354,0.0535067198671858,0.0103024514496504,238,10,3,0,83,0.003204714279147116
5217,-0.2449739389426656,0.0905128116900896,0.0188355873928353,238,5,7,1,30,0.0042669011761406455
5218,-0.1191717193206396,0.0777374837023745,0.0012535556676629,238,7,5,0,86,0.004462857898018962
5219,-0.2974506258199482,0.0924225440978552,0.0029908447048496,238,4,7,0,120,0.004630464276693427
5220,-0.0795305463957734,0.1006733242736041,0.0432236474393363,238,8,8,2,11,0.0013249138978104157
5221,-0.1267595645853277,0.0893258873685036,0.023468702339255,238,7,6,1,35,0.004354591136495643
5222,-0.4128284225082437,0.1184227809850052,0.0196749840680697,238,1,9,1,18,0.0021988824875441887
5223,0.0489664220118427,0.0675503732878212,0.0259753022966095,238,11,4,1,35,0.00355858256828443
5224,-0.3857391057688898,0.1095114163888674,0.0040794319109533,238,2,8,0,89,0.003550440087193625
5225,-0.2258270396766301,0.096741871639471,0.011018782390637,238,5,7,0,118,0.004976576343704583
5226,0.246746799985817,0.1033932224425585,0.1275974374094061,238,14,8,8,11,0.00034641907018767093
5227,-0.2732688011913625,0.1408262021033931,0.1095035587326657,238,4,12,7,2,0.0002237307540130981
5228,-0.2436265645498705,0.0891057983625968,0.0175142259586055,238,5,6,1,26,0.0036553501392859243
5229,-0.0182604687444598,0.0886193513933468,0.0612445728553108,238,9,6,4,6,0.0010591820298992368
5230,0.1273977945608623,0.1260683014430398,0.1470229417944396,238,12,10,9,4,0.000336488520809081
5231,0.453958798709357,0.0395910590219121,0.0216059718459359,238,19,1,1,3,0.00015661013839677086
5232,0.0659149735843704,0.125160146592005,0.1172519792341394,238,11,10,7,7,0.000510369007906226
5233,-0.2633407793497145,0.111594411901164,0.0563612863038571,238,4,9,3,9,0.0012847209871673672
5234,-0.1366166719852497,0.0839770540732682,0.0080157572583362,238,7,6,0,105,0.004915439800339099
5235,-0.0677587490692479,0.0712162276159474,0.016129851010351,238,8,5,1,45,0.004231983686421704
5236,-0.2606460305641243,0.0889062804223148,0.0034512090078718,238,4,6,0,60,0.003468743098616289
5237,-0.4080062404708718,0.128521187758917,0.0039912964053401,238,1,10,0,58,0.0024176974686684533
5238,0.0270538595184909,0.0516913019536826,0.0060470538990761,238,10,3,0,83,0.003204714279147116
5239,0.22816721625359,0.0644549267387685,0.0448722990084088,238,14,4,2,15,0.0012844812788815414
5240,-0.349076339396518,0.12865025732475,0.035547648364893,238,3,10,2,12,0.0015393917560890028
5241,0.1613658121476438,0.1439439956958232,0.16999141770012,238,13,12,11,2,0.00017580872362848649
5242,-0.1750522994007729,0.1830521114138465,0.2287130696231521,238,6,16,15,1,4.715209551956998e-05
5243,-0.2192319965961067,0.1287940200838498,0.0782882799238773,238,5,10,5,8,0.0006782364706724274
5244,-0.187533241144559,0.0996418425390818,0.0108441811401028,238,6,7,0,96,0.004713885748433999
5245,0.3788604049214621,0.052027727294469,0.038831239750021,238,17,3,2,5,0.0005099194301865744
5246,0.107329007552388,0.0645384990702824,0.0482973774257091,238,12,4,3,6,0.0012563024102635314
5247,0.229514590646385,0.0651148568672505,0.0438031692690873,238,14,4,2,15,0.0012844812788815414
5248,-0.4026876573414175,0.1120304055076771,0.0016455376581883,238,2,9,0,92,0.0036402965216667748
5249,0.3109243697478991,0.0380409337973175,0.0028382969255697,238,16,1,0,44,0.0011029673443555539
5250,-0.0227989930149274,0.1282613403410658,0.1169805576072151,238,9,10,7,8,0.0006540394776902086
5251,-0.2177427933198595,0.1148050085906485,0.0751952180074401,238,5,9,4,13,0.001032141634315045
5252,-0.1649824486756727,0.075225371183451,0.0073338354758158,238,6,5,0,87,0.0037737578394178533
5253,0.1231429280572988,0.0559847327139449,0.0037932309370393,238,12,3,0,112,0.0033545247846789965
5254,-0.2254015530262737,0.0883490428315823,0.002398047034262,238,5,6,0,104,0.004457874728275953
5255,0.1744140694252384,0.0446189954230709,0.0229344403830733,238,13,2,1,8,0.0018549087750108126
5256,-0.3165975250859837,0.0991013720686359,0.0015121842492061,238,3,7,0,83,0.0037735571101525844
5257,-0.2452575967095698,0.1040377432618377,0.0015149364267937,238,5,8,0,70,0.004087396103385501
5258,-0.2546183030174094,0.1392289604371565,0.0934880804146513,238,4,12,6,1,0.00018348562247742057
5259,-0.3338297344254157,0.125610557261979,0.0113947655593265,238,3,10,0,24,0.002332232535430932
5260,-0.3288657235045916,0.1205142370007801,0.0230762290597261,238,3,10,1,18,0.0022729880349347505
5261,-0.4248838776016735,0.0993513432117533,0.0015507024978046,238,1,7,0,16,0.001358025859596965
5262,-0.2694394213381554,0.0885102616392042,0.0016670570793943,238,4,6,0,60,0.003468743098616289
5263,0.3238307981420416,0.0691923124865417,0.0520177480719133,238,16,4,3,14,0.0006512937333475906
5264,-0.1116547884976775,0.1220099360196991,0.1014312158364998,238,7,10,6,11,0.0007346749988251823
5265,0.0496755664291032,0.0669779476047799,0.0286164610191482,238,11,4,1,35,0.00355858256828443
5266,-0.2234868630996702,0.1166627526507318,0.0547767425871343,238,5,9,3,11,0.0012722922549661209
5267,0.1523596780484345,0.0480603591079418,0.0118606609250852,238,13,2,0,51,0.002201728852969309
5268,0.0723681877814416,0.078271127228539,0.0139521477067786,238,11,5,0,31,0.0026768986373174324
5269,-0.300925433464525,0.1049146314853775,0.0290882881903319,238,4,8,1,31,0.003922345351422437
5270,0.1373258164025103,0.0866830168008966,0.0875686844601588,238,12,6,5,19,0.0008781639312160993
5271,0.016062121050952,0.0684352169511474,0.0029266105153919,238,10,4,0,104,0.004355003298635465
5272,-0.011098110130128,0.0550708791686385,0.0088602115357627,238,9,3,0,38,0.002541755274822797
5273,0.2485905754706945,0.0743449739896355,0.0521823062022141,238,15,5,3,6,0.0005972175125020211
5274,0.0227280785732014,0.0667525375340167,0.0310179910000819,238,10,4,2,18,0.0020621544372435682
5275,-0.2100840336134453,0.0920384692407429,0.0114818909459504,238,5,7,0,118,0.004976576343704583
5276,0.17888167925398,0.052399000911463,0.0025207715490051,238,13,3,0,68,0.0026935169555837167
5277,0.1648406197922206,0.0554375082537804,0.0018155707719993,238,13,3,0,68,0.0026935169555837167
5278,0.214622557883913,0.0428782246238052,0.0125009882491092,238,14,2,0,63,0.001936958343928828
5279,-0.2720632556820196,0.0961936205190477,0.0334966065611516,238,4,7,2,14,0.001988598870210548
5280,-0.159167464454136,0.1081292424640945,0.0290637465490466,238,6,8,1,25,0.003122502696240139
5281,0.0084742757862638,0.0971856206538989,0.0488153746361495,238,10,7,3,21,0.0013092804382386475
5282,-0.223274119774492,0.1414070899298724,0.1243859783090979,238,5,12,8,3,0.00027835857622888447
5283,0.1723575506151827,0.0557515166738293,0.0096883555184649,238,13,3,0,68,0.0026935169555837167
5284,-0.2806439031308725,0.0919704904476138,0.012582159011459,238,4,7,0,120,0.004630464276693427
5285,-0.3771584583200368,0.1176311930950854,0.0032087169495505,238,2,9,0,92,0.0036402965216667748
5286,0.1256958479594369,0.0950897489423949,0.101357402342526,238,12,7,6,11,0.0007591427528610176
5287,-0.325603659185193,0.0889015787319956,0.0586076277830795,238,3,6,3,1,0.00031070079417070036
5288,0.1745558983086905,0.0754658279782651,0.0600723876811763,238,13,5,3,23,0.0012615436760510372
5289,-0.4447399212849696,0.1404461896351064,0.0153431591241192,238,1,12,0,17,0.000821500086197717
5290,0.1213700670141474,0.0587425501263051,0.0141315154057236,238,12,3,0,112,0.0033545247846789965
5291,0.3741800517675424,0.056889869453935,0.0482942024409836,238,17,3,3,8,0.00048395992218328883
5292,-0.2490869765627769,0.0882853640640017,0.0028229751624581,238,5,6,0,104,0.004457874728275953
5293,-0.1215828103393255,0.0892066220885337,0.0490781687762407,238,7,6,3,9,0.0014084456908025063
5294,-0.1883842144452717,0.0929322709793485,0.007271069902711,238,6,7,0,96,0.004713885748433999
5295,-0.088891252703613,0.0821540705022262,0.0097217157120382,238,8,6,0,87,0.004426521123504939
5296,-3.545722086302875e-05,0.1206002518735672,0.1353584561709082,238,10,10,8,9,0.0005935909151224599
5297,-0.0285430627947381,0.1192781606415322,0.1206398825985568,238,9,9,7,10,0.0007146520219973656
5298,0.0030847782150835,0.1545185397728025,0.1710146762811371,238,10,13,11,3,0.00024814371209443185
5299,-0.0737155621742367,0.064731769538345,0.0036825659956164,238,8,4,0,68,0.003645851648012564
5300,-0.3122008296989681,0.1301924329947871,0.0308236832399783,238,3,11,2,9,0.0009388176885971226
5301,-0.0811615785554728,0.0582279214459321,0.0065802165011905,238,8,3,0,13,0.0017505038814693567
5302,-0.2466049711023649,0.091482372317946,0.0269156831587756,238,5,7,1,30,0.0042669011761406455
5303,-0.0242172818494486,0.0793866672497123,0.0539827674050818,238,9,5,3,7,0.0013491537670559449
5304,-0.3655284898769633,0.09913739297976,0.0037557340932566,238,2,7,0,52,0.002597604187038845
5305,0.4047441761514732,0.0687890821786016,0.0776914414049331,238,18,4,5,3,0.00015717184078899922
5306,-0.4479310711626422,0.111822622625289,0.0052301262092888,238,1,9,0,77,0.0026736108853416024
5307,-0.1127894195652944,0.0969381680622907,0.0728987333253993,238,7,7,4,14,0.001160727511064103
5308,0.0668368613268091,0.0718057055146453,0.019271673560652,238,11,5,1,13,0.002822196505883785
5309,0.3958798709357159,0.0323844227619003,0.0216567181313771,238,17,1,1,15,0.0007078839229582325
5310,0.0969045846186575,0.0877217760198393,0.0824471229822936,238,11,6,5,8,0.0008399858394636375
5311,-0.4132539091586001,0.1136363823865321,0.0243307202618118,238,1,9,1,18,0.0021988824875441887
5312,0.2456830833599262,0.0501259220388975,0.003970183346851,238,14,2,0,63,0.001936958343928828
5313,-0.1995177817962627,0.0948952235878042,0.0008735508106398,238,6,7,0,96,0.004713885748433999
5314,0.2432719923412402,0.0469937156161936,0.0069843353135313,238,14,2,0,63,0.001936958343928828
5315,0.3350352799347587,0.0978145238251157,0.1248430496459701,238,16,7,8,3,0.000209895800605622
5316,-0.1778888770698152,0.0781863281955661,0.0051124350214141,238,6,5,0,87,0.0037737578394178533
5317,-0.2358968904017302,0.1070936074019043,0.0295268816000022,238,5,8,1,31,0.003710872647041985
5318,-0.3825479558912171,0.0982171200773717,0.0213947392811405,238,2,7,1,15,0.002041776405580754
5319,-0.2002978406552494,0.1015106157814287,0.0100045385020487,238,6,8,0,57,0.003300602884874217
5320,-0.2401517569052937,0.134502375063713,0.1141961618378627,238,5,11,7,6,0.0004486655610610588
5321,-0.2468177144275431,0.0951548091974496,0.0271441909482279,238,5,7,1,30,0.0042669011761406455
5322,-0.176399673793568,0.09349739153766,0.0014352521658319,238,6,7,0,96,0.004713885748433999
5323,0.0096798212956068,0.0688431825410926,0.0532133375258058,238,10,4,3,5,0.000986229892151786
5324,0.3363826543275537,0.0835991517302776,0.096888193364936,238,16,6,6,11,0.0003094723533780408
5325,0.117257029394036,0.0750216139723713,0.0440322472638352,238,12,5,2,36,0.001907366235161121
5326,-0.4025458284579654,0.1033009384426005,0.0010902357234416,238,2,8,0,89,0.003550440087193625
5327,0.042016806722689,0.0843025173609857,0.0645712712229865,238,10,6,4,15,0.0012094322560504275
5328,-0.004999468141687,0.0746541830630165,0.0143506952351949,238,9,5,0,128,0.00475484797010613
5329,-0.1687409140871538,0.0853039087024622,0.0109572124420775,238,6,6,0,123,0.0049806266057812725
5330,-0.0632911392405063,0.0825191711495058,0.0545213746164961,238,8,6,3,16,0.001552115822956393
5331,-0.1681735985533453,0.1101375171357048,0.0760124951224081,238,6,9,4,19,0.0010847483299686014
5332,0.1272559656774101,0.0681470453022422,0.0277523961128736,238,12,4,1,39,0.0030492137784899846
5333,-0.0021628904726447,0.0547381493483548,0.0232723408920269,238,10,3,1,16,0.0025561943286749496
5334,0.1099528418962521,0.0730515776141317,0.0148702914234233,238,12,5,0,8,0.0016635528145294478
5335,0.2626316349324539,0.0485331205072862,0.0169703806228147,238,15,2,1,18,0.00142560135977588
5336,0.2336276282664964,0.0590166364531324,0.0445165183297634,238,14,3,2,20,0.001345194623171677
5337,-0.1586001489203276,0.0952717299104433,0.012937387895375,238,6,7,0,96,0.004713885748433999
5338,-0.3421267241073644,0.1178246001579462,0.0539733755182547,238,3,9,3,16,0.0011554300265711247
5339,0.0009573449633017,0.0845976347970451,0.0101011471235651,238,10,6,0,9,0.002287597437481778
5340,-0.0571215828103393,0.1484261255936525,0.1784769815744752,238,8,12,11,6,0.00025994191172549135
5341,-0.3097897386802822,0.0911302235892156,0.0046543042893494,238,3,7,0,83,0.0037735571101525844
5342,-0.1545580257419423,0.1193626369767356,0.0994136329922301,238,6,9,6,15,0.0008086379587624537
5343,0.1415806829060738,0.0598640333420293,0.0227533158012498,238,12,3,1,38,0.0029775459777509877
5344,-0.1794489947877885,0.1176413102679676,0.0608308954042866,238,6,9,3,9,0.0011717121642149597
5345,0.2802184164805162,0.0400795038161485,0.0085837149620319,238,15,1,0,37,0.0012568719412054995
5346,-0.0570506683686132,0.1293003028439162,0.1212634908111939,238,8,10,7,10,0.0007142533272646659
5347,0.0131546289401836,0.0662623775041113,0.0052527210216428,238,10,4,0,104,0.004355003298635465
5348,-0.2215012587313406,0.0957941989708938,0.0528066682868921,238,5,7,3,14,0.0013318451260624542
5349,-0.0905222848633124,0.0766439422149268,0.0047089751984198,238,8,5,0,118,0.004884276702473828
5350,0.081445236322377,0.100680945824338,0.0832956809888406,238,11,8,5,12,0.0008198512207264593
5351,0.0270538595184909,0.064383068237246,0.0080663638977366,238,10,4,0,104,0.004355003298635465
5352,-0.022231677481119,0.08212798614447,0.0287801534449039,238,9,6,1,35,0.003457223377569426
5353,-0.1868240967272984,0.0911632313358517,0.0420760894493039,238,6,7,2,22,0.002576945851115547
5354,0.1507286458887352,0.1153987282953683,0.1195790967425394,238,13,9,7,5,0.00036288229573212187
5355,0.0798142041626777,0.1022644919932559,0.0916078212086895,238,11,8,6,14,0.0008546697678377422
5356,0.0006736871963975,0.0760574724743781,0.058100018710658,238,10,5,3,16,0.0015634415710051469
5357,-0.3161011239939013,0.1069284638796403,0.0028784486725699,238,3,8,0,100,0.004333383064151017
5358,-0.1422189128816083,0.0982691328462201,0.0293101112051894,238,7,7,1,42,0.0036960149974717034
5359,0.1447718327837463,0.0591502150188946,0.0171868406384811,238,12,3,1,38,0.0029775459777509877
5360,-0.2811403042229549,0.0949941210281202,0.0048091433451966,238,4,7,0,120,0.004630464276693427
5361,-0.3045420699925539,0.0844761624290837,0.0053525434011887,238,3,6,0,36,0.0023601621856203458
5362,-0.0906641137467645,0.0813160086498615,0.0025281346467457,238,8,6,0,87,0.004426521123504939
5363,0.3829025280998475,0.0470666865545554,0.03454569869639,238,17,2,2,7,0.0005407629660983607
5364,-0.044427897741375,0.0779525745099231,0.0154339644224789,238,9,5,0,128,0.00475484797010613
5365,-0.0564124383930787,0.0834736752791942,0.0009006182293537,238,8,6,0,87,0.004426521123504939
5366,-0.2847569407509839,0.1100507187284196,0.0252762433011076,238,4,9,1,33,0.00306687553510888
5367,0.0230117363401056,0.0992546656381596,0.0446273084619045,238,10,7,2,4,0.001254849611559537
5368,-0.3835407580753819,0.1138284769732258,0.0007231247637864,238,2,9,0,92,0.0036402965216667748
5369,-0.2827004219409282,0.1036339943164025,0.0091627079698108,238,4,8,0,91,0.004483419991872029
5370,-0.3043293266673757,0.0722869334793808,0.0084996652404634,238,4,5,0,26,0.0018323270165334974
5371,-0.0935006914158068,0.0807970260191074,0.0070558524922142,238,8,6,0,87,0.004426521123504939
5372,-0.1552671701592029,0.0983098074278242,0.0734457463258727,238,6,7,4,9,0.001004592582867325
5373,-0.1062652909264971,0.0988144815963147,0.0201938881581369,238,7,7,1,42,0.0036960149974717034
5374,-0.2260397830018083,0.0856468350368598,0.0319101111358779,238,5,6,2,14,0.0018513353508829
5375,-0.2185937666205722,0.0940729406002663,0.0403556827675889,238,5,7,2,24,0.0024001793753435753
5376,0.1719320639648264,0.0505989761662392,0.0235061263953537,238,13,2,1,8,0.0018549087750108126
5377,0.0164876077013083,0.0919209054436891,0.0724287933355624,238,10,7,4,19,0.0012049551147970568
5378,-0.1200226926213523,0.0925462145820023,0.0264981154537962,238,7,7,1,42,0.0036960149974717034
5379,0.0386838279615643,0.0842147836820833,0.0466808357188764,238,10,6,3,31,0.0017261073251220965
5380,-0.1750522994007729,0.1117284184140646,0.0052396151960371,238,6,9,0,20,0.0017687167254327434
5381,-0.5053008545190227,0.1368736919465434,0.001389535751122,238,0,11,0,17,0.0009954726964181157
5382,0.0671205190937134,0.0569420094977034,0.0025515450918695,238,11,3,0,87,0.0035031944625956886
5383,0.0598163315959295,0.0515083376993035,0.0079378514077023,238,11,3,0,87,0.0035031944625956886
5384,-0.4621139595078537,0.1170479305873594,0.0137326376643887,238,0,9,0,7,0.0012448062716174599
5385,-0.0706662411800163,0.0875087243985555,0.0031007378168552,238,8,6,0,87,0.004426521123504939
5386,-0.1462610360599936,0.0826214688620215,0.0258492790530547,238,7,6,1,35,0.004354591136495643
5387,0.0747792788001276,0.1045762705537419,0.1184147740901852,238,11,8,7,6,0.0006411871709770627
5388,0.2795092720632556,0.0550935681281853,0.0287055794912875,238,15,3,1,9,0.0012431228036498937
5389,-0.3941779243342906,0.1030622746387173,0.0010434433867652,238,2,8,0,89,0.003550440087193625
5390,-0.1866822678438463,0.0857531419821479,0.0035119853208041,238,6,6,0,123,0.0049806266057812725
5391,0.1177534304861184,0.0526400197203954,0.0040730158994338,238,12,3,0,112,0.0033545247846789965
5392,-0.3833989291919298,0.1262377488418673,0.0358843952986243,238,2,10,2,11,0.001473134783876512
5393,-0.4395631670389675,0.1473208383161453,0.0036902874757499,238,1,12,0,17,0.000821500086197717
5394,0.0048576392582349,0.1123643659407346,0.1027180011243483,238,10,9,6,13,0.0007544960516155897
5395,-0.1103783285466084,0.1078185690592534,0.0162182165653756,238,7,8,1,13,0.0023238306258716386
5396,-0.2151898734177214,0.0790018722693138,0.0080518315450496,238,5,5,0,48,0.002829270609622204
5397,-0.1978867496365634,0.0705408171256047,0.0037364616797665,238,6,4,0,25,0.0019497198210807415
5398,0.0287558061199163,0.083232759672051,0.0600339532831441,238,10,6,3,31,0.0017261073251220965
5399,0.0041484948409743,0.0981792814345912,0.0578142253315201,238,10,7,3,21,0.0013092804382386475
5400,-0.2292309328794808,0.0762518019001501,0.004973536826977,238,5,5,0,48,0.002829270609622204
5401,0.0462716732262525,0.0807404247723695,0.0469915072313649,238,10,6,3,31,0.0017261073251220965
5402,-0.4010566251817182,0.1188993585901765,0.00733370453754,238,2,9,0,92,0.0036402965216667748
5403,-0.3489345105130659,0.1140747068316542,0.001788639314053,238,3,9,0,69,0.003704547569987754
5404,-0.2178137077615856,0.105248525689604,0.0850800326730915,238,5,8,5,8,0.000684282598842483
5405,-0.1564018012268198,0.1209180481237357,0.1240943830696172,238,6,10,8,9,0.00046411248093209724
5406,-0.257738538453356,0.1077577585515825,0.036885514411454,238,4,8,2,18,0.0022378626382709432
5407,-0.1988795518207282,0.0845897951408066,0.0091115566039199,238,6,6,0,123,0.0049806266057812725
5408,0.1512959614225436,0.1559866770883644,0.1868844620632754,238,13,13,12,4,0.00011959051088271212
5409,0.2422082757153494,0.047819236098405,0.0069880222989717,238,14,2,0,63,0.001936958343928828
5410,0.1426443995319646,0.0543358227231112,0.0208235580735476,238,12,3,1,38,0.0029775459777509877
5411,-0.2397971846966634,0.0966473113872768,0.0523847702703206,238,5,7,3,14,0.0013318451260624542
5412,0.2451866822678438,0.0719973664268796,0.0497969287372516,238,14,5,3,12,0.0009060017775838139
5413,0.1452682338758288,0.0791073945914102,0.051702140059682,238,12,5,3,24,0.001508498782464373
5414,0.0618728504059851,0.058494148894882,0.0028530306336846,238,11,3,0,87,0.0035031944625956886
5415,-0.1259085912846151,0.0853174514865607,0.0240809929230257,238,7,6,1,35,0.004354591136495643
5416,-0.219586568804737,0.10615674060469,0.0877804235637768,238,5,8,5,8,0.000684282598842483
5417,-0.0455625288089919,0.1189188503161246,0.1186459434634079,238,9,9,7,10,0.0007146520219973656
5418,0.0688933801368648,0.0827972485108387,0.0212916448769051,238,11,6,1,6,0.0015417227136870053
5419,-0.1164060560933234,0.0739798179722994,0.0219273586847497,238,7,5,1,35,0.003768331523905521
5420,-0.0010991738467538,0.0825437848118601,0.0526864804328622,238,10,6,3,31,0.0017261073251220965
5421,-0.4333226961670743,0.1213542418926313,0.0543916771352183,238,1,10,3,5,0.0005293482145357204
5422,0.1717193206396482,0.0709743556523612,0.0423712221964601,238,13,5,2,14,0.0013821423406262744
5423,-0.1859731234265857,0.1160780379402408,0.0185450677601491,238,6,9,1,16,0.0018103153645663555
5424,0.3191504449881218,0.1320529963585469,0.1813421733891676,238,16,11,11,4,9.273617327200639e-05
5425,-0.3356735099102931,0.1018813037290501,0.0357598315475381,238,3,8,2,16,0.0019253882281921957
5426,0.0367691380349608,0.0800920561972352,0.0529370080125988,238,10,5,3,16,0.0015634415710051469
5427,0.3820515547991348,0.0322546883394158,0.0028080268876375,238,17,1,0,23,0.0007836667221217257
5428,-0.1654079353260291,0.0873565555528609,0.0012473110699164,238,6,6,0,123,0.0049806266057812725
5429,-0.0137219444739921,0.0697410998356991,0.0048474313906633,238,9,4,0,110,0.004292388740450521
5430,-0.132007233273056,0.1155846394644028,0.0593948647156911,238,7,9,3,6,0.0009745173799832708
5431,-0.2164663333687905,0.1391210523164119,0.1326451328934243,238,5,12,8,3,0.00027835857622888447
5432,0.0721554444562635,0.0593252893979756,0.0042730442525554,238,11,3,0,87,0.0035031944625956886
5433,-0.0090415913200723,0.0717960916623587,0.0112267374262061,238,9,5,0,128,0.00475484797010613
5434,-0.4303442896145799,0.1351149867603554,0.0045132745523494,238,1,11,0,44,0.0016412330933814783
5435,-0.3936106088004821,0.1104783648607673,0.0340014136668374,238,2,9,2,15,0.001644406735155633
5436,0.1054143176257844,0.077362621083959,0.0518386274783158,238,12,5,3,24,0.001508498782464373
5437,-0.4741694146012835,0.1258153709964404,0.0080207810452307,238,0,10,0,21,0.001299022135957822
5438,-0.2785873843208168,0.1101536703159467,0.0019749119380934,238,4,9,0,63,0.0032442879918447966
5439,0.1561890579016416,0.0478194172153223,0.0166503702232899,238,13,2,1,8,0.0018549087750108126
5440,0.2180973655284898,0.0352995120739497,0.0069669025462333,238,14,1,0,22,0.0012417306714709786
5441,-0.0162748643761301,0.0695687068255181,0.0029023144328781,238,9,4,0,110,0.004292388740450521
5442,-0.2346204304506612,0.1098363804550388,0.0047855971708999,238,5,9,0,34,0.002548715097143437
5443,0.0265574584264085,0.0606075615554784,0.0056283771867707,238,10,3,0,83,0.003204714279147116
5444,0.330496755664291,0.065294483679584,0.0598259433818109,238,16,4,3,14,0.0006512937333475906
5445,-0.025919228450874,0.1263629865674546,0.0915497506327682,238,9,10,6,2,0.0005226782216797816
5446,-0.0779704286778002,0.075552051184194,0.0016070414987965,238,8,5,0,118,0.004884276702473828
5447,-0.034641704783179,0.0914352537777583,0.0412148719250056,238,9,7,2,11,0.0016985259845621217
5448,-0.3519129170655603,0.1061158761136829,0.0049151309935587,238,3,8,0,100,0.004333383064151017
5449,0.2085948303371981,0.0547926729026302,0.0126159160356545,238,14,3,0,25,0.0018030019399556335
5450,0.0029429493316313,0.1063073005936236,0.0869782758892267,238,10,8,5,11,0.0009142347313185025
5451,-0.2899336949969861,0.1052410645152404,0.0153456700586466,238,4,8,0,91,0.004483419991872029
5452,-0.2086657447789242,0.0864599858616496,0.020480907590229,238,5,6,1,26,0.0036553501392859243
5453,0.0252809984753394,0.0572221528636105,0.0048131880114757,238,10,3,0,83,0.003204714279147116
5454,-0.0870474772187355,0.0944796289873485,0.0017253952013145,238,8,7,0,32,0.002863781975607201
5455,-0.2339112860334007,0.0993542893819522,0.0089323033120603,238,5,7,0,118,0.004976576343704583
5456,0.166542566393646,0.0635192021668306,0.0089930150933531,238,13,4,0,10,0.0019536726542821745
5457,0.1738467538914299,0.0723863281633952,0.0656278135776497,238,13,5,4,7,0.0009341215253479416
5458,-0.0047867248165088,0.0812873515643212,0.0139009256953489,238,9,6,0,67,0.003528788865454604
5459,-0.3622664255575647,0.0963675054664972,0.0360037290849116,238,2,7,2,3,0.0009161680650874196
5460,-0.3810587526149699,0.1211756802393688,0.0040123344278433,238,2,10,0,64,0.0027862606231091225
5461,-0.3263128036024535,0.1041464174217888,0.0238387333659086,238,3,8,1,24,0.003650412738886289
5462,0.162855015423891,0.0541846925526095,0.0149945104705488,238,13,3,0,68,0.0026935169555837167
5463,-0.3175194128284224,0.098530029990077,0.001304614385358,238,3,7,0,83,0.0037735571101525844
5464,-0.4050278339183774,0.1358087611216955,0.0148023756578258,238,1,11,0,44,0.0016412330933814783
5465,0.1832783746409956,0.0512005198577826,0.004211084794515,238,13,2,0,51,0.002201728852969309
5466,0.1343474098500159,0.1219366499520529,0.1413763208913461,238,12,10,9,4,0.000336488520809081
5467,-0.2142679856752827,0.0950570183064694,0.001899835820929,238,5,7,0,118,0.004976576343704583
5468,0.0239336240825444,0.0603633433142194,0.0055037056733811,238,10,3,0,83,0.003204714279147116
5469,-0.2768145232776654,0.0953255425735444,0.0211795181710722,238,4,7,1,28,0.0038455970181802803
5470,0.0145729177747048,0.1158469552925068,0.1101020496316333,238,10,9,7,11,0.0007372693959234579
5471,-0.3152501506931886,0.1005910807493838,0.0372486097500597,238,3,8,2,16,0.0019253882281921957
5472,-0.2020707016984008,0.0722574125741448,0.0056974010849995,238,6,5,0,87,0.0037737578394178533
5473,-0.239300783604581,0.08246072548543,0.0045007567624354,238,5,6,0,104,0.004457874728275953
5474,-0.304683898876006,0.118072160162854,0.063807919173181,238,3,9,4,9,0.0007424086181865663
5475,0.33177321561536,0.0594616812600041,0.040236549931556,238,16,3,2,22,0.0008277185805572241
5476,-0.3979363897457716,0.0985287284128213,0.002288749558193,238,2,7,0,52,0.002597604187038845
5477,-0.0700989256462078,0.0698200225704216,0.0137198951778122,238,8,4,0,68,0.003645851648012564
5478,-0.4543133709179873,0.1110483921319137,0.020451544160459,238,1,9,1,18,0.0021988824875441887
5479,-0.0253519129170655,0.0739089500181213,0.0016652180660848,238,9,5,0,128,0.00475484797010613
5480,-0.3741800517675424,0.1077399153069447,0.0070487639413515,238,2,8,0,89,0.003550440087193625
5481,0.4053824061270077,0.0316649506347067,0.0050294241553164,238,18,0,0,15,0.0003567083730917672
5482,-0.1511541325390915,0.0966544123814695,0.0636112025944723,238,7,7,4,14,0.001160727511064103
5483,0.444101691309435,0.1032380278335392,0.1408060585126472,238,18,8,9,1,5.434577215997716e-05
5484,-0.2881608339538346,0.0952115843659908,0.0019693413004943,238,4,7,0,120,0.004630464276693427
5485,-0.2791546998546254,0.1064426750228701,0.0084777082202024,238,4,8,0,91,0.004483419991872029
5486,-0.1112293018473211,0.0676645766772434,0.0311771092935235,238,7,4,2,3,0.0010193222908668341
5487,0.2735524589582668,0.0725400851498635,0.0598013845046136,238,15,5,3,6,0.0005972175125020211
5488,-0.0508101974967202,0.0808586214423428,0.0487243446425731,238,9,6,3,22,0.0016882375614213183
5489,0.3370917987448143,0.0365661396228362,0.0024453023564381,238,16,1,0,44,0.0011029673443555539
5490,0.4034677162004041,0.0243623128529671,0.0062957798031793,238,18,0,0,15,0.0003567083730917672
5491,-0.0805233485799382,0.0782849589364381,0.017689979615495,238,8,5,1,45,0.004231983686421704
5492,-0.2329184838492358,0.0994097016089282,0.082966353602648,238,5,7,5,3,0.0003985843368914637
5493,-0.1042087721164414,0.0825873202113948,0.0043024876576739,238,7,6,0,105,0.004915439800339099
5494,-0.0613764493139027,0.0965355598606723,0.0366209670287809,238,8,7,2,16,0.002126815195695619
5495,-0.3019182356486898,0.1481694352517469,0.0729744471158822,238,4,12,4,5,0.00024952252992316846
5496,0.0291812927702726,0.0752613602842842,0.0478904194421207,238,10,5,3,16,0.0015634415710051469
5497,-0.4027585717831436,0.088336156680891,0.0049975094571561,238,2,6,0,18,0.0013709358574978201
5498,-0.1939864553416302,0.1205125049352488,0.1039211386756356,238,6,10,6,6,0.00072903327134395
5499,0.1008757933553167,0.0605569000875133,0.0017117234792794,238,12,3,0,112,0.0033545247846789965
5500,0.372478105166117,0.0626385567895742,0.0476833790633477,238,17,4,3,4,0.0004293446755280158
5501,-0.34652341949438,0.0805236291319682,0.0052824950730412,238,3,5,0,7,0.001029943856425407
5502,0.2570293940360953,0.0618190313553309,0.0420494907647448,238,15,4,2,9,0.0008663990284854951
5503,-0.0502428819629117,0.0860884373046338,0.0014036080756855,238,9,6,0,67,0.003528788865454604
5504,-0.1220082969896819,0.1713375492335453,0.2036977448053266,238,7,15,13,3,0.00011829151115213029
5505,-0.3122717441406942,0.1044187125993999,0.0124693450996508,238,3,8,0,100,0.004333383064151017
5506,-0.1586001489203276,0.0729280157502927,0.005587395699085,238,6,5,0,87,0.0037737578394178533
5507,-0.3723362762826648,0.1241710133663573,0.0256952855553278,238,2,10,1,26,0.002507580560992337
5508,-0.2709995390561288,0.1147982440544203,0.0382763435074878,238,4,9,2,13,0.001982695041022654
5509,-0.1754777860511293,0.1227097386185364,0.0843482941359207,238,6,10,5,6,0.0007031740076459483
5510,0.1483884693117753,0.0582112364730188,0.0124453315368404,238,13,3,0,68,0.0026935169555837167
5511,-0.2687302769208949,0.0947076921186833,0.0114426622103708,238,4,7,0,120,0.004630464276693427
5512,0.1269723079105059,0.1108159537887226,0.1324148649261637,238,12,9,8,7,0.00044492125945252525
5513,-0.2555401907598482,0.1303561203896911,0.1288969649227164,238,4,11,8,2,0.00027243338926643304
5514,-0.3806332659646136,0.1184925429263321,0.0322204425599897,238,2,9,2,15,0.001644406735155633
5515,-0.2483069177037903,0.0887492117739952,0.0057480824371564,238,5,6,0,104,0.004457874728275953
5516,-0.2811403042229549,0.1045426743812505,0.0026936674921293,238,4,8,0,91,0.004483419991872029
5517,-0.2865298017941353,0.0972392488853319,0.0352206447865423,238,4,7,2,14,0.001988598870210548
5518,-0.3849590469099031,0.1385405459693139,0.0387050115518696,238,2,11,2,4,0.0010138083926414193
5519,-0.4351664716519518,0.1361947769999625,0.0045818619414748,238,1,11,0,44,0.0016412330933814783
5520,0.115980569442967,0.0902755444061663,0.0807920969821493,238,12,6,5,19,0.0008781639312160993
5521,0.2249760663759174,0.0682665767145578,0.0657996207992675,238,14,4,4,6,0.0006609381651936833
5522,-0.2606460305641243,0.0969860504435017,0.0024313592929883,238,4,7,0,120,0.004630464276693427
5523,-0.0751338510087579,0.074491364426713,0.0076105126922535,238,8,5,0,118,0.004884276702473828
5524,0.1169733716271318,0.0799520750369114,0.0496487573306503,238,12,5,3,24,0.001508498782464373
5525,0.1934191398078218,0.0729423502805498,0.0440109783677824,238,13,5,2,14,0.0013821423406262744
5526,-0.0755593376591142,0.1323368198275087,0.1279061160967923,238,8,11,8,16,0.0005696293568104668
5527,0.154203453533312,0.0535509192285348,0.0342573746462784,238,13,3,2,12,0.0015635494242541884
5528,0.0443569832996489,0.0729840516925349,0.0071423060693419,238,10,5,0,75,0.003855261700858351
5529,0.4343154983512391,0.0601841507272129,0.0646034856994705,238,18,3,4,3,0.0002027314164934588
5530,-0.1486721270786795,0.100226516065097,0.0613943218450519,238,7,8,4,14,0.0012485724446440057
5531,0.0459880154593482,0.0586231535330335,0.0026879977649155,238,10,3,0,83,0.003204714279147116
5532,-0.0145729177747048,0.077688579676616,0.0015091828335202,238,9,5,0,128,0.00475484797010613
5533,0.155408999042655,0.0665145388565831,0.0394720712967966,238,13,4,2,27,0.0017949624306630315
5534,-0.4079353260291458,0.1009892106959512,0.012908808430841,238,1,8,0,39,0.0022015621544169703
5535,0.198595894053824,0.0376864868042638,0.0139853568377015,238,14,1,0,22,0.0012417306714709786
5536,-0.4090699570967627,0.0969608291682264,0.0342840317797061,238,1,7,2,2,0.00045184101742898135
5537,-0.2992944013048257,0.1267341280876718,0.0409509860813214,238,4,10,2,20,0.0013956950402149748
5538,-0.3148246640428322,0.1193327736128948,0.048076205169665,238,3,9,3,16,0.0011554300265711247
5539,0.0520157430060631,0.0861131297292144,0.0473166353238999,238,11,6,3,17,0.0015177436956017969
5540,-0.1126475906818423,0.1492907571996624,0.1567326228386189,238,7,13,10,5,0.00022213182713577852
5541,-0.0361309080594262,0.087575851137118,0.0176308407116794,238,9,6,1,35,0.003457223377569426
5542,-0.1881714711200935,0.0913822783599985,0.028109402641112,238,6,7,1,34,0.0042053397344584634
5543,-0.3279438357621529,0.1069400224936478,0.0669331763964647,238,3,8,4,6,0.0005850119732201881
5544,0.099953905612878,0.105980645111898,0.1020743731648455,238,12,8,6,17,0.0007219739687309315
5545,-0.4079353260291458,0.1100559125805789,0.0170623767786239,238,1,9,1,18,0.0021988824875441887
5546,0.2236996064248483,0.0807716511898625,0.0632745492744139,238,14,6,4,4,0.0006094132153712426
5547,-0.3837535014005601,0.0990274980568591,0.0065531506072664,238,2,7,0,52,0.002597604187038845
5548,0.0791050597454171,0.0857255356665126,0.0710815741458718,238,11,6,4,12,0.001206200991013593
5549,-0.3809169237315178,0.1276232221180345,0.0029794084765168,238,2,10,0,64,0.0027862606231091225
5550,0.016133035492678,0.0631841579127928,0.0041683557179738,238,10,4,0,104,0.004355003298635465
5551,-0.2122114668652271,0.0959775905690217,0.0448807968924697,238,5,7,2,24,0.0024001793753435753
5552,0.1278232812112186,0.045142923721296,0.004122720953846,238,12,2,0,34,0.0021758371823757663
5553,0.2983725135623869,0.0498113407472991,0.0268365185105312,238,15,2,1,18,0.00142560135977588
5554,-0.1264049923766974,0.0954784713537725,0.0062173316400556,238,7,7,0,75,0.003922112144946418
5555,-0.382335212566039,0.0934452969607844,0.0030068796383257,238,2,7,0,52,0.002597604187038845
5556,0.3225543381909725,0.1265393646264325,0.1716504858968303,238,16,10,11,2,9.6328375710338e-05
5557,-0.2423501045988015,0.0903001722121571,0.0019159200315648,238,5,6,0,104,0.004457874728275953
5558,-0.130730773321987,0.0737390475918751,0.0102083273871495,238,7,5,0,86,0.004462857898018962
5559,-0.0995993334042477,0.085655601268748,0.0124730910354676,238,8,6,0,87,0.004426521123504939
5560,-0.3255327447434669,0.1470835759811627,0.1111741240271132,238,3,12,7,1,0.0001495721617325696
5561,0.1236393291493812,0.0707928490416388,0.0340717817892856,238,12,4,2,30,0.0021432616240922957
5562,0.0693188667872212,0.0731611350061734,0.0117579359657408,238,11,5,0,31,0.0026768986373174324
5563,-0.2933375881998368,0.1444556274160113,0.0457503198794579,238,4,12,2,5,0.00035761148321022485
5564,-0.050668368613268,0.0781903446174989,0.006638324916072,238,9,5,0,128,0.00475484797010613
5565,-0.1499485870297486,0.1771797283063856,0.2354626832985445,238,7,15,15,1,6.24389130564347e-05
5566,0.1334255221075772,0.0605091211697778,0.0513613736977806,238,12,3,3,4,0.0006895258710323855
5567,-0.3727617629330212,0.1113096463970276,0.002235353606796,238,2,9,0,92,0.0036402965216667748
5568,-0.0546395773499273,0.0693445878839303,0.0300035724553426,238,8,4,1,19,0.0029757617683365627
5569,-0.3577279012870971,0.1210721343262694,0.0596799367692302,238,2,10,3,13,0.0008397115748875404
5570,0.3372336276282664,0.0382490823813834,0.0151585869995809,238,16,1,0,44,0.0011029673443555539
5571,0.0527958018650498,0.1217455903124726,0.0979222333482666,238,11,10,6,4,0.00036090419472760893
5572,0.1858312945431336,0.1389375629282155,0.1869827605796204,238,13,11,12,2,9.847712984172242e-05
5573,0.2102258624968974,0.1046151153092015,0.0986468215210961,238,14,8,6,3,0.0003235593656642082
5574,-0.3751728539517072,0.1079624982801979,0.0011362294297518,238,2,8,0,89,0.003550440087193625
5575,0.0260610573343261,0.1586828625490153,0.1747407256941297,238,10,14,11,1,0.00012723987041193566
5576,-0.1161223983264191,0.0749863895930622,0.0193101569678351,238,7,5,1,35,0.003768331523905521
5577,-0.2127078679573094,0.0785737695881462,0.0164102198366374,238,5,5,1,12,0.0022323785997296892
5578,-0.394674325426373,0.1366239266875209,0.0048671598032141,238,2,11,0,22,0.0015995178499110165
5579,-0.4075807538205155,0.107051316983176,0.0010552090317328,238,1,8,0,39,0.0022015621544169703
5580,-0.193702797574726,0.1301720144435063,0.1335451832758399,238,6,11,8,4,0.0004502365003173257
5581,0.1317944899478778,0.0456474580971708,0.0072725770401086,238,12,2,0,34,0.0021758371823757663
5582,-0.1861149523100379,0.1143873665874713,0.0247663034221187,238,6,9,1,16,0.0018103153645663555
5583,0.3385100875793355,0.0328492557292681,0.0032663337453794,238,16,1,0,44,0.0011029673443555539
5584,-0.1807963691805836,0.1155507182896763,0.0635917052820154,238,6,9,4,19,0.0010847483299686014
5585,-0.2842605396589014,0.1193246210370667,0.0534140818108347,238,4,9,3,9,0.0012847209871673672
5586,0.114704109491898,0.0402202084240344,0.0145875771283911,238,12,1,0,3,0.0008123113831180757
5587,-0.0488955075701166,0.1121654281409901,0.1185460172076251,238,9,9,7,10,0.0007146520219973656
5588,0.2619934049569194,0.0433945226145366,0.0234045289351903,238,15,2,1,18,0.00142560135977588
5589,-0.2115023224479665,0.0985970495349436,0.0112753472108057,238,5,7,0,118,0.004976576343704583
5590,-0.0418040633975108,0.0696913628569329,0.0088842946303558,238,9,4,0,110,0.004292388740450521
5591,-0.2058291671098819,0.1111950159378037,0.0130762504554528,238,5,9,0,34,0.002548715097143437
5592,-0.1100237563379782,0.1118477364054646,0.0753964006483787,238,7,9,4,17,0.0009932687448377788
5593,-0.1093855263624437,0.0706539593677524,0.0085078510256569,238,7,4,0,53,0.0027892752163863077
5594,-0.006275928092756,0.0675902172485739,0.0203327412994348,238,9,4,1,19,0.003555003348932449
5595,0.3928305499414955,0.0668281333465554,0.0732326560414534,238,17,4,4,12,0.0004113184296377977
5596,-0.0366273091515087,0.0717831721113574,0.0341117916911244,238,9,5,2,19,0.0025021876125847424
5597,-0.3943906676594688,0.1073728122216843,0.0014435470527384,238,2,8,0,89,0.003550440087193625
5598,-0.2273871573946033,0.0799082682246854,0.0043972890379881,238,5,5,0,48,0.002829270609622204
5599,0.0331525015069318,0.0482114837960212,0.0072710848049688,238,10,2,0,8,0.001419379660470872
5600,-0.0496755664291032,0.0640921230741913,0.0040332135753073,238,9,4,0,110,0.004292388740450521
5601,0.2214303442896145,0.0407229737099709,0.0098950712218516,238,14,1,0,22,0.0012417306714709786
5602,-0.3370208843030882,0.1167033623006997,0.0073663484274345,238,3,9,0,69,0.003704547569987754
5603,-0.2568166507109172,0.1135312723906572,0.028681925885057,238,4,9,1,33,0.00306687553510888
5604,-0.1844130057086125,0.1065921462339566,0.0716212146625994,238,6,8,4,11,0.0012040164928400956
5605,-0.185051235684147,0.0972451851773511,0.003223667059901,238,6,7,0,96,0.004713885748433999
5606,-0.2341949438003049,0.1173608202311217,0.0124662761549624,238,5,9,0,34,0.002548715097143437
5607,0.1347728965003723,0.0515579889656593,0.0029312833108912,238,12,3,0,112,0.0033545247846789965
5608,-0.0558451228592702,0.0665205253545848,0.0020559292334239,238,8,4,0,68,0.003645851648012564
5609,-0.4360174449526645,0.1257217954833379,0.0282309237205223,238,1,10,1,22,0.002079606064659946
5610,-0.2375988370031556,0.0970009670321641,0.0051661920110099,238,5,7,0,118,0.004976576343704583
5611,-0.3337588199836896,0.0802446746286562,0.003157061756356,238,3,5,0,7,0.001029943856425407
5612,-0.1215118958975995,0.1320679929292384,0.1271183089713395,238,7,11,8,6,0.0005239275630867714
5613,-0.1095982696876218,0.0911147008348276,0.012429033972953,238,7,7,0,75,0.003922112144946418
5614,0.1717193206396482,0.0811869562869505,0.0616487968588371,238,13,6,4,14,0.0008774977138896638
5615,0.0171967521185689,0.0631426862309363,0.004133215729202,238,10,4,0,104,0.004355003298635465
5616,-0.0311668971386022,0.0903207618305986,0.0112158332474351,238,9,6,0,67,0.003528788865454604
5617,-0.1625004432152607,0.1041992361287323,0.0145982094896325,238,6,8,0,57,0.003300602884874217
5618,0.282416764174024,0.0520098257738564,0.0406563842417447,238,15,3,2,24,0.0010910017256819872
5619,-0.3879374534623976,0.0975001138226762,0.0220390335379604,238,2,7,1,15,0.002041776405580754
5620,0.303407438924937,0.0360779264973302,0.003423482163136,238,16,1,0,44,0.0011029673443555539
5621,0.0098216501790589,0.0849248907112435,0.0424989394697448,238,10,6,2,24,0.0021178534085580414
5622,0.3607063078395915,0.0641331572001779,0.0688731410606996,238,17,4,4,12,0.0004113184296377977
5623,0.0716590433641811,0.1264734658888238,0.1263699959592095,238,11,10,8,10,0.0005244538209284242
5624,-0.0870474772187355,0.1194838992628888,0.1162523595374623,238,8,9,7,7,0.0007091427151292486
5625,0.081445236322377,0.0883233222764551,0.0341002374471178,238,11,6,2,17,0.001619547454591884
5626,-0.423040102116796,0.1102276985368614,0.0155325948298191,238,1,9,1,18,0.0021988824875441887
5627,-0.1058398042761408,0.0946797361241369,0.0723796567209881,238,7,7,4,14,0.001160727511064103
5628,0.0305995816047938,0.0802458772625121,0.0248623357473781,238,10,5,1,35,0.003681177079075407
5629,0.1852639790093252,0.1325087049233318,0.1784977906970258,238,13,11,11,1,0.00017088820924968557
5630,0.2639080948835229,0.0892043332053371,0.0982536862802367,238,15,6,6,7,0.0003812641593851471
5631,-0.007481473602099,0.0992990877552471,0.0855567412377162,238,9,7,5,11,0.0008999656682911266
5632,-0.0852746161755841,0.1270982507499919,0.1283661034846311,238,8,10,8,7,0.0006149480491235002
5633,-0.1088891252703612,0.0791754098043248,0.0107412234722397,238,7,5,0,86,0.004462857898018962
5634,-0.3769457149948586,0.1182903646876234,0.0381866625400783,238,2,9,2,15,0.001644406735155633
5635,-0.1646278764670425,0.076937810643185,0.0026556346134076,238,6,5,0,87,0.0037737578394178533
5636,0.2101549480551714,0.0583797052577803,0.0238211767936221,238,14,3,1,20,0.0018794301899020256
5637,-0.2653972981597702,0.1247239760770605,0.0395890782329643,238,4,10,2,20,0.0013956950402149748
5638,0.0204588164379675,0.0635204286307118,0.0041188917901511,238,10,4,0,104,0.004355003298635465
5639,-0.0412367478637024,0.1245666466265913,0.0845309467246753,238,9,10,5,1,0.00034594788464321723
5640,0.0716590433641811,0.0921613738761144,0.0639302037386384,238,11,7,4,16,0.0010682896120130846
5641,-0.3543240080842463,0.1118490275569614,0.0464680797928391,238,3,9,3,16,0.0011554300265711247
5642,-0.1793780803460624,0.0899804873955437,0.0094722094896706,238,6,6,0,123,0.0049806266057812725
5643,-0.4435343757756266,0.1178454382192103,0.0225478218126384,238,1,9,1,18,0.0021988824875441887
5644,-0.1216537247810516,0.077079071441454,0.0126868594220738,238,7,5,0,86,0.004462857898018962
5645,-0.3644647732510725,0.0973226418196738,0.0060598860516463,238,2,7,0,52,0.002597604187038845
5646,-0.2090203169875544,0.1398426251198555,0.1413310835690069,238,5,12,9,6,0.0002610441849557224
5647,-0.2311456228060844,0.0920588189739223,0.0051908499251969,238,5,7,0,118,0.004976576343704583
5648,0.3584370457043576,0.0391731702214984,0.0240918937765532,238,17,1,1,15,0.0007078839229582325
5649,-0.0547814062333794,0.0732472103052029,0.0177810696268046,238,8,5,1,45,0.004231983686421704
5650,-0.3624791688827429,0.1099562220321546,0.0453236061487861,238,2,9,2,15,0.001644406735155633
5651,-0.3680104953373754,0.1178804962691981,0.0142585035501972,238,2,9,0,92,0.0036402965216667748
5652,0.1592383788958621,0.0709206038129822,0.0433272227964223,238,13,5,2,14,0.0013821423406262744
5653,-0.3064567599191575,0.0973259882127735,0.0116170630069128,238,3,7,0,83,0.0037735571101525844
5654,-0.2620643193986455,0.1216707489576963,0.0885135732187503,238,4,10,5,8,0.0005927037930509305
5655,-0.3160302095521752,0.0933897427469093,0.0023828745952434,238,3,7,0,83,0.0037735571101525844
5656,-0.0330106726234797,0.0730876695040638,0.0150631622785257,238,9,5,0,128,0.00475484797010613
5657,-0.2250469808176434,0.0946257553091546,0.002139851905409,238,5,7,0,118,0.004976576343704583
5658,-0.4220472999326312,0.1296250712610168,0.004090502065446,238,1,11,0,44,0.0016412330933814783
5659,0.2222104031486012,0.0723844651553878,0.0378482585912041,238,14,5,2,2,0.0008217516320677136
5660,0.2709286246144027,0.1036403535432308,0.1245772866271677,238,15,8,8,6,0.00030640106925529603
5661,-0.4368684182533772,0.1293162745505642,0.0026847330920851,238,1,10,0,58,0.0024176974686684533
5662,-0.2484487465872424,0.1179615695044372,0.0825738297331263,238,5,9,5,9,0.0008369087035700342
5663,-0.0093252490869765,0.1023498168355794,0.0571500205247309,238,9,8,3,7,0.0009415404020712165
5664,-0.1238520724745594,0.0749002209935882,0.0033187416124309,238,7,5,0,86,0.004462857898018962
5665,0.0778285997943481,0.1152275033761607,0.1236355933801404,238,11,9,8,8,0.0005261201831962991
5666,-0.2312874516895365,0.1226563630978565,0.0058958674740939,238,5,10,0,7,0.0011796346268269876
5667,-0.3258164025103712,0.1084579477937556,0.069670124589656,238,3,8,4,6,0.0005850119732201881
5668,-0.1278232812112186,0.0943108313183414,0.0149504501641441,238,7,7,0,75,0.003922112144946418
5669,-0.0336489025990142,0.1069012234076236,0.0362825322410952,238,9,8,2,5,0.0008888258895714794
5670,-0.2283090451370421,0.0973391141583777,0.0080135683064744,238,5,7,0,118,0.004976576343704583
5671,0.0418040633975108,0.0585228520148568,0.0228933732247981,238,10,3,1,16,0.0025561943286749496
5672,0.0344289614580009,0.1126595166572717,0.0679926489590452,238,10,9,4,4,0.0003920612677823287
5673,-0.1308726022054391,0.0738354698259266,0.0096229643740696,238,7,5,0,86,0.004462857898018962
5674,0.273836116725171,0.0979622222100935,0.1181621658352213,238,15,7,7,8,0.0003388049578936866
5675,-0.273765202283445,0.0985324036365954,0.0108301930479078,238,4,7,0,120,0.004630464276693427
5676,0.2117150657731446,0.1108246449719368,0.1067542547148945,238,14,9,7,1,0.00024588797356177533
5677,-0.3585788745878097,0.1010635749960091,0.0006328142701484,238,2,8,0,89,0.003550440087193625
5678,-0.0585398716448604,0.0690995485181368,0.0117960984057337,238,8,4,0,68,0.003645851648012564
5679,0.0516611707974328,0.0720883384929521,0.0289976434547412,238,11,5,1,13,0.002822196505883785
5680,0.1845548345920646,0.072109389600892,0.038584504062639,238,13,5,2,14,0.0013821423406262744
5681,-0.2921320426904938,0.0880607684187546,0.0098553121049492,238,4,6,0,60,0.003468743098616289
5682,0.3407084352728433,0.0961542040165908,0.1080766178375254,238,16,7,7,3,0.00026295797395732947
5683,0.0077651313690032,0.070025706868632,0.0019598867425302,238,10,4,0,104,0.004355003298635465
5684,-0.072793674431798,0.0748827800901707,0.011129259582248,238,8,5,0,118,0.004884276702473828
5685,-0.2297273339715632,0.0829994696040162,0.006140862899394,238,5,6,0,104,0.004457874728275953
5686,-0.3499273126972307,0.1122373870878917,0.0074335866247198,238,3,9,0,69,0.003704547569987754
5687,-0.0681133212778782,0.0810193759789064,0.008386713056247,238,8,6,0,87,0.004426521123504939
5688,0.0210970464135021,0.0769126555845222,0.040968706070245,238,10,5,2,36,0.0025029702124330115
5689,-0.4648087082934439,0.1346903652617714,0.0132882127156588,238,0,11,0,17,0.0009954726964181157
5690,-0.4751622167854482,0.1281196669868045,0.0134270467192639,238,0,10,0,21,0.001299022135957822
5691,-0.3076623054285005,0.1056273130090492,0.0172727241590012,238,3,8,1,24,0.003650412738886289
5692,-0.0871893061021877,0.0864440903043358,0.0033201484889391,238,8,6,0,87,0.004426521123504939
5693,0.3809878381732439,0.0367026041844199,0.017438597417091,238,17,1,1,15,0.0007078839229582325
5694,0.2463213133354607,0.0840002337662964,0.0927504378398738,238,14,6,6,6,0.00044836706910762064
5695,0.2939049037336453,0.0321554799557478,0.0042298509631863,238,15,1,0,37,0.0012568719412054995
5696,-0.0354926780838917,0.0820194891206883,0.0144715532169491,238,9,6,0,67,0.003528788865454604
5697,-0.0515193419139807,0.0763942219669314,0.0120261286935318,238,9,5,0,128,0.00475484797010613
5698,0.3827606992163953,0.0308513606719438,0.000938745873889,238,17,0,0,15,0.0005505446427089447
5699,-0.1490266992873098,0.0807215865262725,0.0016091145224469,238,7,6,0,105,0.004915439800339099
5700,-0.2694394213381554,0.106957455811202,0.0055510938642288,238,4,8,0,91,0.004483419991872029
5701,-0.2646881537425096,0.1047832324158526,0.0498484972504039,238,4,8,3,12,0.0012669446365662046
5702,-0.1968939474523986,0.081998623964518,0.0286887497845328,238,6,6,1,30,0.004217975956735463
5703,0.2372442647945253,0.0733128850934058,0.079868630825568,238,14,5,5,3,0.0005406989392504141
5704,0.2961741658688791,0.0596327325638319,0.0455274224849736,238,15,3,2,24,0.0010910017256819872
5705,0.1581037478282451,0.0850277190632352,0.0387685367887971,238,13,6,2,3,0.0007031158304458939
5706,-0.0424422933730454,0.0717516932183338,0.0060361266917196,238,9,5,0,128,0.00475484797010613
5707,0.207247455944403,0.0717148955114856,0.0470931566434835,238,14,5,3,12,0.0009060017775838139
5708,-0.0935006914158068,0.067593636122978,0.0068737155735183,238,8,4,0,68,0.003645851648012564
5709,-0.4116937914406268,0.1304401417027159,0.0511087265468016,238,1,11,3,4,0.000463981698067669
5710,-0.4660851682445129,0.1085209347259696,0.0033794447618517,238,0,8,0,3,0.0008843777620531178
5711,-0.064142112541219,0.0689065656174255,0.003087121804401,238,8,4,0,68,0.003645851648012564
5712,0.0311668971386022,0.0649198373886627,0.0566932620798516,238,10,4,3,5,0.000986229892151786
5713,-0.0374782824522213,0.0665846629673979,0.0369757854021764,238,9,4,2,7,0.0017571644385362929
5714,-0.0634329681239584,0.1277500531363374,0.0546789094189848,238,8,10,3,4,0.00033364865435409264
5715,-0.2692975924547033,0.100230568449621,0.0452041055958681,238,4,8,2,18,0.0022378626382709432
5716,-0.0196787575789809,0.0763536012703712,0.0015512504682694,238,9,5,0,128,0.00475484797010613
5717,0.1588128922455057,0.055944507442796,0.037319766050068,238,13,3,2,12,0.0015635494242541884
5718,0.2315711094564407,0.086720236805448,0.1107947194548604,238,14,6,7,1,0.00026319973058312914
5719,-0.0541431762578449,0.0790386896701961,0.0010137979018198,238,8,5,0,118,0.004884276702473828
5720,0.1405169662801829,0.0868575365140576,0.0765498593206729,238,12,6,5,19,0.0008781639312160993
5721,-0.3871573946034108,0.0961647611218759,0.0020223400408628,238,2,7,0,52,0.002597604187038845
5722,-0.0805233485799382,0.1477366283169175,0.1615076986220051,238,8,12,10,6,0.00034424055238717175
5723,-0.3693578697301705,0.0987173683228769,0.0029603565931401,238,2,7,0,52,0.002597604187038845
5724,-0.0920824025812856,0.0806163590131021,0.0013877737911434,238,8,6,0,87,0.004426521123504939
5725,0.2734106300748147,0.0509490005445817,0.0043327201381707,238,15,2,0,32,0.001490183960655832
5726,0.1156969116760628,0.0784618579297911,0.0580762572845163,238,12,5,3,24,0.001508498782464373
5727,0.0038648370740701,0.1193797544842259,0.1041666526920866,238,10,9,6,13,0.0007544960516155897
5728,0.146828351593802,0.0411641780375105,0.0058223393001868,238,12,1,0,3,0.0008123113831180757
5729,-0.3662376342942239,0.1198015190997442,0.060241953580244,238,2,10,3,13,0.0008397115748875404
5730,-0.1793071659043363,0.1033411699610432,0.0424964241635141,238,6,8,2,12,0.0021300057737232703
5731,-0.3224834237492465,0.1301851320129718,0.0707523356307167,238,3,11,4,3,0.00045073400042957055
5732,-0.183774775733078,0.0752130311005942,0.0047149039578193,238,6,5,0,87,0.0037737578394178533
5733,-0.3148955784845583,0.0992221762587487,0.0007440244646511,238,3,7,0,83,0.0037735571101525844
5734,-0.3122008296989681,0.1251463176979443,0.0038323973409947,238,3,10,0,24,0.002332232535430932
5735,0.1020104244229337,0.0634541806031663,0.0114267108048541,238,12,4,0,46,0.003005418736203267
5736,-0.071588128922455,0.0689213394904221,0.0031788835598257,238,8,4,0,68,0.003645851648012564
5737,0.0429386944651278,0.0748107096522899,0.0266867995899072,238,10,5,1,35,0.003681177079075407
5738,-0.1077544942027443,0.0705696683576781,0.0029860489559976,238,7,4,0,53,0.0027892752163863077
5739,-0.3668758642697584,0.0858483316851902,0.0051219695244473,238,2,6,0,18,0.0013709358574978201
5740,0.1434953728326773,0.084269309019592,0.0845082936097889,238,12,6,5,19,0.0008781639312160993
5741,0.000106371662589,0.0684091041151724,0.0315462516458507,238,10,4,2,18,0.0020621544372435682
5742,-0.3248945147679324,0.1190508289951366,0.0093141897851055,238,3,9,0,69,0.003704547569987754
5743,-0.3493599971634222,0.1224030525091586,0.0558108062514634,238,3,10,3,10,0.0010090003136682217
5744,-0.3300712690139346,0.1171649857194566,0.0705099613966172,238,3,9,4,9,0.0007424086181865663
5745,0.0983228734531787,0.096050886919728,0.087990704975246,238,12,7,5,15,0.0009148081068238731
5746,-0.0572634116937914,0.0898399736854645,0.0380468268177198,238,8,6,2,25,0.0025738901815202356
5747,-0.2300109917384674,0.0903032856878489,0.0566555428715447,238,5,6,3,4,0.0008749168584488272
5748,-0.1952629152926993,0.0719822162834585,0.024650566631921,238,6,5,1,15,0.003066965874110903
5749,-0.2045527071588128,0.0840246354233368,0.0060164281126931,238,5,6,0,104,0.004457874728275953
5750,-0.1190298904371875,0.0655923277025486,0.007705702104177,238,7,4,0,53,0.0027892752163863077
5751,-0.2819912775236676,0.0999848368591537,0.0131685435884035,238,4,7,0,120,0.004630464276693427
5752,-0.3395738042052263,0.1049563641025492,0.0028022910306492,238,3,8,0,100,0.004333383064151017
5753,-0.2953231925681664,0.1330949100909645,0.0342133683970152,238,4,11,2,6,0.0007756277380663139
5754,-0.103641456582633,0.1004354269165564,0.0312665074215582,238,7,8,2,12,0.0017732637311286177
5755,-0.2015033861645923,0.1017463394319127,0.0106532215180574,238,6,8,0,57,0.003300602884874217
5756,-0.3419139807821862,0.1396923550258829,0.033843617249312,238,3,12,2,5,0.0004779927054410548
5757,0.15909655001241,0.0849663204303945,0.0695293971123049,238,13,6,4,14,0.0008774977138896638
5758,-0.2785164698790908,0.0925529273479497,0.0042019329347264,238,4,7,0,120,0.004630464276693427
5759,-0.1791653370208842,0.12916147791719,0.1218442742340569,238,6,10,7,10,0.0006562367513300406
5760,-0.4704818636315285,0.1278232506769095,0.0183879934128091,238,0,10,1,8,0.0010919391645934223
5761,0.3337588199836896,0.0734722263119977,0.057359578815599,238,16,5,3,2,0.00038788927679026745
5762,-0.2949686203595361,0.1015695672113403,0.0100440591914301,238,4,8,0,91,0.004483419991872029
5763,-0.1069744353437577,0.0693864285178937,0.0021571115669126,238,7,4,0,53,0.0027892752163863077
5764,-0.2457539978016522,0.1030188784975002,0.035217627673737,238,5,8,2,23,0.0023032056205181664
5765,-0.0498883097542814,0.0821948709858451,0.0016275917031498,238,9,6,0,67,0.003528788865454604
5766,-0.4172960323369853,0.1273044094834386,0.0187144190307367,238,1,10,1,22,0.002079606064659946
5767,0.2260397830018083,0.0553772948069379,0.0302152904658873,238,14,3,1,20,0.0018794301899020256
5768,-0.3039747544587455,0.1249926821857099,0.0723460952327146,238,4,10,4,10,0.0007531324760669358
5769,0.1040669432329893,0.0853967944625455,0.069933243338415,238,12,6,4,12,0.0010868341343686872
5770,-0.0705244122965641,0.0764196420132376,0.0022123911679979,238,8,5,0,118,0.004884276702473828
5771,0.0089706768783462,0.0544855178177309,0.0061328165741616,238,10,3,0,83,0.003204714279147116
5772,-0.1269723079105059,0.1211887004845127,0.0782141681918692,238,7,10,5,3,0.0006272476007621611
5773,-0.3604226500726872,0.1065823760391062,0.0330735325890833,238,2,8,2,7,0.0013970382356367826
5774,0.0526539729815976,0.0616226234424162,0.0096988378827037,238,11,4,0,96,0.0038563263286608743
5775,0.0896003971208736,0.0701003103253143,0.0228179951599113,238,11,4,1,35,0.00355858256828443
5776,-0.4438889479842569,0.1380010054152775,0.0102542498814217,238,1,11,0,44,0.0016412330933814783
5777,0.4260894231110165,0.0965059097859466,0.1301434385404332,238,18,7,8,3,8.597711088650172e-05
5778,-0.4149558557600254,0.1188011236748402,0.0412762407011547,238,1,9,2,5,0.0010601492649111527
5779,0.3762365705775981,0.0331425547698582,0.0025719584645877,238,17,1,0,23,0.0007836667221217257
5780,0.2578803673368081,0.0577770636136312,0.037934312626175,238,15,3,2,24,0.0010910017256819872
5781,-0.2549019607843137,0.0874550769365892,0.0321799072051189,238,4,6,2,8,0.0013129152342475894
5782,-0.1678899407864411,0.1171433503821617,0.1110718828581949,238,6,9,7,6,0.000576488175884314
5783,0.1933482253660957,0.0548882588071885,0.0138537722971843,238,13,3,0,68,0.0026935169555837167
5784,-0.1987377229372761,0.0793330099269903,0.0110635596309848,238,6,5,0,87,0.0037737578394178533
5785,0.2869552884444916,0.0313853369044602,0.0167441232713882,238,15,0,1,1,0.00043016483203772016
5786,-0.0661986313512746,0.0813191373754206,0.0268130693793572,238,8,6,1,32,0.004098846777087474
5787,-0.1890933588625323,0.0848356673222048,0.0212513931974865,238,6,6,1,30,0.004217975956735463
5788,-0.133212778782399,0.16253354009599,0.1940611932703589,238,7,14,12,3,0.00015714101572722106
5789,0.1798035669964187,0.0655268486504849,0.0158929482530865,238,13,4,1,27,0.002211503016508247
5790,-0.0889621671453391,0.1013402222251731,0.0490712833840889,238,8,8,3,12,0.0012201196394973663
5791,-0.1026486543984682,0.0775156673466342,0.0270783084220927,238,8,5,1,45,0.004231983686421704
5792,-0.4270822252951813,0.1099780262615514,0.0061726760729287,238,1,9,0,77,0.0026736108853416024
5793,0.1171152005105839,0.0824060761285725,0.0858815985550573,238,12,6,5,19,0.0008781639312160993
5794,-0.3870864801616848,0.1317905783189123,0.0488007866653162,238,2,11,3,9,0.0006486389337313848
5795,0.1047051732085238,0.1044102548409186,0.1000930885428045,238,12,8,6,17,0.0007219739687309315
5796,0.1692373151792362,0.1344768147389679,0.1672377122250586,238,13,11,10,4,0.00021625694221660282
5797,-0.0113817678970322,0.0801297470800058,0.016859411518761,238,9,5,1,43,0.0042530637397620065
5798,-0.3114916852817075,0.1121505860195098,0.0051187909955957,238,3,9,0,69,0.003704547569987754
5799,-0.2032053327660177,0.1067986806028925,0.0133784303804479,238,6,8,0,57,0.003300602884874217
5800,-0.0023756337978229,0.091702325407358,0.0479710443429456,238,10,7,3,21,0.0013092804382386475
5801,-0.4238201609757827,0.1351927773435864,0.0470970873642796,238,1,11,3,4,0.000463981698067669
5802,-0.457646349679112,0.1388677614085869,0.0200388522405931,238,0,11,1,5,0.0008677164775862558
5803,-0.1650533631173988,0.0898974353396989,0.0094122749456794,238,6,6,0,123,0.0049806266057812725
5804,-0.2662482714604828,0.0747065815263514,0.005372370481954,238,4,5,0,26,0.0018323270165334974
5805,0.1893770166294365,0.0709099928706052,0.0556782165622142,238,13,5,3,23,0.0012615436760510372
5806,0.1148459383753501,0.0644722395338533,0.0422877331280334,238,12,4,2,30,0.0021432616240922957
5807,-0.3039747544587455,0.0981347742913178,0.0267084321947219,238,4,7,1,28,0.0038455970181802803
5808,-0.2090203169875544,0.1203375649560329,0.0611139466312899,238,5,10,4,2,0.0007425724889346206
5809,-0.0022338049143708,0.0635858974335458,0.0116453700019914,238,10,4,0,104,0.004355003298635465
5810,-0.349076339396518,0.103828176506486,0.0205957917246939,238,3,8,1,24,0.003650412738886289
5811,0.0921533170230117,0.1236237614537387,0.1346397134845262,238,11,10,8,10,0.0005244538209284242
5812,-0.0473353898521433,0.0768022072278931,0.0396026774341834,238,9,5,2,19,0.0025021876125847424
5813,0.0557742084175442,0.146888537709198,0.1832437161326519,238,11,12,12,3,0.00020743537965298086
5814,0.2571712229195475,0.0481435932126081,0.0039112474852478,238,15,2,0,32,0.001490183960655832
5815,0.4060915505442682,0.033461723609781,0.0097773453300182,238,18,1,0,4,0.0004083501911973316
5816,-0.1915753643229443,0.1216379073400107,0.0303215491796768,238,6,10,1,6,0.0008437369395171136
5817,-0.0245009396163528,0.0984192813474306,0.0719432383576073,238,9,7,4,11,0.0012049178080219785
5818,-0.2346913448923873,0.0921360736235217,0.0068914445799379,238,5,7,0,118,0.004976576343704583
5819,0.1338510087579335,0.0834878368257201,0.0786508848922803,238,12,6,5,19,0.0008781639312160993
5820,0.2239123497500265,0.0479332150681854,0.0330507485290254,238,14,2,2,4,0.0009246418613257648
5821,-0.2378115803283338,0.1093254700809295,0.0439668296649579,238,5,8,2,23,0.0023032056205181664
5822,-0.2880190050703825,0.1157092201396334,0.0131633042053161,238,4,9,0,63,0.0032442879918447966
5823,0.1808672836223096,0.1399719667408095,0.1583739752754311,238,13,12,10,1,0.0001565157414854025
5824,0.3241853703506718,0.0412112971842627,0.0362230670730497,238,16,1,2,2,0.0004719910368514062
5825,-0.2221394887068751,0.1170810861924991,0.0279784256996657,238,5,9,1,21,0.0025129596142606752
5826,-0.1419352551147041,0.1039123303903056,0.0523873679747898,238,7,8,3,10,0.0014664422006572305
5827,-0.1635641598411516,0.1060846386323493,0.0019638601098323,238,6,8,0,57,0.003300602884874217
5828,-0.3307094989894691,0.1184248456736579,0.00340022771247,238,3,9,0,69,0.003704547569987754
5829,0.2473141155196255,0.044435014185832,0.0051381405323643,238,14,2,0,63,0.001936958343928828
5830,0.0327270148565755,0.0913081259499109,0.069371706578381,238,10,7,4,19,0.0012049551147970568
5831,-0.1469701804772542,0.0987013666925945,0.001464775769129,238,7,7,0,75,0.003922112144946418
5832,-0.0711626422720987,0.1139493977345591,0.1036681041940273,238,8,9,6,16,0.0008557918870896612
5833,-0.013651030032266,0.0637479079360182,0.0023137142440641,238,9,4,0,110,0.004292388740450521
5834,-0.0302450093961635,0.1190369958420854,0.1283528715303934,238,9,9,8,3,0.0004839682109541481
5835,-0.4167287168031768,0.1245117607654191,0.032368141413061,238,1,10,2,6,0.001091508300587039
5836,-0.252845441974258,0.1158638361235811,0.0149612703591675,238,5,9,0,34,0.002548715097143437
5837,-0.1567563734354501,0.0945581412760457,0.0047776221235245,238,6,7,0,96,0.004713885748433999
5838,0.171435662872744,0.0703418845431382,0.043600099425161,238,13,4,2,27,0.0017949624306630315
5839,-0.1576073467361627,0.1348786313581472,0.1288133449991459,238,6,11,8,4,0.0004502365003173257
5840,-0.1032159699322766,0.1235842674667072,0.0977497725511421,238,8,10,6,7,0.0006414690533782666
5841,-0.0362727369428784,0.0781669974966407,0.0065387345445223,238,9,5,0,128,0.00475484797010613
5842,-0.0017374038222884,0.1256380844669606,0.13424631813812,238,10,10,8,9,0.0005935909151224599
5843,-0.1934191398078218,0.1272737716610137,0.0414195541737023,238,6,10,2,6,0.0007592792066818362
5844,-0.2275289862780554,0.1289613228793971,0.1462394214764777,238,5,10,9,1,0.00016875969679591238
5845,-0.3023437222990461,0.1246298339077802,0.089647395119838,238,4,10,5,8,0.0005927037930509305
5846,-0.157961918944793,0.0953264246838656,0.0572981004556289,238,6,7,3,27,0.001618208133972155
5847,-0.2663901003439349,0.1131886248005737,0.0228444474241544,238,4,9,1,33,0.00306687553510888
5848,0.3112789419565294,0.0582730653410949,0.0594646556584609,238,16,3,3,9,0.0006651445460751286
5849,-0.1593092933375881,0.1010261614698269,0.0431286096687709,238,6,8,2,12,0.0021300057737232703
5850,-0.413182994716874,0.1389405059210345,0.0130357882043361,238,1,11,0,44,0.0016412330933814783
5851,0.0262028862177782,0.1163406274238445,0.108283294864105,238,10,9,7,11,0.0007372693959234579
5852,-0.0653476580505619,0.0716651349812597,0.0035065844967438,238,8,5,0,118,0.004884276702473828
5853,-0.281282133106407,0.1136029264431559,0.0789644564447226,238,4,9,5,6,0.000665205753037138
5854,-0.2145516434421869,0.1151713089768355,0.0813423624033403,238,5,9,5,9,0.0008369087035700342
5855,-0.2606460305641243,0.1430075761364557,0.1434057720218828,238,4,12,9,3,0.00018154774397486067
5856,0.1026486543984682,0.0738105443292386,0.0275496358222991,238,12,5,1,16,0.0020170201009321654
5857,-0.462468531716484,0.1309442595330891,0.057874940779071,238,0,11,3,1,0.000210787057683564
5858,-0.1379640463780448,0.0905230488590496,0.0016596521387365,238,7,7,0,75,0.003922112144946418
5859,-0.4757295323192567,0.1198189933968734,0.0042467532918887,238,0,10,0,21,0.001299022135957822
5860,0.1422898273233344,0.0758925945221677,0.0587295861076466,238,12,5,3,24,0.001508498782464373
5861,-0.3619827677906605,0.1508062299413362,0.059526545002007,238,2,13,3,3,0.00018895175898499196
5862,-0.0139346877991702,0.0738981916618959,0.0318230133530561,238,9,5,2,19,0.0025021876125847424
5863,-0.2890827216962734,0.0913190192326137,0.0290529290619845,238,4,7,1,28,0.0038455970181802803
5864,-0.0640002836577669,0.0715824196401669,0.0022580500311085,238,8,5,0,118,0.004884276702473828
5865,-0.0820834662979115,0.0645393581136703,0.0034400440572004,238,8,4,0,68,0.003645851648012564
5866,-0.3676559231287451,0.1258842088999214,0.0350355539696646,238,2,10,2,11,0.001473134783876512
5867,0.3751728539517072,0.0399298303695166,0.0186981610079977,238,17,1,1,15,0.0007078839229582325
5868,-0.4360883593943905,0.1133554664254619,0.0067166789749545,238,1,9,0,77,0.0026736108853416024
5869,-0.4099209303974753,0.152645140608829,0.1105289262132469,238,1,13,7,1,2.758580737279951e-05
5870,0.1165478849767755,0.1160580674371308,0.113186781217608,238,12,9,7,8,0.0005334710940643014
5871,-0.2068928837357727,0.0826806889740629,0.0150469108502327,238,5,6,0,104,0.004457874728275953
5872,0.1610112399390135,0.0395828043208601,0.0069948137004957,238,13,1,0,9,0.0010668379852861295
5873,-0.0449242988334574,0.0777139587287694,0.0372651943295387,238,9,5,2,19,0.0025021876125847424
5874,-0.2859624862603269,0.0972234572645255,0.0679757421804865,238,4,7,4,4,0.0005197356720123799
5875,-0.1299507144630003,0.0753659964019852,0.0023769190342329,238,7,5,0,86,0.004462857898018962
5876,-0.226961670744247,0.1265888714274614,0.0417714043768928,238,5,10,2,11,0.0011077952279815915
5877,-0.1288869978371095,0.1122422707364372,0.0089518995251384,238,7,9,0,7,0.0010282395805998098
5878,-0.0927206325568201,0.1035534321934356,0.0623696261766043,238,8,8,4,10,0.0011267995437752609
5879,-0.1194553770875438,0.0751481611989957,0.0010518505403636,238,7,5,0,86,0.004462857898018962
5880,0.2254724674679998,0.0358528435173206,0.0035570259662625,238,14,1,0,22,0.0012417306714709786
5881,-0.1334255221075772,0.1513384697803663,0.1615098044843638,238,7,13,10,5,0.00022213182713577852
5882,0.0027302060064532,0.0704355769362262,0.0158632227147151,238,10,4,1,35,0.00376178763264307
5883,-0.257809452895082,0.1079752327172716,0.0015167895939322,238,4,8,0,91,0.004483419991872029
5884,0.0132255433819097,0.0708709043439162,0.0111749970418264,238,10,5,0,75,0.003855261700858351
5885,-0.1745558983086905,0.1260841836716119,0.091894455514017,238,6,10,6,6,0.00072903327134395
5886,0.1248448746587242,0.0565751511192036,0.0064267656337109,238,12,3,0,112,0.0033545247846789965
5887,-0.0730773321987022,0.0974504176801903,0.0741803449063534,238,8,7,4,17,0.0011918988240630826
5888,0.1025068255150161,0.0741219326981462,0.0636255750081307,238,12,5,4,7,0.0009729544999730399
5889,0.0347126192249051,0.0604061436408199,0.0197875638325406,238,10,3,1,16,0.0025561943286749496
5890,-0.2388043825124986,0.1019715354734202,0.0206737062624791,238,5,8,1,31,0.003710872647041985
5891,-0.1892351877459844,0.0794379999162456,0.0089254701126125,238,6,5,0,87,0.0037737578394178533
5892,-0.1395950785377442,0.0827162857026882,0.0095632211248159,238,7,6,0,105,0.004915439800339099
5893,-0.3546076658511505,0.1063413156422521,0.0074640077751705,238,2,8,0,89,0.003550440087193625
5894,-0.1942701131085345,0.0870606757533942,0.0110567826601332,238,6,6,0,123,0.0049806266057812725
5895,0.3264546324859057,0.1096957959000049,0.1383218204279844,238,16,8,9,3,0.00017090433782608166
5896,0.1855476367762294,0.048917244492141,0.024311419284769,238,13,2,1,8,0.0018549087750108126
5897,-0.1561890579016416,0.080280417952982,0.0109492303098751,238,6,5,0,87,0.0037737578394178533
5898,-0.3592171045633442,0.094861927671154,0.0219739908500209,238,2,7,1,15,0.002041776405580754
5899,-0.0236499663156401,0.1047216739456954,0.075555308795817,238,9,8,4,5,0.0009648211838554239
5900,0.1548416835088465,0.0751665452358822,0.0380612866036748,238,13,5,2,14,0.0013821423406262744
5901,0.0414494911888806,0.0816901952519777,0.0209664608654262,238,10,6,1,19,0.0024793188556417934
5902,-0.0291812927702726,0.0751039680092404,0.0064562637846206,238,9,5,0,128,0.00475484797010613
5903,-0.4302733751728538,0.14414266288734,0.0037846282507266,238,1,12,0,17,0.000821500086197717
5904,0.3543240080842463,0.0291116984118652,0.0019424109066031,238,17,0,0,15,0.0005505446427089447
5905,0.037052795801865,0.065733524839848,0.0068242781894405,238,10,4,0,104,0.004355003298635465
5906,-0.3729035918164733,0.1161855227482365,0.0152008052086067,238,2,9,0,92,0.0036402965216667748
5907,-0.1683863418785235,0.095295381737928,0.026881588338083,238,6,7,1,34,0.0042053397344584634
5908,-0.2148353012090912,0.0778627926773378,0.004217533552334,238,5,5,0,48,0.002829270609622204
5909,-0.2963159947523312,0.100097423620815,0.0464455651194216,238,4,8,3,12,0.0012669446365662046
5910,-0.1198808637379002,0.0778899706942274,0.0288072648851186,238,7,5,1,35,0.003768331523905521
5911,-0.3462397617274757,0.1029185571647608,0.0048251032943319,238,3,8,0,100,0.004333383064151017
5912,-0.3623373399992908,0.119675672914068,0.0108383130065707,238,2,10,0,64,0.0027862606231091225
5913,-0.2105095202638017,0.1020042994412472,0.0211185437455891,238,5,8,1,31,0.003710872647041985
5914,-0.2945431337091798,0.1412201460015209,0.0595299346597457,238,4,12,3,5,0.0003360397120802429
5915,0.0262028862177782,0.1484757304617867,0.1591272605381805,238,10,12,10,11,0.0003687449162194606
5916,0.0179058965358295,0.0713182173674836,0.065163208866753,238,10,5,4,5,0.0008279011511416063
5917,0.2073892848278551,0.0545815173505127,0.0270283496091222,238,14,3,1,20,0.0018794301899020256
5918,-0.1076126653192922,0.0745162017406117,0.0021539185703447,238,7,5,0,86,0.004462857898018962
5919,0.2030635038825656,0.1164549261437059,0.1411572097020292,238,14,9,9,4,0.00023796974491760575
5920,-0.0071978158351948,0.0831292772669535,0.0429261693035901,238,9,6,2,24,0.002447719255977075
5921,0.3488635960713399,0.0395603849491453,0.0031937341040804,238,17,1,0,23,0.0007836667221217257
5922,0.0313796404637804,0.0556314308470562,0.010165778955862,238,10,3,0,83,0.003204714279147116
5923,-0.4492784455554373,0.1375485156269451,0.0222954717139951,238,1,11,1,21,0.0014808047137841256
5924,-0.0496755664291032,0.0820183559257567,0.028063104529955,238,9,6,1,35,0.003457223377569426
5925,-0.3250363436513845,0.0802703033015898,0.00502692220215,238,3,5,0,7,0.001029943856425407
5926,-0.3463815906109278,0.1271349541854723,0.0141385811015227,238,3,10,0,24,0.002332232535430932
5927,-0.0770485409353614,0.138838743112832,0.1251075160933737,238,8,11,8,16,0.0005696293568104668
5928,-0.3489345105130659,0.1063302357002499,0.0020375120414241,238,3,8,0,100,0.004333383064151017
5929,0.1030032266070985,0.0613971154833409,0.0091419184244872,238,12,4,0,46,0.003005418736203267
5930,0.2099422047299932,0.0464247804983775,0.0169128624783332,238,14,2,1,18,0.0017176569679600764
5931,0.2732688011913625,0.0378616107853645,0.0036198936097505,238,15,1,0,37,0.0012568719412054995
5932,0.0024465482395489,0.0978770684514541,0.048888682955012,238,10,7,3,21,0.0013092804382386475
5933,-0.4421160869411055,0.1079883545350728,0.0016106757228202,238,1,8,0,39,0.0022015621544169703
5934,-0.0348544481083572,0.0662381356087113,0.0048330428123226,238,9,4,0,110,0.004292388740450521
5935,-0.0472644754104173,0.1322669507441468,0.1197778130652623,238,9,11,7,2,0.00041456477219353266
5936,-0.152926993582243,0.1327182138874457,0.0580770874622634,238,7,11,3,1,0.00018619666158029501
5937,0.2524908697656277,0.1166160761618627,0.1592940143855056,238,15,9,10,2,0.000139600112583386
5938,0.1052015743006063,0.0595318470712169,0.0201566440514308,238,12,3,1,38,0.0029775459777509877
5939,-0.3643938588093465,0.1558511853479567,0.0958603796892385,238,2,13,6,2,5.329296137517705e-05
5940,-0.0384710846363861,0.086757775139622,0.0276001260440153,238,9,6,1,35,0.003457223377569426
5941,-0.457575435237386,0.14384753919479,0.0145533368812574,238,0,12,0,6,0.0005410486288017147
5942,0.0081197035776335,0.1377203798806885,0.1316996452167782,238,10,11,8,6,0.00044266141007082274
5943,-0.1118675318228557,0.0746353175707434,0.0161656357245244,238,7,5,1,35,0.003768331523905521
5944,-0.3200014182888345,0.0950238284031701,0.0072596994414454,238,3,7,0,83,0.0037735571101525844
5945,-0.0681842357196042,0.078423565055844,0.0341799340945431,238,8,5,2,17,0.0022773988520767567
5946,-0.2193029110378328,0.1314969907050665,0.1251409167456165,238,5,11,8,5,0.00037386751139607805
5947,0.0301031805127114,0.0536000337179499,0.0059611040186287,238,10,3,0,83,0.003204714279147116
5948,-0.3546076658511505,0.1177488326780735,0.0110526204530553,238,2,9,0,92,0.0036402965216667748
5949,-0.2606460305641243,0.1028283862099251,0.0296466232284049,238,4,8,1,31,0.003922345351422437
5950,0.0206715597631457,0.0879133616943572,0.0440680197597545,238,10,6,2,24,0.0021178534085580414
5951,-0.0268411161933127,0.0835567017532248,0.0073283048666427,238,9,6,0,67,0.003528788865454604
5952,-0.418076091195972,0.1291647770634644,0.0043808614928963,238,1,10,0,58,0.0024176974686684533
5953,-0.2400808424635676,0.1324440997749794,0.0279129520132641,238,5,11,1,2,0.0005364397316847152
5954,-0.2378115803283338,0.0966397244416275,0.0088910779101554,238,5,7,0,118,0.004976576343704583
5955,-0.2721341701237457,0.0995863727645965,0.0085178443436319,238,4,7,0,120,0.004630464276693427
5956,0.298514342445839,0.0956283426076894,0.1216010337921121,238,15,7,7,8,0.0003388049578936866
5957,-0.0096798212956068,0.1650086953537324,0.2008805134975734,238,9,14,13,3,0.0001835203773230882
5958,0.2571003084778214,0.0575595064876284,0.0540522256223596,238,15,3,3,4,0.0007382137347438163
5959,-0.3875119668120412,0.1057354968274866,0.0016954080329824,238,2,8,0,89,0.003550440087193625
5960,0.1807254547388575,0.0451349238953703,0.002843741555658,238,13,2,0,51,0.002201728852969309
5961,-0.3454597028684891,0.1023099765156998,0.004132736387301,238,3,8,0,100,0.004333383064151017
5962,-0.4014111973903485,0.1400835777380218,0.0139769436440232,238,2,12,0,5,0.0006954594832814585
5963,-0.3612736233733999,0.1081337005387454,0.0045260279588218,238,2,8,0,89,0.003550440087193625
5964,0.3296457823635783,0.0569392583147673,0.0524217717165367,238,16,3,3,9,0.0006651445460751286
5965,-0.4401304825727758,0.1326366832640414,0.0217668968225157,238,1,11,1,21,0.0014808047137841256
5966,0.0827926107151721,0.1074129625812576,0.0953633264006324,238,11,8,6,14,0.0008546697678377422
5967,0.1929936531574654,0.04786812427431,0.0043123287607819,238,13,2,0,51,0.002201728852969309
5968,-0.0687515512534127,0.0989349045082524,0.003191758576425,238,8,7,0,32,0.002863781975607201
5969,-0.1576073467361627,0.1014728832820389,0.0632243757271858,238,6,8,4,11,0.0012040164928400956
5970,0.1014431088891252,0.0681986881723283,0.0139213750596739,238,12,4,0,46,0.003005418736203267
5971,-0.271283196823033,0.1593721662386558,0.1918986190756174,238,4,14,12,2,9.488872011343331e-05
5972,-0.024713682941531,0.0826122957349417,0.0146817846724695,238,9,6,0,67,0.003528788865454604
5973,-0.0579016416693259,0.0869923451134002,0.0049438904837095,238,8,6,0,87,0.004426521123504939
5974,0.0426550366982235,0.06078359823044,0.0266513864664777,238,10,3,1,16,0.0025561943286749496
5975,0.051802999680885,0.077563709520553,0.040634810641249,238,11,5,2,24,0.0022595098618287553
5976,-0.1761160160266638,0.0845191136768679,0.0315930473308059,238,6,6,2,15,0.0022845815446225454
5977,0.0556323795340921,0.0688409784984915,0.0011319464052029,238,11,4,0,96,0.0038563263286608743
5978,-0.0525830585398716,0.1552607873980567,0.1719378398111691,238,9,13,11,2,0.00025609018731540797
5979,-0.3741800517675424,0.131053527036476,0.1038295338555498,238,2,11,6,2,0.00014328693205885556
5980,-0.3078750487536786,0.1125749826787937,0.049201607010578,238,3,9,3,16,0.0011554300265711247
5981,0.3263128036024535,0.0537107581320045,0.0411550510706759,238,16,3,2,22,0.0008277185805572241
5982,0.0923660603481899,0.0685548959956781,0.0310006011627625,238,11,4,2,22,0.0021938763198335637
5983,0.0800269474878559,0.0864715144041225,0.0481776624719065,238,11,6,3,17,0.0015177436956017969
5984,-0.3189377016629436,0.1153417969974042,0.0022287589856981,238,3,9,0,69,0.003704547569987754
5985,0.1457646349679112,0.1048088755120414,0.0717129725401262,238,12,8,4,2,0.0004159353437487317
5986,-0.3123426585824203,0.1426586758685966,0.0576988816008201,238,3,12,3,6,0.000405900825063986
5987,-0.2287345317873984,0.1065299701210964,0.0093255168284285,238,5,8,0,70,0.004087396103385501
5988,-0.1947665142006169,0.1020045123010866,0.0810912381700218,238,6,8,5,7,0.0008740556127774582
5989,0.2875226039783001,0.1061885111497891,0.1159924675165066,238,15,8,7,5,0.0002972427616203078
5990,0.1606566677303832,0.11667235703208,0.1459903648755453,238,13,9,9,2,0.000260886017752816
5991,-0.1762578449101159,0.1138470191364345,0.0032320831746927,238,6,9,0,20,0.0017687167254327434
5992,-0.1816473424812963,0.0869042495416403,0.0067138109942223,238,6,6,0,123,0.0049806266057812725
5993,-0.0779704286778002,0.089622371514612,0.0268357578369998,238,8,6,1,32,0.004098846777087474
5994,-0.2076729425947593,0.1358598184155239,0.0281786796905634,238,5,11,1,2,0.0005364397316847152
5995,0.1741304116583342,0.1369273829827896,0.1894393058071103,238,13,11,12,2,9.847712984172242e-05
5996,0.0522994007729674,0.0698715806806682,0.0069105636359807,238,11,4,0,96,0.0038563263286608743
5997,0.2739779456086231,0.0860834089032477,0.0838265497551411,238,15,6,5,7,0.0004263089838112961
5998,-0.277523667694926,0.0999377025022801,0.0216248767340161,238,4,7,1,28,0.0038455970181802803
5999,-0.0033684359819877,0.0696324519117716,0.0008371278992167,238,9,4,0,110,0.004292388740450521
6000,-0.1780307059532673,0.094259023899327,0.0147230020658494,238,6,7,0,96,0.004713885748433999
6001,0.1576782611778888,0.0592303610072682,0.0066325051652711,238,13,3,0,68,0.0026935169555837167
6002,-0.392192319965961,0.1035517892136465,0.0086806652260561,238,2,8,0,89,0.003550440087193625
6003,-0.1984540651703719,0.0896552157800967,0.022004507500491,238,6,6,1,30,0.004217975956735463
6004,-0.0787504875367868,0.106016695716633,0.0522131840014491,238,8,8,3,12,0.0012201196394973663
6005,0.0708080700634684,0.0777198100378915,0.0194404798398054,238,11,5,1,13,0.002822196505883785
6006,0.0676878346275218,0.064348673250451,0.0290474514382111,238,11,4,1,35,0.00355858256828443
6007,-0.2124951246321313,0.1034620369118845,0.0027531230839475,238,5,8,0,70,0.004087396103385501
6008,-0.1602311810800269,0.0874886940545974,0.0139199056565156,238,6,6,0,123,0.0049806266057812725
6009,-0.148104811544871,0.0908356467371374,0.0539781151419778,238,7,7,3,28,0.0017006627136119561
6010,-0.3056767010601708,0.104494042676349,0.0034603674802639,238,3,8,0,100,0.004333383064151017
6011,-0.0737155621742367,0.0882673873706737,0.0150058329378914,238,8,6,0,87,0.004426521123504939
6012,0.2769563521611176,0.0402282939963426,0.001857849946888,238,15,1,0,37,0.0012568719412054995
6013,0.0180477254192816,0.0737293194401389,0.0034585894479635,238,10,5,0,75,0.003855261700858351
6014,0.1310853455306173,0.0454398617000439,0.0121706358460499,238,12,2,0,34,0.0021758371823757663
6015,0.2049781938091692,0.0629924282626186,0.0509321012633281,238,14,4,3,13,0.001024868986996489
6016,-0.0989611034287132,0.0962655701996614,0.023310250773925,238,8,7,1,25,0.0028794895434652297
6017,-0.2042690493919086,0.1027700533442379,0.0025804733129032,238,5,8,0,70,0.004087396103385501
6018,0.0729355033152501,0.1001360884349298,0.1042600548858254,238,11,8,6,14,0.0008546697678377422
6019,-0.3200014182888345,0.1124679930011179,0.0129061888496635,238,3,9,0,69,0.003704547569987754
6020,0.1038541999078112,0.0791165173133416,0.0698864334312428,238,12,5,4,7,0.0009729544999730399
6021,0.2990816579796475,0.0434969706231849,0.0113602352303162,238,16,2,0,12,0.0010230552340021607
6022,-0.3246817714427542,0.1239334782389141,0.0146636584513663,238,3,10,0,24,0.002332232535430932
6023,0.0905222848633124,0.0453782290716197,0.0060565030715853,238,11,2,0,18,0.0018657310811233557
6024,0.1286033400702052,0.0619083549339926,0.0022342469682947,238,12,4,0,46,0.003005418736203267
6025,0.1098819274545261,0.0579526107607452,0.005048499956921,238,12,3,0,112,0.0033545247846789965
6026,-0.2515689820231889,0.1243208190541331,0.0555827464888323,238,5,10,3,8,0.0008795548019534462
6027,-0.0032975215402616,0.0679642419829138,0.0218932278644422,238,9,4,1,19,0.003555003348932449
6028,-0.0783250008864305,0.0836096174222283,0.0442790246375204,238,8,6,2,25,0.0025738901815202356
6029,0.0960536113179448,0.0601031378490768,0.0056009422704642,238,11,3,0,87,0.0035031944625956886
6030,-0.1450554905506506,0.1068981855382901,0.0418222646152244,238,7,8,2,12,0.0017732637311286177
6031,0.2649008970676877,0.1002042345494095,0.1154303893690491,238,15,8,7,5,0.0002972427616203078
6032,0.122150125873134,0.0575464083535587,0.0033053224244157,238,12,3,0,112,0.0033545247846789965
6033,-0.0626529092649718,0.0955394748287601,0.0193935559591724,238,8,7,1,25,0.0028794895434652297
6034,-0.2141970712335567,0.101594151135337,0.0148117489936224,238,5,8,0,70,0.004087396103385501
6035,0.0273375172853951,0.0624328025965523,0.0130775539717252,238,10,4,0,104,0.004355003298635465
6036,0.1674644541360848,0.0578826505845799,0.0108835821308897,238,13,3,0,68,0.0026935169555837167
6037,0.0033684359819877,0.071237048691174,0.0145904758309304,238,10,5,0,75,0.003855261700858351
6038,0.1980285785200156,0.0991905510273675,0.1149922254740923,238,13,7,7,3,0.0004224323193738096
6039,-0.0503137964046377,0.0943291719803165,0.0561659131156065,238,9,7,3,16,0.0014739189266975681
6040,-0.2716377690316632,0.0865219375113669,0.0044336623746268,238,4,6,0,60,0.003468743098616289
6041,-0.2920611282487678,0.1542634682124034,0.1083535422550732,238,4,13,7,1,9.737546691391944e-05
6042,-0.063007481473602,0.152214358682959,0.1713095586602337,238,8,13,11,6,0.0002451231979308423
6043,-0.4010566251817182,0.1227682891918565,0.0014338481526287,238,2,10,0,64,0.0027862606231091225
6044,-0.0820834662979115,0.0789321928735868,0.0049607832012374,238,8,5,0,118,0.004884276702473828
6045,-0.1833492890827216,0.0823408818519593,0.0075403926285328,238,6,6,0,123,0.0049806266057812725
6046,-0.2346913448923873,0.1034494769146789,0.0018713739451912,238,5,8,0,70,0.004087396103385501
6047,0.1075417508775661,0.1311652655074542,0.1641784331744647,238,12,11,10,5,0.0002877203771255406
6048,-0.1466865227103499,0.0925695796190298,0.0678200997797614,238,7,7,4,14,0.001160727511064103
6049,0.1015140233308513,0.0490283192657168,0.0043783739734198,238,12,2,0,34,0.0021758371823757663
6050,-0.1150586817005282,0.0812638463289803,0.011561782155673,238,7,6,0,105,0.004915439800339099
6051,-0.4221891288160833,0.1071675663133366,0.0050151440139847,238,1,8,0,39,0.0022015621544169703
6052,-0.1898734177215189,0.0810462695102605,0.0355862378107586,238,6,6,2,15,0.0022845815446225454
6053,-0.4334645250505264,0.1228466789876047,0.0119325300271969,238,1,10,0,58,0.0024176974686684533
6054,-0.1454100627592809,0.0778462777333802,0.0187957111236305,238,7,5,1,35,0.003768331523905521
6055,-0.1805127114136793,0.1233485171704519,0.1146068667823878,238,6,10,7,10,0.0006562367513300406
6056,-0.0754884232173882,0.0905717600270643,0.0937670579729825,238,8,7,6,6,0.0005008773063975063
6057,0.0820834662979115,0.0493711716495937,0.0048120645936023,238,11,2,0,18,0.0018657310811233557
6058,-0.0658440591426443,0.1070449122837404,0.03588821245028,238,8,8,2,11,0.0013249138978104157
6059,0.3177321561536006,0.1020239274813065,0.1417990303125041,238,16,8,9,3,0.00017090433782608166
6060,-0.0414494911888806,0.0980068647734691,0.0773193452741293,238,9,7,5,11,0.0008999656682911266
6061,-0.3436868418253376,0.105870799337324,0.0008555723231738,238,3,8,0,100,0.004333383064151017
6062,0.0113817678970322,0.0759380739260688,0.0386605452223421,238,10,5,2,36,0.0025029702124330115
6063,-0.0539304329326667,0.068257604740138,0.0189118554228453,238,8,4,1,19,0.0029757617683365627
6064,0.0635038825656844,0.0660533287734843,0.0212322035955395,238,11,4,1,35,0.00355858256828443
6065,0.3945324965429209,0.0910098930255225,0.108933085931522,238,17,7,7,3,0.0001758520471339795
6066,-0.1141367939580895,0.1095075612207806,0.0308506951755604,238,7,8,2,12,0.0017732637311286177
6067,-0.2124242101904052,0.0987143106598281,0.0048545377192206,238,5,7,0,118,0.004976576343704583
6068,-0.2610715172144807,0.081588722378395,0.0038576259603501,238,4,6,0,60,0.003468743098616289
6069,0.0449952132751834,0.1138030822741822,0.1226093958699622,238,10,9,8,5,0.000530062973072162
6070,-0.0129418856150054,0.0908555668940053,0.0704074173774508,238,9,7,4,11,0.0012049178080219785
6071,-0.0312378115803283,0.0701970299801871,0.0034206764405881,238,9,4,0,110,0.004292388740450521
6072,-0.2006524128638797,0.089442312342896,0.0297039346972863,238,6,6,1,30,0.004217975956735463
6073,-0.1852639790093252,0.1155140263351169,0.0934084998647123,238,6,9,6,15,0.0008086379587624537
6074,0.1198099492961741,0.0607554985636739,0.0133718434510657,238,12,3,0,112,0.0033545247846789965
6075,-0.021026131971776,0.1373593878759533,0.1276789367044675,238,9,11,8,7,0.0005266051561481871
6076,-0.2834804807999148,0.100638635287726,0.0452841915545206,238,4,8,2,18,0.0022378626382709432
6077,-0.0245718540580789,0.1005965284598389,0.084604177504997,238,9,8,5,17,0.0009574163963989238
6078,-0.0425841222564975,0.0770094746562522,0.0128955060497114,238,9,5,0,128,0.00475484797010613
6079,0.3863064213026982,0.0357476107564648,0.0095421006267694,238,17,1,0,23,0.0007836667221217257
6080,-0.4658724249193347,0.1245445824123985,0.0020620254001729,238,0,10,0,21,0.001299022135957822
6081,-0.0246427684998049,0.0752811453953207,0.0651217815287697,238,9,5,4,2,0.000646226027477602
6082,0.120873665922065,0.0654267828359676,0.0288648007264836,238,12,4,1,39,0.0030492137784899846
6083,-0.2765308655107612,0.0950622178834652,0.0457944054258089,238,4,7,2,14,0.001988598870210548
6084,-0.2934794170832889,0.0976849616779532,0.0024261390161771,238,4,7,0,120,0.004630464276693427
6085,-0.2854660851682444,0.0827645975050441,0.0238781699448383,238,4,6,1,14,0.002774995476257176
6086,-0.245470340034748,0.1357352761630403,0.0966214172212811,238,5,11,6,2,0.0004231188166944295
6087,-0.2303655639470977,0.0887591672469855,0.001739230253673,238,5,6,0,104,0.004457874728275953
6088,-0.355174981384959,0.1083458849254905,0.0077023034929455,238,2,8,0,89,0.003550440087193625
6089,-0.180158139205049,0.073606246849175,0.0079685795932871,238,6,5,0,87,0.0037737578394178533
6090,-0.260220543913768,0.1095744460528818,0.0257386555133461,238,4,8,1,31,0.003922345351422437
6091,-0.3206396482643689,0.0891945189906639,0.0141382560338211,238,3,6,0,36,0.0023601621856203458
6092,0.1902279899301492,0.0630076197755803,0.0369910149455097,238,13,4,2,27,0.0017949624306630315
6093,-0.3859518490940679,0.0971594989022524,0.0055015304077531,238,2,7,0,52,0.002597604187038845
6094,-0.3532602914583554,0.0814220028471042,0.005943982859969,238,3,6,0,36,0.0023601621856203458
6095,-0.0574052405772435,0.1179299092826043,0.0964108435170133,238,8,9,6,16,0.0008557918870896612
6096,-0.0286139772364642,0.1185952780504476,0.1158499083832423,238,9,9,7,10,0.0007146520219973656
6097,0.0496755664291032,0.0809393498517468,0.0522297447913146,238,11,6,3,17,0.0015177436956017969
6098,-0.0327979292983015,0.077842106833703,0.0021915115047986,238,9,5,0,128,0.00475484797010613
6099,0.3318441300570861,0.1057535862505739,0.1343692826226712,238,16,8,8,5,0.00022595425613333912
6100,-0.473743927950927,0.1394666570126306,0.0028534593510913,238,0,12,0,6,0.0005410486288017147
6101,-0.2091621458710065,0.1242018835062805,0.0255056204487936,238,5,10,1,9,0.0013273729928213807
6102,0.0619437648477112,0.1176859564621061,0.1246040471841376,238,11,9,8,8,0.0005261201831962991
6103,-0.4408396269900365,0.1340665997517084,0.0627911530553276,238,1,11,4,4,0.0002482401363726173
6104,0.255256532992944,0.0910278791966541,0.0902348082350902,238,15,7,5,2,0.0002560206660312277
6105,-0.3230507392830549,0.1099395205950446,0.02121464372263,238,3,9,1,37,0.003326167945494541
6106,-0.3220579370988901,0.0884415459446121,0.0098645951986763,238,3,6,0,36,0.0023601621856203458
6107,-0.4837428642343012,0.1478635200215914,0.0367495514799961,238,0,12,2,1,0.00027629812237996485
6108,-0.2777364110201042,0.0780911635975117,0.0039200423287437,238,4,5,0,26,0.0018323270165334974
6109,-0.193702797574726,0.0909472538262569,0.0501634507736457,238,6,7,3,27,0.001618208133972155
6110,0.1729957805907172,0.0550494091960945,0.014804196480833,238,13,3,0,68,0.0026935169555837167
6111,-0.2182391944119419,0.1014566754027353,0.004019547849998,238,5,8,0,70,0.004087396103385501
6112,-0.3113498563982554,0.1224019023272945,0.0067047147650873,238,3,10,0,24,0.002332232535430932
6113,-0.3881501967875757,0.1166283861452414,0.0044543645529065,238,2,9,0,92,0.0036402965216667748
6114,0.0664822891181789,0.1322062117682535,0.1448629861672782,238,11,11,9,5,0.0003710717706472742
6115,-0.2222104031486012,0.1013450037828067,0.0043082056605104,238,5,8,0,70,0.004087396103385501
6116,-0.0809488352302946,0.0722515645255881,0.0025359016395054,238,8,5,0,118,0.004884276702473828
6117,0.2238414353083005,0.0416802872936227,0.0093556647676689,238,14,2,0,63,0.001936958343928828
6118,-0.1050597454171541,0.1267597591416547,0.1331212078641377,238,7,10,8,8,0.0005563586716044574
6119,0.1218664681062298,0.0520302229027364,0.0259126712525533,238,12,3,1,38,0.0029775459777509877
6120,-0.1287451689536574,0.1012996934002939,0.0047529395890763,238,7,8,0,22,0.0023093496379671427
6121,0.404460518384569,0.0260773123496541,0.0021400905974928,238,18,0,0,15,0.0003567083730917672
6122,-0.1141367939580895,0.0870415223679224,0.0078689571425946,238,7,6,0,105,0.004915439800339099
6123,-0.0730064177569762,0.0778691795981519,0.0373330169470972,238,8,5,2,17,0.0022773988520767567
6124,0.0281884905861078,0.0844056144902633,0.0411084812905723,238,10,6,2,24,0.0021178534085580414
6125,-0.3821224692408608,0.1236757377654733,0.0358595136018319,238,2,10,2,11,0.001473134783876512
6126,-0.1482466404283232,0.0971237787257681,0.0106435122084614,238,7,7,0,75,0.003922112144946418
6127,0.0722263588979895,0.0574076553575612,0.0385331388245013,238,11,3,2,2,0.0014256844874780486
6128,-0.2131333546076658,0.1141539964751335,0.0473503296248871,238,5,9,3,11,0.0012722922549661209
6129,-0.3140446051838456,0.0984872875271076,0.0247055212900374,238,3,7,1,24,0.003043892917955284
6130,0.2322802538737013,0.0555643576407558,0.0210510873753549,238,14,3,1,20,0.0018794301899020256
6131,0.1001666489380562,0.128578277669708,0.1284626011950428,238,12,10,8,3,0.00038898685317287823
6132,0.0471935609686912,0.0830977850009539,0.019940794383497,238,10,6,1,19,0.0024793188556417934
6133,-0.1910789632308619,0.0887648692240919,0.0081006630156962,238,6,6,0,123,0.0049806266057812725
6134,-0.066624118001631,0.0917355981894216,0.0271192684401011,238,8,7,1,25,0.0028794895434652297
6135,0.0505265397298159,0.0691584018297923,0.0011940962644659,238,11,4,0,96,0.0038563263286608743
6136,-0.2461085700102825,0.0896014510929395,0.0251884311987721,238,5,6,1,26,0.0036553501392859243
6137,0.1608694110555614,0.0544633805634408,0.0284854219374478,238,13,3,1,35,0.0025669641651229784
6138,-0.0966918412934794,0.0951539237432904,0.014358056371849,238,8,7,0,32,0.002863781975607201
6139,-0.3570896713115625,0.1027606047770822,0.0009229807191501,238,2,8,0,89,0.003550440087193625
6140,-0.0468389887600609,0.0649264577011307,0.0374349076707909,238,9,4,2,7,0.0017571644385362929
6141,-0.0335779881572882,0.0733294044021603,0.0355825749132701,238,9,5,2,19,0.0025021876125847424
6142,-0.3197177605219302,0.1196901704736983,0.0139470952477289,238,3,10,0,24,0.002332232535430932
6143,-0.203559904974648,0.0836206362500095,0.0301991456059197,238,6,6,1,30,0.004217975956735463
6144,0.0254937418005176,0.1466628798291257,0.1524787884773421,238,10,12,10,11,0.0003687449162194606
6145,-0.0203169875545154,0.0644306246246952,0.0053175395477357,238,9,4,0,110,0.004292388740450521
6146,-0.0103889657128674,0.0933691699300111,0.0558347402118947,238,9,7,3,16,0.0014739189266975681
6147,0.2271744140694252,0.0899360989738893,0.0856380629101215,238,14,6,5,8,0.000589510168062825
6148,0.3081587065205828,0.0540964192809204,0.0430879004626681,238,16,3,2,22,0.0008277185805572241
6149,-0.3161011239939013,0.1164861011533558,0.0490043303011986,238,3,9,3,16,0.0011554300265711247
6150,-0.2556820196433003,0.1296193101421171,0.0339436131075652,238,4,11,2,6,0.0007756277380663139
6151,-0.2372442647945253,0.1195480622087346,0.022184390761402,238,5,9,1,21,0.0025129596142606752
6152,0.2254015530262737,0.0394906443077783,0.0092567456716065,238,14,1,0,22,0.0012417306714709786
6153,-0.2317129383398928,0.0928603144545307,0.0372098634925233,238,5,7,2,24,0.0024001793753435753
6154,-0.393397865475304,0.1014023528895085,0.009062354081383,238,2,8,0,89,0.003550440087193625
6155,-0.3273056057866184,0.1025097187849357,0.0007778941672625,238,3,8,0,100,0.004333383064151017
6156,-0.2020707016984008,0.1070217601391477,0.06225445111404,238,6,8,4,11,0.0012040164928400956
6157,0.0547814062333794,0.0998871435155986,0.1077329744233914,238,11,7,7,2,0.00041653495407219097
6158,0.0392511434953728,0.1064340719734878,0.0974578134790383,238,10,8,6,15,0.0008757743252029102
6159,-0.1572527745275325,0.1148954101199229,0.0628042308116557,238,6,9,4,19,0.0010847483299686014
6160,-0.4755167889940785,0.1317035567941143,0.0066736502677325,238,0,11,0,17,0.0009954726964181157
6161,0.122150125873134,0.1403740817924213,0.1666886427571204,238,12,12,10,4,0.0002551316566191596
6162,-0.210935006914158,0.0847468676175502,0.036796154387573,238,5,6,2,14,0.0018513353508829
6163,-0.0752047654504839,0.0794736950668314,0.0323102016031259,238,8,5,2,17,0.0022773988520767567
6164,-0.3170939261780661,0.1391097711748837,0.0343386124495894,238,3,12,2,5,0.0004779927054410548
6165,-0.2654682126014963,0.1119630120938542,0.0781075320353543,238,4,9,5,6,0.000665205753037138
6166,0.3262418891607275,0.0330143056773988,0.0045739266284391,238,16,1,0,44,0.0011029673443555539
6167,0.1603020955217529,0.1548953251280681,0.1852373721584963,238,13,13,12,4,0.00011959051088271212
6168,0.1687409140871538,0.057865908406856,0.0357260347376745,238,13,3,2,12,0.0015635494242541884
6169,0.1721448072900046,0.0418045106077225,0.0038448799832528,238,13,2,0,51,0.002201728852969309
6170,-0.0174094954437471,0.069956341934032,0.0120944774672799,238,9,4,0,110,0.004292388740450521
6171,-0.2679502180619083,0.115430487803577,0.0774364519898137,238,4,9,5,6,0.000665205753037138
6172,-0.254121901925327,0.1116185719049361,0.0368495312305549,238,4,9,2,13,0.001982695041022654
6173,-0.0144310888912527,0.062705734142678,0.0299014658443058,238,9,4,1,19,0.003555003348932449
6174,-0.302201893415594,0.0777999975858339,0.0120331195631483,238,4,5,0,26,0.0018323270165334974
6175,-0.0856291883842144,0.075666219503661,0.0218389233388908,238,8,5,1,45,0.004231983686421704
6176,0.1020104244229337,0.060913430051893,0.0472140103828992,238,12,3,3,4,0.0006895258710323855
6177,0.0635747970074105,0.0689925352174312,0.0239394842987984,238,11,4,1,35,0.00355858256828443
6178,0.0118781689891146,0.0941634462042319,0.060262195576711,238,10,7,3,21,0.0013092804382386475
6179,0.0991029323121653,0.0976469945084635,0.0851656112695152,238,12,7,5,15,0.0009148081068238731
6180,-0.1478920682196929,0.0985389754370614,0.0705880619464111,238,7,7,4,14,0.001160727511064103
6181,-0.2367478637024429,0.084186509234499,0.008190442482042,238,5,6,0,104,0.004457874728275953
6182,-0.3935396943587561,0.1054366104853367,0.0609099651791629,238,2,8,3,3,0.0006349503674971046
6183,0.3098606531220082,0.114310290319499,0.1474267483973063,238,16,9,9,6,0.00016151987207929988
6184,0.1232138424990249,0.0462656450265238,0.0093901173832769,238,12,2,0,34,0.0021758371823757663
6185,-0.1607275821721093,0.106699880256306,0.0241514780946,238,6,8,1,25,0.003122502696240139
6186,0.2024252739070311,0.085094935882061,0.0855187887287974,238,14,6,5,8,0.000589510168062825
6187,-0.1260504201680672,0.1305028702611173,0.0955576690897516,238,7,11,6,3,0.0004092940474180883
6188,-0.0297486083040811,0.1131090899041475,0.1181108767314783,238,9,9,7,10,0.0007146520219973656
6189,-0.275041662234514,0.1543684509035099,0.1610803526535796,238,4,13,10,3,0.00012347845194892834
6190,0.159167464454136,0.0723886852846209,0.0595359340328317,238,13,5,3,23,0.0012615436760510372
6191,-0.2532709286246143,0.0837404954905371,0.014753235719635,238,5,6,0,104,0.004457874728275953
6192,-0.2785164698790908,0.1276415613706083,0.0125174667262474,238,4,10,0,10,0.0017092288079863843
6193,0.2489451476793248,0.067833478131196,0.0644927746310299,238,15,4,4,9,0.0006083114687464467
6194,0.0235790518739141,0.097874570529674,0.0944883341260908,238,10,7,6,6,0.0006864075408236783
6195,-0.2957486792185228,0.1039605602003855,0.001374319295688,238,4,8,0,91,0.004483419991872029
6196,-0.129525227812644,0.0701757003899866,0.0100451928272423,238,7,4,0,53,0.0027892752163863077
6197,0.1915753643229443,0.0419220714801128,0.005345822279166,238,13,2,0,51,0.002201728852969309
6198,-0.2229904620075878,0.1173654625627007,0.0984918470084035,238,5,9,6,5,0.0006209972663978852
6199,0.017267666560295,0.0835254149212441,0.0316966864613953,238,10,6,2,24,0.0021178534085580414
6200,-0.0887494238201609,0.0743077125921806,0.0016007131943888,238,8,5,0,118,0.004884276702473828
6201,-0.1829947168740913,0.1106366077011972,0.0544192895082234,238,6,9,3,9,0.0011717121642149597
6202,-0.1699464595964968,0.1102089102389838,0.0941277519654655,238,6,9,6,15,0.0008086379587624537
6203,-0.3008545190227989,0.0956156386197914,0.0080674727273735,238,4,7,0,120,0.004630464276693427
6204,0.1666843952770981,0.0883420131397393,0.0953548927085631,238,13,6,6,5,0.00052772168952842
6205,0.0353508492004396,0.0729353416874943,0.0145931746953564,238,10,5,0,75,0.003855261700858351
6206,-0.0028011204481792,0.0646613690670389,0.0016082495450425,238,10,4,0,104,0.004355003298635465
6207,-0.2069637981774988,0.0865819501269174,0.0014049841980699,238,5,6,0,104,0.004457874728275953
6208,0.0992447611956174,0.0585945135138899,0.0100089999537078,238,12,3,0,112,0.0033545247846789965
6209,-0.1820019146899265,0.1376689239715315,0.1569031449199715,238,6,11,10,4,0.00020015453098836327
6210,0.0744956210332234,0.1079554521077242,0.1029589797716868,238,11,8,6,14,0.0008546697678377422
6211,-0.3839662447257383,0.1264574501517808,0.0123236309164054,238,2,10,0,64,0.0027862606231091225
6212,0.1264759068184235,0.0545216552818036,0.003420648619153,238,12,3,0,112,0.0033545247846789965
6213,0.0971882423855618,0.0569423545818152,0.0059496479393279,238,11,3,0,87,0.0035031944625956886
6214,-0.0203879019962415,0.1415192731466286,0.1524983412132329,238,9,12,10,6,0.0003667185480643444
6215,0.0008155160798496,0.0843626903635767,0.0417687008568528,238,10,6,2,24,0.0021178534085580414
6216,-0.2522072119987235,0.133058817858252,0.0627239041399535,238,5,11,4,1,0.0003876893991541434
6217,-0.12456121689182,0.1035961955995079,0.0124855823680807,238,7,8,0,22,0.0023093496379671427
6218,0.3991419352551146,0.1407338608889885,0.1970090071421013,238,18,12,12,1,3.0259725374382955e-05
6219,-0.2558947629684785,0.151550567988477,0.1485422082328259,238,4,13,9,2,0.00013284512053730497
6220,0.3334751622167854,0.0735085739086419,0.0843626808932799,238,16,5,5,7,0.0003730388774386522
6221,-0.111016558522143,0.0736800178425392,0.0088142175227848,238,7,5,0,86,0.004462857898018962
6222,-0.2448321100592135,0.085517025963796,0.0011898010530489,238,5,6,0,104,0.004457874728275953
6223,0.1092436974789915,0.0637554430737824,0.0149330762973732,238,12,4,0,46,0.003005418736203267
6224,0.0340034748076445,0.054177646181991,0.004294278218591,238,10,3,0,83,0.003204714279147116
6225,0.0387547424032904,0.0617686259960992,0.0138200582517917,238,10,4,0,104,0.004355003298635465
6226,-0.3888593412048363,0.1254246052861396,0.0244623026262443,238,2,10,1,26,0.002507580560992337
6227,0.04074034677162,0.1096353998909715,0.1372407049314706,238,10,8,9,2,0.00012932156613190557
6228,-0.0890330815870651,0.0645600981513609,0.004942922344936,238,8,4,0,68,0.003645851648012564
6229,0.1045633443250717,0.0741952593801953,0.0225297002476806,238,12,5,1,16,0.0020170201009321654
6230,-0.3780803460624756,0.0996747677192426,0.0221522695627821,238,2,7,1,15,0.002041776405580754
6231,0.2349040882175654,0.0617502430704901,0.0370062861532131,238,14,4,2,15,0.0012844812788815414
6232,-0.2036308194163741,0.0880927522776631,0.0055800508537715,238,6,6,0,123,0.0049806266057812725
6233,-0.3050384710846363,0.1364909559027425,0.0447640353068621,238,3,11,2,9,0.0009388176885971226
6234,-0.0982519590114526,0.1199929505839118,0.0654435355026065,238,8,10,4,2,0.0003869198443938905
6235,0.1990213807041803,0.065032516752927,0.0341947794913394,238,14,4,2,15,0.0012844812788815414
6236,-0.1372549019607842,0.0920303777656564,0.0104838467038637,238,7,7,0,75,0.003922112144946418
6237,0.1525015069318866,0.0661534207997555,0.0222653694300853,238,13,4,1,27,0.002211503016508247
6238,-0.4201326100060276,0.1150049421099231,0.0063433699775277,238,1,9,0,77,0.0026736108853416024
6239,-0.1249867035421763,0.0848765623228824,0.0024329512402799,238,7,6,0,105,0.004915439800339099
6240,-0.4276495408289897,0.1110715492007457,0.0010044229849552,238,1,9,0,77,0.0026736108853416024
6241,-0.2227068042406835,0.1170301948379199,0.063928792535719,238,5,9,4,13,0.001032141634315045
6242,-0.236889692585895,0.0991589477632462,0.0311326066680438,238,5,7,2,24,0.0024001793753435753
6243,0.12222104031486,0.0995067132877328,0.0884128316155254,238,12,7,5,15,0.0009148081068238731
6244,0.2559656774102046,0.0437170697445016,0.0107137588560331,238,15,2,0,32,0.001490183960655832
6245,-0.0257773995674219,0.0962467915482099,0.0741469583354477,238,9,7,4,11,0.0012049178080219785
6246,0.111016558522143,0.0433895229750417,0.0112296876340558,238,12,2,0,34,0.0021758371823757663
6247,0.4212672410736445,0.0569065725753612,0.0621224875983032,238,18,3,4,3,0.0002027314164934588
6248,-0.1200936070630783,0.0997124978876676,0.0539774512303941,238,7,7,3,28,0.0017006627136119561
6249,-0.2809275608977767,0.1262663592430044,0.0731327098181911,238,4,10,4,10,0.0007531324760669358
6250,0.0757011665425663,0.1332508225207725,0.125836643420479,238,11,11,8,4,0.00034970106862748694
6251,0.1717193206396482,0.0892048632883768,0.0906633978037731,238,13,6,5,13,0.0007739761892615038
6252,-0.2307910505974541,0.1000608922522427,0.0145877127565765,238,5,7,0,118,0.004976576343704583
6253,-0.2644754104173314,0.0916999696069775,0.0013555205283509,238,4,7,0,120,0.004630464276693427
6254,0.1325036343651384,0.0610614708717781,0.0009147656042203,238,12,3,0,112,0.0033545247846789965
6255,-0.2301528206219196,0.0907737503547774,0.001702593692329,238,5,7,0,118,0.004976576343704583
6256,-0.1058398042761408,0.075841444263559,0.0063267279355876,238,7,5,0,86,0.004462857898018962
6257,0.3414884941318299,0.0365496574152061,0.0220427112864211,238,16,1,1,6,0.000947826424712255
6258,-0.2349750026592915,0.0894075875185238,0.0167067023846069,238,5,6,1,26,0.0036553501392859243
6259,0.2241250930752047,0.0517122695491408,0.0275701809916282,238,14,3,1,20,0.0018794301899020256
6260,-0.2692266780129773,0.1048258921436824,0.0059038780068858,238,4,8,0,91,0.004483419991872029
6261,-0.1345601531751941,0.0729107909688051,0.0039099099034869,238,7,5,0,86,0.004462857898018962
6262,-0.051873914122611,0.0603319730034095,0.0056122777934874,238,9,3,0,38,0.002541755274822797
6263,0.0437896677658405,0.0543877742850327,0.0104744225759804,238,10,3,0,83,0.003204714279147116
6264,0.1680317696698932,0.1249667429004118,0.1477652558272519,238,13,10,9,7,0.0002713035225251719
6265,-0.3586497890295358,0.1102035159594856,0.0112338885768045,238,2,9,0,92,0.0036402965216667748
6266,-0.1162642272098712,0.0749559748931413,0.0036579025287259,238,7,5,0,86,0.004462857898018962
6267,-0.1556217423678332,0.1249745639295649,0.1271822254811303,238,6,10,8,9,0.00046411248093209724
6268,-0.0930752047654504,0.074329691613483,0.0137256223089682,238,8,5,0,118,0.004884276702473828
6269,-0.111087472963869,0.1101329080867578,0.1164925586669201,238,7,9,7,11,0.0006895840231845074
6270,-0.3395738042052263,0.1054590710600825,0.0093003637037331,238,3,8,0,100,0.004333383064151017
6271,-0.3141864340672977,0.1108578670929545,0.0563253350391145,238,3,9,3,16,0.0011554300265711247
6272,-0.423040102116796,0.1327139859519584,0.0047632007712168,238,1,11,0,44,0.0016412330933814783
6273,-0.2570293940360953,0.1334162283586082,0.0446084520171379,238,4,11,2,6,0.0007756277380663139
6274,0.3170939261780661,0.034297745523514,0.0095027299190615,238,16,1,0,44,0.0011029673443555539
6275,-0.305889444385349,0.1258116819718321,0.1176278019469129,238,3,10,7,2,0.0002392837099461773
6276,-0.1668971386022763,0.0775334090519886,0.0019223057675351,238,6,5,0,87,0.0037737578394178533
6277,-0.3533312059000815,0.128893536568547,0.0206556757748088,238,3,10,1,18,0.0022729880349347505
6278,-0.3611317944899478,0.092123654018189,0.0031570152945198,238,2,7,0,52,0.002597604187038845
6279,-0.1181789171364748,0.1038343455465953,0.0591099411769186,238,7,8,3,10,0.0014664422006572305
6280,0.1272559656774101,0.0556195164202953,0.0032071770418925,238,12,3,0,112,0.0033545247846789965
6281,0.2244087508421089,0.0770475415380506,0.0705300733087422,238,14,5,4,19,0.0007926131938837975
6282,-0.3027692089494025,0.0765684011308681,0.0058273239677038,238,4,5,0,26,0.0018323270165334974
6283,-0.0437187533241144,0.0697744501307601,0.0066931521321965,238,9,4,0,110,0.004292388740450521
6284,0.0466971598766088,0.0632817039907365,0.0022870683953454,238,10,4,0,104,0.004355003298635465
6285,-0.0402439456795376,0.0808563484828929,0.0059019018209993,238,9,6,0,67,0.003528788865454604
6286,-0.0249264262667092,0.0686910344751332,0.0031120684782377,238,9,4,0,110,0.004292388740450521
6287,-0.0032975215402616,0.0642317112175746,0.0060579432779931,238,9,4,0,110,0.004292388740450521
6288,0.263979009325249,0.0580190371470513,0.0353163271582993,238,15,3,2,24,0.0010910017256819872
6289,-0.3452469595433109,0.1223696790001827,0.0962727021191895,238,3,10,6,7,0.0003334749144724646
6290,-0.3960216998191681,0.1203819416903768,0.0065321063915062,238,2,10,0,64,0.0027862606231091225
6291,-0.1967521185689465,0.0836489503148034,0.0055437050313398,238,6,6,0,123,0.0049806266057812725
6292,0.0174094954437471,0.1638607850351197,0.1983649492563496,238,10,14,13,4,0.0001801965224288146
6293,-0.3229089103996028,0.1005419228453458,0.0020284457170312,238,3,8,0,100,0.004333383064151017
6294,-0.3025564656242243,0.1412374153067847,0.1354040996491355,238,4,12,8,3,0.00021933131485830134
6295,0.3981491330709498,0.0414440004685242,0.0334289132905754,238,17,1,2,1,0.0003858173298832856
6296,-0.0270538595184909,0.0501435006864486,0.0079317118406579,238,9,2,0,1,0.0009259282735740503
6297,0.0219480197142147,0.0821305671119826,0.0417319958902232,238,10,6,2,24,0.0021178534085580414
6298,-0.291068326064603,0.1008244771587856,0.0539079934985683,238,4,8,3,12,0.0012669446365662046
6299,-0.4110555614650923,0.1405542114646576,0.0066516206739136,238,1,12,0,17,0.000821500086197717
6300,-0.1692373151792362,0.1282750873056944,0.1220391305474402,238,6,10,8,9,0.00046411248093209724
6301,-0.2544055596922313,0.08063773779849,0.0269768135887676,238,4,6,1,14,0.002774995476257176
6302,-0.4080062404708718,0.1102215370930935,0.0182637414108085,238,1,9,1,18,0.0021988824875441887
6303,0.3939651810091124,0.0318198201370044,0.0032117235969059,238,17,1,0,23,0.0007836667221217257
6304,-0.1737049250079778,0.0787933161955082,0.0162199989417778,238,6,5,1,15,0.003066965874110903
6305,0.1697337162713186,0.0487878840201535,0.0049631950209767,238,13,2,0,51,0.002201728852969309
6306,-0.1809381980640357,0.0966136935860299,0.0676683951296338,238,6,7,4,9,0.001004592582867325
6307,-0.303407438924937,0.0956311228168093,0.0071965716477654,238,4,7,0,120,0.004630464276693427
6308,0.3602808211892351,0.0486177847567699,0.0457741545456447,238,17,2,2,7,0.0005407629660983607
6309,-0.2340531149168528,0.1028302849637987,0.0172962142670881,238,5,8,1,31,0.003710872647041985
6310,0.0805942630216643,0.0835871279865234,0.0668381121866078,238,11,6,4,12,0.001206200991013593
6311,-0.1666134808353721,0.088212601621548,0.0285107141440258,238,6,6,1,30,0.004217975956735463
6312,-0.2436974789915965,0.0892799049822651,0.0025948804055397,238,5,6,0,104,0.004457874728275953
6313,-0.3226961670744246,0.0937345361773545,0.0065481891811285,238,3,7,0,83,0.0037735571101525844
6314,-0.2841896252171754,0.1227692343278455,0.0573587912664778,238,4,10,3,9,0.0010100687867596464
6315,0.0363436513846044,0.0650884846461444,0.0015120077223815,238,10,4,0,104,0.004355003298635465
6316,-0.4167287168031768,0.1296579209863597,0.0083760712111465,238,1,11,0,44,0.0016412330933814783
6317,-0.3167393539694358,0.0894084727988057,0.0049152202844168,238,3,6,0,36,0.0023601621856203458
6318,-0.3581533879374534,0.1068651637176274,0.0059810093468186,238,2,8,0,89,0.003550440087193625
6319,-0.2012197283976881,0.1109464414232658,0.0030474331673803,238,6,9,0,20,0.0017687167254327434
6320,-0.1528560791405169,0.0900297072229559,0.0385916005336464,238,7,6,2,17,0.002531552152626628
6321,-0.2507889231642023,0.0871781265301266,0.0066574755879858,238,5,6,0,104,0.004457874728275953
6322,-0.0718717866893592,0.0825077435981039,0.0227732359949134,238,8,6,1,32,0.004098846777087474
6323,-0.0386838279615643,0.1546362181758127,0.1980229961634104,238,9,13,13,1,0.000142869010925286
6324,0.0348544481083572,0.0575081310993879,0.0149067726093746,238,10,3,0,83,0.003204714279147116
6325,-0.2092330603127326,0.1391585915940259,0.1373174899113068,238,5,12,9,6,0.0002610441849557224
6326,0.1314399177392476,0.0837743831085034,0.0582066970576959,238,12,6,3,15,0.0012031467636487892
6327,-0.4006311385313618,0.1390388144766424,0.0041331048405833,238,2,11,0,22,0.0015995178499110165
6328,-0.214693472325639,0.0896983917124422,0.052042776623198,238,5,6,3,4,0.0008749168584488272
6329,-0.0684678934865085,0.0832300411881675,0.0048511387546191,238,8,6,0,87,0.004426521123504939
6330,-0.3228379959578767,0.0911661719765609,0.0044433348302125,238,3,7,0,83,0.0037735571101525844
6331,0.0254228273587916,0.0992421429426789,0.0714164224635644,238,10,7,4,19,0.0012049551147970568
6332,-0.1120093607063078,0.0686707944844121,0.0068470018666291,238,7,4,0,53,0.0027892752163863077
6333,-0.3808460092897918,0.1094301634869866,0.0446968918527167,238,2,8,2,7,0.0013970382356367826
6334,-0.0061340992093039,0.059681724468818,0.0284519709605957,238,9,3,1,7,0.0019758015093679832
6335,-0.1076835797610183,0.0975797662578694,0.0620639493750612,238,7,7,4,14,0.001160727511064103
6336,0.1748395560755948,0.0582452137447614,0.0089915762966606,238,13,3,0,68,0.0026935169555837167
6337,-0.1162642272098712,0.1045608257693115,0.1199702076303135,238,7,8,7,4,0.0004435380672483119
6338,-0.1315817466226997,0.0655159380447024,0.0146990804449244,238,7,4,0,53,0.0027892752163863077
6339,-0.4252384498103038,0.1229412754804704,0.0017904525686629,238,1,10,0,58,0.0024176974686684533
6340,0.2367478637024429,0.0715757672803008,0.0946640345265409,238,14,5,6,1,0.00028949403478514796
6341,-0.365103003226607,0.132526959224104,0.0241810863477906,238,2,11,1,10,0.0015299054669604833
6342,-0.2462503988937346,0.1181707288334316,0.0426705411383885,238,5,9,2,12,0.00176205040904918
6343,0.0791050597454171,0.1282390246433336,0.1539052713694494,238,11,10,10,1,0.00022780151914130118
6344,-0.0457752721341701,0.1259264890194134,0.1425022291241513,238,9,10,9,4,0.0004243167202811045
6345,-0.1842711768251604,0.0775248884891074,0.0054912208433847,238,6,5,0,87,0.0037737578394178533
6346,0.1668262241605502,0.0617939974415888,0.0050255623840319,238,13,4,0,10,0.0019536726542821745
6347,-0.3058185299436229,0.0832949976150148,0.0119440468653583,238,3,6,0,36,0.0023601621856203458
6348,-0.1658334219763854,0.0933172807999345,0.0029719831320295,238,6,7,0,96,0.004713885748433999
6349,-0.0225153352480232,0.0679318556993544,0.0021887161273809,238,9,4,0,110,0.004292388740450521
6350,-0.0788214019785129,0.0796060750229095,0.0506689032533718,238,8,5,3,8,0.0010831394703888387
6351,-0.2328475694075098,0.0907904013537881,0.0015434029942526,238,5,7,0,118,0.004976576343704583
6352,0.1417934262312519,0.1359465540494699,0.1674258166618025,238,12,11,10,5,0.0002877203771255406
6353,0.0759139098677445,0.0937759348394579,0.0896649779868474,238,11,7,5,17,0.0010146204443782594
6354,-0.1286033400702052,0.0757645864652283,0.0241067169079698,238,7,5,1,35,0.003768331523905521
6355,0.3024146367407722,0.0714173055512393,0.0549764217553379,238,16,5,3,2,0.00038788927679026745
6356,-0.3794277204552707,0.111078295050352,0.0141451637179732,238,2,9,0,92,0.0036402965216667748
6357,-0.255256532992944,0.1267994240092052,0.0275945078127711,238,4,10,1,11,0.0018171377599596609
6358,-0.1610112399390135,0.1132065477721649,0.0932963062397156,238,6,9,6,15,0.0008086379587624537
6359,0.0232953941070098,0.0756370153147441,0.0456095833890129,238,10,5,2,36,0.0025029702124330115
6360,-0.0749920221253058,0.0758197843489065,0.0022323574671373,238,8,5,0,118,0.004884276702473828
6361,-0.0668368613268091,0.0940799232632736,0.0650911711306975,238,8,7,4,17,0.0011918988240630826
6362,0.1188880615537354,0.0686610214424196,0.0179599553099946,238,12,4,1,39,0.0030492137784899846
6363,0.1059816331595929,0.0838666642647525,0.077093279853417,238,12,6,5,19,0.0008781639312160993
6364,-0.1551962557174768,0.0986162819098063,0.0016037682234738,238,6,7,0,96,0.004713885748433999
6365,-0.041945892280963,0.0672188804825065,0.0016301668789144,238,9,4,0,110,0.004292388740450521
6366,0.2103676913803495,0.0399622336916425,0.003585462492654,238,14,1,0,22,0.0012417306714709786
6367,-0.0806651774633904,0.0778635599272046,0.0290252054665833,238,8,5,1,45,0.004231983686421704
6368,-0.0722972733397156,0.1271721174157261,0.1116065284411649,238,8,10,7,10,0.0007142533272646659
6369,0.0029429493316313,0.0905909216583144,0.0637316565563731,238,10,7,4,19,0.0012049551147970568
6370,0.3968726731198808,0.0287953999008961,0.0017026032069038,238,17,0,0,15,0.0005505446427089447
6371,-0.4042477750593908,0.0973607815018496,0.0024712149419682,238,2,7,0,52,0.002597604187038845
6372,0.0290394638868205,0.0623520524327631,0.0439610579130323,238,10,4,2,18,0.0020621544372435682
6373,0.1066198631351274,0.0981146138515554,0.0878624567588522,238,12,7,5,15,0.0009148081068238731
6374,-0.1329291210154947,0.1052425715507716,0.0968537652680814,238,7,8,6,10,0.0007297963821060697
6375,0.0096798212956068,0.0741152659194765,0.0167517849604176,238,10,5,1,35,0.003681177079075407
6376,-0.1855476367762294,0.0781472684392275,0.0027934933803367,238,6,5,0,87,0.0037737578394178533
6377,0.0399602879126334,0.062419013050265,0.0031382103395891,238,10,4,0,104,0.004355003298635465
6378,-0.2041981349501825,0.0942986034277215,0.006912953230597,238,5,7,0,118,0.004976576343704583
6379,-0.3802077793142572,0.1202673769440925,0.0009967167594694,238,2,10,0,64,0.0027862606231091225
6380,-0.1720029784065524,0.0963371889979619,0.0454259747389799,238,6,7,2,22,0.002576945851115547
6381,-0.2215721731730666,0.0779334496480079,0.0036154637698555,238,5,5,0,48,0.002829270609622204
6382,-0.049391908662199,0.1076202144305591,0.103226538454178,238,9,8,6,9,0.0008307097466969611
6383,-0.2782328121121866,0.1097807262992686,0.0023758431499262,238,4,8,0,91,0.004483419991872029
6384,0.0031556926568095,0.0860794329363571,0.0089316317210997,238,10,6,0,9,0.002287597437481778
6385,-0.4643832216430875,0.1216978215254316,0.0014718720836125,238,0,10,0,21,0.001299022135957822
6386,-0.1917881076481225,0.100680144552752,0.0092751192852488,238,6,8,0,57,0.003300602884874217
6387,0.0337198170407403,0.0572620821991554,0.0058295436652731,238,10,3,0,83,0.003204714279147116
6388,0.2495833776548593,0.0452109737196393,0.0035630643922632,238,15,2,0,32,0.001490183960655832
6389,-0.1303762011133567,0.0958484420121724,0.0172777688496561,238,7,7,1,42,0.0036960149974717034
6390,0.1766833315604722,0.1745490719750539,0.231794773626755,238,13,15,15,1,4.343195119383216e-05
6391,-0.3560259546856716,0.1127860012336174,0.0343249702850849,238,2,9,2,15,0.001644406735155633
6392,-0.0225862496897493,0.0800749170217019,0.0092845504676844,238,9,5,0,128,0.00475484797010613
6393,-0.1846966634755167,0.0925880055877535,0.0136882266965325,238,6,7,0,96,0.004713885748433999
6394,-0.2367478637024429,0.0793571449876341,0.0079842763564521,238,5,5,0,48,0.002829270609622204
6395,-0.0522994007729674,0.0786314579699573,0.0025662046605413,238,9,5,0,128,0.00475484797010613
6396,0.2339112860334007,0.0596365297144585,0.0153933818570584,238,14,3,0,25,0.0018030019399556335
6397,0.1404460518384568,0.0554881458929744,0.0138335225584298,238,12,3,0,112,0.0033545247846789965
6398,-0.1047051732085238,0.0929561147803174,0.0484320177262427,238,7,7,3,28,0.0017006627136119561
6399,-0.252916356415984,0.1350110150762928,0.0386371554097077,238,5,11,2,6,0.0005500824340594334
6400,-0.1765415026770201,0.1126083502142137,0.0048024598043084,238,6,9,0,20,0.0017687167254327434
6401,-0.3931142077083998,0.1154269936120175,0.0035632269981611,238,2,9,0,92,0.0036402965216667748
6402,-0.2089494025458284,0.0801168774889548,0.0078801325334329,238,5,5,0,48,0.002829270609622204
6403,-0.1675353685778108,0.1226407411351465,0.1303629522458991,238,6,10,8,9,0.00046411248093209724
6404,0.1434244583909512,0.0397973593911257,0.0081311616153242,238,12,1,0,3,0.0008123113831180757
6405,-0.2846860263092578,0.0876004569434343,0.0112964592211253,238,4,6,0,60,0.003468743098616289
6406,0.0867638194518313,0.0460329828220244,0.0073405627747413,238,11,2,0,18,0.0018657310811233557
6407,-0.1920717654150267,0.089951788964116,0.0030583132918038,238,6,6,0,123,0.0049806266057812725
6408,0.415665000177286,0.0915962967050318,0.1127249878222543,238,18,7,7,2,9.511374047212319e-05
6409,0.3344679644009501,0.0393785476401851,0.0072645030711554,238,16,1,0,44,0.0011029673443555539
6410,-0.2785873843208168,0.1278312304510702,0.092137476533838,238,4,10,6,6,0.0004982559750678727
6411,-0.3970145020033329,0.0971511478175543,0.0057394585464343,238,2,7,0,52,0.002597604187038845
6412,-0.1859022089848597,0.0965639771711024,0.0568572131161105,238,6,7,3,27,0.001618208133972155
6413,0.1603020955217529,0.0634564658865545,0.0368899856300143,238,13,4,2,27,0.0017949624306630315
6414,-0.3846753891429989,0.1327534137576431,0.002097346234908,238,2,11,0,22,0.0015995178499110165
6415,-0.3461688472857497,0.1167167385472937,0.0713589670100691,238,3,9,4,9,0.0007424086181865663
6416,0.0427968655816757,0.0605726737605273,0.0015376414127705,238,10,3,0,83,0.003204714279147116
6417,-0.2445484522923093,0.1433437148323695,0.0688252327239192,238,5,12,4,5,0.00019108164082033287
6418,-0.1317944899478778,0.1104571486758801,0.0109353054380976,238,7,9,0,7,0.0010282395805998098
6419,-0.4060915505442682,0.1315550742161793,0.0041906558943166,238,1,11,0,44,0.0016412330933814783
6420,-0.1954756586178775,0.1029068881983616,0.0009823220804202,238,6,8,0,57,0.003300602884874217
6421,-0.1809381980640357,0.1118074816052592,0.0668606983697675,238,6,9,4,19,0.0010847483299686014
6422,-0.2373860936779774,0.0978672495833799,0.0185680233383959,238,5,7,1,30,0.0042669011761406455
6423,0.0873311349856398,0.1588462064022298,0.2018900925471667,238,11,14,13,3,0.00015444062288045378
6424,-0.0264865439846824,0.1020988476910429,0.0799731559908957,238,9,8,5,17,0.0009574163963989238
6425,0.1729957805907172,0.0570448380597261,0.0284847621010999,238,13,3,1,35,0.0025669641651229784
6426,0.0493209942204729,0.0866447054069277,0.0307453352767245,238,11,6,2,17,0.001619547454591884
6427,-0.1945537708754387,0.1000740192132549,0.0579137309421817,238,6,7,3,27,0.001618208133972155
6428,-0.0096089068538807,0.0785723947079881,0.0487164833754133,238,9,5,3,7,0.0013491537670559449
6429,-0.2753962344431443,0.1046425450957738,0.0342287689154484,238,4,8,2,18,0.0022378626382709432
6430,-0.2432010778995142,0.1048594238279769,0.0143707690875757,238,5,8,0,70,0.004087396103385501
6431,-0.3984327908378541,0.0888795255013985,0.0078573239886023,238,2,6,0,18,0.0013709358574978201
6432,0.0003900294294933,0.0603414613358832,0.0051322291363596,238,10,3,0,83,0.003204714279147116
6433,-0.0522994007729674,0.0552135936752854,0.0078738208105504,238,9,3,0,38,0.002541755274822797
6434,0.3212778782399035,0.0371302410935255,0.0027704927496384,238,16,1,0,44,0.0011029673443555539
6435,-0.411977449207531,0.1470257117007646,0.042908051464995,238,1,12,2,5,0.000499757758089458
6436,-0.2705740524057723,0.1268279517016069,0.0886380428398959,238,4,10,5,8,0.0005927037930509305
6437,-0.2197993121299152,0.0901426496675719,0.0136679118686516,238,5,6,0,104,0.004457874728275953
6438,-0.0974009857107399,0.082583127565903,0.0009262115785014,238,8,6,0,87,0.004426521123504939
6439,-0.0928624614402723,0.0786122221357639,0.0107671419355517,238,8,5,0,118,0.004884276702473828
6440,0.2046945360422649,0.0531586619148194,0.0036079435768376,238,14,3,0,25,0.0018030019399556335
6441,-0.0393220579370988,0.0916986992802269,0.0130836645411199,238,9,7,0,7,0.0018091093679902578
6442,0.0186859553948161,0.0671627784958381,0.001310470049003,238,10,4,0,104,0.004355003298635465
6443,-0.0288976350033684,0.0854888672486133,0.0530715212074881,238,9,6,3,22,0.0016882375614213183
6444,0.1602311810800269,0.0567300316681591,0.0160449944925175,238,13,3,1,35,0.0025669641651229784
6445,-0.2559656774102046,0.0904594167490363,0.0364752744203891,238,4,7,2,14,0.001988598870210548
6446,-0.4273658830620855,0.1102755046249412,0.0092712104147438,238,1,9,0,77,0.0026736108853416024
6447,-0.3597135056554266,0.1140329110330995,0.0070885778382862,238,2,9,0,92,0.0036402965216667748
6448,0.1490976137290359,0.1134588264877592,0.1205742961830949,238,13,9,7,5,0.00036288229573212187
6449,-0.3635428855086338,0.1335576544292631,0.0115445810069123,238,2,11,0,22,0.0015995178499110165
6450,0.2691557635712512,0.0368124778368769,0.005834390467675,238,15,1,0,37,0.0012568719412054995
6451,0.223274119774492,0.0409891028659671,0.0060793132740999,238,14,1,0,22,0.0012417306714709786
6452,0.0330815870652058,0.0907896065258603,0.052578188001935,238,10,7,3,21,0.0013092804382386475
6453,-0.2643335815338793,0.0844672707589454,0.0024535066013162,238,4,6,0,60,0.003468743098616289
6454,0.0169130943516647,0.0622151822131696,0.0025778192219112,238,10,4,0,104,0.004355003298635465
6455,-0.4406268836648583,0.1381639880090967,0.0022586375840868,238,1,11,0,44,0.0016412330933814783
6456,-0.4379321348792681,0.1225758053142124,0.0032230379724395,238,1,10,0,58,0.0024176974686684533
6457,0.1377513030528667,0.0873488135450216,0.0895894167012059,238,12,6,5,19,0.0008781639312160993
6458,-0.1552671701592029,0.1007091658504684,0.0045120417404204,238,6,8,0,57,0.003300602884874217
6459,-0.4018366840407048,0.1145942606322111,0.0042773498159491,238,2,9,0,92,0.0036402965216667748
6460,0.1150586817005282,0.1191635447499086,0.134231739918354,238,12,9,8,7,0.00044492125945252525
6461,-0.2378824947700598,0.1215040723358723,0.0084830260286214,238,5,10,0,7,0.0011796346268269876
6462,0.1600184377548487,0.0741521167295252,0.0540050576246987,238,13,5,3,23,0.0012615436760510372
6463,-0.293621245966741,0.0920696417408421,0.0196879092328027,238,4,7,1,28,0.0038455970181802803
6464,-0.3680814097791014,0.1040093342046123,0.003868104281787,238,2,8,0,89,0.003550440087193625
6465,-0.017338581002021,0.0670349988176154,0.0017303636157101,238,9,4,0,110,0.004292388740450521
6466,-0.0596035882707513,0.0715886637931908,0.0212589826273604,238,8,5,1,45,0.004231983686421704
6467,0.0286848916781902,0.0694050782915626,0.0012943206168074,238,10,4,0,104,0.004355003298635465
6468,-0.0995993334042477,0.0651341077001693,0.0088675325170675,238,8,4,0,68,0.003645851648012564
6469,0.1852639790093252,0.0592172634040859,0.0282029557888433,238,13,3,1,35,0.0025669641651229784
6470,-0.2754671488848703,0.0918939455457299,0.0016874016236599,238,4,7,0,120,0.004630464276693427
6471,-0.1819310002482005,0.0817196460871721,0.0019486188239808,238,6,6,0,123,0.0049806266057812725
6472,0.1983831507286458,0.0572960090005627,0.0049015569288633,238,14,3,0,25,0.0018030019399556335
6473,-0.0637875403325887,0.0853529875737722,0.0018308425260276,238,8,6,0,87,0.004426521123504939
6474,-0.0142183455660745,0.0774282867728721,0.0186281654774215,238,9,5,1,43,0.0042530637397620065
6475,-0.1941991986668084,0.0964783945217402,0.0002583188945679,238,6,7,0,96,0.004713885748433999
6476,-0.444030776867709,0.1540943659806263,0.0141247163937446,238,1,13,0,2,0.0002894113167987271
6477,0.0376201113356735,0.0733771369857441,0.019036389113395,238,10,5,1,35,0.003681177079075407
6478,0.0722263588979895,0.1052135914787189,0.1094592797845311,238,11,8,7,6,0.0006411871709770627
6479,-0.0611637059887245,0.0672474138676819,0.0018478251579864,238,8,4,0,68,0.003645851648012564
6480,-0.2311456228060844,0.1197199638677348,0.0271371940261757,238,5,10,1,9,0.0013273729928213807
6481,0.1237102435911073,0.0765535456670318,0.0552321202083677,238,12,5,3,24,0.001508498782464373
6482,0.2000141828883452,0.0665367137329267,0.012726804697296,238,14,4,0,2,0.0010312173685242158
6483,0.0541431762578449,0.0620807109879594,0.0019283456287844,238,11,4,0,96,0.0038563263286608743
6484,-0.0729355033152501,0.0835651543345034,0.0153062224799641,238,8,6,0,87,0.004426521123504939
6485,-0.3153210651349146,0.0978828381630231,0.0140029635359869,238,3,7,0,83,0.0037735571101525844
6486,-0.204765450483991,0.1198462892726931,0.1314616043723526,238,5,10,8,2,0.00034577874729789905
6487,0.2117859802148707,0.0514900636990481,0.0028132699763197,238,14,3,0,25,0.0018030019399556335
6488,-0.1582455767116973,0.1146400704606716,0.0157773714996854,238,6,9,1,16,0.0018103153645663555
6489,-0.1674644541360848,0.0984972257574641,0.0022217360364325,238,6,7,0,96,0.004713885748433999
6490,-0.1667553097188242,0.1279932103008585,0.0788994792550736,238,6,10,5,6,0.0007031740076459483
6491,-0.0688933801368648,0.0865584277253655,0.0686649682434796,238,8,6,4,7,0.000892123422850631
6492,-0.2329893982909619,0.1051596372724208,0.0080309626271616,238,5,8,0,70,0.004087396103385501
6493,0.210935006914158,0.0862164154186331,0.0652683845903075,238,14,6,4,4,0.0006094132153712426
6494,0.1959720597099599,0.059472884628324,0.0113345107446535,238,13,3,0,68,0.0026935169555837167
6495,0.0237917951990922,0.0701698670020196,0.0068978893673198,238,10,4,0,104,0.004355003298635465
6496,0.0779704286778002,0.0529703223243435,0.0032905091053443,238,11,3,0,87,0.0035031944625956886
6497,0.0165585221430344,0.0788719706014095,0.0452850333776001,238,10,5,2,36,0.0025029702124330115
6498,0.3336879055419636,0.0407314842547111,0.0362423358304742,238,16,1,2,2,0.0004719910368514062
6499,-0.1598056944296705,0.1002497310449355,0.0644128382977436,238,6,8,4,11,0.0012040164928400956
6500,-0.0120909123142928,0.1430545109091823,0.1398967074127735,238,9,12,9,3,0.000343832325362734
6501,-0.2473850299613516,0.0831765135688101,0.0022735473734559,238,5,6,0,104,0.004457874728275953
6502,0.2305073928305498,0.0504503358984398,0.0170488953025265,238,14,2,1,18,0.0017176569679600764
6503,0.1108038151969648,0.0754347585318774,0.0380122701490219,238,12,5,2,36,0.001907366235161121
6504,0.0371946246853171,0.0906171824311097,0.0784991628099081,238,10,7,5,11,0.0009860863442663005
6505,-0.2819912775236676,0.1094803399969452,0.0038780741089913,238,4,8,0,91,0.004483419991872029
6506,-0.1269013934687799,0.0922262157718736,0.0175790599614194,238,7,7,1,42,0.0036960149974717034
6507,0.1909371343474098,0.0497757105891831,0.0389864412113908,238,13,2,2,2,0.000892632989186168
6508,-0.138176789703223,0.1007289733000555,0.0656510345496788,238,7,8,4,14,0.0012485724446440057
6509,0.1033577988157288,0.0710120053639708,0.0369437967363288,238,12,5,2,36,0.001907366235161121
6510,-0.3824061270077651,0.11595927947005,0.0045009918160765,238,2,9,0,92,0.0036402965216667748
6511,-0.4099209303974753,0.1290502341297369,0.066084016707787,238,1,10,4,1,0.0002675696158653229
6512,0.0236499663156401,0.0631377785606412,0.0098329481285211,238,10,4,0,104,0.004355003298635465
6513,0.1750522994007729,0.0632007111735649,0.0270432469565425,238,13,4,1,27,0.002211503016508247
6514,-0.0017374038222884,0.0766668366948014,0.0018574364597811,238,10,5,0,75,0.003855261700858351
6515,-0.0430805233485799,0.0684531932381041,0.0058882513033509,238,9,4,0,110,0.004292388740450521
6516,-0.2657518703684005,0.1154812733526621,0.0141445644204707,238,4,9,0,63,0.0032442879918447966
6517,0.1257667624011629,0.0727234972129497,0.0359821849485508,238,12,5,2,36,0.001907366235161121
6518,-0.082721696273446,0.0933829216752498,0.0774719856260015,238,8,7,5,6,0.0008172125207767491
6519,-0.1725702939403609,0.0993106593336851,0.0129780321868745,238,6,7,0,96,0.004713885748433999
6520,-0.4143176257844909,0.1186440092486825,0.0286815850302975,238,1,9,1,18,0.0021988824875441887
6521,-0.1288869978371095,0.0910892030593286,0.0012425082210496,238,7,7,0,75,0.003922112144946418
6522,0.2069637981774988,0.0843931367805687,0.0794800670877812,238,14,6,5,8,0.000589510168062825
6523,0.0115235967804843,0.0781352043159308,0.0536145538230412,238,10,5,3,16,0.0015634415710051469
6524,0.0572634116937914,0.090157788079548,0.1059910744557426,238,11,6,6,3,0.0004754000676836113
6525,0.0253519129170655,0.0809231115538011,0.0418527371392497,238,10,6,2,24,0.0021178534085580414
6526,0.0935006914158068,0.0715780096349531,0.0530291689770381,238,11,5,3,16,0.0015976535184731248
6527,0.3092933375881997,0.1099878787245259,0.1439782288146085,238,16,9,9,6,0.00016151987207929988
6528,-0.0652058291671098,0.0705083765356696,0.0149720373871252,238,8,4,0,68,0.003645851648012564
6529,-0.1227174414069425,0.0941786883080972,0.048113038776176,238,7,7,3,28,0.0017006627136119561
6530,0.1220082969896819,0.1551219570481547,0.1992058398628885,238,12,13,13,1,0.0001281562319034902
6531,0.3697124419388007,0.0320438183092773,0.008764163474212,238,17,1,0,23,0.0007836667221217257
6532,-0.3682232386625536,0.1263440051956241,0.0075194800991863,238,2,10,0,64,0.0027862606231091225
6533,-0.1230720136155727,0.0950130470443963,0.0013205458095449,238,7,7,0,75,0.003922112144946418
6534,-0.041945892280963,0.0631651945019715,0.005036300019989,238,9,4,0,110,0.004292388740450521
6535,-0.1398787363046484,0.0798527421518705,0.0345310156047406,238,7,5,2,14,0.0019215935290123082
6536,-0.0796723752792256,0.0904707466017926,0.0093486788209087,238,8,7,0,32,0.002863781975607201
6537,-0.4426124880331878,0.1077972048984258,0.0184862263882629,238,1,8,1,9,0.0017457061791263356
6538,-0.1032159699322766,0.0997170138655513,0.0703116817230529,238,8,7,4,17,0.0011918988240630826
6539,-0.1403042229550047,0.0895790282304594,0.0275998716811853,238,7,6,1,35,0.004354591136495643
6540,-0.3610608800482217,0.1205384552716666,0.0209859607075155,238,2,10,1,26,0.002507580560992337
6541,0.018544126511364,0.128330385617058,0.1158414420633676,238,10,10,7,5,0.0005980529516655343
6542,0.0700280112044817,0.1215342312288357,0.1100724414287296,238,11,10,7,7,0.000510369007906226
6543,0.1769669893273765,0.0753746580854872,0.0513751019447331,238,13,5,3,23,0.0012615436760510372
6544,0.1020104244229337,0.0599240111846406,0.0012773519498873,238,12,3,0,112,0.0033545247846789965
6545,0.0582562138779562,0.0546105978433982,0.0183973766803892,238,11,3,1,20,0.0029229560613640614
6546,-0.3836116725171081,0.0889599296989552,0.0053685474036036,238,2,6,0,18,0.0013709358574978201
6547,0.1232847569407509,0.1050748852596673,0.1134325666217046,238,12,8,7,4,0.0005742058700238513
6548,-0.2768145232776654,0.1306942428533572,0.0258749393323789,238,4,11,1,6,0.0008162521028004484
6549,-0.3302840123391128,0.0957679774659983,0.003434737495968,238,3,7,0,83,0.0037735571101525844
6550,0.3022728078573201,0.0392346101225066,0.0095059744445989,238,16,1,0,44,0.0011029673443555539
6551,-0.3468779917030102,0.1136390790130565,0.0366835463413399,238,3,9,2,13,0.0019644862268845802
6552,-0.2101549480551714,0.1075567497409567,0.00867414317277,238,5,8,0,70,0.004087396103385501
6553,-0.172712122823813,0.1326408036729434,0.1105261515045067,238,6,11,7,5,0.0004921515586396508
6554,-0.4017657695989788,0.1059083372220093,0.0126083295956037,238,2,8,0,89,0.003550440087193625
6555,-0.4287132574548806,0.1241128057207955,0.0169372921662601,238,1,10,1,22,0.002079606064659946
6556,-0.0449952132751834,0.1560688775441641,0.1868863827288812,238,9,13,12,4,0.00021610544271692483
6557,-0.0885366804949827,0.0761352995650107,0.005592568179723,238,8,5,0,118,0.004884276702473828
6558,0.1288869978371095,0.094658810593177,0.090805717813177,238,12,7,5,15,0.0009148081068238731
6559,-0.2515689820231889,0.0810518033181874,0.0030530779085119,238,5,6,0,104,0.004457874728275953
6560,0.2212176009644363,0.0551823240710627,0.0073758238339709,238,14,3,0,25,0.0018030019399556335
6561,-0.1698046307130446,0.0621809288336135,0.0077103885359823,238,6,4,0,25,0.0019497198210807415
6562,-0.2012906428394142,0.1000369094195678,0.0102127674692702,238,6,7,0,96,0.004713885748433999
6563,-0.1247739602169981,0.078446304925856,0.0199325936346527,238,7,5,1,35,0.003768331523905521
6564,-0.2832677374747367,0.1000734363638031,0.0364850321990415,238,4,7,2,14,0.001988598870210548
6565,0.0240045385242704,0.076294588771457,0.0019889189065463,238,10,5,0,75,0.003855261700858351
6566,-0.2963869091940573,0.1035952371652013,0.0205686981923561,238,4,8,1,31,0.003922345351422437
6567,-0.1037832854660851,0.0793329447907473,0.0042638587700686,238,7,5,0,86,0.004462857898018962
6568,-0.2723469134489238,0.1194974833485683,0.0936613992919178,238,4,9,6,2,0.00043886398042838404
6569,-0.2037726482998262,0.113166001407205,0.0207648671588995,238,6,9,1,16,0.0018103153645663555
6570,-0.4790625110803814,0.1227758332765369,0.0042745865251593,238,0,10,0,21,0.001299022135957822
6571,-0.261497003864837,0.0988456644827484,0.0014278538403088,238,4,7,0,120,0.004630464276693427
6572,0.1533524802325993,0.0647995711533203,0.0195655516652896,238,13,4,1,27,0.002211503016508247
6573,-0.0193950998120767,0.0770571074321629,0.0122711759122071,238,9,5,0,128,0.00475484797010613
6574,-0.1132149062156508,0.0984024068417929,0.0096373767972301,238,7,7,0,75,0.003922112144946418
6575,0.1297379711378221,0.0511812850255021,0.008040330214528,238,12,2,0,34,0.0021758371823757663
6576,-0.023437222990462,0.0572558308519226,0.0091877454459921,238,9,3,0,38,0.002541755274822797
6577,-0.4026167428996914,0.1313541742189153,0.018889173980899,238,2,11,1,10,0.0015299054669604833
6578,-0.0721554444562635,0.0825565268945452,0.0142302713668073,238,8,6,0,87,0.004426521123504939
6579,-0.3246108570010282,0.1094498591015801,0.001388788624712,238,3,8,0,100,0.004333383064151017
6580,-0.1927099953905612,0.1203572545819216,0.0785066099290119,238,6,10,5,6,0.0007031740076459483
6581,0.0188277842782682,0.141583094296357,0.1601307083542183,238,10,12,10,11,0.0003687449162194606
6582,-0.22079211431408,0.0874021265787039,0.0025315205536647,238,5,6,0,104,0.004457874728275953
6583,0.3343970499592241,0.0414949581154644,0.0139477154803529,238,16,1,0,44,0.0011029673443555539
6584,-0.332978761124703,0.1058769644307483,0.038543280913759,238,3,8,2,16,0.0019253882281921957
6585,-0.2813530475481331,0.0945093534988533,0.0008630862826346,238,4,7,0,120,0.004630464276693427
6586,0.0196078431372548,0.1137442683794337,0.0510237229802373,238,10,9,3,1,0.00027296871489693603
6587,-0.0767648831684572,0.1389340817461187,0.1528776688441179,238,8,11,10,3,0.00031290910041200634
6588,-0.4496330177640675,0.1139145520902021,0.0023079578540379,238,1,9,0,77,0.0026736108853416024
6589,0.039534801262277,0.0914529285333193,0.0587370108218665,238,10,7,3,21,0.0013092804382386475
6590,-0.3967308442364287,0.1110938602116595,0.0124669617513308,238,2,9,0,92,0.0036402965216667748
6591,-0.4854448108357266,0.1203018173082241,0.0099252933062691,238,0,10,0,21,0.001299022135957822
6592,0.1124348473566641,0.0580490863670683,0.0010527542615162,238,12,3,0,112,0.0033545247846789965
6593,0.0318760415558628,0.0794444014837851,0.0234996502276571,238,10,5,1,35,0.003681177079075407
6594,-0.182640144665461,0.1046575553080055,0.0337866719557083,238,6,8,2,12,0.0021300057737232703
6595,-0.273765202283445,0.0914439292515577,0.003509854716343,238,4,7,0,120,0.004630464276693427
6596,-0.2511434953728326,0.0988022361217937,0.0152170243718105,238,5,7,0,118,0.004976576343704583
6597,0.0675460057440697,0.1388783313385315,0.1687108905276312,238,11,11,11,3,0.00024518281115416834
6598,-0.2620643193986455,0.1066533438761533,0.0343141931243439,238,4,8,2,18,0.0022378626382709432
6599,-0.2966705669609615,0.0972079161941804,0.0019926848577237,238,4,7,0,120,0.004630464276693427
6600,-0.0733609899656064,0.1301143606419005,0.1024231194278516,238,8,11,6,3,0.00033714364411967473
6601,-0.3050384710846363,0.0896942217390319,0.0071389068314715,238,3,6,0,36,0.0023601621856203458
6602,-0.1118675318228557,0.0824095698446696,0.0024301182663326,238,7,6,0,105,0.004915439800339099
6603,0.0554196362089139,0.1195566586287919,0.1369395326257516,238,11,9,8,8,0.0005261201831962991
6604,-0.2197283976881892,0.0978755784903564,0.0357789532984312,238,5,7,2,24,0.0024001793753435753
6605,-0.2444775378505832,0.0956811303033679,0.0072885499936224,238,5,7,0,118,0.004976576343704583
6606,-0.2429174201326099,0.1064059653912196,0.0295130200293528,238,5,8,1,31,0.003710872647041985
6607,-0.0872602205439137,0.1199665074235348,0.0999525911778948,238,8,10,6,7,0.0006414690533782666
6608,0.0645675991915753,0.0843764607660776,0.0436480002128368,238,11,6,2,17,0.001619547454591884
6609,-0.2918483849235896,0.1345564411604558,0.0286163363410668,238,4,11,1,6,0.0008162521028004484
6610,0.0847782150835017,0.0555189087886186,0.0221019833466089,238,11,3,1,20,0.0029229560613640614
6611,-0.0423004644895933,0.121291380258163,0.1270753665171538,238,9,10,8,11,0.000620914219708723
6612,-0.2458249122433783,0.0951665783860813,0.0309634634026816,238,5,7,2,24,0.0024001793753435753
6613,-0.2488742332375988,0.143811222319436,0.0959384280996719,238,5,12,6,3,0.0002001802687003569
6614,-0.2445484522923093,0.1018929319203767,0.0018115644271487,238,5,8,0,70,0.004087396103385501
6615,-0.134489238733468,0.1461841757317756,0.1390883987644519,238,7,12,9,5,0.00034199106126592797
6616,-0.2139843279083784,0.104425251054373,0.007405097338461,238,5,8,0,70,0.004087396103385501
6617,-0.2901464383221642,0.1643142335210496,0.200013132282645,238,4,14,13,3,8.428639451575807e-05
6618,-0.397156330886785,0.1107181514798331,0.0013137151520689,238,2,9,0,92,0.0036402965216667748
6619,0.1946955997588908,0.068638744223634,0.0475808755619148,238,13,4,3,11,0.001202520299529772
6620,-0.0927915469985462,0.092526031761119,0.032152996581862,238,8,7,2,16,0.002126815195695619
6621,-0.0956990391093146,0.0731758212064451,0.0023379495961324,238,8,5,0,118,0.004884276702473828
6622,0.1003793922632343,0.0731595605160541,0.0171569400902253,238,12,5,1,16,0.0020170201009321654
6623,-0.2364642059355387,0.0756553124677755,0.0083717566718384,238,5,5,0,48,0.002829270609622204
6624,-0.3855263624437116,0.1099192100407758,0.0135481114511961,238,2,9,0,92,0.0036402965216667748
6625,-0.1337091798744814,0.1145465805943607,0.0585280788746766,238,7,9,3,6,0.0009745173799832708
6626,0.2732688011913625,0.0785569507287714,0.0823858118014754,238,15,5,5,6,0.00046407424126456716
6627,-0.2379534092117859,0.135371423762489,0.041204605991459,238,5,11,2,6,0.0005500824340594334
6628,-0.0396766301457291,0.0848748923411369,0.0452379811658131,238,9,6,2,24,0.002447719255977075
6629,0.1444172605751161,0.0660869994712577,0.0311617595359563,238,12,4,2,30,0.0021432616240922957
6630,0.0212388752969542,0.0833179161480668,0.0052776876847603,238,10,6,0,9,0.002287597437481778
6631,-0.1917171932063964,0.1428724555245793,0.1554994504563466,238,6,12,10,3,0.0002502660905049462
6632,0.0262738006595043,0.0527806282635531,0.0031518040140687,238,10,3,0,83,0.003204714279147116
6633,0.2095876325213629,0.0493252900974303,0.0035006746244339,238,14,2,0,63,0.001936958343928828
6634,-0.0810197496720206,0.0718603636079353,0.0047739576938327,238,8,5,0,118,0.004884276702473828
6635,-0.1941282842250823,0.0835420023731214,0.0048505294992383,238,6,6,0,123,0.0049806266057812725
6636,-0.2373860936779774,0.0821392860904424,0.0026946056549343,238,5,6,0,104,0.004457874728275953
6637,-0.1854058078927773,0.1108282669740046,0.0505766958310783,238,6,9,3,9,0.0011717121642149597
6638,-0.193631883133,0.0878127749179242,0.0339939163566595,238,6,6,2,15,0.0022845815446225454
6639,-0.2403645002304719,0.0776462786723602,0.0106755736892459,238,5,5,0,48,0.002829270609622204
6640,-0.3105697975392688,0.0879082823373546,0.0254993249735526,238,3,6,1,4,0.0018419565479803385
6641,0.0368400524766868,0.1276142254160537,0.1507387387896389,238,10,10,9,5,0.00042140266179032233
6642,0.0340743892493706,0.0663794942108122,0.0020698674040806,238,10,4,0,104,0.004355003298635465
6643,0.0052831259085912,0.0836236888977299,0.0361313850832864,238,10,6,2,24,0.0021178534085580414
6644,-0.2408609013225543,0.1072898028928454,0.0466878714940109,238,5,8,3,9,0.0014604412928409406
6645,-0.1680317696698932,0.0935290523595905,0.0007012162806708,238,6,7,0,96,0.004713885748433999
6646,-0.1518632769563521,0.0877115944577554,0.0483609580957469,238,7,6,3,9,0.0014084456908025063
6647,-0.4506967343899584,0.1160208475395685,0.0044433660953689,238,1,9,0,77,0.0026736108853416024
6648,-0.161649469914548,0.0741046183770074,0.0027185403036874,238,6,5,0,87,0.0037737578394178533
6649,0.0175513243271992,0.172942210405858,0.2333357080037735,238,10,15,15,3,0.00010389000587103837
6650,-0.0656313158174662,0.0656511279593165,0.0030161942349145,238,8,4,0,68,0.003645851648012564
6651,-0.4878559018544126,0.1386485213539383,0.0248402481699672,238,0,11,1,5,0.0008677164775862558
6652,-0.0483991064780342,0.0651020893081764,0.0110080404989152,238,9,4,0,110,0.004292388740450521
6653,-0.2395135269297592,0.1003897224935928,0.0088842007485434,238,5,8,0,70,0.004087396103385501
6654,-0.035776335850796,0.07154658318097,0.0042275608261982,238,9,5,0,128,0.00475484797010613
6655,0.046980817643513,0.0961289866026805,0.0972538020163926,238,10,7,6,6,0.0006864075408236783
6656,-0.1912917065560401,0.1103209139150463,0.1071996169147297,238,6,9,7,6,0.000576488175884314
6657,0.1834202035244477,0.0937342798407309,0.0893096984415613,238,13,7,5,8,0.0006818188256363926
6658,-0.2460376555685565,0.136649175302103,0.0498494470057031,238,5,11,3,1,0.0004694436226765745
6659,-0.3574442435201928,0.1338292030804592,0.0358966952184461,238,2,11,2,4,0.0010138083926414193
6660,-0.0992447611956174,0.105963176005243,0.0045263713323587,238,8,8,0,11,0.0013733754699129929
6661,-0.409495443747119,0.1153177312617499,0.0523178868150566,238,1,9,3,1,0.000452647630528024
6662,0.196113888593412,0.0600180909600924,0.0456039547850968,238,13,3,2,12,0.0015635494242541884
6663,0.04074034677162,0.0682470293396469,0.0106702340661773,238,10,4,0,104,0.004355003298635465
6664,0.2930539304329326,0.0367299429775187,0.0073898881324262,238,15,1,0,37,0.0012568719412054995
6665,-0.3695706130553486,0.0953323657965534,0.0093698717887272,238,2,7,0,52,0.002597604187038845
6666,0.0637875403325887,0.0561268808529309,0.0158397607975998,238,11,3,1,20,0.0029229560613640614
6667,-0.0908059426302166,0.0671124060976929,0.0195779698210258,238,8,4,1,19,0.0029757617683365627
6668,0.2226358897989575,0.0354279850845012,0.0154052733125054,238,14,1,0,22,0.0012417306714709786
6669,0.2043399638336347,0.0496542448552982,0.0156359127843027,238,14,2,1,18,0.0017176569679600764
6670,-0.0673332624188915,0.0809418456922597,0.0066623006381628,238,8,6,0,87,0.004426521123504939
6671,-0.363826543275538,0.1534139984618094,0.1432644458340158,238,2,13,9,2,4.293713960705619e-05
6672,-0.2519235542318193,0.1150820456130803,0.0065163690605521,238,5,9,0,34,0.002548715097143437
6673,-0.0214516186221323,0.096576898432911,0.0252112548488045,238,9,7,1,14,0.0019806186229034644
6674,0.0502428819629117,0.0785623895131273,0.0656403133271079,238,11,5,4,3,0.0009304161891401099
6675,-0.3399283764138566,0.1145044608395701,0.0183596561577206,238,3,9,1,37,0.003326167945494541
6676,0.0973300712690139,0.0491279440868267,0.0039166458606803,238,11,2,0,18,0.0018657310811233557
6677,-0.0396057157040031,0.0872065757109275,0.0021979238701007,238,9,6,0,67,0.003528788865454604
6678,0.2358968904017302,0.0566679381983722,0.0315684508368576,238,14,3,2,20,0.001345194623171677
6679,0.3382264298124312,0.0672896775681851,0.0754128638650942,238,16,4,4,11,0.0005407258308459368
6680,-0.2310747083643583,0.1228903096305281,0.0795462313954821,238,5,10,5,8,0.0006782364706724274
6681,-0.2794383576215296,0.1211606395284052,0.1134624215345253,238,4,10,7,8,0.0003930764567582636
6682,-0.2904300960890685,0.1169338349215342,0.0359136563780417,238,4,9,2,13,0.001982695041022654
6683,-0.0611637059887245,0.0715224795258332,0.0171168333720039,238,8,5,1,45,0.004231983686421704
6684,0.2951813636847143,0.0351078233967168,0.0024802657754059,238,15,1,0,37,0.0012568719412054995
6685,-0.4691344892387333,0.1366059383260665,0.009431620184939,238,0,11,0,17,0.0009954726964181157
6686,0.0767648831684572,0.111315917392116,0.1006716201589166,238,11,9,6,7,0.0006626983811124763
6687,0.3914122611069743,0.0296052702664242,0.0020025018660884,238,17,0,0,15,0.0005505446427089447
6688,-0.1056979753926887,0.0950585065126428,0.046401730413059,238,7,7,3,28,0.0017006627136119561
6689,-0.2658936992518526,0.0970590282218327,0.0041360910355267,238,4,7,0,120,0.004630464276693427
6690,-0.1642023898166861,0.1029081339064152,0.0413776274627887,238,6,8,2,12,0.0021300057737232703
6691,0.001311917171932,0.1022701687151649,0.1136411861702352,238,10,8,7,7,0.0006249498792050277
6692,0.3384391731376094,0.0421914889740107,0.0267084028267138,238,16,2,1,18,0.0010750831663844517
6693,-0.1495940148211182,0.1201351004855884,0.0587898300777314,238,7,10,3,3,0.0005009984999093254
6694,-0.2130624401659397,0.1131612867592156,0.0023576879297041,238,5,9,0,34,0.002548715097143437
6695,0.2981597702372088,0.0621066821329907,0.0391561780699229,238,15,4,2,9,0.0008663990284854951
6696,-0.2486614899124206,0.0913465046474996,0.0553848761459705,238,5,7,3,14,0.0013318451260624542
6697,0.0966209268517533,0.0917925127864195,0.076813632800681,238,11,7,5,17,0.0010146204443782594
6698,-0.0436478388823883,0.0813390196953177,0.0014202758202467,238,9,6,0,67,0.003528788865454604
6699,0.0836435840158848,0.0651291062824585,0.008199453199472,238,11,4,0,96,0.0038563263286608743
6700,-0.2566748218274651,0.0927049862018055,0.0221534678184825,238,4,7,1,28,0.0038455970181802803
6701,-0.3205687338226429,0.1098117382709708,0.0329116920501341,238,3,8,2,16,0.0019253882281921957
6702,-0.1824983157820089,0.0643642566308572,0.0072603581484935,238,6,4,0,25,0.0019497198210807415
6703,0.0380455979860298,0.0769436651481036,0.0027115259699088,238,10,5,0,75,0.003855261700858351
6704,-0.1491685281707619,0.1062619418890297,0.0355256312186044,238,7,8,2,12,0.0017732637311286177
6705,-0.3517001737403821,0.134809668102063,0.0285815733478528,238,3,11,1,5,0.0011699845181741666
6706,-0.1678899407864411,0.0788470757397114,0.0053451524372187,238,6,5,0,87,0.0037737578394178533
6707,-0.2246924086090132,0.0944632623715402,0.0266064199493291,238,5,7,1,30,0.0042669011761406455
6708,-0.0133673722653618,0.0793995978865638,0.0021637641332875,238,9,5,0,128,0.00475484797010613
6709,0.2722050845654717,0.0381999374141245,0.0195684205829028,238,15,1,1,5,0.0010291882921139705
6710,0.0440733255327447,0.0581659217708182,0.0123911838206532,238,10,3,0,83,0.003204714279147116
6711,0.0117363401056625,0.1228346358561113,0.1278789625920638,238,10,10,8,9,0.0005935909151224599
6712,-0.2397262702549374,0.0922569691745282,0.0092289536524774,238,5,7,0,118,0.004976576343704583
6713,-0.0764103109598269,0.0795396171127549,0.0312071824152631,238,8,5,2,17,0.0022773988520767567
6714,-0.2536964152749707,0.1137547786623258,0.0034381770046138,238,5,9,0,34,0.002548715097143437
6715,-0.2661773570187568,0.1008567404387904,0.0015086279262158,238,4,8,0,91,0.004483419991872029
6716,-0.3430486118498032,0.124712787153882,0.0167992952410786,238,3,10,1,18,0.0022729880349347505
6717,-0.0563415239513526,0.1000625080257296,0.0094023160683986,238,8,7,0,32,0.002863781975607201
6718,-0.2775945821366521,0.123121054106261,0.0069563622879953,238,4,10,0,10,0.0017092288079863843
6719,0.0869056483352834,0.0684243387043122,0.0028140962915745,238,11,4,0,96,0.0038563263286608743
6720,0.2729142289827322,0.0796707299462138,0.0771843762696146,238,15,5,5,6,0.00046407424126456716
6721,-0.4509094777151365,0.1279300570667207,0.0234791688794891,238,1,10,1,22,0.002079606064659946
6722,-0.1991632095876324,0.0930879033890522,0.0046465759124744,238,6,7,0,96,0.004713885748433999
6723,-0.1863276956352161,0.0794139557945514,0.0157513016021937,238,6,5,1,15,0.003066965874110903
6724,0.1626422720987128,0.0494768685547788,0.0018970555927751,238,13,2,0,51,0.002201728852969309
6725,-0.3136191185334893,0.1235685889009464,0.0318313774591247,238,3,10,2,12,0.0015393917560890028
6726,0.1054852320675105,0.0547277235693144,0.0230657744857819,238,12,3,1,38,0.0029775459777509877
6727,-0.0318760415558628,0.0722140920526485,0.0398434589415764,238,9,5,2,19,0.0025021876125847424
6728,-0.3151792362514625,0.0952058294214552,0.0074223630894102,238,3,7,0,83,0.0037735571101525844
6729,-0.1533524802325993,0.1229577477653001,0.093682468549806,238,7,10,6,11,0.0007346749988251823
6730,-0.4569372052618515,0.1493926144008351,0.0147630128771733,238,0,13,0,2,0.0002018787016893142
6731,0.2229195475658617,0.0635743442782899,0.03006785198499,238,14,4,1,9,0.0013243774840951577
6732,0.0549232351168315,0.0851743084592374,0.0719151265447981,238,11,6,4,12,0.001206200991013593
6733,0.3401411197390348,0.0751046125873333,0.0765026351871938,238,16,5,5,7,0.0003730388774386522
6734,-0.4408396269900365,0.1211944042489251,0.0035634408795425,238,1,10,0,58,0.0024176974686684533
6735,0.1161223983264191,0.056981849977418,0.0031706199928671,238,12,3,0,112,0.0033545247846789965
6736,0.0326561004148494,0.0871548799534057,0.0445566657607384,238,10,6,2,24,0.0021178534085580414
6737,-0.014856575541609,0.0607562963391124,0.0088644755234966,238,9,3,0,38,0.002541755274822797
6738,-0.0263447151012303,0.1097762689756105,0.1305150316431244,238,9,8,8,1,0.0002679921022613014
6739,0.1914335354394922,0.102133391585544,0.1269514639652544,238,13,8,8,6,0.00034439506152093716
6740,-0.0988192745452611,0.0934940636845636,0.0021835853935909,238,8,7,0,32,0.002863781975607201
6741,0.1746268127504165,0.0487571096385382,0.0053423109433137,238,13,2,0,51,0.002201728852969309
6742,-0.2878062617452043,0.0823867353605841,0.0035260770249067,238,4,6,0,60,0.003468743098616289
6743,0.2289472751125766,0.0533623570312778,0.008263573052076,238,14,3,0,25,0.0018030019399556335
6744,0.2690139346877991,0.0503805522473194,0.0448863574213554,238,15,2,2,3,0.0008804466750330649
6745,0.0329397581817537,0.0838056862353687,0.0454837523566268,238,10,6,2,24,0.0021178534085580414
6746,0.3868737368365066,0.0477535186113038,0.0487160408030967,238,17,2,3,3,0.00034065997191750426
6747,-0.3247526858844803,0.1007463186773446,0.0071105353312026,238,3,8,0,100,0.004333383064151017
6748,-0.0128000567315533,0.077194769753551,0.0243320528377086,238,9,5,1,43,0.0042530637397620065
6749,-0.38843385455448,0.1262653471508414,0.0240096401757183,238,2,10,1,26,0.002507580560992337
6750,-0.0683260646030564,0.0712927927634733,0.0046972887230055,238,8,5,0,118,0.004884276702473828
6751,-0.0615182781973548,0.0787364580265632,0.0123152099331473,238,8,5,0,118,0.004884276702473828
6752,0.0430805233485799,0.0579970797307175,0.0034063078228481,238,10,3,0,83,0.003204714279147116
6753,-0.3012090912314292,0.1105049098732382,0.0709750396795743,238,4,9,4,13,0.000926153521380232
6754,-0.2757508066517746,0.1234895480987837,0.0889554527179563,238,4,10,5,8,0.0005927037930509305
6755,-0.2199411410133673,0.082538277107684,0.0066186505242458,238,5,6,0,104,0.004457874728275953
6756,0.3261709747190014,0.0902044592596343,0.1019900213681268,238,16,6,6,11,0.0003094723533780408
6757,-0.3775839449703931,0.1202105313037276,0.016903649224294,238,2,10,1,26,0.002507580560992337
6758,-0.1634932453994255,0.1264997790921716,0.0404264095050991,238,6,10,2,6,0.0007592792066818362
6759,-0.1815055135978441,0.0982608380376158,0.011738309326441,238,6,7,0,96,0.004713885748433999
6760,0.3780803460624756,0.0555793510214068,0.0427404612185251,238,17,3,2,5,0.0005099194301865744
6761,-0.0807360919051164,0.0735726516193961,0.0162683438706326,238,8,5,1,45,0.004231983686421704
6762,-0.1534233946743254,0.0817645783840221,0.0255900336655629,238,7,6,1,35,0.004354591136495643
6763,-0.2240541786334786,0.108264143605766,0.0843339925913784,238,5,8,5,8,0.000684282598842483
6764,0.0106726234797716,0.0756886794326773,0.0358050041646978,238,10,5,2,36,0.0025029702124330115
6765,0.4495621033223415,0.0760151161322794,0.0883529908457687,238,19,5,5,1,5.624702747619535e-05
6766,-0.1812218558309399,0.0888506569440311,0.0057244583453384,238,6,6,0,123,0.0049806266057812725
6767,-0.3319859589405382,0.0985466045909836,0.023144848327547,238,3,7,1,24,0.003043892917955284
6768,0.1598056944296705,0.0464671769226125,0.0069534386464321,238,13,2,0,51,0.002201728852969309
6769,0.0415913200723327,0.1025936586825873,0.0279637980247873,238,10,8,1,1,0.00040606664979929294
6770,-0.0535049462823103,0.1329661530833649,0.1349512706078308,238,8,11,8,16,0.0005696293568104668
6771,0.045704357692444,0.0535065141928677,0.003687182025522,238,10,3,0,83,0.003204714279147116
6772,-0.0291103783285466,0.0795178707196092,0.0141954540115117,238,9,5,0,128,0.00475484797010613
6773,-0.344041414033968,0.1062927804925953,0.0034859896002991,238,3,8,0,100,0.004333383064151017
6774,-0.0579016416693259,0.1329067733403808,0.1338818727229103,238,8,11,8,16,0.0005696293568104668
6775,0.0344998758997269,0.0732184431181232,0.0352673710636191,238,10,5,2,36,0.0025029702124330115
6776,-0.2390171258376768,0.1168675829770118,0.0025506251533661,238,5,9,0,34,0.002548715097143437
6777,-0.0084033613445378,0.0710391890071713,0.0076787584317597,238,9,5,0,128,0.00475484797010613
6778,0.0679005779527,0.0765875379168793,0.012957074910617,238,11,5,0,31,0.0026768986373174324
6779,0.004999468141687,0.0690824366305166,0.0084251254837405,238,10,4,0,104,0.004355003298635465
6780,0.0488955075701166,0.1071286731886483,0.0894426367951615,238,11,8,5,12,0.0008198512207264593
6781,-0.0125163989646491,0.1071065558286104,0.1036762210978432,238,9,8,6,9,0.0008307097466969611
6782,-0.3380846009289791,0.1046158178147445,0.001661674847148,238,3,8,0,100,0.004333383064151017
6783,-0.4207708399815622,0.1497288102370186,0.020240700926599,238,1,13,1,2,0.0002946276118324253
6784,-0.4238201609757827,0.1358359394507878,0.0627955423905214,238,1,11,4,4,0.0002482401363726173
6785,-0.12222104031486,0.1064191168977095,0.0582137749449824,238,7,8,3,10,0.0014664422006572305
6786,-0.3763783994610502,0.1011136313752344,0.0148860042395336,238,2,8,0,89,0.003550440087193625
6787,0.4172960323369853,0.0236244879201307,0.0053631342358088,238,18,0,0,15,0.0003567083730917672
6788,-0.2559656774102046,0.1029048071114255,0.0563164825159829,238,4,8,3,12,0.0012669446365662046
6789,-0.0170549232351168,0.1034233862991032,0.0975896889106919,238,9,8,6,9,0.0008307097466969611
6790,-0.0043612381661525,0.0673638636358337,0.0060842749002354,238,9,4,0,110,0.004292388740450521
6791,-0.2699358224302379,0.088342854479454,0.0118946569883184,238,4,6,0,60,0.003468743098616289
6792,0.1217246392227777,0.0532851064556891,0.0195245651287365,238,12,3,1,38,0.0029775459777509877
6793,-0.4146012835513952,0.0978945906850216,0.0037884698753646,238,1,7,0,16,0.001358025859596965
6794,-0.2572421373612736,0.084516136648104,0.0051585798363294,238,4,6,0,60,0.003468743098616289
6795,0.1752650427259511,0.0533398158500866,0.0068237876319847,238,13,3,0,68,0.0026935169555837167
6796,-0.1594511222210403,0.080924611732386,0.0063040940704044,238,6,6,0,123,0.0049806266057812725
6797,0.3000744601638123,0.0395273467231105,0.0012938842490108,238,16,1,0,44,0.0011029673443555539
6798,-0.1925681665071091,0.0739145915845586,0.0044461319468758,238,6,5,0,87,0.0037737578394178533
6799,0.0225862496897493,0.061547094252071,0.0184405121511507,238,10,4,1,35,0.00376178763264307
6800,0.0181186398610076,0.063806784979478,0.0026374969071723,238,10,4,0,104,0.004355003298635465
6801,0.1322199765982342,0.0565732080947037,0.0201556352640616,238,12,3,1,38,0.0029775459777509877
6802,0.0742828777080452,0.0776684943801682,0.0439528293955837,238,11,5,2,24,0.0022595098618287553
6803,-0.0952026380172322,0.0748139259519401,0.0097716696638731,238,8,5,0,118,0.004884276702473828
6804,0.1599475233131227,0.1007135353795722,0.0902846936984527,238,13,8,5,1,0.00040533199731887536
6805,0.0774740275857178,0.0714008792223233,0.002690571470135,238,11,5,0,31,0.0026768986373174324
6806,0.0874020494273658,0.0733766571380612,0.0122747819612762,238,11,5,0,31,0.0026768986373174324
6807,-0.1191008048789135,0.0748566766121864,0.0148575176001639,238,7,5,0,86,0.004462857898018962
6808,-0.1435662872744034,0.0830140258421088,0.0145294991308204,238,7,6,0,105,0.004915439800339099
6809,0.2671701592029216,0.0544378672258098,0.0321323406390022,238,15,3,2,24,0.0010910017256819872
6810,-0.1471120093607063,0.1353553838754926,0.099260716989901,238,7,11,6,3,0.0004092940474180883
6811,-0.1046342587667978,0.0891085697497045,0.0406631080837933,238,7,6,2,17,0.002531552152626628
6812,-0.0973300712690139,0.0808153915765278,0.0033193442585559,238,8,6,0,87,0.004426521123504939
6813,0.0712335567138247,0.0963375849844474,0.0659270682114092,238,11,7,4,16,0.0010682896120130846
6814,-0.0337198170407403,0.1814073809680028,0.2386281237569291,238,9,16,15,2,8.568680570554097e-05
6815,-0.1789525936957061,0.1029447267186052,0.0362101860697181,238,6,8,2,12,0.0021300057737232703
6816,-0.2415700457398149,0.0775478292799849,0.019301453844188,238,5,5,1,12,0.0022323785997296892
6817,0.0255646562422437,0.1152584101598854,0.1271022924553232,238,10,9,8,5,0.000530062973072162
6818,0.3832571003084777,0.1497195025211848,0.2138269991101215,238,17,13,14,1,2.2134078652584915e-05
6819,0.0424422933730454,0.0684878211350899,0.0095306574214094,238,10,4,0,104,0.004355003298635465
6820,-0.1716484061979221,0.0732067115227469,0.0036042022930834,238,6,5,0,87,0.0037737578394178533
6821,-0.0690352090203169,0.1328028264237853,0.1437153301564323,238,8,11,9,9,0.00047895346149418435
6822,-0.0076233024855511,0.0722522977943005,0.0055579699933265,238,9,5,0,128,0.00475484797010613
6823,-0.1174697727192142,0.0949704077220556,0.00175433644384,238,7,7,0,75,0.003922112144946418
6824,0.1946955997588908,0.092379605407578,0.0735629315976633,238,13,7,4,3,0.0005511484936524002
6825,-0.0845654717583235,0.099471392824424,0.0564958450781604,238,8,7,3,12,0.001600014694282029
6826,-0.1475374960110626,0.09912461644618,0.0014618482903577,238,7,7,0,75,0.003922112144946418
6827,0.1620749565649044,0.0582399414064263,0.0047886927785787,238,13,3,0,68,0.0026935169555837167
6828,-0.3680104953373754,0.1731529515346808,0.072369481654432,238,2,15,4,1,1.5055689382888237e-05
6829,-0.1954047441761514,0.1310869165239126,0.1212753894200022,238,6,11,7,5,0.0004921515586396508
6830,0.1412970251391695,0.0767626606803254,0.0540587934936471,238,12,5,3,24,0.001508498782464373
6831,0.1630677587490692,0.0816150356225772,0.0597218142822458,238,13,6,3,5,0.0008534856354373841
6832,0.2648299826259617,0.0396854701955231,0.0202799226533444,238,15,1,1,5,0.0010291882921139705
6833,0.1336382654327553,0.0654388826930443,0.0037189361964429,238,12,4,0,46,0.003005418736203267
6834,0.032159699322767,0.0857514922543602,0.0464923464563033,238,10,6,3,31,0.0017261073251220965
6835,0.2575257951281778,0.0489524329987682,0.0440297886985555,238,15,2,2,3,0.0008804466750330649
6836,-0.2135588412580222,0.0753384575129154,0.0116251935733791,238,5,5,0,48,0.002829270609622204
6837,-0.194908343084069,0.126747208700045,0.0297685263650243,238,6,10,1,6,0.0008437369395171136
6838,-0.0681133212778782,0.0785817377531763,0.0016254578252297,238,8,5,0,118,0.004884276702473828
6839,0.0486118498032124,0.0670772182883528,0.0647021667359106,238,11,4,4,3,0.0005121658075716661
6840,-0.2191610821543807,0.0886096739719045,0.011126087669044,238,5,6,0,104,0.004457874728275953
6841,-0.1424316562067865,0.086405429173448,0.046915960979644,238,7,6,3,9,0.0014084456908025063
6842,-0.386022763535794,0.1123781019412742,0.0015302809884407,238,2,9,0,92,0.0036402965216667748
6843,-0.094989894692054,0.0989847510682602,0.0775303019880453,238,8,7,5,6,0.0008172125207767491
6844,-0.1399496507463744,0.095039929620553,0.0180257613832751,238,7,7,1,42,0.0036960149974717034
6845,-0.309576995355104,0.1064441239997342,0.0096365904133602,238,3,8,0,100,0.004333383064151017
6846,-0.011098110130128,0.0672849914271789,0.0059778929449512,238,9,4,0,110,0.004292388740450521
6847,-0.2500797787469417,0.093540124295812,0.0294409741302102,238,5,7,1,30,0.0042669011761406455
6848,-0.0737155621742367,0.1188425161668528,0.0666364789613622,238,8,9,4,5,0.0007842453484468897
6849,0.0134382867070878,0.0710128202955526,0.0016777649945493,238,10,5,0,75,0.003855261700858351
6850,-0.1894479310711626,0.173315962495407,0.2105744167455449,238,6,15,13,2,0.0001153346007730741
6851,-0.2811403042229549,0.1253818054321815,0.111956257182794,238,4,10,7,8,0.0003930764567582636
6852,-0.2412863879729106,0.1081666064188096,0.0134750897064024,238,5,8,0,70,0.004087396103385501
6853,-0.1017267666560294,0.08614015143119,0.0027981347641767,238,8,6,0,87,0.004426521123504939
6854,-0.2107931780307059,0.100963912020201,0.070301187799405,238,5,8,4,7,0.001012779466561909
6855,-0.0523703152146934,0.08093643518066,0.0158805671806156,238,9,6,1,35,0.003457223377569426
6856,-0.1846257490337907,0.1191025087805303,0.0751080872015894,238,6,9,4,19,0.0010847483299686014
6857,-0.3344679644009501,0.1170190364490908,0.0329711101805397,238,3,9,2,13,0.0019644862268845802
6858,0.0464135021097046,0.0934631066644147,0.0834751645644667,238,10,7,5,11,0.0009860863442663005
6859,-0.3689323830798141,0.1343851747118357,0.0541794684242764,238,2,11,3,9,0.0006486389337313848
6860,0.3438286707087897,0.0752870413564596,0.0863245657448468,238,16,5,5,7,0.0003730388774386522
6861,0.222068574265149,0.0928762631839615,0.0906879526227776,238,14,7,5,3,0.0004280946403599068
6862,0.2397262702549374,0.1044698751608175,0.1300919454905322,238,14,8,8,11,0.00034641907018767093
6863,0.1000248200546041,0.0625917267100205,0.0186236580674547,238,12,4,1,39,0.0030492137784899846
6864,0.1821437435733786,0.0869319680240455,0.0848143674779246,238,13,6,5,13,0.0007739761892615038
6865,-0.1298798000212743,0.1013300337284816,0.0137990087695763,238,7,8,0,22,0.0023093496379671427
6866,0.1266886501436017,0.065403815540604,0.0215970246201835,238,12,4,1,39,0.0030492137784899846
6867,0.0640002836577669,0.0580698049613167,0.0109934274090063,238,11,3,0,87,0.0035031944625956886
6868,-0.2031344183242917,0.1150978503713698,0.0288015843448603,238,6,9,1,16,0.0018103153645663555
6869,0.3914122611069743,0.0618557401696727,0.0646050054688632,238,17,4,4,12,0.0004113184296377977
6870,-0.1607984966138353,0.1038886918663796,0.0221847499463284,238,6,8,1,25,0.003122502696240139
6871,0.0675460057440697,0.0904344838127333,0.0609674854364912,238,11,7,3,7,0.0009922257724966847
6872,-0.3704925007977874,0.1063876948096316,0.0051556056530377,238,2,8,0,89,0.003550440087193625
6873,-0.1634932453994255,0.1168189500015408,0.1066623802774357,238,6,9,6,15,0.0008086379587624537
6874,0.3146828351593801,0.0524879448589591,0.0295151535514117,238,16,3,1,4,0.0007739126052313934
6875,-0.1272559656774101,0.072590794412796,0.0019156186484505,238,7,5,0,86,0.004462857898018962
6876,0.0911605148388469,0.0546057061853,0.0104847144620924,238,11,3,0,87,0.0035031944625956886
6877,0.0462007587845264,0.0952731916706418,0.0729709016932151,238,10,7,4,19,0.0012049551147970568
6878,0.2278835584866858,0.0768587633381617,0.0588348706540307,238,14,5,3,12,0.0009060017775838139
6879,-0.2745452611424316,0.085107258769642,0.0036487683260856,238,4,6,0,60,0.003468743098616289
6880,0.0630783959153281,0.0609477534584198,0.0018590810700516,238,11,3,0,87,0.0035031944625956886
6881,-0.1600893521965748,0.0769726119889784,0.0040602823269167,238,6,5,0,87,0.0037737578394178533
6882,-0.0237917951990922,0.0832147151788401,0.0383989361050779,238,9,6,2,24,0.002447719255977075
6883,-0.167748111902989,0.0966080898665485,0.0054042868654839,238,6,7,0,96,0.004713885748433999
6884,-0.1362620997766195,0.1080885559387985,0.0684516211700649,238,7,8,4,14,0.0012485724446440057
6885,-0.0810197496720206,0.085090801698042,0.0092093687905472,238,8,6,0,87,0.004426521123504939
6886,0.0824380385065418,0.0528951331653101,0.009943459406689,238,11,3,0,87,0.0035031944625956886
6887,-0.3312059000815515,0.1108533398749128,0.0192225168057262,238,3,9,1,37,0.003326167945494541
6888,-0.0972591568272878,0.0930173313798781,0.0243627170518231,238,8,7,1,25,0.0028794895434652297
6889,0.3609190511647696,0.0317582722810836,0.0060947173361604,238,17,0,0,15,0.0005505446427089447
6890,-0.1037123710243591,0.0899171274576026,0.0020740955064921,238,7,6,0,105,0.004915439800339099
6891,-0.1320781477147821,0.0794581306071173,0.0448236450485353,238,7,5,2,14,0.0019215935290123082
6892,0.0215225330638584,0.0570855603061126,0.0025260779353398,238,10,3,0,83,0.003204714279147116
6893,0.0693897812289472,0.0738997961171861,0.0232951510828576,238,11,5,1,13,0.002822196505883785
6894,0.4187852356132326,0.0784027481350035,0.1047195621965566,238,18,5,6,2,0.00010161362203604949
6895,-0.1924972520653831,0.0911460459291684,0.0076371804296247,238,6,7,0,96,0.004713885748433999
6896,-0.1203772648299826,0.1205973877282472,0.1064067482867544,238,7,10,6,11,0.0007346749988251823
6897,-0.0784668297698826,0.0727285934018243,0.0367057397206249,238,8,5,2,17,0.0022773988520767567
6898,-0.4387831081799807,0.123702404143662,0.0042801409299574,238,1,10,0,58,0.0024176974686684533
6899,-0.0550650640002836,0.0730061293689623,0.0034040522266131,238,8,5,0,118,0.004884276702473828
6900,-0.3546785802928766,0.1130584293767461,0.0566763687767325,238,2,9,3,4,0.0008380235463672708
6901,0.0496755664291032,0.0555873963065695,0.0045201008488688,238,11,3,0,87,0.0035031944625956886
6902,-0.0219480197142147,0.0593530631233163,0.0125175313887336,238,9,3,0,38,0.002541755274822797
6903,-0.293621245966741,0.108213956222461,0.0146924574229362,238,4,8,0,91,0.004483419991872029
6904,0.1897315888380668,0.0998417481387596,0.0946043033852005,238,13,7,6,10,0.0006279537371180559
6905,-0.0162748643761301,0.0936981918611809,0.0186400281040828,238,9,7,1,14,0.0019806186229034644
6906,-0.1025777399567421,0.0806974513906978,0.0017530302038953,238,8,6,0,87,0.004426521123504939
6907,-0.3264546324859057,0.0928182243523733,0.0185204580544006,238,3,7,1,24,0.003043892917955284
6908,-0.1341346665248377,0.0834768958698267,0.0030254599510835,238,7,6,0,105,0.004915439800339099
6909,0.1300925433464524,0.1176115815030327,0.1374481777267093,238,12,9,9,3,0.000281489527579193
6910,-0.155408999042655,0.0980284783183807,0.0477674228245108,238,6,7,3,27,0.001618208133972155
6911,0.3882920256710278,0.0814870637870537,0.0985381522332715,238,17,6,6,3,0.00020568797986666746
6912,-0.1625713576569868,0.1098840337150066,0.070174745259523,238,6,9,4,19,0.0010847483299686014
6913,0.0398184590291812,0.0649640367118032,0.0165577111447696,238,10,4,1,35,0.00376178763264307
6914,-0.2740488600503492,0.1083693684101705,0.0013391235688628,238,4,8,0,91,0.004483419991872029
6915,-0.093784349182711,0.0730197571149607,0.0159645322888154,238,8,5,1,45,0.004231983686421704
6916,-0.1297379711378221,0.115704826539489,0.1086668651547138,238,7,9,7,11,0.0006895840231845074
6917,-0.2702194801971421,0.1017699271378731,0.0186931130980904,238,4,8,1,31,0.003922345351422437
6918,-0.4067297805198028,0.1140875564408836,0.0035715497737329,238,1,9,0,77,0.0026736108853416024
6919,0.2008651561890578,0.0584884904353812,0.0388211271948927,238,14,3,2,20,0.001345194623171677
6920,0.0195369286955288,0.0772131493425577,0.0277641235828665,238,10,5,1,35,0.003681177079075407
6921,-0.0053540403503173,0.0606639408589087,0.0053814545851497,238,9,3,0,38,0.002541755274822797
6922,-0.2695103357798815,0.1163117835067953,0.1177638300161046,238,4,9,7,2,0.00025947728566564504
6923,0.0227280785732014,0.1765801310807553,0.2086355539815386,238,10,15,13,3,0.0001350806765659747
6924,0.0943516647165195,0.1248122499286371,0.1226484573571901,238,11,10,8,10,0.0005244538209284242
6925,0.2087366592206502,0.0512269142189233,0.0116904797661513,238,14,2,0,63,0.001936958343928828
6926,-0.1102364996631563,0.1650991462326857,0.2113273598226346,238,7,14,13,2,0.00014002285959369018
6927,-0.0669077757685352,0.0850816520017994,0.0268035475758241,238,8,6,1,32,0.004098846777087474
6928,-0.1607984966138353,0.1167522449369005,0.1113693033023669,238,6,9,7,6,0.000576488175884314
6929,-0.3029819522745806,0.1101761318683539,0.0212190997033373,238,4,9,1,33,0.00306687553510888
6930,-0.1600184377548487,0.1105544101323704,0.0759078687051355,238,6,9,4,19,0.0010847483299686014
6931,0.0612346204304506,0.0735276372411305,0.009307588634149,238,11,5,0,31,0.0026768986373174324
6932,-0.3580115590540013,0.1145129353296413,0.0167868033582967,238,2,9,1,29,0.003099733513643377
6933,-0.1495231003793922,0.0931489130371046,0.0257737154676201,238,7,7,1,42,0.0036960149974717034
6934,0.085132787292132,0.0573320863282718,0.0212398121252184,238,11,3,1,20,0.0029229560613640614
6935,-0.2212176009644363,0.1127292125935718,0.1007238127945086,238,5,9,6,5,0.0006209972663978852
6936,-0.1194553770875438,0.0732428721920928,0.0152523704277266,238,7,5,0,86,0.004462857898018962
6937,0.1752650427259511,0.059097458564834,0.0137692230533883,238,13,3,0,68,0.0026935169555837167
6938,0.016062121050952,0.0812240723802551,0.0540386030347162,238,10,6,3,31,0.0017261073251220965
6939,-0.0410240045385242,0.0695956634620236,0.0039660529230757,238,9,4,0,110,0.004292388740450521
6940,0.043222352232032,0.0652427906200355,0.0074348584979037,238,10,4,0,104,0.004355003298635465
6941,-0.0862674183597489,0.0842827039490382,0.016855868661405,238,8,6,1,32,0.004098846777087474
6942,0.1642023898166861,0.0725431737615864,0.0322981705923662,238,13,5,2,14,0.0013821423406262744
6943,-0.1212991525724213,0.0682988755528768,0.0142263676820246,238,7,4,0,53,0.0027892752163863077
6944,0.2200120554550934,0.0678888431064635,0.0277864644089452,238,14,4,1,9,0.0013243774840951577
6945,-0.3063858454774314,0.0927027156461119,0.0177182758216992,238,3,7,1,24,0.003043892917955284
6946,-0.25532744743467,0.0840221104321247,0.0034557332148948,238,4,6,0,60,0.003468743098616289
6947,-0.0527958018650498,0.0810726303187112,0.0010076409927461,238,9,6,0,67,0.003528788865454604
6948,-0.2155444456263517,0.1502124196483547,0.0702445836945404,238,5,13,4,1,8.166040725913465e-05
6949,-0.1791653370208842,0.0981466754627402,0.0089746718634783,238,6,7,0,96,0.004713885748433999
6950,0.0393929723788249,0.1571547797435674,0.182103962074009,238,10,13,11,3,0.00024814371209443185
6951,-0.1679608552281672,0.0748130050715319,0.0366161991657715,238,6,5,2,9,0.0014731747408398195
6952,-0.4300606318476757,0.1143524003013465,0.0021894737020563,238,1,9,0,77,0.0026736108853416024
6953,-0.1341346665248377,0.081447094993975,0.0113911146588148,238,7,6,0,105,0.004915439800339099
6954,-0.3948161543098251,0.098479416379689,0.0017111664201518,238,2,7,0,52,0.002597604187038845
6955,0.0596745027124773,0.0604879921575378,0.002057434132804,238,11,3,0,87,0.0035031944625956886
6956,-0.2932666737581108,0.1317882556876147,0.0822669432454872,238,4,11,5,1,0.00035694188417471104
6957,-0.0273375172853951,0.1433284845265229,0.1747038165825467,238,9,12,11,3,0.00029032917748615585
6958,-0.1004503067049604,0.104122346631514,0.0863451261631817,238,8,8,5,12,0.0009924301394853789
6959,-0.236818778144169,0.0993722538968689,0.0018859194587633,238,5,7,0,118,0.004976576343704583
6960,-0.4455199801439562,0.1327606699029848,0.0301440325731776,238,1,11,1,21,0.0014808047137841256
6961,-0.2612133460979328,0.0853587740682647,0.0028209750979962,238,4,6,0,60,0.003468743098616289
6962,-0.2036308194163741,0.0891367456014025,0.0307706199888647,238,6,6,2,15,0.0022845815446225454
6963,0.1741304116583342,0.0568471644589065,0.0416073045673261,238,13,3,2,12,0.0015635494242541884
6964,-0.4295642307555933,0.122043588458962,0.0222451098133341,238,1,10,1,22,0.002079606064659946
6965,-0.4561571464028648,0.1277204725357711,0.0245414105226858,238,0,10,1,8,0.0010919391645934223
6966,0.022231677481119,0.0714835926816306,0.0172876391730161,238,10,5,1,35,0.003681177079075407
6967,0.1581037478282451,0.060774511261216,0.0013554096891431,238,13,3,0,68,0.0026935169555837167
6968,-0.0405276034464418,0.0787363836486092,0.001066725516612,238,9,5,0,128,0.00475484797010613
6969,-0.0039357515157961,0.0739487420873144,0.0013302559650979,238,9,5,0,128,0.00475484797010613
6970,-0.1496649292628443,0.075749216381122,0.0023443802219896,238,7,5,0,86,0.004462857898018962
6971,-0.2210757720809842,0.0830412251213389,0.0298925509178452,238,5,6,1,26,0.0036553501392859243
6972,-0.4050987483601034,0.1161157228381037,0.0380869075677113,238,1,9,2,5,0.0010601492649111527
6973,-0.0956990391093146,0.0713672510870378,0.0164582456693404,238,8,5,1,45,0.004231983686421704
6974,-0.000106371662589,0.0801619145608442,0.0103219768704698,238,10,5,0,75,0.003855261700858351
6975,-0.1756196149345814,0.073633334921137,0.0060029832883518,238,6,5,0,87,0.0037737578394178533
6976,-0.1722157217317306,0.0924571866769247,0.0007282287345737,238,6,7,0,96,0.004713885748433999
6977,-0.0410240045385242,0.0629929073697305,0.0105238539241241,238,9,4,0,110,0.004292388740450521
6978,-0.2176718788781335,0.1009761485032866,0.0019063813622858,238,5,8,0,70,0.004087396103385501
6979,-0.3806332659646136,0.0957009166894579,0.0054162607988699,238,2,7,0,52,0.002597604187038845
6980,-0.0277630039357515,0.0756891451663381,0.001086641509775,238,9,5,0,128,0.00475484797010613
6981,-0.3182994716874091,0.1269673237529038,0.0428162883342142,238,3,10,2,12,0.0015393917560890028
6982,0.0739283054994149,0.0769809829073784,0.0032534194703365,238,11,5,0,31,0.0026768986373174324
6983,-0.00620501365103,0.1257151401157935,0.1299765007860872,238,9,10,8,11,0.000620914219708723
6984,-0.1713647484310179,0.10125698985199,0.0305578197393995,238,6,8,1,25,0.003122502696240139
6985,0.0261319717760521,0.0677844335173798,0.0135149934286784,238,10,4,0,104,0.004355003298635465
6986,-0.0483281920363081,0.0610396864029986,0.0073011846789131,238,9,3,0,38,0.002541755274822797
6987,-0.4494911888806154,0.1294159549995324,0.0082610239301611,238,1,11,0,44,0.0016412330933814783
6988,0.0840690706662411,0.0680198788071485,0.0078632880203497,238,11,4,0,96,0.0038563263286608743
6989,-0.2768854377193915,0.1041400675243979,0.0103819464974538,238,4,8,0,91,0.004483419991872029
6990,0.032159699322767,0.1337009154162582,0.1295218630013459,238,10,11,8,6,0.00044266141007082274
6991,-0.0559160373009963,0.1008239151136058,0.0119192047503465,238,8,8,0,11,0.0013733754699129929
6992,0.1734921816827996,0.1291662639479502,0.1476407183200282,238,13,10,9,7,0.0002713035225251719
6993,-0.3336169911002375,0.0978896571305941,0.0119884512791273,238,3,7,0,83,0.0037735571101525844
6994,0.0781122575612523,0.0686955002244764,0.007023587158529,238,11,4,0,96,0.0038563263286608743
6995,-0.236889692585895,0.0954673599140165,0.0092395323026624,238,5,7,0,118,0.004976576343704583
6996,-0.0909477715136687,0.0920498840815826,0.0472389960847647,238,8,7,3,12,0.001600014694282029
6997,-0.2303655639470977,0.1143751568620796,0.0194594615124594,238,5,9,1,21,0.0025129596142606752
6998,-0.3810587526149699,0.109090940927063,0.0020002150614021,238,2,8,0,89,0.003550440087193625
6999,-0.3464525050526539,0.135351611174355,0.0037425295030764,238,3,11,0,4,0.0010824182286269099
7000,-0.1527142502570648,0.0689909383024874,0.0185179989477011,238,7,4,1,13,0.002255601474021136
7001,-0.1200226926213523,0.0810133779256559,0.0026802751408648,238,7,6,0,105,0.004915439800339099
7002,0.3521256603907385,0.0557100358217412,0.0484357144266627,238,17,3,3,8,0.00048395992218328883
7003,0.189944332163245,0.1286266876280448,0.1451562238385587,238,13,10,9,7,0.0002713035225251719
7004,-0.4188561500549586,0.1313166291884221,0.0236772654450903,238,1,11,1,21,0.0014808047137841256
7005,-0.2982306846789348,0.091706867466918,0.0050859911819628,238,4,7,0,120,0.004630464276693427
7006,-0.0742119632663191,0.1569548020079978,0.188820870355562,238,8,13,12,2,0.00019673301506406936
7007,0.1720738928482785,0.0707281619521803,0.0253408229591183,238,13,4,1,27,0.002211503016508247
7008,-0.2217140020565187,0.0835073119914996,0.0041050374299541,238,5,6,0,104,0.004457874728275953
7009,-0.0796723752792256,0.0832256432002696,0.0077880064210444,238,8,6,0,87,0.004426521123504939
7010,-0.3024146367407722,0.0972432946457522,0.0012951633323504,238,4,7,0,120,0.004630464276693427
7011,-0.0747792788001276,0.0977079084475534,0.009592551880834,238,8,7,0,32,0.002863781975607201
7012,-0.2404354146721979,0.0933295703159733,0.0081039253829625,238,5,7,0,118,0.004976576343704583
7013,-0.1786689359288018,0.1114543038840587,0.0734346669439279,238,6,9,4,19,0.0010847483299686014
7014,0.0064886714179342,0.0716350856366652,0.0069543924844998,238,10,5,0,75,0.003855261700858351
7015,-0.325603659185193,0.1020125403996305,0.0017410569635044,238,3,8,0,100,0.004333383064151017
7016,-0.0841399851079672,0.0802682187796014,0.0067153631753331,238,8,5,0,118,0.004884276702473828
7017,-0.085203701733858,0.0878056262458675,0.0026331917268272,238,8,6,0,87,0.004426521123504939
7018,0.1297379711378221,0.1369580323308159,0.1356524086248723,238,12,11,8,2,0.00023557719093156518
7019,-0.0764103109598269,0.1235152769164749,0.1291757122082952,238,8,10,8,7,0.0006149480491235002
7020,-0.2329184838492358,0.1106595519180582,0.0039924090819994,238,5,9,0,34,0.002548715097143437
7021,-0.4675743715207601,0.1313391511096899,0.003113506210307,238,0,11,0,17,0.0009954726964181157
7022,-0.1642023898166861,0.0929078205795885,0.0223788032690925,238,6,7,1,34,0.0042053397344584634
7023,-0.029606779420629,0.080117998419255,0.0105621861946365,238,9,5,0,128,0.00475484797010613
7024,0.0552068928837357,0.1293428787409655,0.1225754892037901,238,11,11,8,4,0.00034970106862748694
7025,-0.2127078679573094,0.1112929359181945,0.0263724624225985,238,5,9,1,21,0.0025129596142606752
7026,-0.3131227174414069,0.0999257288100064,0.0215459617057998,238,3,7,1,24,0.003043892917955284
7027,-0.3199305038471084,0.1132717841991067,0.0544241968929553,238,3,9,3,16,0.0011554300265711247
7028,0.1076126653192922,0.0777393159334543,0.0532451364300244,238,12,5,3,24,0.001508498782464373
7029,0.0491082508952948,0.0630669570303142,0.0167614024784896,238,11,4,1,35,0.00355858256828443
7030,0.4614048150905931,0.0287841379760941,0.0078568955208621,238,19,0,0,3,0.00015691009787453854
7031,-0.0914441726057511,0.1186992162267424,0.1185183412181741,238,8,9,7,7,0.0007091427151292486
7032,-0.1334964365493032,0.1158076920094998,0.1043001011887048,238,7,9,6,13,0.0008976724089664401
7033,0.4141048824593128,0.0922492354585948,0.1153898232973674,238,18,7,7,2,9.511374047212319e-05
7034,0.0625110803815196,0.0654889213441846,0.0021075752631599,238,11,4,0,96,0.0038563263286608743
7035,-0.0873311349856398,0.0976835657140168,0.0297914747073184,238,8,7,1,25,0.0028794895434652297
7036,-0.3999929085558273,0.1144455856830731,0.002829711489173,238,2,9,0,92,0.0036402965216667748
7037,-0.1737049250079778,0.0913458045895157,0.0027546399671151,238,6,7,0,96,0.004713885748433999
7038,-0.0820834662979115,0.1389245000439979,0.1405353616594217,238,8,11,9,9,0.00047895346149418435
7039,0.1329291210154947,0.0563252181648836,0.0027085323728684,238,12,3,0,112,0.0033545247846789965
7040,-0.2801475020387901,0.1025786763957015,0.0016146201171545,238,4,8,0,91,0.004483419991872029
7041,-0.1437790305995815,0.096906881153834,0.0875969336609425,238,7,7,5,7,0.0007126402050501692
7042,0.0710917278303726,0.1812818650282966,0.2310715853220649,238,11,16,15,3,7.812373086191362e-05
7043,0.086409247243201,0.0533554581611717,0.0051710243874773,238,11,3,0,87,0.0035031944625956886
7044,0.1079672375279225,0.0909663267763853,0.0978434161120957,238,12,7,6,11,0.0007591427528610176
7045,-0.1200226926213523,0.0969560294136575,0.060781832713018,238,7,7,3,28,0.0017006627136119561
7046,0.1537070524412296,0.0758231756250918,0.0330759986159199,238,13,5,2,14,0.0013821423406262744
7047,0.0898131404460518,0.1461980860385053,0.1682255705713049,238,11,12,11,8,0.00032097752887019136
7048,-0.0168421799099386,0.0777174346129654,0.0097885263036337,238,9,5,0,128,0.00475484797010613
7049,-0.4410523703152146,0.1328772382702283,0.0687251530666311,238,1,11,4,4,0.0002482401363726173
7050,0.04811544871113,0.1248125941632165,0.1244328043825638,238,11,10,8,10,0.0005244538209284242
7051,0.1400914796298266,0.0843894930907226,0.0474000487167213,238,12,6,3,15,0.0012031467636487892
7052,-0.0716590433641811,0.074326079160071,0.0161890840552178,238,8,5,1,45,0.004231983686421704
7053,-0.1832783746409956,0.0910264573838196,0.0308081873477766,238,6,7,2,22,0.002576945851115547
7054,-0.3632592277417296,0.1211377122373726,0.0522630391376589,238,2,10,3,13,0.0008397115748875404
7055,-0.3879374534623976,0.1136864264329843,0.0017222511586816,238,2,9,0,92,0.0036402965216667748
7056,-0.011098110130128,0.1468184104443062,0.1596224148772967,238,9,12,10,6,0.0003667185480643444
7057,-0.0878275360777222,0.1037087731000606,0.0179635683963509,238,8,8,1,11,0.0015147342647100137
7058,0.1412970251391695,0.0828737185652242,0.072256792939394,238,12,6,4,12,0.0010868341343686872
7059,-0.3585079601460836,0.1476324479964688,0.0482626561997121,238,2,12,3,5,0.00040215832047508387
7060,0.1291706556040137,0.0514893315036607,0.0017068535454959,238,12,3,0,112,0.0033545247846789965
7061,-0.3989291919299365,0.1176727379189721,0.019029277453105,238,2,9,1,29,0.003099733513643377
7062,-0.1797326525546927,0.0763048224136444,0.0111937046174286,238,6,5,0,87,0.0037737578394178533
7063,-0.0500301386377335,0.0829604970722993,0.0058773236582925,238,9,6,0,67,0.003528788865454604
7064,0.0401021167960855,0.0804438713182835,0.0094319497365951,238,10,5,0,75,0.003855261700858351
7065,-0.4334645250505264,0.1221937055894764,0.0282892180289062,238,1,10,1,22,0.002079606064659946
7066,-0.0969045846186575,0.100481315924292,0.0510782712682992,238,8,8,3,12,0.0012201196394973663
7067,-0.3811296670566961,0.1061511194002285,0.0035249165575918,238,2,8,0,89,0.003550440087193625
7068,-0.0096798212956068,0.078918671575527,0.0175551646246718,238,9,5,1,43,0.0042530637397620065
7069,-0.2958905081019749,0.0977252917683119,0.0269549082218034,238,4,7,1,28,0.0038455970181802803
7070,-0.3422685529908165,0.1371303452640441,0.0408908711203551,238,3,11,2,9,0.0009388176885971226
7071,-0.4553770875438782,0.1112932627414861,0.0084808521619619,238,0,9,0,7,0.0012448062716174599
7072,-0.1761869304683898,0.102893952249877,0.0464089416549368,238,6,8,3,17,0.0015567601468503074
7073,-0.4072970960536112,0.1155418279155479,0.0013759920263125,238,1,9,0,77,0.0026736108853416024
7074,-0.1500195014714746,0.0960947012211135,0.0269335008158099,238,7,7,1,42,0.0036960149974717034
7075,-0.0303159238378895,0.1174279009574067,0.1096674952746282,238,9,9,7,10,0.0007146520219973656
7076,-0.1222919547565861,0.0793972198328119,0.0203981358919233,238,7,5,1,35,0.003768331523905521
7077,0.0241463674077225,0.0683129820280032,0.0028989399020165,238,10,4,0,104,0.004355003298635465
7078,-0.1410842818139914,0.084472748126623,0.0108517383306996,238,7,6,0,105,0.004915439800339099
7079,0.0525121440981455,0.071838585836242,0.031338931044482,238,11,5,2,24,0.0022595098618287553
7080,0.0190405276034464,0.1702394413722823,0.2047278356519902,238,10,15,13,3,0.0001350806765659747
7081,-0.2051909371343473,0.104816178452452,0.0050541696812195,238,5,8,0,70,0.004087396103385501
7082,-0.4189979789384108,0.1242121833368144,0.0013886826240524,238,1,10,0,58,0.0024176974686684533
7083,0.2570293940360953,0.1081098789133818,0.1354438399548668,238,15,8,8,6,0.00030640106925529603
7084,0.2337694571499485,0.1275147962926359,0.1629796553696444,238,14,10,10,4,0.00017625611383147543
7085,0.0325142715313973,0.0675104301161642,0.0133384186442582,238,10,4,0,104,0.004355003298635465
7086,-0.0314505549055065,0.0596111263672506,0.0034899182916862,238,9,3,0,38,0.002541755274822797
7087,0.2414282168563628,0.0463538568988775,0.0143507012451026,238,14,2,0,63,0.001936958343928828
7088,-0.3221288515406161,0.1044608703599821,0.0004208433283664,238,3,8,0,100,0.004333383064151017
7089,-0.1722157217317306,0.0903511410056697,0.0019703146607433,238,6,7,0,96,0.004713885748433999
7090,-0.3182994716874091,0.1458393600923671,0.059930850454086,238,3,12,3,6,0.000405900825063986
7091,-0.0095379924121547,0.0697719869295104,0.0516669746946112,238,9,4,3,4,0.0007430513465688901
7092,-0.1056979753926887,0.0830175523450277,0.0073434838525715,238,7,6,0,105,0.004915439800339099
7093,-0.2895082083466297,0.0960719146857649,0.0025681368419187,238,4,7,0,120,0.004630464276693427
7094,-0.4209835833067403,0.1119476510007345,0.0007160487259593,238,1,9,0,77,0.0026736108853416024
7095,-0.3107116264227209,0.0945102621176343,0.0629699364314814,238,3,7,4,4,0.00032968926352290156
7096,-0.2308619650391801,0.0988861437619164,0.0123417131013847,238,5,7,0,118,0.004976576343704583
7097,-0.1056979753926887,0.0905125028465594,0.0068161299829083,238,7,7,0,75,0.003922112144946418
7098,0.0757720809842924,0.1448902640710117,0.1784601210801995,238,11,12,11,8,0.00032097752887019136
7099,0.0710208133886465,0.0509226730898044,0.0167323461522885,238,11,2,1,2,0.0014464128078844386
7100,-0.4226855299081657,0.1400973245129978,0.0036007633923107,238,1,12,0,17,0.000821500086197717
7101,0.0122327411977449,0.0996515862086862,0.0813253145188817,238,10,7,5,11,0.0009860863442663005
7102,-0.2853242562847923,0.0860140323616196,0.011441784729121,238,4,6,0,60,0.003468743098616289
7103,-0.3129808885579548,0.0961967708664824,0.002978767127153,238,3,7,0,83,0.0037735571101525844
7104,-0.0693897812289472,0.0698495841594718,0.0164905735251126,238,8,4,1,19,0.0029757617683365627
7105,-0.2388752969542247,0.0928980081631786,0.0017460421535457,238,5,7,0,118,0.004976576343704583
7106,0.1666843952770981,0.0749399539328553,0.0522532522501541,238,13,5,3,23,0.0012615436760510372
7107,0.0391802290536467,0.0686692285290701,0.0584156330102106,238,10,4,3,5,0.000986229892151786
7108,-0.349076339396518,0.1396720095080318,0.0383528798800672,238,3,12,2,5,0.0004779927054410548
7109,0.0710208133886465,0.0946431760823536,0.0898419053868829,238,11,7,5,17,0.0010146204443782594
7110,-0.1646987909087685,0.0878924917143953,0.024717139568025,238,6,6,1,30,0.004217975956735463
7111,-0.0090415913200723,0.0638148579683466,0.001023954476773,238,9,4,0,110,0.004292388740450521
7112,-0.437790305995816,0.1308175831135545,0.0350973721423489,238,1,11,2,11,0.0008562449645723883
7113,0.3541112647590681,0.0316053391330754,0.002486593975181,238,17,0,0,15,0.0005505446427089447
7114,0.0179058965358295,0.0879452456172014,0.0442585026088068,238,10,6,2,24,0.0021178534085580414
7115,-0.0630783959153281,0.0627757442306531,0.0042037976276252,238,8,4,0,68,0.003645851648012564
7116,-0.2152607878594475,0.1003993572227358,0.0089014655559612,238,5,8,0,70,0.004087396103385501
7117,-0.3997092507889231,0.126644352408955,0.0130632261197123,238,2,10,0,64,0.0027862606231091225
7118,0.0830053540403503,0.1127735184882239,0.1189058636682649,238,11,9,7,12,0.0006903861115693627
7119,-0.2944013048257277,0.157904932104922,0.1631795652886948,238,4,13,10,3,0.00012347845194892834
7120,0.1020104244229337,0.0719173640293969,0.0265296536936643,238,12,5,1,16,0.0020170201009321654
7121,0.3585788745878097,0.0450251863092397,0.0198120375621279,238,17,2,1,8,0.0006741744902410895
7122,-0.3017764067652376,0.1163745153851305,0.0022333458689584,238,4,9,0,63,0.0032442879918447966
7123,0.1541325390915859,0.0671501410094369,0.0504911835698348,238,13,4,3,11,0.001202520299529772
7124,-0.4128993369499698,0.1159007667659788,0.0455045526045517,238,1,9,2,5,0.0010601492649111527
7125,-0.0976846434776442,0.0636743837384812,0.0046405344462923,238,8,4,0,68,0.003645851648012564
7126,-0.1050597454171541,0.111745133297521,0.0389439041010722,238,7,9,2,7,0.0009848642234243496
7127,0.2422791901570754,0.0977178985466188,0.1165987105295376,238,14,7,7,7,0.0003898449111663476
7128,-0.3041874977839236,0.0928365099469167,0.0365165727349289,238,4,7,2,14,0.001988598870210548
7129,0.0411658334219763,0.0852052621675408,0.0642845823505037,238,10,6,4,15,0.0012094322560504275
7130,-0.228238130695316,0.1000765609030414,0.0203548001372306,238,5,8,1,31,0.003710872647041985
7131,0.0517320852391589,0.0685418391738547,0.0180135388708892,238,11,4,1,35,0.00355858256828443
7132,-0.0181186398610076,0.0995190028936076,0.0940625567774932,238,9,7,6,5,0.000588261317527889
7133,0.0566251817182569,0.0772926246723625,0.0689907268619623,238,11,5,4,3,0.0009304161891401099
7134,-0.0829344395986242,0.0723424623510114,0.0043442992567129,238,8,5,0,118,0.004884276702473828
7135,-0.4528950820834663,0.1454446553550888,0.0238967219542765,238,1,12,1,7,0.0007803333456211111
7136,-0.2351168315427436,0.0936312047253831,0.0010064214368966,238,5,7,0,118,0.004976576343704583
7137,-0.1135694784242811,0.0707240388582003,0.0372225419927714,238,7,4,2,3,0.0010193222908668341
7138,-0.0527248874233237,0.0724551380467958,0.0071386143690641,238,9,5,0,128,0.00475484797010613
7139,0.1052724887423323,0.0559456130471642,0.0026314513829658,238,12,3,0,112,0.0033545247846789965
7140,-0.0775449420274438,0.0812056843152412,0.0359049733022963,238,8,6,2,25,0.0025738901815202356
7141,-0.0098216501790589,0.0822922705598771,0.0131855629017343,238,9,6,0,67,0.003528788865454604
7142,-0.4161614012693684,0.1384290464176578,0.0276078881045574,238,1,11,1,21,0.0014808047137841256
7143,-0.377442116086941,0.1099815304388677,0.0103349188950802,238,2,9,0,92,0.0036402965216667748
7144,0.3080168776371307,0.0840199251589704,0.0931253833911474,238,16,6,6,11,0.0003094723533780408
7145,0.1668971386022763,0.0656718299673717,0.0629747242608185,238,13,4,4,5,0.0006604029964026735
7146,0.081445236322377,0.085163228425787,0.0629510903832526,238,11,6,4,12,0.001206200991013593
7147,0.034641704783179,0.0853475594711938,0.0605181267213219,238,10,6,3,31,0.0017261073251220965
7148,0.1444881750168421,0.0842447996531323,0.0581591922062139,238,12,6,3,15,0.0012031467636487892
7149,-0.2637662660000708,0.1034985328803175,0.0044566139112369,238,4,8,0,91,0.004483419991872029
7150,0.0869765627770095,0.0932576186571902,0.0566895699508272,238,11,7,3,7,0.0009922257724966847
7151,-0.411977449207531,0.1017507223123216,0.0025492085749593,238,1,8,0,39,0.0022015621544169703
7152,0.1968230330106726,0.0545206402421735,0.0057403950885926,238,13,3,0,68,0.0026935169555837167
7153,0.1050597454171541,0.0663143583953408,0.0533933328186069,238,12,4,3,6,0.0012563024102635314
7154,-0.4698436336559939,0.1311524786549861,0.0030936369247589,238,0,11,0,17,0.0009954726964181157
7155,0.0218771052724887,0.0754417595256554,0.007963151976726,238,10,5,0,75,0.003855261700858351
7156,0.2327766549657837,0.1081817216174076,0.1273717244441129,238,14,8,8,11,0.00034641907018767093
7157,0.2032053327660177,0.0581525051159837,0.0450399579422282,238,14,3,2,20,0.001345194623171677
7158,0.0088288479948941,0.0795696595971201,0.0513734733203137,238,10,5,3,16,0.0015634415710051469
7159,-0.2690848491295252,0.0971911300396755,0.0080648444433946,238,4,7,0,120,0.004630464276693427
7160,-0.4006311385313618,0.1232442962141046,0.0021244905228307,238,2,10,0,64,0.0027862606231091225
7161,-0.1555508279261071,0.0796925361337637,0.004746973612723,238,6,5,0,87,0.0037737578394178533
7162,-0.1954047441761514,0.0990766567669123,0.0479691754958726,238,6,7,3,27,0.001618208133972155
7163,-0.3653157465517852,0.1329158216952214,0.0131266283737323,238,2,11,0,22,0.0015995178499110165
7164,-0.2341240293585788,0.0871639963532244,0.0631750939859075,238,5,6,4,2,0.00040605263896008006
7165,-0.1081090664113746,0.0655185228639647,0.0074162520999936,238,7,4,0,53,0.0027892752163863077
7166,-0.3240435414672197,0.0983199881209276,0.033816197766954,238,3,7,2,7,0.001458730871847017
7167,-0.0920824025812856,0.0926795401311878,0.0742496899780784,238,8,7,4,17,0.0011918988240630826
7168,0.0942098358330674,0.0564782581779067,0.0073739716277305,238,11,3,0,87,0.0035031944625956886
7169,-0.0930752047654504,0.1068517092506258,0.0241846316799264,238,8,8,1,11,0.0015147342647100137
7170,0.2496542920965854,0.0535860762620808,0.0186759467997406,238,15,3,1,9,0.0012431228036498937
7171,-0.2709286246144027,0.0876377565596008,0.00450664158478,238,4,6,0,60,0.003468743098616289
7172,0.2691557635712512,0.0789048723270535,0.0764404924252939,238,15,5,5,6,0.00046407424126456716
7173,-0.0366982235932347,0.1154032987738009,0.1026180621699382,238,9,9,6,7,0.0007918383888093588
7174,-0.1226465269652164,0.1566111053646471,0.1646717987514226,238,7,13,10,5,0.00022213182713577852
7175,0.1386022763535793,0.0498179688899515,0.0128800238905412,238,12,2,0,34,0.0021758371823757663
7176,-0.3780094316207495,0.1576693596050206,0.0487874610800127,238,2,13,3,3,0.00018895175898499196
7177,-0.1140658795163634,0.101026173401736,0.0329640006709927,238,7,8,2,12,0.0017732637311286177
7178,0.2758926355352267,0.0761269540228143,0.0511986971564469,238,15,5,3,6,0.0005972175125020211
7179,-0.2298691628550153,0.1294880388231145,0.0324271615178117,238,5,11,2,6,0.0005500824340594334
7180,0.2568875651526432,0.0559314185521743,0.0259489671795153,238,15,3,1,9,0.0012431228036498937
7181,0.1912917065560401,0.0510596079843096,0.0043851712215493,238,13,2,0,51,0.002201728852969309
7182,0.0832180973655284,0.06040204711673,0.0025435486211918,238,11,3,0,87,0.0035031944625956886
7183,-0.1047760876502499,0.0900312902387285,0.0029639854256788,238,7,6,0,105,0.004915439800339099
7184,0.0637166258908626,0.1732595920160634,0.2314092150715533,238,11,15,15,3,9.559513485170048e-05
7185,-0.2731269723079104,0.0965022596118133,0.0155627645639564,238,4,7,1,28,0.0038455970181802803
7186,-0.0978973868028223,0.1000140634970303,0.0981166668353947,238,8,7,6,6,0.0005008773063975063
7187,-0.4183597489628762,0.1125813039924413,0.0027092090458137,238,1,9,0,77,0.0026736108853416024
7188,0.230649221714002,0.0887898622609884,0.0851182025823833,238,14,6,5,8,0.000589510168062825
7189,-0.0601709038045597,0.0978657215049733,0.0623170003782449,238,8,7,4,17,0.0011918988240630826
7190,-0.1422189128816083,0.0927802203376437,0.0354340849268469,238,7,7,2,26,0.002471827272074585
7191,0.4094245293053929,0.0396802706945042,0.0295095833408731,238,18,1,1,1,0.00038615747044402004
7192,-0.2580221962202602,0.0981141221642828,0.0129309198520007,238,4,7,0,120,0.004630464276693427
7193,0.001311917171932,0.0717976010197559,0.0163990050361164,238,10,5,1,35,0.003681177079075407
7194,-0.3656703187604155,0.1023793662319652,0.0006881544993739,238,2,8,0,89,0.003550440087193625
7195,-0.093784349182711,0.0685291751289772,0.018623892099986,238,8,4,1,19,0.0029757617683365627
7196,-0.3339006488671417,0.154285413339741,0.1724506278021992,238,3,13,11,2,6.628042472148191e-05
7197,-0.3953834698436336,0.1067710910895903,0.0109645169779161,238,2,8,0,89,0.003550440087193625
7198,-0.0405985178881679,0.0895704581057713,0.047827332591856,238,9,6,3,22,0.0016882375614213183
7199,-0.3518420026238342,0.140082972949879,0.0200708187959261,238,3,12,1,2,0.00048057330376898797
7200,0.2451157678261177,0.0694657128979969,0.0275945803330253,238,14,4,1,9,0.0013243774840951577
7201,-0.04811544871113,0.1316790054278316,0.1501981074983128,238,9,11,9,6,0.0004840266587636239
7202,-0.3053930432932666,0.0977266857088206,0.005411720057207,238,3,7,0,83,0.0037735571101525844
7203,-0.3134772896500372,0.0917038996525112,0.0179466627808836,238,3,7,1,24,0.003043892917955284
7204,-0.3389355742296918,0.1148379355528124,0.00792983324316,238,3,9,0,69,0.003704547569987754
7205,-0.2829131652661064,0.1188231726206879,0.0053628624603929,238,4,9,0,63,0.0032442879918447966
7206,-0.3968726731198808,0.1367963147264105,0.0552661914627428,238,2,11,3,9,0.0006486389337313848
7207,-0.0722972733397156,0.1359067799479695,0.1542388929592305,238,8,11,10,3,0.00031290910041200634
7208,-0.3481544516540793,0.0996686756060963,0.0100334091965933,238,3,7,0,83,0.0037735571101525844
7209,-0.2480941743786121,0.0864859998041941,0.0042850959491024,238,5,6,0,104,0.004457874728275953
7210,-0.0086161046697159,0.0607558573647198,0.004336013964841,238,9,3,0,38,0.002541755274822797
7211,-0.2238414353083005,0.0849469568437854,0.0067322624301704,238,5,6,0,104,0.004457874728275953
7212,0.1696628018295925,0.0640748278794696,0.0276262604078448,238,13,4,1,27,0.002211503016508247
7213,0.1425025706485125,0.0584981027398041,0.0041484942069712,238,12,3,0,112,0.0033545247846789965
7214,-0.4683544303797467,0.1287193542795171,0.0226843073982596,238,0,10,1,8,0.0010919391645934223
7215,-0.4494911888806154,0.1337867727401128,0.0020597539934307,238,1,11,0,44,0.0016412330933814783
7216,-0.3548204091763287,0.1304899991984115,0.0729138442224166,238,2,11,4,2,0.0003822428880136432
7217,-0.3343970499592241,0.1250195888918249,0.0631032351616221,238,3,10,4,5,0.0006665409693917255
7218,0.3161011239939013,0.0573582308667518,0.0507466224571425,238,16,3,3,9,0.0006651445460751286
7219,0.1142786228415416,0.1200293939449798,0.1132735784374959,238,12,10,7,1,0.0003449149854015847
7220,-0.0022338049143708,0.0859165001455649,0.0272711268940041,238,10,6,1,19,0.0024793188556417934
7221,-0.2439102223167747,0.113968555184086,0.0603330337802249,238,5,9,3,11,0.0012722922549661209
7222,0.176470588235294,0.0764874286133627,0.0414333588659631,238,13,5,2,14,0.0013821423406262744
7223,0.0782540864447044,0.076803290434827,0.0148164125461532,238,11,5,0,31,0.0026768986373174324
7224,-0.0493209942204729,0.1126129920595762,0.1003806420169219,238,9,9,6,7,0.0007918383888093588
7225,-0.2518526397900932,0.0712846941234729,0.0215350627060942,238,5,5,1,12,0.0022323785997296892
7226,-0.011098110130128,0.0771443489887629,0.0268696792013454,238,9,5,1,43,0.0042530637397620065
7227,0.0884657660532567,0.0626115646163257,0.0325924686993756,238,11,4,2,22,0.0021938763198335637
7228,0.0254937418005176,0.0998053330458647,0.0555761739199372,238,10,7,3,21,0.0013092804382386475
7229,0.0652767436088359,0.0659495680410691,0.0047358264327006,238,11,4,0,96,0.0038563263286608743
7230,-0.3170939261780661,0.1122836846427775,0.0200083594487214,238,3,9,1,37,0.003326167945494541
7231,-0.0519448285643371,0.0593685471194431,0.0212830831575414,238,9,3,1,7,0.0019758015093679832
7232,-0.4034677162004041,0.1385691876155313,0.0549813765920127,238,2,11,3,9,0.0006486389337313848
7233,-0.45012941885615,0.1293431829970964,0.0080129407073774,238,1,11,0,44,0.0016412330933814783
7234,-0.1930645675991915,0.1106651741813403,0.0060220520303686,238,6,9,0,20,0.0017687167254327434
7235,0.1868950111690245,0.0535456843624705,0.0080830612900985,238,13,3,0,68,0.0026935169555837167
7236,-0.3311349856398255,0.1172947492496984,0.0024245355010353,238,3,9,0,69,0.003704547569987754
7237,-0.3002162890472644,0.1212920992961949,0.0034039536883232,238,4,10,0,10,0.0017092288079863843
7238,-0.350352799347587,0.1117065345799752,0.0063171630121012,238,3,9,0,69,0.003704547569987754
7239,-0.3200723327305605,0.1111816114852521,0.0189031134411981,238,3,9,1,37,0.003326167945494541
7240,-0.0679714923944261,0.0754860261036971,0.0262804089137776,238,8,5,1,45,0.004231983686421704
7241,-0.24057724355565,0.1076331538311676,0.0064538727528053,238,5,8,0,70,0.004087396103385501
7242,-0.0134382867070878,0.0650051565936885,0.0053349279801295,238,9,4,0,110,0.004292388740450521
7243,-0.4450235790518738,0.1277765257782593,0.0096843882869027,238,1,10,0,58,0.0024176974686684533
7244,-0.2831968230330106,0.0847084376391687,0.0074562277453316,238,4,6,0,60,0.003468743098616289
7245,-0.3531893770166294,0.113261041951851,0.0158599569970449,238,3,9,1,37,0.003326167945494541
7246,0.2008651561890578,0.072794385848864,0.0494664851072236,238,14,5,3,12,0.0009060017775838139
7247,-0.2346913448923873,0.0996725294073334,0.0106471439637895,238,5,7,0,118,0.004976576343704583
7248,-0.1240648157997376,0.0937142476785653,0.0518646439243613,238,7,7,3,28,0.0017006627136119561
7249,-0.3565223557777541,0.1015857697035993,0.0648112081520617,238,2,8,4,2,0.00032426105630480094
7250,0.2323511683154274,0.0424090521528279,0.0236418113532388,238,14,2,1,18,0.0017176569679600764
7251,0.1593092933375881,0.1071525818805097,0.1155439410216687,238,13,8,7,4,0.0004742283372229884
7252,0.0425841222564975,0.0897922115301312,0.0837255687130787,238,10,6,5,3,0.0007147983172792249
7253,-0.0281884905861078,0.1027289576951348,0.1115982928303763,238,9,8,7,3,0.0005512950923242114
7254,-0.1651951920008509,0.0885109428808671,0.0525647935014619,238,6,6,3,9,0.0011868363604927129
7255,0.0152111477502393,0.0760580523493667,0.0614961190884718,238,10,5,4,5,0.0008279011511416063
7256,-0.2962450803106052,0.0922877527316864,0.0019516661371754,238,4,7,0,120,0.004630464276693427
7257,0.1446300039002942,0.0629772544070078,0.0099249081846657,238,12,4,0,46,0.003005418736203267
7258,-0.4669361415452255,0.1057881523679693,0.0230097574359669,238,0,8,1,2,0.000699760152480219
7259,-0.1519341913980782,0.0979672169304656,0.0432819296641605,238,7,7,2,26,0.002471827272074585
7260,-0.0598872460376555,0.0790901412947965,0.0029497611303093,238,8,5,0,118,0.004884276702473828
7261,-0.3748182817430769,0.09911467071277,0.0027832757010465,238,2,7,0,52,0.002597604187038845
7262,-0.4175796901038896,0.1532882513078943,0.0208943233243387,238,1,13,1,2,0.0002946276118324253
7263,-0.2265361840938907,0.1002038449698391,0.0063480290817901,238,5,8,0,70,0.004087396103385501
7264,-0.3973690742119631,0.1209897006413557,0.0051795680612733,238,2,10,0,64,0.0027862606231091225
7265,-0.1450554905506506,0.0904150689710316,0.0262293206719238,238,7,7,1,42,0.0036960149974717034
7266,0.0910186859553947,0.0904277473728873,0.0619611089689862,238,11,7,4,16,0.0010682896120130846
7267,-0.3007836045810729,0.1143109673819554,0.0031738925919907,238,4,9,0,63,0.0032442879918447966
7268,-0.0930752047654504,0.101695198745738,0.0573783141851424,238,8,8,3,12,0.0012201196394973663
7269,0.2270325851859731,0.0670476650162306,0.0538956197882856,238,14,4,3,13,0.001024868986996489
7270,-0.2746161755841576,0.1078432183177625,0.0090401408242032,238,4,8,0,91,0.004483419991872029
7271,0.254121901925327,0.0665865020218168,0.0437702135012432,238,15,4,2,9,0.0008663990284854951
7272,-0.3992128496968407,0.1163264410500137,0.0123043528937765,238,2,9,0,92,0.0036402965216667748
7273,-0.2366060348189908,0.0900180157606181,0.0419412679802032,238,5,6,2,14,0.0018513353508829
7274,-0.3346097932844023,0.1036612458249165,0.0012522732280978,238,3,8,0,100,0.004333383064151017
7275,-0.0891039960287912,0.1216645423733786,0.1420209992736998,238,8,10,9,4,0.0003905418337075422
7276,0.1142077083998156,0.1437267765122706,0.1690429673538453,238,12,12,11,8,0.00027290090825336647
7277,-0.3521256603907385,0.1152555902231943,0.0133517084566773,238,3,9,0,69,0.003704547569987754
7278,-0.4204162677729319,0.1222315159401353,0.0214031803543534,238,1,10,1,22,0.002079606064659946
7279,-0.2056873382264298,0.0813772165719127,0.0214963570512393,238,5,6,1,26,0.0036553501392859243
7280,-0.2275999007197815,0.1125138972358024,0.0389342514536826,238,5,9,2,12,0.00176205040904918
7281,-0.0939261780661631,0.0613572245791243,0.0232527210140388,238,8,4,1,19,0.0029757617683365627
7282,-0.2840477963337233,0.0943601784882238,0.0027941799385015,238,4,7,0,120,0.004630464276693427
7283,0.2145516434421869,0.0609608852456014,0.0534247080697321,238,14,3,3,6,0.0007676776020171537
7284,-0.3152501506931886,0.1165175708126037,0.0550382855188733,238,3,9,3,16,0.0011554300265711247
7285,0.0214516186221323,0.069041377223676,0.0381738038713436,238,10,4,2,18,0.0020621544372435682
7286,-0.2361096337269084,0.0869196261685215,0.0037240215952096,238,5,6,0,104,0.004457874728275953
7287,-0.3336879055419636,0.0867975371187387,0.0109523756210398,238,3,6,0,36,0.0023601621856203458
7288,-0.3129099741162287,0.0871462623967833,0.0063253669444968,238,3,6,0,36,0.0023601621856203458
7289,-0.0405276034464418,0.0881132428687333,0.05252088297571,238,9,6,3,22,0.0016882375614213183
7290,-0.2445484522923093,0.0787595046109425,0.0034506196716686,238,5,5,0,48,0.002829270609622204
7291,0.0286139772364642,0.057754313938298,0.0117788240189597,238,10,3,0,83,0.003204714279147116
7292,-0.46487962273517,0.1234481889447206,0.0037372551856224,238,0,10,0,21,0.001299022135957822
7293,-0.1082508952948267,0.0925895284771814,0.045042180192049,238,7,7,2,26,0.002471827272074585
7294,-0.1703010318051271,0.0833951636352063,0.0040990341445702,238,6,6,0,123,0.0049806266057812725
7295,-0.0057086125589476,0.1013442347614138,0.0800093377606509,238,9,8,5,17,0.0009574163963989238
7296,-0.0682551501613303,0.0737599160200688,0.0123645493554216,238,8,5,0,118,0.004884276702473828
7297,0.0532922029571322,0.0555754343335629,0.0047699897918119,238,11,3,0,87,0.0035031944625956886
7298,0.2875226039783001,0.0540105096479998,0.0359636122511311,238,15,3,2,24,0.0010910017256819872
7299,-0.268872105804347,0.1022305207995503,0.0022561966515154,238,4,8,0,91,0.004483419991872029
7300,-0.4314789206821968,0.0961182905297395,0.0034326687872012,238,1,7,0,16,0.001358025859596965
7301,-0.1552671701592029,0.0858470583138473,0.00385966538314,238,6,6,0,123,0.0049806266057812725
7302,0.355245895826685,0.0924151986356319,0.1006459757693256,238,17,7,6,2,0.00014859340255940032
7303,-0.3591461901216182,0.1056498219271429,0.0008994183495252,238,2,8,0,89,0.003550440087193625
7304,-0.0230117363401056,0.0926081505708423,0.0144803749893088,238,9,7,0,7,0.0018091093679902578
7305,0.0837854128993369,0.0614207628256847,0.0218212270263525,238,11,4,1,35,0.00355858256828443
7306,-0.0833599262489806,0.0914738934115665,0.038181914148129,238,8,7,2,16,0.002126815195695619
7307,-0.2895791227883558,0.111937468128181,0.0031003266220105,238,4,9,0,63,0.0032442879918447966
7308,-0.1109456440804169,0.0887314636503513,0.002022161516716,238,7,6,0,105,0.004915439800339099
7309,-0.0484700209197603,0.0835454956465245,0.0274816750425513,238,9,6,1,35,0.003457223377569426
7310,0.1745558983086905,0.0583159761450242,0.029624491905256,238,13,3,1,35,0.0025669641651229784
7311,-0.1327163776903166,0.0764303182110176,0.0246683992177569,238,7,5,1,35,0.003768331523905521
7312,0.0080487891359075,0.078993943851453,0.043293627078057,238,10,5,2,36,0.0025029702124330115
7313,-0.0996702478459738,0.0746307968207998,0.0275488283652489,238,8,5,1,45,0.004231983686421704
7314,0.1681735985533453,0.0583843784714071,0.0260086258277154,238,13,3,1,35,0.0025669641651229784
7315,-0.0937134347409849,0.0767522631671173,0.0021688103849496,238,8,5,0,118,0.004884276702473828
7316,-0.1452682338758288,0.0925980426572376,0.0076582910031189,238,7,7,0,75,0.003922112144946418
7317,0.1303762011133567,0.0687779691495425,0.0227604740214011,238,12,4,1,39,0.0030492137784899846
7318,0.0122327411977449,0.1437110325345256,0.1654526594316145,238,10,12,10,11,0.0003687449162194606
7319,-0.3109952841896251,0.1072162101048031,0.0057617141421732,238,3,8,0,100,0.004333383064151017
7320,-0.3282274935290571,0.1386468345354725,0.1110762887908939,238,3,11,7,5,0.0002334922392009761
7321,0.1173988582774882,0.0939791713500955,0.0919253989639897,238,12,7,6,11,0.0007591427528610176
7322,-0.2813530475481331,0.1273595359453336,0.0966890061999261,238,4,10,6,6,0.0004982559750678727
7323,-0.0581852994362301,0.0716531482109252,0.0022493307678228,238,8,5,0,118,0.004884276702473828
7324,0.1622167854483565,0.06219005135447,0.0217452948548678,238,13,4,1,27,0.002211503016508247
7325,0.1200936070630783,0.0723845670074998,0.0636805139193837,238,12,5,4,7,0.0009729544999730399
7326,-0.3196468460802042,0.1054240521024365,0.0901951398665056,238,3,8,5,2,0.00032831141764211454
7327,-0.0288976350033684,0.1308519816089103,0.1243080971764874,238,9,11,8,7,0.0005266051561481871
7328,0.1571109456440804,0.0523173435782512,0.0074962665856724,238,13,3,0,68,0.0026935169555837167
7329,-0.0338616459241924,0.0533128110128205,0.0174078778035009,238,9,3,1,7,0.0019758015093679832
7330,-0.3529057192497251,0.1322959689016694,0.0033644411241345,238,3,11,0,4,0.0010824182286269099
7331,-0.0986065312200829,0.1136771895298668,0.068371612798852,238,8,9,4,5,0.0007842453484468897
7332,-0.2544055596922313,0.0885208931854066,0.0082446005886197,238,4,6,0,60,0.003468743098616289
7333,0.3947452398680991,0.0404025716660901,0.0173675534453414,238,17,1,1,15,0.0007078839229582325
7334,-0.0265574584264085,0.0859811411657942,0.0236225649525552,238,9,6,1,35,0.003457223377569426
7335,-0.2123532957486792,0.0905517288279982,0.0427250766602799,238,5,7,2,24,0.0024001793753435753
7336,0.2002978406552494,0.0732883372460028,0.0707414780258127,238,14,5,4,19,0.0007926131938837975
7337,0.0966209268517533,0.0780418667727421,0.058658327380576,238,11,5,3,16,0.0015976535184731248
7338,0.1772506470942807,0.0559089514410366,0.0015447819407105,238,13,3,0,68,0.0026935169555837167
7339,-0.4688508314718291,0.1277513188460488,0.0081724397979057,238,0,10,0,21,0.001299022135957822
7340,0.2132042690493918,0.0624507029205594,0.0092453847525399,238,14,4,0,2,0.0010312173685242158
7341,-0.13697124419388,0.0878280471502081,0.0031817634792231,238,7,6,0,105,0.004915439800339099
7342,-0.0264865439846824,0.1690683950460873,0.2101090235141114,238,9,15,13,1,0.0001383089551525067
7343,-0.0420877211644151,0.0924922506266444,0.015987364804818,238,9,7,1,14,0.0019806186229034644
7344,0.2505052653972981,0.0640602347903556,0.071150721345825,238,15,4,4,9,0.0006083114687464467
7345,0.4262312519944686,0.0762813328163721,0.0947144599283376,238,18,5,6,2,0.00010161362203604949
7346,-0.4037513739673083,0.1242466807709087,0.0353945348404396,238,2,10,2,11,0.001473134783876512
7347,0.0206006453214197,0.1295492551505488,0.1327176828234955,238,10,11,8,6,0.00044266141007082274
7348,-0.3557422969187674,0.1265063190762346,0.0051037528230561,238,2,10,0,64,0.0027862606231091225
7349,-0.2624898060490018,0.0940788315979918,0.002979112903014,238,4,7,0,120,0.004630464276693427
7350,-0.2900755238804382,0.1082123222457745,0.0026594597226397,238,4,8,0,91,0.004483419991872029
7351,-0.3200723327305605,0.1082833469847663,0.0117325476688041,238,3,8,0,100,0.004333383064151017
7352,0.1991632095876324,0.0436128833387584,0.0139662922153608,238,14,2,0,63,0.001936958343928828
7353,0.300996347906251,0.066115518504997,0.0729858873703445,238,16,4,4,11,0.0005407258308459368
7354,-0.1198808637379002,0.0950387619863805,0.0211330031345744,238,7,7,1,42,0.0036960149974717034
7355,-0.2152607878594475,0.0803750630754781,0.0027513663603127,238,5,5,0,48,0.002829270609622204
7356,-0.0276920894940254,0.198993086655948,0.2654544635243502,238,9,18,17,1,2.4350603474197486e-05
7357,0.0681842357196042,0.0726977876718033,0.0310964698677968,238,11,5,2,24,0.0022595098618287553
7358,-0.155479913484381,0.1319771993200211,0.0889327738126893,238,6,11,5,1,0.0003415636022437155
7359,-0.1204481792717086,0.0934992786912557,0.0610210381293116,238,7,7,3,28,0.0017006627136119561
7360,-0.302201893415594,0.1004856191544602,0.0016480481013791,238,4,8,0,91,0.004483419991872029
7361,-0.3191504449881218,0.1156987450597526,0.0244052431796639,238,3,9,1,37,0.003326167945494541
7362,-0.3674431798035669,0.110014591723913,0.0342721757367055,238,2,9,2,15,0.001644406735155633
7363,-0.030883239371698,0.1290994936768564,0.1340166856721157,238,9,10,8,11,0.000620914219708723
7364,-0.3435450129418855,0.1251060390862096,0.0430198695608611,238,3,10,2,12,0.0015393917560890028
7365,0.3571605857532886,0.0956684127367867,0.1187125314458266,238,17,7,7,3,0.0001758520471339795
7366,-0.1999432684466191,0.1306529494410021,0.0335119967664798,238,6,11,2,1,0.00032241793145885674
7367,0.3306385845477431,0.0771202825168572,0.0872007534534795,238,16,5,5,7,0.0003730388774386522
7368,-0.1476793248945147,0.0781543156350422,0.0067660268293199,238,7,5,0,86,0.004462857898018962
7369,-0.0046448959330567,0.071511253805495,0.0150263911220799,238,9,5,0,128,0.00475484797010613
7370,0.0327979292983015,0.0603340389317437,0.0073539843946871,238,10,3,0,83,0.003204714279147116
7371,-0.0208843030883239,0.0607913082458327,0.0056997851477537,238,9,3,0,38,0.002541755274822797
7372,-0.2941885615005495,0.1093155019714186,0.0784793389444679,238,4,8,5,7,0.0005043244782029964
7373,-0.0662695457930007,0.0962955226280192,0.0149905691782512,238,8,7,0,32,0.002863781975607201
7374,-0.1468992660355281,0.1254605363648614,0.0777382129244075,238,7,10,5,3,0.0006272476007621611
7375,0.1484593837535013,0.0682771093580739,0.0411219042300614,238,13,4,2,27,0.0017949624306630315
7376,-0.3183703861291351,0.130180315624909,0.0543526011760574,238,3,11,3,3,0.0006892232622775463
7377,-0.0591781016203949,0.0734613885907627,0.0154473738334568,238,8,5,0,118,0.004884276702473828
7378,-0.2251888097010956,0.1202920276005915,0.0932469137991735,238,5,10,6,10,0.000633513591100095
7379,0.0036520937488919,0.1089052920969532,0.0874791368508961,238,10,8,5,11,0.0009142347313185025
7380,-0.3421976385490904,0.104322382810307,0.0014385356725306,238,3,8,0,100,0.004333383064151017
7381,-0.1768960748856504,0.1323943653567958,0.125411497179524,238,6,11,8,4,0.0004502365003173257
7382,0.0842108995496932,0.1373213743938077,0.1441550042368949,238,11,11,9,5,0.0003710717706472742
7383,-0.0527248874233237,0.0856958118210311,0.0026476917138206,238,9,6,0,67,0.003528788865454604
7384,0.3064567599191575,0.0503296201448192,0.0242558185714566,238,16,2,1,18,0.0010750831663844517
7385,0.0204588164379675,0.075758778298764,0.0021811699624365,238,10,5,0,75,0.003855261700858351
7386,-0.1952629152926993,0.0770553674945679,0.01422012351034,238,6,5,0,87,0.0037737578394178533
7387,-0.3349643654930326,0.1075098000349348,0.002166396468921,238,3,8,0,100,0.004333383064151017
7388,-0.3814842392653263,0.1233564284202347,0.0045758411753753,238,2,10,0,64,0.0027862606231091225
7389,0.0718717866893592,0.0848205004467595,0.0449828620389107,238,11,6,2,17,0.001619547454591884
7390,-0.0318760415558628,0.0864970020527014,0.0389057903112867,238,9,6,2,24,0.002447719255977075
7391,0.1181789171364748,0.1095529207947774,0.1016924786509946,238,12,8,6,17,0.0007219739687309315
7392,0.0474772187355954,0.0959436796524462,0.0776086305693887,238,11,7,5,17,0.0010146204443782594
7393,0.0484700209197603,0.0529001855853981,0.0032297708467977,238,11,3,0,87,0.0035031944625956886
7394,-0.2275289862780554,0.0975218837580621,0.0103993812487333,238,5,7,0,118,0.004976576343704583
7395,-0.0835017551324327,0.0985343215785612,0.0843471331301916,238,8,7,5,6,0.0008172125207767491
7396,-0.3055348721767187,0.1191478391480633,0.0276710646937454,238,3,9,1,37,0.003326167945494541
7397,-0.0713753855972768,0.0643151823270205,0.0092853914507328,238,8,4,0,68,0.003645851648012564
7398,0.2877353473034783,0.0462235149691472,0.0129906167728175,238,15,2,0,32,0.001490183960655832
7399,0.2099422047299932,0.0460254156893598,0.0081551678997064,238,14,2,0,63,0.001936958343928828
7400,-0.2891536361379994,0.1246680396534548,0.0441548850642962,238,4,10,2,20,0.0013956950402149748
7401,-0.1139240506329113,0.0748573916351343,0.0027441561277339,238,7,5,0,86,0.004462857898018962
7402,-0.4360174449526645,0.1273313705840979,0.019959121242285,238,1,10,1,22,0.002079606064659946
7403,-0.3753146828351593,0.1177181580799294,0.0281031038281436,238,2,9,1,29,0.003099733513643377
7404,0.0681842357196042,0.0612260612470896,0.0015387418159307,238,11,4,0,96,0.0038563263286608743
7405,-0.3252490869765627,0.1125734690656093,0.0027535483455752,238,3,9,0,69,0.003704547569987754
7406,0.1089600397120873,0.111688705718166,0.1066712591331048,238,12,9,6,2,0.0004804658270096915
7407,-0.2580931106619862,0.1144484370935561,0.0066266440930357,238,4,9,0,63,0.0032442879918447966
7408,-0.0620855937311633,0.0690980050818628,0.0074202365376728,238,8,4,0,68,0.003645851648012564
7409,0.0706662411800163,0.0788654835811946,0.0860915859277901,238,11,5,5,1,0.00046218817385166954
7410,0.0030138637733574,0.0639610961360617,0.0029124327463193,238,10,4,0,104,0.004355003298635465
7411,-0.4324717228663616,0.1121647528877912,0.0024053459108567,238,1,9,0,77,0.0026736108853416024
7412,-0.2546183030174094,0.1048531313762005,0.0034918912126893,238,4,8,0,91,0.004483419991872029
7413,-0.3308513278729212,0.1003196573521964,0.0206529513647959,238,3,8,1,24,0.003650412738886289
7414,-0.1276814523277665,0.0666560425019644,0.0064692716013008,238,7,4,0,53,0.0027892752163863077
7415,-0.2275289862780554,0.1266170077455939,0.0365596891097208,238,5,10,2,11,0.0011077952279815915
7416,0.0059922703258518,0.0775365094744023,0.019199466553528,238,10,5,1,35,0.003681177079075407
7417,-0.3248945147679324,0.1078850328581705,0.0242182053035101,238,3,8,1,24,0.003650412738886289
7418,0.0186859553948161,0.0599896912021899,0.0193355330340496,238,10,3,1,16,0.0025561943286749496
7419,0.3062440165939793,0.0407768411308345,0.0027953885371772,238,16,1,0,44,0.0011029673443555539
7420,-0.0425132078147714,0.1014757320278615,0.029677630089822,238,9,8,1,1,0.0008494601976384344
7421,-0.1527142502570648,0.0936905908627551,0.0160800291900531,238,7,7,1,42,0.0036960149974717034
7422,-0.2150480445342693,0.0985908364062656,0.000550751118042,238,5,7,0,118,0.004976576343704583
7423,0.0964081835265751,0.1408810011591782,0.1602833961690349,238,11,12,10,7,0.00033215604869236173
7424,-0.3105697975392688,0.1014130444827249,0.010774199380175,238,3,8,0,100,0.004333383064151017
7425,0.0426550366982235,0.0713697421163062,0.0046092727928881,238,10,5,0,75,0.003855261700858351
7426,-0.0498883097542814,0.0669593366916561,0.0113943471920847,238,9,4,0,110,0.004292388740450521
7427,-0.3212069637981775,0.1195272227680388,0.0582552684351817,238,3,9,3,16,0.0011554300265711247
7428,0.0019501471474665,0.1213264808445682,0.109763493919269,238,10,10,7,5,0.0005980529516655343
7429,0.1077544942027443,0.0705215160515425,0.0062550072466874,238,12,4,0,46,0.003005418736203267
7430,-0.2055455093429777,0.0795552120391119,0.0077789699143721,238,5,5,0,48,0.002829270609622204
7431,0.2593695706130553,0.0483306510453637,0.022032354159368,238,15,2,1,18,0.00142560135977588
7432,0.214622557883913,0.0686011351592237,0.0503339177245657,238,14,4,3,13,0.001024868986996489
7433,-0.1618622132397262,0.0960303282662769,0.0613412490410114,238,6,7,4,9,0.001004592582867325
7434,-0.0330815870652058,0.0605776684724704,0.0040467547232558,238,9,3,0,38,0.002541755274822797
7435,0.1327872921320426,0.1562317115094831,0.1914280559087574,238,12,13,12,2,0.0001801866881948301
7436,-0.1236393291493812,0.0955493928626443,0.066019974005296,238,7,7,4,14,0.001160727511064103
7437,-0.1781016203949934,0.083478779686134,0.031321447263434,238,6,6,2,15,0.0022845815446225454
7438,-0.0208843030883239,0.1112569503747893,0.0880671818495803,238,9,9,5,7,0.0006960179984989442
7439,-0.4913307094989894,0.1397542182711943,0.0273170214393799,238,0,12,1,2,0.0004886143066910412
7440,-0.1676771974612629,0.0888105009157277,0.007537793890123,238,6,6,0,123,0.0049806266057812725
7441,-0.0486827642449384,0.0840276957283029,0.0128896666989679,238,9,6,0,67,0.003528788865454604
7442,-0.0949189802503279,0.0785563855030483,0.018438276705318,238,8,5,1,45,0.004231983686421704
7443,-0.1424316562067865,0.1017789284371369,0.0097962630537185,238,7,8,0,22,0.0023093496379671427
7444,0.0883239371698046,0.0635809102528744,0.0080317350378532,238,11,4,0,96,0.0038563263286608743
7445,-0.4080062404708718,0.1158560637461819,0.0280663695048688,238,1,9,1,18,0.0021988824875441887
7446,-0.0921533170230117,0.0671756903381062,0.0041987219320348,238,8,4,0,68,0.003645851648012564
7447,-0.1236393291493812,0.1188965740713654,0.0919370898314684,238,7,9,6,13,0.0008976724089664401
7448,-0.0761975676346487,0.0887958062655868,0.0036842742912154,238,8,6,0,87,0.004426521123504939
7449,-0.098677445661809,0.0912253646776493,0.0547206790581516,238,8,7,3,12,0.001600014694282029
7450,0.1442045172499379,0.1167313248459111,0.1187810817134392,238,12,9,7,8,0.0005334710940643014
7451,-0.112293018473212,0.063253661446749,0.0136426630220498,238,7,4,0,53,0.0027892752163863077
7452,0.1440626883664858,0.0775890820562657,0.0378246940970354,238,12,5,2,36,0.001907366235161121
7453,-0.3392901464383221,0.1043613276582307,0.0171345217907146,238,3,8,1,24,0.003650412738886289
7454,-0.1123639329149381,0.0993822134355444,0.072736036802071,238,7,7,4,14,0.001160727511064103
7455,-0.172641208382087,0.0843202390954921,0.0118357502566031,238,6,6,0,123,0.0049806266057812725
7456,-0.3093642520299258,0.1121408858558433,0.0286749381901379,238,3,9,1,37,0.003326167945494541
7457,-0.3213487926816296,0.0990445481257998,0.0027239846219142,238,3,7,0,83,0.0037735571101525844
7458,-0.1585292344786015,0.1100820668901954,0.0604534061763295,238,6,9,3,9,0.0011717121642149597
7459,0.0474772187355954,0.0920811451881948,0.0350456756777266,238,11,7,2,4,0.0008092645582035639
7460,0.1009467077970428,0.0737128524111243,0.0231493688671397,238,12,5,1,16,0.0020170201009321654
7461,-0.2615679183065631,0.0958607067228946,0.007092019909919,238,4,7,0,120,0.004630464276693427
7462,-0.3893557422969186,0.1120601048319997,0.0066133012141933,238,2,9,0,92,0.0036402965216667748
7463,0.2255433819097259,0.1065479458479236,0.1242357885274505,238,14,8,8,11,0.00034641907018767093
7464,-0.050597454171542,0.0825931900161859,0.0153533655245413,238,9,6,0,67,0.003528788865454604
7465,-0.1688118285288798,0.1049184313173477,0.0503547977512966,238,6,8,3,17,0.0015567601468503074
7466,0.1183916604616529,0.0530052469746014,0.0069690064006367,238,12,3,0,112,0.0033545247846789965
7467,-0.0904513704215863,0.1461401876132889,0.1725744189185286,238,8,12,11,6,0.00025994191172549135
7468,-0.0347126192249051,0.0865786101695474,0.0387671571039372,238,9,6,2,24,0.002447719255977075
7469,-0.1565436301102719,0.0969542111503631,0.051126431481477,238,6,7,3,27,0.001618208133972155
7470,-0.0842818139914193,0.0724123976410998,0.0219331380819858,238,8,5,1,45,0.004231983686421704
7471,-0.2232032053327659,0.0882221762660701,0.0542350869208941,238,5,6,3,4,0.0008749168584488272
7472,0.111016558522143,0.1107189509475803,0.1082147250821191,238,12,9,7,8,0.0005334710940643014
7473,-0.0866219905683792,0.0846872950015042,0.0257765946383218,238,8,6,1,32,0.004098846777087474
7474,-0.0064177569762082,0.0720126382630488,0.0009125836886427,238,9,5,0,128,0.00475484797010613
7475,0.0642839414246711,0.0587515827980868,0.0139629898037376,238,11,3,0,87,0.0035031944625956886
7476,0.1001666489380562,0.0727270060090766,0.0363421442611266,238,12,5,2,36,0.001907366235161121
7477,-0.3461688472857497,0.1149625774706593,0.0027291662332067,238,3,9,0,69,0.003704547569987754
7478,-0.3411339219231996,0.1325568839462244,0.0075526235087309,238,3,11,0,4,0.0010824182286269099
7479,-0.0418749778392369,0.1002799041061837,0.056511432237131,238,9,8,3,7,0.0009415404020712165
7480,-0.1064071198099492,0.0870610359964324,0.0476870960194929,238,7,6,3,9,0.0014084456908025063
7481,-0.4012693685068964,0.1393190300387507,0.0072881094020679,238,2,12,0,5,0.0006954594832814585
7482,0.2261106974435343,0.0735929431781893,0.0650693722033897,238,14,5,4,19,0.0007926131938837975
7483,-0.225756125234904,0.1147205306731151,0.0506062021778489,238,5,9,3,11,0.0012722922549661209
7484,0.0384001701946601,0.1102797689939286,0.1038779897546519,238,10,9,6,13,0.0007544960516155897
7485,0.002588377123001,0.0650923258437543,0.0083745796486194,238,10,4,0,104,0.004355003298635465
7486,-0.0710917278303726,0.0773620873648592,0.0015603067849263,238,8,5,0,118,0.004884276702473828
7487,-0.2210757720809842,0.0948348842644635,0.0117140303388324,238,5,7,0,118,0.004976576343704583
7488,0.0883948516115306,0.0745560068807229,0.0041885328885422,238,11,5,0,31,0.0026768986373174324
7489,-0.1812218558309399,0.0889093498264315,0.0681687860525009,238,6,6,4,1,0.0005892777616198632
7490,0.013651030032266,0.0951168103026977,0.0632855623642052,238,10,7,4,19,0.0012049551147970568
7491,-0.011169024571854,0.1350679315217552,0.1696153305645413,238,9,11,11,1,0.0001995596535843379
7492,0.1720738928482785,0.0544704411001292,0.0219754818752272,238,13,3,1,35,0.0025669641651229784
7493,-0.1964684608020423,0.1005253316535335,0.0477885750644063,238,6,8,3,17,0.0015567601468503074
7494,-0.2512853242562847,0.078273797957845,0.0099975040349039,238,5,5,0,48,0.002829270609622204
7495,-0.2261816118852604,0.0948257664497764,0.0382845382941386,238,5,7,2,24,0.0024001793753435753
7496,-0.3583661312626315,0.1038331498032096,0.0160661219000071,238,2,8,1,13,0.002881514397028944
7497,-0.2834095663581888,0.1293285259615405,0.0432204289621004,238,4,10,2,20,0.0013956950402149748
7498,0.0702407545296599,0.0613826107912218,0.0012122646860828,238,11,4,0,96,0.0038563263286608743
7499,0.209658546963089,0.0658346083203943,0.0573943101077928,238,14,4,3,13,0.001024868986996489
7500,-0.2384498103038683,0.0816539586908757,0.0231466952663595,238,5,6,1,26,0.0036553501392859243
7501,-0.4104882459312838,0.126679231971116,0.0040202646722396,238,1,10,0,58,0.0024176974686684533
7502,0.0675460057440697,0.057744204942784,0.0028216020609618,238,11,3,0,87,0.0035031944625956886
7503,-0.0116654256639364,0.0943963593429052,0.0636891811781911,238,9,7,4,11,0.0012049178080219785
7504,0.1026486543984682,0.0907253841119883,0.0776118307396017,238,12,7,5,15,0.0009148081068238731
7505,0.3514874304152039,0.0716615257260546,0.0694157846770401,238,17,5,4,1,0.00028724822993967276
7506,-0.2197993121299152,0.1252319547347416,0.0313969146879903,238,5,10,2,11,0.0011077952279815915
7507,-0.1780307059532673,0.1006056766683879,0.0074654800197265,238,6,8,0,57,0.003300602884874217
7508,-0.0454206999255398,0.1439672683486889,0.1516388347086493,238,9,12,9,3,0.000343832325362734
7509,0.051873914122611,0.1314309661324009,0.1392001295929189,238,11,11,9,5,0.0003710717706472742
7510,-0.203559904974648,0.118991485413233,0.005452769953853,238,6,9,0,20,0.0017687167254327434
7511,-0.3177321561536006,0.0801227267609326,0.0062633425039758,238,3,5,0,7,0.001029943856425407
7512,-0.3855263624437116,0.1244264071018358,0.0018447546585472,238,2,10,0,64,0.0027862606231091225
7513,-0.1290288267205616,0.0736427837243929,0.0030362701503395,238,7,5,0,86,0.004462857898018962
7514,0.499556784739212,0.1069131712446676,0.1518292587875546,238,19,8,9,1,2.506295587810775e-05
7515,0.3182994716874091,0.0541324752202623,0.0387675522444433,238,16,3,2,22,0.0008277185805572241
7516,-0.1325036343651384,0.0792700720951012,0.011010339465487,238,7,5,0,86,0.004462857898018962
7517,-0.3891429989717406,0.1087876273697677,0.0060907823793713,238,2,8,0,89,0.003550440087193625
7518,0.0141474311243484,0.0552236815165913,0.0134283383292188,238,10,3,0,83,0.003204714279147116
7519,-0.3609190511647696,0.10737309165043,0.0150630961969834,238,2,8,0,89,0.003550440087193625
7520,-0.3838244158422862,0.1224241215634288,0.0032540040565694,238,2,10,0,64,0.0027862606231091225
7521,-0.1015849377725773,0.076957102590609,0.002222118553393,238,8,5,0,118,0.004884276702473828
7522,-0.0463425876679785,0.0750923110064772,0.0100921582191514,238,9,5,0,128,0.00475484797010613
7523,0.3250363436513845,0.0389714969795083,0.0187673311643931,238,16,1,1,6,0.000947826424712255
7524,0.3473743927950927,0.0616977866799982,0.0636354047904583,238,16,4,4,11,0.0005407258308459368
7525,0.0686097223699606,0.0664544776646302,0.027508214418686,238,11,4,1,35,0.00355858256828443
7526,0.0781831720029783,0.0686438638069521,0.0233273584447392,238,11,4,1,35,0.00355858256828443
7527,0.1149168528170761,0.0637994248195574,0.0364059087905984,238,12,4,2,30,0.0021432616240922957
7528,-0.3610608800482217,0.1018106140304462,0.0326852105823462,238,2,8,2,7,0.0013970382356367826
7529,-0.0294649505371768,0.0590316547227151,0.0065140934901042,238,9,3,0,38,0.002541755274822797
7530,0.2302946495053717,0.1031395670103052,0.12264700115135,238,14,8,8,11,0.00034641907018767093
7531,0.0156366344005956,0.0722343151618144,0.0012684173698725,238,10,5,0,75,0.003855261700858351
7532,0.067829663510974,0.0940319052526153,0.0573646330137021,238,11,7,3,7,0.0009922257724966847
7533,-0.4583554940963726,0.1055970042248695,0.0013788991212658,238,0,8,0,3,0.0008843777620531178
7534,0.3640392866007161,0.0716755747656242,0.0776996176515385,238,17,5,5,4,0.0002619493591894819
7535,-0.1647697053504946,0.1098275109558225,0.0860771229902677,238,6,9,5,14,0.0009713154263924001
7536,-0.2382370669786901,0.102295869575464,0.0137131616479043,238,5,8,0,70,0.004087396103385501
7537,-0.2993653157465517,0.100221002266724,0.0023187197709405,238,4,8,0,91,0.004483419991872029
7538,-0.3753146828351593,0.1063823025335946,0.0640264441098355,238,2,8,4,2,0.00032426105630480094
7539,-0.0387547424032904,0.070327508938916,0.0078235552796076,238,9,4,0,110,0.004292388740450521
7540,0.1439208594830336,0.0803068908797491,0.0416605632608481,238,12,5,2,36,0.001907366235161121
7541,0.3300003545722085,0.0350738720517207,0.0019889686881525,238,16,1,0,44,0.0011029673443555539
7542,-0.3992128496968407,0.0968908936745384,0.0190397894422365,238,2,7,1,15,0.002041776405580754
7543,0.1163351416515973,0.0896504260290669,0.0627314373433767,238,12,6,4,12,0.0010868341343686872
7544,0.2905719249725206,0.0998282072923937,0.1101760699461996,238,15,7,7,8,0.0003388049578936866
7545,-0.0895294826791475,0.0719102360492958,0.0148263556554437,238,8,5,0,118,0.004884276702473828
7546,-0.2144807290004609,0.0771052128662294,0.0622227540977905,238,5,5,4,1,0.00014800815938338576
7547,-0.0232244796652838,0.1413404008226551,0.1620707323338543,238,9,12,10,6,0.0003667185480643444
7548,-0.0536467751657624,0.0837266409146901,0.0047978852080676,238,8,6,0,87,0.004426521123504939
7549,-0.3608481367230436,0.1159925332200165,0.0009097685472055,238,2,9,0,92,0.0036402965216667748
7550,0.0936425202992589,0.085766079120034,0.0520450946560184,238,11,6,3,17,0.0015177436956017969
7551,-0.3295748679218522,0.0989941611282458,0.0143952610212899,238,3,7,0,83,0.0037735571101525844
7552,0.0195369286955288,0.0819929407088869,0.0473535630874673,238,10,6,3,31,0.0017261073251220965
7553,-0.3273056057866184,0.0907058059743029,0.0160606891937777,238,3,7,1,24,0.003043892917955284
7554,0.4352373860936779,0.0669132210580389,0.0753356212327427,238,18,4,4,3,0.00022449874374187798
7555,-0.1166897138602276,0.08935611465236,0.0019212799786814,238,7,6,0,105,0.004915439800339099
7556,-0.1934191398078218,0.1189010762775995,0.0259956941359775,238,6,9,1,16,0.0018103153645663555
7557,0.1042796865581675,0.0772855911378141,0.0444217183149995,238,12,5,2,36,0.001907366235161121
7558,0.0113817678970322,0.0564652226804803,0.011450360046381,238,10,3,0,83,0.003204714279147116
7559,-0.3900648867141792,0.1126281926135226,0.0099059606769311,238,2,9,0,92,0.0036402965216667748
7560,-0.2012197283976881,0.1020609378889225,0.0204613981267327,238,6,8,1,25,0.003122502696240139
7561,-0.1061943764847711,0.0978864352694906,0.0088268499880826,238,7,7,0,75,0.003922112144946418
7562,-0.0152111477502393,0.065588200569166,0.0121904618615717,238,9,4,0,110,0.004292388740450521
7563,-0.2699358224302379,0.1278320614153037,0.0266222498599992,238,4,10,1,11,0.0018171377599596609
7564,0.0351381058752614,0.0890985640184074,0.0205481462564623,238,10,6,1,19,0.0024793188556417934
7565,0.1250576179839023,0.0526034435901486,0.0039544465775378,238,12,3,0,112,0.0033545247846789965
7566,-0.3276601779952486,0.1408651443382088,0.0217460448899438,238,3,12,1,2,0.00048057330376898797
7567,-0.2015743006063184,0.0616933843294351,0.0087121368148854,238,6,4,0,25,0.0019497198210807415
7568,-0.3014927489983334,0.1107554014058806,0.0043718983385061,238,4,9,0,63,0.0032442879918447966
7569,-0.4254511931354819,0.1161523917410732,0.0033953385514284,238,1,9,0,77,0.0026736108853416024
7570,-0.3175194128284224,0.1261960206011119,0.0063883004304191,238,3,10,0,24,0.002332232535430932
7571,-0.0218061908307626,0.0710793105652252,0.0047832458288457,238,9,5,0,128,0.00475484797010613
7572,0.0118781689891146,0.0667200145398238,0.0030221376917105,238,10,4,0,104,0.004355003298635465
7573,0.0779704286778002,0.066289309240995,0.0297830186532597,238,11,4,1,35,0.00355858256828443
7574,0.0730773321987022,0.0998360635770621,0.0747739544503823,238,11,7,4,16,0.0010682896120130846
7575,-0.0542140906995709,0.077081496868083,0.052962700171817,238,8,5,3,8,0.0010831394703888387
7576,-0.1962557174768641,0.1120630095031828,0.0888837348215997,238,6,9,5,14,0.0009713154263924001
7577,0.0866219905683792,0.0540979333057622,0.0015390005309217,238,11,3,0,87,0.0035031944625956886
7578,0.0918696592561074,0.0990985417047423,0.0950159505232627,238,11,7,6,5,0.0007659267281337979
7579,-0.0118072545473885,0.1381004088422157,0.1530960792011686,238,9,11,10,4,0.0003500106579769918
7580,0.3066695032443357,0.0638032929828081,0.0532417943363436,238,16,4,3,14,0.0006512937333475906
7581,-0.0569797539268872,0.080425782990339,0.014624674846016,238,8,5,0,118,0.004884276702473828
7582,0.1383186185866751,0.0716887425023715,0.0313804491139119,238,12,5,2,36,0.001907366235161121
7583,-0.1459773782930893,0.0923186863588516,0.0020748937296456,238,7,7,0,75,0.003922112144946418
7584,0.0150693188667872,0.0936120689891304,0.0484009411832723,238,10,7,3,21,0.0013092804382386475
7585,-0.0576888983441477,0.08439100941612,0.0465417194878052,238,8,6,3,16,0.001552115822956393
7586,-0.257809452895082,0.1943646253005702,0.2463418577819321,238,4,17,16,1,2.1121012886687468e-05
7587,-0.3714143885402262,0.1030733318749661,0.0015043881702923,238,2,8,0,89,0.003550440087193625
7588,0.154203453533312,0.0461283114631601,0.0073534515883883,238,13,2,0,51,0.002201728852969309
7589,-0.2300819061801935,0.1242680766127105,0.0030827642801933,238,5,10,0,7,0.0011796346268269876
7590,-0.0220898485976669,0.1107321722724253,0.0694936366088509,238,9,9,4,5,0.0005717757723439476
7591,-0.0776867709108959,0.0816334272345631,0.002567216473225,238,8,6,0,87,0.004426521123504939
7592,0.1165478849767755,0.0917033188509442,0.0896497581989435,238,12,7,5,15,0.0009148081068238731
7593,-0.4555189164273303,0.117100265132642,0.0063337973192952,238,0,9,0,7,0.0012448062716174599
7594,-0.1421479984398822,0.0769941156442427,0.0042278972418203,238,7,5,0,86,0.004462857898018962
7595,0.2769563521611176,0.0708554611116554,0.0714631798109037,238,15,5,4,7,0.0006023742252298374
7596,-0.1342764954082898,0.080454911439701,0.02594804629692,238,7,5,1,35,0.003768331523905521
7597,-0.1954047441761514,0.1118196117562146,0.0341045941593588,238,6,9,2,9,0.0013930794518370066
7598,-0.101159451122221,0.0808840622202775,0.047487325348264,238,8,6,3,16,0.001552115822956393
7599,-0.2632698649079885,0.0813329582590711,0.0028794193871583,238,4,6,0,60,0.003468743098616289
7600,-0.2261816118852604,0.0831481269279892,0.0430613401880036,238,5,6,2,14,0.0018513353508829
7601,-0.3048257277594582,0.0985722239262581,0.0171539995390922,238,3,7,1,24,0.003043892917955284
7602,-0.1730666950324433,0.0848319955952428,0.0087312949490242,238,6,6,0,123,0.0049806266057812725
7603,-0.2931957593163847,0.1021761140657479,0.0033029879557935,238,4,8,0,91,0.004483419991872029
7604,-0.368790554196362,0.1188236476733606,0.0034359952850131,238,2,9,0,92,0.0036402965216667748
7605,-0.1055561465092366,0.0943650899446069,0.0404378485491322,238,7,7,2,26,0.002471827272074585
7606,0.3349643654930326,0.0372137057064455,0.0117962831198185,238,16,1,0,44,0.0011029673443555539
7607,-0.1599475233131227,0.0639031614704842,0.014811844833051,238,6,4,0,25,0.0019497198210807415
7608,0.069106123462043,0.0595293210079477,0.0210750905636702,238,11,3,1,20,0.0029229560613640614
7609,-0.0551359784420097,0.0772187316386416,0.0122408876206041,238,8,5,0,118,0.004884276702473828
7610,0.0623692514980675,0.0839645193713952,0.0255087722367336,238,11,6,1,6,0.0015417227136870053
7611,-0.3012090912314292,0.0990692400845545,0.002452335428338,238,4,7,0,120,0.004630464276693427
7612,0.3214197071233556,0.0420182929009706,0.004115069180472,238,16,2,0,12,0.0010230552340021607
7613,-0.0291103783285466,0.0847898090795722,0.0414640584846684,238,9,6,2,24,0.002447719255977075
7614,-0.0793887175123213,0.1058750294857567,0.0901468852788743,238,8,8,5,12,0.0009924301394853789
7615,0.2191610821543807,0.0645469641196833,0.0593452702202361,238,14,4,3,13,0.001024868986996489
7616,-0.363897457717264,0.0935237669271391,0.0050177385255726,238,2,7,0,52,0.002597604187038845
7617,-0.1203772648299826,0.0615999614733586,0.0063331459402462,238,7,4,0,53,0.0027892752163863077
7618,-0.3506364571144912,0.0916934527915462,0.0035424573274931,238,3,7,0,83,0.0037735571101525844
7619,-0.0492500797787469,0.1066423847776683,0.0466751151395376,238,9,8,3,7,0.0009415404020712165
7620,-0.1658334219763854,0.1186004336719918,0.0977629454195369,238,6,9,6,15,0.0008086379587624537
7621,-0.3360280821189235,0.0939667802801416,0.003270452963649,238,3,7,0,83,0.0037735571101525844
7622,-0.1983122362869198,0.0933633385883745,0.0008254963813299,238,6,7,0,96,0.004713885748433999
7623,0.1682445129950714,0.0415701136335822,0.0095535627208093,238,13,2,0,51,0.002201728852969309
7624,-0.0947771513668758,0.0948762728893902,0.034748237771721,238,8,7,2,16,0.002126815195695619
7625,-0.4393504237137893,0.1412078654689999,0.0052929504728668,238,1,12,0,17,0.000821500086197717
7626,-0.1546998546253944,0.0894534312351199,0.0006496423393571,238,6,6,0,123,0.0049806266057812725
7627,-0.2497252065383114,0.1281694575857309,0.0506588093279909,238,5,10,3,8,0.0008795548019534462
7628,-0.4190688933801368,0.1440971293727322,0.006434060199748,238,1,12,0,17,0.000821500086197717
7629,-0.3838953302840123,0.1245299576063894,0.0254139290909728,238,2,10,1,26,0.002507580560992337
7630,-0.4311243484735666,0.1568178722576098,0.0421079173634756,238,1,13,2,2,0.0002095884111109514
7631,-0.0500301386377335,0.0618753414592025,0.0064236114694144,238,9,4,0,110,0.004292388740450521
7632,-0.4753040456689004,0.124855152789987,0.0735671739602682,238,0,10,4,1,0.00010242721179274717
7633,-0.2458249122433783,0.1120462490197564,0.0149638687703871,238,5,9,0,34,0.002548715097143437
7634,-0.4244583909513171,0.1323695692088847,0.0388516683140049,238,1,11,2,11,0.0008562449645723883
7635,-0.1006630500301386,0.1156054437945258,0.1035690081553884,238,8,9,6,16,0.0008557918870896612
7636,0.0559869517427223,0.1162100416533837,0.1183721509021487,238,11,9,7,12,0.0006903861115693627
7637,-0.2473141155196255,0.1242932176620827,0.108336656612741,238,5,10,7,7,0.0005319253452796087
7638,-0.1167606283019536,0.105254493559678,0.04187969947397,238,7,8,2,12,0.0017732637311286177
7639,-0.0141474311243484,0.0694174213572783,0.009777869832834,238,9,4,0,110,0.004292388740450521
7640,0.1388859341204836,0.0759740999630145,0.0474795559309981,238,12,5,3,24,0.001508498782464373
7641,-0.1630677587490692,0.1035023194365093,0.0029436440299898,238,6,8,0,57,0.003300602884874217
7642,0.1471829238024323,0.0738727870280694,0.0342659082997612,238,12,5,2,36,0.001907366235161121
7643,0.0354926780838917,0.0661483759017803,0.0008162180387713,238,10,4,0,104,0.004355003298635465
7644,-0.1519341913980782,0.0862340471698383,0.0077481886663133,238,7,6,0,105,0.004915439800339099
7645,0.1524305924901606,0.0616526252408414,0.0169149110124202,238,13,4,1,27,0.002211503016508247
7646,-0.1447718327837463,0.0765897253459309,0.006026897459345,238,7,5,0,86,0.004462857898018962
7647,-0.4106300748147359,0.134930152546469,0.0019978564792562,238,1,11,0,44,0.0016412330933814783
7648,0.1377513030528667,0.1450604809552862,0.1768753951457851,238,12,12,11,8,0.00027290090825336647
7649,0.3621955111158387,0.0285936312380249,0.0040651447608664,238,17,0,0,15,0.0005505446427089447
7650,0.0425132078147714,0.1390130735066297,0.136187937399514,238,10,11,8,6,0.00044266141007082274
7651,-0.2032053327660177,0.081416278061149,0.0163305387159294,238,6,6,1,30,0.004217975956735463
7652,0.0842108995496932,0.0701372305230115,0.0321374824015599,238,11,4,2,22,0.0021938763198335637
7653,0.024784597383257,0.0742885753976943,0.039679688057279,238,10,5,2,36,0.0025029702124330115
7654,0.0625110803815196,0.0795620424244844,0.0437216681066007,238,11,5,2,24,0.0022595098618287553
7655,-0.1120093607063078,0.065714626323168,0.012560946561553,238,7,4,0,53,0.0027892752163863077
7656,-0.080239690813034,0.0966223257033938,0.0310522861509928,238,8,7,2,16,0.002126815195695619
7657,-0.1498776725880225,0.0853891894274152,0.0014136182845541,238,7,6,0,105,0.004915439800339099
7658,-0.339219231996596,0.1004158484748673,0.00289217070441,238,3,8,0,100,0.004333383064151017
7659,0.2185228521788462,0.0557953089523142,0.0084471258906411,238,14,3,0,25,0.0018030019399556335
7660,-0.2210048576392582,0.1247376501778257,0.0173551225497765,238,5,10,1,9,0.0013273729928213807
7661,-0.1117257029394035,0.1022482980827699,0.0700505107784306,238,7,8,4,14,0.0012485724446440057
7662,-0.0442860688579229,0.0669002796222069,0.0037508581507228,238,9,4,0,110,0.004292388740450521
7663,-0.430415204056306,0.1320445284608329,0.1041181712782282,238,1,11,6,1,6.63244971021777e-05
7664,-0.4159486579441903,0.1220542515672871,0.0203644006057133,238,1,10,1,22,0.002079606064659946
7665,-0.4417615147324752,0.1064586294689459,0.0027281525659341,238,1,8,0,39,0.0022015621544169703
7666,0.0019501471474665,0.0758251383261606,0.0013431476704607,238,10,5,0,75,0.003855261700858351
7667,0.0749920221253058,0.0794504969388714,0.0524408307705747,238,11,5,3,16,0.0015976535184731248
7668,-0.3239726270254937,0.0869141688984502,0.0027848534859767,238,3,6,0,36,0.0023601621856203458
7669,-0.2666028436691132,0.0759228734920017,0.0054102529109095,238,4,5,0,26,0.0018323270165334974
7670,0.2486614899124206,0.1057560343073463,0.1073623339356565,238,15,8,7,5,0.0002972427616203078
7671,0.0349962769918093,0.0529382572035051,0.0034547678133341,238,10,3,0,83,0.003204714279147116
7672,-0.1078254086444704,0.1385662237680559,0.1280528171024425,238,7,11,8,6,0.0005239275630867714
7673,-0.0069141580682906,0.1017589780395719,0.0788223376101005,238,9,8,5,17,0.0009574163963989238
7674,0.0212388752969542,0.0636934902712215,0.0151548175680056,238,10,4,0,104,0.004355003298635465
7675,-0.2087366592206502,0.1252517107473882,0.0210935048466246,238,5,10,1,9,0.0013273729928213807
7676,-0.1333546076658511,0.0896675175225621,0.0389357556238077,238,7,6,2,17,0.002531552152626628
7677,0.0560578661844484,0.1170206382841847,0.1224431664441071,238,11,9,8,8,0.0005261201831962991
7678,-0.1160514838846931,0.08475515140505,0.0012925481102174,238,7,6,0,105,0.004915439800339099
7679,-0.4272240541786334,0.0959545940461842,0.0033130186315538,238,1,7,0,16,0.001358025859596965
7680,0.3555295535935893,0.0575374931018436,0.0502363348067341,238,17,3,3,8,0.00048395992218328883
7681,-0.2309328794809062,0.0870657616054503,0.0306122009165308,238,5,6,1,26,0.0036553501392859243
7682,0.2719214267985674,0.0475815600729973,0.0193006332888821,238,15,2,1,18,0.00142560135977588
7683,0.0026592915647271,0.10331175248587,0.0473153313933163,238,10,8,3,3,0.0006843083565060746
7684,-0.0995993334042477,0.1059374766555813,0.0109721055006235,238,8,8,0,11,0.0013733754699129929
7685,-0.1576782611778888,0.0741991277759338,0.0055439109031462,238,6,5,0,87,0.0037737578394178533
7686,-0.3429067829663511,0.1626366464636079,0.1046166901793006,238,3,14,6,1,2.9083291100210837e-05
7687,-0.4339609261426088,0.1268770619425563,0.0251192595252438,238,1,10,1,22,0.002079606064659946
7688,-0.3680104953373754,0.0920275142022148,0.0056050461939892,238,2,7,0,52,0.002597604187038845
7689,0.2216430876147927,0.0595767783097264,0.0364610794552368,238,14,3,2,20,0.001345194623171677
7690,-0.0809488352302946,0.0995965070010694,0.0569012837464089,238,8,7,3,12,0.001600014694282029
7691,-0.0895294826791475,0.1012217826292969,0.0415336985540482,238,8,8,2,11,0.0013249138978104157
7692,-0.3510619437648477,0.098491860874475,0.0020039857826567,238,3,7,0,83,0.0037735571101525844
7693,-0.2263234407687125,0.0905673302473814,0.0027997397556071,238,5,7,0,118,0.004976576343704583
7694,-0.1685990852037017,0.0825515130855155,0.049847212098904,238,6,6,3,9,0.0011868363604927129
7695,0.0650640002836577,0.0696273556779543,0.0022644292856277,238,11,4,0,96,0.0038563263286608743
7696,-0.0993156756373435,0.1139204782221016,0.0766861981020248,238,8,9,5,3,0.0008329680822776798
7697,0.0032266070985356,0.0770492000921284,0.0308707352740749,238,10,5,2,36,0.0025029702124330115
7698,-0.4492075311137112,0.1140482021447829,0.0015669662689062,238,1,9,0,77,0.0026736108853416024
7699,-0.1699464595964968,0.0884600116597233,0.0293419592858574,238,6,6,1,30,0.004217975956735463
7700,0.0726518455483459,0.0686787894860376,0.0515604012065908,238,11,4,3,9,0.0011639758538687635
7701,0.0850618728504059,0.0662225253367254,0.0022734914687318,238,11,4,0,96,0.0038563263286608743
7702,-0.2373151792362514,0.1261286503076304,0.0494382100434254,238,5,10,3,8,0.0008795548019534462
7703,0.187533241144559,0.0846469445255385,0.0785576990080052,238,13,6,5,13,0.0007739761892615038
7704,-0.1459064638513633,0.1242245506412447,0.0438707468803973,238,7,10,2,1,0.0004505244110459321
7705,-0.3087969364961174,0.1297823906609554,0.0298136336432992,238,3,11,1,5,0.0011699845181741666
7706,0.328014750203879,0.051075227547664,0.0213817138796325,238,16,2,1,18,0.0010750831663844517
7707,0.0266283728681345,0.058205101049823,0.0031874098492459,238,10,3,0,83,0.003204714279147116
7708,-0.3641102010424422,0.1056943691712835,0.0014867273805436,238,2,8,0,89,0.003550440087193625
7709,0.2267489274190688,0.104584575491375,0.1208948015389657,238,14,8,7,4,0.0003868876155695181
7710,-0.4282168563627982,0.1051387842899776,0.0037017492644445,238,1,8,0,39,0.0022015621544169703
7711,0.0442860688579229,0.0648710254603047,0.00179980119574,238,10,4,0,104,0.004355003298635465
7712,-0.0581852994362301,0.0649774548805978,0.0108990425495519,238,8,4,0,68,0.003645851648012564
7713,-0.1795199092295145,0.0944860513335242,0.0062443506276227,238,6,7,0,96,0.004713885748433999
7714,-0.2662482714604828,0.1664101661058138,0.1539989445076554,238,4,14,10,1,7.281181223746056e-05
7715,0.1326454632485905,0.0785653415282627,0.0772420918038243,238,12,5,5,1,0.0005498722059828523
7716,-0.1354820409176328,0.1158350828561678,0.0815173371707581,238,7,9,5,11,0.0009668215948625848
7717,0.214622557883913,0.0453381039613086,0.0107266077094755,238,14,2,0,63,0.001936958343928828
7718,0.1228592702903946,0.1614427013191374,0.1882727608055135,238,12,14,12,1,0.00011104091629821429
7719,0.0285430627947381,0.1104187168160781,0.065304924525442,238,10,9,4,4,0.0003920612677823287
7720,-0.2685175335957167,0.1160752819851162,0.0603555711615644,238,4,9,3,9,0.0012847209871673672
7721,-0.2839768818919972,0.1063694463314037,0.0861102915214936,238,4,8,5,7,0.0005043244782029964
7722,-0.4453781512605042,0.1168306340338747,0.0023809540729974,238,1,9,0,77,0.0026736108853416024
7723,0.2291600184377548,0.0725011053104209,0.0614911729609439,238,14,5,4,19,0.0007926131938837975
7724,-0.3556713824770414,0.1210746103974088,0.0304638406707786,238,2,10,1,26,0.002507580560992337
7725,-0.0362018225011523,0.0685978007693588,0.0026888144770658,238,9,4,0,110,0.004292388740450521
7726,0.1620040421231783,0.0414454648276689,0.0131052992177464,238,13,1,0,9,0.0010668379852861295
7727,-0.2258270396766301,0.1425263325706709,0.0707839891630784,238,5,12,4,5,0.00019108164082033287
7728,0.0023047193560968,0.0695912821864454,0.0026443821167271,238,10,4,0,104,0.004355003298635465
7729,0.118462574903379,0.0627725622984191,0.0016908163205943,238,12,4,0,46,0.003005418736203267
7730,0.0649930858419317,0.0622548868642974,0.0403970072857513,238,11,4,2,22,0.0021938763198335637
7731,-0.2261106974435343,0.0883284258377854,0.0082498737577163,238,5,6,0,104,0.004457874728275953
7732,0.0337907314824664,0.0548288490878379,0.0167232184491305,238,10,3,1,16,0.0025561943286749496
7733,-0.2958905081019749,0.1205337499010572,0.0577535504106338,238,4,10,3,9,0.0010100687867596464
7734,0.0744247065914973,0.1031856658334515,0.0815266059904513,238,11,8,5,12,0.0008198512207264593
7735,-0.3104279686558167,0.1057641750104369,0.00210968325657,238,3,8,0,100,0.004333383064151017
7736,-0.3419139807821862,0.09206297675166,0.0270495461585425,238,3,7,1,24,0.003043892917955284
7737,-0.3244690281175761,0.1188585847176565,0.0166484926156436,238,3,9,1,37,0.003326167945494541
7738,0.4211254121901924,0.0239902459364435,0.0073735707658071,238,18,0,0,15,0.0003567083730917672
7739,-0.2073183703861291,0.0768581641617562,0.0032617503714244,238,5,5,0,48,0.002829270609622204
7740,0.0574052405772435,0.0914646872607834,0.0907309254287778,238,11,7,5,17,0.0010146204443782594
7741,0.0386129135198383,0.0636782322541569,0.0428671821679839,238,10,4,2,18,0.0020621544372435682
7742,0.0150693188667872,0.0753645588383433,0.0146420838078523,238,10,5,0,75,0.003855261700858351
7743,-0.0357054214090699,0.1135563451831001,0.0784176105619739,238,9,9,5,7,0.0006960179984989442
7744,-0.1715774917561961,0.0950645169817163,0.0158202181910926,238,6,7,1,34,0.0042053397344584634
7745,-0.2557529340850263,0.1791081015265669,0.205978638383691,238,4,16,13,1,4.516877374942499e-05
7746,-0.1920008509733007,0.0930003358947378,0.017201835294392,238,6,7,1,34,0.0042053397344584634
7747,-0.1781725348367194,0.0888796428168494,0.0016508045879813,238,6,6,0,123,0.0049806266057812725
7748,0.1362620997766195,0.0649046091783038,0.0435198731030391,238,12,4,2,30,0.0021432616240922957
7749,-0.282416764174024,0.099051285441309,0.0134706019836793,238,4,7,0,120,0.004630464276693427
7750,0.1472538382441583,0.1481836563121502,0.1863489617296992,238,12,12,12,3,0.00019357300827569385
7751,-0.3105697975392688,0.1021351719145671,0.0454951046703073,238,3,8,2,16,0.0019253882281921957
7752,0.3889302556465623,0.0387100340121367,0.0183498089440123,238,17,1,1,15,0.0007078839229582325
7753,-0.1353402120341807,0.0763675588503578,0.0197338782830289,238,7,5,1,35,0.003768331523905521
7754,0.0757011665425663,0.0587092708197089,0.0021529758851609,238,11,3,0,87,0.0035031944625956886
7755,-0.1507995603304612,0.1069123434397712,0.0275078922708751,238,7,8,1,13,0.0023238306258716386
7756,-0.1045633443250717,0.0951909159527215,0.0646178658404548,238,7,7,4,14,0.001160727511064103
7757,0.0810197496720206,0.0935728087727015,0.0553958154160262,238,11,7,3,7,0.0009922257724966847
7758,-0.4005602240896358,0.1275805780438885,0.003233074669854,238,2,10,0,64,0.0027862606231091225
7759,-0.3868028223947806,0.0963480398931923,0.005807545308759,238,2,7,0,52,0.002597604187038845
7760,0.1349147253838244,0.0593107206898293,0.0156127678355993,238,12,3,1,38,0.0029775459777509877
7761,0.1426443995319646,0.055851204857535,0.0067225664163103,238,12,3,0,112,0.0033545247846789965
7762,-0.175194128284225,0.1621437819110842,0.2029496224150769,238,6,14,13,3,0.0001302198848325025
7763,0.0659858880260965,0.0879178241256502,0.0748437365750531,238,11,6,4,12,0.001206200991013593
7764,0.1008757933553167,0.0554749187990943,0.0041115809042387,238,12,3,0,112,0.0033545247846789965
7765,0.1978158351948374,0.0570803743474916,0.0175974438090917,238,13,3,1,35,0.0025669641651229784
7766,-0.2068219692940467,0.1011110754305903,0.0013788137699315,238,5,8,0,70,0.004087396103385501
7767,-0.3130518029996808,0.0844193995777079,0.006886070203224,238,3,6,0,36,0.0023601621856203458
7768,-0.2965996525192355,0.100319300580417,0.0195924748453309,238,4,8,1,31,0.003922345351422437
7769,0.0471935609686912,0.0533355967116801,0.0026635057758731,238,10,3,0,83,0.003204714279147116
7770,0.0301031805127114,0.1374867659429295,0.152903660767782,238,10,11,10,4,0.00035652994478835683
7771,-0.0425841222564975,0.0874535468489439,0.0181985992256409,238,9,6,1,35,0.003457223377569426
7772,-0.1762578449101159,0.0991809599511086,0.0061870091432679,238,6,7,0,96,0.004713885748433999
7773,0.094989894692054,0.0606054386729058,0.004443492384602,238,11,3,0,87,0.0035031944625956886
7774,0.278800127645995,0.1332646251676796,0.1579533847008334,238,15,11,10,2,0.00010516221894142988
7775,0.0513065985888026,0.0668964396024067,0.0111584918604509,238,11,4,0,96,0.0038563263286608743
7776,0.1388150196787575,0.0993465655741566,0.1080392553673122,238,12,7,7,2,0.00043761494241758095
7777,-0.2426337623657057,0.0722752407781564,0.0055205581609539,238,5,5,0,48,0.002829270609622204
7778,-0.0519448285643371,0.0859554890664288,0.0422204391413431,238,9,6,2,24,0.002447719255977075
7779,-0.3436159273836116,0.0797013441254444,0.0208779240193206,238,3,5,1,1,0.0007777277671982925
7780,-0.2156862745098038,0.1088231641165273,0.0760284317226745,238,5,8,4,7,0.001012779466561909
7781,0.2909264971811509,0.0306365289942897,0.0095165261415585,238,15,0,0,2,0.0005745990113075236
7782,0.0716590433641811,0.0595753358445124,0.0069940423662156,238,11,3,0,87,0.0035031944625956886
7783,-0.1030741410488245,0.1032948771729505,0.0319730673061405,238,8,8,2,11,0.0013249138978104157
7784,0.0426550366982235,0.0997361192881197,0.0574930792790808,238,10,7,3,21,0.0013092804382386475
7785,-0.3848881324681771,0.1533556831009856,0.0504158221211315,238,2,13,3,3,0.00018895175898499196
7786,-0.3150374073680104,0.1080025796951771,0.0377719104784846,238,3,8,2,16,0.0019253882281921957
7787,-0.3067404176860617,0.1183977493812827,0.0224789050006054,238,3,9,1,37,0.003326167945494541
7788,-0.3085841931709392,0.1098081354967132,0.0072136118301042,238,3,8,0,100,0.004333383064151017
7789,-0.0778285997943481,0.0702535621632287,0.0113601723011017,238,8,4,0,68,0.003645851648012564
7790,-0.1531397369074212,0.0944731214747612,0.0201562397950455,238,7,7,1,42,0.0036960149974717034
7791,-0.1897315888380668,0.0952002555277656,0.0008241317496988,238,6,7,0,96,0.004713885748433999
7792,-0.2114314080062404,0.1361762774932935,0.1303518200889827,238,5,11,8,5,0.00037386751139607805
7793,0.1039960287912633,0.0529668643223871,0.0211110685645407,238,12,3,1,38,0.0029775459777509877
7794,0.3176612417118745,0.0345336139283168,0.0008601595243604,238,16,1,0,44,0.0011029673443555539
7795,-0.1054852320675105,0.0832012471766419,0.0085506875277095,238,7,6,0,105,0.004915439800339099
7796,0.0256355706839697,0.0771422694074071,0.0446785430357707,238,10,5,2,36,0.0025029702124330115
7797,-0.4068006949615288,0.1179987571090657,0.00457295850249,238,1,9,0,77,0.0026736108853416024
7798,0.0227280785732014,0.1288212662348154,0.1426750654495016,238,10,10,9,5,0.00042140266179032233
7799,-0.1061943764847711,0.120695569681463,0.1022176339437843,238,7,10,6,11,0.0007346749988251823
7800,0.1526433358153387,0.0902082451748315,0.0697596247068006,238,13,6,4,14,0.0008774977138896638
7801,0.1423607417650604,0.1686488380413426,0.2371368536216903,238,12,15,15,1,6.615385384348866e-05
7802,-0.4294224018721412,0.1117673732892439,0.0029147973336753,238,1,9,0,77,0.0026736108853416024
7803,0.3546076658511505,0.0587795775902712,0.0614023669373936,238,17,3,4,5,0.00034222055867331655
7804,-0.163989646491508,0.0816609393168415,0.0017250344072229,238,6,6,0,123,0.0049806266057812725
7805,-0.0427259511399496,0.0727851665776441,0.0020205993549141,238,9,5,0,128,0.00475484797010613
7806,0.1188880615537354,0.0528715269802834,0.0191140477828764,238,12,3,1,38,0.0029775459777509877
7807,0.0981101301280005,0.1037052005948817,0.1320611484331315,238,12,8,8,2,0.00034843457648906043
7808,0.3982200475126758,0.0969891788145371,0.128094000560719,238,17,7,8,3,0.00014657644319547534
7809,0.0137219444739921,0.0769184550584228,0.0073434971270452,238,10,5,0,75,0.003855261700858351
7810,-0.2939049037336453,0.1078436266186835,0.0021165149442073,238,4,8,0,91,0.004483419991872029
7811,-0.2309328794809062,0.081445679898906,0.0118106184858102,238,5,6,0,104,0.004457874728275953
7812,-0.0115235967804843,0.095872311559502,0.0720634311530734,238,9,7,4,11,0.0012049178080219785
7813,-0.1160514838846931,0.1133499955400653,0.0743140328650794,238,7,9,4,17,0.0009932687448377788
7814,-0.0954153813424103,0.0946589144129878,0.0043745692715159,238,8,7,0,32,0.002863781975607201
7815,-0.1673226252526326,0.0870454896397484,0.0049965698010696,238,6,6,0,123,0.0049806266057812725
7816,-0.0782540864447044,0.0995384439772227,0.0131271092951306,238,8,7,0,32,0.002863781975607201
7817,-0.0911605148388469,0.0736298984097547,0.0279910738503086,238,8,5,1,45,0.004231983686421704
7818,0.1977449207531113,0.0572664406566453,0.0245646361029339,238,13,3,1,35,0.0025669641651229784
7819,-0.1204481792717086,0.0821608913185612,0.0251234644445064,238,7,6,1,35,0.004354591136495643
7820,-0.0825798673899939,0.0879248119614048,0.0268607410836426,238,8,6,1,32,0.004098846777087474
7821,-0.2866716306775874,0.105593742669319,0.0017024209169007,238,4,8,0,91,0.004483419991872029
7822,-0.2204375421054497,0.0955265564972409,0.0197643673145688,238,5,7,1,30,0.0042669011761406455
7823,0.2909974116228769,0.1083966680928922,0.1372012996692566,238,15,8,9,3,0.00020511243538861787
7824,-0.1432826295074991,0.112561099330883,0.090889035403502,238,7,9,5,11,0.0009668215948625848
7825,0.1479629826614189,0.1455499907069005,0.1936710427028589,238,13,12,12,1,0.00013541062344388536
7826,0.0984647023366308,0.0856670107466559,0.0315023014234279,238,12,6,2,6,0.00114301651556474
7827,-0.2032762472077438,0.1155489531457787,0.0299930408339545,238,6,9,1,16,0.0018103153645663555
7828,-0.0179058965358295,0.1036798524196843,0.0340160410184758,238,9,8,2,5,0.0008888258895714794
7829,-0.0830053540403503,0.0961841627504947,0.0497113643161698,238,8,7,3,12,0.001600014694282029
7830,-0.4105591603730099,0.1240452360268626,0.0188593404202036,238,1,10,1,22,0.002079606064659946
7831,0.2790837854128993,0.0398514256480958,0.0039512033897584,238,15,1,0,37,0.0012568719412054995
7832,0.0516611707974328,0.0669640328308077,0.0332161861658654,238,11,4,2,22,0.0021938763198335637
7833,0.0271247739602169,0.084310327846063,0.0539067559489544,238,10,6,3,31,0.0017261073251220965
7834,-0.103641456582633,0.104362127352587,0.0521892980251214,238,7,8,3,10,0.0014664422006572305
7835,-0.0927206325568201,0.1189246377452074,0.1253553034607147,238,8,9,8,1,0.0004370458990963312
7836,-0.2793674431798035,0.1119279338435044,0.0252914006593084,238,4,9,1,33,0.00306687553510888
7837,0.0971173279438357,0.0622145969248438,0.0012078308653441,238,11,4,0,96,0.0038563263286608743
7838,-0.1968939474523986,0.0904114500448831,0.0111139824796343,238,6,7,0,96,0.004713885748433999
7839,-0.1323618054816863,0.1053456749334172,0.0029601641623791,238,7,8,0,22,0.0023093496379671427
7840,0.0941389213913413,0.1221282353567693,0.1229520950433556,238,11,10,8,10,0.0005244538209284242
7841,0.1059107187178668,0.063389587904532,0.0385043604376793,238,12,4,2,30,0.0021432616240922957
7842,-0.3097188242385561,0.0943089191494046,0.0053535197133239,238,3,7,0,83,0.0037735571101525844
7843,-0.4112683047902705,0.0989868223370326,0.0315702763919991,238,1,7,2,2,0.00045184101742898135
7844,-0.012374570081197,0.0838850348588096,0.0197369116620059,238,9,6,1,35,0.003457223377569426
7845,0.2839059674502712,0.0698183631351785,0.0689253448717352,238,15,4,4,9,0.0006083114687464467
7846,-0.3764493139027762,0.1144581341011362,0.0055960102806536,238,2,9,0,92,0.0036402965216667748
7847,0.0998120767294259,0.0630018935848401,0.016123396369913,238,12,4,1,39,0.0030492137784899846
7848,-0.4077934971456936,0.1092965623906572,0.0961909060278928,238,1,8,6,1,2.3603112756967047e-05
7849,0.2246214941672871,0.052892437633658,0.0045264272175873,238,14,3,0,25,0.0018030019399556335
7850,0.3080168776371307,0.0719463073908994,0.0619194370275676,238,16,5,4,4,0.0004378321582649308
7851,0.1608694110555614,0.130026179746809,0.1282232924846224,238,13,11,8,1,0.00013715099965758186
7852,-0.2415700457398149,0.1168179269266922,0.0231114740176595,238,5,9,1,21,0.0025129596142606752
7853,-0.0291812927702726,0.066566334226721,0.0143897339749919,238,9,4,0,110,0.004292388740450521
7854,-0.0149984044250611,0.0902667758875099,0.0179148064676556,238,9,6,1,35,0.003457223377569426
7855,-0.1198099492961741,0.0888200669126089,0.0584224491971415,238,7,6,3,9,0.0014084456908025063
7856,0.309576995355104,0.070310038221988,0.0759663688695242,238,16,4,4,11,0.0005407258308459368
7857,0.0671205190937134,0.0569850139912351,0.0238179086607233,238,11,3,1,20,0.0029229560613640614
7858,0.3298585256887564,0.0530132669369964,0.0553891157761076,238,16,3,3,9,0.0006651445460751286
7859,-0.093784349182711,0.123803102786319,0.134964413970041,238,8,10,8,7,0.0006149480491235002
7860,-0.0547814062333794,0.0713389042403841,0.0040271614345062,238,8,5,0,118,0.004884276702473828
7861,-0.1191008048789135,0.0994380290801878,0.0189759175005121,238,7,7,1,42,0.0036960149974717034
7862,0.2113604935645144,0.1197182870159561,0.1411158200529853,238,14,10,9,3,0.00020296659593416232
7863,-0.1620040421231783,0.1003905096216227,0.0022057092348833,238,6,8,0,57,0.003300602884874217
7864,0.0902386270964081,0.1468906840880635,0.1781287877478283,238,11,12,11,8,0.00032097752887019136
7865,-0.0373364535687692,0.0711787874100421,0.0030038357321913,238,9,5,0,128,0.00475484797010613
7866,-0.0977555579193702,0.104974895971976,0.0760046256170639,238,8,8,4,10,0.0011267995437752609
7867,-0.0421586356061411,0.0762421315590812,0.0219033492445837,238,9,5,1,43,0.0042530637397620065
7868,-0.0823671240648157,0.1124424786157287,0.0598836297962193,238,8,9,3,10,0.0007271692680472435
7869,-0.1116547884976775,0.0915834247798256,0.0284225355580913,238,7,7,1,42,0.0036960149974717034
7870,0.2213594298478884,0.0393357335193904,0.0167798028450183,238,14,1,1,3,0.0009831670284962486
7871,0.1281778534198489,0.0684671505899803,0.0631493258377774,238,12,4,4,2,0.0006014229267436562
7872,-0.0915150870474772,0.1122182473829692,0.1012526957105697,238,8,9,6,16,0.0008557918870896612
7873,-0.1056979753926887,0.0858993556054199,0.01175509476001,238,7,6,0,105,0.004915439800339099
7874,0.0954153813424103,0.0596317124875173,0.0146336881507579,238,11,3,0,87,0.0035031944625956886
7875,0.1150586817005282,0.1111210934317441,0.130799953108425,238,12,9,8,7,0.00044492125945252525
7876,-0.1563308867850937,0.104989199329465,0.0612214350864786,238,6,8,4,11,0.0012040164928400956
7877,-0.1693791440626883,0.09915488196474,0.0045321571418533,238,6,7,0,96,0.004713885748433999
7878,-0.3858100202106158,0.1085681681445917,0.0140999510823315,238,2,8,0,89,0.003550440087193625
7879,0.2251178952593695,0.0457618063494304,0.0046495610974495,238,14,2,0,63,0.001936958343928828
7880,-0.0839981562245151,0.0774544039116605,0.0010815536710968,238,8,5,0,118,0.004884276702473828
7881,0.1317235755061518,0.0473626486714269,0.0212600215131295,238,12,2,1,6,0.001757520113939135
7882,0.0758429954260185,0.1074648750386387,0.0770383670135559,238,11,8,5,12,0.0008198512207264593
7883,-0.3928305499414955,0.1499456151094395,0.0274810118037829,238,2,13,1,3,0.0002600375168572824
7884,-0.0788923164202389,0.0649130273532053,0.0125821668258277,238,8,4,0,68,0.003645851648012564
7885,-0.1664716519519199,0.0953072698574771,0.0465674419586663,238,6,7,3,27,0.001618208133972155
7886,-0.2051909371343473,0.09826194042791,0.0008284556579714,238,5,7,0,118,0.004976576343704583
7887,-0.1670389674857284,0.1090794337132886,0.0495658126169632,238,6,8,3,17,0.0015567601468503074
7888,0.0426550366982235,0.0650389298641063,0.0011579078567661,238,10,4,0,104,0.004355003298635465
7889,0.0993156756373435,0.077918987512642,0.0066279969897461,238,12,5,0,8,0.0016635528145294478
7890,0.0096089068538807,0.0629792832882569,0.0218877294824941,238,10,4,1,35,0.00376178763264307
7891,-0.0281175761443818,0.0798617693165891,0.011091857072718,238,9,5,0,128,0.00475484797010613
7892,-0.2850405985178881,0.0922699649212044,0.0067243160525967,238,4,7,0,120,0.004630464276693427
7893,-0.2969542247278658,0.0864433749855359,0.0200538110508744,238,4,6,1,14,0.002774995476257176
7894,-0.209729461404815,0.0960351886588549,0.0545925728510992,238,5,7,3,14,0.0013318451260624542
7895,-0.4433216324504485,0.1121403122676974,0.0013276517961777,238,1,9,0,77,0.0026736108853416024
7896,-0.3130518029996808,0.1038781493062067,0.0065316540091824,238,3,8,0,100,0.004333383064151017
7897,0.3085841931709392,0.0432083641253359,0.0265639777160766,238,16,2,1,18,0.0010750831663844517
7898,0.1756196149345814,0.0832125853558496,0.0755221821898031,238,13,6,4,14,0.0008774977138896638
7899,-0.3549622380597808,0.0966879988167548,0.054748669048384,238,2,7,3,1,0.00036412789407033166
7900,-0.0930752047654504,0.0912747107839567,0.0364496429247506,238,8,7,2,16,0.002126815195695619
7901,-0.3689323830798141,0.1196962071224056,0.057458490708085,238,2,10,3,13,0.0008397115748875404
7902,-0.2432010778995142,0.090593295212481,0.0227022063036694,238,5,7,1,30,0.0042669011761406455
7903,-0.1140658795163634,0.0740501450528015,0.0071147138097249,238,7,5,0,86,0.004462857898018962
7904,-0.3445378151260503,0.0981647093175182,0.0048989359509395,238,3,7,0,83,0.0037735571101525844
7905,-0.0916569159309293,0.105761270409728,0.0391113071253557,238,8,8,2,11,0.0013249138978104157
7906,-0.1146331950501719,0.0711390857094049,0.0175553581772042,238,7,5,1,35,0.003768331523905521
7907,0.2118568946565968,0.0644014760830105,0.0220609848467737,238,14,4,1,9,0.0013243774840951577
7908,-0.0063468425344821,0.0779678587987861,0.0013469322577875,238,9,5,0,128,0.00475484797010613
7909,-0.0597454171542034,0.1711201653336028,0.2198096879873908,238,8,15,14,2,0.00011471830370516435
7910,-0.1441336028082118,0.0982322981001393,0.0344049636375403,238,7,7,2,26,0.002471827272074585
7911,-0.4386412792965287,0.1133993013408108,0.0041132419344068,238,1,9,0,77,0.0026736108853416024
7912,0.123426585824203,0.0506021343217596,0.0025107309025803,238,12,2,0,34,0.0021758371823757663
7913,0.3284402368542353,0.0385785484586894,0.0055653822281877,238,16,1,0,44,0.0011029673443555539
7914,-0.0079778746941814,0.077472791621384,0.0082786133338217,238,9,5,0,128,0.00475484797010613
7915,0.0458461865758961,0.0658348781704955,0.0265482413260489,238,10,4,1,35,0.00376178763264307
7916,-0.0310959826968762,0.1227331916268907,0.1183926181889881,238,9,10,7,8,0.0006540394776902086
7917,-0.3805623515228876,0.0870521404059649,0.0089533329283973,238,2,6,0,18,0.0013709358574978201
7918,-0.2475977732865297,0.1043904209375741,0.0688641067747122,238,5,8,4,7,0.001012779466561909
7919,-0.1993759529128106,0.0856132847578387,0.0518769890966348,238,6,6,3,9,0.0011868363604927129
7920,0.0477608765024997,0.0659415590537156,0.0117806099388555,238,11,4,0,96,0.0038563263286608743
7921,-0.1038541999078112,0.1149438994350593,0.0964969588824964,238,7,9,6,13,0.0008976724089664401
7922,-0.0754884232173882,0.085935826726373,0.0127155574162892,238,8,6,0,87,0.004426521123504939
7923,0.1200936070630783,0.0861816503270672,0.0765641568008488,238,12,6,5,19,0.0008781639312160993
7924,-0.3112080275148033,0.1213625901142606,0.0328310099120736,238,3,10,2,12,0.0015393917560890028
7925,0.138176789703223,0.0496194659255063,0.0142734209180267,238,12,2,0,34,0.0021758371823757663
7926,-0.1108747296386909,0.0893708847499667,0.0062628480151257,238,7,6,0,105,0.004915439800339099
7927,0.0206715597631457,0.1122934246342678,0.0737047018723123,238,10,9,4,4,0.0003920612677823287
7928,0.2150480445342693,0.0446957832311702,0.0016189134961861,238,14,2,0,63,0.001936958343928828
7929,-0.0110271956884019,0.0684202889352064,0.0009217622095363,238,9,4,0,110,0.004292388740450521
7930,0.0339325603659185,0.0841449435189296,0.0530873976979035,238,10,6,3,31,0.0017261073251220965
7931,-0.2951813636847143,0.0874486053732866,0.0039303080075542,238,4,6,0,60,0.003468743098616289
7932,-0.0352799347587136,0.083373610377135,0.0014128917825482,238,9,6,0,67,0.003528788865454604
7933,0.22079211431408,0.0944119550311298,0.1083127822371858,238,14,7,7,7,0.0003898449111663476
7934,0.3628337410913732,0.066776497620666,0.0582295516625413,238,17,4,3,4,0.0004293446755280158
7935,-0.3117753430486118,0.0977969041460562,0.0430939772136006,238,3,7,2,7,0.001458730871847017
7936,0.0110271956884019,0.0691259894579779,0.015956035523849,238,10,4,1,35,0.00376178763264307
7937,-0.2576676240116299,0.1023005213613249,0.0055920176163539,238,4,8,0,91,0.004483419991872029
7938,-0.3535439492252596,0.1169056949555412,0.0036188707222343,238,3,9,0,69,0.003704547569987754
7939,0.1058398042761408,0.0481062721456823,0.006625651727647,238,12,2,0,34,0.0021758371823757663
7940,-0.1749813849590469,0.0834786915794203,0.0021988097728545,238,6,6,0,123,0.0049806266057812725
7941,0.4553770875438782,0.0253224495659214,0.0016193741130078,238,19,0,0,3,0.00015691009787453854
7942,-0.4036804595255823,0.1020312087709277,0.0034255680539654,238,2,8,0,89,0.003550440087193625
7943,-0.3384391731376094,0.1055442861643452,0.0023491446131682,238,3,8,0,100,0.004333383064151017
7944,-0.4277204552707158,0.115618590096116,0.0149873113085267,238,1,9,0,77,0.0026736108853416024
7945,-0.4334645250505264,0.1397215466608715,0.0036852826370677,238,1,12,0,17,0.000821500086197717
7946,-0.114704109491898,0.076555617427059,0.0066866716302097,238,7,5,0,86,0.004462857898018962
7947,-0.1846257490337907,0.0915738356957221,0.0048290927369111,238,6,7,0,96,0.004713885748433999
7948,-0.2627734638159061,0.1184236456432945,0.0434311404823496,238,4,9,2,13,0.001982695041022654
7949,-0.3004290323724425,0.0937695042006979,0.0100451183171912,238,4,7,0,120,0.004630464276693427
7950,0.0661986313512746,0.0871327980958017,0.0570816933076056,238,11,6,3,17,0.0015177436956017969
7951,0.0854164450590362,0.0708012278820523,0.0205339322992163,238,11,4,1,35,0.00355858256828443
7952,0.0091125057617983,0.0896774970153199,0.0864899065340328,238,10,6,5,3,0.0007147983172792249
7953,0.320781477147821,0.0334559610273832,0.0022588845503797,238,16,1,0,44,0.0011029673443555539
7954,0.065418572492288,0.0620201048438135,0.0046034034321855,238,11,4,0,96,0.0038563263286608743
7955,-0.0598872460376555,0.0685748574004317,0.0040696808459669,238,8,4,0,68,0.003645851648012564
7956,-0.3628337410913732,0.0963372074216169,0.002485619035031,238,2,7,0,52,0.002597604187038845
7957,-0.0023047193560968,0.0691553153394819,0.0016399537754445,238,10,4,0,104,0.004355003298635465
7958,-0.2336985427082225,0.1057299711963932,0.0040301333273816,238,5,8,0,70,0.004087396103385501
7959,-0.165337020884303,0.1176417436170461,0.0859817789383858,238,6,9,5,14,0.0009713154263924001
7960,0.0448533843917313,0.0749313798459109,0.0221406546194582,238,10,5,1,35,0.003681177079075407
7961,-0.1217955536645037,0.112918160844487,0.033970022816264,238,7,9,2,7,0.0009848642234243496
7962,-0.1861149523100379,0.0955126588478637,0.000850258791564,238,6,7,0,96,0.004713885748433999
7963,-0.30461298443428,0.0974176628082285,0.0011331255596363,238,3,7,0,83,0.0037735571101525844
7964,0.1276814523277665,0.0599173638224022,0.0286423444818176,238,12,3,1,38,0.0029775459777509877
7965,-0.2191610821543807,0.089874767255724,0.0041743849235972,238,5,6,0,104,0.004457874728275953
7966,-0.157961918944793,0.078672407443479,0.0015413170974069,238,6,5,0,87,0.0037737578394178533
7967,0.1076835797610183,0.0686709392470673,0.0449402024958836,238,12,4,2,30,0.0021432616240922957
7968,-0.0091834202035244,0.0790154955336956,0.0095145010261296,238,9,5,0,128,0.00475484797010613
7969,-0.2134879268162961,0.0930830308970046,0.0466388237625157,238,5,7,3,14,0.0013318451260624542
7970,-0.2302237350636456,0.1125007272818559,0.0263577160402813,238,5,9,1,21,0.0025129596142606752
7971,-0.1844130057086125,0.0925111744221698,0.0010698402383426,238,6,7,0,96,0.004713885748433999
7972,-0.3089387653795695,0.1129468596752581,0.0174861704656402,238,3,9,1,37,0.003326167945494541
7973,-0.130801687763713,0.1281847565436905,0.1272790532408459,238,7,10,8,8,0.0005563586716044574
7974,0.2204375421054497,0.0652725944949225,0.0628854234234755,238,14,4,4,6,0.0006609381651936833
7975,-0.2902882672056164,0.1126253532047822,0.0291927132860265,238,4,9,1,33,0.00306687553510888
7976,-0.3530475481331772,0.1027185702787639,0.00344109862989,238,3,8,0,100,0.004333383064151017
7977,0.0936425202992589,0.1597266119128503,0.2013553075819492,238,11,14,13,3,0.00015444062288045378
7978,-0.0671914335354394,0.0782408919070819,0.0212509697379831,238,8,5,1,45,0.004231983686421704
7979,0.3226252526326986,0.0581232822628408,0.0308285884020046,238,16,3,2,22,0.0008277185805572241
7980,0.1247739602169981,0.0625930171215713,0.0158798628414545,238,12,4,1,39,0.0030492137784899846
7981,0.0458461865758961,0.0667051487434518,0.0088914473103857,238,10,4,0,104,0.004355003298635465
7982,0.2801475020387901,0.0449476688190604,0.0110056864614183,238,15,2,0,32,0.001490183960655832
7983,0.0272666028436691,0.1033811804102647,0.0922568225349536,238,10,8,6,15,0.0008757743252029102
7984,0.2422082757153494,0.0578343526012949,0.0288836233139224,238,14,3,1,20,0.0018794301899020256
7985,-0.2900046094387121,0.1162709932107828,0.0034632720788956,238,4,9,0,63,0.0032442879918447966
7986,-0.3609190511647696,0.1302545496892624,0.0281173377878452,238,2,11,1,10,0.0015299054669604833
7987,-0.3837535014005601,0.1022789350538952,0.0059149775480515,238,2,8,0,89,0.003550440087193625
7988,-0.0857001028259405,0.1381366012509902,0.1284408170197956,238,8,11,8,16,0.0005696293568104668
7989,-0.1396659929794702,0.1031980263092134,0.0191729000087669,238,7,8,1,13,0.0023238306258716386
7990,0.1273268801191362,0.063730204896002,0.005058570510585,238,12,4,0,46,0.003005418736203267
7991,-0.2124242101904052,0.09790250286471,0.0275824074202273,238,5,7,1,30,0.0042669011761406455
7992,-0.1906534765805056,0.0902885999860077,0.0052113689512226,238,6,6,0,123,0.0049806266057812725
7993,-0.1351983831507286,0.1118306736141706,0.0788405387157703,238,7,9,5,11,0.0009668215948625848
7994,-0.1255540190759848,0.0920980084106985,0.0396496393565342,238,7,7,2,26,0.002471827272074585
7995,0.1358366131262631,0.0731281234596964,0.0555010822370989,238,12,5,3,24,0.001508498782464373
7996,0.1990213807041803,0.0637446958798603,0.0250163804919848,238,14,4,1,9,0.0013243774840951577
7997,-0.1749104705173208,0.0765931696584751,0.0233290206755926,238,6,5,1,15,0.003066965874110903
7998,0.0254228273587916,0.0736856628836901,0.001811392355353,238,10,5,0,75,0.003855261700858351
7999,-0.1931354820409176,0.1059535777483835,0.0019305516397733,238,6,8,0,57,0.003300602884874217
8000,-0.0608091337800943,0.0682426998145823,0.0047216641162396,238,8,4,0,68,0.003645851648012564
8001,-0.4413360280821188,0.1313616634590891,0.0214089397358181,238,1,11,1,21,0.0014808047137841256
8002,-0.1230010991738467,0.0855463743548751,0.0035739396181841,238,7,6,0,105,0.004915439800339099
8003,-0.3434031840584334,0.1199686421263447,0.0043995185827808,238,3,10,0,24,0.002332232535430932
8004,-0.1600893521965748,0.0930237622249639,0.0011260996387253,238,6,7,0,96,0.004713885748433999
8005,0.1626422720987128,0.0591355215829082,0.0271548288047713,238,13,3,1,35,0.0025669641651229784
8006,0.2156862745098038,0.0647993978103838,0.0329719665327592,238,14,4,2,15,0.0012844812788815414
8007,-0.4080771549125979,0.1175513290395971,0.0177201065379054,238,1,9,1,18,0.0021988824875441887
8008,0.2892954650214515,0.0438951708512311,0.0057875661749703,238,15,2,0,32,0.001490183960655832
8009,-0.0558451228592702,0.1017927146134579,0.08380790200133,238,8,8,5,12,0.0009924301394853789
8010,-0.3578697301705492,0.1099939345505891,0.0084722179962039,238,2,9,0,92,0.0036402965216667748
8011,-0.1300925433464524,0.0824653233491105,0.0046553318095331,238,7,6,0,105,0.004915439800339099
8012,0.162784100982165,0.0646375780210058,0.0422192494008064,238,13,4,2,27,0.0017949624306630315
8013,-0.2412863879729106,0.0997877223950712,0.0103819491706831,238,5,7,0,118,0.004976576343704583
8014,0.1520051058398042,0.1510295516851291,0.1894798848247884,238,13,13,12,4,0.00011959051088271212
8015,-0.1226465269652164,0.0612565949777544,0.0095009979534345,238,7,4,0,53,0.0027892752163863077
8016,-0.0817288940892812,0.0957351260689089,0.0203063002554374,238,8,7,1,25,0.0028794895434652297
8017,-0.2522781264404495,0.1040874479241625,0.0022493017932024,238,5,8,0,70,0.004087396103385501
8018,0.0597454171542034,0.0675198490978605,0.0130341178299063,238,11,4,0,96,0.0038563263286608743
8019,-0.1939864553416302,0.1159178434584903,0.0425713075800493,238,6,9,2,9,0.0013930794518370066
8020,0.3467361628195581,0.0318895452417257,0.0090123327860149,238,16,1,0,44,0.0011029673443555539
8021,-0.0466971598766088,0.0589335664610584,0.0037456982565811,238,9,3,0,38,0.002541755274822797
8022,0.1333546076658511,0.0570476349750206,0.0118615373353142,238,12,3,0,112,0.0033545247846789965
8023,0.0051412970251391,0.0648453958954074,0.0016311340762831,238,10,4,0,104,0.004355003298635465
8024,-0.1378931319363188,0.1389636528857516,0.1137428570960403,238,7,11,7,6,0.0005171593792913427
8025,-0.4068006949615288,0.1087059717978957,0.024221542461121,238,1,8,1,9,0.0017457061791263356
8026,0.1030741410488245,0.075924403242453,0.0316349730560872,238,12,5,2,36,0.001907366235161121
8027,0.0143601744495266,0.1029467706963266,0.0876760407938686,238,10,8,5,11,0.0009142347313185025
8028,-0.0377619402191256,0.0883401062978509,0.0294286484704431,238,9,6,1,35,0.003457223377569426
8029,-0.1276814523277665,0.1118468704334198,0.1075509784998725,238,7,9,7,11,0.0006895840231845074
8030,-0.3949579831932773,0.1160539011516901,0.0197993840923699,238,2,9,1,29,0.003099733513643377
8031,0.3090096798212955,0.0459910160548506,0.0423883104825862,238,16,2,2,9,0.0007651371141647444
8032,-0.0968336701769315,0.0779733354975333,0.0065790726578354,238,8,5,0,118,0.004884276702473828
8033,-0.0287558061199163,0.0582291590260428,0.005738620761331,238,9,3,0,38,0.002541755274822797
8034,-0.1975321774279331,0.0823570986658525,0.0069121579700232,238,6,6,0,123,0.0049806266057812725
8035,0.0174094954437471,0.0783082188315216,0.0125032044919153,238,10,5,0,75,0.003855261700858351
8036,0.2505761798390242,0.1034954696551092,0.1213791914336236,238,15,8,7,5,0.0002972427616203078
8037,-0.3491472538382441,0.1066799514489554,0.0172409341894946,238,3,8,1,24,0.003650412738886289
8038,-0.4132539091586001,0.0997707906482764,0.004353382556423,238,1,7,0,16,0.001358025859596965
8039,-0.3582243023791794,0.1448557202532418,0.0388287148491543,238,2,12,2,5,0.0005555440900709168
8040,-0.2959614225437009,0.1130686642390043,0.0324564453678013,238,4,9,2,13,0.001982695041022654
8041,-0.300996347906251,0.1173521714873106,0.0014515785430745,238,4,9,0,63,0.0032442879918447966
8042,-0.2101549480551714,0.104146411091168,0.0052551306122971,238,5,8,0,70,0.004087396103385501
8043,-0.340353863064213,0.1415521156993026,0.0475531249924822,238,3,12,3,6,0.000405900825063986
8044,0.3752437683934332,0.0763123739083903,0.0793891919458205,238,17,5,5,4,0.0002619493591894819
8045,-0.1087472963869091,0.0876487556066211,0.0216030503407635,238,7,6,1,35,0.004354591136495643
8046,-0.4684253448214728,0.0924209219390202,0.0145315045138011,238,0,7,0,1,0.0004685269648237192
8047,0.0822962096230897,0.0662686159553004,0.0509432085724942,238,11,4,3,9,0.0011639758538687635
8048,-0.240506329113924,0.1101055317487936,0.0303456198692093,238,5,9,1,21,0.0025129596142606752
8049,-0.3485799383044356,0.1059533086673734,0.0059627289304164,238,3,8,0,100,0.004333383064151017
8050,-0.1337091798744814,0.0705006962087298,0.010506912049782,238,7,4,0,53,0.0027892752163863077
8051,-0.2400099280218416,0.0753213595310228,0.0027155468053997,238,5,5,0,48,0.002829270609622204
8052,-0.1667553097188242,0.0813652245904783,0.042064394582515,238,6,6,2,15,0.0022845815446225454
8053,0.0735737332907846,0.0531885198431863,0.0037583884869068,238,11,3,0,87,0.0035031944625956886
8054,-0.2385207247455944,0.0787620334346625,0.0083305231195468,238,5,5,0,48,0.002829270609622204
8055,-0.1300216289047264,0.0688521024930278,0.0041171942916393,238,7,4,0,53,0.0027892752163863077
8056,-0.2723469134489238,0.0928622263876448,0.0358247037180823,238,4,7,2,14,0.001988598870210548
8057,0.0039357515157961,0.0813771418754538,0.0312472289970908,238,10,6,2,24,0.0021178534085580414
8058,-0.430557032939758,0.0905040965890749,0.005635573990043,238,1,7,0,16,0.001358025859596965
8059,-0.2752544055596922,0.097289951398231,0.0068002419861005,238,4,7,0,120,0.004630464276693427
8060,-0.3814133248236003,0.0974663167822346,0.0014831707816718,238,2,7,0,52,0.002597604187038845
8061,-0.430415204056306,0.0964999820812031,0.0057340642901668,238,1,7,0,16,0.001358025859596965
8062,-0.0679714923944261,0.1014236411751876,0.0431662941285222,238,8,8,2,11,0.0013249138978104157
8063,-0.3494309116051483,0.1305117124154211,0.1050609354789071,238,3,11,6,1,0.00025510756740964083
8064,-0.1007339644718646,0.1054424678875582,0.0227539055308892,238,8,8,1,11,0.0015147342647100137
8065,-0.1014431088891252,0.0682872480089473,0.0066457141151889,238,8,4,0,68,0.003645851648012564
8066,0.2468886288692692,0.0414642246771887,0.0027680818399912,238,14,1,0,22,0.0012417306714709786
8067,0.1707974328972095,0.0948815688096722,0.1000650471239752,238,13,7,6,10,0.0006279537371180559
8068,0.1187462326702832,0.0573429779761126,0.0031630511223717,238,12,3,0,112,0.0033545247846789965
8069,-0.1298088855795482,0.1481843172402045,0.1708284553846151,238,7,12,11,2,0.0002055034675903321
8070,0.1220792114314079,0.0510353508665229,0.0268668477284371,238,12,2,1,6,0.001757520113939135
8071,-0.334255221075772,0.1191152900567159,0.0848697373115815,238,3,9,5,6,0.000463573381957771
8072,0.3398574619721305,0.1108736189624408,0.1523417941057626,238,16,9,9,6,0.00016151987207929988
8073,-0.0993156756373435,0.0858679945251542,0.0200306425597933,238,8,6,1,32,0.004098846777087474
8074,-0.1510123036556394,0.1331639351008633,0.1110852239428135,238,7,11,7,6,0.0005171593792913427
8075,-0.1454809772010069,0.0662042094771531,0.0074402852888909,238,7,4,0,53,0.0027892752163863077
8076,-0.0178349820941034,0.0596081861096027,0.0050764333213633,238,9,3,0,38,0.002541755274822797
8077,0.0649930858419317,0.0964319708984139,0.0742365164532768,238,11,7,4,16,0.0010682896120130846
8078,-0.1490266992873098,0.0883051447313405,0.0192157610777971,238,7,6,1,35,0.004354591136495643
8079,-0.1149168528170761,0.0957518109113926,0.0036622267178032,238,7,7,0,75,0.003922112144946418
8080,-0.2167499911356947,0.1443298416808911,0.1014371718619009,238,5,12,6,3,0.0002001802687003569
8081,-0.0581143849945041,0.0890676783497965,0.0407807154202218,238,8,6,2,25,0.0025738901815202356
8082,0.0527248874233237,0.0694423552580776,0.0272633698875224,238,11,4,1,35,0.00355858256828443
8083,0.3929014643832216,0.0407741115318272,0.0208809724915385,238,17,1,1,15,0.0007078839229582325
8084,-0.1281069389781229,0.063566772999278,0.0050891843897986,238,7,4,0,53,0.0027892752163863077
8085,-0.1543452824167641,0.0837760730511004,0.004132774761213,238,6,6,0,123,0.0049806266057812725
8086,-0.2963159947523312,0.1039833533312697,0.0327652882931302,238,4,8,2,18,0.0022378626382709432
8087,-0.0649930858419317,0.0811106203652695,0.0060197923206502,238,8,6,0,87,0.004426521123504939
8088,0.0379037691025777,0.0700644963951888,0.0009545938184853,238,10,4,0,104,0.004355003298635465
8089,-0.2224940609155054,0.109261916509988,0.0049353954995397,238,5,8,0,70,0.004087396103385501
8090,0.0557742084175442,0.183466632321869,0.2325654898588584,238,11,16,15,3,7.812373086191362e-05
8091,-0.0083324469028117,0.123356081676536,0.1074046019365081,238,9,10,7,8,0.0006540394776902086
8092,-0.1842002623834343,0.0890308918556227,0.0130319654472251,238,6,6,0,123,0.0049806266057812725
8093,-0.3834698436336559,0.1276830330368359,0.002946339292675,238,2,10,0,64,0.0027862606231091225
8094,0.0437896677658405,0.1072039860181454,0.1034582980839934,238,10,8,6,15,0.0008757743252029102
8095,0.4114101336737225,0.0257300679728676,0.0049214642779484,238,18,0,0,15,0.0003567083730917672
8096,-0.0947771513668758,0.0810085099080834,0.0063860920229798,238,8,6,0,87,0.004426521123504939
8097,-0.156685458993724,0.0752528197823164,0.0325262693858353,238,6,5,2,9,0.0014731747408398195
8098,-0.2180264510867638,0.1026883424881054,0.0394622289454282,238,5,8,2,23,0.0023032056205181664
8099,-0.2944722192674537,0.1363533734958728,0.1143267917381882,238,4,11,7,9,0.0003667086798703979
8100,-0.1642733042584122,0.0933045017459475,0.0211254554093583,238,6,7,1,34,0.0042053397344584634
8101,-0.0364854802680565,0.0890379127314071,0.0131131928503055,238,9,6,0,67,0.003528788865454604
8102,0.2471722866361734,0.0453908388048865,0.0098204072669713,238,14,2,0,63,0.001936958343928828
8103,-0.4482856433712724,0.1115363221359845,0.0012614595098303,238,1,9,0,77,0.0026736108853416024
8104,-0.050597454171542,0.1007404324856796,0.0124024999532871,238,9,8,0,1,0.000680183083350006
8105,0.2032762472077438,0.096013177476098,0.1125379168573998,238,14,7,7,7,0.0003898449111663476
8106,-0.2315711094564407,0.0943150521654704,0.0259728029672995,238,5,7,1,30,0.0042669011761406455
8107,0.091373258164025,0.1024476229945218,0.0795932253869758,238,11,8,5,12,0.0008198512207264593
8108,0.1740594972166081,0.1308449384229856,0.1614257852051444,238,13,11,10,4,0.00021625694221660282
8109,-0.3529057192497251,0.1141741790738311,0.0011098307450482,238,3,9,0,69,0.003704547569987754
8110,-0.292344786015672,0.0844285156381266,0.0047975187834307,238,4,6,0,60,0.003468743098616289
8111,-0.3816260681487785,0.0968597243581862,0.0289463891627673,238,2,7,1,15,0.002041776405580754
8112,-0.1570400312023543,0.1009886638402455,0.0262699658962802,238,6,8,1,25,0.003122502696240139
8113,-0.2027798461156614,0.1052437551991859,0.0485550877063845,238,6,8,3,17,0.0015567601468503074
8114,-0.177605219302911,0.0958313439879398,0.0050593317582069,238,6,7,0,96,0.004713885748433999
8115,-0.2538382441584228,0.1128229965350272,0.0125310386822548,238,5,9,0,34,0.002548715097143437
8116,-0.143069886182321,0.0826523223658712,0.0013960557880947,238,7,6,0,105,0.004915439800339099
8117,-0.2647590681842356,0.1048553814521623,0.0417777784289257,238,4,8,2,18,0.0022378626382709432
8118,0.1984540651703719,0.0544209439046586,0.0444714168380245,238,14,3,2,20,0.001345194623171677
8119,0.0650640002836577,0.0656792645963886,0.0280583541996877,238,11,4,1,35,0.00355858256828443
8120,-0.0352090203169875,0.1135078978503822,0.0476677957254189,238,9,9,3,3,0.0004790361006178259
8121,0.1749104705173208,0.1012113874763565,0.1074163779646947,238,13,8,7,4,0.0004742283372229884
8122,-0.3152501506931886,0.0821572659101293,0.0130443094964791,238,3,6,0,36,0.0023601621856203458
8123,-0.4284295996879764,0.1045920474130451,0.01510955349893,238,1,8,0,39,0.0022015621544169703
8124,-0.2880190050703825,0.1013871816525786,0.0109853763469309,238,4,8,0,91,0.004483419991872029
8125,0.1000248200546041,0.1036059933590736,0.0948029300325506,238,12,8,6,17,0.0007219739687309315
8126,-0.2392298691628549,0.0913099409801151,0.0013922299544691,238,5,7,0,118,0.004976576343704583
8127,-0.2690139346877991,0.090436062891113,0.0073552523833251,238,4,7,0,120,0.004630464276693427
8128,-0.0771194553770875,0.1476912438649947,0.113154758100019,238,8,12,7,1,0.00021813467614442675
8129,-0.0508811119384462,0.0923784792197085,0.054231587413452,238,9,7,3,16,0.0014739189266975681
8130,-0.2434138212246923,0.128883394552488,0.1044761205960887,238,5,10,6,10,0.000633513591100095
8131,0.1083218097365528,0.0648062855840682,0.0298911814164839,238,12,4,1,39,0.0030492137784899846
8132,-0.2202247987802715,0.093223661461599,0.0423228736317217,238,5,7,2,24,0.0024001793753435753
8133,0.0331525015069318,0.0558512832682388,0.0047175929326149,238,10,3,0,83,0.003204714279147116
8134,-0.3874410523703152,0.1247796492410896,0.0023770717918452,238,2,10,0,64,0.0027862606231091225
8135,0.0203169875545154,0.0804072967125742,0.0221269607368898,238,10,5,1,35,0.003681177079075407
8136,0.2801475020387901,0.0570030706302,0.0306316284503277,238,15,3,1,9,0.0012431228036498937
8137,-0.316952097294614,0.1079073031820673,0.0055354921074319,238,3,8,0,100,0.004333383064151017
8138,0.1945537708754387,0.0574444232701401,0.0307812572514214,238,13,3,2,12,0.0015635494242541884
8139,0.1586710633620536,0.0719884716414838,0.0591807226017924,238,13,5,3,23,0.0012615436760510372
8140,0.1532815657908733,0.052022963775915,0.0010537682338565,238,13,3,0,68,0.0026935169555837167
8141,-0.2484487465872424,0.1058325718937423,0.0057991027973985,238,5,8,0,70,0.004087396103385501
8142,-0.2093748891961847,0.1035495871888972,0.0082172059901242,238,5,8,0,70,0.004087396103385501
8143,-0.2745452611424316,0.0794166310518564,0.0185010519238983,238,4,5,1,4,0.0014157672804883776
8144,-0.367585008687019,0.1160821067727643,0.0677174345962814,238,2,9,4,4,0.00046161949546625047
8145,0.0457752721341701,0.0560010386836797,0.01050274397154,238,10,3,0,83,0.003204714279147116
8146,0.0090415913200723,0.072421041292363,0.0189032780140513,238,10,5,1,35,0.003681177079075407
8147,0.0752047654504839,0.0595318276413892,0.0040991870811308,238,11,3,0,87,0.0035031944625956886
8148,-0.2024961883487571,0.1144889569593191,0.0246781883584399,238,6,9,1,16,0.0018103153645663555
8149,0.0788923164202389,0.1231332762189487,0.1515182058629548,238,11,10,9,4,0.0003929719492531391
8150,0.1810800269474878,0.0578003130062905,0.0133717927734971,238,13,3,0,68,0.0026935169555837167
8151,-0.1680317696698932,0.107991535343239,0.015187989962515,238,6,8,0,57,0.003300602884874217
8152,0.0600290749211076,0.0777059620813765,0.0424824424164522,238,11,5,2,24,0.0022595098618287553
8153,0.3253909158600148,0.0408361320699482,0.0106070084937884,238,16,1,0,44,0.0011029673443555539
8154,0.0202460731127894,0.0657022775956504,0.0076315936729646,238,10,4,0,104,0.004355003298635465
8155,0.1993050384710846,0.1469359361319254,0.1896778775498714,238,14,12,12,1,8.040520442703922e-05
8156,-0.3719817040740346,0.1557098140622043,0.1706046875984327,238,2,13,11,2,4.032042227263361e-05
8157,0.2566748218274651,0.0884963312054241,0.096189697299696,238,15,6,6,7,0.0003812641593851471
8158,-0.1737049250079778,0.0724979018604191,0.0045573408127287,238,6,5,0,87,0.0037737578394178533
8159,-0.0194660142538027,0.0712296135814371,0.0010859346681426,238,9,5,0,128,0.00475484797010613
8160,0.1316526610644257,0.066772321158138,0.0237228392093082,238,12,4,1,39,0.0030492137784899846
8161,0.1456228060844591,0.0783407561647208,0.0484509899939076,238,12,5,3,24,0.001508498782464373
8162,0.1829947168740913,0.0578982007884918,0.0082048702025797,238,13,3,0,68,0.0026935169555837167
8163,-0.2136297556997482,0.1495610779266281,0.1503188623205566,238,5,13,9,2,0.00017243703507667223
8164,-0.2400808424635676,0.0953865695443113,0.0105445705909473,238,5,7,0,118,0.004976576343704583
8165,-0.4264439953196467,0.1349625973462471,0.0139275642485227,238,1,11,0,44,0.0016412330933814783
8166,-0.3929723788249476,0.1230064101280077,0.0212556012702575,238,2,10,1,26,0.002507580560992337
8167,-0.2661773570187568,0.0878566835736552,0.0390239621400731,238,4,6,2,8,0.0013129152342475894
8168,0.0919405736978335,0.0434328913055646,0.0155464844450194,238,11,2,1,2,0.0014464128078844386
8169,0.2744034322589795,0.1418888353610673,0.2025639465041694,238,15,12,13,1,4.3644272458568305e-05
8170,-0.303407438924937,0.088567212653524,0.0109458711447604,238,4,6,0,60,0.003468743098616289
8171,-0.202354359465305,0.0770806994731726,0.0035942854484664,238,6,5,0,87,0.0037737578394178533
8172,-0.0449242988334574,0.0648097887772096,0.0396989001920448,238,9,4,2,7,0.0017571644385362929
8173,-0.1447718327837463,0.092514063479801,0.017013738526922,238,7,7,1,42,0.0036960149974717034
8174,-0.2394426124880331,0.0918167966559034,0.0171438475835782,238,5,7,1,30,0.0042669011761406455
8175,-0.3784349182711058,0.1015403600477956,0.0188666217245571,238,2,8,1,13,0.002881514397028944
8176,-0.3691451264049923,0.0963445574963405,0.0010075695434318,238,2,7,0,52,0.002597604187038845
8177,-0.2190901677126546,0.0993511567854092,0.0018235097924039,238,5,7,0,118,0.004976576343704583
8178,0.1586710633620536,0.0610400702951773,0.0151008862587713,238,13,3,0,68,0.0026935169555837167
8179,0.0164166932595823,0.1542479317126918,0.1934050220395751,238,10,13,12,1,0.00020921875103425912
8180,-0.349076339396518,0.1007603162440272,0.0055137373033272,238,3,8,0,100,0.004333383064151017
8181,-0.3800659504308051,0.1394726982965548,0.0266989165383472,238,2,12,1,3,0.0007209288860868417
8182,0.2464631422189128,0.0509814749245021,0.0290410548192251,238,14,2,1,18,0.0017176569679600764
8183,-0.1457646349679112,0.10670219116098,0.0080010739347031,238,7,8,0,22,0.0023093496379671427
8184,0.0737155621742367,0.0786765880712901,0.0230518121955086,238,11,5,1,13,0.002822196505883785
8185,-0.0170549232351168,0.0906450113361261,0.0655827566230246,238,9,7,4,11,0.0012049178080219785
8186,0.1100237563379782,0.0471909361200028,0.0050915214713249,238,12,2,0,34,0.0021758371823757663
8187,0.3307804134311952,0.1238438201093796,0.1692777033256507,238,16,10,11,2,9.6328375710338e-05
8188,-0.3521965748324646,0.1024497950517439,0.0351901141202584,238,3,8,2,16,0.0019253882281921957
8189,-0.0227989930149274,0.0707841840940484,0.0519940534777329,238,9,4,3,4,0.0007430513465688901
8190,-0.0788214019785129,0.063222310283864,0.0051004304822551,238,8,4,0,68,0.003645851648012564
8191,0.0468389887600609,0.0640015756348285,0.0190801364031872,238,10,4,1,35,0.00376178763264307
8192,-0.4019785129241568,0.1106477918505736,0.0038557668261871,238,2,9,0,92,0.0036402965216667748
8193,0.3382973442541573,0.0336511346477992,0.0011100957879881,238,16,1,0,44,0.0011029673443555539
8194,-0.0779704286778002,0.0654865923301061,0.0054079309734047,238,8,4,0,68,0.003645851648012564
8195,0.0582562138779562,0.0778247655165678,0.0340971050907024,238,11,5,2,24,0.0022595098618287553
8196,-0.3217033648902598,0.0979254223730796,0.0169061557168677,238,3,7,1,24,0.003043892917955284
8197,-0.2510725809311065,0.0932423160977485,0.005973665068961,238,5,7,0,118,0.004976576343704583
8198,-0.1814345991561181,0.1048588705180313,0.0015542753238685,238,6,8,0,57,0.003300602884874217
8199,0.0445697266248271,0.0775283519253946,0.0306978360331333,238,10,5,2,36,0.0025029702124330115
8200,0.045633443250718,0.1476802715633221,0.1526950265450734,238,10,12,10,11,0.0003687449162194606
8201,-0.1257667624011629,0.1245108925627694,0.1437577571694896,238,7,10,9,1,0.0003182601880686822
8202,0.1020104244229337,0.0790428181935621,0.0418177415804671,238,12,5,2,36,0.001907366235161121
8203,-0.1481757259865971,0.0772768014596311,0.0042323032747157,238,7,5,0,86,0.004462857898018962
8204,-0.1673226252526326,0.1191304359830087,0.0641728927323505,238,6,9,4,19,0.0010847483299686014
8205,-0.2979470269120306,0.115400736634262,0.000950233846376,238,4,9,0,63,0.0032442879918447966
8206,-0.3608481367230436,0.1291987846949462,0.0022017786771738,238,2,10,0,64,0.0027862606231091225
8207,0.1491685281707619,0.0660138433980501,0.0083495955758563,238,13,4,0,10,0.0019536726542821745
8208,-0.1737049250079778,0.0889463988323176,0.0029251022607849,238,6,6,0,123,0.0049806266057812725
8209,-0.3105697975392688,0.1156971637785993,0.0290033020435324,238,3,9,1,37,0.003326167945494541
8210,0.1043506009998936,0.070409613202521,0.0323984228994515,238,12,4,2,30,0.0021432616240922957
8211,-0.1465446938268978,0.106516202305008,0.0854382504185631,238,7,8,5,11,0.000992393730641657
8212,-0.0467680743183349,0.086896130126851,0.0131243719467488,238,9,6,0,67,0.003528788865454604
8213,-0.1457646349679112,0.1034557271142231,0.0590732489157515,238,7,8,3,10,0.0014664422006572305
8214,0.0749211076835797,0.089244414281765,0.0962138819518211,238,11,6,6,3,0.0004754000676836113
8215,0.0619437648477112,0.065513995449177,0.022531115915972,238,11,4,1,35,0.00355858256828443
8216,-0.2505761798390242,0.094482313771683,0.0197373403762333,238,5,7,1,30,0.0042669011761406455
8217,-0.1045633443250717,0.1082370624866641,0.096530529115317,238,7,8,6,10,0.0007297963821060697
8218,0.0052122114668652,0.0757637990253119,0.0075160439699518,238,10,5,0,75,0.003855261700858351
8219,-0.1432117150657731,0.0825814267957711,0.0035170582529657,238,7,6,0,105,0.004915439800339099
8220,-0.0409530900967982,0.0883018020476333,0.0032752870105075,238,9,6,0,67,0.003528788865454604
8221,-0.1420061695564301,0.0779583362366023,0.019528735774266,238,7,5,1,35,0.003768331523905521
8222,-0.3406375208311172,0.1124740135299264,0.0010875332055979,238,3,9,0,69,0.003704547569987754
8223,0.1963266319185902,0.0519406496383851,0.0344869404901403,238,13,3,2,12,0.0015635494242541884
8224,0.4450235790518738,0.0547552852600666,0.0505251988980853,238,18,3,3,3,0.00025575781193847366
8225,0.3356735099102931,0.0413109398604885,0.0055939432164268,238,16,1,0,44,0.0011029673443555539
8226,0.0859837605928447,0.0814537296043858,0.028694944225271,238,11,6,1,6,0.0015417227136870053
8227,-0.1508704747721873,0.0723283910898585,0.0162635914481813,238,7,5,1,35,0.003768331523905521
8228,-0.143069886182321,0.0920632039954337,0.0257721899309375,238,7,7,1,42,0.0036960149974717034
8229,0.1044215154416196,0.1292953335858482,0.1670300231807594,238,12,10,10,2,0.0002236753140662197
8230,0.2161826756018862,0.079466474654348,0.0746809632427937,238,14,5,4,19,0.0007926131938837975
8231,-0.2110059213558841,0.0854460326961284,0.0065927348916388,238,5,6,0,104,0.004457874728275953
8232,-0.3802077793142572,0.0998872834633407,0.0208526597422691,238,2,7,1,15,0.002041776405580754
8233,-0.1695209729461404,0.1102872814685227,0.075854332829238,238,6,9,4,19,0.0010847483299686014
8234,-0.4142467113427648,0.1311371383485988,0.025503979069326,238,1,11,1,21,0.0014808047137841256
8235,0.0337907314824664,0.0890475555603163,0.0521808248557482,238,10,6,3,31,0.0017261073251220965
8236,-0.1811509413892139,0.122224365899505,0.1175807319727855,238,6,10,7,10,0.0006562367513300406
8237,0.0770485409353614,0.0997900161795484,0.0961377842973155,238,11,7,6,5,0.0007659267281337979
8238,-0.0526539729815976,0.0570060030579452,0.0087576828747222,238,9,3,0,38,0.002541755274822797
8239,-0.1787398503705279,0.1146729950269441,0.1050058834771535,238,6,9,6,15,0.0008086379587624537
8240,0.1022231677481119,0.1029524520431069,0.0925516705621618,238,12,8,6,17,0.0007219739687309315
8241,-0.4232528454419741,0.133312067591314,0.0042451169729926,238,1,11,0,44,0.0016412330933814783
8242,-0.0982519590114526,0.1640423325683903,0.1910673659403414,238,8,14,12,3,0.0001810802809497227
8243,0.3314895578484558,0.0334056184667959,0.0108615578793151,238,16,1,0,44,0.0011029673443555539
8244,-0.133212778782399,0.0872703006942015,0.0334332457367808,238,7,6,2,17,0.002531552152626628
8245,0.4160904868276424,0.0310215022584132,0.0030966387046122,238,18,0,0,15,0.0003567083730917672
8246,-0.0942807502747934,0.0946084964190021,0.0162967340478689,238,8,7,1,25,0.0028794895434652297
8247,-0.0649221714002056,0.0791809391178111,0.0196992285009565,238,8,5,1,45,0.004231983686421704
8248,0.1118675318228557,0.0526486513550852,0.0031675345755044,238,12,3,0,112,0.0033545247846789965
8249,-0.1468992660355281,0.1226089628404534,0.0996815439393653,238,7,10,6,11,0.0007346749988251823
8250,-0.0023756337978229,0.0702841980571015,0.0177648988699173,238,10,4,1,35,0.00376178763264307
8251,-0.3943906676594688,0.1166175101964415,0.0255839223673872,238,2,9,1,29,0.003099733513643377
8252,-0.4314080062404708,0.1028047282293139,0.014670525654523,238,1,8,0,39,0.0022015621544169703
8253,-0.3197886749636563,0.1292251905000107,0.0822160161013609,238,3,10,5,3,0.00044431757531356226
8254,-0.3331915044498811,0.1016575895284276,0.0016753217121873,238,3,8,0,100,0.004333383064151017
8255,-0.1380349608197709,0.1165837346479414,0.0828802062030824,238,7,9,5,11,0.0009668215948625848
8256,0.1043506009998936,0.0534852770846036,0.0068505423521292,238,12,3,0,112,0.0033545247846789965
8257,-0.0935006914158068,0.0807845813643962,0.0039577488114705,238,8,6,0,87,0.004426521123504939
8258,-0.2680920469453604,0.1026274610569892,0.0193451335983449,238,4,8,1,31,0.003922345351422437
8259,-0.3037620111335673,0.0866618722736982,0.0102394585852348,238,4,6,0,60,0.003468743098616289
8260,-0.11718611495231,0.1204008308108078,0.1221469355749063,238,7,10,8,8,0.0005563586716044574
8261,-0.0713044711555508,0.0669763957643972,0.0030953224355428,238,8,4,0,68,0.003645851648012564
8262,-0.0667659468850831,0.0830622080057877,0.0362099760530334,238,8,6,2,25,0.0025738901815202356
8263,0.009963479062511,0.089638625975398,0.0706496696914,238,10,6,4,15,0.0012094322560504275
8264,0.0313796404637804,0.0766982517033904,0.0530659386655972,238,10,5,3,16,0.0015634415710051469
8265,0.0085451902279899,0.0944886573487383,0.0627273293132901,238,10,7,4,19,0.0012049551147970568
8266,-0.0966918412934794,0.0798360531943348,0.0331469861045106,238,8,5,2,17,0.0022773988520767567
8267,0.1350565542672765,0.0715472467478046,0.0579160963733431,238,12,5,3,24,0.001508498782464373
8268,0.0762684820763748,0.0668957866899804,0.0023847064687318,238,11,4,0,96,0.0038563263286608743
8269,-0.2074601992695812,0.1135330925288458,0.078305886711878,238,5,9,5,9,0.0008369087035700342
8270,-0.2870971173279438,0.1383016260145126,0.1082203759847986,238,4,11,7,9,0.0003667086798703979
8271,-0.2310747083643583,0.1127699532623582,0.0200517474756208,238,5,9,1,21,0.0025129596142606752
8272,-0.0840690706662411,0.1178828278311439,0.0934882341168729,238,8,9,6,16,0.0008557918870896612
8273,0.1186044037868311,0.1147903034231474,0.12369453313853,238,12,9,8,7,0.00044492125945252525
8274,0.0742119632663191,0.0867482769975186,0.0787133440740894,238,11,6,5,8,0.0008399858394636375
8275,-0.0491082508952948,0.1113626979110356,0.0385619094477344,238,9,9,2,3,0.0003751600164269074
8276,-0.2000850973300712,0.1150385002046513,0.0707456120364192,238,6,9,4,19,0.0010847483299686014
8277,-0.0706662411800163,0.121152681531908,0.073122535260352,238,8,10,4,2,0.0003869198443938905
8278,0.0385419990781122,0.0792821991644223,0.0397224536293409,238,10,5,2,36,0.0025029702124330115
8279,-0.1951210864092472,0.1640722703967901,0.1922435988842277,238,6,14,12,3,0.00015036304955714242
8280,0.0003900294294933,0.1678020896349992,0.218420674784512,238,10,14,14,3,0.00013589145101808992
8281,-0.3958089564939899,0.1289191947413118,0.040827651836641,238,2,10,2,11,0.001473134783876512
8282,0.235613232634826,0.0475897518812542,0.0101605943352136,238,14,2,0,63,0.001936958343928828
8283,0.045704357692444,0.070448892196123,0.0048104380137829,238,10,4,0,104,0.004355003298635465
8284,0.0230117363401056,0.0667760706748313,0.0041210138251726,238,10,4,0,104,0.004355003298635465
8285,0.2915647271566854,0.0765598070697547,0.0937349361421547,238,15,5,6,2,0.00028182781557872804
8286,0.051873914122611,0.0698260418940249,0.0436769283720331,238,11,4,2,22,0.0021938763198335637
8287,-0.2560365918519306,0.1044311773208094,0.0264422708421679,238,4,8,1,31,0.003922345351422437
8288,-0.2961032514271531,0.0814285213183043,0.0057759873134679,238,4,6,0,60,0.003468743098616289
8289,-0.0225153352480232,0.0731039219708269,0.0095900479922323,238,9,5,0,128,0.00475484797010613
8290,-0.1868950111690245,0.0968482538637426,0.0012790901440235,238,6,7,0,96,0.004713885748433999
8291,-0.051802999680885,0.0880448806212729,0.0502864428729688,238,9,6,3,22,0.0016882375614213183
8292,-0.1050597454171541,0.0789243942125815,0.0560083839285129,238,7,5,3,4,0.0008451255099507304
8293,0.2690139346877991,0.0482262005714902,0.0108581808439292,238,15,2,0,32,0.001490183960655832
8294,-0.0141474311243484,0.0948381575972856,0.0375331947738687,238,9,7,2,11,0.0016985259845621217
8295,-0.3038329255752933,0.0893841831481792,0.0024431075517707,238,4,6,0,60,0.003468743098616289
8296,0.2122114668652271,0.0504034670017824,0.0179125884599546,238,14,2,1,18,0.0017176569679600764
8297,0.3326241889160727,0.0419052922611726,0.020358296762855,238,16,2,1,18,0.0010750831663844517
8298,0.0912314292805729,0.1111544383403452,0.0921099795918953,238,11,9,6,7,0.0006626983811124763
8299,0.124632131333546,0.0901561282377595,0.0893826491086955,238,12,6,5,19,0.0008781639312160993
8300,-0.0976846434776442,0.0823725674399997,0.0148020557793516,238,8,6,0,87,0.004426521123504939
8301,-0.0369818813601389,0.084741769544465,0.0052878967881804,238,9,6,0,67,0.003528788865454604
8302,-0.2060419104350601,0.1629685532595136,0.2018706769244874,238,5,14,13,1,0.00011805624386025681
8303,-0.444101691309435,0.1281304795789401,0.0070813765808168,238,1,10,0,58,0.0024176974686684533
8304,-0.3730454206999254,0.1029339430123468,0.0080176679846342,238,2,8,0,89,0.003550440087193625
8305,0.061660107080807,0.063525658706031,0.0108424982408193,238,11,4,0,96,0.0038563263286608743
8306,0.47728965003723,0.0422922549446361,0.03657902243232,238,19,2,2,3,0.00012602649749818984
8307,0.1249157891004502,0.079076468619148,0.045967175332316,238,12,5,3,24,0.001508498782464373
8308,-0.3643938588093465,0.0990137500605682,0.0207080198188879,238,2,7,1,15,0.002041776405580754
8309,-0.1169024571854057,0.1487956181628457,0.1407944741317365,238,7,12,9,5,0.00034199106126592797
8310,0.2271034996276991,0.0736994957461417,0.064325345893944,238,14,5,4,19,0.0007926131938837975
8311,0.2217140020565187,0.0467229763173448,0.0070984795120821,238,14,2,0,63,0.001936958343928828
8312,-0.2395135269297592,0.1253523544130184,0.0895369747385528,238,5,10,5,8,0.0006782364706724274
8313,-0.1946246853171648,0.1016729522281797,0.006336961201119,238,6,8,0,57,0.003300602884874217
8314,-0.3001453746055383,0.1155446659026323,0.0075349034869483,238,4,9,0,63,0.0032442879918447966
8315,-0.1645569620253164,0.0834114483405261,0.0070910618230548,238,6,6,0,123,0.0049806266057812725
8316,-0.2179555366450377,0.1741816971572338,0.205615184933157,238,5,15,13,3,0.00010939307179713742
8317,-0.2721341701237457,0.1104975438017766,0.0119369923104366,238,4,9,0,63,0.0032442879918447966
8318,-0.3855263624437116,0.1282740433695267,0.0241962137201254,238,2,10,1,26,0.002507580560992337
8319,-0.1098819274545261,0.0931910853366601,0.0866994879780305,238,7,7,5,7,0.0007126402050501692
8320,-0.268872105804347,0.0988816967939749,0.0008475842998534,238,4,7,0,120,0.004630464276693427
8321,0.1254831046342587,0.0655765504155992,0.030372119858924,238,12,4,1,39,0.0030492137784899846
8322,0.3314895578484558,0.0539775578085907,0.0360349870284717,238,16,3,2,22,0.0008277185805572241
8323,-0.3529057192497251,0.1162444735813291,0.0029768873943936,238,3,9,0,69,0.003704547569987754
8324,-0.3068113321277878,0.1094249998130651,0.0319187369389604,238,3,8,2,16,0.0019253882281921957
8325,0.1207318370386129,0.0665162692292936,0.0368703118965821,238,12,4,2,30,0.0021432616240922957
8326,0.3364535687692798,0.0655211297869898,0.0632927378965189,238,16,4,4,11,0.0005407258308459368
8327,0.1845548345920646,0.0694326165379165,0.0508857424639273,238,13,4,3,11,0.001202520299529772
8328,0.2456830833599262,0.057022413136618,0.0252651242949487,238,14,3,1,20,0.0018794301899020256
8329,0.0980392156862744,0.0592271310709787,0.005738671917226,238,12,3,0,112,0.0033545247846789965
8330,0.1854058078927773,0.0470321606276296,0.0142730856301991,238,13,2,0,51,0.002201728852969309
8331,0.0387547424032904,0.0773508006431269,0.0158957770542493,238,10,5,1,35,0.003681177079075407
8332,0.0930042903237244,0.0511247800473958,0.0079477294394295,238,11,2,0,18,0.0018657310811233557
8333,-0.0017374038222884,0.0868709731118418,0.0577523011875199,238,10,6,3,31,0.0017261073251220965
8334,-0.3031237811580328,0.1051069189197962,0.0077024774249301,238,4,8,0,91,0.004483419991872029
8335,0.1298088855795482,0.0548730955611546,0.0038365156051764,238,12,3,0,112,0.0033545247846789965
8336,0.1730666950324433,0.1204411355785664,0.1294325485503163,238,13,10,8,1,0.00025752884419990576
8337,0.0409530900967982,0.0754936930534379,0.0028114313978986,238,10,5,0,75,0.003855261700858351
8338,-0.1118675318228557,0.0824361697891207,0.0118224137878126,238,7,6,0,105,0.004915439800339099
8339,-0.3736127362337339,0.1021519371337868,0.0032972541311038,238,2,8,0,89,0.003550440087193625
8340,-0.1236393291493812,0.0830950708394688,0.0059050391676438,238,7,6,0,105,0.004915439800339099
8341,-0.2204375421054497,0.0877471291132791,0.0078994139980382,238,5,6,0,104,0.004457874728275953
8342,-0.0050703825834131,0.0739599777016014,0.0505639981409467,238,9,5,3,7,0.0013491537670559449
8343,-0.2485196610289685,0.1238115046802171,0.1230980007081838,238,5,10,8,2,0.00034577874729789905
8344,-0.2477396021699819,0.1000093478104142,0.0415238080557305,238,5,7,2,24,0.0024001793753435753
8345,-0.4198489522391234,0.1276596085888091,0.0099939222600257,238,1,10,0,58,0.0024176974686684533
8346,-0.3876537956954933,0.0949154415959113,0.0081287727122966,238,2,7,0,52,0.002597604187038845
8347,-0.4313370917987448,0.1063751330569286,0.0022589006139001,238,1,8,0,39,0.0022015621544169703
8348,-0.1428571428571428,0.0787713580867136,0.0479105157519568,238,7,5,3,4,0.0008451255099507304
8349,-0.2266070985356167,0.0977011784087214,0.026916475916927,238,5,7,1,30,0.0042669011761406455
8350,0.2432010778995142,0.0678659822600075,0.0628319646538084,238,14,4,4,6,0.0006609381651936833
8351,-0.1954756586178775,0.0792407994393665,0.0022511278678386,238,6,5,0,87,0.0037737578394178533
8352,-0.2531290997411622,0.0882784569263566,0.0034637492031006,238,5,6,0,104,0.004457874728275953
8353,0.0165585221430344,0.1742691154053676,0.231581298877095,238,10,15,15,3,0.00010389000587103837
8354,-0.0833599262489806,0.0635572662397638,0.0103622205013219,238,8,4,0,68,0.003645851648012564
8355,-0.3249654292096585,0.0828791724194109,0.0041281376983443,238,3,6,0,36,0.0023601621856203458
8356,0.1220082969896819,0.1408246152300212,0.1695143426504444,238,12,12,11,8,0.00027290090825336647
8357,-0.3426940396411729,0.1059064584033101,0.020935281393165,238,3,8,1,24,0.003650412738886289
8358,-0.0055667836754955,0.0982763426090475,0.0777091252893128,238,9,7,5,11,0.0008999656682911266
8359,0.0803815196964861,0.0681042670103591,0.0230118386251916,238,11,4,1,35,0.00355858256828443
8360,-0.220863028755806,0.1075887138283064,0.0034862032200233,238,5,8,0,70,0.004087396103385501
8361,0.0118072545473885,0.101353586121882,0.0536146858661303,238,10,8,3,3,0.0006843083565060746
8362,-0.0766939687267311,0.1136261265910897,0.0945167001492817,238,8,9,6,16,0.0008557918870896612
8363,-0.374960110626529,0.102808408275545,0.0143916667072494,238,2,8,0,89,0.003550440087193625
8364,-0.3998510796723752,0.1142410649138309,0.0126694431174002,238,2,9,0,92,0.0036402965216667748
8365,0.0870474772187355,0.0627029539416854,0.011176990297057,238,11,4,0,96,0.0038563263286608743
8366,-0.3212778782399035,0.1233485567007659,0.0418057250797221,238,3,10,2,12,0.0015393917560890028
8367,0.1349147253838244,0.0584648138077876,0.0018520781974303,238,12,3,0,112,0.0033545247846789965
8368,-0.2271034996276991,0.1068688749269666,0.0395461262491946,238,5,8,2,23,0.0023032056205181664
8369,0.0684678934865085,0.0687168013930805,0.0117671046553108,238,11,4,0,96,0.0038563263286608743
8370,-0.2673119880863737,0.0984817412212389,0.0008987909523446,238,4,7,0,120,0.004630464276693427
8371,-0.1393114207708399,0.0729287560263038,0.0044029227012865,238,7,5,0,86,0.004462857898018962
8372,0.0503137964046377,0.1580068068761127,0.1979703199257058,238,11,13,12,3,0.0002039540062603013
8373,-0.1730666950324433,0.0871968803660669,0.0131906019897859,238,6,6,0,123,0.0049806266057812725
8374,0.0431514377903059,0.0709531025324836,0.047755210110227,238,10,5,3,16,0.0015634415710051469
8375,-0.4424706591497358,0.1346062191592019,0.0028832347328819,238,1,11,0,44,0.0016412330933814783
8376,-0.1454100627592809,0.0906648672759115,0.0079441172901361,238,7,7,0,75,0.003922112144946418
8377,-0.3244690281175761,0.1253294614109607,0.0031967798618447,238,3,10,0,24,0.002332232535430932
8378,-0.2094458036379108,0.0953186137488087,0.0124305230228938,238,5,7,0,118,0.004976576343704583
8379,-0.3480126227706271,0.1116889875142307,0.0064287812463982,238,3,9,0,69,0.003704547569987754
8380,-0.1570400312023543,0.090530730128276,0.0232084713403654,238,6,7,1,34,0.0042053397344584634
8381,-0.1954756586178775,0.1120267867302346,0.0049549804491323,238,6,9,0,20,0.0017687167254327434
8382,0.2956777647767967,0.0873606756410916,0.0966452700285503,238,15,6,6,7,0.0003812641593851471
8383,-0.176470588235294,0.0971925534497354,0.0020965751290025,238,6,7,0,96,0.004713885748433999
8384,-0.4170832890118072,0.1223277081448556,0.0113912064668095,238,1,10,0,58,0.0024176974686684533
8385,-0.4046732617097471,0.1302200686404457,0.0025233545033764,238,2,11,0,22,0.0015995178499110165
8386,-0.3853845335602595,0.0993645866397813,0.0018323373666308,238,2,7,0,52,0.002597604187038845
8387,-0.3690032975215402,0.1045544258324226,0.0241387927079001,238,2,8,1,13,0.002881514397028944
8388,-0.0501010530794596,0.0753119454229624,0.0199970191809859,238,9,5,1,43,0.0042530637397620065
8389,-0.3412757508066517,0.0836046664731589,0.003272447995375,238,3,6,0,36,0.0023601621856203458
8390,0.1345601531751941,0.0665329081912684,0.0328655123197899,238,12,4,2,30,0.0021432616240922957
8391,0.0503847108463638,0.0610233407186323,0.0304302740873165,238,11,3,1,20,0.0029229560613640614
8392,0.0064886714179342,0.0738363891134564,0.0154570363125578,238,10,5,0,75,0.003855261700858351
8393,-0.0474772187355954,0.0735430914322916,0.0028004634164052,238,9,5,0,128,0.00475484797010613
8394,-0.1742722405417863,0.0944343866618823,0.0020815134852633,238,6,7,0,96,0.004713885748433999
8395,-0.2277417296032336,0.1019630781696616,0.0193307958252565,238,5,8,1,31,0.003710872647041985
8396,-0.1481757259865971,0.1016415410064705,0.0860458946677946,238,7,8,5,11,0.000992393730641657
8397,-0.4257348509023861,0.13237203088657,0.0055270258828666,238,1,11,0,44,0.0016412330933814783
8398,-0.3332624188916072,0.1048441125521513,0.0205792591898178,238,3,8,1,24,0.003650412738886289
8399,0.3373754565117186,0.1037384354053874,0.1319923306769191,238,16,8,8,5,0.00022595425613333912
8400,0.0027302060064532,0.1184152868592956,0.1270405575796255,238,10,9,8,5,0.000530062973072162
8401,-0.0315923837889586,0.0729696722862698,0.0094971931522199,238,9,5,0,128,0.00475484797010613
8402,-0.3568060135446583,0.1169774386955191,0.0251829880978077,238,2,9,1,29,0.003099733513643377
8403,0.0780413431195262,0.1771753779809123,0.2299985410112144,238,11,15,15,3,9.559513485170048e-05
8404,0.2654682126014963,0.0503127240639437,0.0234196715278876,238,15,2,1,18,0.00142560135977588
8405,0.0842108995496932,0.0673695196136756,0.0105342243711168,238,11,4,0,96,0.0038563263286608743
8406,0.0718008722476332,0.0873322776345627,0.0858900193960641,238,11,6,5,8,0.0008399858394636375
8407,0.0125873134063752,0.0589369172206288,0.0036144292695249,238,10,3,0,83,0.003204714279147116
8408,-0.355245895826685,0.1009206806286262,0.0027689724897747,238,2,8,0,89,0.003550440087193625
8409,-0.0681842357196042,0.1601175038578226,0.1969316265183006,238,8,14,12,3,0.0001810802809497227
8410,0.0065595858596603,0.0959542525567423,0.1082853881714815,238,10,7,7,1,0.0003614975374943955
8411,-0.2016452150480444,0.0997504731391605,0.029821966665536,238,6,7,1,34,0.0042053397344584634
8412,-0.4083608126795021,0.1035579850756624,0.0218352401316086,238,1,8,1,9,0.0017457061791263356
8413,-0.1913626209977662,0.1162080769970761,0.061755743340585,238,6,9,4,19,0.0010847483299686014
8414,-0.2200120554550934,0.1003670109268532,0.070174922678935,238,5,8,4,7,0.001012779466561909
8415,0.0415204056306066,0.0733965425315699,0.0138675492142375,238,10,5,0,75,0.003855261700858351
8416,-0.314470091834202,0.0921344997862383,0.0256131646868035,238,3,7,1,24,0.003043892917955284
8417,0.0883239371698046,0.1457799462715014,0.1844239628199341,238,11,12,12,3,0.00020743537965298086
8418,-0.1972485196610289,0.1058803104864669,0.0037421745919102,238,6,8,0,57,0.003300602884874217
8419,0.0232953941070098,0.112760173060887,0.0979046806539118,238,10,9,6,13,0.0007544960516155897
8420,-0.1729957805907172,0.1121538654150822,0.0200832356539016,238,6,9,1,16,0.0018103153645663555
8421,-0.1821437435733786,0.0806987970616741,0.0022886813204806,238,6,6,0,123,0.0049806266057812725
8422,-0.0838563273410629,0.0596168143518587,0.0058436791816381,238,8,3,0,13,0.0017505038814693567
8423,-0.0475481331773215,0.0886694701004742,0.0270580721356902,238,9,6,1,35,0.003457223377569426
8424,-0.0335779881572882,0.0934723031374712,0.0378700743231685,238,9,7,2,11,0.0016985259845621217
8425,-0.2811403042229549,0.0833957202791327,0.0409956580514593,238,4,6,2,8,0.0013129152342475894
8426,0.4232528454419741,0.131715068333751,0.1878338350554264,238,18,11,12,2,3.66035465552333e-05
8427,-0.0742119632663191,0.0990417402949231,0.0233165423544332,238,8,7,1,25,0.0028794895434652297
8428,0.0874729638690919,0.0555997384595286,0.0015758780878079,238,11,3,0,87,0.0035031944625956886
8429,-0.107399921994114,0.0653487236941801,0.0095966529419159,238,7,4,0,53,0.0027892752163863077
8430,-0.0248555118249831,0.0601653610703949,0.0047379950932318,238,9,3,0,38,0.002541755274822797
8431,0.1181789171364748,0.0534068244214503,0.022361171869496,238,12,3,1,38,0.0029775459777509877
8432,-0.0519448285643371,0.1124167380954028,0.0594583303328788,238,9,9,3,3,0.0004790361006178259
8433,0.0672623479771655,0.1252126344304365,0.1050691428504186,238,11,10,6,4,0.00036090419472760893
8434,-0.1045633443250717,0.0945885979585343,0.0654272923082335,238,7,7,4,14,0.001160727511064103
8435,-0.2776654965783781,0.1272818673468014,0.0849098424236831,238,4,10,5,8,0.0005927037930509305
8436,0.1219373825479558,0.049575725050695,0.0057226485368459,238,12,2,0,34,0.0021758371823757663
8437,-0.0430805233485799,0.132409929187668,0.1364514024068279,238,9,11,8,7,0.0005266051561481871
8438,-0.278800127645995,0.1104456252366812,0.0021175699329269,238,4,9,0,63,0.0032442879918447966
8439,0.0843527284331454,0.0732488987291709,0.0021168291572839,238,11,5,0,31,0.0026768986373174324
8440,-0.0114526823387582,0.1132231879071299,0.0901905198621449,238,9,9,5,7,0.0006960179984989442
8441,0.278800127645995,0.08752321585937,0.076812216235146,238,15,6,5,7,0.0004263089838112961
8442,-0.1939864553416302,0.0851464757926463,0.0022149622244597,238,6,6,0,123,0.0049806266057812725
8443,0.2610715172144807,0.0924217856389641,0.1098851374509662,238,15,7,7,8,0.0003388049578936866
8444,-0.2721341701237457,0.0761214921804923,0.0034593507964853,238,4,5,0,26,0.0018323270165334974
8445,0.2422082757153494,0.0541054817922446,0.0513877438388748,238,14,3,3,6,0.0007676776020171537
8446,0.078963230861965,0.0774032083684686,0.0544838965826626,238,11,5,3,16,0.0015976535184731248
8447,-0.2811403042229549,0.094394434782903,0.0221273069037972,238,4,7,1,28,0.0038455970181802803
8448,0.2597241428216856,0.1093797351333517,0.1458849379552602,238,15,8,9,3,0.00020511243538861787
8449,0.0759848243094706,0.0540884175474988,0.0049118298885427,238,11,3,0,87,0.0035031944625956886
8450,-0.1979576640782895,0.1013711941676377,0.0015515742931766,238,6,8,0,57,0.003300602884874217
8451,-0.2325639116406055,0.1784585660419174,0.2139106622036332,238,5,16,14,1,5.59991007343692e-05
8452,-0.3146119207176541,0.0961180796580186,0.0109049642998486,238,3,7,0,83,0.0037735571101525844
8453,-0.2852533418430663,0.0935856822287889,0.0046132470202294,238,4,7,0,120,0.004630464276693427
8454,0.2880190050703825,0.0656476890743747,0.056405307276221,238,15,4,3,9,0.000828693471620224
8455,-0.2646172393007835,0.120198844682734,0.0722318991247033,238,4,10,4,10,0.0007531324760669358
8456,-0.1763287593518419,0.1103578448367248,0.105215337617361,238,6,9,6,15,0.0008086379587624537
8457,0.0663404602347268,0.0524013683418948,0.0062207800508928,238,11,3,0,87,0.0035031944625956886
8458,-0.2981597702372088,0.1486676401516716,0.0333571852180218,238,4,12,2,5,0.00035761148321022485
8459,-0.2285927029039463,0.0846454792625964,0.0017722234203994,238,5,6,0,104,0.004457874728275953
8460,0.252916356415984,0.050628001134347,0.0308882915099395,238,15,2,2,3,0.0008804466750330649
8461,0.2864588873524092,0.0346168262173238,0.0098858493314303,238,15,1,0,37,0.0012568719412054995
8462,-0.2741906889338013,0.0855959169019799,0.0027355656048862,238,4,6,0,60,0.003468743098616289
8463,-0.4367975038116511,0.1215456536687679,0.0096334891941947,238,1,10,0,58,0.0024176974686684533
8464,0.2544764741339573,0.0727579591566425,0.0748629798733084,238,15,5,4,7,0.0006023742252298374
8465,0.1349856398255504,0.081684951062137,0.0700464250486054,238,12,6,4,12,0.0010868341343686872
8466,-0.0838563273410629,0.0913106985946482,0.053302877499331,238,8,7,3,12,0.001600014694282029
8467,-0.203488990532922,0.0813638715802495,0.0025294292843155,238,6,6,0,123,0.0049806266057812725
8468,-0.0225153352480232,0.11124727096844,0.0651972826484959,238,9,9,4,5,0.0005717757723439476
8469,-0.2462503988937346,0.1117303117850219,0.055889389073298,238,5,9,3,11,0.0012722922549661209
8470,0.3464525050526539,0.119372683499013,0.163271206208292,238,16,9,10,3,0.0001254568451823878
8471,0.1754777860511293,0.0503440362940483,0.0123588454985581,238,13,2,0,51,0.002201728852969309
8472,-0.0417331489557848,0.1102420427626089,0.0406602017847354,238,9,9,2,3,0.0003751600164269074
8473,-0.2164663333687905,0.2072659722297776,0.2812322611813096,238,5,18,18,1,9.155645285797259e-06
8474,0.1250576179839023,0.0878371436524504,0.0838499432489636,238,12,6,5,19,0.0008781639312160993
8475,-0.2534127575080664,0.092879749340251,0.0387199256411052,238,5,7,2,24,0.0024001793753435753
8476,0.0492500797787469,0.0697630804054277,0.015353096161758,238,11,4,0,96,0.0038563263286608743
8477,-0.3672304364783887,0.1253061123850974,0.0148703325093057,238,2,10,0,64,0.0027862606231091225
8478,-0.1511541325390915,0.0805076278729901,0.0098860494147866,238,7,5,0,86,0.004462857898018962
8479,0.4272949686203595,0.0270581977739386,0.0060819499000441,238,18,0,0,15,0.0003567083730917672
8480,-0.1319363188313299,0.086137985704089,0.0300180032814359,238,7,6,1,35,0.004354591136495643
8481,0.2906428394142467,0.0441120826601853,0.0079823957149508,238,15,2,0,32,0.001490183960655832
8482,-0.3690032975215402,0.1094000213289308,0.0177831578070182,238,2,8,1,13,0.002881514397028944
8483,0.0063468425344821,0.0607717855707309,0.0023459418753484,238,10,3,0,83,0.003204714279147116
8484,-0.1728539517072651,0.094518618415516,0.0244503596117425,238,6,7,1,34,0.0042053397344584634
8485,-0.1345601531751941,0.0893454242900889,0.0062701475094635,238,7,6,0,105,0.004915439800339099
8486,-0.4090699570967627,0.1050998582255005,0.0121413301399188,238,1,8,0,39,0.0022015621544169703
8487,-0.1798744814381448,0.0944379396913029,0.0016410474627611,238,6,7,0,96,0.004713885748433999
8488,0.1718611495231003,0.0837095234638007,0.0766566641943975,238,13,6,5,13,0.0007739761892615038
8489,-0.3746764528596248,0.1111793403028696,0.0022186785212412,238,2,9,0,92,0.0036402965216667748
8490,-0.2410027302060064,0.1120443157423992,0.0584402197288807,238,5,9,3,11,0.0012722922549661209
8491,-0.3921214055242349,0.1546974850877356,0.1089639745659439,238,2,13,7,1,5.144743965611402e-05
8492,-0.4454490657022302,0.1067690316454861,0.0040915676529602,238,1,8,0,39,0.0022015621544169703
8493,-0.0839981562245151,0.0947059736688551,0.0103715634859774,238,8,7,0,32,0.002863781975607201
8494,-0.2134879268162961,0.0936435243580419,0.0748485631863059,238,5,7,4,4,0.0007545567650281172
8495,-0.3524802325993688,0.1139323900848778,0.052674707937796,238,3,9,3,16,0.0011554300265711247
8496,-0.1622167854483565,0.1547488183837035,0.1580723792987344,238,6,13,10,1,0.00019535757378475978
8497,-0.194908343084069,0.1110003986667169,0.0070873396199118,238,6,9,0,20,0.0017687167254327434
8498,0.1995886962379888,0.0637115258524688,0.0337224946115888,238,14,4,2,15,0.0012844812788815414
8499,0.3259582313938233,0.0651571862596602,0.0548715112957704,238,16,4,3,14,0.0006512937333475906
8500,-0.1457646349679112,0.0821225370387293,0.0294662981618077,238,7,6,1,35,0.004354591136495643
8501,-0.2792256142963514,0.1096592584640651,0.0792771592856733,238,4,8,5,7,0.0005043244782029964
8502,-0.0253519129170655,0.0824178162120158,0.0061232010447115,238,9,6,0,67,0.003528788865454604
8503,0.1656915930929333,0.0432234738148024,0.0032970626595442,238,13,2,0,51,0.002201728852969309
8504,0.1167606283019536,0.0620939059584193,0.0354808697055754,238,12,4,2,30,0.0021432616240922957
8505,0.0855582739424883,0.0690420409743522,0.0206905614945941,238,11,4,1,35,0.00355858256828443
8506,-0.1934191398078218,0.0956554274704502,0.0696861654673705,238,6,7,4,9,0.001004592582867325
8507,0.2103676913803495,0.0621644828553899,0.0267291709112914,238,14,4,1,9,0.0013243774840951577
8508,0.0095379924121547,0.0921281313826801,0.0506311866061025,238,10,7,3,21,0.0013092804382386475
8509,-0.1347728965003723,0.0753332692232606,0.0018605645398525,238,7,5,0,86,0.004462857898018962
8510,-0.0492500797787469,0.0809489596426934,0.009395340976789,238,9,6,0,67,0.003528788865454604
8511,0.1290997411622876,0.0478457577212393,0.0200843168603185,238,12,2,1,6,0.001757520113939135
8512,-0.1156259972343367,0.0849808554096965,0.0218486599300367,238,7,6,1,35,0.004354591136495643
8513,0.0059922703258518,0.1419195148844242,0.1688984018002395,238,10,12,11,4,0.000313596035736237
8514,-0.3853845335602595,0.1018642270188486,0.0045602252272888,238,2,8,0,89,0.003550440087193625
8515,-0.3785058327128319,0.1282935988912137,0.0407341702726034,238,2,10,2,11,0.001473134783876512
8516,-0.1624295287735347,0.0828759796230646,0.0392808201109304,238,6,6,2,15,0.0022845815446225454
8517,0.0986065312200829,0.0931189216855198,0.0684742498513412,238,12,7,4,6,0.0008233196115806856
8518,0.3632592277417296,0.0563190277719725,0.0410673338546131,238,17,3,2,5,0.0005099194301865744
8519,-0.334255221075772,0.1179579053272332,0.0259185008557348,238,3,9,1,37,0.003326167945494541
8520,-0.0443569832996489,0.1036950514545004,0.0812645043476376,238,9,8,5,17,0.0009574163963989238
8521,-0.2990107435379214,0.1097361962714807,0.0490866453348695,238,4,8,3,12,0.0012669446365662046
8522,-0.0918696592561074,0.0726140816975591,0.0058270236330604,238,8,5,0,118,0.004884276702473828
8523,-0.3480126227706271,0.0840618087253413,0.0046065974910559,238,3,6,0,36,0.0023601621856203458
8524,-0.0661277169095486,0.0890988280210609,0.0578287801280254,238,8,6,3,16,0.001552115822956393
8525,-0.3963762720277983,0.1230487671964025,0.0557987476938661,238,2,10,3,13,0.0008397115748875404
8526,0.0149984044250611,0.0798044496816628,0.0122530377261985,238,10,5,0,75,0.003855261700858351
8527,-0.1420770839981562,0.0844954023053324,0.0125009762766561,238,7,6,0,105,0.004915439800339099
8528,0.1946955997588908,0.0485938814816168,0.0057311640728209,238,13,2,0,51,0.002201728852969309
8529,0.1169733716271318,0.0662895789725509,0.0294182081965985,238,12,4,1,39,0.0030492137784899846
8530,-0.0336489025990142,0.0747992582005988,0.0210863969265939,238,9,5,1,43,0.0042530637397620065
8531,0.1622167854483565,0.0605600210372181,0.0213532131750594,238,13,3,1,35,0.0025669641651229784
8532,-0.1609403254972874,0.0846598532421197,0.0123726848360315,238,6,6,0,123,0.0049806266057812725
8533,-0.1937737120164521,0.0924782144531488,0.0374243607834523,238,6,7,2,22,0.002576945851115547
8534,-0.3553168102684111,0.1095008025205676,0.0025921426081428,238,2,8,0,89,0.003550440087193625
8535,-0.2378115803283338,0.1048823891894041,0.0337630830124767,238,5,8,2,23,0.0023032056205181664
8536,0.1934900542495478,0.0521636537689441,0.0139079252779963,238,13,3,0,68,0.0026935169555837167
8537,0.0659149735843704,0.0531964358865277,0.0052438793067767,238,11,3,0,87,0.0035031944625956886
8538,0.080239690813034,0.0658109050512194,0.0080472140865454,238,11,4,0,96,0.0038563263286608743
8539,-0.2611424316562067,0.101746321777169,0.0026453486059096,238,4,8,0,91,0.004483419991872029
8540,-0.1293833989291919,0.0695513127220681,0.0161805978604286,238,7,4,1,13,0.002255601474021136
8541,-0.3791440626883664,0.0932672034088849,0.0199241681106201,238,2,7,1,15,0.002041776405580754
8542,-0.3215615360068077,0.1349827782204765,0.0470676762911742,238,3,11,3,3,0.0006892232622775463
8543,-0.3334042477750593,0.1172546742128947,0.0915275750599263,238,3,9,6,2,0.000274370656776653
8544,-0.00620501365103,0.0652432615994206,0.008449261118324,238,9,4,0,110,0.004292388740450521
8545,0.2653263837180441,0.0589775483000513,0.045416429693646,238,15,3,2,24,0.0010910017256819872
8546,-0.1242775591249157,0.0692931819501693,0.0063510708248299,238,7,4,0,53,0.0027892752163863077
8547,-0.219586568804737,0.1185024108803615,0.0063516779293978,238,5,9,0,34,0.002548715097143437
8548,-0.3816260681487785,0.1457683755902681,0.0074265436641373,238,2,12,0,5,0.0006954594832814585
8549,-0.0213097897386802,0.0777616646564894,0.0146580849417071,238,9,5,0,128,0.00475484797010613
8550,-0.0151402333085132,0.0926002394259247,0.0466362850913949,238,9,7,3,16,0.0014739189266975681
8551,0.3442541573591461,0.0298373719435979,0.0085825897514876,238,16,0,0,4,0.000624603100434902
8552,-0.2914938127149594,0.1101500179742928,0.0014291952927486,238,4,9,0,63,0.0032442879918447966
8553,-0.1150586817005282,0.0972047682674466,0.0405275590093815,238,7,7,2,26,0.002471827272074585
8554,-0.0664822891181789,0.0828518706023017,0.0313135093833047,238,8,6,2,25,0.0025738901815202356
8555,-0.0264156295429564,0.1866876124405531,0.2372650050063937,238,9,16,15,2,8.568680570554097e-05
8556,0.1907953054639577,0.0401915973696267,0.0050152031145488,238,13,1,0,9,0.0010668379852861295
8557,0.185051235684147,0.0672887143949536,0.0083605487599287,238,13,4,0,10,0.0019536726542821745
8558,0.1322908910399602,0.0688795245038586,0.0362012813872864,238,12,4,2,30,0.0021432616240922957
8559,-0.3691451264049923,0.090362188362526,0.0143296921075534,238,2,7,0,52,0.002597604187038845
8560,-0.1954047441761514,0.0770691578161092,0.0086840145446878,238,6,5,0,87,0.0037737578394178533
8561,0.0591071871786689,0.0652707733229383,0.0123651896921067,238,11,4,0,96,0.0038563263286608743
8562,-0.0415913200723327,0.0764125396876473,0.0152076469080257,238,9,5,0,128,0.00475484797010613
8563,-0.0241463674077225,0.0767170127768299,0.0063066700354216,238,9,5,0,128,0.00475484797010613
8564,-0.2130624401659397,0.0992278904539116,0.0316099474983099,238,5,7,2,24,0.0024001793753435753
8565,0.0620855937311633,0.0695065426629852,0.0181879970293086,238,11,4,1,35,0.00355858256828443
8566,-0.1632095876325213,0.1340763343321578,0.0953464333974504,238,6,11,6,5,0.00043746248182066313
8567,0.2918483849235896,0.0652697387378915,0.0404587089915676,238,15,4,2,9,0.0008663990284854951
8568,-0.3787894904797361,0.1133947042601951,0.0324531454545233,238,2,9,2,15,0.001644406735155633
8569,0.0443569832996489,0.0635326516014026,0.031372209607191,238,10,4,2,18,0.0020621544372435682
8570,-0.171435662872744,0.0913795670872778,0.0051384088379793,238,6,7,0,96,0.004713885748433999
8571,-0.1906534765805056,0.1220119705545775,0.1202570552800749,238,6,10,7,10,0.0006562367513300406
8572,-0.4336772683757046,0.13833079638979,0.0304885395189114,238,1,11,1,21,0.0014808047137841256
8573,0.0838563273410629,0.0518141103014275,0.033885396280559,238,11,3,2,2,0.0014256844874780486
8574,-0.0362727369428784,0.0894637131793393,0.0126155346452906,238,9,6,0,67,0.003528788865454604
8575,-0.1983122362869198,0.137326040369532,0.1001703515510214,238,6,11,6,5,0.00043746248182066313
8576,-0.2385916391873204,0.1086270628224462,0.0371177378927367,238,5,8,2,23,0.0023032056205181664
8577,0.3636137999503598,0.0640503905591172,0.0655173398375602,238,17,4,4,12,0.0004113184296377977
8578,-0.0044321526078785,0.0694036459462177,0.0144533131048379,238,9,4,0,110,0.004292388740450521
8579,0.0718717866893592,0.0775776847754645,0.0313834063852048,238,11,5,2,24,0.0022595098618287553
8580,-0.1205190937134347,0.0995103492834811,0.0055043365929622,238,7,7,0,75,0.003922112144946418
8581,-0.1388859341204836,0.0745755633163704,0.002353401215852,238,7,5,0,86,0.004462857898018962
8582,-0.1754068716094032,0.0958082743728577,0.0388844924284061,238,6,7,2,22,0.002576945851115547
8583,-0.2627734638159061,0.1121507536490932,0.045305051375685,238,4,9,2,13,0.001982695041022654
8584,-0.2533418430663404,0.1252792655263814,0.0339489215605089,238,5,10,2,11,0.0011077952279815915
8585,0.0523703152146934,0.0609740492206866,0.0055430721746783,238,11,3,0,87,0.0035031944625956886
8586,0.3097897386802822,0.1454529750973048,0.1991929695600578,238,16,12,13,1,4.488022916579641e-05
8587,-0.2558238485267524,0.1124220820138403,0.0712381747833653,238,4,9,4,13,0.000926153521380232
8588,-0.2089494025458284,0.0752539372942312,0.0251572049818961,238,5,5,1,12,0.0022323785997296892
8589,-0.0956990391093146,0.10034626191813,0.0029724979402203,238,8,8,0,11,0.0013733754699129929
8590,0.1617203843562741,0.0575726668705846,0.0163854470945174,238,13,3,1,35,0.0025669641651229784
8591,0.1894479310711626,0.084943527992486,0.0973968071034052,238,13,6,6,5,0.00052772168952842
8592,-0.1255540190759848,0.1958803698585475,0.2634719474946132,238,7,17,17,1,2.3695501314945694e-05
8593,-0.0895294826791475,0.0876219889704058,0.0018137841516231,238,8,6,0,87,0.004426521123504939
8594,-0.3867319079530546,0.1123130276385984,0.0129052684730297,238,2,9,0,92,0.0036402965216667748
8595,0.0584689572031344,0.0690039695133307,0.0511910866045973,238,11,4,3,9,0.0011639758538687635
8596,-0.3941779243342906,0.0936664169953605,0.0097657632731974,238,2,7,0,52,0.002597604187038845
8597,-0.0149984044250611,0.0872343595060527,0.0535162139449908,238,9,6,3,22,0.0016882375614213183
8598,-0.1312980888557954,0.1719080995960562,0.2107457365150247,238,7,15,13,3,0.00011829151115213029
8599,0.0704534978548381,0.0511063896716798,0.004914439705808,238,11,2,0,18,0.0018657310811233557
8600,-0.2844732829840797,0.0895504563344865,0.0204403823674864,238,4,6,1,14,0.002774995476257176
8601,0.0681133212778782,0.0595702707159931,0.0139427248556972,238,11,3,0,87,0.0035031944625956886
8602,-0.340353863064213,0.0977016268237205,0.0022322648565724,238,3,7,0,83,0.0037735571101525844
8603,0.0527248874233237,0.0599248058879885,0.001865208415536,238,11,3,0,87,0.0035031944625956886
8604,0.0440024110910186,0.111213224950628,0.1012552702256126,238,10,9,6,13,0.0007544960516155897
8605,-0.111016558522143,0.1741022988229951,0.220739916512038,238,7,15,14,1,9.743736669743004e-05
8606,-0.1103074141048824,0.1180139686877199,0.0684431054644306,238,7,9,4,17,0.0009932687448377788
8607,-0.0883239371698046,0.1308938548355379,0.122816493593914,238,8,11,8,16,0.0005696293568104668
8608,-0.2833386519164627,0.1098336179296279,0.0662293327381301,238,4,9,4,13,0.000926153521380232
8609,0.1049888309754281,0.0686020720189584,0.003002835119064,238,12,4,0,46,0.003005418736203267
8610,0.1913626209977662,0.0408078143747469,0.0044820644941214,238,13,1,0,9,0.0010668379852861295
8611,-0.0195369286955288,0.0747196968220532,0.0410721365823035,238,9,5,2,19,0.0025021876125847424
8612,-0.0906641137467645,0.0763612932434122,0.002134527076322,238,8,5,0,118,0.004884276702473828
8613,-0.0126582278481012,0.084443814574707,0.0157423923772434,238,9,6,1,35,0.003457223377569426
8614,-0.1206609225968868,0.1221183939437909,0.0515462511559583,238,7,10,3,3,0.0005009984999093254
8615,0.3259582313938233,0.0361357825705395,0.0165322204498109,238,16,1,1,6,0.000947826424712255
8616,-0.3942488387760167,0.1271558159006498,0.0146625900464671,238,2,10,0,64,0.0027862606231091225
8617,0.0874729638690919,0.0937270673562746,0.0805953480645552,238,11,7,5,17,0.0010146204443782594
8618,0.128319682303301,0.0707672828119708,0.0258754408797772,238,12,4,1,39,0.0030492137784899846
8619,-0.1929227387157394,0.123849296043647,0.0222433400995145,238,6,10,1,6,0.0008437369395171136
8620,-0.0989611034287132,0.1492209890305942,0.1770702059332232,238,8,13,11,6,0.0002451231979308423
8621,-0.445307236818778,0.1113276148588073,0.0093409870561078,238,1,9,0,77,0.0026736108853416024
8622,-0.1530688224656951,0.0625316909237528,0.0149554995603892,238,7,4,0,53,0.0027892752163863077
8623,0.223274119774492,0.0533609663663651,0.0137531889601095,238,14,3,0,25,0.0018030019399556335
8624,0.1405169662801829,0.0975566623127436,0.0855159347372938,238,12,7,5,15,0.0009148081068238731
8625,-0.2019997872566747,0.143486638312447,0.090349341696786,238,6,12,5,1,0.0001316662109987256
8626,-0.0044321526078785,0.0917851749397134,0.0853928861776004,238,9,7,5,11,0.0008999656682911266
8627,-0.0510229408218983,0.0795425011305601,0.0161572066935656,238,9,5,1,43,0.0042530637397620065
8628,0.3017764067652376,0.0518905819699569,0.0190470132049149,238,16,3,1,4,0.0007739126052313934
8629,-0.0252809984753394,0.0799526623532851,0.0461756920510348,238,9,5,3,7,0.0013491537670559449
8630,0.3731872495833775,0.0333729134519553,0.0197888508166917,238,17,1,1,15,0.0007078839229582325
8631,-0.3139027763003935,0.106951989345432,0.0113516021792672,238,3,8,0,100,0.004333383064151017
8632,0.0577598127858738,0.082801647551243,0.0302838293255871,238,11,6,1,6,0.0015417227136870053
8633,-0.3771584583200368,0.1422806047528576,0.0362200797432136,238,2,12,2,5,0.0005555440900709168
8634,0.0858419317093926,0.1392284566986746,0.1738672103547044,238,11,12,11,8,0.00032097752887019136
8635,0.1442045172499379,0.1236603112878083,0.1534670461645987,238,12,10,10,2,0.0002236753140662197
8636,0.0670496046519873,0.1094290377615004,0.0971104459922304,238,11,8,6,14,0.0008546697678377422
8637,0.3278020068787008,0.0480608336628819,0.018163678605297,238,16,2,1,18,0.0010750831663844517
8638,-0.2132042690493918,0.1031057569548637,0.0531350674991035,238,5,8,3,9,0.0014604412928409406
8639,-0.0878984505194482,0.0900727182167171,0.0123287976065359,238,8,6,0,87,0.004426521123504939
8640,-0.4158068290607382,0.1102705144298192,0.0089190545952705,238,1,9,0,77,0.0026736108853416024
8641,-0.2051909371343473,0.093385386816915,0.0051357079034489,238,5,7,0,118,0.004976576343704583
8642,0.1412261106974435,0.0933500139377767,0.1039816144459994,238,12,7,6,11,0.0007591427528610176
8643,-0.2288763606708505,0.081476829211662,0.0108116789347454,238,5,6,0,104,0.004457874728275953
8644,-0.1876750700280111,0.0959928804848094,0.0568201763697451,238,6,7,3,27,0.001618208133972155
8645,-0.418147005637698,0.1120623355225051,0.0231878154768259,238,1,9,1,18,0.0021988824875441887
8646,-0.2486614899124206,0.1122005343766357,0.0118439501953909,238,5,9,0,34,0.002548715097143437
8647,-0.0034393504237137,0.0741579959948495,0.0191854971504853,238,9,5,1,43,0.0042530637397620065
8648,0.1069035209020316,0.0529620424609062,0.0101446432567339,238,12,3,0,112,0.0033545247846789965
8649,-0.4043896039428428,0.107960284519833,0.0025892315159107,238,2,8,0,89,0.003550440087193625
8650,-0.1244193880083679,0.066894111146886,0.0088882550647967,238,7,4,0,53,0.0027892752163863077
8651,-0.1690954862957841,0.0840220603337726,0.0088814927813987,238,6,6,0,123,0.0049806266057812725
8652,-0.3510619437648477,0.1291726967572303,0.1023501989761697,238,3,10,6,7,0.0003334749144724646
8653,0.1891642733042584,0.0472336776264497,0.0164823337723211,238,13,2,1,8,0.0018549087750108126
8654,-0.2324220827571534,0.1149168750266906,0.0746879898391629,238,5,9,4,13,0.001032141634315045
8655,0.1634223309576995,0.051183347360323,0.018245339760245,238,13,2,1,8,0.0018549087750108126
8656,0.2101549480551714,0.0625302403678605,0.0195885523044253,238,14,4,1,9,0.0013243774840951577
8657,-0.2507180087224763,0.084255266632247,0.0264860726092854,238,5,6,1,26,0.0036553501392859243
8658,-0.2426337623657057,0.1602405884009305,0.1866703687574619,238,5,14,12,4,0.00013714669234294333
8659,-0.2741906889338013,0.0929213405919316,0.0205858974060618,238,4,7,1,28,0.0038455970181802803
8660,0.0277630039357515,0.0636971822774955,0.0252745986794644,238,10,4,1,35,0.00376178763264307
8661,0.1905116476970534,0.0541955600153082,0.004712897238339,238,13,3,0,68,0.0026935169555837167
8662,0.0261319717760521,0.0795068332797175,0.0524252710901555,238,10,5,3,16,0.0015634415710051469
8663,-0.3113498563982554,0.1042692431693247,0.0030559464814807,238,3,8,0,100,0.004333383064151017
8664,-0.185051235684147,0.0895235455501216,0.0104911810620955,238,6,6,0,123,0.0049806266057812725
8665,-0.1818600858064744,0.0921490887814425,0.0067384315851735,238,6,7,0,96,0.004713885748433999
8666,0.0610927915469985,0.0598435503549241,0.0009686391176899,238,11,3,0,87,0.0035031944625956886
8667,-0.1959011452682338,0.1011959525157424,0.0296509906295384,238,6,8,1,25,0.003122502696240139
8668,0.0203879019962415,0.0689189756993285,0.0131229789353253,238,10,4,0,104,0.004355003298635465
8669,-0.3148246640428322,0.1184564704696769,0.0477456278983528,238,3,9,3,16,0.0011554300265711247
8670,0.2349040882175654,0.0424964989347675,0.0073405254128119,238,14,2,0,63,0.001936958343928828
8671,0.3646066021345246,0.0302926403055078,0.0042258428922737,238,17,0,0,15,0.0005505446427089447
8672,0.1931354820409176,0.0742341540488764,0.0530424543234533,238,13,5,3,23,0.0012615436760510372
8673,0.1127185051235684,0.0837469933354976,0.041325795433761,238,12,6,2,6,0.00114301651556474
8674,-0.3795695493387228,0.1058398810046181,0.0027556038000255,238,2,8,0,89,0.003550440087193625
8675,-0.1883842144452717,0.1166952038044628,0.0076540544984527,238,6,9,0,20,0.0017687167254327434
8676,0.1398787363046484,0.0680578793355232,0.0346704992923489,238,12,4,2,30,0.0021432616240922957
8677,-0.291068326064603,0.1117000556976543,0.022295510440972,238,4,9,1,33,0.00306687553510888
8678,-0.1840584334999822,0.0811393488727941,0.0045298534597879,238,6,6,0,123,0.0049806266057812725
8679,-0.1822855724568308,0.0955409862072673,0.0613883824246827,238,6,7,4,9,0.001004592582867325
8680,-0.1511541325390915,0.0862793373149893,0.0045192503628521,238,7,6,0,105,0.004915439800339099
8681,0.0976846434776442,0.0611983745780075,0.024215499323848,238,12,4,1,39,0.0030492137784899846
8682,0.138176789703223,0.0490915510303079,0.0031399748305702,238,12,2,0,34,0.0021758371823757663
8683,0.082721696273446,0.0697697088708616,0.0591629284957615,238,11,4,3,9,0.0011639758538687635
8684,-0.2470304577527213,0.1211188353860846,0.0190998274793673,238,5,10,1,9,0.0013273729928213807
8685,-0.1656206786512072,0.0867505709497988,0.0244738316423071,238,6,6,1,30,0.004217975956735463
8686,0.0045739814913307,0.0606089848063025,0.0036919423181288,238,10,3,0,83,0.003204714279147116
8687,0.044498812183101,0.0577114691694056,0.0033911005403421,238,10,3,0,83,0.003204714279147116
8688,0.1637769031663297,0.0689578420479825,0.0191286748238189,238,13,4,1,27,0.002211503016508247
8689,0.2507180087224763,0.0920291160823525,0.0912814195796429,238,15,7,5,2,0.0002560206660312277
8690,-0.3381555153707052,0.0980243228200916,0.0085789790933412,238,3,7,0,83,0.0037735571101525844
8691,0.3334751622167854,0.042819439306722,0.0365205652119009,238,16,2,2,9,0.0007651371141647444
8692,-0.1318654043896039,0.1163354764351439,0.102471731640831,238,7,9,6,13,0.0008976724089664401
8693,-0.1741304116583342,0.0951728773271314,0.0257842777280901,238,6,7,1,34,0.0042053397344584634
8694,0.1907953054639577,0.0520429333661067,0.0314620851908746,238,13,3,2,12,0.0015635494242541884
8695,-0.1021522533063858,0.0964100531750702,0.0231818797713012,238,8,7,1,25,0.0028794895434652297
8696,-0.0342871325745488,0.0842640494346177,0.0304012351815283,238,9,6,1,35,0.003457223377569426
8697,0.1995886962379888,0.1729469045732636,0.2369711948106485,238,14,15,15,1,3.501716533321605e-05
8698,-0.1481757259865971,0.0722266197356135,0.002864931546026,238,7,5,0,86,0.004462857898018962
8699,0.0817998085310073,0.0717171231640138,0.0135919612446377,238,11,5,0,31,0.0026768986373174324
8700,-0.0964790979683012,0.1273281102459595,0.1258517460558718,238,8,10,8,7,0.0006149480491235002
8701,-0.2286636173456724,0.1123899968660509,0.0095466339176466,238,5,9,0,34,0.002548715097143437
8702,0.0531503740736801,0.0639191377513505,0.03448163358588,238,11,4,2,22,0.0021938763198335637
8703,0.4455908945856823,0.0659841463689994,0.0792050483322179,238,18,4,5,3,0.00015717184078899922
8704,-0.1230010991738467,0.0837896682514165,0.0298271575574697,238,7,6,1,35,0.004354591136495643
8705,-0.4397759103641455,0.1309734169099112,0.0382477696565248,238,1,11,2,11,0.0008562449645723883
8706,-0.0260610573343261,0.0916805786468813,0.0226125401568158,238,9,7,1,14,0.0019806186229034644
8707,-0.3509201148813956,0.1218607205812214,0.0550425940551768,238,3,10,3,10,0.0010090003136682217
8708,0.0170549232351168,0.1041878471602465,0.0401116197775372,238,10,8,2,2,0.0005374032737133675
8709,-0.0788214019785129,0.1076352061458683,0.1123956609818106,238,8,8,7,3,0.000496614612967478
8710,-0.3187958727794915,0.1570752501069404,0.1738970720623188,238,3,13,11,2,6.628042472148191e-05
8711,-0.3526220614828209,0.0962564484837495,0.0112722748818709,238,3,7,0,83,0.0037735571101525844
8712,-0.1773215615360067,0.1152739685413135,0.0026003816589265,238,6,9,0,20,0.0017687167254327434
8713,0.414388540226217,0.061149782643152,0.0587497083249284,238,18,4,3,1,0.0002052249475860666
8714,-0.0946353224834237,0.0665232414437008,0.0158178922880251,238,8,4,1,19,0.0029757617683365627
8715,-0.2786582987625429,0.1174006978607801,0.0053877432760707,238,4,9,0,63,0.0032442879918447966
8716,-0.1753359571676771,0.0974554313279302,0.0060103312542533,238,6,7,0,96,0.004713885748433999
8717,0.099953905612878,0.0568968050470753,0.0130022293550677,238,12,3,0,112,0.0033545247846789965
8718,0.071588128922455,0.0762870410949434,0.0355730402508896,238,11,5,2,24,0.0022595098618287553
8719,-0.3231216537247809,0.0965923360311587,0.0115583645266723,238,3,7,0,83,0.0037735571101525844
8720,0.1685990852037017,0.0733448797693048,0.0501222746509286,238,13,5,3,23,0.0012615436760510372
8721,-0.3061021877105272,0.0976689170765381,0.0050027639827652,238,3,7,0,83,0.0037735571101525844
8722,-0.076481225401553,0.0726234641817948,0.0090460034458225,238,8,5,0,118,0.004884276702473828
8723,-0.3414175796901038,0.0925605069119428,0.0037479341815345,238,3,7,0,83,0.0037735571101525844
8724,0.1022940821898379,0.0495529093308112,0.00306636648468,238,12,2,0,34,0.0021758371823757663
8725,-0.0215225330638584,0.1006884649038278,0.0929832222447973,238,9,8,6,9,0.0008307097466969611
8726,-0.2509307520476544,0.1281600181719867,0.1073924163713172,238,5,10,7,7,0.0005319253452796087
8727,-0.229443676204659,0.1168240636424609,0.0458576193418071,238,5,9,2,12,0.00176205040904918
8728,-0.1454100627592809,0.0674569545871732,0.0277272215741168,238,7,4,1,13,0.002255601474021136
8729,-0.2000850973300712,0.1136564541506219,0.0038187106253192,238,6,9,0,20,0.0017687167254327434
8730,-0.4407687125483103,0.1159231651018141,0.0390235516635428,238,1,9,2,5,0.0010601492649111527
8731,-0.1213700670141474,0.0806992745460885,0.0245277853872823,238,7,6,1,35,0.004354591136495643
8732,-0.2012906428394142,0.075826595788584,0.0047832041704475,238,6,5,0,87,0.0037737578394178533
8733,-0.1120093607063078,0.0912633537665306,0.0532826548165877,238,7,7,3,28,0.0017006627136119561
8734,0.1216537247810516,0.0887817606234355,0.0859535114479964,238,12,6,5,19,0.0008781639312160993
8735,0.0131546289401836,0.1067672810785658,0.1035100371537777,238,10,8,6,15,0.0008757743252029102
8736,0.1420770839981562,0.0630756897194383,0.038396475715787,238,12,4,2,30,0.0021432616240922957
8737,-0.286104315143779,0.1215119033193926,0.057778038888223,238,4,10,3,9,0.0010100687867596464
8738,0.0707371556217423,0.0770156475379633,0.0526821921507146,238,11,5,3,16,0.0015976535184731248
8739,-0.4531078254086443,0.123611762749874,0.0069239174708673,238,1,10,0,58,0.0024176974686684533
8740,-0.1863986100769421,0.0996509993007101,0.0014179606962947,238,6,7,0,96,0.004713885748433999
8741,-0.0457752721341701,0.083920121930902,0.0084300398970717,238,9,6,0,67,0.003528788865454604
8742,-0.3789313193631882,0.1387944816845828,0.1053921991553317,238,2,11,6,2,0.00014328693205885556
8743,0.1153423394674325,0.1188299332560344,0.136343637417077,238,12,9,8,7,0.00044492125945252525
8744,0.0268411161933127,0.0812839583425231,0.0251535800616336,238,10,6,1,19,0.0024793188556417934
8745,-0.0179768109775555,0.0789427496541428,0.0223845144088519,238,9,5,1,43,0.0042530637397620065
8746,-0.230649221714002,0.0960695531784849,0.0039419490238894,238,5,7,0,118,0.004976576343704583
8747,0.1574655178527106,0.0871388701699438,0.0778170956551749,238,13,6,5,13,0.0007739761892615038
8748,0.0174804098854731,0.1059055812394081,0.1019449450955154,238,10,8,6,15,0.0008757743252029102
8749,0.0232953941070098,0.1125250793650024,0.096643858712582,238,10,9,6,13,0.0007544960516155897
8750,0.1594511222210403,0.0654145018723347,0.0360754840622054,238,13,4,2,27,0.0017949624306630315
8751,-0.3123426585824203,0.1133081956107473,0.0048126550424765,238,3,9,0,69,0.003704547569987754
8752,-0.3388646597879657,0.1122852072023925,0.0019792846097989,238,3,9,0,69,0.003704547569987754
8753,0.296032336985427,0.0430231019224561,0.0180152380617235,238,15,2,1,18,0.00142560135977588
8754,-0.083927241782789,0.075980050423909,0.0019645908494815,238,8,5,0,118,0.004884276702473828
8755,-0.1481757259865971,0.0838139360935242,0.0033569414751389,238,7,6,0,105,0.004915439800339099
8756,0.0812324929971988,0.0846051057303067,0.0896645038261136,238,11,6,5,8,0.0008399858394636375
8757,0.2605751161223983,0.124243804511014,0.1684427233935457,238,15,10,11,2,0.00010567040955792004
8758,-0.3875828812537673,0.1036621752610876,0.0056916604440235,238,2,8,0,89,0.003550440087193625
8759,-0.3370917987448143,0.1126921226607456,0.0022337699185711,238,3,9,0,69,0.003704547569987754
8760,-0.1154841683508846,0.0719145660098468,0.0297162702719475,238,7,5,1,35,0.003768331523905521
8761,0.0143601744495266,0.0809279924744683,0.0431320687830722,238,10,6,2,24,0.0021178534085580414
8762,-0.1300925433464524,0.1202688212757798,0.1077060955370826,238,7,10,7,6,0.0007243267117017542
8763,-0.2742616033755273,0.0868079770425001,0.0247286491890369,238,4,6,1,14,0.002774995476257176
8764,0.3236889692585895,0.1015598201697709,0.1307796691142473,238,16,8,8,5,0.00022595425613333912
8765,0.2221394887068751,0.0623928316825602,0.0510070849911542,238,14,4,3,13,0.001024868986996489
8766,-0.1039960287912633,0.0835571945913365,0.0009702171819675,238,7,6,0,105,0.004915439800339099
8767,-0.2510725809311065,0.1181368559893221,0.0319833477489328,238,5,9,2,12,0.00176205040904918
8768,0.2378824947700598,0.0649633042677493,0.0759206501252391,238,14,4,4,6,0.0006609381651936833
8769,0.2724178278906499,0.0939916360547692,0.1086075165956284,238,15,7,7,8,0.0003388049578936866
8770,-0.4077225827039676,0.130228594921417,0.0176773789645545,238,1,11,1,21,0.0014808047137841256
8771,-0.0991029323121653,0.0991681714752868,0.0642719393585393,238,8,7,4,17,0.0011918988240630826
8772,-0.1898734177215189,0.1290727987737595,0.0096627232012489,238,6,10,0,5,0.0007275640913533451
8773,-0.2748289189093358,0.1333918291115286,0.1575723570409045,238,4,11,10,1,8.584480671431553e-05
8774,0.0095379924121547,0.0521843770851483,0.0048543630256029,238,10,3,0,83,0.003204714279147116
8775,-0.07527567989221,0.1294420585488876,0.1283072207780965,238,8,11,8,16,0.0005696293568104668
8776,0.3460270184022975,0.040125553551534,0.0098034698232935,238,16,1,0,44,0.0011029673443555539
8777,0.0089706768783462,0.0588727288445519,0.0154318109572692,238,10,3,0,83,0.003204714279147116
8778,-0.2440520512002268,0.1162299490571818,0.0108957383951419,238,5,9,0,34,0.002548715097143437
8779,-0.0830762684820763,0.0946556193562517,0.0268750626573122,238,8,7,1,25,0.0028794895434652297
8780,-0.2919192993653157,0.1264796695820931,0.0611247850382914,238,4,10,4,10,0.0007531324760669358
8781,-0.151792362514626,0.0987770927551275,0.0123682013688462,238,7,7,0,75,0.003922112144946418
8782,0.2263943552104385,0.053110784161494,0.0344922852314319,238,14,3,2,20,0.001345194623171677
8783,-0.0375491968939474,0.1006932466161638,0.0552138400586195,238,9,8,3,7,0.0009415404020712165
8784,0.1781016203949934,0.0653355355468163,0.0281638929243769,238,13,4,1,27,0.002211503016508247
8785,0.1467574371520759,0.0723941644534637,0.0406272948118831,238,12,5,2,36,0.001907366235161121
8786,-0.1415097684643477,0.1056524448686063,0.0093178764851276,238,7,8,0,22,0.0023093496379671427
8787,-0.1152714250257064,0.1015827636662156,0.0803469255461108,238,7,8,5,11,0.000992393730641657
8788,-0.2802184164805162,0.0840367709894874,0.0066513645996125,238,4,6,0,60,0.003468743098616289
8789,-0.1320781477147821,0.0844691236864642,0.0015444049544139,238,7,6,0,105,0.004915439800339099
8790,-0.061731021522533,0.1722923292421941,0.2282254529801302,238,8,15,14,2,0.00011471830370516435
8791,-0.0652767436088359,0.0912271648253946,0.0133415717041961,238,8,7,0,32,0.002863781975607201
8792,-0.2410027302060064,0.1104233530463724,0.0787071146565966,238,5,9,5,9,0.0008369087035700342
8793,0.1300925433464524,0.1031915917833768,0.1015520697918542,238,12,8,6,17,0.0007219739687309315
8794,-0.0327270148565755,0.1522846208551049,0.1829368893116116,238,9,13,12,4,0.00021610544271692483
8795,0.0679005779527,0.0779533173963556,0.0402886578686281,238,11,5,2,24,0.0022595098618287553
8796,-0.2044108782753607,0.1666957241205919,0.1706489889254219,238,5,14,11,1,0.00011648984519654132
8797,-0.2185228521788462,0.1061626269799109,0.007306389503715,238,5,8,0,70,0.004087396103385501
8798,-0.4184306634046023,0.1253034679553936,0.001903385006709,238,1,10,0,58,0.0024176974686684533
8799,-0.3475871361202708,0.0977888368613211,0.0082601043081584,238,3,7,0,83,0.0037735571101525844
8800,0.2686593624791688,0.0580305251869437,0.0545038054572145,238,15,3,3,4,0.0007382137347438163
8801,0.3164556962025315,0.1014353421321647,0.1285583117058533,238,16,8,8,5,0.00022595425613333912
8802,0.282416764174024,0.049116145399058,0.0290003116265035,238,15,2,1,18,0.00142560135977588
8803,-0.3152501506931886,0.1069985458760886,0.072265877046295,238,3,8,4,6,0.0005850119732201881
8804,0.0199624153458851,0.0875458548469267,0.074951396856753,238,10,6,4,15,0.0012094322560504275
8805,0.1773924759777328,0.0457250625123587,0.0116019393677009,238,13,2,0,51,0.002201728852969309
8806,-0.0066305003013863,0.0725562531387161,0.0070381491316645,238,9,5,0,128,0.00475484797010613
8807,-0.1364748431017976,0.0874899216038609,0.0715289593547213,238,7,6,4,2,0.0007518161127315126
8808,-0.3128390596745026,0.1039383749555893,0.0629882257044603,238,3,8,4,6,0.0005850119732201881
8809,-0.3646775165762507,0.0915553975505164,0.0053091000188626,238,2,7,0,52,0.002597604187038845
8810,-0.3874410523703152,0.1392359233266009,0.0297292435108524,238,2,12,1,3,0.0007209288860868417
8811,-0.2551147041094918,0.1226118494819474,0.0018540525294759,238,4,10,0,10,0.0017092288079863843
8812,-0.0377619402191256,0.0720243255585754,0.0225384027655552,238,9,5,1,43,0.0042530637397620065
8813,0.3931851221501258,0.0888945352752447,0.1165499407488377,238,17,6,7,2,0.0001628687499540989
8814,-0.0435060099989362,0.0990554058052927,0.0286114171942937,238,9,7,1,14,0.0019806186229034644
8815,0.3714853029819522,0.034822523996095,0.0043943236046803,238,17,1,0,23,0.0007836667221217257
8816,-0.1404460518384568,0.1131771140837245,0.1135596724176899,238,7,9,7,11,0.0006895840231845074
8817,-0.335460766585115,0.1025375084395992,0.0171539949898903,238,3,8,1,24,0.003650412738886289
8818,-0.1592383788958621,0.1395606797722538,0.1546434549699723,238,6,12,10,3,0.0002502660905049462
8819,-0.2846151118675318,0.1187112990913033,0.0177615936317478,238,4,9,1,33,0.00306687553510888
8820,-0.2014324717228663,0.1503140269844048,0.1148816481842285,238,6,13,7,1,8.63901438914084e-05
8821,0.4092827004219408,0.0988312179167079,0.131367103713978,238,18,7,8,3,8.597711088650172e-05
8822,-0.1622167854483565,0.0987424719741669,0.0037696218272952,238,6,7,0,96,0.004713885748433999
8823,-0.271283196823033,0.0869198303898286,0.0210572927879614,238,4,6,1,14,0.002774995476257176
8824,-0.281282133106407,0.0844744116453642,0.0368408704697415,238,4,6,2,8,0.0013129152342475894
8825,-0.0412367478637024,0.0824309285673201,0.0564618832123176,238,9,6,3,22,0.0016882375614213183
8826,-0.2648299826259617,0.128809022679553,0.0189780214908792,238,4,10,1,11,0.0018171377599596609
8827,0.1390986774456618,0.0825468623665594,0.0718158935258081,238,12,6,4,12,0.0010868341343686872
8828,-0.0691770379037691,0.1207672351871801,0.1195532094004176,238,8,10,7,10,0.0007142533272646659
8829,-0.0948480658086019,0.1008506635526064,0.0188881800723633,238,8,8,1,11,0.0015147342647100137
8830,0.1249867035421763,0.0591872440494209,0.0006716991781343,238,12,3,0,112,0.0033545247846789965
8831,-0.0273375172853951,0.0650563087043312,0.0102533927067203,238,9,4,0,110,0.004292388740450521
8832,0.057972556111052,0.0564679865692071,0.0058646637633309,238,11,3,0,87,0.0035031944625956886
8833,0.0105307945963195,0.0722965411761353,0.0049449732121782,238,10,5,0,75,0.003855261700858351
8834,-0.1867531822855724,0.128811148813134,0.0788722372419755,238,6,10,5,6,0.0007031740076459483
8835,-0.2982306846789348,0.1186306414514944,0.0224211622640752,238,4,9,1,33,0.00306687553510888
8836,0.0055667836754955,0.0990367514167997,0.0978909687873296,238,10,7,6,6,0.0006864075408236783
8837,-0.2829840797078324,0.1161057209453004,0.0817625410937146,238,4,9,5,6,0.000665205753037138
8838,0.0002482005460412,0.0799871087985218,0.0174664980893632,238,10,5,1,35,0.003681177079075407
8839,0.0023047193560968,0.0652514287171268,0.0182847137833776,238,10,4,1,35,0.00376178763264307
8840,0.0270538595184909,0.0827264791950058,0.0463200989238222,238,10,6,3,31,0.0017261073251220965
8841,-0.0479736198276779,0.1079121005639868,0.0629668136250614,238,9,8,4,5,0.0009648211838554239
8842,-0.1991632095876324,0.0823751563435743,0.0031414916580804,238,6,6,0,123,0.0049806266057812725
8843,-0.104917916533702,0.1155596395529565,0.0696346394462621,238,7,9,4,17,0.0009932687448377788
8844,0.080239690813034,0.0652188640721672,0.021379376535312,238,11,4,1,35,0.00355858256828443
8845,-0.2017161294897705,0.0919822466518927,0.0341843729168254,238,6,7,2,22,0.002576945851115547
8846,-0.1412970251391695,0.0805880671194192,0.0009331850517111,238,7,6,0,105,0.004915439800339099
8847,-0.0564124383930787,0.0950214495236332,0.0787236851904113,238,8,7,5,6,0.0008172125207767491
8848,-0.1285324256284792,0.0957379865346131,0.0573391816959059,238,7,7,3,28,0.0017006627136119561
8849,0.0930752047654504,0.0654952047884486,0.0108710830547291,238,11,4,0,96,0.0038563263286608743
8850,-0.1407297096053611,0.0996487382343572,0.0410155920729033,238,7,7,2,26,0.002471827272074585
8851,0.0237917951990922,0.0580836109150989,0.0104834913116603,238,10,3,0,83,0.003204714279147116
8852,-0.0959826968762188,0.1115263306207499,0.0839011622021611,238,8,9,5,3,0.0008329680822776798
8853,0.1089600397120873,0.1029158871073008,0.1042924855144426,238,12,8,6,17,0.0007219739687309315
8854,0.3119171719320639,0.0514319881660735,0.0169307179132593,238,16,3,1,4,0.0007739126052313934
8855,-0.0899549693295039,0.0765856952629151,0.0121944083509484,238,8,5,0,118,0.004884276702473828
8856,0.0810906641137467,0.0668800239011797,0.0137846906039248,238,11,4,0,96,0.0038563263286608743
8857,0.0245009396163528,0.0810176401449825,0.0450711649386502,238,10,6,2,24,0.0021178534085580414
8858,-0.1986668084955501,0.1075553340530167,0.0695768864559492,238,6,8,4,11,0.0012040164928400956
8859,0.1678899407864411,0.0662092450327369,0.0431180059292008,238,13,4,2,27,0.0017949624306630315
8860,-0.1607275821721093,0.0900918232717222,0.0019016338919325,238,6,6,0,123,0.0049806266057812725
8861,-0.3562386980108498,0.1833564781591424,0.2238886171689546,238,2,16,14,1,1.50061820813908e-05
8862,-0.0242881962911746,0.0657596028951992,0.0019729560082155,238,9,4,0,110,0.004292388740450521
8863,-0.3856681913271637,0.1178309289267672,0.0015429810477546,238,2,9,0,92,0.0036402965216667748
8864,-0.2829131652661064,0.115386770017267,0.017922512129531,238,4,9,1,33,0.00306687553510888
8865,-0.402049427365883,0.1223799688311884,0.0403979510873096,238,2,10,2,11,0.001473134783876512
8866,0.148033897103145,0.0502758675670861,0.0025533140785457,238,13,2,0,51,0.002201728852969309
8867,-0.4194943800304931,0.1398888353829262,0.0221140030810108,238,1,12,1,7,0.0007803333456211111
8868,0.0115945112222104,0.0961994973853701,0.0803000222470589,238,10,7,5,11,0.0009860863442663005
8869,-0.1693791440626883,0.0824615614545867,0.0276596479521992,238,6,6,1,30,0.004217975956735463
8870,0.1708683473389355,0.0535726701395719,0.0033088275924307,238,13,3,0,68,0.0026935169555837167
8871,-0.3462397617274757,0.1333010983768568,0.0200723654658879,238,3,11,1,5,0.0011699845181741666
8872,-0.0006027727546714,0.1097449992320913,0.0992832485570424,238,10,8,6,15,0.0008757743252029102
8873,-0.1033577988157288,0.0888828208088692,0.012449549979326,238,8,6,0,87,0.004426521123504939
8874,-0.2489451476793248,0.1031609986095612,0.0360753788461168,238,5,8,2,23,0.0023032056205181664
8875,-0.1056979753926887,0.0789217782975526,0.0014664959868922,238,7,5,0,86,0.004462857898018962
8876,-0.0655604013757401,0.1353742364075617,0.1475138871866385,238,8,11,9,9,0.00047895346149418435
8877,-0.1008048789135907,0.0767097286787243,0.0018716709473483,238,8,5,0,118,0.004884276702473828
8878,0.0446406410665531,0.0641570425103374,0.0072791238204469,238,10,4,0,104,0.004355003298635465
8879,-0.3977945608623195,0.0989578825057974,0.0121038989352795,238,2,7,0,52,0.002597604187038845
8880,-0.165266106442577,0.0671653008207719,0.0074897624020784,238,6,4,0,25,0.0019497198210807415
8881,0.1251994468673545,0.0574789003592882,0.0201803834721692,238,12,3,1,38,0.0029775459777509877
8882,-0.2651136403928659,0.0927771083245019,0.002646947349363,238,4,7,0,120,0.004630464276693427
8883,-0.3630464844165513,0.1258253262406461,0.0228327852975908,238,2,10,1,26,0.002507580560992337
8884,-0.1484593837535013,0.0944770977200658,0.002183118484682,238,7,7,0,75,0.003922112144946418
8885,0.085132787292132,0.0620782496526218,0.0077551029103644,238,11,4,0,96,0.0038563263286608743
8886,-0.2063255682019643,0.1003903055442724,0.0273828149788449,238,5,8,1,31,0.003710872647041985
8887,-0.4789915966386553,0.1509669598615447,0.0093485156381557,238,0,13,0,2,0.0002018787016893142
8888,-0.3229798248413288,0.101387115881432,0.0013128840353943,238,3,8,0,100,0.004333383064151017
8889,0.0436478388823883,0.0572127025562724,0.0158016378528163,238,10,3,1,16,0.0025561943286749496
8890,-0.392263234407687,0.1293674051891522,0.0079291931240729,238,2,11,0,22,0.0015995178499110165
8891,-0.437790305995816,0.1162831745390084,0.0226135288555329,238,1,9,1,18,0.0021988824875441887
8892,-0.2358259759600042,0.1001010009690522,0.0057303955858902,238,5,8,0,70,0.004087396103385501
8893,-0.1386731907953054,0.0782940546556955,0.0077740874889671,238,7,5,0,86,0.004462857898018962
8894,-0.0896713115625997,0.060530395670617,0.0053518029565279,238,8,3,0,13,0.0017505038814693567
8895,0.152997908023969,0.0924141563800727,0.0643401673720515,238,13,7,4,3,0.0005511484936524002
8896,-0.0072687302769208,0.0659129788127717,0.0070669255574662,238,9,4,0,110,0.004292388740450521
8897,-0.3214906215650817,0.1019712353759722,0.0041027415041351,238,3,8,0,100,0.004333383064151017
8898,0.0386129135198383,0.0738851522964267,0.0047453070197922,238,10,5,0,75,0.003855261700858351
8899,-0.2946849625926319,0.1147937364842001,0.0629751182690517,238,4,9,4,13,0.000926153521380232
8900,-0.0260610573343261,0.0809620215339466,0.0488550765522347,238,9,6,3,22,0.0016882375614213183
8901,-0.3753855972768854,0.115234061254794,0.0014658040171524,238,2,9,0,92,0.0036402965216667748
8902,0.056837925043435,0.0774126603446809,0.0068052368918473,238,11,5,0,31,0.0026768986373174324
8903,-0.1700173740382228,0.0974428457536905,0.0238088650113793,238,6,7,1,34,0.0042053397344584634
8904,-0.199801439563167,0.12464243569448,0.0099658297017062,238,6,10,0,5,0.0007275640913533451
8905,-0.3819097259156827,0.1058694123775323,0.0020768754938678,238,2,8,0,89,0.003550440087193625
8906,-0.3792149771300924,0.1322750113683836,0.0555870483354909,238,2,11,3,9,0.0006486389337313848
8907,-0.0387547424032904,0.0754182097167823,0.0127630441507848,238,9,5,0,128,0.00475484797010613
8908,-0.4047441761514732,0.128542679879084,0.0095171182688577,238,2,10,0,64,0.0027862606231091225
8909,-0.0400312023543594,0.1126836325669415,0.0908202348942031,238,9,9,5,7,0.0006960179984989442
8910,-0.1342764954082898,0.0840197894733239,0.0070641017688416,238,7,6,0,105,0.004915439800339099
8911,-0.2791546998546254,0.104241107939335,0.0016894614664737,238,4,8,0,91,0.004483419991872029
8912,0.1037123710243591,0.0726661265451277,0.014819680115803,238,12,5,0,8,0.0016635528145294478
8913,-0.0276211750522994,0.0798419615086741,0.0076095871762649,238,9,5,0,128,0.00475484797010613
8914,-0.016133035492678,0.0707985339754201,0.0017431674587341,238,9,4,0,110,0.004292388740450521
8915,-0.2621352338403715,0.0751283975252727,0.0045776107769019,238,4,5,0,26,0.0018323270165334974
8916,0.1016558522143034,0.0665565665680548,0.0228289013958668,238,12,4,1,39,0.0030492137784899846
8917,-0.3890011700882884,0.1206748207914345,0.0705777543419497,238,2,10,4,5,0.00048254370212750896
8918,-0.2594404850547813,0.0995248576224673,0.0667140011977694,238,4,7,4,4,0.0005197356720123799
8919,-0.2720632556820196,0.122590561476979,0.0441901854913819,238,4,10,2,20,0.0013956950402149748
8920,-0.0252100840336134,0.0805357141954876,0.0115264985267104,238,9,5,0,128,0.00475484797010613
8921,-0.3043293266673757,0.1009533113521254,0.0101161991429469,238,4,8,0,91,0.004483419991872029
8922,-0.0575470694606956,0.079224853788415,0.0029277414085225,238,8,5,0,118,0.004884276702473828
8923,-0.1037832854660851,0.0938017240277454,0.0531700751559741,238,7,7,3,28,0.0017006627136119561
8924,-0.0437187533241144,0.0743137582014792,0.005928416274646,238,9,5,0,128,0.00475484797010613
8925,-0.2802184164805162,0.0920847144445321,0.0335572177438213,238,4,7,2,14,0.001988598870210548
8926,-0.4081480693543239,0.1174977685728703,0.0108659367001033,238,1,9,0,77,0.0026736108853416024
8927,-0.2347622593341133,0.1450836965425359,0.1425767201578222,238,5,12,9,6,0.0002610441849557224
8928,-0.3516292592986561,0.1259861616892395,0.047524643241826,238,3,10,3,10,0.0010090003136682217
8929,0.1400914796298266,0.0644317414649143,0.0022378401212288,238,12,4,0,46,0.003005418736203267
8930,0.0808779207885685,0.056661993950901,0.0061870892631488,238,11,3,0,87,0.0035031944625956886
8931,0.0432932666737581,0.0728223772164217,0.0163732176159959,238,10,5,1,35,0.003681177079075407
8932,0.0746374499166755,0.0541711961200412,0.0036291837327148,238,11,3,0,87,0.0035031944625956886
8933,-0.0596745027124773,0.0936516647578386,0.0274431841558514,238,8,7,1,25,0.0028794895434652297
8934,-0.1251285324256284,0.1122016922729417,0.0408413282705282,238,7,9,2,7,0.0009848642234243496
8935,-0.2871680317696699,0.1329976306375391,0.027285050247353,238,4,11,1,6,0.0008162521028004484
8936,-0.154274367975038,0.1207751063400824,0.030473542867528,238,6,10,1,6,0.0008437369395171136
8937,-0.097542814594192,0.088068303929237,0.0368572642951563,238,8,6,2,25,0.0025738901815202356
8938,-0.0359181647342481,0.0917402827977312,0.021948976260318,238,9,7,1,14,0.0019806186229034644
8939,-0.1530688224656951,0.0944616691688132,0.0245709089400781,238,7,7,1,42,0.0036960149974717034
8940,-0.0607382193383682,0.0657878157479613,0.0115557586087399,238,8,4,0,68,0.003645851648012564
8941,-0.1993050384710846,0.1420019013931734,0.1382470992121939,238,6,12,9,6,0.0003089775727796795
8942,-0.2040563060667304,0.0975529161447438,0.0112130158098063,238,5,7,0,118,0.004976576343704583
8943,-0.2492997198879551,0.1169636556628553,0.0655882892946779,238,5,9,4,13,0.001032141634315045
8944,0.0754884232173882,0.1095085855372436,0.1048967998163277,238,11,8,6,14,0.0008546697678377422
8945,0.3031237811580328,0.0519825961393995,0.0441785589671983,238,16,3,2,22,0.0008277185805572241
8946,0.2488033187958727,0.0639822036796344,0.0119102156092158,238,15,4,0,1,0.0004562671589672162
8947,-0.2534836719497925,0.0889523453872546,0.0064139189750404,238,5,6,0,104,0.004457874728275953
8948,0.2382370669786901,0.0587632990521733,0.0375253255241923,238,14,3,2,20,0.001345194623171677
8949,0.1304471155550827,0.0598262298407613,0.0014385932623216,238,12,3,0,112,0.0033545247846789965
8950,-0.2944722192674537,0.1060491468124246,0.001034090486305,238,4,8,0,91,0.004483419991872029
8951,-0.0058504414423997,0.0790693092717259,0.0125697556973004,238,9,5,0,128,0.00475484797010613
8952,-0.4366556749281991,0.1323402979979776,0.0381597264382459,238,1,11,2,11,0.0008562449645723883
8953,0.1000957344963301,0.0668780316218752,0.0126193467589763,238,12,4,0,46,0.003005418736203267
8954,-0.0742828777080452,0.100176778624781,0.0145675832624062,238,8,8,0,11,0.0013733754699129929
8955,-0.0593908449455731,0.1168301926094695,0.0652801018586903,238,8,9,4,5,0.0007842453484468897
8956,-0.2219267453816969,0.0794700780103442,0.0105698287294129,238,5,5,0,48,0.002829270609622204
8957,0.172641208382087,0.0541184513700162,0.0424865614393677,238,13,3,2,12,0.0015635494242541884
8958,0.3517001737403821,0.0606207433161073,0.0573701581460267,238,17,3,3,8,0.00048395992218328883
8959,-0.1737758394497039,0.078755215361829,0.0027553390891787,238,6,5,0,87,0.0037737578394178533
8960,0.3192922738715739,0.0336650382358007,0.0184716259217399,238,16,1,1,6,0.000947826424712255
8961,0.0525830585398716,0.1555149772718166,0.204623851380008,238,11,13,13,2,0.00014519681071575134
8962,0.1359784420097152,0.0507007941125662,0.0037822445131313,238,12,2,0,34,0.0021758371823757663
8963,0.0431514377903059,0.0509105359144446,0.0058249402320162,238,10,2,0,8,0.001419379660470872
8964,-0.3213487926816296,0.0937075378519455,0.0247910632168678,238,3,7,1,24,0.003043892917955284
8965,-0.0829344395986242,0.0696749270352133,0.0037798665383163,238,8,4,0,68,0.003645851648012564
8966,0.2722050845654717,0.0472875283629132,0.0041880713836207,238,15,2,0,32,0.001490183960655832
8967,-0.2943303903840016,0.0970375810471152,0.0017309516281999,238,4,7,0,120,0.004630464276693427
8968,0.1695918873878665,0.1211294209061614,0.1410090341986357,238,13,10,9,7,0.0002713035225251719
8969,-0.1896606743963408,0.0778883999246721,0.014458901948315,238,6,5,0,87,0.0037737578394178533
8970,-0.3894266567386448,0.1244057616056614,0.0537441171943066,238,2,10,3,13,0.0008397115748875404
8971,0.0676878346275218,0.0588647592991972,0.0151481091148147,238,11,3,0,87,0.0035031944625956886
8972,-0.1013012800056731,0.0702180165058491,0.0043155113336369,238,8,4,0,68,0.003645851648012564
8973,-0.106123462043045,0.083033799902263,0.002771421839745,238,7,6,0,105,0.004915439800339099
8974,0.0028720348899053,0.089518637392117,0.0534118295952209,238,10,6,3,31,0.0017261073251220965
8975,-0.2920611282487678,0.0712834093464207,0.0065257251781737,238,4,5,0,26,0.0018323270165334974
8976,-0.1711520051058397,0.100437727167041,0.0150419512448842,238,6,8,0,57,0.003300602884874217
8977,-0.1941282842250823,0.1374344005400797,0.1476595264828161,238,6,11,9,4,0.0003334163636521545
8978,-0.2115023224479665,0.0777668440862961,0.0114409448188112,238,5,5,0,48,0.002829270609622204
8979,-0.0463425876679785,0.0629827538867656,0.0040790859260985,238,9,4,0,110,0.004292388740450521
8980,-0.3356025954685671,0.101523774015293,0.001481102650156,238,3,8,0,100,0.004333383064151017
8981,-0.2455412544764741,0.1414760011364668,0.1448832044370715,238,5,12,9,6,0.0002610441849557224
8982,0.0511647697053504,0.0653194162436464,0.0148764010416772,238,11,4,0,96,0.0038563263286608743
8983,-0.1114420451724993,0.1077944903305434,0.075508916703526,238,7,8,4,14,0.0012485724446440057
8984,-0.1360493564514413,0.1338834460104033,0.1129941628055666,238,7,11,7,6,0.0005171593792913427
8985,0.0978264723610963,0.0585424563538861,0.0014517968397034,238,12,3,0,112,0.0033545247846789965
8986,-0.032088784881041,0.0851132417007173,0.0462979133836141,238,9,6,3,22,0.0016882375614213183
8987,-0.1373258164025103,0.1150617665589235,0.0993543426302559,238,7,9,6,13,0.0008976724089664401
8988,0.0890330815870651,0.1084900716696168,0.1077136312206578,238,11,8,7,6,0.0006411871709770627
8989,-0.2826295074992021,0.1207518482386224,0.057722375533103,238,4,10,3,9,0.0010100687867596464
8990,-0.4382867070878983,0.1227256062607393,0.0392082912770324,238,1,10,2,6,0.001091508300587039
8991,-0.0932170336489025,0.093623550721654,0.0015067592525356,238,8,7,0,32,0.002863781975607201
8992,0.3119171719320639,0.054505754540759,0.0436810404378263,238,16,3,2,22,0.0008277185805572241
8993,0.367585008687019,0.0378146734424047,0.0175510093543774,238,17,1,1,15,0.0007078839229582325
8994,-0.1513668758642697,0.1153948910500492,0.011592467694107,238,7,9,0,7,0.0010282395805998098
8995,-0.0107435379214977,0.1712623661663934,0.2269884826578908,238,9,15,14,2,0.00013146006670759658
8996,-0.1754068716094032,0.1131275614779439,0.0736657281649487,238,6,9,4,19,0.0010847483299686014
8997,-0.1109456440804169,0.0724315339783469,0.0051919640795824,238,7,5,0,86,0.004462857898018962
8998,-0.1061943764847711,0.1124736965192411,0.0961728626586164,238,7,9,6,13,0.0008976724089664401
8999,-0.3664503776194021,0.0888765218153728,0.0044801605530575,238,2,6,0,18,0.0013709358574978201
9000,-0.2375279225614295,0.1676983013693462,0.1867283080362705,238,5,14,12,4,0.00013714669234294333
9001,-0.2385916391873204,0.0945076029217062,0.0085503465003221,238,5,7,0,118,0.004976576343704583
9002,0.367514094245293,0.0338112331976179,0.0089479855030175,238,17,1,0,23,0.0007836667221217257
9003,-0.1239939013580115,0.0993218029126573,0.0985707725906924,238,7,7,6,1,0.0003999060713006128
9004,0.1525724213736127,0.0787583891582402,0.0617014098207011,238,13,5,4,7,0.0009341215253479416
9005,-0.0130128000567315,0.084708629841532,0.0134054898661632,238,9,6,0,67,0.003528788865454604
9006,-0.2063964826436903,0.0900435403431672,0.027547076900971,238,5,6,1,26,0.0036553501392859243
9007,-0.1299507144630003,0.0734598544300115,0.0239749282294719,238,7,5,1,35,0.003768331523905521
9008,-0.1261922490515193,0.076674287176806,0.013941572344627,238,7,5,0,86,0.004462857898018962
9009,-0.2290181895543027,0.124034161578642,0.1002220404917653,238,5,10,6,10,0.000633513591100095
9010,0.2734815445165408,0.0562016745983058,0.0384032784145505,238,15,3,2,24,0.0010910017256819872
9011,0.0939261780661631,0.1254353221853462,0.134886815076497,238,11,10,8,10,0.0005244538209284242
9012,-0.2086657447789242,0.1256467264519806,0.080424503978448,238,5,10,5,8,0.0006782364706724274
9013,-0.0695316101123993,0.0984936000190314,0.0147404782806959,238,8,7,0,32,0.002863781975607201
9014,0.0793178030705953,0.0722439875573756,0.0593441116257191,238,11,5,3,16,0.0015976535184731248
9015,-0.1139240506329113,0.0915498005481357,0.0047907253371516,238,7,7,0,75,0.003922112144946418
9016,0.180158139205049,0.1013901895240502,0.0979181907608907,238,13,8,6,7,0.0005126940697092219
9017,-0.3201432471722866,0.1070534172766731,0.0049204182921158,238,3,8,0,100,0.004333383064151017
9018,-0.0194660142538027,0.0904201616846322,0.0496222727847419,238,9,7,3,16,0.0014739189266975681
9019,-0.2287345317873984,0.0986957757083285,0.0071669658702732,238,5,7,0,118,0.004976576343704583
9020,0.0643548558663971,0.0702092331436146,0.0019686368866236,238,11,4,0,96,0.0038563263286608743
9021,0.2149771300925433,0.0933927395004362,0.1089819142407632,238,14,7,7,7,0.0003898449111663476
9022,-0.1765415026770201,0.1050397571699941,0.0020426078741724,238,6,8,0,57,0.003300602884874217
9023,0.0590362727369428,0.0628934679958249,0.0022385146526138,238,11,4,0,96,0.0038563263286608743
9024,0.3024855511824982,0.0514594372048384,0.0402643043259002,238,16,3,2,22,0.0008277185805572241
9025,0.1040669432329893,0.0613630602836443,0.0186709843668707,238,12,4,1,39,0.0030492137784899846
9026,-0.1019395099812076,0.0680762196006064,0.0092709862407789,238,8,4,0,68,0.003645851648012564
9027,0.4470800978619295,0.0453118404192698,0.051515246306815,238,18,2,3,1,0.00020618280463171432
9028,-0.1250576179839023,0.0719544072059393,0.0252881891575451,238,7,5,1,35,0.003768331523905521
9029,0.0198915009041591,0.0922155430913928,0.0750526500597795,238,10,7,4,19,0.0012049551147970568
9030,-0.2188774243874764,0.0857069752910467,0.0031792266073442,238,5,6,0,104,0.004457874728275953
9031,-0.3049675566429103,0.1169698830202367,0.0411286700683563,238,3,9,2,13,0.0019644862268845802
9032,-0.1818600858064744,0.0903587806781556,0.0188727464168128,238,6,7,1,34,0.0042053397344584634
9033,-0.3426940396411729,0.1004555429855987,0.0020281733335013,238,3,8,0,100,0.004333383064151017
9034,-0.0659858880260965,0.1329849264979336,0.1318302737304263,238,8,11,8,16,0.0005696293568104668
9035,-0.0194660142538027,0.0620132951261498,0.0033844426901565,238,9,4,0,110,0.004292388740450521
9036,0.1351274687090025,0.052827961118828,0.0156707072962275,238,12,3,1,38,0.0029775459777509877
9037,-0.1045633443250717,0.0865514202780656,0.0009955492923379,238,7,6,0,105,0.004915439800339099
9038,-0.3208523915895471,0.0860954139673525,0.0046807156418442,238,3,6,0,36,0.0023601621856203458
9039,-0.0088288479948941,0.0668557147146878,0.0015619374547072,238,9,4,0,110,0.004292388740450521
9040,-0.1752650427259511,0.0978056229191357,0.0499332218065378,238,6,7,3,27,0.001618208133972155
9041,-0.1692373151792362,0.0965495870632155,0.0045074050629552,238,6,7,0,96,0.004713885748433999
9042,0.416941460128355,0.0249710406457091,0.0026268407703374,238,18,0,0,15,0.0003567083730917672
9043,-0.0539304329326667,0.1139091919166597,0.0742765771991367,238,8,9,4,5,0.0007842453484468897
9044,-0.2435556501081444,0.1119056192418652,0.0018206524703516,238,5,9,0,34,0.002548715097143437
9045,-0.344041414033968,0.102972760839411,0.0089155368675868,238,3,8,0,100,0.004333383064151017
9046,0.0218771052724887,0.1777355616160588,0.227992747617121,238,10,15,14,3,0.0001412171724880506
9047,0.1052724887423323,0.0586034134892258,0.0013423791640309,238,12,3,0,112,0.0033545247846789965
9048,-0.2262525263269864,0.1127701342697037,0.0081105654002736,238,5,9,0,34,0.002548715097143437
9049,0.0978973868028223,0.0731032843413427,0.0149815271766062,238,12,5,0,8,0.0016635528145294478
9050,-0.2961741658688791,0.1034357456862149,0.0021524332003933,238,4,8,0,91,0.004483419991872029
9051,-0.1730666950324433,0.0808001424695246,0.0041060305629088,238,6,6,0,123,0.0049806266057812725
9052,-0.1035705421409069,0.0912823149792612,0.0154902686158868,238,7,7,1,42,0.0036960149974717034
9053,0.0128709711732794,0.055387786489574,0.003619397760947,238,10,3,0,83,0.003204714279147116
9054,0.367514094245293,0.0486241023875566,0.0357178357311931,238,17,2,2,7,0.0005407629660983607
9055,-0.3636847143920859,0.1095012466737467,0.0044013674697083,238,2,8,0,89,0.003550440087193625
9056,0.2275999007197815,0.0672654780099191,0.0444291337937296,238,14,4,2,15,0.0012844812788815414
9057,-0.3573733290784667,0.0870959907080051,0.0149329724757982,238,2,6,0,18,0.0013709358574978201
9058,0.1286742545119313,0.0832690235380346,0.0789626541408452,238,12,6,5,19,0.0008781639312160993
9059,0.0781122575612523,0.1144311322409423,0.1064666059882553,238,11,9,6,7,0.0006626983811124763
9060,-0.3175194128284224,0.1046165170852754,0.0019934661174472,238,3,8,0,100,0.004333383064151017
9061,0.2315711094564407,0.1720569909936362,0.2197347701605972,238,14,15,14,2,3.955785868081963e-05
9062,0.2156153600680778,0.051457113213472,0.0083731476643368,238,14,3,0,25,0.0018030019399556335
9063,-0.0051412970251391,0.0679881912267471,0.038768380783352,238,9,4,2,7,0.0017571644385362929
9064,-0.2449739389426656,0.0931453647638551,0.0114601627083579,238,5,7,0,118,0.004976576343704583
9065,0.076552139843279,0.0737006814047868,0.0514973106569864,238,11,5,3,16,0.0015976535184731248
9066,0.1119384462645817,0.0726897956974594,0.0307180236081338,238,12,5,2,36,0.001907366235161121
9067,-0.2683047902705385,0.1271279470938121,0.0840225891012804,238,4,10,5,8,0.0005927037930509305
9068,0.3530475481331772,0.0569438163608328,0.0669653777051642,238,17,3,4,5,0.00034222055867331655
9069,0.1342055809665638,0.157043325819712,0.1944703005902747,238,12,13,12,2,0.0001801866881948301
9070,-0.3041165833421976,0.0896918933054902,0.0081823870124345,238,4,6,0,60,0.003468743098616289
9071,0.2461794844520086,0.0620039200076281,0.0557242249176128,238,14,4,3,13,0.001024868986996489
9072,-0.0557742084175442,0.1009383774836585,0.0487302840093526,238,8,8,3,12,0.0012201196394973663
9073,0.1522178491649824,0.0611960050825608,0.0096036094735059,238,13,4,0,10,0.0019536726542821745
9074,-0.1025777399567421,0.068679359910593,0.0053318043782864,238,8,4,0,68,0.003645851648012564
9075,-0.3945324965429209,0.1152752845265322,0.0027244307823196,238,2,9,0,92,0.0036402965216667748
9076,-0.2059000815516079,0.1109619626731114,0.0020042135747088,238,5,9,0,34,0.002548715097143437
9077,-0.3584370457043576,0.1282746736802465,0.0502556595109772,238,2,10,3,13,0.0008397115748875404
9078,0.043222352232032,0.1037318296140285,0.1059246282567795,238,10,8,6,15,0.0008757743252029102
9079,0.0805942630216643,0.0594573016814464,0.008269765345495,238,11,3,0,87,0.0035031944625956886
9080,-0.0066305003013863,0.1460862026825043,0.1683023667078471,238,9,12,11,3,0.00029032917748615585
9081,-0.0886075949367088,0.0785388927263761,0.0026969099116587,238,8,5,0,118,0.004884276702473828
9082,-0.3703506719143353,0.1301583961966785,0.0245751883176761,238,2,11,1,10,0.0015299054669604833
9083,0.156614544551998,0.0436356414542078,0.0108991049823494,238,13,2,0,51,0.002201728852969309
9084,-0.0983228734531787,0.1012288639747267,0.0106748084668578,238,8,8,0,11,0.0013733754699129929
9085,-0.3344679644009501,0.1089218813527636,0.0089037364879099,238,3,8,0,100,0.004333383064151017
9086,-0.0257773995674219,0.0788418384171968,0.0144430383818155,238,9,5,0,128,0.00475484797010613
9087,-0.2546892174591355,0.1076628827128065,0.0005923586962806,238,4,8,0,91,0.004483419991872029
9088,-0.0954862957841364,0.0795681650053939,0.0154533631591133,238,8,5,0,118,0.004884276702473828
9089,-0.1607275821721093,0.0986488581971877,0.002966235868935,238,6,7,0,96,0.004713885748433999
9090,-0.2029925894408396,0.1370186247672154,0.0177516560137657,238,6,11,1,1,0.00030456429176757734
9091,0.1501613303549267,0.1081081517659529,0.0937236516636621,238,13,8,6,7,0.0005126940697092219
9092,0.0052831259085912,0.0962998527790031,0.0504047712466106,238,10,7,3,21,0.0013092804382386475
9093,0.0212388752969542,0.0763272259825022,0.0112763084823128,238,10,5,0,75,0.003855261700858351
9094,-0.2827004219409282,0.1067056725169979,0.0521098995400855,238,4,8,3,12,0.0012669446365662046
9095,-0.3275183491117965,0.122387228672764,0.0830966330113149,238,3,10,5,3,0.00044431757531356226
9096,-0.1382477041449491,0.0972699421406264,0.0185308820051273,238,7,7,1,42,0.0036960149974717034
9097,-0.4019785129241568,0.1197723253374545,0.0163163199561501,238,2,10,1,26,0.002507580560992337
9098,0.1189589759954614,0.0604118155662856,0.0057440088206108,238,12,3,0,112,0.0033545247846789965
9099,-0.0928624614402723,0.092280654064147,0.0157074475388582,238,8,7,1,25,0.0028794895434652297
9100,-0.0718717866893592,0.0701707059252069,0.0025938069214907,238,8,4,0,68,0.003645851648012564
9101,0.0776158564691699,0.0999733344453163,0.0629625315793149,238,11,7,4,16,0.0010682896120130846
9102,-0.323192568166507,0.1226052197803698,0.0486993480128744,238,3,10,3,10,0.0010090003136682217
9103,0.17888167925398,0.0524621146745652,0.0024118768116117,238,13,3,0,68,0.0026935169555837167
9104,-0.4141757969010388,0.1331751860970999,0.0771887276355665,238,1,11,5,1,0.00012178193100434659
9105,-0.1253412757508066,0.0825961615316341,0.0210379452048091,238,7,6,1,35,0.004354591136495643
9106,-0.112293018473212,0.0849409131501282,0.0079296622524539,238,7,6,0,105,0.004915439800339099
9107,0.0787504875367868,0.1152453159730106,0.1018407467687158,238,11,9,6,7,0.0006626983811124763
9108,-0.0032266070985356,0.0716980968462484,0.002655028932501,238,9,5,0,128,0.00475484797010613
9109,0.1102364996631563,0.1003602121724714,0.0927085668201396,238,12,8,6,17,0.0007219739687309315
9110,0.0892458249122433,0.0539108984014662,0.0019741819379981,238,11,3,0,87,0.0035031944625956886
9111,-0.2489451476793248,0.0952866184921394,0.0096851128519067,238,5,7,0,118,0.004976576343704583
9112,-0.3373045420699925,0.1059650360094211,0.0213750350190122,238,3,8,1,24,0.003650412738886289
9113,-0.2841187107754493,0.0858414522351441,0.004271187306256,238,4,6,0,60,0.003468743098616289
9114,0.1130021628904726,0.1011855264893839,0.0959451163228717,238,12,8,6,17,0.0007219739687309315
9115,-0.3851717902350813,0.1063660928714763,0.0020771792385499,238,2,8,0,89,0.003550440087193625
9116,-0.4794879977307377,0.132534342139089,0.0131448679259603,238,0,11,0,17,0.0009954726964181157
9117,-0.099953905612878,0.1187249594897196,0.096114976013062,238,8,9,6,16,0.0008557918870896612
9118,-0.0907350281884905,0.0821996832492246,0.0426788226094757,238,8,6,2,25,0.0025738901815202356
9119,-0.1445590894585682,0.1109570852374648,0.0690726311659538,238,7,9,4,17,0.0009932687448377788
9120,0.0603836471297379,0.0716574182893791,0.0214431305815861,238,11,5,1,13,0.002822196505883785
9121,-0.3291493812714959,0.1010874667021928,0.0208550432193366,238,3,8,1,24,0.003650412738886289
9122,-0.2019288728149487,0.1603882202812106,0.1625919192025705,238,6,14,10,1,0.00010053546273970402
9123,0.1839166046165301,0.1969813108660605,0.2434871544261386,238,13,17,15,1,1.5223397367839298e-05
9124,-0.0614473637556288,0.0783922801769016,0.0595605111077595,238,8,5,3,8,0.0010831394703888387
9125,0.0613055348721767,0.0537056600942678,0.0185014348253007,238,11,3,1,20,0.0029229560613640614
9126,-0.0176931532106513,0.0692353619937429,0.0040772879318431,238,9,4,0,110,0.004292388740450521
9127,-0.3102152253306385,0.1219584253030787,0.024491704261744,238,3,10,1,18,0.0022729880349347505
9128,0.1289579122788355,0.0903207849115128,0.073330811190313,238,12,6,4,12,0.0010868341343686872
9129,-0.1317944899478778,0.0971251703692892,0.0451147889113557,238,7,7,2,26,0.002471827272074585
9130,-0.2928411871077545,0.110652575522878,0.0044261462646454,238,4,9,0,63,0.0032442879918447966
9131,0.134489238733468,0.0783513066544903,0.0628030069195917,238,12,5,4,7,0.0009729544999730399
9132,-0.034570790341453,0.0639938471441882,0.0090677177033247,238,9,4,0,110,0.004292388740450521
9133,0.0463425876679785,0.1061782020102398,0.1130628166267204,238,10,8,7,7,0.0006249498792050277
9134,0.0919405736978335,0.0690547216513659,0.0243077728700992,238,11,4,1,35,0.00355858256828443
9135,0.208453001453746,0.0565503410810131,0.0312487510977734,238,14,3,2,20,0.001345194623171677
9136,-0.2966705669609615,0.0891301743240769,0.0133909471714223,238,4,6,0,60,0.003468743098616289
9137,0.0638584547743147,0.1073671719715515,0.1016561426235065,238,11,8,6,14,0.0008546697678377422
9138,0.1198808637379002,0.0922848965155157,0.0926196534544515,238,12,7,6,11,0.0007591427528610176
9139,-0.4437471191008048,0.144068355581651,0.0501284216097906,238,1,12,3,2,0.00029481311796187415
9140,0.2830549941495585,0.0330328356703531,0.0063281565092339,238,15,1,0,37,0.0012568719412054995
9141,-0.1052724887423323,0.0814727680171458,0.0045998957211086,238,7,6,0,105,0.004915439800339099
9142,-0.4140339680175867,0.1170334551265412,0.0166333832111281,238,1,9,1,18,0.0021988824875441887
9143,-0.1550544268340247,0.1002417428543291,0.0553820806511729,238,6,8,3,17,0.0015567601468503074
9144,0.1749104705173208,0.0698434301711902,0.0376558219974325,238,13,4,2,27,0.0017949624306630315
9145,0.122150125873134,0.0719479366551369,0.0417780330493266,238,12,5,2,36,0.001907366235161121
9146,-0.4497748466475197,0.113829962695207,0.000976452240521,238,1,9,0,77,0.0026736108853416024
9147,-0.3312059000815515,0.0983663721229716,0.0046644535780326,238,3,7,0,83,0.0037735571101525844
9148,-0.0883948516115306,0.1318991415040772,0.060179011074123,238,8,11,3,1,0.00011215188383452337
9149,-0.3128390596745026,0.1017393590264646,0.0254927575373333,238,3,8,1,24,0.003650412738886289
9150,0.1029323121653724,0.0523236185071766,0.0027608344896849,238,12,3,0,112,0.0033545247846789965
9151,0.0647803425167535,0.0531055684411965,0.0163293973673849,238,11,3,1,20,0.0029229560613640614
9152,-0.3273765202283444,0.116561622717412,0.0098739392745147,238,3,9,0,69,0.003704547569987754
9153,-0.101159451122221,0.0719032423943962,0.0027861612755496,238,8,5,0,118,0.004884276702473828
9154,-0.3477289650037229,0.1053845396657233,0.0285177869105364,238,3,8,1,24,0.003650412738886289
9155,-0.4306279473814842,0.1136052789406941,0.0110530147725798,238,1,9,0,77,0.0026736108853416024
9156,-0.3697833563805268,0.1121339938786136,0.008288911337132,238,2,9,0,92,0.0036402965216667748
9157,-0.1272559656774101,0.0880958835035497,0.0015841472052407,238,7,6,0,105,0.004915439800339099
9158,-0.2477396021699819,0.1172510079221983,0.0024291346470484,238,5,9,0,34,0.002548715097143437
9159,0.1386731907953054,0.0548220956855609,0.0120047555039622,238,12,3,0,112,0.0033545247846789965
9160,-0.1302343722299046,0.0708601672822329,0.036755632495204,238,7,5,2,14,0.0019215935290123082
9161,-0.0594617593872992,0.0708745301423978,0.0150499989777452,238,8,5,0,118,0.004884276702473828
9162,0.3243271992341239,0.0596124977015787,0.0659596239766076,238,16,3,4,2,0.0003993162401680013
9163,-0.0897422260043257,0.0975847635563551,0.0082118004548231,238,8,7,0,32,0.002863781975607201
9164,0.1096691841293479,0.0572123075331975,0.0059197857514163,238,12,3,0,112,0.0033545247846789965
9165,-0.1582455767116973,0.0731353089015631,0.0076767277005221,238,6,5,0,87,0.0037737578394178533
9166,-0.0227280785732014,0.0745173385560246,0.007527920189623,238,9,5,0,128,0.00475484797010613
9167,0.0817288940892812,0.0497847288571055,0.0040514481310462,238,11,2,0,18,0.0018657310811233557
9168,0.3477289650037229,0.0406817451270717,0.0112128842686863,238,16,1,0,44,0.0011029673443555539
9169,-0.3954543842853597,0.1099830750757944,0.0317252191174711,238,2,9,2,15,0.001644406735155633
9170,0.0823671240648157,0.1057436282465665,0.109070046460483,238,11,8,7,6,0.0006411871709770627
9171,-0.0597454171542034,0.0669685070957104,0.0046644794877685,238,8,4,0,68,0.003645851648012564
9172,-0.1205900081551607,0.0976081504745527,0.0043425424958131,238,7,7,0,75,0.003922112144946418
9173,0.0540722618161188,0.0717555289879578,0.003543187864874,238,11,5,0,31,0.0026768986373174324
9174,0.0386129135198383,0.1607276046100783,0.2056833880016009,238,10,14,13,4,0.0001801965224288146
9175,-0.394674325426373,0.1218348765464885,0.0044807980381647,238,2,10,0,64,0.0027862606231091225
9176,-0.1954047441761514,0.0750767731318275,0.0022880369855191,238,6,5,0,87,0.0037737578394178533
9177,0.0276211750522994,0.0776382777668755,0.0505162282598059,238,10,5,3,16,0.0015634415710051469
9178,-0.0681133212778782,0.1729375905574176,0.2352325582525874,238,8,15,15,2,8.015181053821993e-05
9179,-0.0218061908307626,0.075931116624512,0.0172751205511974,238,9,5,1,43,0.0042530637397620065
9180,-0.1041378576747154,0.1462615092410907,0.141289173441169,238,7,12,9,5,0.00034199106126592797
9181,-0.3896394000638229,0.1252815298390972,0.0344354172073383,238,2,10,2,11,0.001473134783876512
9182,-0.246746799985817,0.103356880921557,0.0477489160212584,238,5,8,3,9,0.0014604412928409406
9183,0.0047158103747828,0.0720507940655167,0.0312296994197438,238,10,5,2,36,0.0025029702124330115
9184,-0.0054958692337694,0.1220188559302064,0.1233409743158036,238,9,10,8,11,0.000620914219708723
9185,-0.0499592241960075,0.0955914853152944,0.0590591136970827,238,9,7,3,16,0.0014739189266975681
9186,-0.2363932914938126,0.1157304465439226,0.0059991051821828,238,5,9,0,34,0.002548715097143437
9187,0.1527851646987909,0.0849481855699621,0.0732171522138611,238,13,6,4,14,0.0008774977138896638
9188,0.0713753855972768,0.1029696145043461,0.1247572320624251,238,11,8,8,1,0.00035563239151898237
9189,0.0921533170230117,0.0663549770715244,0.0012091657185963,238,11,4,0,96,0.0038563263286608743
9190,-0.1018685955394816,0.0752099247292815,0.0042575519687064,238,8,5,0,118,0.004884276702473828
9191,-0.0595326738290252,0.0699520081449443,0.0146260128626876,238,8,4,0,68,0.003645851648012564
9192,0.1025068255150161,0.0950262982411201,0.1109501712276572,238,12,7,7,2,0.00043761494241758095
9193,-0.3980073041874977,0.1266583409569791,0.0458849351467523,238,2,10,2,11,0.001473134783876512
9194,-0.1572527745275325,0.1088392204996152,0.0851433172490725,238,6,8,5,7,0.0008740556127774582
9195,-0.3758819983689678,0.1125914518439354,0.0011242915561053,238,2,9,0,92,0.0036402965216667748
9196,0.0585398716448604,0.0553696657221605,0.0275587841479466,238,11,3,1,20,0.0029229560613640614
9197,-0.0598163315959295,0.0752191601195573,0.0268847408077425,238,8,5,1,45,0.004231983686421704
9198,-0.3291493812714959,0.0988215902794237,0.0011429381168984,238,3,7,0,83,0.0037735571101525844
9199,-0.3621955111158387,0.1149868945986076,0.022535896872537,238,2,9,1,29,0.003099733513643377
9200,-0.12959614225437,0.1296923870115382,0.1239064535453302,238,7,11,8,6,0.0005239275630867714
9201,-0.0117363401056625,0.0661964046806829,0.0139105384053495,238,9,4,0,110,0.004292388740450521
9202,-0.416941460128355,0.1355992969840419,0.0026830261146724,238,1,11,0,44,0.0016412330933814783
9203,-0.2776654965783781,0.0754581209423611,0.0050432431358553,238,4,5,0,26,0.0018323270165334974
9204,-0.2709995390561288,0.1093427689538648,0.0286465821369934,238,4,8,1,31,0.003922345351422437
9205,0.3322696167074424,0.0547108359030188,0.0296487866494479,238,16,3,1,4,0.0007739126052313934
9206,-0.1078963230861964,0.0902274166628872,0.0320039172745341,238,7,6,2,17,0.002531552152626628
9207,-0.2038435627415523,0.0948325130378501,0.005379024181249,238,6,7,0,96,0.004713885748433999
9208,-0.3174484983866964,0.1456653789388762,0.0823498082128703,238,3,12,5,1,0.00015763755374383043
9209,-0.3178030705953267,0.1120382147128103,0.0983318373501746,238,3,9,6,2,0.000274370656776653
9210,-0.2293018473212069,0.1203174565996835,0.0971028932941497,238,5,10,6,10,0.000633513591100095
9211,0.282416764174024,0.1515128982822714,0.2102164829995341,238,15,13,13,1,3.405325101217587e-05
9212,-0.2303655639470977,0.1011495725027621,0.0064885372558122,238,5,8,0,70,0.004087396103385501
9213,-0.4202035244477537,0.1230091372679572,0.005815471544806,238,1,10,0,58,0.0024176974686684533
9214,0.2646881537425096,0.0392719696889191,0.0085255595703362,238,15,1,0,37,0.0012568719412054995
9215,0.023508137432188,0.0733504035422563,0.011775186264433,238,10,5,0,75,0.003855261700858351
9216,0.0088288479948941,0.069531887141323,0.0027393876734267,238,10,4,0,104,0.004355003298635465
9217,-0.4726092968833102,0.128243349124408,0.0046462557523356,238,0,10,0,21,0.001299022135957822
9218,-0.203488990532922,0.0737717088592432,0.0390843977736613,238,6,5,2,9,0.0014731747408398195
9219,0.0120909123142928,0.0832986447184559,0.0312474490386518,238,10,6,2,24,0.0021178534085580414
9220,-0.4018366840407048,0.1135507462204393,0.0098621769251537,238,2,9,0,92,0.0036402965216667748
9221,0.0810906641137467,0.0932521834866496,0.0728617274260125,238,11,7,4,16,0.0010682896120130846
9222,-0.1440626883664858,0.0698684161048094,0.0080956731733587,238,7,4,0,53,0.0027892752163863077
9223,-0.2649718115094138,0.1178271323722012,0.0113269900797886,238,4,9,0,63,0.0032442879918447966
9224,-0.1857603801014076,0.0903061316010512,0.0564303798510182,238,6,6,3,9,0.0011868363604927129
9225,0.1095273552458958,0.0890848565562795,0.0472148211683082,238,12,6,3,15,0.0012031467636487892
9226,-0.1575364322944367,0.1226710629973502,0.0330156828051355,238,6,10,2,6,0.0007592792066818362
9227,-0.1922135942984788,0.0822749410618967,0.0189971277905777,238,6,6,1,30,0.004217975956735463
9228,-0.0438605822075665,0.0865149649912486,0.011322269010096,238,9,6,0,67,0.003528788865454604
9229,0.0219480197142147,0.0678084525813473,0.0229143491857636,238,10,4,1,35,0.00376178763264307
9230,-0.0237917951990922,0.0800466547859284,0.0037500535323588,238,9,5,0,128,0.00475484797010613
9231,-0.0371946246853171,0.0603334692800287,0.0057355258220881,238,9,3,0,38,0.002541755274822797
9232,0.0301740949544374,0.1128854033510846,0.0994477908979132,238,10,9,6,13,0.0007544960516155897
9233,-0.2279544729284118,0.0823311195833273,0.0056538617133241,238,5,6,0,104,0.004457874728275953
9234,0.2310037939226323,0.0786429267792489,0.0743399540196875,238,14,5,4,19,0.0007926131938837975
9235,0.2663901003439349,0.1121299713407347,0.1338178719274324,238,15,9,8,1,0.00021690100572629856
9236,0.2728433145410062,0.074961339972108,0.0668643983195552,238,15,5,4,7,0.0006023742252298374
9237,-0.4287132574548806,0.1239308762105384,0.0139310854042287,238,1,10,0,58,0.0024176974686684533
9238,-0.2681629613870864,0.1247948247508395,0.0626001517529758,238,4,10,4,10,0.0007531324760669358
9239,0.0439314966492926,0.0575845602549397,0.023086473877208,238,10,3,1,16,0.0025561943286749496
9240,0.1457646349679112,0.0630988702710696,0.0254211398033467,238,12,4,1,39,0.0030492137784899846
9241,-0.2668865014360174,0.0855545468154031,0.0392274651908572,238,4,6,2,8,0.0013129152342475894
9242,0.1707265184554834,0.0809284457492519,0.0726761920959088,238,13,6,4,14,0.0008774977138896638
9243,-0.1863986100769421,0.0834149748696592,0.0048266500609518,238,6,6,0,123,0.0049806266057812725
9244,-0.2456121689182001,0.0863208686183627,0.0026586076927384,238,5,6,0,104,0.004457874728275953
9245,-0.3057476155018969,0.1062883972926884,0.0159410508804614,238,3,8,1,24,0.003650412738886289
9246,-0.3467361628195581,0.1132418044144855,0.0052617773945693,238,3,9,0,69,0.003704547569987754
9247,-0.287309860653122,0.1241614129666623,0.0236871502595798,238,4,10,1,11,0.0018171377599596609
9248,-0.4191398078218628,0.1182455076384614,0.0011007314997643,238,1,9,0,77,0.0026736108853416024
9249,-0.0332943303903839,0.1015229459036051,0.0436699015850927,238,9,8,2,5,0.0008888258895714794
9250,-0.2142679856752827,0.0954803715953162,0.0378496919599309,238,5,7,2,24,0.0024001793753435753
9251,-0.2336276282664964,0.0830370376813662,0.0289602758795854,238,5,6,1,26,0.0036553501392859243
9252,-0.3229798248413288,0.0897456234092299,0.0255976022789335,238,3,6,1,4,0.0018419565479803385
9253,-0.0300322660709853,0.0768957489673437,0.0017865978945035,238,9,5,0,128,0.00475484797010613
9254,0.1707265184554834,0.0755494497987494,0.047218804812869,238,13,5,3,23,0.0012615436760510372
9255,0.2102967769386235,0.1119482875688601,0.1285679213892714,238,14,9,8,4,0.00028776607812013553
9256,0.150515902563557,0.094614850487249,0.0740290363312114,238,13,7,4,3,0.0005511484936524002
9257,0.0324433570896713,0.0893510680928232,0.0494675237924348,238,10,6,3,31,0.0017261073251220965
9258,-0.1689536574123319,0.1117245373908749,0.0240851659664762,238,6,9,1,16,0.0018103153645663555
9259,-0.0265574584264085,0.0675858294193908,0.0017474146000535,238,9,4,0,110,0.004292388740450521
9260,-0.1038541999078112,0.1104392968708353,0.0836906840899732,238,7,9,5,11,0.0009668215948625848
9261,-0.335460766585115,0.1221811188290779,0.0124552846128468,238,3,10,0,24,0.002332232535430932
9262,-0.1032868843740027,0.0810447443225668,0.0362913430024007,238,8,6,2,25,0.0025738901815202356
9263,0.0259901428926,0.0876288312898029,0.0755763022327177,238,10,6,4,15,0.0012094322560504275
9264,-0.0449952132751834,0.0761170802504123,0.0043535420667264,238,9,5,0,128,0.00475484797010613
9265,-0.0203169875545154,0.0571702615959068,0.0128660727924074,238,9,3,0,38,0.002541755274822797
9266,0.2770272666028436,0.0476120943959003,0.0205106717255209,238,15,2,1,18,0.00142560135977588
9267,0.0181895543027337,0.0638576395756502,0.0092926721001854,238,10,4,0,104,0.004355003298635465
9268,-0.1001666489380562,0.0833365288076558,0.0194812686740969,238,8,6,1,32,0.004098846777087474
9269,0.057972556111052,0.0919734213020053,0.0823663158224546,238,11,7,5,17,0.0010146204443782594
9270,0.230649221714002,0.0476732717586255,0.0092598316119096,238,14,2,0,63,0.001936958343928828
9271,0.0450661277169095,0.1134828108145129,0.106560184888199,238,10,9,6,13,0.0007544960516155897
9272,-0.3450342162181327,0.1119223284303202,0.043285221923293,238,3,9,2,13,0.0019644862268845802
9273,-0.1000248200546041,0.1169190647060079,0.0566120550546187,238,8,9,3,10,0.0007271692680472435
9274,-0.0392511434953728,0.0618836572773524,0.0133519152743608,238,9,4,0,110,0.004292388740450521
9275,0.0208133886465978,0.094017237026516,0.049791256858886,238,10,7,3,21,0.0013092804382386475
9276,-0.2670992447611955,0.1199716510157143,0.0593861157590285,238,4,10,3,9,0.0010100687867596464
9277,0.164060560933234,0.0641822905482515,0.0170682107749281,238,13,4,1,27,0.002211503016508247
9278,0.0427259511399496,0.0531362384866374,0.010999360905249,238,10,3,0,83,0.003204714279147116
9279,0.0217352763890366,0.074252948067663,0.0019802969782879,238,10,5,0,75,0.003855261700858351
9280,0.0496755664291032,0.0691425206069711,0.0119763648075389,238,11,4,0,96,0.0038563263286608743
9281,-0.349005424954792,0.1038975151657358,0.0069163927450664,238,3,8,0,100,0.004333383064151017
9282,-0.2319965961067971,0.0943158196210791,0.0530550023700121,238,5,7,3,14,0.0013318451260624542
9283,0.4423288302662836,0.0381600960024961,0.0383892251409651,238,18,1,2,2,0.00023444701871943557
9284,-0.0798851186044037,0.073711530706645,0.0115494787618021,238,8,5,0,118,0.004884276702473828
9285,-0.0024465482395489,0.0603569535326928,0.0124178761616437,238,10,3,0,83,0.003204714279147116
9286,-0.1034287132574548,0.0622099387728346,0.0045379593590372,238,7,4,0,53,0.0027892752163863077
9287,-0.2973797113782221,0.1162003371761217,0.0063698993384168,238,4,9,0,63,0.0032442879918447966
9288,-0.1530688224656951,0.0902130969800806,0.0052896584607999,238,7,6,0,105,0.004915439800339099
9289,0.1699464595964968,0.0536832643752345,0.0019401891528797,238,13,3,0,68,0.0026935169555837167
9290,-0.4287841718966066,0.1399874849361934,0.0445942870471217,238,1,12,2,5,0.000499757758089458
9291,-0.2249760663759174,0.1047841450017005,0.0206842444847986,238,5,8,1,31,0.003710872647041985
9292,-0.3390064886714179,0.1120936587165912,0.0009626402206769,238,3,9,0,69,0.003704547569987754
9293,-0.31702301173634,0.1425507790267398,0.1318706584409308,238,3,12,8,1,0.00012823094155153168
9294,-0.1589547211289578,0.0809305978573279,0.0073601794263132,238,6,6,0,123,0.0049806266057812725
9295,-0.411977449207531,0.0905146900820456,0.0029730609298756,238,1,7,0,16,0.001358025859596965
9296,-0.2742616033755273,0.1261288952737806,0.0634061248221112,238,4,10,4,10,0.0007531324760669358
9297,0.0804524341382122,0.0655790717160914,0.0260204009234628,238,11,4,1,35,0.00355858256828443
9298,-0.0315214693472325,0.0684686863261838,0.0015947080576042,238,9,4,0,110,0.004292388740450521
9299,-0.0198915009041591,0.0950116748442484,0.0999158760358839,238,9,7,6,5,0.000588261317527889
9300,0.3223415948657944,0.0477272551858881,0.0288403693350668,238,16,2,1,18,0.0010750831663844517
9301,-0.023437222990462,0.0696460671288998,0.0041528163007632,238,9,4,0,110,0.004292388740450521
9302,0.4609793284402368,0.0555494063383263,0.0538483145718269,238,19,3,3,1,9.725360103316222e-05
9303,-0.288586320604191,0.0864628154547441,0.00490439495995,238,4,6,0,60,0.003468743098616289
9304,-0.0244300251746268,0.1108016050915211,0.0748447245367496,238,9,9,4,5,0.0005717757723439476
9305,-0.3295039534801262,0.0964076833499827,0.0037466623143089,238,3,7,0,83,0.0037735571101525844
9306,-0.172641208382087,0.080223241885602,0.0195554335781403,238,6,5,1,15,0.003066965874110903
9307,-0.1391695918873878,0.0921471888018417,0.0119000633209666,238,7,7,0,75,0.003922112144946418
9308,-0.2043399638336347,0.0819752481073843,0.0034589836991986,238,5,6,0,104,0.004457874728275953
9309,-0.112293018473212,0.0819374907067877,0.0245916587368025,238,7,6,1,35,0.004354591136495643
9310,0.2444775378505832,0.0515637524893115,0.003385865073177,238,14,3,0,25,0.0018030019399556335
9311,-0.2792256142963514,0.0976132624402896,0.0045140304504397,238,4,7,0,120,0.004630464276693427
9312,0.0019501471474665,0.0677755384851579,0.0142091620182898,238,10,4,0,104,0.004355003298635465
9313,-0.0968336701769315,0.1307822375280891,0.1291836260592043,238,8,11,8,16,0.0005696293568104668
9314,0.0697443534375775,0.1314899450014965,0.11312043869892,238,11,11,7,1,0.0002536820713713193
9315,-0.0432932666737581,0.1356071788765345,0.1602439228868979,238,9,11,10,4,0.0003500106579769918
9316,-0.1234975002659291,0.0691378457480744,0.0049089206596392,238,7,4,0,53,0.0027892752163863077
9317,-0.1562599723433677,0.0828007836126864,0.0346316521601287,238,6,6,2,15,0.0022845815446225454
9318,-0.3750310250682551,0.1011449198418957,0.0066290200242732,238,2,8,0,89,0.003550440087193625
9319,-0.2018579583732226,0.0782551757636555,0.0106379811773707,238,6,5,0,87,0.0037737578394178533
9320,-0.1388859341204836,0.0659980051079909,0.0161619800199382,238,7,4,1,13,0.002255601474021136
9321,0.1402333085132787,0.0617459954753268,0.0256407648363774,238,12,4,1,39,0.0030492137784899846
9322,-0.1943410275502605,0.094302591474973,0.0106597305593304,238,6,7,0,96,0.004713885748433999
9323,-0.1014431088891252,0.0725541463859419,0.0022402131136469,238,8,5,0,118,0.004884276702473828
9324,0.3183703861291351,0.0391808638908288,0.0210506289313628,238,16,1,1,6,0.000947826424712255
9325,-0.1768960748856504,0.0953777909272088,0.0214505105924228,238,6,7,1,34,0.0042053397344584634
9326,-0.0282594050278339,0.063019137619025,0.0053047361516885,238,9,4,0,110,0.004292388740450521
9327,-0.310853455306173,0.1087556355422401,0.0050013505065499,238,3,8,0,100,0.004333383064151017
9328,0.1439208594830336,0.1657616470146936,0.2041823076332036,238,12,14,13,3,0.00011963542034996559
9329,-0.044427897741375,0.0704108610760218,0.0208150871504102,238,9,4,1,19,0.003555003348932449
9330,-0.1576782611778888,0.1058226712496926,0.0376001520904937,238,6,8,2,12,0.0021300057737232703
9331,-0.0359181647342481,0.0876933729994855,0.0519514142563503,238,9,6,3,22,0.0016882375614213183
9332,-0.2650427259511398,0.1116619351222276,0.0021492981854381,238,4,9,0,63,0.0032442879918447966
9333,-0.0441442399744707,0.0823787754411792,0.0023964231768521,238,9,6,0,67,0.003528788865454604
9334,0.0118072545473885,0.0811684625477109,0.0557741918249791,238,10,6,3,31,0.0017261073251220965
9335,-0.0302450093961635,0.0671101454977729,0.0126726776295892,238,9,4,0,110,0.004292388740450521
9336,-0.294826791476084,0.1101777550940793,0.0102792200368636,238,4,9,0,63,0.0032442879918447966
9337,-0.1268304790270538,0.1181657446496596,0.0052894793866872,238,7,9,0,7,0.0010282395805998098
9338,0.2300819061801935,0.0878397566674812,0.0929079545940737,238,14,6,6,6,0.00044836706910762064
9339,-0.2418537035067191,0.1006577368923202,0.0034125725607951,238,5,8,0,70,0.004087396103385501
9340,-0.2070347126192248,0.152726166966961,0.169945912246462,238,5,13,11,3,0.0001475334450583053
9341,0.1087472963869091,0.0663159743416783,0.0336290406750226,238,12,4,2,30,0.0021432616240922957
9342,-0.155408999042655,0.0877773574350414,0.0439643235244242,238,6,6,2,15,0.0022845815446225454
9343,-0.2956068503350707,0.113843067183033,0.0135540416408199,238,4,9,0,63,0.0032442879918447966
9344,0.0869765627770095,0.1038206087547762,0.0955678695708606,238,11,8,6,14,0.0008546697678377422
9345,-0.0932170336489025,0.1147566429418258,0.0926795446667675,238,8,9,6,16,0.0008557918870896612
9346,-0.1824274013402829,0.1273921710640832,0.0742083447259672,238,6,10,4,4,0.00067967515270272
9347,-0.1534943091160514,0.0789011445980514,0.0368873524791853,238,7,5,2,14,0.0019215935290123082
9348,0.0992447611956174,0.0757601620085169,0.0195724718906664,238,12,5,1,16,0.0020170201009321654
9349,-0.2817785341984894,0.1314468857170178,0.1146567151570097,238,4,11,7,9,0.0003667086798703979
9350,-0.0071269013934687,0.0643852435107861,0.0020120347745245,238,9,4,0,110,0.004292388740450521
9351,-0.0857710172676665,0.0834762085709768,0.0290324539301396,238,8,6,1,32,0.004098846777087474
9352,0.1990213807041803,0.0619516728782216,0.0445178439315161,238,14,4,2,15,0.0012844812788815414
9353,-0.379853207105627,0.092983539768376,0.0033283519172835,238,2,7,0,52,0.002597604187038845
9354,-0.0984647023366308,0.0991621364313504,0.0522102926480555,238,8,7,3,12,0.001600014694282029
9355,-0.2014324717228663,0.1043755032873912,0.0628911772050767,238,6,8,4,11,0.0012040164928400956
9356,-0.3959507853774421,0.0960286791028579,0.0325977976264447,238,2,7,2,3,0.0009161680650874196
9357,-0.291139240506329,0.0948592845813051,0.022934456524548,238,4,7,1,28,0.0038455970181802803
9358,0.0113108534553061,0.1047963131284635,0.0827235179134519,238,10,8,5,11,0.0009142347313185025
9359,-0.1098110130128,0.1273156998837591,0.095801827848621,238,7,10,6,11,0.0007346749988251823
9360,-0.1405169662801829,0.1136096522929425,0.0972654520613475,238,7,9,6,13,0.0008976724089664401
9361,-0.0003191149877672,0.0777448814881236,0.0638752884933113,238,10,5,4,5,0.0008279011511416063
9362,-0.1125057617983902,0.0865567192729644,0.046963918621517,238,7,6,3,9,0.0014084456908025063
9363,0.0216643619473105,0.0536236100287863,0.0069349191669214,238,10,3,0,83,0.003204714279147116
9364,-0.3363826543275537,0.0947436925524716,0.0111997263515712,238,3,7,0,83,0.0037735571101525844
9365,-0.3780094316207495,0.1236025391987336,0.1055225732337957,238,2,10,6,3,0.00017059864238273608
9366,-0.3653157465517852,0.123645704514318,0.0020411797105142,238,2,10,0,64,0.0027862606231091225
9367,-0.0414494911888806,0.1888962754968304,0.245897340387707,238,9,17,16,2,5.2540385176719826e-05
9368,0.2076729425947593,0.0805041872698511,0.082049215002283,238,14,5,5,3,0.0005406989392504141
9369,-0.2652554692763181,0.1137621550440426,0.0171985614743876,238,4,9,1,33,0.00306687553510888
9370,0.0149984044250611,0.0690491532336082,0.0226876097407485,238,10,4,1,35,0.00376178763264307
9371,-0.1795199092295145,0.1134318578641521,0.0932179400184138,238,6,9,6,15,0.0008086379587624537
9372,-0.2336985427082225,0.0921792621340253,0.0079813056915339,238,5,7,0,118,0.004976576343704583
9373,-0.2755380633265964,0.1026974285420369,0.0158071644922317,238,4,8,1,31,0.003922345351422437
9374,-0.4159486579441903,0.1099664240091012,0.0022123461274418,238,1,9,0,77,0.0026736108853416024
9375,-0.4016239407155266,0.1161963442779755,0.0046583283987594,238,2,9,0,92,0.0036402965216667748
9376,-0.2757508066517746,0.1717024766948578,0.1375814718842203,238,4,15,9,1,2.2171986481318055e-05
9377,-0.4039641172924866,0.1043826603087143,0.00058504409743,238,2,8,0,89,0.003550440087193625
9378,-0.0701698400879339,0.0821527778221202,0.0539766275976827,238,8,6,3,16,0.001552115822956393
9379,-0.2787292132042689,0.085510493338985,0.0028233546298895,238,4,6,0,60,0.003468743098616289
9380,-0.3463815906109278,0.1216652177768027,0.0044563337580222,238,3,10,0,24,0.002332232535430932
9381,0.1027904832819203,0.0675132052872618,0.0098146273702454,238,12,4,0,46,0.003005418736203267
9382,-0.0792468886288692,0.0950489629687353,0.0191368922575625,238,8,7,1,25,0.0028794895434652297
9383,-0.0043612381661525,0.0667320798373015,0.0248989720199168,238,9,4,1,19,0.003555003348932449
9384,-0.0021628904726447,0.0730177294141189,0.0094345517617196,238,10,5,0,75,0.003855261700858351
9385,0.3172357550615182,0.0583030284088121,0.0397149891896357,238,16,3,2,22,0.0008277185805572241
9386,-0.2974506258199482,0.0844981543057177,0.005881984715997,238,4,6,0,60,0.003468743098616289
9387,-0.299719887955182,0.1076932033952729,0.0248179866527671,238,4,8,1,31,0.003922345351422437
9388,-0.1583874055951494,0.0988427957289618,0.0188953531503751,238,6,7,1,34,0.0042053397344584634
9389,-0.0897422260043257,0.1210920239785631,0.107842365152257,238,8,10,7,10,0.0007142533272646659
9390,-0.2926993582243024,0.1101254132480215,0.0039280582589896,238,4,9,0,63,0.0032442879918447966
9391,0.0400312023543594,0.106440130725741,0.0960313465902462,238,10,8,6,15,0.0008757743252029102
9392,-0.0924369747899159,0.0838945960070562,0.0419463001299039,238,8,6,2,25,0.0025738901815202356
9393,-0.1900861610466971,0.1047844078100963,0.0371606617581867,238,6,8,2,12,0.0021300057737232703
9394,0.0059213558841258,0.0575244313094722,0.0053675236316201,238,10,3,0,83,0.003204714279147116
9395,-0.1660461653015636,0.0856293711269352,0.0052192694405903,238,6,6,0,123,0.0049806266057812725
9396,0.3139027763003935,0.1135969977289291,0.1506229729587286,238,16,9,9,6,0.00016151987207929988
9397,-0.2631280360245364,0.0847659478925879,0.0023147024091633,238,4,6,0,60,0.003468743098616289
9398,-0.2355423181930999,0.1007607336643501,0.0144959881433084,238,5,8,0,70,0.004087396103385501
9399,-0.2649718115094138,0.1171371113832476,0.0231264434332064,238,4,9,1,33,0.00306687553510888
9400,-0.0303868382796156,0.0810325767315796,0.0211632768713617,238,9,6,1,35,0.003457223377569426
9401,0.2197283976881892,0.0782579444969669,0.0696932982712416,238,14,5,4,19,0.0007926131938837975
9402,-0.2683047902705385,0.0751238502114912,0.0137303355711114,238,4,5,0,26,0.0018323270165334974
9403,0.1311562599723433,0.0566337023934001,0.0047335907744179,238,12,3,0,112,0.0033545247846789965
9404,-0.3475871361202708,0.095349439051035,0.0082875000248441,238,3,7,0,83,0.0037735571101525844
9405,0.3580824734957273,0.0652347972035441,0.0632906659206022,238,17,4,4,12,0.0004113184296377977
9406,-0.0290394638868205,0.067727403347601,0.0130099405590496,238,9,4,0,110,0.004292388740450521
9407,-0.3091515087047476,0.0900635952415411,0.0064748245104703,238,3,6,0,36,0.0023601621856203458
9408,-0.0175513243271992,0.0807281699189366,0.0192456287619732,238,9,6,1,35,0.003457223377569426
9409,-0.1662589086267418,0.1016288229886318,0.0027455705059235,238,6,8,0,57,0.003300602884874217
9410,-0.0842108995496932,0.0807189861761293,0.0007116946101225,238,8,6,0,87,0.004426521123504939
9411,-0.2444066234088571,0.0848625150465429,0.0129746809158462,238,5,6,0,104,0.004457874728275953
9412,-0.2316420238981668,0.08615622385273,0.0057315005001619,238,5,6,0,104,0.004457874728275953
9413,-0.2414991312980888,0.1375547293689813,0.1193498716612339,238,5,11,7,6,0.0004486655610610588
9414,0.1877459844697372,0.0711117643803232,0.0548056210596425,238,13,5,3,23,0.0012615436760510372
9415,-0.0191823564868985,0.0782325854860778,0.0219083482607613,238,9,5,1,43,0.0042530637397620065
9416,0.399567421905471,0.0252319216585308,0.0056701109451451,238,18,0,0,15,0.0003567083730917672
9417,-0.2746161755841576,0.1159831847566618,0.0224008035350463,238,4,9,1,33,0.00306687553510888
9418,0.1915753643229443,0.0824464152248732,0.055125709551419,238,13,6,3,5,0.0008534856354373841
9419,0.2217140020565187,0.1053301999434315,0.1248113402012633,238,14,8,8,11,0.00034641907018767093
9420,0.0803815196964861,0.0768599703974671,0.0167424445899677,238,11,5,1,13,0.002822196505883785
9421,0.1096691841293479,0.0640551308500657,0.0052107740332284,238,12,4,0,46,0.003005418736203267
9422,-0.1397369074211963,0.1509501861590799,0.1400608660220315,238,7,13,9,1,0.0001861876433911367
9423,0.347799879445449,0.0333493697717341,0.0007577385180405,238,16,1,0,44,0.0011029673443555539
9424,-0.1985249796120979,0.1060816026059002,0.053024066601215,238,6,8,3,17,0.0015567601468503074
9425,-0.0640002836577669,0.1068479891536401,0.0807425811311426,238,8,8,5,12,0.0009924301394853789
9426,-0.1948374286423429,0.0954640484031758,0.0100657390620086,238,6,7,0,96,0.004713885748433999
9427,-0.0886785093784349,0.0672098661718992,0.0104766652315865,238,8,4,0,68,0.003645851648012564
9428,-0.0040066659575222,0.0759277184939438,0.0018697668785036,238,9,5,0,128,0.00475484797010613
9429,-0.0732900755238804,0.053835235792161,0.0145075620649613,238,8,3,0,13,0.0017505038814693567
9430,0.0472644754104173,0.0536690825235118,0.0106265001613869,238,10,3,0,83,0.003204714279147116
9431,-0.3785058327128319,0.1383770988485095,0.0107408780950819,238,2,11,0,22,0.0015995178499110165
9432,-0.1705137751303052,0.0793135183604613,0.0119514174102234,238,6,5,0,87,0.0037737578394178533
9433,0.2057582526681558,0.0513556077880609,0.0063679953864651,238,14,3,0,25,0.0018030019399556335
9434,0.2128496968407616,0.0603136443123616,0.0177179398375156,238,14,3,1,20,0.0018794301899020256
9435,0.1530688224656951,0.0503778007682895,0.0060044802601047,238,13,2,0,51,0.002201728852969309
9436,-0.1074708364358401,0.083555248227574,0.0526544729103244,238,7,6,3,9,0.0014084456908025063
9437,0.0779704286778002,0.0607990929341859,0.0075654730903593,238,11,3,0,87,0.0035031944625956886
9438,-0.0952026380172322,0.100129603655419,0.0501645730425448,238,8,8,3,12,0.0012201196394973663
9439,0.1810091125057617,0.0667560686631944,0.0473276478055484,238,13,4,3,11,0.001202520299529772
9440,-0.1468992660355281,0.0705653723058538,0.0030284745571255,238,7,4,0,53,0.0027892752163863077
9441,0.1261922490515193,0.0578181612179125,0.0109841459354652,238,12,3,0,112,0.0033545247846789965
9442,-0.1863276956352161,0.0746962293536481,0.0127755355607672,238,6,5,0,87,0.0037737578394178533
9443,-0.0430805233485799,0.0848552159445397,0.0267716547920964,238,9,6,1,35,0.003457223377569426
9444,-0.1164769705350494,0.0671269204940426,0.0064636580616522,238,7,4,0,53,0.0027892752163863077
9445,-0.3744637095344466,0.1286647754973246,0.0025162936033708,238,2,10,0,64,0.0027862606231091225
9446,-0.0552068928837357,0.1065666626228285,0.0718815730114787,238,8,8,4,10,0.0011267995437752609
9447,-0.0256355706839697,0.0669077030882121,0.0021374144127939,238,9,4,0,110,0.004292388740450521
9448,0.2119278090983228,0.0440923324706018,0.0104377989498674,238,14,2,0,63,0.001936958343928828
9449,0.3673722653618409,0.0599800141045273,0.0588622502540725,238,17,3,3,8,0.00048395992218328883
9450,-0.0353508492004396,0.1377382535459111,0.1476808291815149,238,9,11,9,6,0.0004840266587636239
9451,-0.0377619402191256,0.0899367872098838,0.0452124232804304,238,9,6,2,24,0.002447719255977075
9452,0.2537673297166967,0.0405039093374026,0.0083403359529575,238,15,1,0,37,0.0012568719412054995
9453,-0.2810693897812289,0.0967844724144713,0.0515042101972928,238,4,7,3,4,0.0009756250289295255
9454,-0.1920717654150267,0.0838511894787529,0.0018983819725339,238,6,6,0,123,0.0049806266057812725
9455,-0.0657022302591922,0.1251583687929147,0.1390649201975323,238,8,10,9,4,0.0003905418337075422
9456,-0.0720845300145374,0.1441673237082131,0.1588025234220924,238,8,12,10,6,0.00034424055238717175
9457,-0.0566960961599829,0.0799051017301141,0.0318366980991279,238,8,5,2,17,0.0022773988520767567
9458,-0.3880083679041236,0.1169142466724506,0.0716730117313764,238,2,9,4,4,0.00046161949546625047
9459,-0.2406481579973761,0.0954192356641119,0.0083264111303095,238,5,7,0,118,0.004976576343704583
9460,0.1303762011133567,0.085499564185654,0.0595603583365583,238,12,6,3,15,0.0012031467636487892
9461,0.3777966882955713,0.0940721525576767,0.1166900930026741,238,17,7,7,3,0.0001758520471339795
9462,-0.3580115590540013,0.0844199907979676,0.004067673371196,238,2,6,0,18,0.0013709358574978201
9463,0.0362727369428784,0.0810901491567316,0.0142332807096468,238,10,6,0,9,0.002287597437481778
9464,-0.1412261106974435,0.0732151043439928,0.0035249073124842,238,7,5,0,86,0.004462857898018962
9465,0.0255646562422437,0.0889836477964621,0.0742130499911194,238,10,6,4,15,0.0012094322560504275
9466,-0.2719923412402935,0.1027895792029775,0.0104372997624878,238,4,8,0,91,0.004483419991872029
9467,-0.024713682941531,0.1017768393559274,0.1045621936467651,238,9,8,6,9,0.0008307097466969611
9468,-0.2668155869942913,0.1298284525538775,0.0945291900727151,238,4,11,6,1,0.0003614579080671532
9469,0.0297486083040811,0.0831864229627207,0.0182813952439263,238,10,6,1,19,0.0024793188556417934
9470,0.136900329752154,0.1092419182059543,0.1002351534872982,238,12,8,6,17,0.0007219739687309315
9471,0.0891749104705173,0.0531721475138802,0.028070386405987,238,11,3,1,20,0.0029229560613640614
9472,-0.299719887955182,0.1060127482562623,0.0133155808453201,238,4,8,0,91,0.004483419991872029
9473,-0.0966918412934794,0.1458650997870524,0.1634146146103199,238,8,12,10,6,0.00034424055238717175
9474,-0.1754068716094032,0.087358995907095,0.0016145609629972,238,6,6,0,123,0.0049806266057812725
9475,-0.377442116086941,0.1199860678779022,0.0267300970073395,238,2,10,1,26,0.002507580560992337
9476,-0.0064886714179342,0.0665631554311051,0.0125263286212782,238,9,4,0,110,0.004292388740450521
9477,-0.0554905506506399,0.0733949615375634,0.0252667995123955,238,8,5,1,45,0.004231983686421704
9478,-0.0210970464135021,0.1239050809510528,0.1307897847175308,238,9,10,8,11,0.000620914219708723
9479,-0.1590256355706839,0.1159828872456391,0.0964758213329469,238,6,9,6,15,0.0008086379587624537
9480,-0.0246427684998049,0.1341790547899493,0.1496379469838061,238,9,11,9,6,0.0004840266587636239
9481,-0.312059000815516,0.1258375895352492,0.0264166837024165,238,3,10,1,18,0.0022729880349347505
9482,0.0547104917916533,0.0875902037693275,0.0552692367362838,238,11,6,3,17,0.0015177436956017969
9483,0.022231677481119,0.0586739157493567,0.0026707082788921,238,10,3,0,83,0.003204714279147116
9484,-0.3048257277594582,0.1142108509441006,0.0453387649482441,238,3,9,2,13,0.0019644862268845802
9485,-0.0077651313690032,0.0683569084286158,0.0047852360703492,238,9,4,0,110,0.004292388740450521
9486,-0.0750629365670318,0.0889938836074628,0.0184737226241679,238,8,6,1,32,0.004098846777087474
9487,-0.1391695918873878,0.0832861352099942,0.0014147351864702,238,7,6,0,105,0.004915439800339099
9488,0.0710208133886465,0.0992200878610135,0.0728786705518059,238,11,7,4,16,0.0010682896120130846
9489,-0.0433641811154841,0.0794791927901298,0.006269360790031,238,9,5,0,128,0.00475484797010613
9490,0.0968336701769315,0.1408990732418583,0.1572799361383572,238,11,12,10,7,0.00033215604869236173
9491,0.1534943091160514,0.0467630582362448,0.0024767274792752,238,13,2,0,51,0.002201728852969309
9492,-0.3511328582065737,0.1197578430907383,0.074104876404406,238,3,10,4,5,0.0006665409693917255
9493,0.1213700670141474,0.087994025127999,0.0564006226079017,238,12,6,3,15,0.0012031467636487892
9494,-0.2327057405240577,0.0808102818283592,0.0077485754941461,238,5,6,0,104,0.004457874728275953
9495,-0.0266992873098606,0.0867937756985338,0.006295874289926,238,9,6,0,67,0.003528788865454604
9496,-0.4142467113427648,0.1316764655310296,0.026334055576744,238,1,11,1,21,0.0014808047137841256
9497,0.1404460518384568,0.0604757633867177,0.0119179835105046,238,12,3,0,112,0.0033545247846789965
9498,-0.1185334893451051,0.1085065694930846,0.1090465240156866,238,7,8,7,4,0.0004435380672483119
9499,0.2819912775236676,0.0776814938323956,0.0836266926173106,238,15,5,5,6,0.00046407424126456716
9500,0.0956990391093146,0.0698090002129321,0.0263286011069742,238,11,4,1,35,0.00355858256828443
9501,-0.145551891642733,0.0949871459818802,0.0206977662156147,238,7,7,1,42,0.0036960149974717034
9502,-0.0269120306350388,0.0599159837454259,0.0078943157632564,238,9,3,0,38,0.002541755274822797
9503,0.0149984044250611,0.1077519723798001,0.1127732286214435,238,10,8,7,7,0.0006249498792050277
9504,0.0427259511399496,0.1055862594253147,0.0808461050227068,238,10,8,5,11,0.0009142347313185025
9505,0.1787398503705279,0.0518036799199036,0.0027831280473082,238,13,3,0,68,0.0026935169555837167
9506,-0.2095876325213629,0.1039095273362424,0.0137448650210623,238,5,8,0,70,0.004087396103385501
9507,-0.1334964365493032,0.101500016302606,0.0034469080556577,238,7,8,0,22,0.0023093496379671427
9508,-0.2484487465872424,0.0952438109884838,0.00604006795216,238,5,7,0,118,0.004976576343704583
9509,-0.2062546537602382,0.0779314790874588,0.0139844138800571,238,5,5,0,48,0.002829270609622204
9510,0.1483884693117753,0.047986367282217,0.0038919997712019,238,13,2,0,51,0.002201728852969309
9511,-0.1780307059532673,0.1140731083505691,0.0837912542643628,238,6,9,5,14,0.0009713154263924001
9512,-0.0069850725100166,0.084582363681671,0.0630130852228042,238,9,6,4,6,0.0010591820298992368
9513,-0.2774527532531999,0.0974659550587586,0.0335795919634814,238,4,7,2,14,0.001988598870210548
9514,0.0811615785554728,0.0640504175693575,0.0019507332608897,238,11,4,0,96,0.0038563263286608743
9515,0.0581852994362301,0.1004590683004892,0.0824006732531536,238,11,8,5,12,0.0008198512207264593
9516,0.4855866397191787,0.0333850627640559,0.0268087400914762,238,19,1,1,3,0.00015661013839677086
9517,-0.0591781016203949,0.0845728606273728,0.0134307488084034,238,8,6,0,87,0.004426521123504939
9518,-0.1540616246498599,0.1358483879104801,0.1573109313576354,238,6,11,10,4,0.00020015453098836327
9519,-0.2341240293585788,0.0853344658917406,0.006802927519112,238,5,6,0,104,0.004457874728275953
9520,-0.1898025032797929,0.0811966222620745,0.0136588215840042,238,6,6,0,123,0.0049806266057812725
9521,-0.3968017586781547,0.1098557431304729,0.0103602241786542,238,2,9,0,92,0.0036402965216667748
9522,-0.3138318618586674,0.1038121574372193,0.0463366993957262,238,3,8,3,10,0.0009970606512748586
9523,-0.0739283054994149,0.0887823614131254,0.0053123779109562,238,8,6,0,87,0.004426521123504939
9524,-0.1783143637201716,0.084068151913715,0.0290331330629745,238,6,6,1,30,0.004217975956735463
9525,0.0411658334219763,0.0781523305063395,0.0268137394097144,238,10,5,1,35,0.003681177079075407
9526,-0.3153210651349146,0.0953790186297488,0.0761289987200331,238,3,7,4,4,0.00032968926352290156
9527,-0.1910080487891358,0.0899175125113483,0.0058611695054908,238,6,6,0,123,0.0049806266057812725
9528,-0.1377513030528667,0.0986491020987276,0.0522684968913357,238,7,7,3,28,0.0017006627136119561
9529,-0.048186363152856,0.0728907084367943,0.0050248665105352,238,9,5,0,128,0.00475484797010613
9530,-0.1359784420097152,0.127503728838141,0.1059004534276244,238,7,10,6,11,0.0007346749988251823
9531,-0.1315817466226997,0.1085794858410781,0.0351361782499359,238,7,8,2,12,0.0017732637311286177
9532,-0.2837641385668191,0.1397570054158358,0.0471012088534686,238,4,12,3,5,0.0003360397120802429
9533,-0.3804914370811615,0.1100354113555228,0.0006515508516274,238,2,9,0,92,0.0036402965216667748
9534,0.1689536574123319,0.0624443917676151,0.0239931481023672,238,13,4,1,27,0.002211503016508247
9535,-0.4524695954331099,0.1329943041771172,0.0033821252659997,238,1,11,0,44,0.0016412330933814783
9536,-0.160443924405205,0.1182919627622159,0.0848758945513782,238,6,9,5,14,0.0009713154263924001
9537,-0.1790235081374321,0.0983245198727078,0.0432800860470635,238,6,7,2,22,0.002576945851115547
9538,-0.0112399390135801,0.0723674335941324,0.0264471012499174,238,9,5,1,43,0.0042530637397620065
9539,-0.1042087721164414,0.083182550566905,0.0016309130679221,238,7,6,0,105,0.004915439800339099
9540,0.1610821543807396,0.0826175505876287,0.0618300112662893,238,13,6,4,14,0.0008774977138896638
9541,0.0168421799099386,0.0834434983052457,0.0148655056407397,238,10,6,0,9,0.002287597437481778
9542,-0.0655604013757401,0.0637779142973052,0.0263871868160717,238,8,4,1,19,0.0029757617683365627
9543,0.0988901889869871,0.0517955096008886,0.015720471452421,238,12,3,1,38,0.0029775459777509877
9544,-0.2289472751125766,0.0944533947193628,0.0526575276780951,238,5,7,3,14,0.0013318451260624542
9545,0.1576073467361627,0.0700002775299304,0.0389491798920102,238,13,4,2,27,0.0017949624306630315
9546,0.077757685352622,0.0577137252565073,0.0263349585490045,238,11,3,1,20,0.0029229560613640614
9547,-0.0692479523454951,0.0702574559306194,0.0026260037822761,238,8,4,0,68,0.003645851648012564
9548,0.2432719923412402,0.0678113927477687,0.0737547880205412,238,14,4,4,6,0.0006609381651936833
9549,-0.1682445129950714,0.0646513488840528,0.0046645060399445,238,6,4,0,25,0.0019497198210807415
9550,-0.2869552884444916,0.1038776215268311,0.0196353328174867,238,4,8,1,31,0.003922345351422437
9551,-0.4004893096479097,0.1376976669416783,0.0376655670693724,238,2,11,2,4,0.0010138083926414193
9552,0.1697337162713186,0.0942537846036052,0.080914337489517,238,13,7,5,8,0.0006818188256363926
9553,-0.1802999680885012,0.1047285573973691,0.0429730742028206,238,6,8,2,12,0.0021300057737232703
9554,0.2708577101726766,0.0330578218058351,0.0106478627965946,238,15,1,0,37,0.0012568719412054995
9555,-0.377371201645215,0.0967990525703766,0.0014023253787799,238,2,7,0,52,0.002597604187038845
9556,-0.2683047902705385,0.1325737988112704,0.1084671891197004,238,4,11,7,9,0.0003667086798703979
9557,0.1016558522143034,0.1191542569726536,0.1353331023117643,238,12,9,8,7,0.00044492125945252525
9558,-0.254121901925327,0.1196984799068899,0.0167688360888622,238,4,10,1,11,0.0018171377599596609
9559,-0.092578803673368,0.149687243934454,0.1637801189965399,238,8,13,10,2,0.00023534205536326455
9560,-0.2535545863915186,0.1125492552923073,0.07700391865709,238,5,9,5,9,0.0008369087035700342
9561,-0.2039144771832783,0.1490079894550556,0.1688311015908765,238,5,13,11,3,0.0001475334450583053
9562,0.0221607630393929,0.0723913650010335,0.0306452905269855,238,10,5,1,35,0.003681177079075407
9563,-0.3803496081977094,0.0996185433770971,0.0114569018818632,238,2,7,0,52,0.002597604187038845
9564,-0.2329893982909619,0.1105976160720751,0.0020846255695571,238,5,9,0,34,0.002548715097143437
9565,-0.1595929511044924,0.0719416291288463,0.0053106156743455,238,6,5,0,87,0.0037737578394178533
9566,0.2176718788781335,0.0551845351875649,0.0417049891061798,238,14,3,2,20,0.001345194623171677
9567,-0.2512144098145586,0.1165527096794371,0.0149037447934727,238,5,9,0,34,0.002548715097143437
9568,-0.2695103357798815,0.1087325176730799,0.0186510559351733,238,4,8,1,31,0.003922345351422437
9569,-0.4006311385313618,0.1243743108575019,0.0665079244344781,238,2,10,4,5,0.00048254370212750896
9570,-0.2128496968407616,0.0763892451289577,0.0031697904941749,238,5,5,0,48,0.002829270609622204
9571,-0.2463213133354607,0.1290916866720251,0.1174547482433078,238,5,10,7,7,0.0005319253452796087
9572,-0.4130411658334219,0.1233790327203533,0.0045088886385017,238,1,10,0,58,0.0024176974686684533
9573,0.1623586143318086,0.0473503286054699,0.0065025513768548,238,13,2,0,51,0.002201728852969309
9574,-0.1968230330106726,0.1017382187151806,0.0059431835011442,238,6,8,0,57,0.003300602884874217
9575,0.2231322908910399,0.0461932367870953,0.0126364299794562,238,14,2,0,63,0.001936958343928828
9576,-0.0570506683686132,0.0672299942786753,0.0053043465196089,238,8,4,0,68,0.003645851648012564
9577,-0.1915753643229443,0.0989257685072682,0.0171674774280745,238,6,7,1,34,0.0042053397344584634
9578,0.0081197035776335,0.0665591267781111,0.0024895825042204,238,10,4,0,104,0.004355003298635465
9579,-0.3007836045810729,0.1031342306947604,0.0779495664024948,238,4,8,5,7,0.0005043244782029964
9580,0.2612133460979328,0.0429126665995783,0.0199829737850414,238,15,2,1,18,0.00142560135977588
9581,-0.1512250469808176,0.0865708765546918,0.0021880000442991,238,7,6,0,105,0.004915439800339099
9582,-0.3163138673190794,0.0988488722361143,0.016506339719921,238,3,7,1,24,0.003043892917955284
9583,-0.0300322660709853,0.1085678292388858,0.0873669321492323,238,9,8,5,17,0.0009574163963989238
9584,0.1853348934510512,0.1268546614060543,0.1411820788228948,238,13,10,9,7,0.0002713035225251719
9585,-0.2594404850547813,0.0894791328857178,0.0426590602730478,238,4,6,2,8,0.0013129152342475894
9586,0.2921320426904938,0.0367695333397736,0.0101309054415945,238,15,1,0,37,0.0012568719412054995
9587,0.0822252951813636,0.1142155579479576,0.0803807914251597,238,11,9,5,1,0.00045568597015578904
9588,0.1454100627592809,0.0832902931222044,0.0669557526428819,238,12,6,4,12,0.0010868341343686872
9589,0.0748501932418537,0.0603856122769723,0.0066812385028983,238,11,3,0,87,0.0035031944625956886
9590,-0.2830549941495585,0.1279336568382357,0.0383308166716609,238,4,10,2,20,0.0013956950402149748
9591,-0.1656915930929333,0.0847244155154807,0.0030186961820254,238,6,6,0,123,0.0049806266057812725
9592,-0.1910789632308619,0.1221734070213252,0.0211502604410015,238,6,10,1,6,0.0008437369395171136
9593,0.1370421586356061,0.0600658973517711,0.0102559506277674,238,12,3,0,112,0.0033545247846789965
9594,0.1106619863135127,0.0967734691981185,0.0821417524282334,238,12,7,5,15,0.0009148081068238731
9595,-0.4729638690919405,0.1317215676169078,0.008930199954354,238,0,11,0,17,0.0009954726964181157
9596,0.2766726943942133,0.0399823187703635,0.0029318452644184,238,15,1,0,37,0.0012568719412054995
9597,-0.0118781689891146,0.0581962326656763,0.0072901421295065,238,9,3,0,38,0.002541755274822797
9598,-0.0832890118072545,0.0938367501016945,0.0434232787543265,238,8,7,2,16,0.002126815195695619
9599,-0.11718611495231,0.1484758563619363,0.1656114873678803,238,7,12,10,4,0.000298775384959031
9600,-0.0195369286955288,0.0751883714829313,0.0262480467498091,238,9,5,1,43,0.0042530637397620065
9601,0.1291706556040137,0.0890555323356834,0.1008349001176489,238,12,6,6,4,0.0005522044263716744
9602,-0.2385916391873204,0.103503852528596,0.0109977308276815,238,5,8,0,70,0.004087396103385501
9603,-0.4670070559869517,0.1180697580583549,0.0403833061479827,238,0,9,2,1,0.0004577450899179661
9604,-0.3085841931709392,0.112879223350316,0.0333856370238464,238,3,9,2,13,0.0019644862268845802
9605,-0.3057476155018969,0.0983838010821688,0.0174639340683192,238,3,7,1,24,0.003043892917955284
9606,-0.3943906676594688,0.125703754983929,0.0517787325902145,238,2,10,3,13,0.0008397115748875404
9607,-0.2107931780307059,0.0801163992829748,0.0129737144964312,238,5,5,0,48,0.002829270609622204
9608,-0.338013686487253,0.0886801764094243,0.0097235861025261,238,3,6,0,36,0.0023601621856203458
9609,0.0091125057617983,0.0616056615510959,0.0110104565968338,238,10,4,0,104,0.004355003298635465
9610,-0.2326348260823316,0.0826445500693566,0.0118138519559956,238,5,6,0,104,0.004457874728275953
9611,-0.3525511470410948,0.1072784828318216,0.0086246366520856,238,3,8,0,100,0.004333383064151017
9612,-0.3866609935113285,0.123060966168964,0.0031673849576966,238,2,10,0,64,0.0027862606231091225
9613,-0.2174591355529553,0.1108637840676971,0.0266978933917279,238,5,9,1,21,0.0025129596142606752
9614,0.2151189589759954,0.038897571337736,0.0068665544969188,238,14,1,0,22,0.0012417306714709786
9615,-0.0531503740736801,0.1397526795227329,0.154620650373762,238,8,12,10,6,0.00034424055238717175
9616,-0.1573946034109846,0.0911700106564415,0.058958797957957,238,6,7,3,27,0.001618208133972155
9617,0.0613764493139027,0.0634855617756326,0.0024395513568288,238,11,4,0,96,0.0038563263286608743
9618,0.07527567989221,0.0683821132574802,0.0021216856739544,238,11,4,0,96,0.0038563263286608743
9619,0.3685778108711838,0.0441819543323195,0.0265111463068899,238,17,2,1,8,0.0006741744902410895
9620,-0.3389355742296918,0.1220870939043412,0.0160054283862319,238,3,10,1,18,0.0022729880349347505
9621,-0.194908343084069,0.1043998358720769,0.107704477500373,238,6,8,7,2,0.0003294171465109094
9622,-0.2510725809311065,0.0933713812670343,0.0576655114505799,238,5,7,3,14,0.0013318451260624542
9623,-0.352763890366273,0.105840650557717,0.0099900919824638,238,3,8,0,100,0.004333383064151017
9624,-0.3937524376839343,0.1138737820022934,0.0189231789689412,238,2,9,1,29,0.003099733513643377
9625,-0.1318654043896039,0.0979205557586471,0.0179614423369393,238,7,7,1,42,0.0036960149974717034
9626,-0.3926178066163173,0.0935682671685765,0.0284847617400924,238,2,7,1,15,0.002041776405580754
9627,-0.0067014147431124,0.068563002339927,0.0225601146217706,238,9,4,1,19,0.003555003348932449
9628,-0.1319363188313299,0.098895120256694,0.0326809353113357,238,7,7,2,26,0.002471827272074585
9629,0.3454597028684891,0.0442140090660866,0.0178443567031361,238,16,2,1,18,0.0010750831663844517
9630,0.3032656100414849,0.134760227003378,0.1851160393448562,238,16,11,12,2,7.200823205999936e-05
9631,-0.2453285111512959,0.1067154188742866,0.0238241587125247,238,5,8,1,31,0.003710872647041985
9632,-0.1253412757508066,0.0636854007653568,0.0093411589531857,238,7,4,0,53,0.0027892752163863077
9633,-0.1931354820409176,0.0946216359358665,0.0530292214332991,238,6,7,3,27,0.001618208133972155
9634,-0.3566641846612062,0.1031071098612385,0.0018690396565502,238,2,8,0,89,0.003550440087193625
9635,0.0503847108463638,0.0700693505227176,0.0143604583503496,238,11,4,0,96,0.0038563263286608743
9636,-0.0178349820941034,0.0958907054289542,0.0255322350756249,238,9,7,1,14,0.0019806186229034644
9637,-0.233131227174414,0.0872896379651263,0.005895478250681,238,5,6,0,104,0.004457874728275953
9638,-0.0230117363401056,0.0875922122559727,0.0436017916049272,238,9,6,2,24,0.002447719255977075
9639,0.1107329007552387,0.0737718424352204,0.0313602346065096,238,12,5,2,36,0.001907366235161121
9640,-0.2158281033932559,0.1154655722650301,0.0721288827049913,238,5,9,4,13,0.001032141634315045
9641,0.1056979753926887,0.0717769308283517,0.0186928898970101,238,12,5,1,16,0.0020170201009321654
9642,-0.2159699322767081,0.0734298716466366,0.0056268389120252,238,5,5,0,48,0.002829270609622204
9643,-0.0455625288089919,0.124676521278427,0.1247027375932811,238,9,10,8,11,0.000620914219708723
9644,-0.2634116937914406,0.1098197416775176,0.0039441000325956,238,4,8,0,91,0.004483419991872029
9645,-0.2139134134666524,0.0930572869511674,0.0129858090038911,238,5,7,0,118,0.004976576343704583
9646,0.183774775733078,0.0780580518922132,0.068404897822682,238,13,5,4,7,0.0009341215253479416
9647,0.0830762684820763,0.0629864310067732,0.0043173624601017,238,11,4,0,96,0.0038563263286608743
9648,-0.2407899868808282,0.0960648050570668,0.0285870302959564,238,5,7,1,30,0.0042669011761406455
9649,0.2090203169875544,0.1143991435127773,0.1571095902862977,238,14,9,10,1,0.00014158904588463188
9650,0.2468177144275431,0.0817589119478269,0.0904869550783871,238,14,6,5,8,0.000589510168062825
9651,-0.0533631173988582,0.0666143344020913,0.0024772451953457,238,8,4,0,68,0.003645851648012564
9652,-0.2005105839804276,0.1173377371908526,0.0959374599358346,238,6,9,6,15,0.0008086379587624537
9653,-0.3945324965429209,0.1106864146914909,0.003555475899235,238,2,9,0,92,0.0036402965216667748
9654,0.1215118958975995,0.0533598029834228,0.001833873083155,238,12,3,0,112,0.0033545247846789965
9655,-0.4431798035669963,0.1124021679711522,0.005878461096589,238,1,9,0,77,0.0026736108853416024
9656,-0.3225543381909725,0.1357048647700552,0.0396040497268101,238,3,11,2,9,0.0009388176885971226
9657,0.09506080913378,0.067848480186299,0.0375207647080937,238,11,4,2,22,0.0021938763198335637
9658,0.2303655639470977,0.0705859026507404,0.0891905719895253,238,14,4,5,2,0.00032881304514410385
9659,-0.0279048328192036,0.0684781649547698,0.0044925870666612,238,9,4,0,110,0.004292388740450521
9660,-0.0486118498032124,0.0828972424770994,0.0507088396953118,238,9,6,3,22,0.0016882375614213183
9661,-0.2716377690316632,0.1288353699311303,0.1162674031563582,238,4,10,7,8,0.0003930764567582636
9662,0.2071765415026769,0.1023660829374847,0.1015376949135586,238,14,8,6,3,0.0003235593656642082
9663,0.0280466617026557,0.0584160204855807,0.0110156476106958,238,10,3,0,83,0.003204714279147116
9664,-0.4213381555153706,0.0993628016704749,0.0025438681379322,238,1,7,0,16,0.001358025859596965
9665,0.1605857532886572,0.0664913888113438,0.0273925808693673,238,13,4,1,27,0.002211503016508247
9666,-0.3731872495833775,0.1085259595908467,0.0128449040841624,238,2,8,0,89,0.003550440087193625
9667,-0.3149664929262843,0.1034551765611731,0.0139062932605182,238,3,8,0,100,0.004333383064151017
9668,-0.2140552423501045,0.1227880889071487,0.0830606252866487,238,5,10,5,8,0.0006782364706724274
9669,-0.2583767684288904,0.1049805122315212,0.0150042700804337,238,4,8,0,91,0.004483419991872029
9670,0.0109562812466758,0.0840844922923078,0.0445408205361054,238,10,6,2,24,0.0021178534085580414
9671,-0.1370421586356061,0.0847520240841066,0.0424770937623763,238,7,6,2,17,0.002531552152626628
9672,0.0133673722653618,0.1368651208215784,0.137879448714862,238,10,11,9,6,0.00043913256019940705
9673,-0.3529057192497251,0.1098710750828699,0.0008409920375197,238,3,9,0,69,0.003704547569987754
9674,-0.140658795163635,0.0929987331957177,0.0374939714305366,238,7,7,2,26,0.002471827272074585
9675,-0.4367975038116511,0.1063176491326927,0.0060200739451785,238,1,8,0,39,0.0022015621544169703
9676,-0.3792149771300924,0.106166340297096,0.00145001648018,238,2,8,0,89,0.003550440087193625
9677,0.0872602205439137,0.0950014513844866,0.0912146399567646,238,11,7,5,17,0.0010146204443782594
9678,-0.1802290536467751,0.1016226579331535,0.0175449446388206,238,6,8,1,25,0.003122502696240139
9679,-0.4509803921568627,0.1160016518913455,0.0025251437745647,238,1,9,0,77,0.0026736108853416024
9680,-0.1133567350991029,0.100959754980431,0.0679643222279911,238,7,8,4,14,0.0012485724446440057
9681,-0.3146119207176541,0.1261589365260413,0.0141495512026292,238,3,10,0,24,0.002332232535430932
9682,-0.17150657731447,0.0993039761431814,0.0278944276164388,238,6,7,1,34,0.0042053397344584634
9683,-0.2280253873701379,0.1030447081362778,0.0219348061306367,238,5,8,1,31,0.003710872647041985
9684,0.0245009396163528,0.0901211552321231,0.0790594372659414,238,10,6,5,3,0.0007147983172792249
9685,-0.3536148636669857,0.1043727708894731,0.0335658174405866,238,3,8,2,16,0.0019253882281921957
9686,-0.2697939935467858,0.1180558665775002,0.0285644992251064,238,4,9,1,33,0.00306687553510888
9687,-0.0547104917916533,0.0848234435216784,0.0071927452265752,238,8,6,0,87,0.004426521123504939
9688,-0.0463425876679785,0.1093085896348673,0.115921977640094,238,9,8,7,3,0.0005512950923242114
9689,0.0937134347409849,0.0707789204070765,0.0156525684709689,238,11,4,1,35,0.00355858256828443
9690,0.0036520937488919,0.0661306519481509,0.0093849130084782,238,10,4,0,104,0.004355003298635465
9691,0.2435556501081444,0.0556876823522181,0.0199632360884314,238,14,3,1,20,0.0018794301899020256
9692,0.1717902350813742,0.052724236932441,0.0042922088967607,238,13,3,0,68,0.0026935169555837167
9693,-0.1456228060844591,0.0904011443230836,0.0478700929707883,238,7,7,3,28,0.0017006627136119561
9694,0.1281069389781229,0.0749436673026667,0.0328885408473474,238,12,5,2,36,0.001907366235161121
9695,-0.3117753430486118,0.119026559772194,0.0748840706155128,238,3,9,4,9,0.0007424086181865663
9696,-0.1187462326702832,0.0615853910926982,0.0256678329957644,238,7,4,1,13,0.002255601474021136
9697,-0.0615182781973548,0.1110374773123485,0.1033443592327423,238,8,9,6,16,0.0008557918870896612
9698,-0.1732794383576215,0.0832500830170828,0.0018473007461221,238,6,6,0,123,0.0049806266057812725
9699,0.1910080487891358,0.0541442699825889,0.028299655670726,238,13,3,1,35,0.0025669641651229784
9700,0.2262525263269864,0.0410660734777864,0.0274477893554614,238,14,1,1,3,0.0009831670284962486
9701,-0.1649824486756727,0.0781726471879585,0.047674389522659,238,6,5,3,2,0.0006127305846040711
9702,-0.2790837854128993,0.1082383523402063,0.0348313807488837,238,4,8,2,18,0.0022378626382709432
9703,-0.0387547424032904,0.1365733108472668,0.1377363525432886,238,9,11,9,6,0.0004840266587636239
9704,0.1831365457575434,0.0525757404219672,0.0175633670219089,238,13,3,1,35,0.0025669641651229784
9705,0.4599156118143458,0.0220648277175319,0.0024540912626917,238,19,0,0,3,0.00015691009787453854
9706,0.3901358011559053,0.0604407369276153,0.0645610579275342,238,17,3,4,5,0.00034222055867331655
9707,0.0174094954437471,0.1362500629082642,0.1602185764396902,238,10,11,10,4,0.00035652994478835683
9708,0.17888167925398,0.0938095166540839,0.0806706936098708,238,13,7,5,8,0.0006818188256363926
9709,0.0894585682374215,0.0867696390234918,0.0587337951081774,238,11,6,3,17,0.0015177436956017969
9710,-0.0537176896074885,0.0797556763616666,0.0266403293954466,238,8,5,1,45,0.004231983686421704
9711,-0.1799453958798709,0.0829176848458421,0.0374712071829369,238,6,6,2,15,0.0022845815446225454
9712,0.1575364322944367,0.0394236213402469,0.0205431819696284,238,13,1,1,2,0.0008244084127391237
9713,0.1084636386200049,0.0557450980204097,0.0053429061848325,238,12,3,0,112,0.0033545247846789965
9714,0.3267382902528099,0.0583191929100779,0.0626295462148455,238,16,3,4,2,0.0003993162401680013
9715,0.0516611707974328,0.0640445375575763,0.0120085767408118,238,11,4,0,96,0.0038563263286608743
9716,0.2633407793497145,0.0658714288300636,0.0476675676721407,238,15,4,3,9,0.000828693471620224
9717,0.0466971598766088,0.0997457796548378,0.0870202794548408,238,10,7,5,11,0.0009860863442663005
9718,-0.1775343048611849,0.1104751988950349,0.023714883818182,238,6,9,1,16,0.0018103153645663555
9719,0.0106017090380455,0.1202377314296481,0.115629025055887,238,10,10,7,5,0.0005980529516655343
9720,-0.1600893521965748,0.0777897197839637,0.0034968344956081,238,6,5,0,87,0.0037737578394178533
9721,-0.1156259972343367,0.0765724116746691,0.0333296433146029,238,7,5,2,14,0.0019215935290123082
9722,-0.2141970712335567,0.0962750680656947,0.0110784172998911,238,5,7,0,118,0.004976576343704583
9723,-0.2624898060490018,0.0957699495650856,0.0050934500100017,238,4,7,0,120,0.004630464276693427
9724,-0.4331808672836222,0.1366558730484041,0.0028250392295339,238,1,11,0,44,0.0016412330933814783
9725,0.0488955075701166,0.0868993391745095,0.0199499576444646,238,11,6,1,6,0.0015417227136870053
9726,-0.409495443747119,0.1114924103757195,0.0034422576185339,238,1,9,0,77,0.0026736108853416024
9727,-0.1909371343474098,0.0795959489895995,0.0032039500790457,238,6,5,0,87,0.0037737578394178533
9728,-0.424245647626139,0.1248427415004054,0.060631795933504,238,1,10,3,5,0.0005293482145357204
9729,-0.4497748466475197,0.1013459956837583,0.0315956894079644,238,1,8,2,5,0.0007883316021379651
9730,0.0101762223876892,0.0503235181801393,0.0068863388186182,238,10,2,0,8,0.001419379660470872
9731,0.127114136793958,0.07516924517496,0.0503757240986087,238,12,5,3,24,0.001508498782464373
9732,-0.1522178491649824,0.0957231133085216,0.0072950968127385,238,7,7,0,75,0.003922112144946418
9733,0.3242562847923979,0.0803288239570236,0.0947189423108218,238,16,5,6,1,0.00024994339332441934
9734,-0.1783852781618976,0.0811516912680832,0.0018987336788192,238,6,6,0,123,0.0049806266057812725
9735,-0.1388859341204836,0.0818038550866599,0.0019313078311949,238,7,6,0,105,0.004915439800339099
9736,0.0325851859731234,0.0690945020372591,0.0012306463140722,238,10,4,0,104,0.004355003298635465
9737,-0.3854554480019855,0.1087605313436535,0.0052849954540892,238,2,8,0,89,0.003550440087193625
9738,-0.1425734850902386,0.0718828522781594,0.0404525904380907,238,7,5,2,14,0.0019215935290123082
9739,-0.1132149062156508,0.0933513605840937,0.0496009605236573,238,7,7,3,28,0.0017006627136119561
9740,0.0627238237066978,0.055960761391844,0.0149969586726331,238,11,3,0,87,0.0035031944625956886
9741,0.1869659256107506,0.0567741498595713,0.0192014383031116,238,13,3,1,35,0.0025669641651229784
9742,0.1371130730773321,0.080689864949688,0.0291819564510202,238,12,6,1,3,0.0009062404731633645
9743,0.2083111725702938,0.0732306589816606,0.0505203953585321,238,14,5,3,12,0.0009060017775838139
9744,-0.3873701379285891,0.1230391980845412,0.0020351926211644,238,2,10,0,64,0.0027862606231091225
9745,-0.4260894231110165,0.1307155759069207,0.0048313754212801,238,1,11,0,44,0.0016412330933814783
9746,-0.0798851186044037,0.169145149224024,0.2047109446501452,238,8,15,13,1,0.00012698330220093938
9747,-0.2510725809311065,0.0920160690905412,0.0022747908679343,238,5,7,0,118,0.004976576343704583
9748,-0.2129206112824876,0.1247630423762927,0.102693155017845,238,5,10,6,10,0.000633513591100095
9749,-0.4040350317342126,0.114543657771345,0.0114345901271942,238,2,9,0,92,0.0036402965216667748
9750,0.3829734425415735,0.0251181230850887,0.0063373204711522,238,17,0,0,15,0.0005505446427089447
9751,0.3121299152572421,0.0385367219077021,0.0019099369442163,238,16,1,0,44,0.0011029673443555539
9752,-0.0561287806261745,0.1222250160802011,0.1199087666545451,238,8,10,7,10,0.0007142533272646659
9753,-0.1747686416338687,0.0748408237657973,0.0189371531905048,238,6,5,1,15,0.003066965874110903
9754,-0.1198808637379002,0.1030308589006757,0.0657179674132668,238,7,8,4,14,0.0012485724446440057
9755,0.3762365705775981,0.0976597644059281,0.1320438945217492,238,17,7,8,3,0.00014657644319547534
9756,0.0980392156862744,0.0571844038398926,0.020234407455681,238,12,3,1,38,0.0029775459777509877
9757,-0.0513775130305286,0.0688313114051302,0.0087095032928776,238,9,4,0,110,0.004292388740450521
9758,0.006275928092756,0.0741415737647592,0.0433873951385418,238,10,5,2,36,0.0025029702124330115
9759,0.3000744601638123,0.0410479020584866,0.0033663173934065,238,16,1,0,44,0.0011029673443555539
9760,-0.3843208169343686,0.1123885422185464,0.0168058509166214,238,2,9,1,29,0.003099733513643377
9761,-0.1793071659043363,0.1079258388027086,0.0779372006004515,238,6,8,5,7,0.0008740556127774582
9762,0.0436478388823883,0.1046037101694857,0.0771422798272281,238,10,8,5,11,0.0009142347313185025
9763,0.073999219941141,0.1224983070177156,0.0943197325953789,238,11,10,6,4,0.00036090419472760893
9764,-0.0205297308796936,0.0667015502035087,0.0032671002332184,238,9,4,0,110,0.004292388740450521
9765,-0.2224940609155054,0.0953500445921123,0.0101177426735733,238,5,7,0,118,0.004976576343704583
9766,-0.3217742793319859,0.0940389817532388,0.0014699483536951,238,3,7,0,83,0.0037735571101525844
9767,-0.1664716519519199,0.0760061586543604,0.0066132800443546,238,6,5,0,87,0.0037737578394178533
9768,0.2495833776548593,0.1332640789516436,0.1673683844996844,238,15,11,10,2,0.00010516221894142988
9769,-0.1530688224656951,0.1188454946424175,0.082458977112448,238,7,9,5,11,0.0009668215948625848
9770,0.0823671240648157,0.0530162486478634,0.003577110567446,238,11,3,0,87,0.0035031944625956886
9771,0.088820338261887,0.1385851131243554,0.1683188651058027,238,11,11,11,3,0.00024518281115416834
9772,-0.1140658795163634,0.0819336844451771,0.0325449502270751,238,7,6,2,17,0.002531552152626628
9773,-0.4745239868099138,0.1376166766983185,0.0028180615828037,238,0,11,0,17,0.0009954726964181157
9774,0.1166897138602276,0.0683694258143334,0.0077775962199344,238,12,4,0,46,0.003005418736203267
9775,-0.1218664681062298,0.1127347219416614,0.0636427105370652,238,7,9,4,17,0.0009932687448377788
9776,-0.4694890614473637,0.1254759808557075,0.0123478246594479,238,0,10,0,21,0.001299022135957822
9777,0.1589547211289578,0.0533424866247053,0.0170496670994009,238,13,3,1,35,0.0025669641651229784
9778,-0.2990816579796475,0.1118689496696131,0.0189895647163014,238,4,9,1,33,0.00306687553510888
9779,0.0636457114491366,0.0639875639824273,0.0051106476073024,238,11,4,0,96,0.0038563263286608743
9780,-0.0327270148565755,0.0635815476616052,0.0021002865124244,238,9,4,0,110,0.004292388740450521
9781,-0.2058291671098819,0.1013301432047136,0.0363012569565874,238,5,8,2,23,0.0023032056205181664
9782,0.1064780342516753,0.0651624293351356,0.0462190213165167,238,12,4,3,6,0.0012563024102635314
9783,0.29723788249477,0.0554910723783536,0.0366437745882404,238,15,3,2,24,0.0010910017256819872
9784,0.1069744353437577,0.0538549597871003,0.0070698040453964,238,12,3,0,112,0.0033545247846789965
9785,-0.1252703613090806,0.0735170790029779,0.0044879162796082,238,7,5,0,86,0.004462857898018962
9786,-0.3209942204729993,0.1041996474291403,0.0143288291063204,238,3,8,0,100,0.004333383064151017
9787,0.0116654256639364,0.0698135943250639,0.0042400442518175,238,10,4,0,104,0.004355003298635465
9788,0.0435769244406623,0.0678015949879298,0.0012624533259247,238,10,4,0,104,0.004355003298635465
9789,-0.0927915469985462,0.0818562145206914,0.0348883144563616,238,8,6,2,25,0.0025738901815202356
9790,0.1249157891004502,0.0642950504705148,0.0096237623596087,238,12,4,0,46,0.003005418736203267
9791,-0.0429386944651278,0.0688444759153179,0.0383339986584044,238,9,4,2,7,0.0017571644385362929
9792,-0.2003687550969754,0.0925615322222461,0.0016406846707304,238,6,7,0,96,0.004713885748433999
9793,-0.2560365918519306,0.0861747695747269,0.0029917840537768,238,4,6,0,60,0.003468743098616289
9794,-0.273836116725171,0.1057208146234703,0.023063613270081,238,4,8,1,31,0.003922345351422437
9795,-0.162855015423891,0.112821584560346,0.1225081800011729,238,6,9,8,2,0.0003156565913807848
9796,-0.0336489025990142,0.1488099253297611,0.176036431507104,238,9,12,11,3,0.00029032917748615585
9797,-0.1891642733042584,0.0958550416548647,0.0312628349082331,238,6,7,2,22,0.002576945851115547
9798,0.0773321987022657,0.0671395150839856,0.009686015569684,238,11,4,0,96,0.0038563263286608743
9799,-0.0576888983441477,0.1081111115363523,0.0559904587041506,238,8,8,3,12,0.0012201196394973663
9800,-0.1561890579016416,0.0872703145206169,0.001160297892672,238,6,6,0,123,0.0049806266057812725
9801,-0.3196468460802042,0.1240852174370418,0.0218685912761702,238,3,10,1,18,0.0022729880349347505
9802,-0.1387441052370314,0.1364186143679604,0.1431903287464564,238,7,11,9,3,0.00040889610074816595
9803,-0.1486721270786795,0.0746653972636943,0.0553778225555422,238,7,5,3,4,0.0008451255099507304
9804,-0.1683154274367974,0.1106793284062917,0.013157329296902,238,6,9,0,20,0.0017687167254327434
9805,0.0993156756373435,0.0914945577241297,0.0778094546551689,238,12,7,5,15,0.0009148081068238731
9806,0.1410842818139914,0.0689584974429703,0.0639243403570322,238,12,4,4,2,0.0006014229267436562
9807,0.0704534978548381,0.0682926969999592,0.037250945533773,238,11,4,2,22,0.0021938763198335637
9808,-0.1634932453994255,0.1164637135316805,0.0073633218633435,238,6,9,0,20,0.0017687167254327434
9809,-0.0214516186221323,0.09167172732661,0.015413906862262,238,9,7,0,7,0.0018091093679902578
9810,-0.318157642803957,0.097508385218548,0.0180493992556986,238,3,7,1,24,0.003043892917955284
9811,-0.4376484771123639,0.1204542290738978,0.0051286083029793,238,1,10,0,58,0.0024176974686684533
9812,-0.2849696840761621,0.1116695351676895,0.0022439905407773,238,4,9,0,63,0.0032442879918447966
9813,-0.2336985427082225,0.0732313437309039,0.0042028151418381,238,5,5,0,48,0.002829270609622204
9814,-0.2951813636847143,0.098799123085965,0.0467229335364876,238,4,7,3,4,0.0009756250289295255
9815,-0.0337907314824664,0.0693579529643656,0.0184803935269519,238,9,4,1,19,0.003555003348932449
9816,-0.2409318157642803,0.0879196682824607,0.0122846322576375,238,5,6,0,104,0.004457874728275953
9817,0.0935716058575328,0.0602870961642411,0.0013243991951246,238,11,3,0,87,0.0035031944625956886
9818,-0.0588944438534907,0.08577737301953,0.0070723407289011,238,8,6,0,87,0.004426521123504939
9819,0.0705244122965641,0.0661110514310568,0.0115138387093538,238,11,4,0,96,0.0038563263286608743
9820,-0.2802184164805162,0.1269161696535002,0.1122221946427876,238,4,10,7,8,0.0003930764567582636
9821,0.4521859376662057,0.040508509189821,0.0251650827953662,238,19,1,1,3,0.00015661013839677086
9822,-0.1830656313158174,0.0758559518969157,0.0183471432709473,238,6,5,1,15,0.003066965874110903
9823,-0.2135588412580222,0.1065523235060959,0.0046278949299202,238,5,8,0,70,0.004087396103385501
9824,0.0707371556217423,0.0604986036201202,0.0296882505888354,238,11,3,1,20,0.0029229560613640614
9825,0.1703010318051271,0.0473949464128425,0.0017227125366305,238,13,2,0,51,0.002201728852969309
9826,-0.2456121689182001,0.1034171794777738,0.0575953917800575,238,5,8,3,9,0.0014604412928409406
9827,-0.1927099953905612,0.0817043413956167,0.0064237018528237,238,6,6,0,123,0.0049806266057812725
9828,0.2856079140516965,0.0532805406026173,0.032458285068494,238,15,3,2,24,0.0010910017256819872
9829,0.3385100875793355,0.0448580351098491,0.037596180534673,238,16,2,2,9,0.0007651371141647444
9830,-0.0058504414423997,0.0711111846984962,0.0241960429806033,238,9,5,1,43,0.0042530637397620065
9831,-0.1042087721164414,0.0788666918101851,0.0115364649807099,238,7,5,0,86,0.004462857898018962
9832,-0.4770059922703257,0.1182056978753738,0.0113037759807373,238,0,9,0,7,0.0012448062716174599
9833,-0.0627238237066978,0.0796438629459521,0.0078671701399004,238,8,5,0,118,0.004884276702473828
9834,0.1459064638513633,0.0767411474495281,0.03058356879664,238,12,5,1,16,0.0020170201009321654
9835,-0.409495443747119,0.1449910046431493,0.0153818988331294,238,1,12,0,17,0.000821500086197717
9836,-0.2261106974435343,0.1178912598295653,0.0183297877718533,238,5,9,1,21,0.0025129596142606752
9837,0.0376910257773995,0.0528390898098523,0.0055627761013801,238,10,3,0,83,0.003204714279147116
9838,-0.2054745949012516,0.1431248639363375,0.0732539038811366,238,5,12,4,5,0.00019108164082033287
9839,0.0808070063468425,0.0855060692824854,0.0776091459774653,238,11,6,5,8,0.0008399858394636375
9840,0.0610927915469985,0.0817871746274092,0.0445273320773534,238,11,6,2,17,0.001619547454591884
9841,-0.1105910718717866,0.073165290687692,0.007816633781305,238,7,5,0,86,0.004462857898018962
9842,-0.1917171932063964,0.1101706894472084,0.0736608504934555,238,6,9,4,19,0.0010847483299686014
9843,-0.057972556111052,0.0630888377196023,0.006727112136156,238,8,4,0,68,0.003645851648012564
9844,-0.4543133709179873,0.1226436652492436,0.0213645858381452,238,1,10,1,22,0.002079606064659946
9845,-0.2390880402794028,0.1279791738563758,0.0441323163673724,238,5,10,2,11,0.0011077952279815915
9846,-0.196184803035138,0.0896145020913084,0.0159340473904607,238,6,6,1,30,0.004217975956735463
9847,0.0766939687267311,0.0879575625101044,0.037690259601389,238,11,6,2,17,0.001619547454591884
9848,-0.4068006949615288,0.1388758393467559,0.0536164291366709,238,1,11,3,4,0.000463981698067669
9849,-0.1286742545119313,0.1132433096002251,0.0704018633312181,238,7,9,4,17,0.0009932687448377788
9850,-0.0939261780661631,0.0954436912541147,0.0964449265488792,238,8,7,6,6,0.0005008773063975063
9851,-0.1602311810800269,0.0944734120498154,0.001497356753971,238,6,7,0,96,0.004713885748433999
9852,-0.2630571215828103,0.1256953348724127,0.0342068981790546,238,4,10,2,20,0.0013956950402149748
9853,0.2447611956174874,0.0757144132938837,0.0709092398215742,238,14,5,4,19,0.0007926131938837975
9854,-0.218381023295394,0.0963516751228576,0.0104457940114544,238,5,7,0,118,0.004976576343704583
9855,0.1057688898344147,0.0887811720300283,0.0701708369831741,238,12,6,4,12,0.0010868341343686872
9856,-0.24057724355565,0.0872216642080903,0.0084000947590582,238,5,6,0,104,0.004457874728275953
9857,-0.0239336240825444,0.0903224599023378,0.0445146976398787,238,9,6,2,24,0.002447719255977075
9858,-0.0459880154593482,0.074966046376278,0.0016094741076687,238,9,5,0,128,0.00475484797010613
9859,0.0831471829238024,0.0717470199047151,0.0017843019440985,238,11,5,0,31,0.0026768986373174324
9860,-0.0732900755238804,0.08570724373705,0.0733703359732504,238,8,6,4,7,0.000892123422850631
9861,-0.3042584122256497,0.13178074257771,0.033134871151073,238,4,11,2,6,0.0007756277380663139
9862,-0.3778676027372973,0.1151888734534946,0.0082514033399539,238,2,9,0,92,0.0036402965216667748
9863,-0.2810693897812289,0.0970970482795209,0.044496524417095,238,4,7,2,14,0.001988598870210548
9864,-0.3960926142608941,0.0936470771178146,0.0081289762574926,238,2,7,0,52,0.002597604187038845
9865,0.0949189802503279,0.1385791081008311,0.1734500527419181,238,11,11,11,3,0.00024518281115416834
9866,0.2589440839626989,0.0435837191207954,0.0090445743037006,238,15,2,0,32,0.001490183960655832
9867,0.0743537921497712,0.1319636458307523,0.1479747870176695,238,11,11,9,5,0.0003710717706472742
9868,0.1378931319363188,0.1402141280509419,0.1705179030575589,238,12,12,11,8,0.00027290090825336647
9869,0.1496649292628443,0.1493550297296933,0.1941138213751386,238,13,13,12,4,0.00011959051088271212
9870,0.1461901216182675,0.0673927167213409,0.0271304661968391,238,12,4,1,39,0.0030492137784899846
9871,-0.1027904832819203,0.0797692227429529,0.0169479548357828,238,8,5,1,45,0.004231983686421704
9872,0.0095379924121547,0.058426795803401,0.0066885968467245,238,10,3,0,83,0.003204714279147116
9873,-0.2193738254795589,0.0840552106454195,0.0267812637919688,238,5,6,1,26,0.0036553501392859243
9874,0.1037832854660851,0.048613001831412,0.0066437424043589,238,12,2,0,34,0.0021758371823757663
9875,-0.2449030245009395,0.1692579010850513,0.2009439705734403,238,5,15,13,3,0.00010939307179713742
9876,-0.3426940396411729,0.1120931785809682,0.0006495968325901,238,3,9,0,69,0.003704547569987754
9877,-0.4154522568521078,0.1250536421807416,0.0148962760697452,238,1,10,0,58,0.0024176974686684533
9878,-0.2177427933198595,0.089205351648391,0.0196543556866216,238,5,6,1,26,0.0036553501392859243
9879,-0.3445378151260503,0.0874742807380716,0.0035909835270331,238,3,6,0,36,0.0023601621856203458
9880,-0.3592171045633442,0.1092894055732245,0.0305147729587048,238,2,8,1,13,0.002881514397028944
9881,0.2551147041094918,0.0536839748053753,0.0280971722958428,238,15,3,1,9,0.0012431228036498937
9882,-0.3915540899904264,0.1117274216420577,0.009481501636143,238,2,9,0,92,0.0036402965216667748
9883,-0.2091621458710065,0.1114467399967951,0.0817029174531924,238,5,9,5,9,0.0008369087035700342
9884,0.3444669006843243,0.0883951285324642,0.1032260107618067,238,16,6,6,11,0.0003094723533780408
9885,-0.3725490196078431,0.1038761108626013,0.0023329467678915,238,2,8,0,89,0.003550440087193625
9886,-0.0547104917916533,0.079673670882952,0.000629411635918,238,8,5,0,118,0.004884276702473828
9887,-0.3189377016629436,0.1129353290054036,0.0425290644766314,238,3,9,2,13,0.0019644862268845802
9888,0.0944225791582455,0.0508136081691541,0.0107922356524765,238,11,2,0,18,0.0018657310811233557
9889,-0.2822040208488458,0.0843392700017204,0.0047818413157003,238,4,6,0,60,0.003468743098616289
9890,0.1749104705173208,0.0652157765732963,0.0474402463552213,238,13,4,3,11,0.001202520299529772
9891,-0.30964790979683,0.1084965278272184,0.0041335011538466,238,3,8,0,100,0.004333383064151017
9892,0.0737155621742367,0.08373435088023,0.056604613581526,238,11,6,3,17,0.0015177436956017969
9893,-0.0303868382796156,0.0644474392222152,0.0275495933530479,238,9,4,1,19,0.003555003348932449
9894,-0.1966102896854944,0.0807113611703499,0.0051168620343028,238,6,6,0,123,0.0049806266057812725
9895,-0.2656100414849484,0.1131794866789588,0.0141181503804178,238,4,9,0,63,0.0032442879918447966
9896,0.0786086586533347,0.0621181125705393,0.0035913697902396,238,11,4,0,96,0.0038563263286608743
9897,-0.208453001453746,0.1437678988073131,0.0766304455578172,238,5,12,5,1,0.00017032021542653014
9898,-0.3004290323724425,0.1074363412209097,0.0087582084894264,238,4,8,0,91,0.004483419991872029
9899,0.107329007552388,0.1654761033231077,0.213492967224529,238,12,14,14,3,9.768675654613066e-05
9900,0.050668368613268,0.0657535384278235,0.0236716971762042,238,11,4,1,35,0.00355858256828443
9901,-0.0132255433819097,0.0677047526436338,0.0265134609945716,238,9,4,1,19,0.003555003348932449
9902,-0.3959507853774421,0.0864839696567984,0.0048583199687251,238,2,6,0,18,0.0013709358574978201
9903,-0.0268411161933127,0.0973790190129366,0.0430572580500503,238,9,7,2,11,0.0016985259845621217
9904,-0.3875119668120412,0.1089519875166093,0.0025787755864679,238,2,8,0,89,0.003550440087193625
9905,0.0797432897209516,0.0453101876606278,0.007616314427071,238,11,2,0,18,0.0018657310811233557
9906,-0.254050987483601,0.0887670848845572,0.001886024597594,238,5,6,0,104,0.004457874728275953
9907,-0.4134666524837783,0.1052387930200803,0.0020412087194143,238,1,8,0,39,0.0022015621544169703
9908,-0.3785058327128319,0.1332843045611352,0.0467564277308095,238,2,11,3,9,0.0006486389337313848
9909,-0.0505265397298159,0.0688421164153768,0.0023111741944317,238,9,4,0,110,0.004292388740450521
9910,0.0381165124277559,0.0679486935982588,0.005573666011443,238,10,4,0,104,0.004355003298635465
9911,0.1853348934510512,0.0758664368419771,0.0561586906068135,238,13,5,3,23,0.0012615436760510372
9912,0.0169840087933907,0.0736847244792425,0.005606078370469,238,10,5,0,75,0.003855261700858351
9913,-0.3365244832110058,0.1153643510586641,0.0032282954268706,238,3,9,0,69,0.003704547569987754
9914,0.0482572775945821,0.0648162694491221,0.0026601581115978,238,11,4,0,96,0.0038563263286608743
9915,-0.1437790305995815,0.0857038749859943,0.0331861084932515,238,7,6,2,17,0.002531552152626628
9916,-0.0830762684820763,0.1864948832236307,0.2420536399711924,238,8,16,15,2,7.787942197325448e-05
9917,-0.2301528206219196,0.0991890046942042,0.0008263612457012,238,5,7,0,118,0.004976576343704583
9918,-0.1800163103215969,0.1277807434103638,0.0985947065184555,238,6,10,6,6,0.00072903327134395
9919,-0.1861149523100379,0.0981896291784864,0.0016500167990555,238,6,7,0,96,0.004713885748433999
9920,-0.2004396695387015,0.0959790576696332,0.0454731654518805,238,6,7,2,22,0.002576945851115547
9921,0.0652767436088359,0.118350181892661,0.1075585153368714,238,11,9,7,12,0.0006903861115693627
9922,-0.2631989504662624,0.091314680787606,0.00306512330499,238,4,7,0,120,0.004630464276693427
9923,0.0657731447009183,0.1486188064810817,0.1852348788150748,238,11,12,12,3,0.00020743537965298086
9924,0.1273977945608623,0.0498783148603799,0.0184015705883494,238,12,2,1,6,0.001757520113939135
9925,-0.329291210154948,0.1387845695328519,0.1184233560391075,238,3,11,7,5,0.0002334922392009761
9926,-0.184980321242421,0.1047494196846592,0.0359687945404634,238,6,8,2,12,0.0021300057737232703
9927,-0.1717902350813742,0.0903052920426332,0.0334692880671097,238,6,6,2,15,0.0022845815446225454
9928,-0.0859837605928447,0.0836868307108359,0.0090555483496799,238,8,6,0,87,0.004426521123504939
9929,-0.1084636386200049,0.0891981066401834,0.0244235696668115,238,7,6,1,35,0.004354591136495643
9930,0.2071056270609509,0.1174189189933353,0.1479953038080709,238,14,9,9,4,0.00023796974491760575
9931,-0.0671914335354394,0.0900888095122944,0.016725799570298,238,8,6,1,32,0.004098846777087474
9932,0.2526326986490798,0.07055678420299,0.0557314318413228,238,15,4,3,9,0.000828693471620224
9933,0.1605857532886572,0.0449450857481999,0.00284832240188,238,13,2,0,51,0.002201728852969309
9934,0.0214516186221323,0.088568842308087,0.0547034448176596,238,10,6,3,31,0.0017261073251220965
9935,-0.1334964365493032,0.0907827440058213,0.0032152101050926,238,7,7,0,75,0.003922112144946418
9936,-0.1781016203949934,0.1009201034554162,0.0194182159464456,238,6,8,1,25,0.003122502696240139
9937,0.3290075523880437,0.0624431247710126,0.0576149135686104,238,16,4,3,14,0.0006512937333475906
9938,0.0783959153281565,0.0747669719418736,0.0022333264173446,238,11,5,0,31,0.0026768986373174324
9939,-0.182640144665461,0.0829685050160597,0.0066595721627827,238,6,6,0,123,0.0049806266057812725
9940,-0.0441442399744707,0.0855570123394204,0.0105537886220941,238,9,6,0,67,0.003528788865454604
9941,0.3464525050526539,0.0540537996030797,0.0410759043678142,238,16,3,2,22,0.0008277185805572241
9942,0.2834804807999148,0.039182462564718,0.0262910168231347,238,15,1,1,5,0.0010291882921139705
9943,0.0040066659575222,0.0620353987435426,0.0028665677607832,238,10,4,0,104,0.004355003298635465
9944,-0.1425734850902386,0.1083402096000281,0.1105613487150876,238,7,8,7,4,0.0004435380672483119
9945,-0.1303052866716306,0.0790813472515973,0.0224691354904139,238,7,5,1,35,0.003768331523905521
9946,0.0052831259085912,0.0729046592019407,0.0171806898990984,238,10,5,1,35,0.003681177079075407
9947,-0.0760557387511966,0.082207112905058,0.0014614425018041,238,8,6,0,87,0.004426521123504939
9948,-0.1366166719852497,0.09594939502016,0.0345889515269089,238,7,7,2,26,0.002471827272074585
9949,0.2327766549657837,0.0442979448961753,0.0226343534123837,238,14,2,1,18,0.0017176569679600764
9950,-0.0873311349856398,0.093037650109358,0.0254923191158156,238,8,7,1,25,0.0028794895434652297
9951,-0.2515689820231889,0.1088802740117322,0.0445686886234575,238,5,8,2,23,0.0023032056205181664
9952,0.1261922490515193,0.0488436375534398,0.0046870773320625,238,12,2,0,34,0.0021758371823757663
9953,-0.0430096089068538,0.1242093309179888,0.1183398457915377,238,9,10,7,8,0.0006540394776902086
9954,0.3312768145232776,0.1673409689097645,0.2374631084380057,238,16,14,15,1,1.8431771942856093e-05
9955,-0.3512037726482998,0.1058099667843543,0.0014246544048432,238,3,8,0,100,0.004333383064151017
9956,-0.1832074601992695,0.1076451461470826,0.0288394909615313,238,6,8,1,25,0.003122502696240139
9957,-0.0986065312200829,0.0763002686284445,0.0008727372347989,238,8,5,0,118,0.004884276702473828
9958,0.3275183491117965,0.0397061134991038,0.0032209647555144,238,16,1,0,44,0.0011029673443555539
9959,-0.2700067368719639,0.0907391937738681,0.0190500468778324,238,4,7,1,28,0.0038455970181802803
9960,0.1397369074211963,0.0817233679678662,0.0513605672742662,238,12,6,3,15,0.0012031467636487892
9961,-0.2395844413714852,0.0866716110452776,0.0022024436888349,238,5,6,0,104,0.004457874728275953
9962,-0.1513668758642697,0.0781885882969009,0.0042087704745113,238,7,5,0,86,0.004462857898018962
9963,0.2564620785022869,0.0424638282130779,0.0009997349333454,238,15,2,0,32,0.001490183960655832
9964,-0.2054036804595255,0.1100842913586221,0.0494822649179224,238,5,9,3,11,0.0012722922549661209
9965,-0.2058291671098819,0.1385940244072971,0.1478958713046818,238,5,11,9,2,0.00025321217627473667
9966,-0.0866929050101052,0.087008066680286,0.0015091797391174,238,8,6,0,87,0.004426521123504939
9967,0.1037123710243591,0.059394603594153,0.0009927339094748,238,12,3,0,112,0.0033545247846789965
9968,0.3283693224125092,0.0431563836644198,0.0310491526094273,238,16,2,2,9,0.0007651371141647444
9969,-0.1578200900613409,0.0961905509297864,0.0502590442901833,238,6,7,3,27,0.001618208133972155
9970,-0.2905719249725206,0.1134518145835946,0.0092133174344178,238,4,9,0,63,0.0032442879918447966
9971,-0.0237917951990922,0.0885158967628283,0.0209272757537114,238,9,6,1,35,0.003457223377569426
9972,0.2887990639293691,0.0360611891511262,0.0090564197298994,238,15,1,0,37,0.0012568719412054995
9973,-0.2324220827571534,0.0959692970300922,0.0168183368740166,238,5,7,1,30,0.0042669011761406455
9974,0.035776335850796,0.0705747942109599,0.0182589213666458,238,10,4,1,35,0.00376178763264307
9975,0.0803106052547601,0.2169812862466492,0.2971637885366939,238,11,19,19,2,2.2172401597928893e-05
9976,-0.315746551785271,0.1006262616259051,0.0322702309256247,238,3,8,2,16,0.0019253882281921957
9977,0.1005212211466865,0.077510436929484,0.0429285223951099,238,12,5,2,36,0.001907366235161121
9978,-0.1285324256284792,0.0816062860897846,0.0187937017058779,238,7,6,1,35,0.004354591136495643
9979,0.0121618267560188,0.0765004853820641,0.0349992315951332,238,10,5,2,36,0.0025029702124330115
9980,0.0816579796475552,0.1137432562979399,0.1165020629595976,238,11,9,7,12,0.0006903861115693627
9981,0.1239939013580115,0.0942313892714873,0.0703394309848895,238,12,7,4,6,0.0008233196115806856
9982,-0.4192107222635889,0.1087646429789536,0.0036063603757058,238,1,8,0,39,0.0022015621544169703
9983,0.180158139205049,0.1285287833402904,0.1493155949599525,238,13,10,9,7,0.0002713035225251719
9984,-0.2473141155196255,0.1270628401264346,0.0300287865772375,238,5,10,1,9,0.0013273729928213807
9985,0.1537779668829557,0.0516923397368095,0.0075838889900882,238,13,3,0,68,0.0026935169555837167
9986,0.2893663794631776,0.0489551723817678,0.0052392877566736,238,15,2,0,32,0.001490183960655832
9987,0.2031344183242917,0.0502214291790136,0.0073072260099987,238,14,2,0,63,0.001936958343928828
9988,-0.249157891004503,0.0973060477390252,0.0009093711189082,238,5,7,0,118,0.004976576343704583
9989,-0.0140765166826224,0.0767245079861586,0.0239943138403444,238,9,5,1,43,0.0042530637397620065
9990,-0.173917668333156,0.0965927899446503,0.0174271468541966,238,6,7,1,34,0.0042053397344584634
9991,-0.1883842144452717,0.0770586695452297,0.006524666132858,238,6,5,0,87,0.0037737578394178533
9992,0.2068928837357727,0.0478953864728419,0.0239068289564289,238,14,2,1,18,0.0017176569679600764
9993,-0.3197886749636563,0.1007796625485234,0.0017728707895784,238,3,8,0,100,0.004333383064151017
9994,-0.4030422295500478,0.1120925407899472,0.0415760911604826,238,2,9,2,15,0.001644406735155633
9995,-0.305889444385349,0.0992416341349095,0.0012022875575244,238,3,7,0,83,0.0037735571101525844
9996,0.1170442860688579,0.2012968586074768,0.2806533077164254,238,12,18,18,1,1.8636361730516382e-05
9997,-0.0963372690848491,0.114124595263575,0.0546284272932952,238,8,9,3,10,0.0007271692680472435
9998,0.1981704074034677,0.0389344445250247,0.0060644784959208,238,14,1,0,22,0.0012417306714709786
9999,-0.1156259972343367,0.086118469125947,0.0069689887401438,238,7,6,0,105,0.004915439800339099
